{
  "n_samples": 7154,
  "mae_myr": 80.07824970368735,
  "median_ae_myr": 12.95260238647461,
  "rmse_myr": 201.46702308065602,
  "log_mae_dex": 0.16372138720369164,
  "log_bias_dex": 0.00466558139291408,
  "log_scatter_dex": 0.35203077270701083,
  "correlation": 0.8085534830267574
}