{
  "n_samples": 7156,
  "mae_myr": 176.96513282874832,
  "median_ae_myr": 63.81269836425781,
  "rmse_myr": 293.5582800595104,
  "log_mae_dex": 0.34875802204320994,
  "log_bias_dex": 0.007486002507285678,
  "log_scatter_dex": 0.49152048051585173,
  "correlation": 0.569355308829471
}