{
  "n_samples": 2494,
  "mae_myr": 76.10466490883013,
  "median_ae_myr": 11.18690149307251,
  "rmse_myr": 203.57309920399845,
  "log_mae_dex": 0.16945668767433436,
  "log_bias_dex": 0.012783213322064264,
  "log_scatter_dex": 0.34755433036053623,
  "correlation": 0.81556344396962
}