GaiaDR3_ID,tic_id,sector,fold,y_true_raw,y_pred_raw,y_true_transformed,y_pred_transformed
4931155036049677312,100100909,2,2,20.665735035019505,1.4369028800306944,1.3152508567977852,0.15742741525173187
4931155036049677312,100100909,3,2,12.66138078967129,1.5310062555499881,1.1024810703444632,0.1849769651889801
4931155036049677312,100100909,29,2,2.50813123586211,1.6713027938945626,0.3993502568475178,0.2230551391839981
4931155036049677312,100100909,30,2,2.903116146349198,1.5985402636282853,0.46286441120525745,0.20372357964515686
2903814611300494720,100481123,5,3,16.74013461326882,1.3888256007543902,1.2237589459848865,0.14264771342277527
2903814611300494720,100481123,6,3,2.5011192490737137,1.575451616194645,0.3981343986397612,0.19740507006645203
2903814611300494720,100481123,32,3,1.453660986722803,1.6849519441784293,0.16246313502203039,0.22658751904964447
2903814611300494720,100481123,33,3,8.661476602376691,1.4545360681885282,0.9375919365437385,0.16272449493408203
2900935402664303616,100510452,5,3,3.224027749105195,1.3141588781799611,0.5083987711080534,0.11864787340164185
2900935402664303616,100510452,6,3,17.90927410172164,1.7164536275472722,1.2530779833919932,0.23463207483291626
2900935402664303616,100510452,32,3,9.06411515804894,1.3649458262022516,0.9573254145282777,0.13511541485786438
2900935402664303616,100510452,33,3,13.378659246168937,1.2270465137366182,1.1264125924178736,0.08886102586984634
2902648338701768192,100608178,5,0,4.594365455408231,1.402895049969945,0.6622255378669665,0.1470251828432083
2902648338701768192,100608178,6,0,3.5127368106323806,1.6356268494102741,0.5456456117983071,0.21368423104286194
2902648338701768192,100608178,32,0,5.649063365973302,1.5268629489349455,0.7519764462778746,0.18380005657672882
2902648338701768192,100608178,33,0,0.5663499616766762,1.4033953099372476,-0.24691512454089182,0.14718002080917358
4836484576636946560,101100599,3,1,0.0311893618502075,1.5384592630890404,-1.5059935110321718,0.18708600103855133
4836484576636946560,101100599,4,1,0.5996992100819099,1.4375239217016333,-0.2220665232104008,0.1576150804758072
4836484576636946560,101100599,30,1,0.1289296901483273,1.4382743720852749,-0.8896470610576557,0.1578417420387268
4836484576636946560,101100599,31,1,0.7395500423896473,1.4300184970107892,-0.13103243370444992,0.15534165501594543
217737528896201088,101134075,58,1,0.1797644462952232,1.4597819833280845,-0.7452961986129626,0.1642879992723465
218164723524007552,101219463,58,2,0.0924990829307004,1.506943328877381,-1.0338625729918935,0.1780969202518463
4981632377929981056,101963752,2,2,12.396886241053654,1.3522095548728814,1.0933126159571471,0.13104400038719177
4981632377929981056,101963752,29,2,2.006831201308007,1.3551968033472954,0.30251084462328226,0.13200236856937408
5366026728248566912,102974776,63,1,25.658287333626426,1.3244169942067732,1.40922766426109,0.12202474474906921
5416221633076680320,103107644,9,1,3.596858832664658,1.5539266290477964,0.555923393226395,0.19143050909042358
5367692557081429760,103246522,63,2,0.0604096359957233,1.3892895253338475,-1.218893781147293,0.14279276132583618
5367716437099612544,103246633,63,3,0.7904862972104683,1.514100528372007,-0.10210565400180328,0.1801547110080719
501985336493825792,103565448,19,3,5.620493802131721,1.411497385449651,0.7497744732416458,0.14968007802963257
501985336493825792,103565448,25,3,1.9230356882870336,1.3767491957620204,0.28398734408367315,0.13885483145713806
501985336493825792,103565448,26,3,0.1985336276009758,1.210022869281193,-0.7021659219253603,0.08279357850551605
501985336493825792,103565448,52,3,12.237092035943787,1.5685876559608398,1.0876782264053286,0.19550879299640656
501985336493825792,103565448,53,3,4.056318840484357,1.5275290042288783,0.6081320846932993,0.18398946523666382
501985336493825792,103565448,59,3,4.028482665241008,1.4315608724296738,0.605141499193578,0.15580981969833374
2059315807751116032,103617858,14,1,75.18462058576543,1.4377412559664593,1.8761290124291048,0.15768073499202728
440285588669406336,104029867,58,2,22.606257024257403,1.6174683656632554,1.3542286610504892,0.20883579552173615
249009220140976128,104195810,59,1,0.1796212098439711,1.5191067973524464,-0.7456423827336551,0.1815883070230484
5416606290347735040,105710145,9,1,6.145181396325287,1.5144570553130974,0.7885347071183841,0.18025696277618408
5416606290347735040,105710145,36,1,19.694409485698788,1.554722056725039,1.2943429635179837,0.19165275990962982
5416606290347735040,105710145,63,1,6.287570897884332,1.3062865540317707,0.7984828951433235,0.11603845655918121
6170609308353405312,112176566,11,2,13.377045843976552,1.4708117998712562,1.126360215426295,0.16755710542201996
6170609308353405312,112176566,38,2,6.154039835359603,1.356075396629372,0.7891603031270502,0.13228383660316467
508850446589797376,11244460,52,2,0.0726323352495437,1.6744403517168274,-1.1388699923292196,0.2238696813583374
2851052759133803776,113603123,57,3,12.853056132687389,1.7385023296749131,1.1090064042241166,0.2401752769947052
67724697887107200,113918237,42,1,10.421438872927078,1.1526786894227172,1.0179276855116115,0.06170826405286789
67724697887107200,113918237,44,1,4.581721351872777,1.6165060519443248,0.6610286730192698,0.20857733488082886
64597927335800064,113918514,42,2,0.1444060909682165,1.397660387700954,-0.8404144880814974,0.14540165662765503
64272128296706432,113922031,44,0,0.0603811137175881,1.544179720918066,-1.2190988807640277,0.18869784474372864
67747615832673408,113922821,42,4,2.595941650108596,1.5378015799567688,0.4142949264485728,0.1869003027677536
67747615832673408,113922821,44,4,76.8591399901781,1.5710118089861012,1.8856955206486312,0.19617944955825806
68192093408157568,113923240,42,1,16.64277309966955,1.5855956711710895,1.2212256922396831,0.20019245147705078
67736070960579072,113951451,44,2,7.056503745580302,1.507059049158068,0.8485895763920129,0.17813026905059814
64574352259640192,113951846,42,1,26.339410343767636,1.453646550780525,1.4206060482524023,0.16245882213115692
56950239849717248,113953280,43,2,1.558905743034212,1.3486110587170643,0.19281985699920484,0.1298867166042328
64250477365329536,113955012,42,3,7.285090910948459,1.2979396360176227,0.862434975718488,0.11325449496507645
64250477365329536,113955012,43,3,3.1533963108577403,1.3859294135092333,0.4987785552079917,0.14174111187458038
64250477365329536,113955012,44,3,4.821871655867996,1.3699967590440203,0.6832156465453515,0.13671953976154327
67732257029618048,113955775,42,0,1.1700329695325042,1.6757808995174839,0.06819809959599102,0.2242172360420227
67732257029618048,113955775,43,0,4.427192927600752,1.5334247311774372,0.6461284480160625,0.18566246330738068
67732257029618048,113955775,44,0,2.153738910038852,1.7514152009668058,0.3331930542070629,0.24338911473751068
67756789882795008,113955896,42,3,2.58042094009348,1.5411472207005297,0.4116905575322545,0.18784412741661072
67756789882795008,113955896,44,3,31.854991717485447,1.4562573755520214,1.5031774964985551,0.16323813796043396
68141408498321280,113956279,43,1,4.28015787056491,1.3725735690786753,0.6314597879502617,0.13753563165664673
64276315888567424,113978010,42,1,3.669638818578371,1.3523415113107942,0.564623321250047,0.13108637928962708
64276315888567424,113978010,43,1,2.351969027564598,1.426149174958387,0.3714315983367739,0.15416495501995087
64276315888567424,113978010,44,1,0.125429114020063,1.6596567726829345,-0.9016016453975993,0.22001828253269196
64259518272776576,113980856,44,4,40.708398957133646,1.649965554777246,1.6096840221102922,0.21747487783432007
68174191984522368,113981932,42,1,28.599916070144957,1.4144514671727613,1.456364758642106,0.1505880504846573
68174191984522368,113981932,43,1,1.3297350035238875,1.3910840555599255,0.12376510113696904,0.14335337281227112
68174191984522368,113981932,44,1,33.67671645739834,1.2424551050237922,1.5273297403706418,0.09428070485591888
68147391388599808,113981961,42,1,4.721058474292352,1.542608155184943,0.6740393795681393,0.18825562298297882
68147391388599808,113981961,43,1,2.6472277352230766,1.5057483311429725,0.4227913043146996,0.17775239050388336
68147391388599808,113981961,44,1,0.9567973249038828,1.5966141821836481,-0.01918004759177052,0.20319998264312744
68145776480904064,113981991,43,2,3.150200855001205,1.5535071869257255,0.49833824503968066,0.1913132667541504
68120728231661824,113982102,42,0,7.04603279238947,2.0955142197664802,0.8479446600658673,0.32129061222076416
68120728231661824,113982102,43,0,0.0516778316880404,1.6834493107249031,-1.2866957168720004,0.22620004415512085
68120728231661824,113982102,44,0,7.228476581860154,1.8055714752447356,0.8590467783726764,0.25661468505859375
64734709159049600,113982234,44,3,34.59072184130778,1.6358178379623016,1.5389596249928459,0.2137349396944046
64720625961541120,113982283,42,1,11.23659166266832,1.5053374516009095,1.050634598905019,0.1776338666677475
64720625961541120,113982283,43,1,36.134606712101935,1.4055141103382227,1.5579233322325654,0.14783520996570587
64720625961541120,113982283,44,1,30.47403697863625,1.5526080710478585,1.4839299902060041,0.1910618394613266
64656201452146304,113982460,44,0,2.316096165795655,1.5975647638068715,0.36475658761470303,0.20345847308635712
64600813554014592,113982669,42,0,3.4767763796022373,1.565780223281631,0.5411767584923103,0.19473080337047577
64600813554014592,113982669,43,0,1.5250758654383512,1.4987257423931755,0.1832914483527889,0.1757221668958664
64600813554014592,113982669,44,0,7.569180956414133,1.6460970806407793,0.8790488880398146,0.21645544469356537
64297485783636352,114028702,42,1,8.849461552893144,1.3869628851704348,0.9469168467745126,0.14206483960151672
64297485783636352,114028702,44,1,33.899787332591224,1.3446842299078372,1.5301969737024386,0.12862031161785126
64653383953596032,114029066,44,3,4.249757923675069,1.2869065727619606,0.6283641923076394,0.10954701900482178
64720179284934016,114029273,43,1,1.719788873479971,1.460687433743817,0.23547513486653726,0.1645572930574417
64720179284934016,114029273,44,1,1.2475091503597824,0.1507710723311296,0.09604373981541679,-0.8216819763183594
65096899456994304,114029316,42,4,1.0266438372561169,1.5495926742310553,0.011419804510721252,0.19021755456924438
65096899456994304,114029316,43,4,27.718773260832172,1.6379249052165814,1.442774005959958,0.21429398655891418
65108714911246720,114029325,42,3,8.134041524189243,1.346582105019196,0.9103063851426064,0.12923283874988556
65112739296356608,114029415,42,0,36.95997108449827,1.4050310284637713,1.567731622779461,0.1476859152317047
65112739296356608,114029415,43,0,3.986725024594426,1.173408221336555,0.6006162822087755,0.06944912672042847
68170721650939264,114029659,42,2,43.95286804573381,1.3680768203363043,1.6429872192458888,0.13611048460006714
68170721650939264,114029659,43,2,9.765520742028386,1.8802652750007935,0.9896954068004731,0.2742191255092621
68170721650939264,114029659,44,2,12.786791796728313,1.65891773680685,1.1067615937551936,0.21982485055923462
68129764842889600,114029810,43,0,0.0172014237186175,1.8746216775915474,-1.764435606141838,0.2729136347770691
65125864716379264,114029855,42,0,0.2523029985915511,1.767299528503501,-0.5980775879127647,0.24731016159057617
65125864716379264,114029855,43,0,0.1403662767736284,1.4703918875519633,-0.8527372196301755,0.16743309795856476
65125864716379264,114029855,44,0,0.0376911659223044,1.4838453531904852,-1.4237604280640224,0.171388640999794
65125452399528320,114029882,42,1,0.1624792522625601,1.6179517080681451,-0.7892020882430286,0.20896555483341217
65125452399528320,114029882,43,1,3.8388610070159888,1.6090913436457395,0.5842023879760248,0.20658069849014282
65125452399528320,114029882,44,1,2.5845155106204967,1.5568656294715812,0.4123791428711616,0.19225113093852997
65119164567417856,114029971,42,4,0.0266155888790696,1.5308156336925898,-1.5748639204699537,0.18492288887500763
65098514364769408,114030043,42,1,12.496590584479277,1.6223199281703338,1.0967915416228213,0.2101365029811859
65098514364769408,114030043,43,1,20.037281209584844,1.6141744650353844,1.3018387932542157,0.20795047283172607
65098514364769408,114030043,44,1,35.113438326255384,1.4018130556678345,1.5454733578905175,0.14669010043144226
64667535869958784,114030193,44,2,9.917063937383569,1.6398091657029998,0.9963831132297154,0.21479330956935883
64665203703566848,114030226,44,1,44.29619248684612,2.043631284433012,1.646366397712507,0.3104025423526764
64445988572906752,114030453,42,3,1.1326432973658556,1.6752426893178864,0.05409315931034297,0.2240777313709259
64445988572906752,114030453,43,3,5.641625370428052,1.3499119416503746,0.7514042436488884,0.1303054392337799
64445988572906752,114030453,44,3,4.100800440523442,1.3318047690010608,0.6128686354937217,0.12444056570529938
64232271000313472,114030857,43,3,2.62609880482813,1.533538433446709,0.41931106203693275,0.18569466471672058
64215125490886656,114030914,44,2,2.012897800374876,1.5081685635423543,0.3038217252811114,0.17844988405704498
63430967542044800,114059158,42,3,0.2420124813884154,1.5916299378180738,-0.6161622354314127,0.20184209942817688
63430967542044800,114059158,43,3,0.2010149833521272,1.439937058167121,-0.6967715697206788,0.15834350883960724
63430967542044800,114059158,44,3,0.1256005689666932,1.219679642760486,-0.9010083932537943,0.08624577522277832
64401389632616960,114059619,44,1,11.765463229796586,1.3569930641302033,1.0706090308902012,0.13257762789726257
64642801154268672,114059821,42,4,13.021514985157944,1.400452690558394,1.1146615150630697,0.14626844227313995
64644484781444864,114059861,43,4,0.2309493221126708,1.5433439869621257,-0.6364833081659016,0.1884627342224121
64644484781444864,114059861,44,4,0.7024787901480749,1.5644202056847971,-0.15336678382246938,0.19435341656208038
65047043476608128,114060078,42,0,0.8805593655044281,2.106142677304415,-0.055241359467424866,0.323487788438797
65047043476608128,114060078,44,0,2.7563404815240635,1.756757741085919,0.4403328634945932,0.24471187591552734
65101606741121792,114060141,44,2,26.606550794402548,1.6684770174573171,1.4249885773679878,0.22232022881507874
65107860213588096,114060200,42,3,0.2086309896295025,1.4156055318428828,-0.6806211818851301,0.15094225108623505
65107860213588096,114060200,44,3,0.4698315264601351,1.0941158002174718,-0.32805784471403154,0.039063289761543274
65150947325369600,114060377,42,0,0.0427533147550028,1.5895437022989223,-1.3690302078598249,0.20127247273921967
65150947325369600,114060377,43,0,0.0165383909840364,1.5686125748704685,-1.7815067451308468,0.1955156922340393
65150947325369600,114060377,44,0,0.0285070178174378,1.5059743781941681,-1.5450482128263678,0.17781758308410645
68152820227358720,114060387,42,0,12.277926690383971,1.5887161772744947,1.0891250359463178,0.20104631781578064
68152820227358720,114060387,43,0,1.924489342012634,1.5201294173312312,0.28431551027710583,0.18188056349754333
68152820227358720,114060387,44,0,19.869974172449137,1.4893754643548163,1.2981973026020088,0.17300419509410858
68162028637205888,114060454,42,4,2.744674312885158,1.5739594151389913,0.43849081781763893,0.19699352979660034
68162028637205888,114060454,43,4,2.534154577872839,1.6811777123478928,0.4038331023665601,0.22561362385749817
68162028637205888,114060454,44,4,3.351547603428518,1.4748942949543966,0.5252453922392196,0.16876089572906494
65151531440914560,114060582,42,0,0.0999293488087086,1.3562212249856103,-1.0003069426672753,0.1323305368423462
65151531440914560,114060582,43,0,0.0846345261313818,1.3855234664007932,-1.0724524330665777,0.1416138857603073
65153833543386624,114060609,43,2,0.8751788603666234,1.0968245730589172,-0.057903181112339844,0.04013717174530029
65153833543386624,114060609,44,2,3.665024893547548,1.5214496781791682,0.5640769287980524,0.18225759267807007
65147099034671104,114060627,44,0,0.0886447314663061,1.364833010365741,-1.0523470712656042,0.1350795179605484
65147438335354624,114060639,44,1,4.354826432298436,1.3935410594360473,0.6389708502742943,0.1441197693347931
65131121756446592,114060720,42,2,5.035265760014578,1.405419544561381,0.7020223974441392,0.14780598878860474
65131121756446592,114060720,44,2,0.6099519314671938,1.358300447857146,-0.21470438912220613,0.1329958438873291
65052953351603456,114060900,43,1,0.0323735789712772,1.267495599574827,-1.4898092857208056,0.1029464602470398
65052639818118400,114060909,43,0,6.243363692424197,1.5709856661093131,0.7954186344687486,0.19617222249507904
65042439271761280,114060967,44,4,3.022496276800028,1.5365885438927211,0.48036577455639967,0.1865575909614563
65040686925109760,114060999,43,1,3.4955696081908454,1.5135126657070583,0.543517954770615,0.17998605966567993
65040686925109760,114060999,44,1,2.8761695801239595,1.4320411360086407,0.45881448864439295,0.1559554934501648
65026839950559744,114061043,42,2,0.0987916211601166,1.3630031755297307,-1.005279887783167,0.13449686765670776
65026839950559744,114061043,44,2,0.3072397409587377,1.3802815407774038,-0.5125226097251369,0.139967679977417
64453887017111808,114061192,43,3,0.6739730689818938,1.2430256055890216,-0.17135745691606025,0.09448007494211197
64453685154291968,114061203,43,3,2.4872599620909375,1.2637926877673096,0.39572117899787196,0.1016758382320404
64453685154291968,114061203,44,3,40.370036870415944,1.0923985489855466,1.606059146056608,0.03838111460208893
63391178965446656,114083477,43,0,10.287645753574402,1.6487187442476585,1.0123160012725418,0.21714657545089722
64449321467581056,114084177,42,4,3.0676543281915003,1.674766021567439,0.48680642052569767,0.22395414113998413
64449321467581056,114084177,43,4,9.488230997104733,1.5456599173130046,0.9771852493282317,0.18911394476890564
64449321467581056,114084177,44,4,13.074884294972144,1.4914840033454067,1.1164378543058535,0.1736185997724533
64449729487990912,114084192,42,4,0.0227657271506557,1.5885792521833808,-1.642718473514199,0.2010088860988617
64449729487990912,114084192,43,4,0.0817624985107251,1.545702238572418,-1.087445845770498,0.18912583589553833
64449729487990912,114084192,44,4,0.0580256555352457,1.2350198783533293,-1.2363799444742551,0.09167394787073135
64450283540250240,114084199,42,1,0.0834092284242946,1.4505362524008691,-1.0787858962204806,0.1615285873413086
64450283540250240,114084199,43,1,0.051917018042144,1.771066620170295,-1.2846902600642598,0.24823489785194397
64450283540250240,114084199,44,1,0.0207765326801508,1.4571824885968896,-1.6824269285556657,0.1635139435529709
64456262134709376,114084277,42,2,0.2456013137672522,1.3746338557770892,-0.6097693144024412,0.13818703591823578
64456262134709376,114084277,43,2,3.472174068305809,1.33880721537463,0.5406014892607128,0.12671804428100586
65027905102436608,114084456,42,4,0.2262477292625115,1.3747363970194124,-0.6454157709015875,0.1382194310426712
65027905102436608,114084456,43,4,2.2752849704838747,1.699202285593883,0.35703579807358515,0.23024508357048035
65027905102436608,114084456,44,4,0.2511342591788191,1.6303551159055152,-0.6000940377553429,0.2122822105884552
65053915424355584,114084607,42,2,1.573873518248078,1.3549865538157013,0.19696982806494243,0.1319349855184555
65053915424355584,114084607,43,2,14.474921654426838,1.3941566578741453,1.1606162217851606,0.1443115770816803
65134592089910656,114084814,43,4,21.05688969844055,1.4893650906348084,1.3233942221884325,0.17300117015838623
65134592089910656,114084814,44,4,4.486532058053099,1.5444692982287762,0.6519107753046122,0.18877927958965302
65161250950264192,114084989,42,3,32.53958179151016,1.355698428090481,1.5124119669534346,0.13216309249401093
65161250950264192,114084989,43,3,1.713305364522097,1.4004512009719663,0.23383477470390374,0.14626798033714294
65161250950264192,114084989,44,3,9.31901862973027,2.579865017902953,0.9693701799362282,0.41159698367118835
65155856471318912,114085080,43,2,4.76174415010537,1.8382818745720864,0.6777660569272234,0.2644121050834656
65136791113382912,114085193,43,3,22.214841372311604,1.3667153832420318,1.346643216457119,0.13567808270454407
65136791113382912,114085193,44,3,19.23210620168638,1.2197495738793072,1.2840268485484678,0.08627067506313324
65135176205557888,114085225,42,3,2.3752364439368048,1.4638463193009141,0.3757068481444173,0.16549548506736755
65135176205557888,114085225,43,3,4.66571348557339,1.2009062409687552,0.6689180659075915,0.07950910180807114
65135176205557888,114085225,44,3,22.260752637664748,1.3065811907468237,1.3475398437749213,0.11613640189170837
65129506848731136,114085232,42,0,0.3858657764990487,1.441494830086919,-0.4135637384970635,0.15881308913230896
65129506848731136,114085232,43,0,0.263442895437022,1.4101448468605635,-0.5793135090445125,0.14926372468471527
65129506848731136,114085232,44,0,0.0379131207336092,1.4639073455415128,-1.4212104661247529,0.16551358997821808
65079788307324672,114085299,42,0,3.154868802073646,1.3791012884785705,0.4989813034469719,0.13959616422653198
65079788307324672,114085299,43,0,32.68236480067027,1.535998116173595,1.5143134732803571,0.186390683054924
65079788307324672,114085299,44,0,17.475757684827897,1.595884546676322,1.242436014243544,0.203001469373703
65038281743395584,114085393,42,3,4.156103088994189,1.4132535859861504,0.6186863113649428,0.1502200961112976
65037731987586304,114085414,42,2,3.698477860849153,1.5321578976461143,0.5680230233516149,0.18530352413654327
64438184617001472,114085761,44,2,3.6081490723462446,1.558442255743207,0.5572844723177843,0.19269071519374847
64346070453848320,114086003,42,4,0.8594989850685807,1.4667603832016016,-0.06575463180924428,0.16635917127132416
64346070453848320,114086003,44,4,1.1067692159420446,1.5698344635428003,0.04405707102147247,0.19585385918617249
64331123967672448,114086074,43,0,39.66125611369486,1.5229781589592508,1.5983664646501106,0.18269367516040802
64331123967672448,114086074,44,0,1.396374616793292,1.4428320409094677,0.14500194563712795,0.1592157781124115
63449521800719488,114165905,44,1,32.39113496983145,1.502441234481011,1.510426165747106,0.17679749429225922
64818203322590208,114166586,42,1,7.745277143179147,1.462741355878476,0.8890369623921868,0.16516754031181335
64836349560719232,114166622,42,1,8.932991474519572,1.4516645204977292,0.9509969195064505,0.16186626255512238
64836349560719232,114166622,43,1,2.025213697803457,1.6077990140290126,0.30647085613349656,0.2062317579984665
64840541448791424,114166657,42,2,0.9133048218636036,1.6685277967045844,-0.039384249454656024,0.22233344614505768
64840541448791424,114166657,43,2,48.05059694845339,1.9383294943513565,1.681698787422023,0.2874276041984558
64841503521468544,114166663,42,3,3.3596872474530324,1.5446374528449438,0.5262988508936559,0.1888265609741211
64841503521468544,114166663,43,3,0.5474692600341521,1.4984677236598591,-0.2616402610948507,0.17564739286899567
64841503521468544,114166663,44,3,15.980573501600842,1.3687692717412558,1.2035923609674182,0.136330246925354
64843805623922688,114166696,43,3,2.927679436723487,1.518340739692248,0.4665235223577935,0.18136924505233765
65237911823760640,114167104,42,0,3.726692735374457,1.0916797405622758,0.5713235867886166,0.038095250725746155
65237911823760640,114167104,44,0,13.831074295457077,1.5100670116319053,1.1408559141996206,0.1789962202310562
2349094158814399104,114501073,30,1,0.8179029357168447,0.9825457550462717,-0.08729823298368672,-0.007647216320037842
4960784984632471424,115379421,30,4,2.9735235439513654,1.6575792471455588,0.47327138153301945,0.21947430074214935
436047310642418176,116615215,58,4,13.63690153527407,1.5038083580565278,1.1347157047050205,0.17719249427318573
6001046782665412480,1166537543,38,2,18.338866291297823,1.3461407092732578,1.2633724840792542,0.12909045815467834
439681991144937216,116722982,58,2,44.656152114233976,1.8671940346805478,1.6498812985036546,0.27118945121765137
436179290697325824,116755714,58,0,3.8684482353016536,1.6167249841590825,0.5875367898266131,0.20863614976406097
436253851328943104,116848291,58,0,0.0260908271292431,1.7530977152069012,-1.583512152713804,0.2438061237335205
436195096176878592,116989163,18,3,3.927032092587692,1.4576524924566723,0.594064450436905,0.16365399956703186
436195096176878592,116989163,58,3,18.329967087883045,1.3161667736199345,1.2631616851715122,0.11931092292070389
436802645068907008,117118743,58,0,0.2063379169941377,1.5036668328926217,-0.685420958026765,0.177151620388031
436309342307271808,117261990,58,3,14.715236957404263,1.6240650334036881,1.1677672598752864,0.21060341596603394
436365692276945792,117264320,58,1,1.4740194801540885,1.4471398743883248,0.16850322305323884,0.16051051020622253
436346141586111360,117399547,58,1,5.7102725276115045,1.6054513964768578,0.7566568358138774,0.2055971622467041
436516153570668032,117400431,58,2,7.1541399516680775,1.6022632746527532,0.8545574317093267,0.20473387837409973
446068882391314176,117529135,58,0,0.2530688497345647,1.2737636974818587,-0.5967613088953191,0.10508886724710464
436513988907722624,117615681,58,1,2.0242321541158916,1.5967733310556864,0.30626031917056723,0.20324327051639557
436533947615760384,117615682,58,3,1.811092064418447,1.305004047545833,0.2579405276484876,0.11561185866594315
435561296442107520,117619234,58,4,1.5573794483209804,1.5577597815306874,0.1923944393085796,0.19250048696994781
436441588639061632,117620446,58,4,0.7992784678051236,1.823351743666627,-0.09730188656643847,0.26087045669555664
436536838133473408,117621564,58,4,2.8037892112121265,1.5651855602058837,0.4477453602759024,0.19456583261489868
442898474972498432,117624789,58,0,9.237001082076098,1.438784286018691,0.9655309944986482,0.15799568593502045
435680765247601536,117663428,58,2,0.1360647202350908,1.3790783391443535,-0.8662544669599368,0.13958893716335297
435509516316497920,117664380,58,3,0.3749677320451878,2.418919217363785,-0.4260061039994291,0.38362136483192444
436438672361949312,117751168,58,3,30.918904127053107,1.2701354480349392,1.4902240926198989,0.10385003685951233
442555358625377024,117752837,58,0,1.2329961974727763,1.5546704202358521,0.09096173724525558,0.19163833558559418
446011639067173376,117756340,18,4,9.859349352785287,4.257812872704076,0.9938482555275497,0.6291865706443787
442979289077843456,117802134,58,1,7.540357936563392,1.4263389003437772,0.8773919620746461,0.15422272682189941
436471245393822464,117806121,58,0,28.377087540383684,1.534398918785764,1.4529678199429097,0.1859382838010788
435712582369002624,117806404,18,3,0.0594023582792991,1.3420699814642616,-1.2261963131441274,0.1277751624584198
435489793827423488,117808121,58,2,0.8107677958126072,1.6114107227867913,-0.09110351007602373,0.20720624923706055
442480690613749888,117811471,58,4,0.4125671325303929,1.6021064920203256,-0.3845053733799546,0.20469138026237488
442826044645857408,117868990,58,3,5.58907791295107,1.398398136291561,0.747340163816812,0.1456308364868164
145238687096970496,118520413,43,0,39.136586430996935,1.464738007350298,1.592582942966521,0.16575995087623596
147523605402800256,118521008,43,0,1.369086494640418,1.6555089232083826,0.13643088637973844,0.21893152594566345
147523605402800256,118521008,44,0,1.2822746447791584,1.9591851710939456,0.10798105477521842,0.2920754849910736
147523609698860160,118521012,43,3,9.367232270689,1.360411331261141,0.9716112891665265,0.13367024064064026
147523609698860160,118521012,44,3,49.340184131836274,1.4373437061768681,1.6932007658933041,0.15756063163280487
146709146460303744,118679162,43,2,1.8949229107698984,1.3630838964901009,0.2775915467007967,0.13452258706092834
146708734143437568,118679163,43,3,0.3360319000297667,1.5516693323513424,-0.473619492403941,0.19079917669296265
146708734143437568,118679163,44,3,0.1367861587318567,1.113768245847231,-0.8639578462599098,0.0467948317527771
146764465639042176,118679322,44,3,1.086221581158637,1.326586823052596,0.03591842714837903,0.12273567914962769
146767764173923328,118679348,43,0,1.7874331614318508,1.3750736956259524,0.2522298109407868,0.13832597434520721
146767764173923328,118679348,44,0,14.806268562325032,1.7734023566445096,1.170445622533554,0.24880728125572205
146767935972608128,118679380,43,1,4.6555467215394755,1.4039248910436177,0.6679706894431353,0.14734387397766113
146767935972608128,118679380,44,1,18.258221873437986,1.3416138152213946,1.2614584803091413,0.12762752175331116
146874275068113664,118710667,43,4,5.060608392641585,1.7686813449120233,0.704202731401837,0.24764959514141083
5570338906629079936,119289797,6,2,0.4134658927945243,1.6686741892718056,-0.3835603100100226,0.22237154841423035
5570338906629079936,119289797,7,2,0.4780950561278818,1.8391357114702886,-0.320485747221344,0.2646137773990631
5570338906629079936,119289797,33,2,0.0839262465748692,1.7069687369394952,-1.0761021993612567,0.23222556710243225
5570338906629079936,119289797,34,2,0.2061024728334014,1.4791188995396236,-0.6859167974907615,0.17000308632850647
5570013515609539712,119523711,61,3,0.6261970324254225,1.2530668498384545,-0.2032889948543918,0.09797424077987671
5101127920110566528,121006547,31,2,0.0432382891651142,1.5551165350072365,-1.3641314983646486,0.19176293909549713
5087228577012243200,121007796,4,4,1.4714918019290448,1.409740126497216,0.16775784687266954,0.14913906157016754
5087228577012243200,121007796,31,4,2.192907912875974,1.510850667157482,0.34102039466451706,0.17922154068946838
5089009549627861120,121049033,4,1,4.990146733129787,1.4995515671588453,0.6981133160545845,0.17596140503883362
5089009549627861120,121049033,31,1,13.717426833732668,1.0278430766700926,1.1372726524262793,0.011926814913749695
6197282223497921152,121196226,11,3,2.154962343340741,1.3798014976720385,0.33343968553052716,0.13981661200523376
6199117995597281408,121357059,11,3,0.0377139630217834,1.395679604394193,-1.423497829088398,0.14478573203086853
6196989444166807424,121407551,11,2,1.571081014532622,1.3362214935968275,0.19619858049337938,0.1258784532546997
2978888062654110592,121634766,5,3,35.45806051591314,1.268957878082019,1.549714976886092,0.10344720631837845
2978888062654110592,121634766,32,3,4.169130644409751,1.4404493902451838,0.6200455044468204,0.15849800407886505
2978678571329039488,121637793,5,4,0.1202853853730687,1.5285137637238835,-0.9197871360632963,0.18426935374736786
2978678571329039488,121637793,32,4,33.64935088373245,1.5835871093879599,1.5269766908383857,0.19964195787906647
2979189809876856064,121711329,32,0,0.1033932612541368,1.4230998110190358,-0.9855077658408492,0.15323536098003387
6197538822024048128,121779961,11,4,0.0109887554691801,1.5968796765438107,-1.9590514907860843,0.20327219367027283
6200377211288653440,122083452,11,0,26.402528629675754,1.5929769894324328,1.4216455222230953,0.2022095024585724
5317505864239805696,122189102,8,0,0.0669981459622817,1.3788821260997168,-1.1739372153512828,0.13952714204788208
5317505864239805696,122189102,10,0,0.2141821274499758,1.577172118366319,-0.6692167719434452,0.19787909090518951
5317505864239805696,122189102,62,0,0.1016090709067717,1.5404545081622167,-0.9930675197203149,0.18764887750148773
5317505864239805696,122189102,63,0,0.0619123469238896,1.5366573478832053,-1.2082227327860633,0.18657703697681427
6199540551660194432,122250596,11,4,6.390233919529115,1.747522073353673,0.8055167561398229,0.2424226701259613
6005090236665021952,122288890,11,0,1.7199933411873782,1.754190876927567,0.23552676557547014,0.24407684803009033
6005090236665021952,122288890,38,0,27.418074471460017,2.0973984042020724,1.4380369517013745,0.3216809332370758
4867211047550361856,1223040,5,3,4.57703035457329,1.644670630204213,0.6605837926501457,0.21607893705368042
4867211047550361856,1223040,31,3,10.302129136713209,1.1987567551147604,1.0129269894399644,0.07873106747865677
4867211047550361856,1223040,32,3,30.935801141725474,1.2723681085808873,1.4904613673877114,0.10461277514696121
6005539181006707968,122397232,11,0,0.3473556537873726,1.6165890285902744,-0.4592256278716045,0.20859962701797485
6005536363506942976,122397233,11,0,2.289747278332207,1.4389046957146499,0.3597875514741782,0.15803202986717224
5304355735219498240,122495856,35,4,1.181755213217201,1.599410990457339,0.07252752683403288,0.20396007597446442
5304355735219498240,122495856,36,4,0.3370422589347623,1.7900362568060573,-0.472315643129919,0.2528618276119232
5304355735219498240,122495856,37,4,0.973770887819096,1.6237731236658821,-0.01154321340946567,0.21052534878253937
5507400009198303104,122906845,62,3,11.043068088842674,1.3886996615381406,1.0430897499275797,0.14260832965373993
5536209619030180992,123212059,34,1,5.871360088673808,1.337749633723872,0.7687387163389011,0.12637484073638916
5536209619030180992,123212059,35,1,11.224337359779032,1.491313857527866,1.050160711413801,0.17356905341148376
2320862200611102848,12359032,2,1,0.9598089718782268,1.4524768228494636,-0.017815194788057674,0.16210921108722687
2320862200611102848,12359032,29,1,0.0813971128618379,1.4854304945097125,-1.0893909991698805,0.17185233533382416
2320821694774884096,12359058,2,1,1.0649394172137063,1.472318455748179,0.027324902123900808,0.16800175607204437
2333019328880804096,12359212,29,4,19.119126448185856,1.5514215749241236,1.2814680455028793,0.19072982668876648
5530787819813761024,123642034,7,2,16.168237837489787,1.369488575048426,1.2086626890988905,0.1365584135055542
5530787819813761024,123642034,35,2,3.333452613565824,1.8163616814290795,0.5228942858263185,0.25920233130455017
5530787819813761024,123642034,61,2,17.208733006687964,1.604078000332532,1.2357488965646581,0.20522548258304596
5530787819813761024,123642034,62,2,15.057356963725123,1.5863128737879808,1.1777487463131515,0.2003888487815857
2320878628861388928,12377787,2,1,0.3670815038845776,1.4615828142259237,-0.4352374977167551,0.16482342779636383
2320924464751966720,12377884,29,4,0.2667096997860362,1.503719974210519,-0.5739611894584242,0.17716696858406067
2320925564263593088,12377891,29,3,0.0345905884142681,1.8103318831132051,-1.4610420502176078,0.2577582001686096
2320972529730330368,12377897,29,1,5.825583030156906,1.5684998239977515,0.7653393964978698,0.1954844743013382
2320975660762130944,12377912,29,2,5.765523051188204,1.5069135987833844,0.7608387128346246,0.17808835208415985
2320987132619281152,12377935,29,3,1.0669112325801553,1.3438212241138325,0.02812828746167314,0.12834149599075317
2333051420875627520,12393646,29,0,8.389393275528773,1.2782188690562097,0.9237305536036978,0.10660522431135178
2320908178235983360,12393842,29,1,0.4522239843206069,1.7859603966792337,-0.34464640797503193,0.25187182426452637
2320902234001248256,12393870,2,4,0.060418937289582,1.5710721818278182,-1.218826917813637,0.19619613885879517
2320906872565926528,12393886,2,0,0.0424731862081557,1.607631374814441,-1.371885158347289,0.2061864733695984
2320932951607396992,12393951,29,3,0.8600269552004964,1.52296206444409,-0.06548793676645763,0.18268908560276031
2320945699070402816,12394898,29,3,9.076277891666551,1.5087748504418579,0.9579077843669063,0.17862443625926971
2321395983441558272,12394976,29,4,14.762054693937197,1.5887640929420872,1.1691468100706668,0.20105941593647003
2321423088979562624,12418007,29,0,34.35348846207415,1.537175875797673,1.5359708445368898,0.18672356009483337
2321395090088371456,12418075,29,3,28.991148891032527,1.5175486171084178,1.462265426363932,0.18114261329174042
2320744209268707328,12418282,29,1,14.096166958930652,1.4195503782685155,1.1491010350033355,0.15215080976486206
2321330253262075776,12420159,29,2,3.4793804510547313,1.6617325118456288,0.5415019190494001,0.22056111693382263
2320733901347207936,12420253,29,0,2.9434706734612104,1.664163855565513,0.4688597131845672,0.22119608521461487
2321047610054534272,12424475,29,0,21.880569940581584,1.4367409325801013,1.3400586302219903,0.15737846493721008
2321128591662265856,12424590,29,1,0.8536561461231248,1.5171987023696973,-0.06871702850679061,0.18104246258735657
2320411160324629120,12509178,29,1,0.5451811657417851,1.3223131422752061,-0.263459156057653,0.12133431434631348
5164508202742806784,12546422,4,4,0.0171920248161925,1.3357519616862632,-1.7646729706245885,0.12572582066059113
5164508202742806784,12546422,31,4,0.0264658865268196,1.3113775411434856,-1.5773135538829024,0.11772774159908295
70271854012150912,125735913,43,2,14.0561796376524,1.351707644178078,1.1478672987961926,0.13088276982307434
70271854012150912,125735913,44,2,1.989177324196904,1.5444284944795998,0.298673499809992,0.18876780569553375
70019378655328768,125736254,42,1,52.61891824102115,1.4668466450104305,1.721141915456556,0.1663847118616104
70019378655328768,125736254,44,1,2.3805242683982595,1.430602840927457,0.3766726132743921,0.15551908314228058
69871219462957952,125736380,43,3,29.971491726460243,1.5492614175215647,1.4767083589766,0.19012470543384552
69856272976786560,125736426,42,2,10.803413772908296,1.634050068116239,1.0335610099750105,0.21326535940170288
69841257769938944,125736597,42,3,1.3157288616643503,1.3876725137584436,0.11916640142442943,0.1422869861125946
69841257769938944,125736597,43,3,6.478413029038803,1.494524976635874,0.8114686328551184,0.1745031774044037
66837495084120320,125736623,42,1,0.2436977548784649,1.4746543437596757,-0.6131484718345014,0.16869023442268372
66837495084120320,125736623,44,1,0.0503133593240319,1.4552618950537837,-1.298316684717906,0.16294115781784058
66808220587759104,125736701,43,4,7.065424549102361,1.5341072291807474,0.8491382629705398,0.1858557164669037
66808220587759104,125736701,44,4,2.013101638180671,6.561481955372903,0.30386570225412723,0.8170019388198853
66788669895935616,125736770,43,0,3.9024058718939263,1.6697824258898968,0.5913324364468007,0.2226598858833313
66793583338514816,125736774,42,2,0.7843108552232168,1.344441152243263,-0.1055117741127983,0.12854179739952087
66793583338514816,125736774,43,2,0.6261865270931456,1.5835444028418586,-0.20329628081371925,0.1996302455663681
66793583338514816,125736774,44,2,0.8477471432068813,1.334950751152714,-0.07173366506102663,0.1254652440547943
66788253282520192,125736793,43,4,5.608096616282699,1.6018266082994956,0.7488154870479378,0.2046155035495758
66786539592171392,125736833,42,3,9.144491391484571,1.5252277327335153,0.9611595554095571,0.18333469331264496
66783584654831872,125736848,42,4,27.556250728600705,1.5764767360519563,1.4402201276533557,0.197687566280365
66783584654831872,125736848,43,4,4.85769758068,1.4669107658844298,0.6864304740075816,0.16640369594097137
66783584654831872,125736848,44,4,18.082119766450436,1.748342452744298,1.257249341455114,0.24262650310993195
66732457364153216,125736921,42,1,0.4638291585912324,1.4527609170297324,-0.3336419529442118,0.1621941477060318
65229734206151680,125736974,42,0,5.791474119158082,1.8054069400655137,0.7627891199162068,0.2565751075744629
65229734206151680,125736974,43,0,6.175298272319972,1.6624084031645592,0.7906579392425078,0.22073772549629211
65229734206151680,125736974,44,0,44.06377879942994,1.631982254285381,1.6440817384200554,0.21271543204784393
65226401312036864,125736987,42,3,0.6416418328969526,1.3001772735229078,-0.1927073292562246,0.11400257050991058
65226401312036864,125736987,43,3,1.2738455263723287,1.690394241912652,0.10511676621628002,0.22798800468444824
65226401312036864,125736987,44,3,8.88368884976186,1.562788306740359,0.9485933390257035,0.19390015304088593
65223515093523328,125737018,43,3,12.552365147164238,1.4944652378730385,1.0987255643497478,0.17448581755161285
65223515093523328,125737018,44,3,3.181117219444782,1.2474785345154817,0.5025796725088382,0.09603308141231537
65211557904569856,125737030,44,3,40.86646814874157,1.5372981373945056,1.6113671057861718,0.1867581009864807
65211145587780992,125737046,43,3,0.7449057771569874,1.443838784949096,-0.1278986575184013,0.15951870381832123
65211145587780992,125737046,44,3,7.662331462007774,1.2636467605974115,0.8843609350403382,0.10162568837404251
70274190474468864,125738769,42,2,8.751619006295229,1.3430615772923449,0.9420884027890334,0.12809592485427856
70274190474468864,125738769,43,2,19.56994933876944,1.877572835923572,1.2915897013901751,0.27359679341316223
70274190474468864,125738769,44,2,11.58544655950632,1.3513367118611699,1.0639127782720215,0.13076357543468475
70077270518065920,125738848,42,1,9.753086092005612,1.4226115146509415,0.9891420578175477,0.153086319565773
70077270518065920,125738848,43,1,25.94744358397737,1.3605416606198244,1.4140945763631991,0.13371184468269348
70077270518065920,125738848,44,1,53.06867572788009,1.4862733691528054,1.7248382504096764,0.17209869623184204
70072773688658432,125738887,42,3,16.48313209282209,1.2877420854868284,1.2170397389985461,0.1098288893699646
70072773688658432,125738887,43,3,9.49451481872098,1.2145466876050282,0.9774727766627237,0.08441421389579773
70072773688658432,125738887,44,3,1.493177642269436,1.514758729561659,0.17411147850064693,0.18034346401691437
70060610341280128,125738909,43,3,23.123752889033906,1.2940322725901312,1.3640583196590361,0.11194510757923126
70028170451469312,125739049,42,2,2.455418878083632,1.6036085413354655,0.3901255905211312,0.20509836077690125
70028170451469312,125739049,43,2,10.244391968528724,1.5902345360284935,1.0104861869881547,0.20146118104457855
70028170451469312,125739049,44,2,2.474853587572148,1.519914178767374,0.39354951115227865,0.18181906640529633
69974504837007232,125754284,42,2,7.4099348269639025,1.3625702354726283,0.8698143882202973,0.13435889780521393
69974504837007232,125754284,43,2,2.3388494937860957,1.3701499608847245,0.36900227562648935,0.13676810264587402
69974504837007232,125754284,44,2,37.635806511342295,1.3242692240091807,1.5756012271239137,0.12197628617286682
69968113925681408,125754322,43,3,21.770540971274645,1.5133321143959975,1.3378692208610496,0.17993424832820892
69968113925681408,125754322,44,3,12.77002388700694,1.8840842564095448,1.1061917096350362,0.27510032057762146
69951449452730752,125754428,42,0,2.866874541008485,1.8552159533035957,0.45740868794477435,0.26839447021484375
69951449452730752,125754428,43,0,1.1089596356192175,1.6023946166539422,0.044915738803021125,0.20476947724819183
69951449452730752,125754428,44,0,3.2491328125756302,2.075795506297422,0.5117674640657706,0.31718456745147705
69947635521777152,125754485,42,4,28.63183874412882,2.528139515507599,1.4568492394217551,0.4028010368347168
69947635521777152,125754485,43,4,6.3122480152618845,1.4768453083443398,0.8001840544509806,0.1693350076675415
69947635521777152,125754485,44,4,1.1776724388884672,2.0282275954427265,0.07102451136330032,0.30711668729782104
66847631206903040,125754563,42,3,50.60451345706312,1.3703248547436981,1.7041892536397927,0.13682353496551514
66847631206903040,125754563,43,3,56.69928328906454,6.256921857551761,1.7535775692002848,0.7963607311248779
66823304512166528,125754671,42,3,3.282188581704241,1.5062070224951034,0.5161635302943651,0.17788466811180115
66823304512166528,125754671,43,3,42.448914364086775,1.3604221137679993,1.6278665875902054,0.13367368280887604
66823304512166528,125754671,44,3,6.463507844697132,1.1009146845858135,0.8104682802433929,0.04175366461277008
66823132713476480,125754683,44,4,3.350573834203695,1.5553396403955961,0.5251191926148473,0.1918252408504486
66821655244731264,125754697,42,0,1.571053441353058,1.2037895634058595,0.1961909583626898,0.08055057376623154
66821655244731264,125754697,43,0,6.303934400913862,1.414642839882793,0.7996116852128825,0.15064680576324463
66821655244731264,125754697,44,0,17.771758938426625,1.6990764169823063,1.249730413705613,0.23021291196346283
66816295125702144,125754781,42,1,4.775195257565509,1.4043394097971031,0.6789911345688766,0.147472083568573
66816295125702144,125754781,43,1,1.5912825819470275,1.3833203153412124,0.20174730905130397,0.14092275500297546
66816295125702144,125754781,44,1,0.6148189165049526,1.369807196069254,-0.21125277876608975,0.1366594433784485
66792999222948992,125754787,43,1,23.176598636039753,1.6398187868421406,1.3650496998765431,0.21479585766792297
66791659193405952,125754804,43,0,1.9251410825816857,1.6963796259438648,0.28446256196999953,0.22952304780483246
66791659193405952,125754804,44,0,2.163135328440733,1.7056918438191213,0.3350836902928036,0.23190057277679443
66742765285619584,125754869,42,0,2.593620280120321,1.609116685162513,0.4139063933672997,0.2065875381231308
66742765285619584,125754869,43,0,27.08180431106083,1.479321457983129,1.4326775956199467,0.17006255686283112
66742765285619584,125754869,44,0,1.7300084838167398,1.8382565191429987,0.23804823287779042,0.26440611481666565
66741116018188416,125754895,42,4,2.1550705104265417,1.601794126926209,0.333461484143248,0.20460669696331024
66741116018188416,125754895,43,4,21.63849515479054,1.5811953624962478,1.3352270545539668,0.1989855319261551
66738023641737088,125754907,44,3,3.199705305645343,1.5482556946179173,0.5051099814369079,0.18984268605709076
66737576965143296,125754921,44,2,39.62458777675009,1.642694997083753,1.5979647571888622,0.21555693447589874
66740497542906368,125754923,43,4,11.465059119981325,1.4991880041863184,1.05937629852653,0.1758560985326767
66737405166459264,125754942,42,3,1.526817529542423,1.238100350886359,0.1837871374834023,0.09275584667921066
66737405166459264,125754942,43,3,1.0721506536672154,1.301926315755134,0.030255814703122847,0.11458640545606613
66737405166459264,125754942,44,3,2.801516937651597,1.2988102975816624,0.4473932525063851,0.113545723259449
66730120901930240,125754985,42,3,1.6652163713025565,1.5733369752571815,0.22147067193093695,0.19682174921035767
66730120901930240,125754985,43,3,9.48912068145704,1.2525539908185426,0.9772259699737327,0.09779645502567291
66730120901930240,125754985,44,3,2.5519152165661048,1.5635274878983196,0.40686624152673023,0.19410552084445953
66716136489019008,125755030,42,2,2.305935340966555,1.5443383591092792,0.36284712539791397,0.18874245882034302
66716136489019008,125755030,44,2,6.550087019719009,1.6310783493039767,0.8162470697525069,0.21247482299804688
66715827250786432,125755046,42,0,12.709141276469632,1.8193560791466359,1.1041162073998234,0.2599177062511444
66711532283494656,125755076,42,4,4.909481627143561,1.5067554962420142,0.691035639097345,0.17804278433322906
66710845088732160,125755093,42,1,22.75762037603664,3.6011710557012395,1.357126848602403,0.5564437508583069
66710845088732160,125755093,43,1,10.03618364026166,1.553870273922125,1.001568599356665,0.1914147585630417
66710845088732160,125755093,44,1,0.2465418225229482,1.347271674044812,-0.6081093978866746,0.12945517897605896
65212760495396736,125755094,43,4,5.703285432947996,1.5525700886954885,0.7561251073123101,0.19105121493339539
66710948167949696,125755099,42,3,1.9339876876198836,1.3103683110425692,0.28645370489912114,0.1173933818936348
66280248847432192,125783029,43,2,1.0078601260652966,1.4694032815423426,0.0034002635647639207,0.16714100539684296
147545221974214016,125881335,43,4,0.6817950668348848,2.0248977625143896,-0.16634614545699378,0.30640310049057007
147545221974214016,125881335,44,4,29.472594278514524,1.284218692283545,1.4694183656176474,0.10863898694515228
148449845165337600,125882881,43,1,1.6551780776997045,1.3607193431734872,0.21884472560529888,0.13376855850219727
157908767605448960,125884323,43,3,8.554741670717965,1.222892823215877,0.9322068995959254,0.08738839626312256
148106316500918272,125914458,44,3,1.1165345882312496,1.4121415081758177,0.04787218127695872,0.14987821877002716
147441558642852736,125977598,43,0,62.33246104887519,1.6083639528134712,1.794714274314524,0.2063843309879303
147441558642852736,125977598,44,0,7.253647061584264,1.4157548473174693,0.8605564204289518,0.15098805725574493
135287316592202880,126026661,58,3,12.137921564281918,1.4314941709799454,1.0841443267357953,0.1557895839214325
136166066901394048,126027667,58,4,67.06329278838813,1.5963549760558224,1.8264848733504688,0.20312947034835815
3247412647814482816,12631414,31,4,0.1004712707408103,1.6380524822673153,-0.9979581048348091,0.21432781219482422
6099307559847568512,127025883,11,4,0.0218989587722093,1.7328287439633303,-1.6595765340290176,0.23875564336776733
6092201450556437632,127089264,11,3,0.8936650466371949,1.5048392672596231,-0.04882522802193521,0.17749011516571045
6092201450556437632,127089264,38,3,4.539387891449118,1.2590440142069257,0.6569972948640861,0.10004091262817383
6099512000288926208,127249954,11,0,0.1903204473382918,1.587214081087172,-0.7205145501830467,0.20063550770282745
6103240203697723392,127311608,11,1,0.6399401858486914,1.4114403358773122,-0.1938606169064672,0.14966252446174622
6103240203697723392,127311608,38,1,0.5160521783923787,1.3562922836029006,-0.2873063843374745,0.1323532909154892
2594993646533642496,12787754,42,0,0.0902516829705707,1.4450959096783151,-1.0445446908293157,0.15989667177200317
6099761589426489728,128829962,11,1,0.0399520128103476,1.4255891992066116,-1.3984613357390636,0.1539943963289261
5905886387736675840,129116176,11,0,0.9897402467880828,2.1817152931590296,-0.004478769229192141,0.33879807591438293
5905886387736675840,129116176,38,0,0.193555471034056,1.5254739241209352,-0.7131945484146723,0.18340478837490082
5905608589252667136,129419398,11,1,0.0165403771274629,1.3986497217640206,-1.7814545925761613,0.14570896327495575
4876536108745448448,13020091,5,4,1.3451912989617465,1.6907798661738207,0.12878404952490435,0.22808706760406494
4876536108745448448,13020091,32,4,1.9567620824590075,1.5503650309032166,0.29153802414725455,0.19043396413326263
5509434895981911424,130258825,61,0,1.5430279246588492,1.6154146622621772,0.1883737856973082,0.20828402042388916
5562493547567828480,130292176,61,4,41.10763789458733,1.5299205695109979,1.6139225222967877,0.1846688836812973
5562430806685687936,130292882,61,1,0.0965711198928651,1.4512429043332893,-1.0151527322431495,0.16174010932445526
5562123012149662080,130293719,61,0,38.61497717329513,1.7659496932328786,1.586755782447344,0.24697832763195038
5557658685702796544,130297425,6,0,0.1309346320882431,1.6160922306964605,-0.8829454677690076,0.20846614241600037
5557658685702796544,130297425,7,0,0.0708058037340845,1.5586637525511506,-1.1499311430675123,0.1927524358034134
5557658685702796544,130297425,8,0,0.0289458007647775,1.63337113532522,-1.5384144314862345,0.213084876537323
5557658685702796544,130297425,33,0,0.1956078226100459,1.73659397856725,-0.7086137812025862,0.23969829082489014
5557658685702796544,130297425,34,0,0.4848371499946417,1.7556805093729178,-0.3144041103361279,0.24444548785686493
5562489458759467136,130332778,61,3,17.099686520042635,1.6828547069383253,1.2329881487627048,0.226046621799469
5562865663534855936,130332969,61,1,3.507445205850801,0.8106497727743571,0.5449908951009631,-0.09116673469543457
5558720126740813568,130335750,61,1,0.0971811937039489,1.6932861289216583,-1.0124177706789184,0.22873035073280334
5557668714448447616,130376100,61,4,0.0171983592678879,1.473470087321838,-1.7645129830279638,0.16834132373332977
5557612712373718656,130376273,61,3,1.0135914018262069,1.5088918503485147,0.005862917823223445,0.1786581128835678
5562512136187128192,130418093,7,0,0.0782503485270521,1.4193091069465453,-1.106513719429585,0.15207698941230774
5559134436466111360,130513139,6,3,3.392362523025173,1.084508576832196,0.5305022567145793,0.035232990980148315
5559134436466111360,130513139,7,3,4.95573888810059,1.5848296892667948,0.695108415854861,0.19998259842395782
5559134436466111360,130513139,8,3,0.4702579699088408,1.505726167441709,-0.3276638353137881,0.1777459979057312
5559134436466111360,130513139,33,3,5.84524858475872,4.771130462281933,0.7668029854197311,0.6786212921142578
5559134436466111360,130513139,34,3,1.8820884633466732,1.1988244171453974,0.27464003260898195,0.07875557988882065
5509295528586671744,130515595,61,1,47.9843292435389,1.6540307308665616,1.6810994283287894,0.21854357421398163
5562570582102150784,130519880,61,2,0.0213599444382565,1.5748060540860689,-1.670399881334024,0.19722707569599152
5558025853867433856,130575241,61,2,32.947555727732,1.58996812798929,1.5178232012264423,0.201388418674469
5559172026020076160,130579414,61,1,21.46390041666662,1.4518515130468554,1.3317086447275936,0.16192220151424408
5559295136962606848,130648886,61,3,0.0216311623991141,1.6381637128347168,-1.66492014214404,0.21435730159282684
5509886275568118784,130651777,61,0,0.0885359181788465,1.5462953884434505,-1.0528805044180092,0.18929246068000793
5538547421274143488,130797034,34,3,0.032585677319872,1.337880729930225,-1.4869732474096513,0.1264173984527588
5538547421274143488,130797034,35,3,0.2505453971892692,1.3601178558452784,-0.6011135713436289,0.13357654213905334
5538547283835168000,130797038,34,4,0.9154035461624678,1.7041996585545798,-0.03838740950123769,0.23152047395706177
5538547283835168000,130797038,35,4,1.4424284232081788,1.583252333983331,0.15909427161842823,0.19955013692378998
5888042104328901888,133010063,12,1,0.4025729091919156,1.4324065507636674,-0.39515545394891294,0.15606629848480225
2956556844055510528,13324350,5,4,3.2072759429494746,1.6302298723397226,0.5061363267338029,0.21224884688854218
2956556844055510528,13324350,32,4,12.551433085029924,1.5598712013304514,1.0986933150910367,0.19308874011039734
5558548053171571968,134316394,61,4,0.9201148472449916,1.5430629328766006,-0.03615796133725322,0.18838363885879517
5561130183211120384,134353120,33,2,0.0509045930104338,1.3523778897519,-1.2932430304511697,0.13109806180000305
5508980179205357952,134358110,61,0,3.587229067964474,1.4152496960303733,0.5547591100956952,0.15083307027816772
5558201294692005632,134361283,61,3,14.925648406471304,1.7012237560283556,1.1739332070198822,0.23076143860816956
5509773270686988800,134468359,61,4,6.302687500264412,1.5292965503067442,0.7995257744784211,0.18449170887470245
5509790755494833792,134468535,61,3,0.3067576693465374,1.6316162543447776,-0.513204570530073,0.21261802315711975
5559989650354601216,134471363,61,0,0.0953968777693165,1.9746357097971834,-1.0204658390249035,0.2954869866371155
5559727348112322048,134540869,61,4,0.306706102337337,1.5085703812389968,-0.5132775830489223,0.17856557667255402
5511620759459968896,134628183,61,3,30.694167458364397,1.3518873272035319,1.4870558581710547,0.1309404969215393
6151049133934677248,135097399,10,1,0.0233578397121603,1.5696854858554445,-1.6315673261346506,0.1958126425743103
2053568110703900672,137759349,40,4,1.5106624408261229,1.6142575435473572,0.17916743160289988,0.20797282457351685
2053568110703900672,137759349,41,4,7.48931527212449,1.5860766726179305,0.8744421131425165,0.2003241777420044
2053568110703900672,137759349,54,4,20.43906916517466,1.7345217906524373,1.3104611133005724,0.23917976021766663
2053568110703900672,137759349,55,4,4.003202559301903,1.569343795439581,0.6024075656637903,0.19571809470653534
124151875142913152,137886595,58,4,2.6225088512394814,1.3634294231214639,0.41871696265700736,0.1346326619386673
125673496156604928,137993730,58,1,0.3289686623373928,1.397701438120535,-0.48284547111434556,0.14541441202163696
125547361557297664,138020975,58,1,1.494399302598821,1.7484570930220849,0.1744666562109951,0.2426549792289734
2077569590543585920,138100090,40,3,0.0325543514306037,1.4032888495377147,-1.4873909525338174,0.147147074341774
2077569590543585920,138100090,41,3,0.0764517217857418,1.3426260804421302,-1.1166127293016759,0.12795507907867432
2449820419035086208,138666883,42,2,0.0533993125771084,1.6075123444846438,-1.2724643337184505,0.20615431666374207
3183414542727824896,138799692,5,1,0.0853291719711468,1.4723512921647832,-1.068902468712921,0.16801144182682037
4817239858975897728,13912397,4,1,0.8164362893772625,1.4009544349523395,-0.08807769978395433,0.14642401039600372
4817239858975897728,13912397,5,1,8.22689004709656,1.3809542512966255,0.9152356929718884,0.14017929136753082
4817239858975897728,13912397,31,1,40.99036579617855,1.379246091022297,1.6126817939581948,0.13964176177978516
4817239858975897728,13912397,32,1,3.6011439978735544,1.4201565622043861,0.5564404877227266,0.1523362249135971
2969532867969662592,139412540,6,3,0.0397958050772545,1.40245713795783,-1.4001627050071597,0.1468895971775055
5068272932125221504,139526229,30,2,0.0307621786349189,1.3782892091139594,-1.5119829102354363,0.1393403559923172
4813691219557127808,13955147,4,2,0.1602529579957265,1.4887562338844513,-0.7951939454012492,0.17282359302043915
4813691219557127808,13955147,5,2,0.0414907121571355,1.6003569774559243,-1.3820491107661137,0.204216867685318
4813691219557127808,13955147,31,2,0.5274874316757157,1.3577203406777405,-0.277787883743844,0.1328103244304657
4813691219557127808,13955147,32,2,0.0641514513233647,1.4940410331584808,-1.1927935139640502,0.17436252534389496
4814134872498801408,13981777,31,2,0.4364257343510102,1.3451575016129347,-0.36008964864941245,0.12877313792705536
4814134872498801408,13981777,32,2,0.1229752605909887,1.8438692121854858,-0.9101822484750062,0.2657301127910614
2888316685668937984,140209922,5,2,0.6124982799668386,1.3628689162010996,-0.21289512655846596,0.13445408642292023
2888316685668937984,140209922,6,2,0.2650252493676569,1.634689347871745,-0.5767127481814164,0.21343523263931274
2888316685668937984,140209922,32,2,2.725300748742465,1.3442746355015096,0.4354144355345486,0.12848800420761108
2888316685668937984,140209922,33,2,0.0890657178534097,1.3581239665404101,-1.0502894274119257,0.132939413189888
5322181262549469312,140305443,9,0,2.7668993019430017,1.3360395836886656,0.4419933537899286,0.12581932544708252
50856471531291648,14076629,42,2,42.70427637266981,1.5658518924513933,1.6304713671107482,0.19475068151950836
50856471531291648,14076629,43,2,36.91858059094022,1.369684250326815,1.5672449953502927,0.13662046194076538
50856471531291648,14076629,44,2,12.255216586769007,1.3681152650198005,1.0883209909538614,0.1361226886510849
51307065140124032,14076858,42,1,3.7345053291218777,1.4805216944968231,0.57223308351141,0.1704147756099701
51307065140124032,14076858,43,1,1.2068804030606155,1.4111658715298074,0.08166423541277756,0.1495780646800995
51307065140124032,14076858,44,1,28.870590913052094,1.3179233977794484,1.4604556729576683,0.11989016830921173
65430150263676800,14078231,44,0,22.464553324297,1.4630799158043177,1.3514977876865961,0.16526804864406586
65431185353051776,14078240,43,1,19.499236300272937,1.3620731249468365,1.2900176022818897,0.13420042395591736
65750627840192256,14078777,43,3,5.378198848075477,1.1612326965947124,0.7306368553483146,0.06491925567388535
65750627840192256,14078777,44,3,0.1504718602213721,1.7072018540193488,-0.8225447099919339,0.23228487372398376
4820295711027399296,14085128,5,0,18.093352583243885,1.46830767551887,1.257519046323609,0.1668170690536499
4820295711027399296,14085128,6,0,3.2940629107193016,1.6430968004175088,0.5177318891620127,0.2156631499528885
4820295711027399296,14085128,32,0,6.052936113319047,1.4782114575737821,0.7819660901062696,0.1697365641593933
4813007392044212608,14087575,5,3,34.47560726623672,1.4457974309070123,1.5375119247406472,0.16010744869709015
4813007392044212608,14087575,32,3,13.61986006348187,1.705643913074721,1.1341726454644427,0.23188836872577667
4651456423469407744,140891597,1,1,1.2598343419263975,1.4721019052930808,0.10031344264367811,0.16793787479400635
4651456423469407744,140891597,2,1,0.4775337400926677,1.4184531536339011,-0.320995937968414,0.1518149971961975
4651456423469407744,140891597,3,1,0.2087065994837492,1.5025544953062568,-0.6804638179491094,0.1768302321434021
4651456423469407744,140891597,4,1,3.5091218809292375,1.4662908133821124,0.545198452654212,0.16622011363506317
4651456423469407744,140891597,5,1,3.57680432083389,1.422676337794857,0.553495181494616,0.15310610830783844
4651456423469407744,140891597,6,1,3.3471284463960216,1.4388221505482977,0.5246723787726707,0.15800711512565613
4651456423469407744,140891597,7,1,10.887844202438345,1.5807774007153905,1.0369418977844207,0.1988707184791565
4651456423469407744,140891597,8,1,1.1089276246596973,1.7500907083365407,0.04490320238304162,0.24306055903434753
4651456423469407744,140891597,9,1,0.2401204425557326,1.59396986873524,-0.6195708648858145,0.20248010754585266
4651456423469407744,140891597,10,1,3.0159718956039,1.2809089368307685,0.47942729023453606,0.1075182557106018
4651456423469407744,140891597,11,1,7.178455126032406,1.3082897607228188,0.8560309898649231,0.11670394241809845
4651456423469407744,140891597,12,1,0.425942453394841,1.5012299757906906,-0.37064907193312685,0.17644722759723663
4651456423469407744,140891597,13,1,0.1159145644133745,1.5001433750221813,-0.9358619924491094,0.17613276839256287
4651456423469407744,140891597,27,1,0.201510576910596,1.4146594400040868,-0.6957021536253363,0.15065190196037292
4651456423469407744,140891597,28,1,0.1894913100653597,1.7276886728997651,-0.7224107016705648,0.2374654859304428
4651456423469407744,140891597,29,1,0.0848306400019518,1.4549281893715493,-1.071447256465652,0.1628415584564209
4651456423469407744,140891597,30,1,0.262286386280309,1.442427342453155,-0.5812242504572067,0.1590939462184906
4651456423469407744,140891597,31,1,0.3063948843604988,1.4500613288425652,-0.5137184900595173,0.1613863706588745
4651456423469407744,140891597,32,1,0.9165517715379,1.4968912682596482,-0.037842998832469055,0.1751902550458908
4651456423469407744,140891597,33,1,0.0409560417639662,1.4041674014578216,-1.3876820228118647,0.14741888642311096
4651456423469407744,140891597,34,1,0.1095663836808803,1.326268994735744,-0.960322672323382,0.12263161689043045
4651456423469407744,140891597,35,1,0.2031314026104698,1.3786765274369466,-0.6922229326945302,0.13946238160133362
4651456423469407744,140891597,36,1,0.320695582398997,1.5120454081745105,-0.4939070224630557,0.17956483364105225
4651456423469407744,140891597,37,1,0.1212966998528485,1.3259183501120253,-0.9161510149223336,0.12251678109169006
4651456423469407744,140891597,38,1,0.260581657463262,1.4271374230695422,-0.5840561578592414,0.15446579456329346
4651456423469407744,140891597,39,1,0.4832552816017573,1.524606726160959,-0.3158233907749103,0.18315783143043518
4651456423469407744,140891597,62,1,1.868734380451037,1.4271836484637688,0.2715475756953818,0.15447986125946045
4651456423469407744,140891597,63,1,0.4817508188177596,1.4137585583779735,-0.3171775385142687,0.15037524700164795
4651456423469407744,140891597,64,1,5.5385229893347665,1.3702416363334016,0.7433939627237688,0.13679715991020203
4651456423469407744,140891597,65,1,0.4390462300230772,1.4805585238409908,-0.35748974766940145,0.17042557895183563
4651456423469407744,140891597,66,1,0.212237003010461,1.4423729029394377,-0.6731788956360213,0.15907755494117737
4651456423469407744,140891597,67,1,1.531399235489852,1.4251761342531595,0.18508842594805835,0.15386854112148285
51311566265952768,14108773,42,1,1.8102415441068045,1.8062212135465439,0.25773652750665305,0.25677093863487244
51311566265952768,14108773,43,1,11.26367203882651,1.4211727428623309,1.051679996751741,0.15264686942100525
51365476695288064,14108972,43,4,23.227582019023448,1.5468833522292094,1.3660040022904696,0.18945756554603577
51365476695288064,14108972,44,4,5.282792650017004,1.4970316934226804,0.7228635649325067,0.1752309948205948
51783737790828800,14109537,43,4,1.0277311222283727,1.5356253479915922,0.011879508232883933,0.18628527224063873
65309100904545280,14109776,43,3,0.0445912633763587,1.8174279417833819,-1.350750222882319,0.25945720076560974
65309100904545280,14109776,44,3,0.0350712436700352,4.508366115058423,-1.4550488332215246,0.6540191769599915
65330099002345216,14109888,44,3,0.3687562887034581,1.2968408721992857,-0.43326056457060286,0.1128866896033287
65732447241199744,14110469,42,3,0.1475458156402001,1.4746684604314748,-0.8310731024645261,0.1686943918466568
65754132533480064,14110755,42,4,0.0374985506824368,1.5934581524609963,-1.4259855174131826,0.20234066247940063
65754132533480064,14110755,44,4,0.0344124151447399,1.4825857527717683,-1.4632848464948474,0.17101982235908508
65435102362687616,14111089,42,0,0.7887651721219734,1.7747775573815934,-0.10305227388983255,0.24914392828941345
65435102362687616,14111089,43,0,0.5541011471514776,1.7340224846736387,-0.25641095072253445,0.23905472457408905
51760270089541504,14111872,43,0,5.265505137203969,1.349589057538919,0.7214400408163032,0.1302015483379364
50101210121892992,14112924,43,3,7.564711254319379,1.2860293074366267,0.8787923556177629,0.10925086587667465
5161117923061794688,141287580,31,1,0.7211553577684675,1.412666925278004,-0.14197116558093523,0.15003977715969086
4650268744744759936,141423634,1,1,2.8593774389710864,1.3772010532250591,0.4562714861880663,0.13899734616279602
4650268744744759936,141423634,2,1,8.257394335526833,1.0977735321273907,0.9168430250166474,0.04051275551319122
4650268744744759936,141423634,4,1,0.9240173149604834,1.4564734942166178,-0.034319890553339165,0.16330258548259735
4650268744744759936,141423634,5,1,0.1288427567346827,1.4235353768265768,-0.8899399915374394,0.1533682644367218
4650268744744759936,141423634,7,1,4.109589301532843,1.3097209078485135,0.6137984221217463,0.11717876046895981
4650268744744759936,141423634,9,1,0.1969566636272319,1.3639528145707382,-0.7056293211377548,0.13479934632778168
4650268744744759936,141423634,10,1,0.1409787001384428,1.440231893689145,-0.8508464980616895,0.15843242406845093
4650268744744759936,141423634,27,1,8.760213297916708,1.8657577229442317,0.9425146807092302,0.27085524797439575
4650268744744759936,141423634,29,1,0.2482408136598856,1.4708905278548272,-0.6051268139328363,0.16758035123348236
4650268744744759936,141423634,30,1,0.2021665775223615,1.485828344358422,-0.6942906410169306,0.17196863889694214
4650268744744759936,141423634,31,1,0.646059487494508,1.5233102246672947,-0.1897274914458505,0.18278835713863373
4650268744744759936,141423634,32,1,10.917953118354744,1.5627921138451606,1.0381412251152482,0.1939012110233307
4650268744744759936,141423634,34,1,6.961998545815381,1.3928312493779775,0.8427339282351956,0.14389850199222565
4650268744744759936,141423634,36,1,1.1842456030644708,1.3778591668895876,0.07344178092933135,0.13920482993125916
4650268744744759936,141423634,37,1,1.3439831064856098,1.4013355731911734,0.12839380978462936,0.14654214680194855
4650268744744759936,141423634,38,1,0.1997269407594048,0.9774460571169018,-0.6995633500817126,-0.009907200932502747
4650268744744759936,141423634,39,1,0.0809400153778825,1.34550642461858,-1.0918367174323582,0.12888577580451965
4650268744744759936,141423634,61,1,0.1515836099093561,1.3782190787231123,-0.8193477545795391,0.13931825757026672
4650268744744759936,141423634,62,1,1.3713790978611904,1.5257940742159852,0.13715752579675847,0.1834959238767624
4650268744744759936,141423634,63,1,13.416795473259132,1.4244683432306764,1.1276487994046336,0.15365280210971832
4650268744744759936,141423634,64,1,5.602200187186325,1.7100222788455135,0.7483586237015808,0.23300176858901978
4650268744744759936,141423634,66,1,0.956055946917891,1.4750199028578572,-0.019516692737726906,0.16879788041114807
4650268744744759936,141423634,67,1,2.7919062307264144,1.368523201953371,0.44590082793323155,0.13625216484069824
50472875115329920,14155535,42,4,5.26226585179506,1.5537444552840882,0.7211727850364682,0.1913795918226242
51257621476724096,14155762,42,3,3.71549000255549,1.1558994082017728,0.5700160970664071,0.06292004138231277
51257621476724096,14155762,43,3,13.750927822512384,1.4682011773592076,1.1383320025010346,0.1667855679988861
51257621476724096,14155762,44,3,0.563309730386327,1.2755935350207126,-0.24925274687118115,0.10571230947971344
51765595848971648,14156573,42,1,5.952665469866559,1.6770621003659614,0.774711476592861,0.22454914450645447
51765595848971648,14156573,43,1,43.894047250925865,1.5761006876094839,1.6424056268168843,0.19758395850658417
65779971056668032,14157805,44,4,2.7288443675887044,1.7002715244143072,0.4359787675406143,0.23051828145980835
65768151306811904,14157808,42,2,5.127937491133437,1.3801246489816972,0.7099427225518534,0.13991831243038177
65768151306811904,14157808,43,2,2.596742814109863,1.5191396869204392,0.4144289384841618,0.18159770965576172
65768151306811904,14157808,44,2,1.8119486268458225,1.5904486550339978,0.2581458802096348,0.2015196532011032
65419434321982464,14158303,42,3,28.967873761398717,1.6521622703516254,1.4619166192085893,0.2180527001619339
65419434321982464,14158303,43,3,10.22439357303713,1.4211198856960323,1.0096375586653055,0.15263071656227112
65419434321982464,14158303,44,3,2.9398209351915243,1.4092892947312983,0.46832087829427643,0.1490001529455185
65338688937033344,14158619,44,4,2.786118483895617,1.2462182748190092,0.44499958150930297,0.09559411555528641
49809495943068288,14160888,43,0,0.027358114975882,1.5951986474151252,-1.5629138296045342,0.20281477272510529
49809495943068288,14160888,44,0,0.0208635970704203,1.4064662950932156,-1.6806108132077022,0.14812932908535004
51391658816356608,14177685,43,1,1.4342932441905651,1.4607404594724507,0.15663795280597806,0.1645730584859848
65467778474649856,14179884,43,2,7.341440761282929,1.64798955492165,0.8657812987815332,0.21695445477962494
6000321208067075456,141961374,11,0,0.1817115596642768,1.3807007324932261,-0.7406174439703345,0.14009955525398254
6000321208067075456,141961374,38,0,0.2660000539196256,1.4457653851190277,-0.5751182753351228,0.16009782254695892
5261554496328279552,142015852,4,3,0.124561727848261,1.4984059764620188,-0.9046153761162306,0.17562949657440186
5261554496328279552,142015852,5,3,0.2191213480912718,1.4780823828540592,-0.6593153088537689,0.16969864070415497
5261554496328279552,142015852,6,3,0.4094845345779367,1.6116082287054398,-0.3877624960385961,0.20725947618484497
5261554496328279552,142015852,7,3,0.1357678932637164,1.285108325300138,-0.8672029209759884,0.10893973708152771
5261554496328279552,142015852,8,3,0.1782733229053939,1.4031875968687066,-0.7489136404577891,0.14711573719978333
5261554496328279552,142015852,9,3,0.2372770369743046,1.3301578373575513,-0.6247442895866976,0.12390317767858505
5261554496328279552,142015852,10,3,4.1456505360750056,1.414524945795481,0.6175926897860808,0.15061061084270477
5261554496328279552,142015852,11,3,2.74435468199536,1.5118413257146006,0.43844023913351415,0.17950621247291565
5261554496328279552,142015852,27,3,2.851073481880237,1.2533129514023245,0.4550084107026037,0.0980595275759697
5261554496328279552,142015852,28,3,0.3775417666586483,1.5788858316689212,-0.4230349962837996,0.198350727558136
5261554496328279552,142015852,29,3,3.0263093713934595,1.4251368685024477,0.4809133227027867,0.1538565754890442
5261554496328279552,142015852,30,3,0.7791372506438484,1.3254875252279117,-0.10838603148425972,0.12237564474344254
5261554496328279552,142015852,31,3,6.03573331767667,1.4293936354648331,0.7807300426973119,0.1551518440246582
5261554496328279552,142015852,32,3,0.863575455912054,1.5303796931520393,-0.06369970945201972,0.1847991943359375
5261554496328279552,142015852,33,3,0.7611615910867044,1.5230574844117581,-0.11852313473073024,0.18271629512310028
5261554496328279552,142015852,34,3,8.832502900731882,1.2735757826381262,0.9460837887359964,0.1050247922539711
5261554496328279552,142015852,35,3,0.475123463288655,1.8207008202108577,-0.3231935220430607,0.2602385878562927
5261554496328279552,142015852,36,3,3.6998638771065977,1.6525780699360415,0.5681857460916014,0.21816198527812958
5261554496328279552,142015852,37,3,0.4761329581649833,1.4394924732076493,-0.3222717554005599,0.1582093983888626
5261554496328279552,142015852,38,3,8.818515314199935,1.3109314473476017,0.9453954734395525,0.11757998168468475
5261554496328279552,142015852,61,3,0.5518139630709482,1.51062580593388,-0.2582073143534989,0.17915689945220947
5261554496328279552,142015852,62,3,0.4350018897435707,1.5833702742043008,-0.36150885637082864,0.19958248734474182
5261554496328279552,142015852,63,3,1.0552377316861898,1.3407498358132877,0.0233503116987867,0.12734775245189667
5261554496328279552,142015852,64,3,0.6362308096910964,1.2915092974997222,-0.19638530386296862,0.1110975369811058
5261554496328279552,142015852,65,3,5.614938118522007,1.253384294847174,0.7493449743227633,0.09808424860239029
5261554496328279552,142015852,66,3,0.1903608688048706,1.537811077470944,-0.7204223217536115,0.1869029849767685
5261554496328279552,142015852,67,3,1.9750449012158309,1.19052322250487,0.2955769734453151,0.07573787122964859
65552681387907200,14225672,44,1,16.631263411758376,1.4550919372348583,1.220925242118707,0.16289043426513672
65471729844532864,14226320,42,1,1.88791779639222,1.5193023209232404,0.2759830803484504,0.18164420127868652
65471729844532864,14226320,43,1,1.6388671154610246,1.5508350788359009,0.214543741025264,0.19056561589241028
65471729844532864,14226320,44,1,1.2414103447941565,1.4316484043785112,0.09391536008296894,0.15583637356758118
53335045618385536,14226607,44,1,6.239018258563931,0.8947860600213486,0.7951162566003841,-0.04828079044818878
53251929411490688,14226920,42,2,4.892659180408824,1.5614339952129748,0.6895449641304663,0.19352363049983978
53251929411490688,14226920,43,2,5.369036677609065,1.4905925014239305,0.7298963707780671,0.17335893213748932
51398595186022400,14227572,44,4,4.212453578696322,1.709116726437789,0.6245351279738486,0.23277172446250916
3466327989885650176,142387735,10,4,2.0158854800892025,1.2465977138757018,0.3044658567526532,0.09572632610797882
3466327989885650176,142387735,37,4,2.4681395484826267,1.3867371444138283,0.39236971104298074,0.1419941484928131
6000431502827942272,142513032,11,4,0.4702113655878505,1.4799615950134692,-0.32770687765167533,0.17025044560432434
53255434104774272,14251565,42,1,3.496842702625651,1.5719535120249026,0.5436760970166699,0.1964396983385086
53255434104774272,14251565,44,1,1.8739571118398628,1.9868787787405944,0.2727596472217556,0.29817137122154236
53258732639653760,14251584,43,2,8.570317175999579,1.3488146728773027,0.9329968948797264,0.12995228171348572
65561473183104640,14252394,43,2,17.71155074346478,1.3593246037601894,1.2482565877200202,0.13332317769527435
65506467539939584,14252825,44,0,7.695713420223125,1.4027322668417948,0.886248886689181,0.14697478711605072
51408529447927296,14254194,43,0,3.2703698910388823,1.4930608090426563,0.5145968757649237,0.17407749593257904
51408529447927296,14254194,44,0,22.003682678523287,1.5638058843236957,1.342495373236462,0.1941828429698944
65945997312877952,14255379,44,0,2.918931518207674,1.6918047965113607,0.4652239060145991,0.22835025191307068
65486951208575488,14255769,44,4,10.51074515223959,1.7120410546314002,1.0216335061361688,0.23351417481899261
50229028348709248,14282584,43,1,53.48519478585612,1.5493617811984552,1.7282335817849248,0.1901528388261795
50229028348709248,14282584,44,1,25.761156595467043,1.5161344602334599,1.410965357591231,0.1807377189397812
53341642688604416,14285398,43,4,17.431072811501053,1.583667526875717,1.2413241169881983,0.19966401159763336
53341642688604416,14285398,44,4,4.2240410341690104,1.5872021545657575,0.6257281284714495,0.200632244348526
2889149393928673664,143141922,6,0,3.7519767370101977,1.5260878485158382,0.5742601370046218,0.18357953429222107
2889149393928673664,143141922,32,0,0.0258935826377326,1.6403698741123418,-1.5868078563957815,0.21494178473949432
2889149393928673664,143141922,33,0,0.2652227228852353,1.478545227563193,-0.5763892706106986,0.16983461380004883
5532512786061012608,143156471,34,0,6.809504231862812,1.4562465829520246,0.8331154941148515,0.1632349193096161
5532512786061012608,143156471,35,0,35.10416266464385,1.578404465573886,1.5453586183203678,0.19821830093860626
50561458818290560,14330418,43,1,19.103250158899975,1.3850856542162844,1.2811072628494422,0.14147663116455078
50561458818290560,14330418,44,1,3.302446017096603,1.5858458934229365,0.5188357272195921,0.2002609819173813
2984220964629601280,143376069,32,3,0.0178020465704383,1.3636586219553666,-1.749530067176724,0.13470566272735596
6000349589207590016,143706146,38,3,0.0213560607763104,1.383811458519714,-1.6704788518720666,0.141076922416687
5518731541677453696,144071902,35,4,5.35711462326689,1.6419062760607361,0.7289309388350105,0.21534836292266846
4841643382115183360,144126052,4,4,2.487915400908796,1.6368429793724328,0.3958356085175166,0.21400701999664307
4841643382115183360,144126052,5,4,22.296156232240293,1.3061778246347586,1.3482299988772128,0.11600230634212494
4841643382115183360,144126052,31,4,9.549799011336928,1.5342528301621026,0.9799942313548624,0.18589693307876587
4841643450834660608,144126053,4,0,2.41566693884392,1.6120891561935975,0.3830370555313076,0.20738905668258667
4841643450834660608,144126053,5,0,13.493689569617471,1.662470976359143,1.1301307147304274,0.22075407207012177
4841643450834660608,144126053,31,0,19.24908386774137,1.6904197618592267,1.2844100647197134,0.22799456119537354
4838343163605429760,144162567,4,1,0.641380662394189,1.4903941270301029,-0.19288413817449232,0.17330113053321838
4838343163605429760,144162567,5,1,0.5981606088581127,1.35860639691787,-0.22318219029974784,0.13309365510940552
4809722394897908096,144486791,5,1,0.8703415959325914,1.6001529992307688,-0.06031025989683599,0.20416150987148285
4809722394897908096,144486791,33,1,1.0271357401005905,1.4981012879594555,0.01162784114466946,0.17554117739200592
6139670356818693760,144823014,37,0,0.0169775253928894,1.6149836101164077,-1.7701256112965875,0.2081681191921234
6140126241824588672,145092212,10,3,4.201705488678453,1.355372671771753,0.6234256080117878,0.13205872476100922
2972868236492048896,146307240,5,1,42.550037835244595,1.366768796134193,1.6288999505928898,0.13569505512714386
2972868236492048896,146307240,32,1,5.302784295100462,1.5576675854338005,0.72450396139107,0.19247478246688843
2960923073448935808,146420492,5,3,6.569902168660288,1.8836758724536857,0.8175589025997609,0.27500617504119873
2960923073448935808,146420492,32,3,9.469363850776263,1.256583693901516,0.9763208042010133,0.09919141978025436
2962658549474035584,146522418,5,0,1.789314339860695,1.4991092532576538,0.25268664245386324,0.17583328485488892
2962658549474035584,146522418,32,0,3.838670205208283,1.5572136860879342,0.58418080182549,0.19234821200370789
2959946329166222592,146536188,5,1,2.694512122760485,1.4745963605682932,0.43048014185156197,0.16867315769195557
5363506063479633536,147273368,63,0,0.0290930102906482,1.3651682070095077,-1.5362113394274548,0.13518616557121277
1108342875109911680,147793409,60,2,2.632408720966327,1.333766791484655,0.4203533209143429,0.1250799000263214
5570448720352754432,147803919,61,4,0.079796895271998,1.4769769102287622,-1.0980140057980146,0.16937370598316193
5569759876318219392,147949155,61,2,17.8081181420345,1.594369764832051,1.250618028182427,0.20258904993534088
5570576263701669888,147973432,61,0,11.17587748778915,1.4325538044687853,1.0482816323089919,0.156110942363739
6007542525548142080,148087292,38,3,0.1945237395567675,1.4449710155926794,-0.7110273900741558,0.15985913574695587
6007167351565715840,148087359,11,1,0.1661030725094704,1.3626551854298143,-0.7796223340653595,0.13438597321510315
5576782796386594944,148126829,33,2,0.078386933724343,1.3622827446439174,-1.1057563235954027,0.13426725566387177
5576782796386594944,148126829,34,2,0.0593695464307291,1.3490438681284573,-1.2264362689682307,0.13002607226371765
5576782796385434752,148126831,33,3,0.1730582860094142,1.1380911596211654,-0.7618076019057407,0.0561770498752594
5576782796385434752,148126831,34,3,0.0535040799782477,1.5367630115035138,-1.2716130993903871,0.18660689890384674
5575766400963849344,148128489,61,3,0.495234687790426,1.170310586991652,-0.30518894357523824,0.06830113381147385
6004331775495542656,148158169,11,1,1.8294683680063315,1.386342519464451,0.26232490482067794,0.14187054336071014
6004331775495542656,148158169,38,1,0.7476815932053152,1.5124872315920275,-0.12628331089773676,0.17969171702861786
6004336074769756800,148158374,11,3,1.0814854949598367,1.1452621322705938,0.03402069899365198,0.05890490114688873
5576002800261700992,148184837,61,0,0.913258820546311,1.5603579976081854,-0.03940612454052856,0.1932242512702942
5575773964404156160,148185952,61,4,23.983547697561644,1.5220835515889681,1.379913425281332,0.18243849277496338
5575903603697575552,148225246,33,3,0.0243136978683353,1.3101024652898456,-1.6141489843207457,0.11730526387691498
5575903603697575552,148225246,34,3,0.0707685850095568,1.0840634040125277,-1.1501594878578616,0.035054683685302734
5575903603697575552,148225246,61,3,0.0862277891723027,1.5193777535645254,-1.0643527488011182,0.18166576325893402
5577259232814653696,148230302,61,3,4.546854836393314,1.7259309358725663,0.6577110890721154,0.23702341318130493
5575461428223971200,148270291,6,0,10.092824876752353,1.594733756920777,1.0040127377613237,0.20268818736076355
5575461428223971200,148270291,7,0,0.5633610679490444,1.3762383653692336,-0.24921316899226412,0.1386936604976654
5575461428223971200,148270291,34,0,3.479908892475555,1.5204896072017204,0.5415678738278796,0.18198345601558685
5577363411541818496,148277210,61,4,1.100032402808299,1.4904654139896212,0.04140547802511691,0.1733219027519226
5563444831284305792,148317892,61,1,4.232803908590599,1.401951199575177,0.6266281495537077,0.146732896566391
5575726341806510336,148319776,61,1,9.923314963047364,1.3582973719367692,0.9966567759511256,0.1329948604106903
5575728918786875520,148319913,34,2,0.019038380650369,1.6352899377952534,-1.720369994214014,0.21359476447105408
5577399970303109248,148342995,7,1,0.4438166291747432,1.9615822932210898,-0.3527964294056562,0.29260653257369995
5577399970303109248,148342995,61,1,0.1138908946743847,1.4243872615711224,-0.9435109954181685,0.15362808108329773
5578930348753317376,148399753,61,2,4.747492019922436,1.4545401106502733,0.6764642434024066,0.16272570192813873
5576369075072755712,148407643,61,1,2.6527924584374367,1.3358458732012837,0.42370327422615744,0.12575635313987732
6000949097921032832,148427689,38,1,0.0807510530159197,1.4076171770746155,-1.0928518056405563,0.14848455786705017
6007723635729905920,148772375,11,3,0.0611817753166576,1.273942176699437,-1.213377925209436,0.10514971613883972
6007723635729905920,148772375,38,3,0.1292102084046643,1.5159103729982584,-0.8887031730384966,0.1806735247373581
2316506764470447360,149021888,29,2,3.60222031831023,1.6053205750496984,0.5565702715318938,0.2055617719888687
4660702629069418368,149351776,7,3,41.49012597513994,1.4253624045877997,1.6179447534653932,0.15392529964447021
4660702629069418368,149351776,36,3,5.74556042839508,1.5446991441581752,0.7593323966602981,0.18884390592575073
4660702629069418368,149351776,39,3,0.2003259084091951,1.6512862815587257,-0.6982628792061397,0.2178223729133606
6013480055841212416,149365605,38,1,0.1633540451000786,1.4289697112403101,-0.7868701067172154,0.1550230234861374
4758999690125348352,149497993,1,0,0.0224402732515538,1.828308073195827,-1.6489718590504814,0.2620493769645691
4758999690125348352,149497993,5,0,0.0817375534845419,1.657576687839171,-1.087578365450757,0.21947363018989563
4758999690125348352,149497993,7,0,0.0211365461237463,1.4843608299665956,-1.6749659783316804,0.17153948545455933
4758999690125348352,149497993,8,0,0.0357524994091287,2.1418881011435937,-1.4466935918587183,0.3307967782020569
4758999690125348352,149497993,9,0,0.282914569305817,2.1836634990269017,-0.5483446870209243,0.3391857147216797
4758999690125348352,149497993,13,0,0.0247647137284283,1.32641851269781,-1.6061666879473235,0.12268057465553284
4758999690125348352,149497993,28,0,0.0306349933618563,1.6050189277039972,-1.5137822094371192,0.20548015832901
4758999690125348352,149497993,29,0,0.0822443627737346,1.3011077826161264,-1.0848938599453035,0.1143132746219635
4758999690125348352,149497993,31,0,0.0214391568907615,1.415197156272022,-1.6687922975655327,0.15081694722175598
4758999690125348352,149497993,33,0,0.0231686130139465,1.5048083395131868,-1.6350999644154307,0.17748118937015533
4758999690125348352,149497993,34,0,0.026898543094694,1.5434710817260837,-1.5702712420448004,0.18849849700927734
4758999690125348352,149497993,35,0,0.0703928639200083,1.5627137215296893,-1.1524713652505905,0.19387942552566528
4758999690125348352,149497993,36,0,0.0630640777404922,1.3351441027868525,-1.2002179510803688,0.12552814185619354
4758999690125348352,149497993,37,0,0.0270557047081102,1.7923631867301,-1.567741149705608,0.2534260153770447
4758999690125348352,149497993,38,0,0.0346970780399906,1.3502253131138156,-1.4597070970978863,0.1304062455892563
4758999690125348352,149497993,39,0,0.1033558764370559,1.4169347211218497,-0.9856648259391254,0.15134984254837036
4758999690125348352,149497993,61,0,0.0605809468206322,1.4936680437626015,-1.2176639433543914,0.17425408959388733
4758999690125348352,149497993,62,0,0.0200061618971994,1.5252566204814024,-1.698836221046345,0.18334291875362396
4758999690125348352,149497993,64,0,0.0222638034541541,1.4752742384777173,-1.652400640628069,0.16887275874614716
4758999690125348352,149497993,66,0,0.0217306850148186,1.581753124320919,-1.6629265832300193,0.19913870096206665
4758999690125348352,149497993,67,0,0.0306402449337803,1.6761273035059,-1.5137077673369517,0.22430700063705444
5999723314253334016,149640056,12,1,0.2788030640486947,1.416341138119275,-0.5547024576467392,0.1511678695678711
6002875579742053888,149771158,12,1,0.4995199439615533,1.5086637606977265,-0.3014471673388279,0.17859245836734772
6002875579742053888,149771158,38,1,3.91063188326672,1.6967499653411786,0.592246936742149,0.22961784899234772
6003265837643309824,149805871,12,1,0.1463211212070024,1.3818128938078749,-0.8346929796738716,0.14044924080371857
65823676643738368,149856292,42,1,23.64656020199499,1.433705913580077,1.3737679740825917,0.15646007657051086
65823676643738368,149856292,43,1,17.997481447129843,1.4587290366055747,1.2552117345398275,0.16397462785243988
66612473157921024,149856569,44,3,0.1137475759274567,1.3331341747892609,-0.9440578498141194,0.12487386167049408
67069835634816896,149856915,42,2,3.350074246069791,1.3531790202368088,0.5250544322013525,0.13135525584220886
65806050098142720,149907172,42,0,3.3533199355578103,2.247273652606618,0.5254749908337641,0.3516559600830078
65806050098142720,149907172,43,0,14.734517190263434,0.9008203696259558,1.1683359097794486,-0.045361801981925964
65806050098142720,149907172,44,0,6.599746105172319,1.5103709207543548,0.819527228383749,0.17908361554145813
65783029073414144,149907206,42,0,14.153754647082051,1.381724568732489,1.1508716629138669,0.14042147994041443
65783029073414144,149907206,44,0,6.000916290434573,1.7155119422086487,0.7782175686331337,0.23439374566078186
65864427293364864,149907532,42,2,0.1243062473269581,3.6363314464958205,-0.9055070442349077,0.5606634616851807
65864427293364864,149907532,43,2,0.0457259669514755,1.570041310670937,-1.3398371018766988,0.19591107964515686
65864427293364864,149907532,44,2,0.3236573436184543,1.6061887676522528,-0.48991453461611134,0.20579658448696136
66997817623367296,149907667,42,3,13.720323969549884,1.4363164556177888,1.1373643662196176,0.15725013613700867
66997817623367296,149907667,43,3,0.8875672842694095,1.4344228717254406,-0.05179871423985122,0.15667720139026642
66997817623367296,149907667,44,3,0.5787401575702502,1.5804930003613646,-0.2375163818042733,0.19879257678985596
67074096242336384,149907927,42,4,3.764826745770421,1.7208292748942535,0.5757449951218019,0.23573778569698334
67074096242336384,149907927,43,4,1.0170072585365475,1.8232557770489173,0.0073240525600306045,0.2608475983142853
67074096242336384,149907927,44,4,6.012298613123358,1.666768713185974,0.7790405425753968,0.22187533974647522
67103405099117568,149908035,43,4,29.134892157373866,1.579903103325668,1.4644134148907604,0.1986304521560669
67103405099117568,149908035,44,4,2.5100835061878617,1.6206664453115154,0.3996881699564676,0.20969364047050476
67527885307288192,149921970,43,0,6.945595419989907,1.6345185123262305,0.8417094821156558,0.21338984370231628
67527885307288192,149921970,44,0,31.624247822391244,1.5865266824991144,1.5000202046828555,0.20044738054275513
67429856973800960,149922231,43,0,14.721852453638304,1.270196439514418,1.1679624608014203,0.10387089103460312
67044198973423744,149922911,42,0,15.486051313789249,1.3739431045304684,1.1899406939859263,0.1379687488079071
65844361206181376,149923419,42,1,0.2492626800893532,1.3826332164647936,-0.6033427397253743,0.14070698618888855
65844361206181376,149923419,43,1,0.9215954892467432,2.1658554246402812,-0.035459659571951296,0.3356294631958008
65844361206181376,149923419,44,1,4.152792622117532,1.4395674008527173,0.6183402443006498,0.15823200345039368
65830548591559936,149923544,43,4,3.86295523416404,1.5065786457909787,0.5869196753547132,0.1779918074607849
65830548591559936,149923544,44,4,6.687099304828587,1.5343868626574542,0.8252377726120212,0.1859348714351654
67054305033161344,149979913,43,1,2.3708150174973044,1.488043569153437,0.3748976695352423,0.172615647315979
67046780250475520,149979973,42,3,0.4168859144213743,1.3067351024290088,-0.37998277839832406,0.11618755757808685
67046780250475520,149979973,43,3,0.3957338508800632,1.305672840122662,-0.4025967988074315,0.11583437025547028
67034994860213888,149979982,42,4,0.9074362360384436,1.543289127622898,-0.042183882335454885,0.18844729661941528
65787289680918528,149980659,42,4,0.0719118842826448,1.512340219524411,-1.1431993314269975,0.1796495020389557
65787289680918528,149980659,43,4,0.0671650658722742,1.529217109781796,-1.1728565549788526,0.18446914851665497
65787289680918528,149980659,44,4,0.1534774875130119,1.6145788760918343,-0.8139553189874434,0.20805926620960236
65775195052996608,149980751,42,3,47.066523005677965,1.2591785008113936,1.67271211640257,0.10008729994297028
65775195052996608,149980751,43,3,3.3911518679994277,1.4493048775445212,0.5303472394853249,0.16115975379943848
65775195052996608,149980751,44,3,48.21551660403857,1.8332223965985888,1.6831868243605728,0.26321515440940857
148449913884294528,150002984,43,1,25.36420704442489,1.3325002808195987,1.404221289613656,0.12466730922460556
148449913884294528,150002984,44,1,40.02036200611772,1.6211880672618655,1.602281012749675,0.20983339846134186
148450085683504896,150002985,43,2,0.5623744312927812,1.3893049699097355,-0.24997443301114106,0.142797589302063
148450085683504896,150002985,44,2,11.87597076151251,1.385898456923774,1.0746691196978866,0.1417314112186432
148354733113981696,150005829,43,1,34.47737424369561,1.6795248630967505,1.537534183054745,0.22518643736839294
148354733113981696,150005829,44,1,4.517005949159305,1.465955785829882,0.6548506625528391,0.16612087190151215
146881048231272192,150059917,43,2,0.1617696882690598,1.8600826140314801,-0.79110285139331,0.2695322334766388
146881048231272192,150059917,44,2,11.272437845558024,1.3546513007387264,1.0520178493540266,0.13182751834392548
5477559813377591552,150068381,4,0,2.64980571455033,1.512830194211171,0.4232140323549507,0.1797901839017868
5477559813377591552,150068381,5,0,8.200995472282388,1.7244476702329734,0.9138665721250752,0.2366500198841095
5477559813377591552,150068381,6,0,2.1879101132822454,1.4489426091567361,0.3400294757475914,0.1610511839389801
5477559813377591552,150068381,7,0,7.12675840197884,1.4170773211330743,0.8528920364080259,0.15139354765415192
5477559813377591552,150068381,8,0,13.216060728031696,1.492184338504893,1.1211020255716815,0.17382247745990753
5477559813377591552,150068381,9,0,3.814264315846692,1.6916142361902111,0.5814107849177192,0.22830133140087128
5477559813377591552,150068381,11,0,0.5627567951226102,1.4644112733915955,-0.2496792523177815,0.16566306352615356
5477559813377591552,150068381,12,0,4.552101193752909,1.4131190799771998,0.6582119079124991,0.15017876029014587
5477559813377591552,150068381,28,0,1.6562787907041396,1.5527640055332466,0.21913344058519302,0.191105455160141
5477559813377591552,150068381,29,0,2.0171979071427866,1.5624496187735777,0.3047485089037076,0.1938060224056244
5477559813377591552,150068381,31,0,3.143813247187608,1.5816058374197364,0.49745673961774345,0.19909825921058655
5477559813377591552,150068381,32,0,1.6817092756141738,0.9814119229087405,0.22575091957756094,-0.008148670196533203
5477559813377591552,150068381,33,0,1.6419426401457768,1.6085873015446663,0.21535798134414658,0.2064446359872818
5477559813377591552,150068381,34,0,0.9466404218100736,1.6771699375391704,-0.023814954976563645,0.22457706928253174
5477559813377591552,150068381,35,0,4.048810786979388,1.5983701347404058,0.6073274813644005,0.20367735624313354
5477559813377591552,150068381,36,0,9.54900115005784,1.573396195795595,0.979957945646011,0.19683809578418732
5477559813377591552,150068381,38,0,15.595653517402384,1.5264057706768912,1.1930035780707227,0.18366999924182892
5477559813377591552,150068381,39,0,2.3581966630451663,1.3764871448049838,0.37258002048503247,0.1387721598148346
5477559813377591552,150068381,61,0,1.6870929061926478,1.1440132818031092,0.2271389993264135,0.05843106657266617
5477559813377591552,150068381,62,0,12.230923145390136,1.341174002012406,1.0874592372340512,0.12748512625694275
5477559813377591552,150068381,63,0,6.034866133912336,1.395814701373292,0.7806676409705701,0.14482776820659637
5477559813377591552,150068381,64,0,5.268912465233399,2.080915337578516,0.7217209835069512,0.31825441122055054
5477559813377591552,150068381,66,0,0.2522994021487396,1.4766470408568022,-0.5980837785898809,0.16927669942378998
5477559813377591552,150068381,67,0,3.867153054624814,1.6553400580365798,0.5873913609697748,0.21888722479343414
148589276984170496,150094956,43,2,4.530577739308556,1.3540224834241756,0.6561535867799502,0.13162587583065033
148381984682184192,150095585,43,0,1.9845317244747909,1.556059067700921,0.29765804587569294,0.1920260787010193
148112913570653568,150173438,44,4,24.384214467442607,1.5390859121111093,1.387108769443679,0.1872628629207611
4568179481487113088,150586084,25,2,0.2347332304739473,1.5207412430168796,-0.6294254242919733,0.18205532431602478
4568179481487113088,150586084,52,2,0.0653381728950611,1.8473731355842316,-1.1848330142237187,0.2665546238422394
4801730010515510784,151584725,5,1,2.9616316562557543,1.3302710961031818,0.47153104351570224,0.12394015491008759
4801730010515510784,151584725,6,1,3.1956693420008073,1.5714268112956054,0.5045618362322117,0.1962941586971283
4801730010515510784,151584725,7,1,2.3893961243361233,1.5415899310156047,0.3782881549203341,0.18796886503696442
4801730010515510784,151584725,32,1,6.904924493294307,1.4703552606563273,0.8391589338451464,0.16742227971553802
4801730010515510784,151584725,33,1,1.728689536231517,1.4443040884456524,0.2377170032170175,0.15965864062309265
4801105586693968512,151628056,5,0,0.0226731168186928,1.7169213061900217,-1.6444887743544765,0.2347503900527954
4801105586693968512,151628056,6,0,0.0188283908808463,1.5795076486447082,-1.725186794238791,0.19852173328399658
4801105586693968512,151628056,7,0,0.027007544509268,1.7284757816262324,-1.568514899505697,0.23766329884529114
4824652147895424384,1518580,5,1,0.4071915869368814,1.5067219959368114,-0.3902012036198081,0.17803312838077545
4824652147895424384,1518580,32,1,0.6808582826552733,1.3570301264353768,-0.1669432749678629,0.13258948922157288
4896343707641120384,152370762,5,4,0.5958419382730684,1.452693676388247,-0.2248689322730743,0.1621740460395813
4896343707641120384,152370762,31,4,1.9110622936430104,1.5204644615610907,0.28127484369786215,0.18197627365589142
4896343707641120384,152370762,32,4,0.2085681606485021,1.5766200831765511,-0.6807519888627578,0.1977270543575287
5999484273570254976,152377452,12,4,0.1481146576986876,1.4522756480003407,-0.8294019607720833,0.1620490550994873
4836879747987851392,152560209,3,4,3.755367772939084,1.6261990323469069,0.5746524750117713,0.21117369830608368
4836879747987851392,152560209,4,4,0.0264280407140795,1.5279644997124857,-1.5779350328049018,0.1841132640838623
4836879747987851392,152560209,5,4,0.2469009100738948,1.546729281983932,-0.6074773092606873,0.18941430747509003
4836879747987851392,152560209,30,4,0.0204520882216584,1.5062421134594024,-1.6892623425787496,0.17789478600025177
4836879747987851392,152560209,32,4,0.1767663495124342,1.467603238460688,-0.7526004068116785,0.16660866141319275
6126748690015467392,15363037,37,2,0.0195707105708678,1.3404301090034216,-1.7083934057469774,0.12724417448043823
6126748586936452736,15363163,64,1,21.930886607421815,1.7113145094692466,1.3410561894033577,0.23332983255386353
4839139553621190784,153710618,4,1,0.4288731380435099,1.4329908379826957,-0.3676711544249793,0.15624341368675232
4839139553621190784,153710618,5,1,0.1183562164097945,1.4415925157222689,-0.9268089267372612,0.1588425189256668
4839139553621190784,153710618,31,1,0.5703219347774917,1.6346082464339626,-0.2438799249787476,0.21341368556022644
4839368423837856640,153713422,4,1,0.1524684880608093,1.415736971375524,-0.8168199063201568,0.1509825736284256
4839368423837856640,153713422,5,1,11.588630958218724,1.4836272600598255,1.0640321329083926,0.17132480442523956
4839368423837856640,153713422,31,1,7.238847500414741,1.4652008963279852,0.8596694275158648,0.1658971756696701
4839368423837856640,153713422,32,1,0.4149080720657113,1.642127859558842,-0.38204811585915815,0.21540696918964386
4839371237040134528,153713427,4,3,4.2598301682766495,1.1729769640135181,0.629392284912446,0.06928948312997818
4839371237040134528,153713427,5,3,0.811177688987153,1.3242673610830311,-0.09088400288625312,0.12197567522525787
4839371237040134528,153713427,31,3,0.5719247650581314,1.2755873201027927,-0.24266109755154847,0.10571019351482391
4839371237040134528,153713427,32,3,2.911842737770454,1.1676067830110317,0.4641679159834494,0.06729660928249359
5986939704898034432,153781478,12,4,7.323645837216091,1.949936487107879,0.8647273341739319,0.2900204658508301
4791203492348511232,153797977,4,2,0.0631542828956946,1.768737419262553,-1.1995971918244894,0.24766336381435394
4791203492348511232,153797977,5,2,0.5158036534623212,1.3556346101502175,-0.28751558605828553,0.13214264810085297
4791203492348511232,153797977,31,2,3.046986430016451,1.5290824795839713,0.4838705200637966,0.18443091213703156
4791684047650720384,153834085,5,1,0.3063266486873156,1.3977805211240544,-0.5138152203843275,0.14543898403644562
4791684047650720384,153834085,31,1,0.0693558498708248,1.4069405052958384,-1.1589169021541708,0.1482757329940796
4791763208191226624,153835701,4,1,0.0537762559438341,1.4668678337803827,-1.269409437879464,0.16639098525047302
4791763208191226624,153835701,5,1,1.1974830213848424,1.494810012122286,0.07826936444889937,0.1745859980583191
6077114158167878016,15444490,10,0,0.1986274119930925,1.5939434531984074,-0.7019608159825236,0.20247291028499603
6077114158167878016,15444490,11,0,0.5289484669703399,1.4086518378903958,-0.2765866372287029,0.14880366623401642
6077114158167878016,15444490,37,0,0.0395574639584864,1.3390370992077283,-1.4027715589388539,0.12679260969161987
6077114158167878016,15444490,64,0,0.281932120491339,1.4973877975430152,-0.5498554421934293,0.17533428966999054
6077461328965244160,15446998,10,4,0.0831769868198903,1.5524706358017426,-1.0799968164932927,0.19102339446544647
6077461328965244160,15446998,11,4,1.0158324672015833,1.85030755354102,0.006822089277336243,0.2672439217567444
6127109913945947392,15523450,64,0,7.057436027804989,1.7112883217805441,0.8486469501703977,0.23332318663597107
178581445929766656,155662476,59,4,27.935494062655483,1.4830613551059533,1.4461563566264701,0.17115911841392517
178729291587897984,155866593,59,2,23.58419404048924,1.5737053448365959,1.3726210393797322,0.1969234198331833
178657174793130496,155973055,59,0,1.6193229974894974,1.3505882478492612,0.20933348373569716,0.1305229663848877
178659781838389376,156045426,59,1,0.0653943269063045,1.4688924951075892,-1.1844599259900106,0.1669900119304657
5113845146476653696,156215773,4,0,0.0140368098950056,1.6181469620631481,-1.8527315818370442,0.20901796221733093
5576497816714969344,156710937,61,2,26.40051019265148,1.4127251877627038,1.4216123197377197,0.15005768835544586
5578127400323942016,156758257,6,2,30.25566431079463,1.3685282262184104,1.4808066929929564,0.13625375926494598
5578127400323942016,156758257,7,2,1.7177808356734934,1.6643795912509185,0.23496775324999813,0.22125238180160522
5578127400323942016,156758257,61,2,0.257151507446511,1.5772945845845714,-0.5898109254600111,0.1979128122329712
5578115511854638080,156759709,61,2,7.659353835910491,1.6127929426304901,0.8841921329047563,0.2075786143541336
5563971188116686080,156810164,61,0,4.777339966983217,1.5616457366288887,0.6791861478212021,0.19358251988887787
5552244793526284672,156831398,61,2,7.363056750740029,1.530696408609219,0.8670581478131483,0.1848890632390976
5556592090703647744,156836091,61,0,3.3690443309182028,1.0708692410491625,0.5275067255986584,0.029736444354057312
5556524470738581632,156836265,61,4,19.4167132377154,1.616199696466729,1.2881757166363457,0.20849502086639404
5577783390624001152,156841731,61,0,1.0616870013267066,1.5224053407465663,0.02599650014267055,0.18253029882907867
5564131648094763776,156843167,61,3,28.940192584435675,1.4191946708212992,1.4615014168341391,0.1520419716835022
5563765785600697472,156846362,61,2,2.113082989044144,1.6070009673675527,0.3249165538323284,0.20601613819599152
5555470756346115200,156887755,34,3,0.0243336384631167,1.025505276687174,-1.6137929487628913,0.010937899351119995
5556065596433165312,156933657,6,0,0.3379591355694974,1.579297441044679,-0.47113580939567057,0.19846393167972565
5556065596433165312,156933657,7,0,0.3424803359294052,1.5917326092826865,-0.46536435918619906,0.2018701136112213
5556065596433165312,156933657,33,0,0.2137695456232924,1.6006141423714728,-0.6700541658710801,0.20428664982318878
5556065596433165312,156933657,34,0,0.1831995079487223,1.4555175182312148,-0.737075697128003,0.16301743686199188
5577941548499406592,156943923,61,1,0.0238518652710912,1.4193533255889217,-1.6224776524617546,0.15209051966667175
5564117521944064000,156948827,61,2,0.3795754964847252,1.2324774138651018,-0.4207018312419861,0.09077896922826767
5555756118269501824,156986710,61,4,0.25486450450276,1.543681181727681,-0.5936906453938467,0.18855760991573334
5555763746131416064,156988577,6,2,0.048497295997201,1.354849225760706,-1.314282475134478,0.13189096748828888
5555763746131416064,156988577,7,2,0.0787452880699255,1.386899356179062,-1.1037754239060324,0.14204494655132294
5555763746131416064,156988577,61,2,0.0147991817804747,1.4696532197544194,-1.8297622952839558,0.16721487045288086
5556052058696292480,156989166,61,2,0.4110048804936563,1.3415939754171768,-0.3861530210463654,0.1276210993528366
5569314299230776576,156990832,61,4,10.855703144259753,1.5428203610340707,1.0356579587698982,0.18831536173820496
5569479810090831104,156991337,7,1,0.0410236055544079,1.4571552901195437,-1.3869661722570366,0.16350583732128143
5565685185008197888,157007338,61,1,0.2327349982583818,1.5380116997808104,-0.6331383034017358,0.1869596391916275
5564101995640955008,157008175,61,1,12.14842854201801,2.6304680893296615,1.0845201034759793,0.4200330376625061
5555858785167602432,157008710,7,1,0.0667304654361254,1.5566196594057107,-1.1756758459923877,0.1921825110912323
5555806489645822592,157008805,61,0,1.189579072904281,1.732507119997404,0.0753933154650282,0.23867502808570862
5552384603301755264,157009924,61,4,8.420190887002823,1.5381676460331974,0.9253219371329386,0.18700367212295532
5569411876591510400,157013949,61,0,0.0399025901523387,1.3588331997893537,-1.398998912524834,0.1331661492586136
5552485964529593856,157037747,61,4,0.506452341373909,1.5923306383249796,-0.29546141674429477,0.20203325152397156
5552795786290547712,157039362,61,0,0.2179922728283939,1.381608706931809,-0.6615589005580845,0.14038506150245667
5562890608704621056,157044623,61,3,0.3746798276332627,1.3644140951855839,-0.4263396882336411,0.13494619727134705
5563781075684638720,157045968,61,4,0.0614462365119459,1.537153302243593,-1.2115047118360744,0.1867171823978424
5563778189466432512,157091587,61,3,33.83362281936987,1.1484390765688437,1.5293485034404186,0.06010796129703522
5578346443656712960,157126706,61,0,1.2002205482837969,1.4033745083559532,0.07926105779907765,0.14717358350753784
5565429312334118272,157212164,6,4,0.1962493897225252,1.5296387059322092,-0.7071916851078147,0.18458886444568634
5565429312334118272,157212164,7,4,0.8400229821382318,1.4084412205014982,-0.0757088319389753,0.14873872697353363
5565429312334118272,157212164,61,4,1.144548351382244,1.4509455160020235,0.05863414414463727,0.1616511046886444
5578332012566717696,157250628,33,3,0.0877287175118467,1.220221912687065,-1.0568582194571128,0.08643881976604462
5578332012566717824,157250629,34,4,0.1918909133406438,1.6080650992515562,-0.716945590034985,0.20630362629890442
5565562009644657536,157309606,61,2,26.48720402715176,1.5877146945852323,1.4230361168602217,0.2007724642753601
5565538267065698048,157316453,34,0,2.061199393069307,1.4034017623422466,0.31412000590882677,0.14718201756477356
53140397701490176,15734486,44,4,4.370257769028436,1.5457403180894125,0.6405070535299435,0.1891365349292755
5566237212862859776,157404515,61,2,0.0430665257777926,1.5609953339429483,-1.3658601618197455,0.19340160489082336
5565971096690260992,157459952,33,0,1.1564844317107457,1.7191818589953518,0.06313979078789674,0.23532181978225708
5565971096690260992,157459952,34,0,12.71050045994005,1.4187157462102467,1.104162650688661,0.15189538896083832
5565986386773432320,157460158,61,3,4.480473080652697,1.477401845953561,0.6513238723619387,0.16949863731861115
5564697243749065472,157530079,61,4,4.688232525968932,1.329386528696248,0.6710091435904213,0.12365127354860306
5565916842663096320,157571722,33,2,6.13618477445746,1.6234751947174622,0.7878984287308621,0.21044565737247467
5565916842663096320,157571722,34,2,10.013414358453986,1.4785406110813737,1.0005821877889425,0.1698332577943802
53577689793895808,15760655,44,4,0.6308046865720315,1.5307258201017508,-0.20010508873436578,0.18489740788936615
53563915834929024,15760711,44,3,43.59091451210925,1.7963455484782098,1.639395980359654,0.2543898820877075
5572216254013241088,158108871,6,2,0.0229482724235024,0.7665419700033452,-1.6392500031628938,-0.11546406149864197
5572216254013241088,158108871,32,2,0.0404339700954195,1.367101982130088,-1.393253614444612,0.13580091297626495
5572216254013241088,158108871,33,2,0.0534381992598064,1.5816030155496428,-1.2721481849768579,0.19909748435020447
5566867125647181568,158112413,32,0,0.0233653272897904,1.2887313908233886,-1.6314281312176933,0.1101624071598053
5566867125647181568,158112413,33,0,0.0183766708473369,1.3273965859341692,-1.7357331634389166,0.12300069630146027
51874997255145728,15815612,43,2,9.592150491516088,1.3570304989259938,0.9819159838024591,0.13258960843086243
51874997255145728,15815612,44,2,50.94542373234868,1.4820615866130997,1.7071051787830906,0.1708662509918213
53105728725582976,15818292,44,3,0.7580025234305393,1.309877751155853,-0.12032934857621227,0.11723076552152634
6105019621530973824,158979332,11,0,0.4978899923436353,1.629983384859853,-0.3028666030147915,0.2121831774711609
51942307982163072,15934387,43,1,26.242639204387174,1.3697355703729128,1.419007509600885,0.13663673400878906
6105495954881884288,159376787,11,1,0.0427990905355194,1.4727628198129805,-1.3685654594821999,0.16813281178474426
46922075328601216,15938971,44,2,8.492250206895989,1.3506651285820959,0.9290227812868807,0.1305476874113083
6202888422827248256,159421340,11,0,0.2665288947853339,1.470404853489872,-0.5742557015883193,0.16743692755699158
6202888422827248256,159421340,38,0,3.1625874217525474,1.6853987222041091,0.500042539325369,0.22670266032218933
6101758646135111936,159537270,11,4,0.0962073880029235,1.5598136672738259,-1.0167915761357647,0.19307272136211395
6101758336902846208,159537293,11,3,2.101887309088232,1.2846833994227889,0.3226094279847618,0.10879611223936081
52798204769096960,16004519,43,3,13.772639671901528,1.5321286163449936,1.139017185360373,0.1852952241897583
4843859619599388928,160142472,4,4,8.547094030310687,1.4941740135555777,0.9318184818485076,0.1744011789560318
4843859619599388928,160142472,5,4,2.74178439176028,1.56454640568731,0.43803329977865985,0.19438844919204712
4843859619599388928,160142472,31,4,6.313298028893248,1.2832938771465725,0.8002562913467919,0.10832612216472626
2985096248901553920,160181529,32,0,0.0884317249738023,1.6878156994620073,-1.0533919034333894,0.22732502222061157
6078062727456392192,160204059,10,0,0.2438672501593265,1.3753510500851993,-0.6128465187927876,0.13841356337070465
6078062727456392192,160204059,11,0,0.1907132543214582,1.6517143285391425,-0.7196191230072764,0.21793493628501892
2890062263458259968,160328683,32,4,20.70445923175685,1.9222530379261358,1.3160638918907535,0.283810555934906
2889841330340029440,160378588,32,3,0.0694240584480792,1.5888072128271238,-1.1584900015824078,0.20107120275497437
2889841330340029440,160378588,33,3,0.059657786073471,1.5531738677109932,-1.2243328675330483,0.19122007489204407
6101033170325458560,160404487,11,2,1.9733718404239005,1.6279667989956492,0.29520892662510606,0.21164554357528687
5907070763611393280,160417246,11,4,0.0334460499611032,1.4933146175706338,-1.4756551658301744,0.17415131628513336
5907070763611393280,160417246,38,4,0.7909398699069415,1.4695313462457604,-0.10185653187556355,0.16717885434627533
6201606774526785792,160444470,11,2,0.1894411763580621,1.804153718890087,-0.7225256181443105,0.2562735378742218
6198087096066975744,160502580,11,0,0.3321504261222594,1.3741143807294347,-0.47866518605721364,0.13802288472652435
6198502818841737984,160504689,11,1,7.1695480599910955,1.4299145797639798,0.8554917803207861,0.15531009435653687
6079191754098974848,160523545,64,0,4.953661712875067,1.6560162471075253,0.6949263451549411,0.2190645933151245
1704563363189801600,160600404,14,3,3.0623944914684618,1.510292618796088,0.4860611349032405,0.17906109988689423
1704563363189801600,160600404,15,3,1.9045557713000827,1.3258182674445023,0.2797936946725941,0.1224839985370636
1704563363189801600,160600404,18,3,0.86637775328429,1.122243719782907,-0.06229270798698021,0.050087183713912964
1704563363189801600,160600404,19,3,0.561748282099858,1.1162631322612266,-0.2504582470364577,0.04776658117771149
1704563363189801600,160600404,20,3,3.9751813611335423,1.306868069279583,0.5993569474183406,0.11623174697160721
1704563363189801600,160600404,21,3,0.3834517114005187,1.45933647862179,-0.4162893195708575,0.16415543854236603
1704563363189801600,160600404,22,3,0.4710740102173922,1.7155551469167938,-0.326910855707706,0.23440468311309814
1704563363189801600,160600404,25,3,1.683420367540822,1.350036540365222,0.2261925773587571,0.13034552335739136
1704563363189801600,160600404,26,3,2.162189487397894,1.3617127573043135,0.33489375146984823,0.1340855062007904
1704563363189801600,160600404,40,3,7.790383999875876,1.3404279933843914,0.891558865235713,0.12724348902702332
1704563363189801600,160600404,41,3,0.4549272060725952,1.406160906316511,-0.34205809022237516,0.14803501963615417
1704563363189801600,160600404,48,3,3.5757782047401507,1.386269030298672,0.5533705729189673,0.14184752106666565
1704563363189801600,160600404,49,3,5.07694259945276,1.4161991466960806,0.705602253244698,0.15112432837486267
1704563363189801600,160600404,52,3,2.93266079616223,1.4972860228485836,0.4672618335655664,0.17530477046966553
1704563363189801600,160600404,53,3,1.50146458225715,3.909424580140742,0.1765150921715646,0.5921128392219543
1704563363189801600,160600404,55,3,0.9756749019538948,1.2238995169063402,-0.010694866561880779,0.08774576336145401
1704563363189801600,160600404,59,3,0.0832255249102759,1.413305762635421,-1.0797434570314042,0.1502361297607422
1704563363189801600,160600404,60,3,1.2055745871535988,1.333539002087482,0.08119408471526482,0.12500572204589844
6198569850392022784,160692586,11,2,0.0312198426184086,1.5228807583896151,-1.5055692905794622,0.1826658993959427
6003698907782693248,160703933,11,2,0.1588524323144839,1.3594891598054486,-0.7990061309616601,0.13337574899196625
6074499794397016960,161468577,64,4,23.164448259137817,1.5835459241748624,1.3648219604482814,0.19963066279888153
4786900244356750976,161476008,5,1,0.1343250533060863,1.5402941021057217,-0.8718429784120916,0.1876036524772644
4786900244356750976,161476008,31,1,0.4264020057542456,1.9025099883906182,-0.370180761096981,0.2793269455432892
4786900244356750976,161476008,32,1,2.347803551272635,1.4681060206853174,0.37066175519587613,0.16675741970539093
4786900240059859968,161476011,4,4,21.164658864819557,1.49660516835806,1.3256112728421376,0.17510724067687988
4786900240059859968,161476011,5,4,1.1370330723277238,1.627021127330693,0.055773096983728995,0.21139319241046906
4786900240059859968,161476011,31,4,0.8428861750820056,1.560267093169897,-0.07423106935086388,0.19319894909858704
4786900240059859968,161476011,32,4,3.4683249347031095,1.6108404580380808,0.5401197781749767,0.20705252885818481
4810403160097500800,161576005,5,4,49.61299007983639,1.514591645013207,1.695595401921114,0.18029555678367615
4810403160097500800,161576005,6,4,59.95212248894719,1.5286703729004858,1.7778045630632322,0.1843138486146927
4810403160097500800,161576005,31,4,16.876125630607962,1.539408760487253,1.2272727497316918,0.1873539537191391
5991052393805794944,161786522,39,3,0.3913274439209244,1.1622288868462514,-0.40745969381800934,0.06529166549444199
5374878170505816832,162024196,36,1,0.3029832333850071,1.3739467815821507,-0.5185814040054355,0.13796991109848022
5374878170505816832,162024196,37,1,0.1105968500701355,1.4751374232407106,-0.9562572420786934,0.16883248090744019
5375025440645600000,162143408,10,2,7.458398948636197,1.3721131549775922,0.8726456099930174,0.1373899281024933
5375025440645600000,162143408,36,2,4.630528629583993,1.6104631749231795,0.6656305736974591,0.20695079863071442
5375025440645600000,162143408,37,2,20.241117217175287,1.6517574567124889,1.306234479900154,0.21794627606868744
5374686516185587584,162582602,10,2,2.807319153909191,1.3695611276541442,0.44829178880205234,0.1365814208984375
5374686516185587584,162582602,63,2,0.1837487299263784,1.3604013423483614,-0.7357756540825253,0.13366705179214478
5374686516185587584,162582602,64,2,2.180925455532215,2.011882881937698,0.33864082156022784,0.3036026954650879
5375536541752546560,162924722,63,3,0.0325724705557334,1.4680332846448312,-1.4871492998314815,0.16673590242862701
5375536541752546560,162924722,64,3,0.029310454636916,1.253320842415432,-1.532977445131248,0.09806226193904877
6079698074902470272,163042241,10,4,2.8473281696754165,1.5295554165254792,0.4544375247745004,0.1845652163028717
6079698074902470272,163042241,11,4,0.1927272544807384,1.5397711411232335,-0.7150568653464854,0.1874561756849289
6079698074902470272,163042241,37,4,1.4286875719794674,1.227533997727504,0.15493726685938589,0.08903352916240692
6079698074902470272,163042241,64,4,0.8107202459186311,1.5919552325023019,-0.09112898131730744,0.20193085074424744
5381966176513651456,163358850,36,2,0.0246951517388019,2.0165616516248166,-1.607388300981603,0.3046115040779114
6079629222288915968,163948584,64,2,17.363600110748248,1.5415420628810739,1.2396397753413209,0.18795537948608398
6078570392593197696,164592809,10,1,2.7417594251877686,1.3740203246824012,0.43802934509350155,0.13799315690994263
6078570392593197696,164592809,64,1,13.721244172880327,1.3230881324815387,1.1373934927787643,0.12158877402544022
4842810376269515776,165219666,4,2,0.0177337420781119,1.8032437316877812,-1.7511996122616793,0.25605443120002747
4842810376269515776,165219666,31,2,0.019717882974064,1.580574019963643,-1.7051397152587537,0.19881483912467957
6078403541703974272,165590041,64,4,7.435974694269282,1.5438773255856377,0.871337903133493,0.18861278891563416
6112762833391909760,165823257,11,4,0.0338458867487973,1.4852135952614756,-1.4704941030746383,0.17178891599178314
710124055862102144,165883616,47,4,0.0711686545205012,2.0469319440246183,-1.1477112446528466,0.3111034035682678
6127918089350574848,165909066,10,2,14.7755898406827,1.8691435444501945,1.1695448269096784,0.27164265513420105
6127918089350574848,165909066,11,2,14.284113558338154,1.5425761336392634,1.1548532941645133,0.18824660778045654
6127918089350574848,165909066,37,2,7.694906524542062,1.545289099000192,0.8862033485180956,0.18900974094867706
6127918089350574848,165909066,64,2,8.377810172372977,1.4237463950680906,0.9231305157262137,0.15343263745307922
6112460673852380416,166302995,38,3,4.413528428321746,1.762745356720576,0.6447859283003827,0.24618957936763763
6075310478057303936,166558572,11,1,5.393345890362156,1.1555132806730442,0.7318582737015809,0.06277494132518768
6115448562335910656,166577188,11,0,0.7011131071838622,1.6485312835668318,-0.15421191375472695,0.2170971930027008
6115448562335910656,166577188,38,0,0.2179255842870145,1.652528456498309,-0.6616917809403879,0.21814894676208496
6115396507331915904,166616708,11,1,0.0282656371671468,1.4630042663369804,-1.5487412201788502,0.16524559259414673
6115396507331915904,166616708,38,1,0.0288108830069058,1.5679650270534773,-1.540443431093068,0.19533637166023254
6115777934786544384,166661782,11,0,0.0623017325703876,1.5611322383093424,-1.2054998757277287,0.19343969225883484
5278760380137682816,167119957,4,0,4.956198841457551,1.5709790361293035,0.695148721839514,0.1961703896522522
5278760380137682816,167119957,6,0,3.4649071711650556,2.1212496795700306,0.5396916038566809,0.3265917897224426
5278760380137682816,167119957,7,0,1.4166203900457568,1.490053438821268,0.15125348850051026,0.17320184409618378
5278760380137682816,167119957,9,0,1.3306855788761844,1.6517782561157965,0.12407545029787603,0.21795174479484558
5278760380137682816,167119957,28,0,3.846280876266554,1.725452100300306,0.5850409955963309,0.23690290749073029
5278760380137682816,167119957,29,0,1.044512705327321,1.5393945522555457,0.018913727054467106,0.18734994530677795
5278760380137682816,167119957,31,0,1.434872415822937,1.276212486765296,0.15681328673732672,0.10592298954725266
5278760380137682816,167119957,32,0,1.9918735962002887,1.46895398372583,0.29926177474303756,0.1670081913471222
5278760380137682816,167119957,33,0,0.8327061757537205,1.5763672600834446,-0.07950821439079968,0.19765740633010864
5278760380137682816,167119957,34,0,1.2888258836084858,1.776158943661936,0.11019424947467674,0.24948182702064514
5278760380137682816,167119957,35,0,6.259438079447116,1.2936393053349378,0.7965353475955801,0.11181320250034332
5278760380137682816,167119957,37,0,15.190091359118046,1.5400020315750222,1.1815603858865864,0.187521293759346
5278760380137682816,167119957,38,0,5.796821764692983,1.9508104575650875,0.7631899472915378,0.29021507501602173
5278760380137682816,167119957,62,0,0.964743141673556,2.1643361066571316,-0.015588300130410609,0.3353247046470642
5283645647739198464,167123841,8,4,0.5555433217993633,1.4922823870886883,-0.2552820687036584,0.17385101318359375
5283645647739198464,167123841,9,4,6.659724326570487,1.5607924633240242,0.823456252304365,0.19334515929222107
5283645647739198464,167123841,10,4,1.1393055828358158,1.5130361233212033,0.056640225518727105,0.1798492968082428
5283645647739198464,167123841,11,4,0.6712092520011058,1.5090127425249888,-0.17314206578881108,0.17869290709495544
5283645647739198464,167123841,12,4,0.3467074532925226,1.5419720301888407,-0.4600368220614525,0.18807649612426758
5283645647739198464,167123841,13,4,0.6962933187469723,1.5461380346161873,-0.1572077720587202,0.18924826383590698
5283645647739198464,167123841,28,4,0.0449247544108242,2.079344873827207,-1.347514288360678,0.3179265260696411
5283645647739198464,167123841,29,4,0.3899816334794422,1.6319684235157885,-0.4089558459641588,0.21271175146102905
5283645647739198464,167123841,30,4,0.6455414076017402,1.64492684512497,-0.19007589512307815,0.2161465883255005
5283645647739198464,167123841,32,4,1.1437533161230875,1.5876081423553445,0.05833236624116737,0.20074331760406494
5283645647739198464,167123841,33,4,1.2551132885469891,1.6852207947220939,0.09868292770573513,0.22665680944919586
5283645647739198464,167123841,34,4,0.078077159327715,1.332266422358884,-1.1074759959399887,0.12459108233451843
5283645647739198464,167123841,35,4,0.0424531352197541,1.5990644753427898,-1.3720902310181622,0.20386597514152527
5283645647739198464,167123841,37,4,0.8404947402184456,1.552196813701702,-0.07546500001303201,0.1909467875957489
5283645647739198464,167123841,38,4,0.3245508142964689,1.6431067227306857,-0.4887172968886749,0.2156657725572586
5283645647739198464,167123841,39,4,0.2624061084002847,1.6145987641412773,-0.5810260594882232,0.20806461572647095
5283645647739198464,167123841,61,4,0.9001989066346135,1.5575466965600917,-0.04566151888347903,0.19244107604026794
5283645647739198464,167123841,63,4,0.8459481108507877,1.244723817055218,-0.07265627509607778,0.09507299959659576
5283645647739198464,167123841,64,4,0.1579406505424166,1.5930336696862741,-0.801506077501885,0.2022249549627304
5283645647739198464,167123841,65,4,4.303336952708172,1.445700601221795,0.633805352815664,0.16007836163043976
5283645647739198464,167123841,66,4,0.7501748174782052,1.7204804210184694,-0.12483751871611314,0.2356497347354889
5283645647739198464,167123841,67,4,0.4144918049059758,1.4538380885645001,-0.38248405165000976,0.1625160425901413
5280313062351780736,167247123,4,0,0.0563472112597222,1.444033885977117,-1.2491275732200822,0.1595773845911026
5280313062351780736,167247123,5,0,0.0367816768574035,1.3982761746545722,-1.4343684753884045,0.14559295773506165
5280313062351780736,167247123,6,0,0.1118981049149243,1.6905455112221397,-0.95117726853832,0.2280268669128418
5280313062351780736,167247123,7,0,0.0632103595556915,1.6810650031325516,-1.199211739293996,0.2255845069885254
5280313062351780736,167247123,8,0,0.0410258952026766,1.6016605260381325,-1.3869419336791127,0.204570472240448
5280313062351780736,167247123,12,0,0.06173481336277,1.6558559659526537,-1.2094698604799163,0.21902255713939667
5280313062351780736,167247123,13,0,0.0719510836517036,1.1741398111249133,-1.1429626607904595,0.0697198137640953
5278895448265103744,167344029,2,2,3.403650003954707,1.3525922361747724,0.5319448953708312,0.13116689026355743
5278895448265103744,167344029,3,2,0.062615054126053,1.595828805328702,-1.20332123966694,0.20298629999160767
5278895448265103744,167344029,4,2,0.7915308533588832,1.3377250316658529,-0.10153215195468031,0.12636685371398926
5278895448265103744,167344029,5,2,2.6850905855825227,1.5877319636926042,0.4289589418623942,0.20077718794345856
5278895448265103744,167344029,6,2,0.3815794118580359,1.344414766497963,-0.4184150657228114,0.128533273935318
5278895448265103744,167344029,7,2,0.0351350572965739,1.3568183355161845,-1.4542593338994794,0.13252170383930206
5278895448265103744,167344029,9,2,3.034198808051361,1.566160042779845,0.4820440334088391,0.19483613967895508
5278895448265103744,167344029,10,2,0.0810850469970064,1.3479707075047171,-1.0910592272368769,0.12968045473098755
5278895448265103744,167344029,13,2,0.1330510160253699,1.370229600642678,-0.8759818046712032,0.1367933452129364
5278895448265103744,167344029,27,2,5.307623685070303,1.3556633092457937,0.7249001234442813,0.13215184211730957
5278895448265103744,167344029,30,2,0.1268563566832944,1.3323284545100373,-0.8966877657042992,0.12461130321025848
5278895448265103744,167344029,31,2,3.4076410155961705,1.5144357507041895,0.5324538369287485,0.1802508533000946
5278895448265103744,167344029,32,2,0.4448980911804273,1.4814812326925333,-0.3517394575731193,0.17069615423679352
5278895448265103744,167344029,33,2,0.0630957314002932,1.3585125633492408,-1.2000000209778154,0.1330636590719223
5278895448265103744,167344029,34,2,3.2824042651093315,1.5329265084454757,0.5161920682752844,0.18552133440971375
5278895448265103744,167344029,35,2,0.3929395153909701,1.3594518437631258,-0.4056742947989899,0.13336382806301117
5278895448265103744,167344029,36,2,14.496129296449716,1.371059370511603,1.1612520539864504,0.13705626130104065
5278895448265103744,167344029,39,2,0.8688258980412534,1.5579677104387188,-0.06106724207293615,0.19255845248699188
5278895448265103744,167344029,61,2,0.5122924927133672,1.3691794237430273,-0.2904820083575996,0.13646036386489868
5278895448265103744,167344029,62,2,7.509668442960176,1.6733551471619605,0.8756207630266066,0.22358812391757965
5278895448265103744,167344029,63,2,0.1313515319574715,1.5453458322017408,-0.8815648576567724,0.18902568519115448
5278895448265103744,167344029,64,2,0.6957197825529002,1.493391065734182,-0.1575656474524496,0.17417354881763458
5278895448265103744,167344029,65,2,6.034832955839507,1.5493762940689986,0.7806652533296118,0.19015690684318542
5280124667903854464,167364796,4,2,0.036312184811128,1.28519298779698,-1.4399476199146666,0.1089683473110199
5280124667903854464,167364796,5,2,0.0252670910069216,1.7225915684055328,-1.5974447554035587,0.2361823171377182
5280124667903854464,167364796,8,2,0.0190019851784716,1.5363459882703003,-1.72120102499355,0.1864890307188034
5280124667903854464,167364796,12,2,0.0214681788120428,1.5541958502750997,-1.6682047960587456,0.19150574505329132
5280124667903854464,167364796,31,2,0.0241402071209652,1.3240937796713392,-1.6172590080122244,0.12191874533891678
5280124667903854464,167364796,32,2,0.0223672647654057,1.3414492135691372,-1.6503871213982515,0.12757423520088196
5280124667903854464,167364796,39,2,0.0426176657648416,1.719647861862235,-1.3704103409477308,0.23543952405452728
5280124667903854464,167364796,62,2,0.0214804288582397,1.6493991894873588,-1.6679570521667206,0.21732577681541443
5266729004207512320,167439141,5,1,7.500407195384055,1.394631933508689,0.8750848417794187,0.14445960521697998
3187477818011309568,167485031,32,3,0.1714316131379241,1.3481177920591494,-0.7659090882157346,0.12972784042358398
6118580864809003904,167670025,11,2,0.2400584221052326,1.2681334433899034,-0.6196830528288889,0.10316495597362518
6118580864809003904,167670025,38,2,0.0242819816801486,1.8980370954882706,-1.6147158728836881,0.27830469608306885
5480342161908642944,167723520,63,4,0.0196332501697361,1.5562684783153111,-1.7070077995370363,0.19208452105522156
5479559378348931200,167796747,61,3,14.064543710395526,1.4669192719252224,1.1481256471111159,0.16640621423721313
5479559378348931200,167796747,62,3,1.2027950773970786,1.2828404344517639,0.08019164202270997,0.10817264020442963
5479559378348931200,167796747,63,3,1.3758559703236612,1.8329113193723758,0.13857297273117852,0.2631414532661438
5479559378348931200,167796747,64,3,14.774977541118476,1.271462733807375,1.1695268293992673,0.10430363565683365
5479559378348931200,167796747,65,3,7.0332245155214785,1.1375357413174845,0.8471544812404738,0.05596505105495453
5479559378348931200,167796747,66,3,17.15005969763667,1.4138813853130041,1.2342656361169273,0.15041297674179077
5479559378348931200,167796747,67,3,3.6900532081493425,1.3709775186903685,0.5670326284460657,0.13703033328056335
5286310069347838080,167808464,9,4,19.787022642217444,1.5041713383672937,1.296380450733253,0.17729730904102325
5286978645433636480,167815117,5,2,12.281744126201849,1.5861831764871483,1.0892600451926924,0.20035333931446075
5286978645433636480,167815117,7,2,29.002311272239982,1.4310875951229887,1.4624326093742064,0.15566621720790863
5286978645433636480,167815117,10,2,37.6101507601625,1.5575004170964206,1.5753050742938546,0.19242817163467407
5286978645433636480,167815117,11,2,5.47499193906463,1.9623650629012717,0.7383834840925527,0.292779803276062
5286978645433636480,167815117,28,2,1.483105443917343,1.5826075394066346,0.17117202903480322,0.19937323033809662
5286978645433636480,167815117,30,2,2.549105781441193,1.6174668672377388,0.4063878579655334,0.2088353931903839
5286978645433636480,167815117,31,2,3.18906576288911,1.3596506567864577,0.5036634750803297,0.13342733681201935
5286978645433636480,167815117,32,2,21.317976182536995,1.400366681550486,1.3287459726586675,0.14624176919460297
5286978645433636480,167815117,33,2,27.061806605801976,1.62426342155923,1.432356786080557,0.21065646409988403
5286978645433636480,167815117,34,2,36.26320583309791,1.3559368416481514,1.559466195073355,0.1322394609451294
5286978645433636480,167815117,36,2,0.1490101220717188,1.3546659884036694,-0.826784229503273,0.13183222711086273
5286978645433636480,167815117,37,2,1.0368237964332396,1.3082532216027942,0.015704956255151614,0.11669181287288666
5286978645433636480,167815117,39,2,38.474672489340215,1.5228588650203578,1.5851749316437973,0.18265965580940247
5286978645433636480,167815117,61,2,0.843688870326357,1.5435915136714093,-0.07381767992886105,0.18853238224983215
5286978645433636480,167815117,63,2,1.8269008624862677,1.5756174135117504,0.26171498082635414,0.19745077192783356
5286978645433636480,167815117,66,2,4.0937077797859285,1.3823410182185336,0.6121168382883958,0.14061519503593445
5286760525517037568,167891320,27,0,0.1054785356760715,1.7162002861098653,-0.9768359080046572,0.23456797003746033
5286760525517037568,167891320,28,0,0.485903003741124,1.558984663246736,-0.3134504162196381,0.19284184277057648
5286760525517037568,167891320,29,0,2.896505414336712,1.7200777536612353,0.4618743446473872,0.23554807901382446
5286760525517037568,167891320,30,0,3.349113482610936,1.6730192468316987,0.5249298635854681,0.22350093722343445
5286760525517037568,167891320,31,0,0.5566941013533094,1.5795341501191544,-0.25438338038747565,0.19852901995182037
5286760525517037568,167891320,32,0,0.4428893233099135,1.4297699030298023,-0.35370478908412567,0.1552661508321762
5286760525517037568,167891320,33,0,1.0197084334405664,1.2960692048147247,0.008476011125371675,0.11262819170951843
5286760525517037568,167891320,34,0,0.5097696437112221,1.8384124416470065,-0.2926260299127181,0.26444295048713684
5286760525517037568,167891320,36,0,0.4347032738486429,1.6581376116329145,-0.36180708902690817,0.21962057054042816
5286760525517037568,167891320,37,0,5.84878317228769,1.5005515497056847,0.7670655213762386,0.17625091969966888
5286760525517037568,167891320,38,0,0.4336251563084002,1.6657260868993478,-0.36288553060018425,0.22160358726978302
5286760525517037568,167891320,61,0,2.4196764343991473,1.5922036722010031,0.38375729484402443,0.20199862122535706
5286760525517037568,167891320,62,0,0.8956605995697866,1.8436059205991457,-0.04785653013497232,0.2656680941581726
5286760525517037568,167891320,63,0,0.9402346925245706,1.71981508496853,-0.0267637283721695,0.23548175394535065
5286760525517037568,167891320,64,0,0.8718913703357383,1.5011309787773626,-0.059537620804319145,0.17641858756542206
5286760525517037568,167891320,66,0,4.666115155369574,1.5811465900737771,0.6689554525727028,0.19897213578224182
5286760525517037568,167891320,67,0,0.3618813829742566,1.6192082521435303,-0.4414337586423397,0.20930270850658417
5479300237202287616,167892392,61,4,10.253087970825629,1.5891005245119725,1.010854683608219,0.20115137100219727
5479300237202287616,167892392,62,4,1.6486682678172329,1.583431284961086,0.21713327908312388,0.1995992213487625
5479300237202287616,167892392,63,4,22.799156773293856,1.412410589197134,1.3579187849181071,0.1499609649181366
5479300237202287616,167892392,64,4,1.0795856707066172,1.5438720283676477,0.03325711155107291,0.18861129879951477
5479300237202287616,167892392,65,4,23.174269484263405,3.1567088464956012,1.365006052894044,0.49923452734947205
5479300237202287616,167892392,66,4,6.6819041489536986,1.4316153459484624,0.8249002414489154,0.15582634508609772
5479300237202287616,167892392,67,4,28.28249672928391,1.650640624493056,1.451517745573541,0.21765252947807312
6084455730432295552,168511614,11,0,0.551973748592615,1.344453514973411,-0.2580815764600627,0.12854579091072083
6084455730432295552,168511614,64,0,2.947026748366525,1.5275051572551461,0.4693840776942627,0.18398268520832062
2326464319728427264,169286118,29,2,0.0342565371828342,1.5755114028473125,-1.4652565397474566,0.19742155075073242
6073936913158509568,169475779,11,4,12.632427914385037,1.519878352093834,1.101486828661772,0.18180882930755615
6073936913158509568,169475779,37,4,2.879942114420566,2.669884368190806,0.4593837587174345,0.42649245262145996
6073936913158509568,169475779,38,4,2.0768599651964452,1.6724495588505188,0.3174072146897837,0.22335302829742432
2988451335618073856,169532460,5,1,1.9214177004939572,1.3861621093310041,0.283621787193917,0.14181402325630188
2988451335618073856,169532460,32,1,0.4641506423151428,1.4248890742526343,-0.3333410442115753,0.15378105640411377
6081288488414884480,169995319,11,2,0.0309042840000017,1.3638609515289106,-1.5099813138243132,0.13477009534835815
5557138307464889984,170105549,61,1,0.0563694045546111,1.4042194353712425,-1.2489565527266009,0.14743497967720032
5552639964877361152,170160263,61,2,47.10775852155855,1.6168681631132467,1.6730924401567722,0.2086746096611023
5558925937275832448,170222826,61,2,0.3834076819111218,1.557567966336027,-0.4163391898977359,0.1924470067024231
5558952978389910912,170274417,6,3,0.043376310238175,1.4665243718605248,-1.3627473935701728,0.166289284825325
5558952978389910912,170274417,7,3,0.0183006319035104,1.7418942961541979,-1.7375339142329769,0.2410217970609665
5557819832876088576,170277600,61,1,3.500255730844778,1.4093029307366738,0.5440997753324167,0.14900435507297516
5558581072879333632,170277704,61,0,6.543406612707528,1.7481860717708586,0.8158039085557865,0.24258765578269958
5557751388277155328,170315869,61,0,1.0897029382472103,1.6135469727181282,0.03730812191923463,0.2077816128730774
5557462766474663040,170316724,61,2,23.236006047970363,2.3365908190097784,1.3661614808442932,0.36858266592025757
6085726357858581120,170324620,64,4,13.876998256950769,1.5114445487475505,1.1422955337393053,0.17939221858978271
5558891719273931008,170362590,61,4,1.9149775121838917,1.6194256055760237,0.2821636783611484,0.2093610018491745
5563244067333324160,170364940,61,0,0.2772949870849288,1.455490700408031,-0.5570579814896901,0.1630094349384308
5563243517577528192,170365121,61,4,16.94128794351948,1.4353729219861278,1.2289464240289916,0.1569647490978241
5558894949089347968,170367425,61,3,4.830587750871439,1.3444448887280744,0.6839999757682125,0.12854300439357758
5562454824142916608,170403073,61,2,3.242151911459708,1.678563352153973,0.5108333599150401,0.22493773698806763
4871160115360229120,170671853,4,4,5.685295104968889,1.87159552750521,0.7547530124069141,0.2722119987010956
4871160115360229120,170671853,5,4,9.447906996136858,1.457311588293144,0.9753356094929098,0.1635524183511734
4871160115360229120,170671853,31,4,16.064133176745994,1.513974345638911,1.2058572959184957,0.18011851608753204
4871160115360229120,170671853,32,4,14.243011100595725,1.5948962206086499,1.153601812765248,0.20273242890834808
4871160149719966976,170673573,4,4,8.160939061668186,1.5671972917347226,0.9117401349592216,0.19512367248535156
4871160149719966976,170673573,5,4,10.582798365651769,2.0901962393369056,1.0246005215806806,0.3201870620250702
4871160149719966976,170673573,31,4,20.687905317479956,1.451855249158324,1.315716519901454,0.16192331910133362
4871160149719966976,170673573,32,4,46.478134005391496,1.5059125800186772,1.6672486837663272,0.1777997612953186
4871041608622321664,170674625,31,2,0.157135801362146,1.3324280914122761,-0.803724855299641,0.12464378029108047
4871041608622321664,170674625,32,2,0.5325849343482429,1.6122580900301278,-0.2736111229552188,0.20743456482887268
4871187053395116032,170698265,4,0,23.2948390726428,1.296017709949622,1.36725971456511,0.11261093616485596
4871187053395116032,170698265,5,0,1.6849884077084514,1.370270221522569,0.22659691738209328,0.13680621981620789
4871187053395116032,170698265,31,0,6.116844270552027,1.7270721029139375,0.7865274238849451,0.2373104691505432
4871187053395116032,170698265,32,0,21.16402376614264,1.491443166578893,1.3255982405513256,0.17360670864582062
4872803576007316480,170699229,5,4,8.827961853829477,1.1242950292729372,0.9458604478802883,0.05088029056787491
4872803576007316480,170699229,31,4,6.703005015081242,1.5500846129027113,0.8262695443260394,0.19035540521144867
4872803576007316480,170699229,32,4,10.79055082230344,1.5680935037282413,1.0330436145606783,0.19537195563316345
4867591989673394944,170766490,4,0,2.0440992896912387,1.4968488967577438,0.3105019873128332,0.17517796158790588
4867591989673394944,170766490,5,0,1.0385708101816191,1.244251876847149,0.01643611225557426,0.09490830451250076
4867591989673394944,170766490,31,0,1.116086908626997,1.466688669982131,0.04769801401693112,0.16633793711662292
4867591989673394944,170766490,32,0,0.2216648794328853,1.9702315925249303,-0.65430311102061,0.29451727867126465
4877824564574114304,170849193,5,1,3.489589859650583,1.5687842193234889,0.5427743862263161,0.1955632120370865
4867855155206070784,170867166,32,0,0.1347192828131318,1.3119882419491937,-0.8705702378332055,0.11792994290590286
6002978452796712704,170986304,12,0,0.1557144553853054,1.5576214627096894,-0.8076710688534202,0.19246192276477814
172109926647364608,171088770,43,1,2.9891478220751178,1.4080429797192247,0.4755473926987334,0.14861591160297394
172109926647364608,171088770,44,1,17.876456272486188,1.6199281526069167,1.2522814309119137,0.20949575304985046
2895726874349631232,172196228,7,1,0.0237232009188499,1.447493397935625,-1.624826712963552,0.16061659157276154
2895507384340007936,172255639,6,2,1.0720649785163912,1.5170683575029433,0.03022110900962773,0.18100515007972717
2895507384340007936,172255639,7,2,2.7589822370722388,1.5915366108341984,0.4407489044058464,0.2018166333436966
2895507384340007936,172255639,33,2,0.752967155101024,1.7464959868842027,-0.12322396758348211,0.24216759204864502
6002930898917300096,172608996,12,4,1.2099431032117265,1.3754915888869066,0.0827649483807798,0.13845793902873993
6002929902484820992,172615355,12,3,0.2000919591769285,1.53195094289181,-0.6987703634140375,0.1852448582649231
47508699141782656,17291848,43,2,2.4440010958515024,1.9410794875064428,0.38810139630134877,0.2880433201789856
5560787002444155776,173177973,7,0,0.0367197294695623,1.4875551913188083,-1.4351005270979487,0.17247308790683746
5560787002444155776,173177973,8,0,0.0253335704567459,1.7032131518023323,-1.5963035974030428,0.2312690019607544
5560787002444155776,173177973,34,0,0.0802216317582756,2.0653288383758355,-1.0957085084425358,0.31498920917510986
145260574251299200,17336502,43,0,10.100092129510458,1.5172476366405172,1.0043253352831898,0.18105646967887878
145260574251299200,17336502,44,0,2.408838816101984,1.4040766358020982,0.38180774079558544,0.14739081263542175
6009015699344451200,173871956,12,2,10.857116266833982,1.4653508174535257,1.0357144886314043,0.16594161093235016
145257580657289088,17387985,43,0,5.041316610677358,1.6362444015729471,0.702543973365984,0.21384817361831665
5586843022846201856,174744789,8,2,0.0402830731004494,1.5624555694403293,-1.3948774055549065,0.1938076764345169
5538682214525847808,175080575,35,3,5.930216305116497,1.3375626510725696,0.7730705345793123,0.12631413340568542
5538708156129113856,175081065,8,3,0.2966209372541917,1.1423026641381007,-0.5277981971611848,0.05778118968009949
5538708156129113856,175081065,34,3,26.91280073747987,1.5668311981841074,1.4299588958886087,0.19502221047878265
5955394544512544512,17509396,12,3,0.2998118919652612,1.289280251927698,-0.5231511449618421,0.11034733057022095
5587582508831567488,175177533,7,4,0.088197854297922,1.5492099623948508,-1.0545419803773362,0.19011028110980988
5587582508831567488,175177533,8,4,0.0983307986875994,1.63290660566954,-1.0073104332856655,0.212961345911026
5586861748901598592,175182771,34,3,5.157184791772999,1.4204211758969547,0.7124126932856114,0.1524171382188797
5538720319477064704,175183709,8,1,6.255605924007821,1.4215812331612396,0.7962693822481731,0.15277168154716492
5538694068636369280,175184542,8,0,0.1265993791181777,1.4262477781153573,-0.8975684242255401,0.15419498085975647
5536809162106730112,175385241,35,4,2.4680735414405284,1.5274781660746992,0.3923580962712399,0.1839750111103058
5045955869739712128,175491080,3,2,5.397703003372542,1.3610882742933286,0.7322089847879464,0.13388629257678986
5045955869739712128,175491080,4,2,1.7621697521201043,1.685513688265629,0.24604774224745393,0.2267322838306427
5045955869739712128,175491080,30,2,0.8282370222218463,1.5178066404478308,-0.08184536042227332,0.18121644854545593
5045955869739712128,175491080,31,2,0.7800498198101535,2.297788412409294,-0.10787765913299248,0.36131003499031067
5047709900023081088,175493040,31,0,1.8516551366231957,1.6410803762519206,0.2675601042638779,0.21512985229492188
5538425822158520576,175526653,7,1,2.903598600926664,1.5473418855772902,0.46293657847035097,0.18958628177642822
5538425822158520576,175526653,34,1,1.569917485964197,1.387214935968189,0.1958768267199618,0.14214375615119934
2429059676701547008,176283271,29,3,0.0207837808565247,1.4210054985967817,-1.6822754454330862,0.15259575843811035
6013035857441615616,176463845,12,0,2.300333386160871,1.5841280499661796,0.3617907826599811,0.19979028403759003
5265670762922792960,176873028,1,0,0.3975953913183314,1.5275466145407597,-0.4005586583205435,0.18399447202682495
5265670762922792960,176873028,2,0,0.1623281087050336,1.2779415242085008,-0.7896062713105015,0.10651098191738129
5265670762922792960,176873028,4,0,0.0250617468336424,1.4196592901021887,-1.600988661443544,0.1521841287612915
5265670762922792960,176873028,6,0,0.0351809014503741,1.328947874020623,-1.4536930366833487,0.12350794672966003
5265670762922792960,176873028,12,0,0.0330412601122365,1.3898338118575062,-1.4809433981145128,0.14296287298202515
5265670762922792960,176873028,27,0,0.0237847240081807,2.0909131031728014,-1.6237018836562969,0.3203359842300415
5265670762922792960,176873028,66,0,0.0454078077094262,1.4791386415505243,-1.3428694653459452,0.17000888288021088
5266642318884581632,176980970,1,2,5.275593769208378,1.7675481624179519,0.7222713466575933,0.24737125635147095
5266642318884581632,176980970,2,2,5.251340659130182,1.604312478614302,0.7202701922694675,0.20528896152973175
5266642318884581632,176980970,3,2,0.1855554110921007,1.3960010618406797,-0.731526376409916,0.14488574862480164
5266642318884581632,176980970,4,2,0.5360126806616831,1.3895792827390976,-0.2708249359112355,0.1428833305835724
5266642318884581632,176980970,5,2,3.73680624110332,1.5564253678604694,0.5725005796261375,0.19212830066680908
5266642318884581632,176980970,6,2,1.3591971472717168,1.3793214322144611,0.13328245435020938,0.13966548442840576
5266642318884581632,176980970,7,2,0.3707332688487466,1.3833866707217004,-0.4309384395190685,0.14094358682632446
5266642318884581632,176980970,8,2,16.201231375864623,1.353621887825984,1.20954802438335,0.1314973682165146
5266642318884581632,176980970,9,2,10.745497247717614,1.3850062915113872,1.0312265172628492,0.14145174622535706
5266642318884581632,176980970,10,2,7.0732590438908645,1.500265573830937,0.8496195635359012,0.17616814374923706
5266642318884581632,176980970,12,2,0.3793125860707199,1.5333250842004178,-0.421002746618654,0.18563424050807953
5266642318884581632,176980970,13,2,43.92355822018425,1.5555034812828852,1.64269751479352,0.19187098741531372
5266642318884581632,176980970,27,2,0.1694650040328876,1.3848624047431235,-0.7709199737123053,0.14140662550926208
5266642318884581632,176980970,29,2,1.840331046109361,1.3627449566872731,0.2648959526653405,0.13441458344459534
5266642318884581632,176980970,30,2,12.32312169707486,1.3808708137879186,1.0907207373804824,0.14015305042266846
5266642318884581632,176980970,31,2,1.1459246487893278,1.3192651556996098,0.05915606118207537,0.12033209204673767
5266642318884581632,176980970,34,2,0.24414989922489,1.3589226260031935,-0.612343450638851,0.1331947296857834
5266642318884581632,176980970,36,2,13.110496564047429,1.4020225856751167,1.117619141037274,0.14675500988960266
5266642318884581632,176980970,37,2,0.6366844301802251,1.5494593336933118,-0.1960757704746083,0.19018018245697021
5266642318884581632,176980970,39,2,2.515958067348258,1.6009306168086312,0.40070339858920045,0.20437251031398773
5266642318884581632,176980970,61,2,8.130939800093207,1.6174851814225837,0.9101407456440093,0.20884031057357788
5266642318884581632,176980970,63,2,5.7043633809735725,1.369248765288976,0.7562071832752567,0.1364823579788208
5266642318884581632,176980970,64,2,10.371965505028458,1.5105902500314714,1.0158610637277896,0.1791466772556305
5266642318884581632,176980970,65,2,2.8442534991080883,1.536717402313131,0.45396830104420416,0.18659400939941406
5266642318884581632,176980970,66,2,2.5955887755794036,1.34288412706788,0.4142358874182667,0.12803854048252106
5266642318884581632,176980970,67,2,1.1216371371107023,1.365876713565573,0.049852380236745944,0.13541150093078613
5280784679820094848,177078973,3,0,2.170895195954921,1.5639148098851279,0.33663885757826983,0.19421309232711792
5280784679820094848,177078973,4,0,1.1221881496748514,1.5833827695374127,0.05006567823484665,0.1995859146118164
5280784679820094848,177078973,5,0,5.753563963243389,1.6680789662859394,0.7599369455743263,0.22221660614013672
5280784679820094848,177078973,7,0,0.3688357753581682,1.7552321438678686,-0.43316696102647284,0.24433456361293793
5280784679820094848,177078973,8,0,14.079855914602517,1.6319510652258953,1.1485982105011765,0.21270713210105896
5280784679820094848,177078973,9,0,0.171403779543996,1.5239083240980333,-0.7659796058842081,0.18295884132385254
5280784679820094848,177078973,11,0,0.0934183323597268,1.5650197866459934,-1.0295678897075466,0.19451983273029327
5280784679820094848,177078973,12,0,0.409915994172092,1.561917259850728,-0.38730513597682154,0.1936580240726471
5280784679820094848,177078973,13,0,3.90551955072897,1.3890000189822687,0.5916788161917309,0.14270225167274475
5280784679820094848,177078973,61,0,0.9775886280533717,1.5546699401525739,-0.009843859067963897,0.19163820147514343
5280784679820094848,177078973,63,0,0.2529370568605263,1.4985167736220426,-0.5969875391368927,0.1756616085767746
5280784679820094848,177078973,64,0,0.2223660081341,1.4669786645904703,-0.6529316002197549,0.16642379760742188
5280784679820094848,177078973,65,0,0.9060102617129429,1.5582929155726368,-0.042866883360640005,0.19264909625053406
5280784679820094848,177078973,66,0,0.4204038042839316,1.3786506996760197,-0.3763333626436915,0.13945424556732178
5280784679820094848,177078973,67,0,0.9562158065826905,1.4562173034308121,-0.01944408154077129,0.1632261872291565
5280499395210041472,177115978,1,3,0.1934980084176015,1.4205763608901758,-0.7133235006073286,0.1524645835161209
5280499395210041472,177115978,3,3,0.1255774813152469,1.272565560267506,-0.9010882317559262,0.10468016564846039
5280499395210041472,177115978,5,3,0.0256740194745496,1.293682116635557,-1.590506133706303,0.11182757467031479
5280499395210041472,177115978,8,3,0.0142539051070353,1.7706256252489962,-1.8460661367715696,0.24812674522399902
5280499395210041472,177115978,9,3,0.020917087187708,1.5699911585128734,-1.679498793341155,0.1958972066640854
5280499395210041472,177115978,13,3,0.9884367357191716,2.0472853853517874,-0.005051122210012774,0.31117838621139526
5280499395210041472,177115978,29,3,0.0232927286299996,1.546185621053513,-1.632779632996488,0.18926163017749786
5280499395210041472,177115978,30,3,0.0198743693290024,1.3162902899651188,-1.701706643867964,0.11935167759656906
5280499395210041472,177115978,31,3,0.0718303544561613,3.6065544040783326,-1.1436919904792011,0.5570924878120422
5280499395210041472,177115978,32,3,0.1261535486190787,1.3510266518111411,-0.8991005285470539,0.1306639164686203
5280499395210041472,177115978,35,3,0.2148788789655205,1.6668508383557101,-0.6678062704067377,0.22189673781394958
5280499395210041472,177115978,36,3,0.0238466219013832,1.341937784109243,-1.6225731341709206,0.12773238122463226
5280499395210041472,177115978,37,3,0.0296490171419865,2.206332812489516,-1.5279896988220345,0.3436710238456726
5280499395210041472,177115978,38,3,0.1589378663421393,1.387643089423324,-0.7987726214566298,0.1422777771949768
5280499395210041472,177115978,39,3,0.0920860047043069,1.542432283061316,-1.0358063691684511,0.18820610642433167
5280499395210041472,177115978,61,3,0.2331747671734432,1.3319810522486821,-0.6323184482108221,0.12449804693460464
5280499395210041472,177115978,62,3,0.0205718196482754,1.561048465980324,-1.6867272917640397,0.19341638684272766
5280499395210041472,177115978,63,3,0.2146751959663045,1.182699679157782,-0.6682181319832375,0.07287447899580002
5280499395210041472,177115978,67,3,0.1046208859397287,1.3093320938540944,-0.9803816066455511,0.11704981327056885
138475453636454272,177998752,58,3,0.0250394203646176,1.6376600038220244,-1.6013757287907509,0.2142237424850464
235786905619492096,178108104,18,2,0.6631681857886976,1.354581397073032,-0.17837631639599913,0.13180510699748993
5094664333632217088,178286446,31,2,0.9210404393591622,1.61019752160973,-0.03572130117668292,0.2068791538476944
6140121843780100096,178725301,10,1,0.194747199870063,1.3060420824566719,-0.7105287780185444,0.11595717072486877
6140121843780100096,178725301,37,1,0.3793236977077826,1.5310975040064565,-0.42099002452042383,0.18500284850597382
4896131604975984000,178857861,5,3,6.517845943893864,1.628516417649519,0.8141040912461114,0.21179214119911194
4896131604975984000,178857861,31,3,6.7006853757634595,1.3564631280344965,0.8261192265349833,0.1324079930782318
4896131604975984000,178857861,32,3,10.097213015339246,1.3663880579901984,1.0042015184277402,0.13557405769824982
4891725758804028672,178969584,5,0,35.13692621476925,1.442055808871863,1.545763766654084,0.1589820683002472
4891725758804028672,178969584,32,0,170.9634609764052,1.5277653452442832,2.2329033010824313,0.18405665457248688
4891725758804030208,178969585,5,4,0.3604412353808922,1.505682099326599,-0.4431655304733174,0.17773328721523285
4891725758804030208,178969585,32,4,1.2214947523951427,1.8025953118497675,0.08689160556182714,0.25589823722839355
4658386881465454464,179040880,4,0,0.0202437287277835,1.5785209072856312,-1.6937094910044312,0.19825033843517303
4658386881465454464,179040880,8,0,0.0196690215093731,1.6793393736387168,-1.706217244740039,0.22513847053050995
4658386881465454464,179040880,9,0,0.0389106145038122,1.4278388977129655,-1.409931910457954,0.15467920899391174
4658386881465454464,179040880,12,0,0.0584267122556763,1.376459280027645,-1.2333885512969611,0.13876336812973022
4658386881465454464,179040880,13,0,0.0202245680680416,1.6694538873057636,-1.694120744754958,0.22257442772388458
4658386881465454464,179040880,27,0,0.0261814066551986,1.6780014487649648,-1.5820070237066022,0.22479233145713806
4658386881465454464,179040880,29,0,0.0166100757670042,1.4347856450981076,-1.7796283865060536,0.15678702294826508
4658386881465454464,179040880,37,0,0.0205991596735913,1.5316362801576646,-1.6861504959690068,0.18515564501285553
4658386881465454464,179040880,38,0,0.0250413345134258,1.5561561341861756,-1.6013425302390367,0.1920531690120697
4658386881465454464,179040880,61,0,0.028942182431547,1.181602726826696,-1.5384687233123087,0.072471484541893
4658386881465454464,179040880,63,0,0.0285915996201141,1.2971088112281572,-1.5437615463994474,0.11297640949487686
4658386881465454464,179040880,64,0,0.0208723894527231,1.5223805290665948,-1.6804278304395217,0.1825232207775116
6009975332460963840,179051609,12,2,2.056324724469259,1.8327161211578387,0.3130916973414724,0.2630952000617981
6009975332460963840,179051609,38,2,1.639345677917349,1.9219312054837996,0.21467054001520386,0.28373783826828003
6110461521194069120,179130687,11,4,0.0236447571496183,1.5823000618640544,-1.6262651421739227,0.19928884506225586
4660457919032600704,179234597,4,4,2.5341018546731853,1.6532016819122555,0.4038240667563918,0.21832583844661713
4660457919032600704,179234597,5,4,17.54961640052832,1.5441045403731313,1.2442676280978817,0.18867669999599457
4660457919032600704,179234597,6,4,19.55140643252614,1.463318234684854,1.2911780038759035,0.16533878445625305
4660457919032600704,179234597,7,4,4.9234440538532835,1.4827537835376832,0.6922690073025435,0.17106904089450836
4660457919032600704,179234597,10,4,1.0834417020956852,1.5934149063504612,0.03480554773769477,0.2023288756608963
4660457919032600704,179234597,11,4,8.698547673795579,1.9572665203857,0.9394467480314778,0.2916499674320221
4660457919032600704,179234597,13,4,3.9474700478996687,1.5190039112893419,0.596318843409592,0.18155889213085175
4660457919032600704,179234597,28,4,29.2288897911704,1.4999164534313818,1.465812319745897,0.1760670691728592
4660457919032600704,179234597,29,4,1.3417701681537555,1.4232022563754403,0.12767813189054925,0.15326662361621857
4660457919032600704,179234597,32,4,2.0541539085004303,1.5841600100413786,0.31263298020980945,0.199799045920372
4660457919032600704,179234597,33,4,6.645178907452387,1.509097346922098,0.8225066779007822,0.1787172555923462
4660457919032600704,179234597,34,4,5.685522015907242,1.4560879009936545,0.7547703455796098,0.16318759322166443
4660457919032600704,179234597,38,4,0.3615995162571283,1.722409832671956,-0.4417721591894851,0.23613649606704712
4660457919032600704,179234597,39,4,6.643208886982089,1.6140721181872864,0.82237790847608,0.20792293548583984
6111042819247380864,179291515,11,0,0.1770779326180863,1.6165230240935928,-0.7518355570444337,0.20858189463615417
4651792839690242432,179315999,1,3,0.2885075784034597,1.1552447824866405,-0.5398427744819861,0.06267401576042175
4651792839690242432,179315999,2,3,0.6930962010936306,1.1695610174771438,-0.1592064815433188,0.06802288442850113
4651792839690242432,179315999,3,3,7.939359048118588,1.3474303327224328,0.8997854428425663,0.12950631976127625
4651792839690242432,179315999,5,3,0.8184743756467743,1.6508246999581693,-0.08699491269603392,0.21770095825195312
4651792839690242432,179315999,6,3,4.744983482744189,1.230132021704236,0.6762347049897519,0.08995172381401062
4651792839690242432,179315999,7,3,3.74237284183754,1.3479378700629987,0.573147052828991,0.12966987490653992
4651792839690242432,179315999,8,3,0.0742649011479755,1.2016940825582114,-1.1292163926902243,0.07979392260313034
4651792839690242432,179315999,9,3,0.2081591509675691,1.5999127061601537,-0.6816044921643668,0.20409628748893738
4651792839690242432,179315999,10,3,2.055495448687348,1.6726740590973568,0.3129165194952746,0.22341132164001465
4651792839690242432,179315999,12,3,2.859611742122485,1.5115964008844858,0.45630707169542767,0.1794358491897583
4651792839690242432,179315999,30,3,2.28715577845257,1.596481122893705,0.3592957454630435,0.20316378772258759
4651792839690242432,179315999,31,3,5.019041821465383,2.0456344555988033,0.7006208144818118,0.3108280301094055
4651792839690242432,179315999,33,3,0.5579298570310758,1.350466749068477,-0.2534203971540954,0.13048389554023743
4651792839690242432,179315999,35,3,3.73404685103416,1.364631145274131,0.5721797627340983,0.13501527905464172
4651792839690242432,179315999,37,3,0.9005708904706989,1.31870076966374,-0.045482095028273765,0.1201462596654892
4651792839690242432,179315999,39,3,0.2402181327414533,1.4517758464051111,-0.6193942132015173,0.16189956665039062
6117102949382766976,179367270,38,3,7.298873195350694,1.1567638495913333,0.8632558186391306,0.06324470788240433
6117091335791141632,179410793,11,2,0.0565844040987867,1.5745503344259826,-1.2473032533907842,0.19715654850006104
6053614296155611648,179488671,11,4,0.0136144753626414,1.574440884191538,-1.8659990896526877,0.1971263587474823
5861105924894081280,179556239,11,2,5.341150150005282,1.7070911487232614,0.7276347869940696,0.2322567105293274
5861105924894081280,179556239,64,2,2.6644133398597103,1.3690463880076962,0.4256015993629022,0.1364181637763977
6007977176247794816,179622269,12,1,0.1613611816975083,1.4518740294909351,-0.7922009343117266,0.1619289368391037
6007977176247794816,179622269,38,1,0.3790185253189396,1.4451070658879823,-0.42133956246683835,0.1599000245332718
6117656381689358080,179715817,11,4,3.716509624866751,1.5352886486435662,0.5701352618587601,0.18619003891944885
6116685787798275968,180022630,38,1,0.0181456852081752,1.3161091968350944,-1.7412266275454968,0.11929192394018173
5525256593428618240,181358989,62,1,1.7859005263341334,1.5443853602597781,0.2518572652651311,0.18875567615032196
2326864473241905152,183533586,29,0,4.921250212313929,1.5729990775506266,0.6920754465347382,0.19672846794128418
2082241759050306944,185188499,56,1,0.0511687080795045,1.4777607340837742,-1.2909955480664848,0.1696041226387024
2082759521646392832,185343763,56,2,3.1506701445664964,1.3623302816238652,0.49840293764138976,0.1342824101448059
142796499973911808,186616851,58,3,0.1764967022026222,1.5653963601730954,-0.7532634048856987,0.19462431967258453
142081302019408896,186619918,58,2,0.0502780194599659,1.5732091485487603,-1.298621838276234,0.19678646326065063
139037368500882688,186720624,58,0,0.0405792808324333,1.4481130048417608,-1.3916956540319338,0.1608024537563324
230530071809812480,187172355,59,3,7.768065928291389,1.3409049659743668,0.8903129028128796,0.12739799916744232
188874420957475968,187529066,59,0,9.019534838508726,1.520874356053533,0.9551841403935998,0.18209333717823029
2083488948836309504,187936071,56,3,26.650918568601156,1.1322960583996065,1.4257121823081733,0.05395999550819397
2071438919870108672,188555157,56,3,20.02127724605554,1.1419326565414152,1.3014917795978533,0.05764049291610718
2983526111937415040,188969240,5,1,14.025251586813374,2.243407462637047,1.1469106604297874,0.35090816020965576
2983526111937415040,188969240,32,1,49.215233499850925,3.7148943564391406,1.692099549940687,0.5699464678764343
2983526215016630912,188969241,5,2,13.821648598888094,1.328789225997451,1.1405598472855463,0.12345609813928604
2983526215016630912,188969241,32,2,15.523446981860031,1.8214728682984735,1.1909881627329753,0.2604227066040039
5885609533590397568,189421351,12,2,0.1010725440889045,1.527443052048942,-0.9953668025700484,0.1839650273323059
5893392327911628928,190267332,11,0,0.1642502784872605,1.5228808106414695,-0.7844938854188483,0.18266591429710388
5893392327911628928,190267332,38,0,0.2417285580371886,1.6822301834131534,-0.6166720386063799,0.22588542103767395
5885736875087999488,190372855,12,0,2.310972169044251,1.7149814488600452,0.3637947153175826,0.23425942659378052
5885736875087999488,190372855,39,0,1.6024653018466324,1.8443316133326924,0.2047886345217846,0.26583901047706604
6027119982956696704,191694822,39,4,0.1436836268388633,1.5512565139931362,-0.8425927181473617,0.19068361818790436
6422068442263108864,1922376562,66,3,0.302905436843532,1.2407602229705486,-0.5186929314543536,0.09368786215782166
6422068442263108864,1922376562,67,3,0.6464221914930737,1.4104002394178317,-0.18948374276942878,0.1493423730134964
434698385971110400,192651737,58,0,0.2412787660453638,1.683937867665359,-0.6174808968856672,0.22632606327533722
435096924580530176,192653406,58,3,10.387977957021828,1.5696095482232364,1.0165310193983566,0.19579163193702698
434759065273696256,192835056,58,1,7.964719869542081,1.2643817708672047,0.9011705056548498,0.10187822580337524
3416029971479737984,19330721,43,3,18.372701575240896,1.086520865519863,1.2641730209195345,0.03603807091712952
3416029971479737984,19330721,44,3,15.596282239807223,1.4949152089736266,1.1930210858440928,0.17461656033992767
5630731369497024000,19349317,9,1,13.229934190075015,1.5494684778932277,1.121557683873188,0.19018274545669556
1599483685462706688,193993253,23,1,0.1299013287144578,1.5018719665397737,-0.8863864066605687,0.17663291096687317
1599483685462706688,193993253,50,1,0.0503400341458202,1.4179108433534005,-1.298086494204099,0.15164892375469208
3416152085989711232,19400360,43,3,1.4702742756927387,1.4195105369392018,0.16739835876774248,0.1521386206150055
3416152085989711232,19400360,44,3,0.4100173745800803,1.5406078476548912,-0.38719773956227194,0.18769210577011108
234871974505484288,194855412,58,2,0.3199800628297372,1.6693557679180744,-0.49487708065750785,0.22254890203475952
2070182624751742592,195926788,56,2,29.27417085743538,1.9210293066670894,1.466484603244316,0.2835339903831482
4723899224517492992,197787320,2,4,3.369946912753353,1.5995948413082037,0.5276230594233043,0.2040099948644638
4723899224517492992,197787320,3,4,0.0508560538622284,1.4850609795555505,-1.2936573416111021,0.17174428701400757
4723899224517492992,197787320,4,4,1.2923551172746497,1.6900228542977458,0.11138186681819474,0.22789257764816284
4812387026967964160,200340257,4,0,0.954173164994671,1.7078089277889503,-0.020372801630180536,0.23243927955627441
4812387026967964160,200340257,31,0,17.02178218667339,1.6050536222495375,1.23100502891648,0.20548954606056213
4812786596365701248,200368439,5,0,2.9024178245171397,1.683216953647737,0.4627599325057131,0.226140096783638
4812786596365701248,200368439,6,0,3.6876031219138534,1.4075599462661803,0.5667441739765775,0.14846689999103546
4812786596365701248,200368439,31,0,3.7393090830744926,1.6456371189611474,0.5727913644657584,0.21633407473564148
4812786596365701248,200368439,32,0,0.935774545364458,1.7297690187601107,-0.02882877252074391,0.23798811435699463
4814443246854579072,200441011,4,2,0.1558493091338671,1.342234106643506,-0.8072951185717052,0.12782827019691467
4814443246854579072,200441011,5,2,13.466548926428096,1.3417405022811704,1.1292563132998947,0.12766852974891663
4735002470891376512,200740049,2,4,2.0989225930624102,1.645177229358596,0.3219964223719464,0.2162126898765564
4735002470891376512,200740049,3,4,13.103732773773984,1.545840877980832,1.1173950278795048,0.18916478753089905
4735002470891376512,200740049,4,4,3.638421582331655,1.2388641769583433,0.5609130191564272,0.09302369505167007
4735002470891376512,200740049,29,4,0.1938143945573273,1.8573005409382042,-0.7126139711208419,0.2688821852207184
4735002470891376512,200740049,30,4,0.6123062794266019,1.8054178425352079,-0.21303128669142882,0.256577730178833
4736393250021662976,200806186,3,2,3.4716873903789,1.6022187450661072,0.5405406120269937,0.20472180843353271
4736393250021662976,200806186,4,2,2.0235682293183017,1.4327591788691094,0.3061178522249353,0.1561731994152069
4736393250021662976,200806186,30,2,0.7193844006696932,1.451372573372256,-0.14303898377706475,0.16177891194820404
4736393250021662976,200806186,31,2,0.5011976337274495,1.331194184526769,-0.2999909880799971,0.1242414116859436
224610095047453184,200938781,58,1,7.625815744475412,1.4920899824264495,0.8822863076089973,0.17379501461982727
2884080885842578176,20096356,5,1,4.027921345681994,1.4676197550644612,0.6050809813776571,0.16661354899406433
2884080885842578176,20096356,6,1,1.7205161031622274,1.4485113464651442,0.23565874175309454,0.16092190146446228
2884080885842578176,20096356,32,1,0.0203575256082903,1.3656902978839955,-1.691275010223831,0.135352224111557
2884080885842578176,20096356,33,1,0.3401717669078528,1.4890641309085415,-0.46830173418301124,0.17291340231895447
2886635051355088640,201391310,32,2,0.2894431265256605,1.502034761844466,-0.5384367592684368,0.17667998373508453
2886635051355088640,201391310,33,2,2.681008174938547,1.3419660090620467,0.4282981382369967,0.1277415156364441
2882707247924774784,20142752,5,1,0.0236252270766943,1.8054201964861702,-1.6266240085253085,0.2565782964229584
2895915341810614400,201431708,6,2,0.0180479991040072,1.3660484840688094,-1.743570939257298,0.13546611368656158
2886477992990104704,201494128,6,3,0.0131083411846405,1.452004352761018,-1.8824522633013865,0.1619679182767868
354143766071577728,203008491,58,1,17.724849841878584,1.4196327432903304,1.2485825646946092,0.15217600762844086
3403472651040492672,20308433,43,1,4.137247727135301,1.6030788247032697,0.6167115260458192,0.20495487749576569
3403472651040492672,20308433,44,1,14.317718000953468,1.3414852529758152,1.155873804384659,0.12758590281009674
3403472651040492672,20308433,45,1,17.15412518222913,1.615564099832091,1.2343685750171935,0.20832419395446777
3403472655338006912,20308434,43,2,3.5662320616977436,1.4191744141535747,0.5522096001505088,0.15203577280044556
3403472655338006912,20308434,44,2,28.597386665430857,1.5607403574660232,1.4563263475122796,0.19333066046237946
3403472655338006912,20308434,45,2,10.368860219460435,1.5253585692974385,1.0157310198794958,0.18337194621562958
685209805274547840,203287049,44,3,0.0677067771521886,1.2202986787373598,-1.1693678581614007,0.08646614104509354
685209805274547840,203287049,45,3,0.0543188119452896,1.2587466653406767,-1.26504973746186,0.09993833303451538
685209805274547840,203287049,46,3,0.0346140086495776,1.389333237741783,-1.4607481021338207,0.14280642569065094
6032006281320648832,205106599,12,2,3.6384736359496097,1.550723605798275,0.5609192324103942,0.19053439795970917
6032006281320648832,205106599,39,2,0.617619191201026,1.360105489076436,-0.20927921768654487,0.13357259333133698
6032011675805796992,206069705,12,4,3.413091074884868,1.557373075508591,0.5331478771424576,0.19239266216754913
6032011675805796992,206069705,39,4,20.09789580392494,1.5871619100247851,1.303150590326911,0.20062123239040375
4733231157659118464,206403004,3,4,2.5095399449941,1.5812790766238454,0.3995941128502938,0.1990085244178772
4733231157659118464,206403004,4,4,0.9021050178610772,1.5371699686673856,-0.04474290145726608,0.18672189116477966
4733231157659118464,206403004,30,4,0.2334327527448851,1.5509834914147107,-0.631838208537341,0.19060717523097992
4733231157659118464,206403004,31,4,2.1575894821797297,1.5736703020137894,0.33396881635063813,0.19691374897956848
6064353054428529152,207621404,65,0,303.9942959047569,2.076462260799653,2.482865434660301,0.31732404232025146
5872688764458062080,209241947,38,4,4.420142557478734,1.4626748075753135,0.6454362763463707,0.1651477813720703
5872591904353080576,209291266,11,1,8.320267751332054,1.8684621962694103,0.9201373023790635,0.2714843153953552
5872591904353080576,209291266,38,1,2.209679036684427,1.3963831522374681,0.3443291955312743,0.14500460028648376
6126844862925599232,21011493,64,3,1.4355577844007512,1.4000855794595053,0.15702067850532572,0.14615458250045776
6023434969702417024,210541258,12,1,0.6156227601144297,1.4145314493713208,-0.2106853322951056,0.15061260759830475
6023434969702417024,210541258,39,1,1.3487112922743156,1.3822437906144323,0.12991899371106047,0.14058464765548706
6127521165654898176,21112004,64,2,0.0970189152754635,1.5202951305871861,-1.0131435853326527,0.1819279044866562
6037784008760031872,211237621,12,0,1.076673864575375,1.4170822805461283,0.03208417101848449,0.1513950675725937
6037784004457590528,211237627,12,4,8.252947235642164,1.3228557443307432,0.9166090685017242,0.12151248753070831
6025381517607402240,211459804,12,3,2.0108996372065495,1.3492687505864889,0.30339039576080634,0.13009846210479736
6031756692179764864,211906343,39,2,0.0988538284449517,1.685218539668191,-1.0050065065190483,0.2266562283039093
6030732668910742400,212187947,12,0,0.0355477894069623,1.5183364678196904,-1.4491874013535797,0.18136802315711975
6021156025722769920,212201942,39,2,4.390467976147466,1.6387215533181883,0.642510813778924,0.2145051658153534
5938777453485732736,212461524,12,3,0.1730924063205157,1.4005798398069733,-0.761721984495702,0.14630787074565887
5938777453485732736,212461524,39,3,0.5160789846892129,1.5329356602699178,-0.2872838255247686,0.18552392721176147
2543590790741654656,212949811,42,4,2.3823015043810627,1.5720795106316598,0.3769967249900069,0.19647450745105743
2543590790741654656,212949811,43,4,0.9972360518020116,1.4880103827672653,-0.001202029390428906,0.172605961561203
2528384544928958720,212963433,30,1,0.1512152280277343,2.161337746004351,-0.8204044712990803,0.334722638130188
2528384544928958720,212963433,42,1,2.778950599290797,1.4583085709687598,0.4438808265016961,0.16384942829608917
2528384544928958720,212963433,43,1,0.1088704582414971,1.4547247782884904,-0.9630899491075688,0.16278083622455597
3228103402564766976,213044139,5,1,0.0491028302987766,1.4174259809730674,-1.3088934743186826,0.1515003889799118
5932926672897227648,214870481,12,2,4.16117732977685,1.4658596178892926,0.6192162237724154,0.1660923808813095
5932926672897227648,214870481,39,2,0.5147267037314753,1.3417276120627506,-0.2884233002122542,0.12766435742378235
5983063479721274880,215392772,12,4,0.0919005845337132,1.5605339860909166,-1.0366817262748376,0.19327323138713837
4808382502540424832,21540586,5,3,2.2612302272554583,1.1579578229674856,0.35434478230838284,0.06369274109601974
4808382502540424832,21540586,6,3,1.3676793158422953,1.1854217979904724,0.13598427889977702,0.07387290894985199
4808382502540424832,21540586,32,3,0.1841726173271265,1.3114708414416414,-0.7347749399792527,0.11775863915681839
4808382502540424832,21540586,33,3,1.4528036017071624,1.4800793059863684,0.16220690785625488,0.17028498649597168
4804797819756106112,21627442,6,2,0.1487247498299074,1.542476950458127,-0.8276167529296883,0.18821868300437927
2883711175057786752,21717652,5,2,2.224115053814676,1.5910405788512485,0.34715724961164174,0.2016812562942505
2020810635689327872,217228372,14,3,0.1105167434329712,1.254251233481423,-0.9565719208051814,0.09838453680276871
2814781829038090752,217709907,56,2,0.0250436113591134,1.3327648639689686,-1.6013030444613554,0.12475353479385376
4794259344400859648,219151514,61,0,32.625079580630896,1.6427789234708163,1.5135515796991867,0.21557912230491638
5554080977943991680,219163489,61,3,0.0666095120063266,1.155542441437152,-1.1764637480536333,0.06278590112924576
5553058397770606464,219173124,32,2,0.0826304155347204,1.5657126939397656,-1.0828600632428012,0.1947120726108551
5553058397770606464,219173124,33,2,0.1574712552048733,1.5311450478153905,-0.8027987107329533,0.18501633405685425
5553080555504933120,219181193,61,0,0.0331229916131026,1.4169108505140164,-1.4798704453657794,0.15134252607822418
5553080555504933120,219181193,65,0,0.0341323132356969,1.5699610464401148,-1.466834277456647,0.19588887691497803
5550008111996883840,219193548,65,3,7.923561215444202,1.283884363175756,0.8989204175243065,0.10852590948343277
5553489887364727424,219198133,61,1,13.86418023663682,1.414351059031532,1.1418941956426758,0.15055721998214722
5554253704348670720,219203763,61,4,16.991377743395944,1.679170670357618,1.2302285950017866,0.22509483993053436
5549740136101187840,219205407,28,2,0.0904704271918814,1.523259735979005,-1.043493358985405,0.18277396261692047
5549740136101187840,219205407,33,2,0.1025260512417809,1.6789137876370883,-0.9891657690176638,0.225028395652771
5549740136101187840,219205407,38,2,0.0204363123272736,1.3138273931434674,-1.6895974686353525,0.11853831261396408
5500506964642881664,219212899,1,4,0.130279855311525,1.551725767378846,-0.8851227324332405,0.19081497192382812
5500506964642881664,219212899,4,4,0.0244007129428271,1.570847196971581,-1.6125974842099462,0.19613394141197205
5500506964642881664,219212899,5,4,0.083931367379569,1.4933611418581951,-1.0760757014601805,0.17416484653949738
5500506964642881664,219212899,6,4,0.1939242622376251,1.9274607467800582,-0.7123678521036448,0.2849855422973633
5500506964642881664,219212899,7,4,0.04080132277889,1.5654854149049764,-1.3893257568547193,0.19464902579784393
5500506964642881664,219212899,8,4,0.2658943989337733,1.4656161581250107,-0.5752908109865047,0.1660202443599701
5500506964642881664,219212899,11,4,2.6187618967645885,1.9801703975515674,0.41809601326978907,0.2967025637626648
5500506964642881664,219212899,28,4,0.0812374893237243,1.6128902277428252,-1.090243507100089,0.2076048105955124
5500506964642881664,219212899,31,4,0.2121268741074747,1.693962183712215,-0.6734043077340706,0.22890371084213257
5500506964642881664,219212899,32,4,0.1047579401412194,1.5766788322162903,-0.9798130497093578,0.1977432370185852
5500506964642881664,219212899,34,4,0.911668642346728,1.4408067667290605,-0.040162982888217715,0.15860573947429657
5500506964642881664,219212899,35,4,0.1949633061183527,1.4102007311992206,-0.7100471191496407,0.14928093552589417
5500506964642881664,219212899,38,4,2.2205692009718985,1.4937544017178113,0.3464643119082282,0.17427919805049896
5500506964642881664,219212899,61,4,0.3761201461470634,1.5713153138066154,-0.4246734038119115,0.19626334309577942
5500506964642881664,219212899,65,4,0.1010175581337446,1.4979213416246016,-0.9956031337632614,0.17548900842666626
5500506964642881664,219212899,66,4,0.1894864542931888,1.6007434817914317,-0.7224218307406984,0.2043217420578003
5500506964642881664,219212899,67,4,0.2497401355701137,1.625604012278399,-0.6025116568640355,0.2110147625207901
5548907741375873920,219213592,61,2,2.667758969144309,1.5191009596588463,0.42614658870055516,0.1815866380929947
4830136546254312576,219219101,30,2,11.030960170287456,1.5618962522249766,1.0426133164754252,0.1936521828174591
4782436776903676288,219257563,4,2,0.9811762885076416,1.3696069919058058,-0.008252955670215618,0.1365959644317627
4782436776903676288,219257563,5,2,13.528703453012191,1.5158047909119352,1.1312561772196847,0.18064327538013458
4782436776903676288,219257563,30,2,0.2195866177328023,1.334638818254124,-0.658394130624001,0.12536375224590302
4782436776903676288,219257563,32,2,0.4384283001358773,1.2303346756210118,-0.358101420317102,0.09002326428890228
4781262017448757120,219258986,3,2,1.2930816915869758,1.3483384027205176,0.11162596268761316,0.12979890406131744
4781262017448757120,219258986,4,2,2.604935354783146,1.5515388475201257,0.4157969501271672,0.19076265394687653
4781262017448757120,219258986,5,2,1.786743556045357,1.3617177565661385,0.25206222447742205,0.13408710062503815
4781262017448757120,219258986,30,2,0.844228315817876,1.6406059984794623,-0.07354008549454424,0.21500429511070251
4781262017448757120,219258986,32,2,2.8134512115799164,1.6030675490162498,0.4492393883987235,0.20495182275772095
4773708200768145664,219396049,4,2,22.51276048590354,1.392253735036633,1.352428750899707,0.1437183916568756
4773708200768145664,219396049,5,2,42.76511760299066,1.3291177822287878,1.6310896706656128,0.12356346845626831
4773708200768145664,219396049,6,2,30.851352974528357,1.3549605654822803,1.4892742146087217,0.13192665576934814
4773708200768145664,219396049,31,2,19.90516129653484,1.724400809928934,1.2989657011319335,0.23663821816444397
4773708200768145664,219396049,32,2,7.59864988985205,1.3634594567824843,0.8807364347183753,0.13464222848415375
4773708200768145664,219396049,33,2,27.481293317710566,1.1943642410308168,1.4390371675260862,0.07713679224252701
1436001566431649408,219790149,14,4,108.51430104150378,1.5587688435288425,2.035486977393114,0.1927817165851593
1436001566431649408,219790149,15,4,72.05427354894442,1.5824827059850701,1.8576597439797713,0.19933897256851196
1436001566431649408,219790149,16,4,6.757017298487074,1.6464849149287575,0.8297550307538732,0.21655775606632233
1436001566431649408,219790149,17,4,50.9757521703248,1.50910309439408,1.707363642709353,0.1787189096212387
1436001566431649408,219790149,18,4,94.80192387219915,1.4181222442763988,1.976817150825429,0.15171366930007935
1436001566431649408,219790149,19,4,96.42877940845696,1.6278698332968302,1.984206669514449,0.21161967515945435
1436001566431649408,219790149,20,4,76.50010048116351,1.4834068576992647,1.8836620055900384,0.1712602823972702
1436001566431649408,219790149,21,4,48.28763366833908,1.5442259224768147,1.6838359233551385,0.18871083855628967
1436001566431649408,219790149,22,4,16.76041353521065,1.3922034820248796,1.2242847299174333,0.14370271563529968
1436001566431649408,219790149,24,4,111.89397448400584,1.5659257677800036,2.048806700301321,0.1947711706161499
1436001566431649408,219790149,26,4,87.56648805123906,1.7070915001572868,1.942337932206792,0.23225679993629456
1436001566431649408,219790149,40,4,71.32137340220666,1.416724177756897,1.8532196975888031,0.1512853056192398
1436001566431649408,219790149,41,4,11.11045660211009,1.5220511727431052,1.0457319073388927,0.1824292540550232
1436001566431649408,219790149,47,4,6.065778285466282,1.5533094998543575,0.7828865320613079,0.1912579983472824
1436001566431649408,219790149,48,4,18.623549495398105,1.5041104915129015,1.2700624574914297,0.1772797405719757
1436001566431649408,219790149,49,4,40.253121836634854,1.7860301328933694,1.604799567780858,0.25188878178596497
1436001566431649408,219790149,50,4,0.6243493006587869,1.3812272944416604,-0.20457237040476425,0.14026515185832977
1436001566431649408,219790149,51,4,15.74305348301185,1.570341718461574,1.1970889708572108,0.19599416851997375
1436001566431649408,219790149,52,4,75.49997647091338,1.5931075702108541,1.877946816284101,0.2022451013326645
1436001566431649408,219790149,53,4,3.7321205489050384,1.5331400652526044,0.5719556631770149,0.18558183312416077
1436001566431649408,219790149,55,4,45.28560685296321,1.542844447104385,1.6559601919115572,0.18832214176654816
1436001566431649408,219790149,57,4,12.745116262458769,1.5161788862888632,1.1053438015090131,0.18075044453144073
1436001566431649408,219790149,58,4,41.2288714928289,1.5578748606049015,1.615201447555551,0.19253256916999817
1436001566431649408,219790149,59,4,21.57371866669814,1.5458125020324838,1.3339250109917613,0.18915681540966034
1436001566431649408,219790149,60,4,29.616740972104996,1.445467383388787,1.471537267024405,0.1600082963705063
4774162470868265728,220405105,4,4,16.50890788897432,1.8219970427484742,1.2177183444027206,0.2605476677417755
4774162470868265728,220405105,5,4,5.7544574263416,1.5842518716705762,0.7600043813360408,0.1998242288827896
4774162470868265728,220405105,6,4,5.681818664089371,1.3090193202226286,0.7544873690486467,0.11694605648517609
4774162470868265728,220405105,7,4,12.831154628848491,1.6063512960037618,1.1082657387112564,0.20584052801132202
4774162470868265728,220405105,8,4,8.71107419702319,1.5694101890306675,0.940071712880727,0.19573646783828735
4774162470868265728,220405105,9,4,10.725226083192329,1.5002494104855308,1.0304064556957366,0.1761634647846222
4774162470868265728,220405105,10,4,4.616243630581533,1.6322699832712915,0.6642887214269309,0.21279199421405792
4774162470868265728,220405105,11,4,0.7445226617618128,1.5228332099452084,-0.1281220786662435,0.1826523393392563
4774162470868265728,220405105,12,4,22.03279297403741,1.5565069160861704,1.343069553724911,0.1921510547399521
4774162470868265728,220405105,13,4,0.4395374178583492,1.7649466379562548,-0.35700414748966686,0.24673157930374146
4774162470868265728,220405105,27,4,5.999941376597452,1.672928953902636,0.7781470070595409,0.22347749769687653
4774162470868265728,220405105,28,4,4.168732108816022,1.4474970731668197,0.6200039873783694,0.16061769425868988
4774162470868265728,220405105,29,4,41.3402088125094,1.3691385063617598,1.6163726659509587,0.13644738495349884
4774162470868265728,220405105,30,4,38.48700941103479,1.4137789802843554,1.5853141660505623,0.15038152039051056
4774162470868265728,220405105,31,4,2.175881365227922,1.6163106632047335,0.33763521279479175,0.20852483808994293
4774162470868265728,220405105,32,4,3.054169529508054,1.544189628704713,0.4848931400178606,0.1887006312608719
4774162470868265728,220405105,33,4,0.1494131686222464,1.669486251357486,-0.8256111240203386,0.2225828468799591
4774162470868265728,220405105,34,4,21.156536332795955,1.4683985627440823,1.3254445681513192,0.1668439507484436
4774162470868265728,220405105,35,4,11.461077332897414,1.573284180703983,1.059225442914238,0.19680717587471008
4774162470868265728,220405105,36,4,25.03349107390447,1.5080605195501013,1.398521418861488,0.17841877043247223
4774162470868265728,220405105,37,4,1.7200108442670825,1.5515741960602152,0.23553118504156503,0.19077254831790924
4774162470868265728,220405105,38,4,8.583582872180312,1.5933970287184585,0.9336686044947069,0.2023240029811859
4774162470868265728,220405105,39,4,22.618903334249303,1.5758502187143455,1.354471544558056,0.19751493632793427
4774162470868265728,220405105,62,4,39.627385980487496,1.4781304105195192,1.597995425054539,0.16971275210380554
4774162470868265728,220405105,63,4,10.49988417881895,1.605840729022423,1.0211845085197246,0.20570246875286102
4774162470868265728,220405105,64,4,15.345649094998752,1.3553637894506259,1.1859852630783134,0.1320558786392212
4774162470868265728,220405105,65,4,2.757821204818019,1.6561105708124093,0.44056610655412853,0.2190893292427063
4774162470868265728,220405105,66,4,11.51521113077676,1.5760827338513574,1.0612719051392174,0.1975790113210678
4774162470868265728,220405105,67,4,12.08406777597948,1.560257242830316,1.0822131524379979,0.19319620728492737
4774590352689683328,220425740,5,0,5.833205568029788,1.41383932607347,0.7659072816739495,0.1504000574350357
4774590352689683328,220425740,6,0,16.860945794234567,1.5104558604268448,1.2268819321924318,0.17910803854465485
4774590352689683328,220425740,7,0,72.77700674456634,1.408865725541906,1.8619941894605712,0.1488696038722992
4774590352689683328,220425740,8,0,41.38632715950731,1.4827104895028744,1.6168568865327888,0.1710563600063324
4774590352689683328,220425740,9,0,15.7357885924006,1.550087431723535,1.1968885122791886,0.19035619497299194
4774590352689683328,220425740,10,0,2.1947620001833292,1.6136506150572933,0.3413874322723746,0.20780950784683228
4774590352689683328,220425740,11,0,12.347514481252404,1.588422010020019,1.0915795441775278,0.20096589624881744
4774590352689683328,220425740,12,0,4.350084276433133,1.360416745842647,0.6384976708478141,0.13367196917533875
4774590352689683328,220425740,13,0,14.40755371137458,1.5539121268712444,1.1585902473066725,0.19142645597457886
4774590352689683328,220425740,27,0,12.23600013462245,1.3703586607278677,1.0876394730908192,0.1368342489004135
4774590352689683328,220425740,28,0,10.39671376999352,1.4828652549604318,1.0168960876554927,0.17110168933868408
4774590352689683328,220425740,29,0,6.7452751754072295,1.3642707561851584,0.8289996715354572,0.13490056991577148
4774590352689683328,220425740,30,0,9.110023047671095,1.6625576244433429,0.9595194757066663,0.22077670693397522
4774590352689683328,220425740,31,0,12.107719251322624,1.582299518958141,1.0830623421643688,0.19928869605064392
4774590352689683328,220425740,32,0,34.7400466672523,1.0719756234935818,1.5408303975110955,0.03018490970134735
4774590352689683328,220425740,33,0,5.69573701093733,1.2961819403533594,0.7555499284280462,0.11266596615314484
4774590352689683328,220425740,34,0,13.128062774535714,1.4697552846181623,1.1182006447185044,0.1672450304031372
4774590352689683328,220425740,35,0,7.428401685148197,1.29713435755004,0.8708953798451557,0.11298496276140213
4774590352689683328,220425740,36,0,7.359658505056834,1.619120863396434,0.8668576631404599,0.20927926898002625
4774590352689683328,220425740,37,0,1.4468758803409083,1.6155726363717757,0.160431276941387,0.20832648873329163
4774590352689683328,220425740,38,0,30.510389674200145,1.1279483615096748,1.4844477544229429,0.052289217710494995
4774590352689683328,220425740,39,0,23.409614827887317,1.6262594056339867,1.3693942680537676,0.21118982136249542
4774590352689683328,220425740,62,0,6.89421673835377,1.4754291389656007,0.8384849325084613,0.16891835629940033
4774590352689683328,220425740,63,0,34.95669136057107,1.362399650262135,1.5435303200765922,0.13430452346801758
4774590352689683328,220425740,64,0,25.259849298851773,1.702776549524602,1.4024307552109063,0.23115766048431396
4774590352689683328,220425740,65,0,28.085560743723363,1.6418452092315867,1.4484830992277822,0.21533221006393433
4774590352689683328,220425740,66,0,14.44474705175812,1.5787306865186677,1.1597099411274292,0.1983080506324768
4774590352689683328,220425740,67,0,8.138756006303861,1.563526468615318,0.9105580288591658,0.19410523772239685
4776747109171556864,220437348,6,0,23.2661820744017,1.6385225798533851,1.3667251224333696,0.21445243060588837
4721962812741729792,220558700,2,0,11.0122771225466,1.3212218285025321,1.0418771318239493,0.12097574025392532
4721962812741729792,220558700,3,0,5.137534338137854,1.6066530835024673,0.7107547376216344,0.20592211186885834
4721962812741729792,220558700,28,0,0.1740842547940084,2.1131597833467026,-0.7592405072589256,0.324932336807251
4721962812741729792,220558700,29,0,5.930253054997501,1.411513706507014,0.7730732259180858,0.1496850997209549
4721962812741729792,220558700,30,0,0.1010432667985163,1.609755102804477,-0.9954926211855617,0.20675981044769287
4803022688295732992,220622233,5,0,1.0794262090260345,1.6548760941124794,0.033192958751611164,0.2187654823064804
4803022688295732992,220622233,6,0,0.7077158087892298,1.6096178556053353,-0.15014110311843062,0.20672278106212616
4803022688295732992,220622233,33,0,1.435922441414433,1.6773441374164733,0.15713098295963251,0.22462217509746552
5941934421908267776,221355243,12,1,7.183914328973276,1.3643976633341364,0.8563611445562391,0.134940966963768
5941934421908267776,221355243,39,1,9.009397696622989,0.7367320618167974,0.954695758151488,-0.1326904296875
5990352829505960320,221864347,12,2,0.0300823730426125,1.5787618335013103,-1.521687907486594,0.19831661880016327
6143632653128880896,22507789,10,4,13.326735675362444,1.525039347796756,1.1247237839382374,0.1832810491323471
6143632653128880896,22507789,64,4,0.5938226281176876,1.6572559527207178,-0.2263432572630341,0.21938958764076233
5942058808498758400,225318044,12,2,0.0750221870549809,1.3655706734711437,-1.124810279400639,0.1353141814470291
6213136455314990208,225700322,11,2,3.1039750460569797,1.8056998429197193,0.49191822115466954,0.2566455602645874
6213982946125990528,225700336,65,3,0.3080410614585525,1.3128760527825618,-0.5113913887713946,0.11822372674942017
6213042069112745856,225957292,11,1,0.3590650539585726,7.686969914413429,-0.44482686057004955,0.885755181312561
5561375378603169024,22603439,61,3,0.1059876389198745,1.3288617425957097,-0.9747447824892432,0.12347979843616486
6130408066568440960,22618945,37,0,0.0196806065802068,1.5765374270925994,-1.7059615202147933,0.1977042853832245
5561761375904179072,22766740,7,3,18.17207110593235,1.372521247936698,1.2594044275071952,0.13751907646656036
5561761375904179072,22766740,8,3,24.415937307012477,1.2481071830038604,1.387673401134981,0.09625188261270523
5561761375904179072,22766740,61,3,10.178043571669807,1.2877959247742063,1.007664305733116,0.1098470464348793
2418664520110763520,228383334,29,0,1.3443795194406705,1.6111550847786114,0.1285218877146863,0.2071373462677002
5590251405808521856,22864020,33,0,0.3073963068926839,1.6847132524110031,-0.5123013544867719,0.22652599215507507
5590251405808521856,22864020,34,0,0.3570723071056625,0.896940125675623,-0.44724383039405985,-0.047236546874046326
6234647025921565952,22913395,38,2,0.0745065313669753,1.5630537002402283,-1.1278056546033144,0.19397389888763428
4913138232358905216,229151691,2,4,0.625136518772007,1.568197347258935,-0.2040251300559019,0.19540071487426758
4913138232358905216,229151691,3,4,1.56563797501345,1.6114023188165454,0.19469134671916843,0.20720398426055908
4913138232358905216,229151691,29,4,0.3648467121901381,1.6215003198616087,-0.43788956303092236,0.20991703867912292
4913138232358905216,229151691,30,4,0.1389770253884777,1.5272122629311045,-0.8570569880314064,0.1838994026184082
6234377340635038848,22959701,38,1,1.301895784696942,1.3778777464788918,0.1145762208354672,0.13921068608760834
5561082152596584320,22970720,7,3,10.304605863307431,1.1637120575884725,1.0130313852793085,0.0658455342054367
5561082152596584320,22970720,8,3,13.274863278977826,1.0102429737196432,1.123030056872809,0.004425838589668274
5561082152596584320,22970720,34,3,30.774549002968204,1.5221456477865978,1.4881916971205773,0.18245621025562286
5561082152596584320,22970720,61,3,154.8539373232225,1.3466241040526634,2.1899222522243527,0.12924638390541077
67144808584290560,22984224,44,4,0.6580761006672712,1.519547503735441,-0.1817238811750782,0.1817142814397812
65963348980559616,22986324,43,3,15.003083287825982,1.4422921382827165,1.1761805202079976,0.159053236246109
65963348980559616,22986324,44,3,4.044057166223552,1.2596554327191003,0.6068172860880939,0.10025176405906677
163355546348513152,22998652,43,0,5.35336530672685,1.361162576913296,0.7286268800885486,0.13391000032424927
163355546348513152,22998652,44,0,32.39472549203312,1.6524357542379762,1.5104743041516844,0.21812458336353302
1650434611913105152,230134468,14,3,1.647120549547635,1.4061761524689613,0.21672538550092818,0.14803972840309143
1650434611913105152,230134468,16,3,3.862529141135846,1.700390538797344,0.5868717690119856,0.2305486798286438
1650434611913105152,230134468,18,3,1.26870270892247,1.405474807623602,0.10335986716917546,0.14782306551933289
1650434611913105152,230134468,19,3,5.200699083091547,1.1541689186256252,0.7160617258506642,0.06226937472820282
1650434611913105152,230134468,20,3,2.1088559364494475,1.572136741929937,0.3240469125313051,0.1964903175830841
1650434611913105152,230134468,22,3,3.788950128372089,1.5240065747458489,0.5785188889605708,0.18298684060573578
1650434611913105152,230134468,23,3,0.0936519483855942,1.5825655651738824,-1.028483182898354,0.19936171174049377
1650434611913105152,230134468,24,3,0.5785173062459613,1.3372039965982834,-0.23768364467298825,0.1261976659297943
1650434611913105152,230134468,25,3,0.4894385366164728,1.5530466134284013,-0.31030183886450624,0.19118449091911316
1650434611913105152,230134468,26,3,5.7697575050042635,1.1907741798768006,0.7611575607377742,0.0758294090628624
1650434611913105152,230134468,47,3,0.2633502214159609,2.0758544797935405,-0.5794663121662322,0.31719690561294556
1650434611913105152,230134468,48,3,0.3483376815048793,1.3155077265205102,-0.4579995430999885,0.1190934032201767
1650434611913105152,230134468,49,3,1.7185964468149937,2.013481978077374,0.23517390955686748,0.3039477467536926
1650434611913105152,230134468,50,3,1.0626158193321769,1.3563324913067214,0.02637627703347022,0.13236616551876068
1650434611913105152,230134468,52,3,7.664136425291312,1.686930125702422,0.8844632267886349,0.22709709405899048
1650434611913105152,230134468,53,3,0.2328875904732321,1.4657732632479226,-0.6328536524381998,0.16606679558753967
1650434611913105152,230134468,54,3,3.430273459976027,1.2873947138269588,0.5353287431986449,0.10971172153949738
1650434611913105152,230134468,55,3,1.6771964098442234,1.3212189725458119,0.2245839240949269,0.12097480148077011
1650434611913105152,230134468,56,3,4.346940862629922,1.8113550761168316,0.6381837319303818,0.2580035924911499
1650434611913105152,230134468,57,3,4.7516393769872955,1.3291222513905647,0.6768434726870516,0.12356492877006531
1650434611913105152,230134468,58,3,1.3557072287138503,1.087013294451835,0.13216591174177422,0.03623485565185547
1650434611913105152,230134468,59,3,7.207497153188186,1.3961262261272642,0.8577844795229709,0.14492468535900116
1650434611913105152,230134468,60,3,6.693259057733609,1.3681804216023623,0.8256376343814944,0.13614337146282196
65965066967451904,23049058,43,1,2.899481615331185,1.453193494799165,0.4623203593730664,0.16232344508171082
66289044940711168,23076771,43,1,11.00670542730083,1.5984853619019643,1.0416573435983807,0.20370866358280182
66289044940711168,23076771,44,1,36.54377802616337,1.5301309250161854,1.5628134442507193,0.18472859263420105
66290591128921216,23077737,43,3,0.7099797358462542,1.6012114427638697,-0.14875404668338107,0.20444868505001068
5561913967502395264,23088464,61,4,5.817468057853293,1.5146974024542321,0.7647340073715497,0.18032588064670563
3182546714520680960,231306114,32,0,7.293548328584454,1.215995338386626,0.8629388650269698,0.08493191003799438
2886418894240281344,231315283,6,0,19.81501974174388,1.6640441223369258,1.2969945093588866,0.22116483747959137
2886418894240281344,231315283,33,0,31.958192377320877,1.4797407217773022,1.5045822067259256,0.1701856255531311
4901711454686667008,231907750,28,3,6.630953179412267,1.6080835828587596,0.8215759614070052,0.20630861818790436
4901711454686667008,231907750,29,3,0.6085516010629421,1.5981633389974457,-0.21570259063562766,0.20362116396427155
5179904664065847040,23193695,4,0,0.3644392626129399,1.519440729916445,-0.438374840761624,0.1816837638616562
5568547080632115584,231936960,6,0,0.0202057827157761,1.2505037733460587,-1.694524321536185,0.09708500653505325
5568547080632115584,231936960,7,0,0.0172844322539212,1.277818778477271,-1.7623448812669986,0.10646926611661911
5554682513883554176,231946900,61,1,3.6905889305137904,1.4557467134149222,0.5670956747942695,0.16308581829071045
5554669525902464000,231947452,61,0,0.5158485681601153,1.4087198917268298,-0.28747777059099566,0.14882464706897736
5568708605762682368,232027347,61,4,0.942782482397794,1.5934927611294296,-0.02558849558837259,0.20235009491443634
5569009390912299136,232030004,61,2,0.8425984257287601,1.7405818410557108,-0.07437935662378199,0.24069444835186005
5556389643125086336,232033605,61,3,0.0532542910952593,1.362335189666119,-1.2736453921350765,0.13428397476673126
5569041792145391616,232036936,61,3,27.92005402532994,1.5761311337571549,1.4459162543121542,0.1975923478603363
5568747466626837888,232048700,6,1,0.1273377839859385,1.4108766957740326,-0.8950427122784661,0.14948906004428864
5568747466626837888,232048700,34,1,0.1189785286094888,1.4511814599943036,-0.9245314062358229,0.16172172129154205
5568747466626837888,232048700,61,1,20.070099301350805,1.439874610392473,1.3025495212628724,0.15832467377185822
5568864873853123456,232051378,7,1,17.199915964438336,1.589248945587357,1.2355263250313937,0.20119193196296692
5569977820138544000,232057219,33,1,0.0188902752724954,1.4972186734850466,-1.7237617134146026,0.1752852350473404
5569977820138544000,232057219,34,1,0.0512239775640496,1.4157752009066047,-1.2905267014035435,0.15099430084228516
6233037070321568128,23443671,65,4,5.061909274296161,1.679899246557824,0.70431435693728,0.22528323531150818
4793327233418050176,235056185,4,1,2.030050805147926,1.4238010109023886,0.3075069069374969,0.15344929695129395
4793327233418050176,235056185,5,1,4.639090224177465,1.6257722426376302,0.6664328190549458,0.21105970442295074
4793327233418050176,235056185,6,1,0.1578458805799046,1.3980703705231579,-0.8017667477265363,0.14552903175354004
4793327233418050176,235056185,7,1,4.059748347361225,2.059111264002611,0.6084991136905828,0.3136798143386841
4793327233418050176,235056185,27,1,2.0257353116612764,1.7208354154503234,0.3065826985787398,0.2357393354177475
4793327233418050176,235056185,31,1,5.626046153926431,1.286657450608729,0.7502032906292797,0.10946293920278549
4793327233418050176,235056185,32,1,1.8214685253762768,1.6677411495115702,0.26042167111814696,0.22212864458560944
4793327233418050176,235056185,33,1,6.060025007597728,1.4294371383312785,0.7824744163509875,0.15516506135463715
4793327233418050176,235056185,64,1,0.7652083552596124,1.4390100562930286,-0.11622029658601984,0.1580638289451599
4804324239481612928,235074538,33,3,0.031549160205601,2.6240332460316287,-1.5010121965760281,0.4189693331718445
6233126130764332416,23562559,38,2,0.0643670222747736,1.6776102199177703,-1.1913365815894865,0.22469106316566467
6233126130764332416,23562559,65,2,0.237515989534828,1.3198463576744521,-0.6243071484264885,0.1205233782529831
6233617058406105472,23689332,38,1,0.0196671626643753,0.9843257575255818,-1.7062582902121821,-0.00686115026473999
4715353682706569728,237883499,2,4,18.34366864270851,1.48700028815252,1.2634861967620603,0.17231105268001556
4673548429552928384,237918270,2,3,1.023723724130836,1.757679489206689,0.010182767895280557,0.2449396848678589
4673548429552928384,237918270,4,3,10.578684452870217,1.9165594310692662,1.0244316629370886,0.2825222909450531
4673548429552928384,237918270,11,3,4.167411854039816,2.5015242311672647,0.6198664227270482,0.3982047140598297
4673548429552928384,237918270,28,3,21.73434360847128,1.7662016520692372,1.3371465287447781,0.2470402866601944
4673548429552928384,237918270,29,3,2.960751835113816,1.3647186586237645,0.47140200713351815,0.13504312932491302
4673548429552928384,237918270,31,3,4.505605062355615,1.4310654501476838,0.6537531210858436,0.1556594967842102
4673548429552928384,237918270,34,3,1.7405855264924728,1.4398369651785667,0.24069536790825027,0.1583133190870285
4673548429552928384,237918270,38,3,6.148899361078095,1.4556575082978316,0.7887973850130787,0.16305920481681824
4673548429552928384,237918270,61,3,0.3545311437135524,1.2016220531887658,-0.45034560829798054,0.07976789027452469
4673548429552928384,237918270,64,3,2.8638366349853817,1.4313237476656788,0.456948240399804,0.15573787689208984
4673548429552928384,237918270,65,3,14.074229840958347,1.5364293311460073,1.1484246390492614,0.18651258945465088
4673547673638684416,237918271,2,3,28.356646953166205,1.3024942257942587,1.452654876164441,0.11477580666542053
4673547673638684416,237918271,3,3,23.402473279035387,1.274430516269302,1.3692617580373114,0.105316162109375
4673547673638684416,237918271,4,3,12.267035555041256,1.6319349389800806,1.0887396240443452,0.21270284056663513
4673547673638684416,237918271,11,3,16.615334113752283,1.5443640055574919,1.2205090788256843,0.18874967098236084
4673547673638684416,237918271,28,3,11.732157707929543,1.4161384086481952,1.0693778922920814,0.15110570192337036
4673547673638684416,237918271,29,3,18.783258031330924,1.1199260817051053,1.2737709245812023,0.049189358949661255
4673547673638684416,237918271,30,3,23.70107466015294,1.3358965670800529,1.374768038347367,0.12577283382415771
4673547673638684416,237918271,31,3,8.103613282159099,1.4580046320945477,0.9086787075951034,0.16375890374183655
4673547673638684416,237918271,34,3,47.57543212827333,1.2514737668016034,1.677382741679442,0.09742175042629242
4673547673638684416,237918271,38,3,23.681189149064444,1.4294656341621155,1.374403506661951,0.15517371892929077
4673547673638684416,237918271,61,3,13.638133414676942,1.8506299648407243,1.1347549346035988,0.26731958985328674
4673547673638684416,237918271,64,3,4.001175496802073,1.2962361325031442,0.6021876005220145,0.11268412321805954
4673547673638684416,237918271,65,3,20.51702101892216,1.353873175243451,1.3121143033714053,0.1315779834985733
5551301137671778048,237945624,61,2,2.253816951310483,1.7503286334862245,0.3529186409629925,0.24311959743499756
5502110258755211392,237951385,62,4,0.0705722460650412,1.6422606662370893,-1.1513660602882607,0.21544209122657776
5503329617151018112,237952617,61,4,3.248727689387172,1.5648862998723163,0.5117133100052415,0.19448278844356537
5502055145734899200,237971352,61,4,4.872136229647497,1.6459846336928599,0.6877194230889062,0.21642577648162842
5502055145734899200,237971352,62,4,20.55278252373419,1.510583201147307,1.3128706268397425,0.17914465069770813
5503058724973354368,237984546,61,2,11.521176058825318,1.3466179588977516,1.061496813270255,0.12924440205097198
5498773206605448832,238004158,61,4,0.0394747054199616,1.6929486674089609,-1.403681102230688,0.22864378988742828
5502162348119160064,238010062,61,1,4.8407219237079895,1.4296610003951797,0.6849101352193147,0.15523307025432587
5502162348119160064,238010062,62,1,1.6397365968072148,1.342884265295751,0.21477408966923567,0.12803858518600464
5503303160152397312,238011901,61,3,19.836836584681546,1.2802760664302808,1.2974724156328576,0.10730362683534622
5498567735369575552,238016755,62,1,7.2833579824400125,1.463369849616884,0.8623316563743617,0.16535410284996033
5498567735369575552,238016755,66,1,11.677716909608913,1.6192120300215325,1.0673579429066262,0.20930372178554535
5498573920122510976,238028383,62,0,53.854719368901314,1.6348493190724345,1.7312237671709496,0.2134777307510376
5498573920122510976,238028383,66,0,56.255216227122965,1.4000700630761935,1.750162798314507,0.14614976942539215
5498601747215261056,238028474,7,0,0.0559612213082088,1.595930214417944,-1.2521128159524064,0.20301389694213867
5509106691761261184,238031252,7,3,0.0779395266891139,1.46736256026547,-1.1082422359173367,0.16653743386268616
5509106691761261184,238031252,8,3,0.0130422313066318,2.1415832832744988,-1.8846481017590595,0.3307349681854248
5508273983502423424,238033961,61,1,0.8925096232888202,1.4113501654496137,-0.049387092505740186,0.14963477849960327
5501985807782788224,238034732,61,3,10.081952742232485,1.2288851962811427,1.0035446574112212,0.08951131254434586
5498821482037753472,238035671,61,2,38.252564078719715,1.6259237541060807,1.5826605513306045,0.21110017597675323
5498821482037753472,238035671,62,2,9.820699925149032,1.412669397264732,0.9921424412286556,0.15004053711891174
5498602919742073088,238036031,61,0,6.895755651911033,1.5501910402417964,0.8385818640540664,0.19038522243499756
5498584159324593920,238036242,61,4,12.884206013326684,1.5223395776203774,1.1100576603991033,0.18251153826713562
5498584159324593920,238036242,62,4,2.6548783265527547,1.5440580245751458,0.42404462209635985,0.18866361677646637
5498584159324593920,238036242,66,4,32.93377320207184,1.457092245601332,1.5176414904132134,0.163487046957016
5498490425958477440,238036584,61,2,0.076151497110832,1.5188304697114496,-1.1183215541719063,0.18150930106639862
5498490425958477440,238036584,62,2,0.1913037601899754,1.5705786479933599,-0.7182764935706757,0.1960596889257431
5497715235901280896,238037622,61,4,74.83028663596127,1.5285389900389323,1.8740774087828087,0.1842765212059021
5497715235901280896,238037622,62,4,7.071804210867661,1.6275356363499924,0.8495302283459601,0.21153050661087036
5497715235901280896,238037622,66,4,5.557442879647059,1.5690605369069583,0.744875007640651,0.1956396996974945
5508211929814903424,238044176,6,0,0.0222007864090689,1.5358041853305882,-1.6536316414471055,0.18633584678173065
5509141395097306496,238063169,61,1,18.804843743607947,1.4297479256138226,1.2742697290601583,0.15525947511196136
5507984330907547008,238066089,61,4,3.4635526523999673,1.245727816043676,0.5395217941016164,0.09542316198348999
5504552514599147136,238078106,61,3,3.74835582636754,3.311320158613438,0.573840811162614,0.5200011730194092
5509259970554685056,238084794,61,3,3.6481519553000727,1.4203615238655283,0.5620729195615043,0.15239889919757843
5508329813779217024,238086654,61,3,7.232682455313971,1.2951009059254306,0.859299398190961,0.11230360716581345
5508329813779217024,238086654,62,3,5.944057589599747,1.26101276159764,0.7740830084786671,0.10071948170661926
5504561138893574144,238091678,61,3,32.621948190959344,1.3605304570325993,1.513509893654549,0.13370826840400696
5504561138893574144,238091678,62,3,24.63499550788882,1.3571142187860046,1.391552487418751,0.13261640071868896
5504561138893574144,238091678,66,3,8.802222579029676,1.3733021751098038,0.9445923462335383,0.13776610791683197
5508139087169734400,238094180,6,1,0.0173386860093721,1.9300459169559874,-1.7609838180767496,0.28556764125823975
5508139087169734400,238094180,8,1,0.0147117709824969,1.4370786518761463,-1.8323350443607895,0.15748053789138794
5508139087169734400,238094180,61,1,0.0232662751139096,1.3438207630328363,-1.633273140862948,0.12834134697914124
5508139087169734400,238094180,62,1,0.0149518754887648,1.3947890866342765,-1.8253043281867105,0.14450854063034058
5509203105187545344,238095494,61,2,0.7518476648850436,1.6557666561380102,-0.12387014478293623,0.21899913251399994
5508339232645845248,238097299,62,2,14.018792190526954,1.6812351658074083,1.1467105979683607,0.22562846541404724
5504586462020870912,238123875,61,0,15.202165223347151,1.6344936119845095,1.1819054483120481,0.21338322758674622
5504586462020870912,238123875,62,0,2.2002514927707444,1.6209287091273556,0.34247232431320723,0.20976391434669495
5505019875761121408,238130482,61,2,0.0572069831868054,1.5486164915332425,-1.242550954172264,0.18994387984275818
5505019875761121408,238130482,62,2,0.0724610707268464,1.3611053668058344,-1.1398952528666852,0.1338917464017868
5503457126140166912,238132897,61,3,4.50386303358203,1.3793817743908694,0.6535851747686899,0.13968448340892792
5503457126140166912,238132897,62,3,19.957985401881615,1.2437605063029507,1.300116700628552,0.09473676234483719
5503802200992517888,238134591,62,0,3.7142251080162176,1.4671414027468244,0.5698682214841735,0.16647197306156158
5508377303235673728,238160371,61,3,0.3225725432483911,1.4608461658409413,-0.4913726016810551,0.16460448503494263
5514007451307863808,238236508,7,3,30.715949308999107,1.4696539257123347,1.4873639421946965,0.16721507906913757
5514007451307863808,238236508,8,3,9.10380627555615,1.1399436789053305,0.9592230075799804,0.056883394718170166
5514007451307863808,238236508,9,3,20.284994933782396,1.5347776557891555,1.3071749035744527,0.18604546785354614
5514007451307863808,238236508,35,3,12.430240766558413,1.4173911597614794,1.094479540755488,0.151489719748497
5514007451307863808,238236508,36,3,13.623029094533797,1.435161165379415,1.134273684138943,0.15690067410469055
5513998895734764544,238314110,34,2,3.787992829767725,1.586330290934798,0.5784091482627938,0.20039361715316772
5513998895734764544,238314110,35,2,16.913523609143525,1.4223686981816088,1.228234093972292,0.15301218628883362
5513998895734764544,238314110,36,2,8.926981664913786,1.418755419194635,0.9507046427793562,0.1519075334072113
5513998895734764544,238314110,61,2,1.4854165119177465,1.5037553168064244,0.17184824723199965,0.17717717587947845
5513998895734764544,238314110,62,2,1.8068638048904335,1.5729074366593747,0.256925418186994,0.19670316576957703
5512911139434249216,238373563,62,2,0.0434347837159237,1.3792709361239612,-1.36216233672069,0.13964958488941193
5512914094371744512,238373580,34,3,0.0340607521686098,1.1810178477172475,-1.4677457656784736,0.07225646078586578
5513493846240655360,238642175,7,4,12.871649598488393,1.816187812672188,1.1096342085681121,0.25916075706481934
5513493846240655360,238642175,36,4,3.4442642944211195,1.6113536651133622,0.5370964694961102,0.2071908712387085
5513128464781980800,238766379,34,0,1.2408213636448913,1.559424471672339,0.09370926226623272,0.1929643452167511
5513128464781980800,238766379,36,0,17.270569567146314,1.2868113333084488,1.2373066604273213,0.10951487720012665
6402514555672235264,238813187,1,0,2.7829731159387947,1.6867074159222004,0.4445090109852012,0.22703975439071655
6402514555672235264,238813187,27,0,2.5724346321515323,2.2000696645156363,0.41034434776622025,0.34243643283843994
177998876564778112,238859798,59,0,24.472750624983114,1.6047922751278574,1.3886827848040453,0.20541882514953613
5553819843932588928,238917141,7,2,0.0198552981062731,1.4848720533563937,-1.7021235880794472,0.17168903350830078
5500945669783652352,238919539,5,4,0.0327821312033121,1.5736730017412701,-1.4843628158737736,0.19691449403762817
5500945669783652352,238919539,6,4,0.0454928497755028,1.537439451845717,-1.3420568571245322,0.18679802119731903
2073339803682617344,239224935,14,3,4.174403675420664,1.5411672618193357,0.6205944441378556,0.18784977495670319
176126683141831296,239676075,59,0,8.291294744555728,1.3523861492791767,0.9186223540134991,0.13110071420669556
166562375089681408,239678952,43,0,1.2628026659069942,1.4202814556733623,0.10133549006170235,0.15237441658973694
6235516331604178816,24069249,12,0,6.870344397931627,1.58153263322637,0.8369785080016731,0.19907815754413605
6235516331604178816,24069249,38,0,18.96402879402456,1.4275465012481277,1.2779306060582503,0.15459026396274567
2596395760081700608,240720758,42,1,0.0206298794917676,1.4342652391114268,-1.6855033089252107,0.15662947297096252
359644107351294336,241086937,58,3,28.952510621387074,1.5528827116349677,1.4616862296088193,0.19113865494728088
6069025016752691968,241289894,11,2,0.5156682543626975,1.7741196508705785,-0.28762960386470937,0.24898290634155273
6069025016752691968,241289894,64,2,0.2514855028453792,1.5071797427776668,-0.599487045263014,0.17816504836082458
6082812342808458752,241318996,11,3,0.025195192701124,1.4849978486289668,-1.5986823156684122,0.1717258244752884
6070369925634339072,241343119,11,3,0.1256231085562882,1.3134298115992296,-0.9009304641389254,0.11840686947107315
6070369925634339072,241343119,64,3,0.1096944906709136,1.6926460026613908,-0.9598151840142162,0.22856613993644714
6068878231956147328,241363085,11,0,1.957871584237875,1.5555721715056305,0.29178420325577525,0.1918901652097702
6068878231956147328,241363085,64,0,1.732838161291294,1.6730383048305288,0.23875800360242388,0.2235058844089508
6070831823595497984,241447466,64,2,0.1523840405879011,1.509180402608503,-0.8170605149357084,0.17874115705490112
6069224028358222464,241467204,38,4,8.20876299153227,1.4420520484991224,0.914277716628839,0.15898093581199646
6094529696485204864,241570607,11,4,0.5747072006828874,1.4773220091276535,-0.24055336142337058,0.16947516798973083
6094529696485204864,241570607,64,4,4.6165969261108355,1.5721432689115742,0.664321958066942,0.19649212062358856
2508964107269556864,241579057,42,0,0.4497422134022226,1.5363314393133822,-0.34703634706128067,0.1864849179983139
6069443965048494208,241581808,64,3,21.42083033069721,1.3616056280015691,1.3308363012787865,0.1340513378381729
6065855262173303040,241593128,11,3,1.5083284168008195,1.3520590084897581,0.17849591320183317,0.13099564611911774
6094727338001355520,241640242,11,0,1.0558810044407632,1.4588164778541934,0.02361497688462896,0.16400066018104553
6094727338001355520,241640242,64,0,0.2566029068009222,1.6608428440067575,-0.5907384282399283,0.22032853960990906
6066053552224632832,241661288,11,3,0.237247853245443,1.3117949129900988,-0.6247977086282828,0.11786594241857529
6066053552224632832,241661288,38,3,0.2393377961937486,1.2811345275640178,-0.6209887122423429,0.10759473592042923
6093868241464544896,241677723,11,1,1.169093609253864,1.4859825175127164,0.06784928648671934,0.17201370000839233
6065108247103154176,241690685,38,1,0.2043599760801435,1.4935521730687162,-0.689604156822923,0.17422039806842804
6093930226433316352,241739877,11,0,2.5933463622388926,1.790654108441278,0.4138605241598372,0.25301170349121094
6093930226433316352,241739877,38,0,0.6286704738576536,1.7128629960711188,-0.201576936248845,0.23372262716293335
6110400429578451712,242119768,11,3,1.762801073011076,1.2765100196368477,0.24620330619155018,0.10602422803640366
6097014287827105792,242295957,38,3,0.5818838711750338,1.4342795104737753,-0.2351636805394644,0.15663379430770874
6109757795093391232,242316748,38,1,1.2801017171070297,1.58665401252601,0.10724448013471834,0.20048223435878754
6092937607953160192,242557720,11,0,0.3047145778638974,1.4089334513161955,-0.5161067681783659,0.14889048039913177
6093230902676627072,242583230,11,4,0.411655418799588,1.5451319536054036,-0.3854661634073972,0.1889655739068985
3014411427921646080,24297713,32,3,0.5697748873341189,1.2669549691439819,-0.24429669608032642,0.1027611792087555
6087419605766169856,243181433,64,4,2.6006279892155915,1.5225253305134419,0.4150782323243681,0.18256452679634094
6083912679070170496,243192504,11,3,3.9477364542832047,1.3305562824759216,0.5963481520343443,0.12403324991464615
6083912679070170496,243192504,38,3,5.383045317501783,1.4868758027290063,0.7310280359661828,0.17227469384670258
6083912679070170496,243192504,64,3,1.1326876095243947,1.3430380756559612,0.05411014978699139,0.1280883252620697
6083084059619602560,243221067,64,4,0.6086331613708112,1.4348748019587305,-0.2156443888033404,0.15681400895118713
6112637935742759680,243237647,11,4,0.0481234229218415,1.6611250601632208,-1.317643489744524,0.220402330160141
6083102609575550592,243291790,64,0,0.8308614185749194,1.8008932839048726,-0.08047140722328062,0.25548797845840454
6108378423394146944,243296277,64,0,1.367226211482927,2.158700367242513,0.13584037577564034,0.3341923654079437
6111472590854708480,243304823,64,2,16.719577159823423,1.3577895677566973,1.2232252898806593,0.13283246755599976
6111516944976886528,243330489,11,3,0.3456641026935499,1.1227561911972512,-0.4613457197100992,0.0502854585647583
6111891710944533504,243341756,11,4,0.1887793512464412,1.557778221404889,-0.724045510727318,0.1925056278705597
6111440842456581504,243343875,64,1,11.83539587348889,1.4207179137453416,1.073182788906117,0.15250785648822784
6083158341074049536,243359168,11,1,0.0389389382792043,1.9884442192997684,-1.4096158942584391,0.29851341247558594
6083158341074049536,243359168,38,1,0.0352502342136331,1.34036452636615,-1.452837993073986,0.1272229254245758
6107254005256375040,243389982,11,2,1.8576533011200564,1.3793270167128802,0.26896466366184446,0.13966724276542664
6106993554140699520,243499565,38,0,5.15608885024756,1.5410330600366995,0.7123203925525369,0.1878119558095932
6106993554140699520,243499565,64,0,11.24660749231963,1.6411967115116826,1.0510215384866155,0.21516063809394836
6108229512590103424,243502815,64,3,16.521538842514587,1.6049263575153356,1.218050495749973,0.20545510947704315
6108254663917414784,243510629,64,4,2.045512155604054,1.4914961317733686,0.31080206466845717,0.17362213134765625
6108164297805133184,243511200,64,2,9.966513742408212,1.3302946253739094,0.998543269925391,0.12394783645868301
6108158422289782912,243511383,64,1,9.549921812514874,1.4938532197938075,0.9799998159259088,0.1743079274892807
6112060967015331712,243551138,38,0,0.0191400778806606,1.537057421075201,-1.71805629941851,0.186690092086792
4823217285221309696,24401034,5,0,64.8846150596768,1.645069643005351,1.8121417324433844,0.21618428826332092
4823217285221309696,24401034,6,0,10.226427965386357,1.6879085912106606,1.0097239635437159,0.2273489236831665
4823217285221309696,24401034,32,0,34.8307186983615,1.409736934089831,1.541962435799388,0.14913807809352875
2989968391083143808,24403505,5,2,1.1848180865964777,1.431024303631191,0.07365167519672113,0.15564700961112976
2543516161389433472,244175217,42,3,9.634744018769608,1.3472635382059774,0.9838401805677409,0.12945255637168884
2543516161389433472,244175217,43,3,11.031091655795672,1.1032373805401985,1.0426184930955436,0.04266896843910217
4823262708795280384,24448282,5,2,2.050530166135265,1.627964732270171,0.3118661627430932,0.2116449922323227
4823262708795280384,24448282,32,2,6.272370574477342,1.6005775118319236,0.7974317087478731,0.20427671074867249
4823262708795280384,24448282,33,2,18.978927236531728,1.6223603962067243,1.278271660756104,0.21014733612537384
4822948351549058304,24451239,33,4,0.0518698417441382,1.463907445998327,-1.2850850770450184,0.16551361978054047
6081540963771765376,244862324,64,0,13.753914621995444,1.7000556862492966,1.1384263241130752,0.2304631471633911
6081540826332813568,244862329,64,4,0.7608564885618121,1.371932572441507,-0.11869725138088323,0.1373327672481537
6084621829711973504,244863750,64,0,3.8673252443559094,0.9235229853471338,0.58741069803355,-0.03455229103565216
6085297995001143680,244865631,11,4,0.0834124633202972,2.0727178219592104,-1.0787690531172973,0.3165401816368103
6085297995001143680,244865631,37,4,0.206046898856322,1.4709766792652734,-0.6860339175127105,0.16760578751564026
6084943746097972096,244868635,64,1,20.381409899288577,1.4798792841448936,1.3092342233554923,0.1702262908220291
6080364825623490688,244882956,11,0,0.463204287683809,1.1583152576823776,-0.3342274291839018,0.0638267770409584
6080364825623490688,244882956,37,0,0.7558600538560051,1.339192352843237,-0.12155860590647563,0.12684296071529388
6080364825623490688,244882956,38,0,5.350342564373974,1.6429413774572765,0.7283815893211292,0.21562206745147705
6080364825623490688,244882956,64,0,1.442624944675624,1.550985087898286,0.1591534373794288,0.19060762226581573
6081458603477669120,244902151,64,3,8.45218767402627,1.7147138515156402,0.9269691316468534,0.2341916561126709
6081196404313313792,244943765,11,4,0.0445466135415756,1.570723506759619,-1.3511853056811576,0.19609974324703217
6081196404313313792,244943765,37,4,1.8743907720954052,1.5685997117121795,0.27286013749783183,0.19551213085651398
6081196404313313792,244943765,38,4,2.345608556317908,1.3993194773138948,0.37025553718463355,0.1459168791770935
6085252056031182976,245008998,64,3,1.392346518915467,1.1834834542076262,0.14374733335257847,0.07316219061613083
6085064761097406464,245026007,11,0,0.7846794716721109,1.2246512624777166,-0.10530770900175876,0.08801243454217911
6085064761097406464,245026007,64,0,3.5370508635694393,1.480283113338748,0.5486413051098347,0.1703447848558426
6081945068654385280,245066871,11,1,11.91741738866824,1.4256274012902044,1.0761821500876572,0.15400603413581848
6081945068654385280,245066871,37,1,2.912073931597101,1.4394746432746142,0.46420239662900664,0.15820401906967163
6081945068654385280,245066871,38,1,17.595353479635236,1.5053614690061294,1.2453979959630852,0.17764079570770264
6081945068654385280,245066871,64,1,1.541138450133346,1.643789871451367,0.18784165586832627,0.21584630012512207
6084976250411076224,245067961,64,2,3.641468211667736,1.6331094359024054,0.5612765231169956,0.21301528811454773
6080428429800735872,245097161,64,4,39.34682675525254,1.534796297560161,1.5949097131054135,0.18605074286460876
6080820298315369088,245157924,11,3,0.3431762215129771,1.4475288593394755,-0.4644828118007947,0.16062723100185394
6080820298315369088,245157924,64,3,0.1167785031255927,1.3021272151368397,-0.9326370958638168,0.11465341597795486
2989206326445903616,24518895,5,1,66.04937862708553,1.3799913073443504,1.8198687362564154,0.1398763507604599
2989206326445903616,24518895,32,1,14.412471324182896,1.587712787912967,1.1587384562082874,0.20077194273471832
6082096148423381376,245226393,64,2,1.0321880888897323,1.3938691024538248,0.013758843147700305,0.14422199130058289
6082109102044905216,245228473,64,2,0.9642499727455792,1.6597593903876995,-0.015810364737206713,0.22004513442516327
6080854078239398016,245298317,11,4,2.4934431559295405,1.5774561376448841,0.39679947187360054,0.19795729219913483
6080854078239398016,245298317,64,4,0.1048597385479115,1.4901184718879577,-0.979391229469338,0.17322079837322235
6068150149097373568,245304994,11,3,4.956335059744935,1.3177913859962338,0.6951606580106563,0.11984666436910629
6068150149097373568,245304994,64,3,1.0214123871679253,1.3748211620451753,0.009201120453195844,0.13824620842933655
6080667951539303808,245339150,11,0,14.813959368207628,1.5803499517932553,1.1706711491324102,0.1987532675266266
6080667951539303808,245339150,37,0,0.2166105013838773,1.6888017478780466,-0.6643204923897559,0.22757866978645325
6080667951539303808,245339150,38,0,1.8235902222772225,1.3722387199819561,0.2609272549367946,0.13742966949939728
6083243896822763648,245431787,11,1,0.2912145488884858,1.4802711268817705,-0.5357869317485936,0.17034126818180084
6080698806585094656,245454701,64,0,12.0783356704977,1.5670415745817599,1.0820070949708556,0.19508051872253418
6083320592058578816,245486342,64,3,1.0727216955102878,1.6483484252947678,0.03048706420133832,0.2170490175485611
463995319973484416,245675509,18,4,3.1275513418621,1.2227802106868186,0.4952044477993127,0.08734840154647827
453919257978009216,245761295,58,0,0.0401453687147602,1.7643469791388366,-1.3963645489565675,0.2465839982032776
2901692175901636480,24587624,5,4,4.973042459444971,1.5990244238047981,0.696622167220147,0.20385509729385376
2901692175901636480,24587624,6,4,4.375669587798476,1.5022744261646979,0.6410445204520823,0.17674927413463593
2901692175901636480,24587624,32,4,1.718479453963198,1.5626234304664004,0.2351443441056273,0.19385433197021484
2901692175901636480,24587624,33,4,3.439410886379903,1.6371783572259184,0.5364840615527849,0.21409599483013153
2988967075290032256,24607949,5,2,2.630536703051534,1.6538255859575675,0.4200443657498087,0.21848970651626587
2988967075290032256,24607949,6,2,2.451189510090103,1.4004294820207954,0.38937688938538684,0.14626124501228333
2988967075290032256,24607949,32,2,4.83155287814417,1.367436375389323,0.6840867369666609,0.1359071284532547
2900656848263249920,24608426,5,1,1.129503167503603,1.444450384559385,0.052887453164666275,0.1597026288509369
2900656848263249920,24608426,6,1,0.1291441950686994,1.3566425122475343,-0.8889251102517205,0.1324654221534729
6138600978681605120,248146490,37,3,0.0186094962278939,1.562400137980942,-1.7302653833661232,0.19379226863384247
6138660661547205504,248146918,10,4,0.0099451464911672,1.5553184544139762,-2.002388815371421,0.19181932508945465
6085983368702487680,248187285,64,0,18.903469072760807,1.4274574079139706,1.2765415110995406,0.15456315875053406
2531488844210764544,248349830,30,1,2.407677909754215,1.5093574031044388,0.3815983881620114,0.1787920892238617
2531488844210764544,248349830,42,1,0.5677481401168692,1.5167225606196755,-0.2458442798088942,0.18090614676475525
2531488844210764544,248349830,43,1,1.7627476244978977,1.5107662754812434,0.2461901380884646,0.1791972815990448
2531732317316926336,248384545,30,2,0.0187901930645922,1.7745529309282402,-1.7260687576080274,0.24908895790576935
2641618093513228800,248602766,42,1,0.0451646468365373,1.0138770784472826,-1.3452013813696249,0.0059853047132492065
2484875735945832704,248952247,30,4,0.0270632928993627,1.4098251632821277,-1.5676193621723618,0.14916525781154633
450365430234579072,249899744,58,4,68.12770925149472,1.519263537387893,1.8333237863243848,0.1816331148147583
452203568860985856,249925739,58,1,0.0929864067664269,1.4765371007721453,-1.0315805342182218,0.16924436390399933
2462582794095456000,25001474,30,3,0.040612869670803,1.3620916318759606,-1.3913363225473192,0.13420632481575012
5904227499576770048,250091359,11,4,0.6853849420610265,1.4993116170235297,-0.16406544127125539,0.1758919060230255
5905910473910261120,250123846,11,2,0.0440050823522395,1.3821419223933031,-1.35649716192141,0.14055263996124268
2625503165763607808,250328442,42,4,0.0341431934483404,1.6823154947344898,-1.4666958613076502,0.22590744495391846
2649338761082702976,250348940,42,2,0.040572564248089,1.6017635697550032,-1.3917675433530388,0.20459841191768646
358044661529405056,250586846,58,2,41.9089569643392,1.6097374284644448,1.622306852189873,0.20675504207611084
455268393101629440,250704825,58,0,4.596220679763666,1.5489622256317899,0.662400872431999,0.19004082679748535
355625667228299648,250832135,18,1,0.0331175313525217,1.419729385813236,-1.479942043865889,0.15220557153224945
2623655475128272384,251005952,42,3,0.0224119411620437,1.6960540595017946,-1.6495205263540895,0.22943969070911407
2496200774431287424,251088243,4,2,0.1765461023419412,1.4945295917469583,-0.7531418660367243,0.17450451850891113
461461804664397056,251246113,58,4,5.649121563526554,1.650379555731146,0.7519809204259604,0.21758383512496948
459462170968707456,251333851,58,4,5.778234602434131,1.6675391102112467,0.761795170681284,0.22207602858543396
461060551639685888,251434330,18,4,0.1785464599709613,1.5978891332458214,-0.7482487561142589,0.2035466432571411
461060551639685888,251434330,58,4,11.57665400558994,1.539633996961692,1.0635830536151052,0.18741749227046967
461072508828461824,251496897,58,2,37.540071138433056,1.3646225300311112,1.5744950912741302,0.13501253724098206
447361152152230656,251546956,58,1,39.80679975112437,1.5233451391488866,1.5999572640876376,0.18279831111431122
447440007751299072,251818063,58,2,0.2657316259446439,1.7478644160371777,-0.5755567551272454,0.24250774085521698
425805913888427648,252100187,58,3,0.0213571284262861,1.4114891523469246,-1.6704571408033404,0.14967754483222961
441640221355365760,252808469,58,4,0.372017917227294,1.599137338795354,-0.42943614300638755,0.2038857638835907
441715915858562944,252809289,58,2,7.085581167777931,1.461126282100447,0.8503754773933229,0.16468775272369385
442697264345359360,252811779,58,2,105.0773344118462,1.584981028783008,2.021509047127835,0.2000240683555603
442748975750904320,252821341,58,3,1.3153009048262063,1.332248457802134,0.11902511887620061,0.12458522617816925
441663998293948544,252825335,58,1,4.907179497211738,1.3659550269877232,0.6908319441074339,0.13543640077114105
441662349026548224,252825455,58,0,0.1347836093607571,1.3699984042627549,-0.8703629178673326,0.13672006130218506
441447669380929792,252826205,58,4,0.7534603393494025,1.5465014687167953,-0.12293960314367497,0.18935033679008484
435362937672941184,252828250,58,0,20.325202338646243,1.5860851621888337,1.308034877716051,0.20032650232315063
441429321280764288,252829142,58,1,115.95998079663912,1.3396263682093115,2.064308134762346,0.12698368728160858
441648398972798080,252830020,58,4,25.93855612586314,1.609917052980037,1.4139457973447167,0.20680350065231323
441774911528969088,252832001,58,3,15.278979114147198,1.2010173335040264,1.1840943372302328,0.07954927533864975
443396210143348864,252835776,58,2,0.1088608040985581,1.4880226361159714,-0.9631284620979736,0.17260953783988953
443396210143348864,252835776,59,2,0.1111813595785271,1.3600048324271965,-0.9539680195055734,0.13354045152664185
441646096870597760,252846584,58,4,1.4273533877402385,1.5131584897377017,0.15453151014702785,0.1798844188451767
441458252180075008,252846620,58,2,17.21327313592956,1.3500684561611986,1.2358634600842866,0.13035579025745392
441452067427314432,252846973,58,1,13.095563387689104,1.4523069411429463,1.1171241870607038,0.16205841302871704
441451723829949056,252847025,58,0,0.4006716592082577,1.313120068967209,-0.3972113755227711,0.11830443888902664
441430214633926272,252847414,58,3,5.835868461956576,1.5312717159308749,0.7661054945150714,0.18505226075649261
441429733597631232,252847522,58,2,13.467020156422596,1.5786821526192203,1.1292715101411086,0.19829469919204712
441378159630386816,252847693,58,0,4.602940044079944,1.6128256470390796,0.6630353179974241,0.20758742094039917
441358776436543488,252849400,58,1,0.1812908871475145,1.1613831944056947,-0.7416240258052967,0.06497553735971451
441370600488018048,252849433,58,3,6.574173566315861,1.3616444514720112,0.8178411658086062,0.134063720703125
441372971309927936,252849644,58,4,0.1422989414614142,1.573100763091918,-0.8467983305494231,0.1967565417289734
441459278671283968,252868083,58,3,3.929434383836194,1.5184882829592679,0.5943300410478483,0.18141144514083862
441361529517032832,252868899,58,2,0.0480883916868105,1.3322793588182231,-1.3179597476345224,0.12459529936313629
6061537102071013632,253151299,11,3,0.1229451635278298,1.8466923732141136,-0.9102885510610033,0.26639455556869507
6061537102071013632,253151299,64,3,0.070822239806651,1.270950696536564,-1.1498303424707748,0.10412870347499847
6056071532867594752,253176053,11,2,0.4981430575130878,1.3922739418445,-0.3026459179501025,0.1437246948480606
6067570809548679168,253270831,11,2,0.0945016434484263,1.6098307732666248,-1.0245606387460113,0.20678022503852844
6057241207070752640,253309679,11,1,0.0258572271504725,1.550619270038591,-1.5874180493634271,0.19050517678260803
6060626706443891200,253319678,64,0,0.1262046521412099,1.5602492662422027,-0.8989246358841335,0.19319398701190948
6067536759058432896,253449327,38,1,0.0306235135858952,1.6835642593414535,-1.5139449820432491,0.2262296974658966
6063338823686668928,253501247,11,0,0.231684323211853,1.6765930835854332,-0.6351033515053301,0.22442767024040222
6063338823686668928,253501247,38,0,0.2735855078905262,1.5321491710238686,-0.5629069113739549,0.1853010505437851
6067700551925654656,253517149,11,0,1.8640800267572224,1.5114965646845326,0.27046455310005424,0.17940716445446014
5989177829530793856,254322223,12,0,5.673059812259301,1.653979711816355,0.7538173624466391,0.21853017807006836
5987195753669912064,254365686,12,2,2.8903260051231365,1.6101005646474378,0.46094683038322326,0.2068530023097992
5986289545599659264,254597659,12,3,0.5503231822605352,1.4706987619308254,-0.2593821922301469,0.16752372682094574
5987637963513563136,254740868,12,1,1.4887284008472097,1.330407530583616,0.17281547359349198,0.123984694480896
5989438654307412864,254771977,12,4,0.1077515580628628,1.5666299342501335,-0.9675764413230398,0.1949664205312729
5989480401391030528,254844960,12,1,0.2897389352063518,1.4912691878732833,-0.5379931402498869,0.17355604469776154
5995529983082554496,254901458,12,2,0.1063494521171736,1.9308251118717392,-0.9732647431199841,0.28574293851852417
5994581997903943168,255200199,39,0,0.0186027179717978,1.5352534604213546,-1.730423598044574,0.18618008494377136
5984600871856861056,255236579,12,2,15.717691789712662,1.5847087585539812,1.196388768383174,0.1999494582414627
5984596714328025216,255295052,39,1,0.0190057420268716,1.3293928460890363,-1.721115169897508,0.1236533373594284
5994932776468000000,255472458,39,1,4.876634259455899,1.4477223727238546,0.6881201853524205,0.16068528592586517
5501006658317182464,255547254,7,2,0.0693281866386519,1.5027979035084473,-1.1590901591424445,0.17690058052539825
5500734868491020672,255559790,61,1,2.5935203220374063,1.4944469321378628,0.4138896553425703,0.17448049783706665
5500734868491020672,255559790,65,1,4.7805752734267495,1.4096488555192517,0.6794801608468494,0.14911094307899475
5500734868491020672,255559790,66,1,2.092159612276898,1.4119699007062947,0.32059481407996276,0.14982543885707855
5500838536124246016,255567780,61,3,1.505875742509551,1.3869146790103133,0.17778913748964026,0.14204974472522736
5500838536124246016,255567780,65,3,0.8075035221993794,1.2060443835806864,-0.0928555746706446,0.08136329054832458
5500838536124246016,255567780,66,3,1.6758313763250017,1.2305496493548074,0.2242303173874568,0.09009914100170135
5500781735175024000,255586491,6,2,0.0533188909953292,1.445475169935977,-1.2731188922592618,0.16001063585281372
5499936730426293120,255586954,62,1,29.71354201483259,1.6787556678961268,1.4729544251394928,0.22498749196529388
5499936730426293120,255586954,66,1,1.7980911068499974,1.4566310686846233,0.25481169307006435,0.16334956884384155
5550758219445350016,255588894,6,2,0.0237983934725228,2.231501733381406,-1.6234523593118668,0.3485972285270691
5550758219445350016,255588894,8,2,0.0153264030308865,1.5458340889214877,-1.8145597582006667,0.18916288018226624
5502604317431258624,255640745,61,0,0.0365889600601843,1.8043074916602815,-1.4366499339553636,0.2563105523586273
5550909127416677760,255704443,6,1,0.1816495416577674,1.5065029698590267,-0.740765693621545,0.17796999216079712
5550909127416677760,255704443,7,1,0.0817139782465674,1.478911142272548,-1.0877036453514644,0.16994208097457886
5550909127416677760,255704443,8,1,2.4214342671434084,1.3844693108482518,0.3840726840766025,0.1412833333015442
5550909127416677760,255704443,32,1,0.0171716680491415,1.4264724132408189,-1.7651875155932244,0.15426337718963623
5550909127416677760,255704443,33,1,0.1254555820003109,1.1461444158453942,-0.9015100104912558,0.05923934280872345
5550909127416677760,255704443,34,1,0.1804879436473707,1.468849807392129,-0.7435518030785118,0.1669773906469345
5550909127416677760,255704443,61,1,0.0251181276810845,1.4971614982566237,-1.6000127362755452,0.17526865005493164
5550909917690722944,255704455,61,4,0.0697373790619167,1.6804394140463774,-1.156534378731426,0.22542285919189453
5551124940933094912,255741185,61,0,0.0969817573213081,1.4351341317267463,-1.013309950680049,0.15689249336719513
5552012723556654464,255741939,61,1,3.808767787254854,1.377728785878484,0.5807844954259629,0.13916373252868652
5502519856900256896,255779146,6,3,0.0300706122892837,1.3086582164620084,-1.5218577288283155,0.11682623624801636
5502519856900256896,255779146,7,3,0.0657125143496129,1.3355133397281467,-1.1823519151368127,0.12564823031425476
5502519856900256896,255779146,8,3,0.0673538355913958,1.5850086553783835,-1.171637667517139,0.20003163814544678
5551538941421122304,255781884,61,0,0.1634597106819616,1.650067912962173,-0.786589274102761,0.21750181913375854
5776454833841481728,256162745,66,0,63.29418005341322,1.693950675622807,1.8013637781549532,0.2289007604122162
6067196013523931264,256168939,11,0,4.006273627589442,1.4221878451508392,0.6027406081861891,0.15295696258544922
6067196013523931264,256168939,38,0,0.6565523497992161,1.5336967677709548,-0.18273063998955985,0.18573950231075287
5776061547977660544,256214388,39,4,0.0413071107231649,1.4722562706336093,-1.3839751812245593,0.16798341274261475
5773796558322153088,256216396,66,2,5.177098687260038,1.3482305214936077,0.7140864437000264,0.1297641545534134
6063606211158709760,256716325,11,1,0.0141645260441786,1.348336367145772,-1.8487979527243124,0.12979824841022491
6063606211158709760,256716325,38,1,0.0208317660912913,1.3101661626557315,-1.681273909543919,0.11732637882232666
2724868849064224896,257044092,55,1,0.0283438027589225,1.4932511357764275,-1.547541882866864,0.17413285374641418
2547792093390641024,257247422,42,0,0.0524656959769064,1.5123695896600151,-1.2801245616859358,0.1796579360961914
2551213292538579328,257570869,42,1,0.0590974006297628,1.459064264867781,-1.2284316209288455,0.16407442092895508
4840770472961988608,257605749,4,2,2.8660544059410453,1.6164839773239772,0.45728443029569826,0.2085714042186737
4840770472961988608,257605749,5,2,29.173959927392552,1.3633421795563465,1.464995382083448,0.13460487127304077
4840770472961988608,257605749,31,2,9.580441626218509,1.3415498317546648,0.9813855290586198,0.1276068091392517
68168419548529920,258031958,42,4,16.556624136425626,1.479552980061837,1.2189717896722154,0.17013052105903625
68168419548529920,258031958,44,4,13.570902403194983,1.7818748642082622,1.132608727224783,0.2508772015571594
68282837477714816,258032108,42,3,45.83440261163229,1.1571893246626936,1.6611915752920299,0.06340441852807999
68364682374473856,258032224,42,3,7.228980933905707,1.5260421896285197,0.8590770793173854,0.18356654047966003
68385057699293056,258032359,42,0,6.518478261594351,1.631201923030756,0.8141462215405131,0.2125077247619629
68390830135333504,258032373,42,0,84.20757886640817,1.4302313595924743,1.925351180712671,0.15540629625320435
68390830135333504,258032373,43,0,1.2947040963502154,1.3833016623631809,0.11217052208019541,0.14091689884662628
68395399980532864,258032409,44,3,24.910619790907177,1.805078781767634,1.396384533173693,0.2564961612224579
68395606138958592,258032425,44,4,3.9420986581871857,1.5865525940663219,0.5957274890885605,0.2004544734954834
68587161680620288,258032514,42,1,1.7956301098229028,1.4725592899854838,0.25421687920917696,0.16807278990745544
68587161680620288,258032514,43,1,0.7561413536940126,1.424044902517038,-0.12139700953731034,0.15352368354797363
68587161680620288,258032514,44,1,0.7326061104035424,1.509554779509168,-0.13512946336260986,0.17884887754917145
70118197262752768,258032726,42,2,4.234767866702507,1.4978805855743653,0.6268296090059853,0.17547719180583954
70118197262752768,258032726,43,2,4.639788632552513,1.3687147475016028,0.6664981965447598,0.13631294667720795
70118197262752768,258032726,44,2,1.402882651119153,1.9137032616732403,0.14702134451169768,0.2818745970726013
70169251536714624,258062005,42,2,0.0552180686930526,1.3951373367296307,-1.2579187873131648,0.144616961479187
70169251536714624,258062005,43,2,0.116754233248796,1.5891048864325688,-0.9327273639244824,0.20115256309509277
70169251536714624,258062005,44,2,0.0545362273888604,1.523493586896484,-1.2633149082145025,0.18284063041210175
70200935512668800,258062142,43,1,5.876066329698862,1.4645853850773651,0.7690866895109376,0.16571469604969025
70200935512668800,258062142,44,1,1.4415387721055497,1.24366952673301,0.158826327809931,0.0947049930691719
70224643732103680,258062259,42,4,49.53401030577862,1.4303534092071628,1.694903490170338,0.15544335544109344
70224643732103680,258062259,43,4,2.038314422707978,1.5456330295960248,0.3092711774694832,0.18910638988018036
71078483230315520,258062446,42,2,46.387095008568544,1.6659005842910877,1.666397175682106,0.22164908051490784
71078483230315520,258062446,44,2,23.55740405188078,1.5809512984501162,1.3721274309342741,0.19891849160194397
71202831123254272,258062921,42,1,0.7617566084979428,1.2933031005688134,-0.1181837694364461,0.11170031875371933
71202831123254272,258062921,43,1,1.5392170312711009,1.5287014239130907,0.18729986014211192,0.18432267010211945
71202831123254272,258062921,58,1,0.995184069507294,1.4189743950840963,-0.002096584603065965,0.15197455883026123
71207710206088192,258065391,42,2,1.6667754840275342,1.5596232580609837,0.22187710395834906,0.19301970303058624
71207710206088192,258065391,43,2,3.008208878174098,1.5223951026148796,0.4783079886645828,0.18252737820148468
71207710206088192,258065391,44,2,0.9712517451714424,1.6779590746672621,-0.01266818783824014,0.2247813642024994
71207710206088192,258065391,58,2,5.202947956158095,1.7182709844303408,0.7162494817741072,0.2350916564464569
71205133225715328,258065430,43,1,8.324226707710153,1.4127264965149955,0.9203438995750023,0.1500580906867981
71079441007018880,258065880,42,0,9.87337802229844,1.532248583861388,0.9944657651772448,0.18532922863960266
71079441007018880,258065880,43,0,3.4225989851780194,1.3357345000973735,0.5343560172428307,0.12572014331817627
71079441007018880,258065880,44,0,16.93297694108514,1.628520776009784,1.22873331696491,0.21179330348968506
70121805035254144,258066368,42,4,0.0588950872640609,1.550560959994937,-1.2299209303927456,0.19048884510993958
70114039734416128,258066489,42,3,2.1367249330933333,1.2858017739212755,0.3297486177519911,0.10917402058839798
70114039734416128,258066489,43,3,1.4084525025774073,1.4861276302725104,0.1487422058007763,0.17205610871315002
70114039734416128,258066489,44,3,0.4658661073365429,1.5019003603984582,-0.33173888416894104,0.17664112150669098
70088819686490496,258066616,42,4,13.297047846543103,1.4992070367100836,1.1237552314731656,0.17586161196231842
70088819686490496,258066616,43,4,43.14004765470339,1.5843591227855203,1.6348806205106914,0.19985362887382507
70088819686490496,258066616,44,4,3.866515235531879,1.6319763747941058,0.587319725801896,0.21271386742591858
68390417818463872,258066795,44,2,0.0336960109673278,1.5522238688604304,-1.472421509141059,0.19095435738563538
68378563708730624,258066811,43,4,2.2689508703841224,1.6258743830230362,0.3558250922039866,0.21108698844909668
68367190635351936,258066901,42,1,6.446553317348924,1.494997945778822,0.8093275789234945,0.17464059591293335
68367190635351936,258066901,44,1,3.46115312420951,1.4536348298866164,0.5392208132577756,0.16245532035827637
68363411064150272,258066973,42,4,15.832860030336454,1.593747784034152,1.1995593724240157,0.20241959393024445
68363411064150272,258066973,43,4,0.5990870625347523,1.4605011071782559,-0.22251005902828777,0.16450189054012299
68291977168100480,258067034,44,4,14.988237186137074,1.5142621033379235,1.1757505571076066,0.18020105361938477
68265279651517056,258067178,42,4,2.658670176520882,1.5553686715292447,0.4246644639199368,0.19183334708213806
68265279651517056,258067178,44,4,7.470546412762388,1.662812346902495,0.8733523682637062,0.22084324061870575
68259438496008832,258067247,42,2,14.812567772092285,1.3454896203254412,1.1706303503906939,0.1288803517818451
68259438496008832,258067247,43,2,2.5494511804212436,1.8687631489220344,0.4064467000545568,0.27155426144599915
68259438496008832,258067247,44,2,9.634474865767048,1.346743501199024,0.9838280480921583,0.12928488850593567
65254851174771584,258067348,42,3,3.5343120862499653,1.045182750697068,0.5483048958645663,0.019192233681678772
65254851174771584,258067348,43,3,4.734589633451459,1.2387794635907965,0.6752823428639181,0.09299399703741074
65254851174771584,258067348,44,3,13.822242720393715,1.4220912792461446,1.1405785149679308,0.1529274731874466
65254885534508672,258067352,43,4,4.448225223421407,1.4465565184957867,0.6481867684150127,0.16033540666103363
65257187636977536,258067363,42,2,8.083640496969313,1.410027811426107,0.9076069909325557,0.14922767877578735
65257187636977536,258067363,44,2,2.8211005407762255,1.784075242251268,0.4504185641866456,0.25141316652297974
65257806112264832,258067389,43,1,5.778949445354284,1.4455980243879847,0.7618488952451158,0.16004754602909088
65257806112264832,258067389,44,1,16.890361763627496,1.681710097294236,1.227638951540495,0.225751131772995
68267680536205440,258067448,42,1,6.442715645538703,1.2498003083822058,0.8090689638314231,0.09684062749147415
68267680536205440,258067448,43,1,6.134987284347844,1.1500035072819113,0.7878136669255678,0.06069916486740112
68267680536205440,258067448,44,1,1.1862769021540545,1.411764067085256,0.07418607439179047,0.1497621238231659
68268165869533568,258067465,43,4,7.33946802274303,1.485468363391944,0.8656645826463297,0.1718634068965912
68325649711754880,258067744,42,4,16.38126920075165,1.5912347691030608,1.2143475473345888,0.201734259724617
68325649711754880,258067744,43,4,31.090049100680694,1.7318929306287791,1.4926214079273297,0.2385210394859314
68325649711754880,258067744,44,4,3.5203452631215533,2.0962342021196085,0.546585259647214,0.32143980264663696
69894962042148096,258067922,43,0,11.662385624798016,1.5991262554356116,1.0667873975680473,0.20388275384902954
69898810332838400,258067964,42,2,0.2230755903404205,1.8559798392574203,-0.6515479490368091,0.26857325434684753
69898810332838400,258067964,44,2,0.267333528633548,1.3568414265234143,-0.572946569162028,0.1325290948152542
69908156181656576,258135255,44,2,5.464188416777951,1.3650088647652658,0.7375256663243067,0.1351354718208313
70097581419826944,258135305,42,0,3.9390899486590936,1.6707070345421504,0.5953958979861619,0.22290030121803284
70097581419826944,258135305,44,0,44.772623458620885,1.5053493827801219,1.6510125426796614,0.17763730883598328
70127955428529536,258135430,42,2,6.3242667854854835,1.5985656583712669,0.8010101821046286,0.2037304788827896
70127955428529536,258135430,43,2,40.550543617541635,1.6018980586466258,1.6079966807054014,0.2046348750591278
70127955428529536,258135430,44,2,10.274955090408191,1.3609178746150397,1.011779932345622,0.1338319182395935
70201725786644608,258135628,44,4,4.068207714841075,1.560465986971044,0.6094031190555964,0.19325430691242218
6139584010795996160,258382306,10,3,0.7958544415121638,1.058960336817851,-0.09916635566511091,0.02487969398498535
6139584010795996160,258382306,37,3,2.020153979709537,1.4967956387651196,0.30538447340184194,0.17516250908374786
6139583907716775936,258382313,10,4,1.2269451713949324,1.6247947864882815,0.08882515580551893,0.21079851686954498
6139583907716775936,258382313,37,4,16.486946027941812,1.7633987427181814,1.2171402162238747,0.24635052680969238
6134976541682753664,258455309,11,4,11.957646823952976,1.3543958723898297,1.077645722133683,0.1317456215620041
6134976541682753664,258455309,37,4,3.511335754470121,1.5521288050802127,0.5454723587567031,0.19092775881290436
6134516941522596352,258583891,11,3,1.3995478428762216,1.4205940542257531,0.14598774920589402,0.15246999263763428
6134516941522596352,258583891,64,3,2.0637950793034165,1.503487352946595,0.3146665726325234,0.1770997792482376
6086598923417379584,258789022,11,2,0.5662281827011835,1.660628934227205,-0.24700851842728222,0.22027260065078735
6086598923417379584,258789022,64,2,0.141055143041705,1.3412640608493935,-0.8506110743160421,0.1275142878293991
6134738359978868608,258790078,64,2,9.834534457719297,1.3433005339410824,0.9927538063266385,0.12817318737506866
6086203271028306432,258838375,64,1,0.7432075076811331,1.4400629500468451,-0.1288899118669182,0.15838147699832916
435617886930938112,259143632,58,0,8.70944160946373,1.6123740417677077,0.9399903118730588,0.20746579766273499
435621494703658240,259143922,58,1,0.0702809746563197,1.4920453407182783,-1.1531622243405686,0.17378202080726624
442601194515899264,259147715,58,1,62.64048455988747,1.360833173039818,1.7968551085784843,0.13380488753318787
435424750841023488,259320878,58,1,0.2163566338491443,1.4787510561301187,-0.664829784080196,0.16989506781101227
4784114803446931200,259542669,3,4,2.3290917093300583,1.451368440117374,0.36718658946719723,0.16177767515182495
4784114803446931200,259542669,4,4,3.0905361484823404,1.48166078002876,0.4900338276866525,0.1707487851381302
4784114803446931200,259542669,5,4,1.4278746457022131,1.527691173523742,0.1546900820413895,0.18403556942939758
4784114803446931200,259542669,30,4,1.1886731136935018,1.6966013425394535,0.075062439616521,0.22957980632781982
4784114803446931200,259542669,31,4,2.749735124282328,1.5744153865129593,0.4392908612473965,0.1971193253993988
4784114803446931200,259542669,32,4,1.6048248148422288,1.6054708966677687,0.20542763107123868,0.20560243725776672
4784592055918721920,259573373,4,0,19.923350994099103,1.4190658316570803,1.2993623860882397,0.15200254321098328
4784592055918721920,259573373,30,0,0.7813417567586848,1.4307674347077783,-0.10715896534191632,0.15556904673576355
4784592055918721920,259573373,31,0,0.4097052765473709,1.6143077804286747,-0.3875284427819074,0.20798633992671967
4784584668571800960,259573397,3,1,0.0825207627347655,1.3684849336240372,-1.0834367665208815,0.13624002039432526
4784584668571800960,259573397,4,1,0.0459965597113025,1.877496690945694,-1.3372746499330181,0.2735791802406311
4784584668571800960,259573397,5,1,0.4993959158468337,1.4884710249010105,-0.30155501371161597,0.1727403849363327
4784584668571800960,259573397,30,1,0.4490151684091285,1.4299435266801415,-0.3477389876267131,0.15531888604164124
4784584668571800960,259573397,31,1,0.6881122323239297,1.3926734089433608,-0.16234072178801437,0.14384928345680237
4784584668571800960,259573397,32,1,0.225016173162123,1.33766921971923,-0.6477862656102598,0.12634873390197754
4784133288986121728,259586708,3,1,22.023489204461605,1.7846059219254675,1.3428861258164295,0.251542329788208
4784133288986121728,259586708,4,1,37.270086083177,1.5082711814544973,1.5713603958503135,0.17847943305969238
4784133288986121728,259586708,5,1,14.42185599876474,1.5608477841911361,1.1590211548461724,0.19336055219173431
4784133288986121728,259586708,6,1,0.9920483099267134,1.5239094744148993,-0.0034671784267351516,0.1829591691493988
4784133288986121728,259586708,30,1,58.22022739249273,1.4552047742302414,1.765073897343121,0.16292411088943481
4784133288986121728,259586708,31,1,129.25622551800734,1.4450134555637872,2.1114514697002593,0.1598718911409378
4784133288986121728,259586708,32,1,8.875651955294911,1.5287397140368977,0.9482002637201253,0.18433354794979095
4786264859778429824,259645014,4,4,0.0962894061067914,1.5537120426413302,-1.0164214919247914,0.19137053191661835
4786264859778429824,259645014,5,4,0.280681947559286,1.5560632855356655,-0.5517855187068652,0.1920272558927536
4786264859778429824,259645014,6,4,0.2159643071564376,1.4680618446963978,-0.6656180196170749,0.16674435138702393
4786264859778429824,259645014,31,4,0.2073255858799449,1.3853129323390123,-0.6833470986741225,0.14154788851737976
4786264859778429824,259645014,32,4,0.1606892078188209,1.5706325373428247,-0.7940132902691601,0.19607459008693695
61917043110119552,25966549,42,0,16.619254518149386,1.4782138920972234,1.2206115389477725,0.16973727941513062
61867084050575104,25966690,42,1,4.5951472726469555,1.4779413518132205,0.6622994349110214,0.16965720057487488
61867084050575104,25966690,43,1,0.5083211823281407,1.3805548772299716,-0.29386179236979576,0.1400536745786667
233674297109487488,260051694,59,3,3.3469792650722097,1.2430852312853267,0.5246530218610291,0.09450090676546097
5499127141972838016,260079846,7,3,0.0247661825999647,1.286469818528786,-1.606140929366302,0.10939960181713104
5499127141972838016,260079846,10,3,0.0750257552293685,1.338601529450785,-1.1247896241564057,0.1266513168811798
5499127141972838016,260079846,11,3,0.0264491080399615,1.497494408944425,-1.577588969369988,0.17536520957946777
5499127141972838016,260079846,12,3,0.0368767644353608,1.806544496783248,-1.4332471909132125,0.25684866309165955
5499127141972838016,260079846,13,3,0.0512439803164056,1.12336043450987,-1.290357144299818,0.050519123673439026
5499399653353202176,260162604,1,1,0.033376537323432,1.5561336022621977,-1.4765587215612357,0.1920468807220459
5499399653353202176,260162604,5,1,0.0205397287990041,1.639430722752648,-1.6874052950071718,0.2146930694580078
5499399653353202176,260162604,6,1,0.0459348522451329,1.4556900230797263,-1.337857676245879,0.16306890547275543
5499399653353202176,260162604,8,1,0.0125996129461171,1.4333198071368962,-1.8996427959893751,0.15634310245513916
5499399653353202176,260162604,9,1,0.0205472675216367,1.6937898030436582,-1.6872459245995066,0.22885951399803162
5499399653353202176,260162604,10,1,0.0788872379730395,1.5330662638097687,-1.1029932493404073,0.1855609267950058
5499399653353202176,260162604,11,1,0.0735026610430697,1.4331013218910877,-1.1336969377130657,0.1562768965959549
5499399653353202176,260162604,12,1,0.03781693749699,1.3310879033733336,-1.4223136442379642,0.12420673668384552
5499399653353202176,260162604,29,1,0.1051632310187572,1.4047527013748382,-0.9781360791645632,0.14759987592697144
5499399653353202176,260162604,30,1,0.0998057067001252,1.7788844145085885,-1.0008446258717658,0.2501477301120758
5499399653353202176,260162604,31,1,0.037520250244136,1.4300945017048523,-1.4257342737235443,0.1553647369146347
5499399653353202176,260162604,32,1,0.0166816344256365,1.715147453158039,-1.7777614005052007,0.23430146276950836
5499399653353202176,260162604,34,1,0.0210199465830422,1.5091301233396228,-1.6773683919576097,0.1787266880273819
5499399653353202176,260162604,35,1,0.0821919884829825,1.3378856416974267,-1.0851705124745352,0.12641899287700653
5499399653353202176,260162604,36,1,0.0377953350204165,1.8878707039617748,-1.4225618006896676,0.27597224712371826
5499399653353202176,260162604,38,1,0.0211559125646533,1.3927414554264181,-1.6745682365465615,0.1438705027103424
5499399653353202176,260162604,39,1,0.0599043295858972,1.463722466456305,-1.2225417878391938,0.16545873880386353
58368884727558784,26016527,42,3,0.3741794514499486,1.5485686708821123,-0.4269200660261046,0.18993046879768372
58368884727558784,26016527,43,3,4.472046511996591,1.4994512402828488,0.6505063118279232,0.17593234777450562
58368884727558784,26016527,44,3,0.7326492663757509,1.6333437866140865,-0.1351038809270921,0.2130776047706604
67920926352940032,26017840,42,1,4.397863111022007,1.5964115026290215,0.6432417072773873,0.2031448483467102
67920926352940032,26017840,43,1,23.205263337640737,1.4265411322275383,1.365586501237502,0.1542842984199524
67920926352940032,26017840,44,1,38.466441801236776,1.476221359864128,1.585082015327932,0.16915148496627808
5499575059818725504,260371228,62,3,0.240187772879986,1.8207115651539003,-0.6194491047845302,0.26024115085601807
2174323414028790272,260402407,56,4,0.2237262269869157,1.6503382189117142,-0.6502831014284448,0.21757295727729797
5496424026997233792,260416560,1,0,0.0298917413864028,1.641406653893144,-1.524448783773826,0.21521618962287903
5496424026997233792,260416560,2,0,0.0362153454103269,1.3424763246500928,-1.441107368282302,0.12790663540363312
5496424026997233792,260416560,3,0,0.0506541925758844,1.5302678527474294,-1.295384602875933,0.1847674548625946
5496424026997233792,260416560,4,0,0.0539595383461017,1.778069165172632,-1.2679317746153715,0.249948650598526
5496424026997233792,260416560,5,0,0.0631529542109553,1.7148878909512333,-1.199606328916927,0.2342357337474823
5496424026997233792,260416560,6,0,0.0414153962351507,1.6351482132434942,-1.3828381792424866,0.21355712413787842
5496424026997233792,260416560,7,0,0.0199414249566622,1.368586781396353,-1.700243811485538,0.1362723410129547
5496424026997233792,260416560,8,0,0.036174599867543,1.283263870137733,-1.4415962639761448,0.10831596702337265
5496424026997233792,260416560,10,0,0.0283540367837095,1.4208714248442684,-1.547385101565256,0.15255478024482727
5496424026997233792,260416560,12,0,0.0362096471076295,1.3608064188969577,-1.4411757077142235,0.1337963491678238
5496424026997233792,260416560,13,0,0.0210795730484564,1.5461816421982966,-1.6761381896918066,0.18926051259040833
5499683980189548800,260473548,28,4,1.0352098392843208,1.4687491660596306,0.015028391151691415,0.1669476330280304
5499683980189548800,260473548,29,4,1.1101123202278864,1.4828801625454273,0.045366922559028196,0.17110605537891388
5499683980189548800,260473548,31,4,1.7643703434065707,1.5313410174388964,0.24658974928596475,0.1850719153881073
5499683980189548800,260473548,32,4,1.1722522008995662,1.2371857183675081,0.06902105679808211,0.09243489801883698
5499683980189548800,260473548,33,4,0.8844956341824673,1.5402372372805266,-0.05330430640054729,0.18758761882781982
5499683980189548800,260473548,34,4,16.28170726547948,1.4912302501250208,1.2116999421442,0.17354470491409302
5499683980189548800,260473548,35,4,1.7308137027000785,1.6323726438995232,0.23825032481156905,0.21281930804252625
5499683980189548800,260473548,38,4,0.9787006591473026,1.5914473300471437,-0.009350119187082138,0.20179226994514465
5499683980189548800,260473548,39,4,0.534682615323043,1.5698794935655902,-0.2719039363260897,0.19586631655693054
5499683980189548800,260473548,61,4,0.8983069482359249,1.5614408527846455,-0.046575241119531534,0.1935255378484726
5499683980189548800,260473548,62,4,5.839208741779575,1.5907711975498815,0.766354000817755,0.20160771906375885
5499683980189548800,260473548,65,4,11.204385449967084,1.6771987106355437,1.049388040879335,0.22458451986312866
5499683980189548800,260473548,66,4,3.128361317899062,1.4128829738600577,0.4953169072099291,0.15010619163513184
5499683980189548800,260473548,67,4,2.562845786911308,1.7069898215970343,0.4087224743432716,0.23223093152046204
5496317309945329536,260474818,27,4,0.0348956715367664,1.595482135671203,-1.4572284396390918,0.20289194583892822
5496317309945329536,260474818,29,4,0.0197413977386487,1.5950223616272885,-1.7046221014793423,0.2027667760848999
5496317309945329536,260474818,30,4,0.0506985292897078,1.6855880618367955,-1.2950046389039147,0.226751446723938
5496317309945329536,260474818,31,4,0.2318573365847889,1.5187291656448818,-0.6347791573145267,0.18148033320903778
5496317309945329536,260474818,32,4,0.0534823011888316,1.510530542876903,-1.2717899145717855,0.17912951111793518
5496317309945329536,260474818,34,4,0.0226887331788178,1.4742853849253952,-1.6441897521894633,0.16858156025409698
5496317309945329536,260474818,35,4,0.0575900273103112,1.5180278307866995,-1.2396527155191535,0.1812797337770462
5496317309945329536,260474818,36,4,0.0776557755411796,1.7176626669904589,-1.1098262386812456,0.2349378764629364
5496317309945329536,260474818,37,4,0.1482303082131087,1.5570524965518318,-0.829062988367827,0.19230325520038605
5496317309945329536,260474818,38,4,0.0971505853888872,1.5551310484241536,-1.012554578178995,0.19176699221134186
5496317309945329536,260474818,39,4,0.0624731250812444,1.5611799112708127,-1.2043067688803948,0.19345295429229736
5496317309945329536,260474818,61,4,0.1299403097239608,1.7881339159630432,-0.8862561023909765,0.2524000406265259
5496317309945329536,260474818,62,4,0.046901415301669,1.5352125314230283,-1.328814051774661,0.18616850674152374
5496317309945329536,260474818,63,4,0.0864332941593763,1.7134576791185634,-1.0633189347845249,0.2338733822107315
5496317309945329536,260474818,64,4,0.1279354048048024,1.6221469345217765,-0.8930092523659742,0.21009019017219543
5496317309945329536,260474818,65,4,0.0969948314462003,1.6215497250343405,-1.01325140732344,0.20993027091026306
5496317309945329536,260474818,66,4,0.1099779284722923,1.5684533805297567,-0.9586944648825937,0.1954716145992279
5495120835135720832,260502759,4,0,0.0730141650771333,1.503699594551063,-1.1365928766184998,0.1771610826253891
5495120835135720832,260502759,5,0,0.0233279257093324,1.449492411616674,-1.6321238764244637,0.16121594607830048
5495120835135720832,260502759,6,0,0.0193150860932453,1.5324892306354745,-1.714103351731533,0.1853974312543869
5495120835135720832,260502759,7,0,0.1008755758774985,1.5363103541131036,-0.9962139729667161,0.18647895753383636
5495120835135720832,260502759,8,0,0.0479649094133625,1.5029178433366732,-1.3190763714027838,0.17693524062633514
5495120835135720832,260502759,9,0,0.1125990600277256,1.6489084327083823,-0.9484652349418291,0.2171965390443802
5495120835135720832,260502759,10,0,0.0169943977961749,1.5365719364945107,-1.769694220220783,0.18655289709568024
5495120835135720832,260502759,11,0,0.018231746588762,1.6487011512255367,-1.7391717242398772,0.21714194118976593
5495120835135720832,260502759,13,0,0.0708638732827726,1.486168831418037,-1.1495751136545105,0.17206814885139465
5495179693367660416,260537783,6,0,0.0257495430788188,1.5595599005094654,-1.5892304730347622,0.19300206005573273
5495206425243888512,260605685,61,0,4.4590593965924965,1.9228188814007678,0.649243257377766,0.28393837809562683
5495206425243888512,260605685,62,0,0.8600160450024795,1.5442656081761874,-0.06549344620871543,0.18872199952602386
5496266217014369920,260606274,61,2,1.6814008146756054,1.3605286364583893,0.22567125350640532,0.1337076872587204
5496266217014369920,260606274,62,2,10.119343977340272,1.5705584938517354,1.005152358723545,0.1960541158914566
5496266217014369920,260606274,63,2,59.246667145916135,1.4046331735872721,1.77266392462562,0.1475629210472107
5496266217014369920,260606274,65,2,0.9907703449000432,1.325764134968105,-0.004027000914433619,0.12246626615524292
5496266217014369920,260606274,66,2,11.361031556014964,1.3164420254493336,1.0554177661237505,0.11940173804759979
5496266217014369920,260606274,67,2,14.535273816467107,1.3685073779868175,1.1624232174522071,0.13624714314937592
5498054057280883584,260638821,5,3,0.0315543835487984,1.4055951304448049,-1.5009402998489052,0.14786024391651154
5482771051813336448,260640943,61,0,12.803572987689623,1.3252608769901553,1.1073311815465616,0.1223013773560524
5482771051813336448,260640943,62,0,9.6501303778017,1.2536867647648602,0.9845331809062114,0.09818904101848602
5482771051813336448,260640943,63,0,25.5716550167781,1.2491952378440088,1.4077588368020175,0.09663031995296478
5482771051813336448,260640943,64,0,2.2081808463070933,1.681227897490193,0.3440346385032599,0.22562658786773682
5482771051813336448,260640943,65,0,16.99131236572141,1.456429968086853,1.2302269239649617,0.1632896065711975
5482771051813336448,260640943,66,0,10.873527992801382,1.5503696056689305,1.0363704768567068,0.1904352456331253
6127629158312984064,260769622,64,3,4.612310315708252,1.3593774479605494,0.6639185188884982,0.13334006071090698
6079255040437333760,260772424,64,1,2.7152223050223188,1.379056336533032,0.433805392632824,0.13958200812339783
6079187145591732864,260773190,10,4,0.2593124207946737,1.4564144269251256,-0.5861766804794132,0.16328497231006622
6079187145591732864,260773190,11,4,0.0207875856097455,1.5833331147528487,-1.6821959492089362,0.19957229495048523
6077824373954815744,260778617,10,1,5.251883444347677,1.439867990296658,0.7203150791770883,0.15832267701625824
6077824373954815744,260778617,11,1,9.95227795480788,1.3936297095124086,0.9979224968235889,0.14414739608764648
6077824373954815744,260778617,37,1,35.80415434875259,1.3778392165662758,1.5539334206680084,0.13919854164123535
6077824373954815744,260778617,64,1,1.074687254347757,1.4865084784323632,0.03128209823099307,0.17216739058494568
67878663874731136,26079243,42,2,9.20742617281557,1.3618793313766833,0.9641382452714681,0.13413862884044647
67878663874731136,26079243,43,2,71.58093441954924,1.6413950522987852,1.8547973633834807,0.2152131199836731
67878663874731136,26079243,44,2,2.7053036958383867,1.4233672684759244,0.4322160258283077,0.15331697463989258
67656665605333888,26079418,42,1,4.056959376122228,3.234514753310924,0.6082006589702169,0.509809136390686
67656665605333888,26079418,44,1,16.14935424999431,1.5584376571570555,1.2081551612633414,0.1926894336938858
58327275084465408,26080197,43,2,0.8280406987542315,1.3492239377526138,-0.08194831682622987,0.13008403778076172
58327275084465408,26080197,44,2,18.59789186889357,1.585988079038198,1.2694637183257147,0.2002999186515808
67998201404864896,26081408,42,0,42.07140372670607,1.422506427380961,1.6239870026419587,0.15305423736572266
67998201404864896,26081408,43,0,46.513552482313706,1.6115059339843592,1.6675795101102624,0.20723190903663635
67998201404864896,26081408,44,0,35.129030911680545,1.7081485895383504,1.5456661692763771,0.23252564668655396
67899520235887616,26081460,42,1,4.2897469686580685,1.444018576182549,0.6324316760177248,0.1595727801322937
67899520235887616,26081460,44,1,10.23724398266863,1.7548707762094087,1.0101830538840229,0.24424514174461365
67576332537157888,26081949,44,1,11.63488426668136,0.9931472136277989,1.065762067675036,-0.0029863715171813965
68006241583701888,26109308,42,3,17.35637928154365,1.4005837803687058,1.2394591320127,0.14630909264087677
67667935599570432,26109664,43,2,4.396537695766969,1.3692907195689141,0.6431108011364238,0.1364956647157669
67667935599570432,26109664,44,2,29.846129491388265,1.5788714757687872,1.4748880188985045,0.19834677875041962
64555694921236352,26126184,42,4,13.121950212837042,1.9196445824752897,1.1179983856289348,0.2832208275794983
68014964661425280,26126856,42,4,3.2386286396071595,1.4971640667285806,0.5103611520806608,0.17526939511299133
6090045200871214464,261389834,11,4,0.3391870912893333,1.5671699755902297,-0.46956068438846393,0.1951161026954651
6090045200871214464,261389834,38,4,0.5521416848553461,1.571263341858514,-0.25794946383747175,0.19624897837638855
6059156487610025472,261753030,11,0,0.0161861714144896,0.9230634138979571,-1.7908558646618182,-0.03476846218109131
67832346947351424,26178271,42,2,7.642358070272088,1.3488468374707137,0.8832273819915171,0.12996263802051544
67832346947351424,26178271,43,2,12.770409818383444,1.491204667401024,1.1062048345387991,0.1735372543334961
6060185901035937024,261987584,11,4,4.514487778509927,1.451244198974575,0.6546084816514661,0.1617404967546463
6057088443681190272,261993378,11,1,0.5720993877666048,1.3208152794534143,-0.24252851699526085,0.1208420842885971
5289143682612922624,262609754,1,0,2.325061354837465,1.2894697096933272,0.3664344177488852,0.1104111447930336
5289143682612922624,262609754,2,0,0.053169464221442,0.6877366160435125,-1.2743377159664988,-0.16257785260677338
5289143682612922624,262609754,4,0,0.1261747567187972,1.3774780805687368,-0.8990275239692382,0.13908469676971436
5289143682612922624,262609754,5,0,0.10347976523375,1.4947420561225817,-0.98514456524543,0.17456625401973724
5289143682612922624,262609754,6,0,0.1059651476102396,1.3185268547601354,-0.9748369525603405,0.12008897960186005
5289143682612922624,262609754,7,0,0.0476059888542313,1.3350995300261135,-1.3223384094068202,0.12551364302635193
5289143682612922624,262609754,8,0,0.0567521030019407,1.6593655825156333,-1.246018040650856,0.21994207799434662
5289143682612922624,262609754,11,0,0.0681510911231794,1.5092976928932191,-1.166527186564708,0.1787749081850052
5289143682612922624,262609754,13,0,0.3254500122494158,1.5696213964062338,-0.487515707775951,0.19579491019248962
5289143682612922624,262609754,61,0,0.1835509546601899,1.530993122944056,-0.7362433523608968,0.18497323989868164
5289143682612922624,262609754,62,0,0.4861533877533161,1.543751097824864,-0.3132266835263329,0.18857727944850922
5289143682612922624,262609754,63,0,0.2368927119105227,1.6226681978417226,-0.6254483002976318,0.21022972464561462
5289143682612922624,262609754,67,0,0.2676874008731069,1.5532839713280802,-0.5723720690822204,0.19125086069107056
2659252645113464320,262623409,42,0,0.0287182830229491,2.0590681676112967,-1.541841528773368,0.31367072463035583
2659235357870273024,262626092,42,4,0.0263989358409381,1.5726927652992506,-1.5784135794833236,0.1966438889503479
2561673084092908160,262845086,43,2,1.0028160593395583,1.4622648444743114,0.0012212802390183122,0.16502603888511658
5785561435822530688,262869616,66,0,3.698677417633001,1.2513815789699652,0.5680464557136,0.09738975763320923
216227109157115648,26391844,42,4,0.0423001225641138,1.7661752304561276,-1.3736583742599178,0.24703378975391388
216227109157115648,26391844,43,4,0.0377561901271031,1.7336284849322228,-1.4230118356201014,0.2389560341835022
216227109157115648,26391844,58,4,0.0562647464680612,1.5887040759351467,-1.249763633743211,0.2010430097579956
5890753839256421504,264137167,11,1,0.216945064122186,1.7513864766801985,-0.6636502263777441,0.24338199198246002
458316720378428288,264615360,18,0,8.454056269295934,2.0446481287416742,0.9270651341203242,0.3106185793876648
168099148748337280,26500261,58,2,3.2982958086609497,1.552749887143843,0.5182896028876778,0.19110150635242462
6347713968430779648,265143793,66,2,958.953177910054,2.5147230627140487,2.9817974027163183,0.4004901647567749
6347713968430779648,265143793,67,2,652.2733204689351,1.3833971132030483,2.814429615207937,0.1409468650817871
6347492932234149120,265179710,12,4,0.4467660488307861,1.4554806625789556,-0.34991983771775764,0.16300643980503082
6347492932234149120,265179710,13,4,0.1503356372355483,1.5413785290431536,-0.8229380572029977,0.1879093050956726
6347492932234149120,265179710,27,4,0.4273557089189072,1.5654015701113713,-0.369210490054161,0.19462576508522034
6347492932234149120,265179710,39,4,0.5426207455610461,1.6250452287022135,-0.2655036062425865,0.21086545288562775
6347492932234149120,265179710,66,4,0.1376513125034872,1.5872557429269127,-0.8612196432586319,0.20064690709114075
6347492932234149120,265179710,67,4,0.1496192696214899,1.7839306612383352,-0.8250124696309684,0.25137796998023987
6368539474575610880,265368974,13,4,0.1093399047987101,1.552351481832756,-0.9612213085806687,0.19099006056785583
252068645605801600,265684496,59,0,24.309514268265524,1.698170659585171,1.3857762812324979,0.22998133301734924
252173752044912000,265884222,59,1,58.145601861652835,1.455272081170463,1.7645168702346723,0.16294419765472412
5885861360428778112,266271836,12,0,17.023255586797767,1.583717300826205,1.2310426196836461,0.19967766106128693
5885861360428778112,266271836,39,0,29.38522502898417,1.6247685290885208,1.468129020844935,0.21079149842262268
216796896699976576,26648243,43,0,57.98782843791288,1.5805463622028055,1.7633368453391767,0.1988072395324707
247179456693727744,266962604,59,1,0.1170338461631796,1.4502990697504567,-0.9316885222179875,0.16145756840705872
275029678210654336,267055669,19,2,0.1782700984683815,1.5734586038069922,-0.7489214956312004,0.1968553215265274
274848568032380032,267227572,59,3,9.98437501841616,1.177913239809524,0.9993208849755683,0.07111330330371857
271704617611080192,267506506,59,0,49.030026464027614,1.6141663235712544,1.6904621276573155,0.20794828236103058
5343898988034171904,267637094,64,2,1.19268481081553,1.529573207643542,0.07652568842375874,0.18457026779651642
5341813867326388224,267845661,10,4,0.4738219226047538,1.5107575670262223,-0.3243848493835866,0.17919477820396423
5341813867326388224,267845661,11,4,0.2495851204918268,1.3613968131620597,-0.6027813095381485,0.1339847296476364
152466120624336896,268018471,44,0,1.6326392072522464,1.670945805851207,0.21289022171677935,0.2229623645544052
152889226442871296,268147335,19,2,0.0156665307119251,1.379297296083025,-1.8050271655914074,0.1396578848361969
152692791818308480,268147623,44,1,2.4480527250401254,1.3523682382333775,0.38882076721020553,0.13109496235847473
151373820245230080,268148957,43,2,0.8829211767588788,1.3211605174546819,-0.054078066554573125,0.12095558643341064
151373820245230080,268148957,44,2,0.1825186761134676,1.456213855880877,-0.7386926900127939,0.16322515904903412
151374198202645376,268148974,43,3,6.5932952865471455,1.3644806672753125,0.8191025264408455,0.1349673867225647
151374198202645376,268148974,44,3,3.596565157017148,1.6414840374986748,0.555887932585277,0.21523666381835938
151327159721125888,268148996,43,1,2.497996184361812,1.4212496428223138,0.39759177066266616,0.15267036855220795
151327159721125888,268148996,44,1,1.261323937290603,1.5076443017190306,0.1008266378107995,0.17829889059066772
149369139966814976,268217504,43,3,8.222583797312556,1.5249363215457725,0.9150083081230717,0.18325170874595642
151106780654065792,268279773,43,0,0.9587760467434322,1.4315534064281092,-0.018282824551918334,0.15580755472183228
151106780654065792,268279773,44,0,1.6873918548260214,1.5544839990451378,0.22721594840242418,0.19158625602722168
147869784062378624,268280825,43,2,0.1339915403564749,1.395838312361378,-0.8729226202357807,0.14483511447906494
151793082068521856,268283585,43,1,8.516242144883158,1.3355503652691176,0.9302480013679182,0.1256602704524994
151793082068521856,268283585,44,1,1.4869217979145384,1.4383361582446759,0.17228812815391162,0.1578603982925415
146277553787186048,268324394,43,1,42.135715835820896,1.4933437719381073,1.6246503764679199,0.17415979504585266
146277553787186048,268324394,44,1,3.7185462680257104,1.3639391961744232,0.5703731895678201,0.13479501008987427
147799209159857280,268324578,43,4,2.9957147980859444,1.391874684840431,0.47650046473058894,0.14360013604164124
147799209159857280,268324578,44,4,13.033217973940506,1.5473728380237943,1.1150516586734323,0.18959496915340424
147806733942555008,268324608,43,1,15.25806038773153,1.5774617665925097,1.1834993293958107,0.197958841919899
151028990206478080,268325250,43,3,1.4736502912755158,1.098162011795428,0.16839443427700848,0.04066641628742218
151028990206478080,268325250,44,3,13.330895243171568,1.4857645690702916,1.1248593156639775,0.17194999754428864
151795487250202240,268326359,43,2,0.9027530145024864,1.3922805819706798,-0.04443105268833082,0.14372676610946655
151795487250202240,268326359,44,2,0.9785050406664476,1.5007404111806697,-0.009436932777584775,0.17630557715892792
159114317681899264,268328695,59,4,29.884034999466447,1.5264220587048762,1.4754392363727027,0.1836746335029602
147796013704188928,268397430,43,0,68.90370341841952,1.6251625461660681,1.8382425648823684,0.2108968049287796
147796013704188928,268397430,44,0,137.6163963975326,1.4702290410720904,2.1386701812886244,0.16738499701023102
147796013704189440,268397434,43,2,2.54997853233444,1.524088777599857,0.40653652422692094,0.1830102652311325
147796013704189440,268397434,44,2,101.7566734755705,1.7446464427977073,2.0075629010282228,0.2417074292898178
147801339463632000,268397898,43,0,16.00557700239497,1.6631000333807235,1.204271335114906,0.22091837227344513
147790202612482560,268444803,43,3,3.768904532153496,1.7123251553288885,0.5762151367374677,0.23358623683452606
147790202612482560,268444803,44,3,11.034249580962303,1.5075155018304576,1.0427428029322943,0.17826178669929504
147790206908395776,268444804,43,4,8.060840508207127,1.5862286754656998,0.906380328287082,0.2003657966852188
147790206908395776,268444804,44,4,3.5616345139954193,1.3683098990064562,0.5516493512027758,0.1361844688653946
147605282796916992,268511204,43,1,20.18602848300302,1.6161866094376638,1.3050508817182884,0.2084915041923523
147605282796916992,268511204,44,1,1.751757129920243,1.456800006647806,0.24347389381437368,0.16339993476867676
147606657186323712,268511247,43,2,0.4807851656892417,1.5466186347315614,-0.31804894066982,0.18938323855400085
147606657186323712,268511247,44,2,8.174040747763256,1.7376524640867508,0.9124367983480022,0.23996292054653168
151574107455728256,268513263,43,0,0.1605375456068647,2.105306456751207,-0.7944233810599021,0.3233153223991394
151574107455728256,268513263,44,0,0.4318426802306382,1.6914650185889695,-0.36467443733145405,0.2282630205154419
5342369292491441664,268539465,64,1,7.625630586667018,1.3374723359727467,0.8822757626399859,0.12628480792045593
5885915442658792576,269155561,12,3,0.2366915866417738,1.6644513761057298,-0.6258171790797505,0.2212711125612259
4622912654918835200,269797536,2,0,41.81383258815587,1.702534398051978,1.6213199761034827,0.23109589517116547
4622912654918835200,269797536,5,0,28.156865747629347,1.550894835939688,1.4495843101197088,0.19058234989643097
4622912654918835200,269797536,8,0,28.31482708203385,1.406273278200491,1.452013913744719,0.14806972444057465
4622912654918835200,269797536,11,0,2.157249769040791,1.3500629438000076,0.3339004311648242,0.13035401701927185
4622912654918835200,269797536,12,0,34.55169304428693,1.4136589754934645,1.5384693328036083,0.15034465491771698
4622912654918835200,269797536,13,0,39.80471921779235,2.0310373937827757,1.5999345647557464,0.3077179193496704
4622912654918835200,269797536,27,0,11.674910516723816,1.6155606630561223,1.0672535605664581,0.20832327008247375
4622912654918835200,269797536,28,0,19.82311483663149,1.5747541828069462,1.2971718968735335,0.19721277058124542
4622912654918835200,269797536,29,0,5.602199046397606,2.149214105186911,0.7483585352652024,0.33227968215942383
4622912654918835200,269797536,32,0,36.99506277836637,2.055792799319041,1.568143768629589,0.3129793405532837
4622912654918835200,269797536,35,0,6.020415851296202,1.751321878802735,0.7796264905411608,0.24336597323417664
4622912654918835200,269797536,38,0,36.77661492447675,1.4901919953925093,1.565571752436683,0.1732422262430191
4622912654918835200,269797536,39,0,22.97155960870671,1.4811428359751833,1.3611904817627996,0.17059694230556488
4622912654918835200,269797536,61,0,19.878646275786384,1.4904878133221984,1.298386805867438,0.1733284294605255
4622912654918835200,269797536,62,0,50.5312078817414,1.6851756363969845,1.7035596795979253,0.22664517164230347
4622912654918835200,269797536,65,0,21.448545320651107,1.3753038609613188,1.3313978428779827,0.1383986622095108
4622912654918835200,269797536,66,0,23.044503719065023,1.4481111664430635,1.362567359698884,0.16080190241336823
4622912654918835200,269797536,67,0,13.050939104275436,1.5128805448455487,1.115641763255195,0.17980463802814484
136887655766542848,269911083,58,1,39.95774077334937,1.3450421216694977,1.6016009250643282,0.12873588502407074
136858106391499264,269950929,58,0,16.89195422130564,1.623317506139851,1.2276798957778943,0.2104034721851349
123135926398673024,270008038,58,0,2.602670242056532,1.8052738856834665,0.4154191465466917,0.2565430998802185
123235054244013696,270058235,58,1,0.0449981494478361,1.4504559264465395,-1.346805346249519,0.16150453686714172
5985860706051315456,270107026,12,2,0.5240808670975938,1.3899762597906156,-0.2806016950304962,0.14300738275051117
5985860706051315456,270107026,39,2,0.519183790675008,1.8286393251435806,-0.28467887501024786,0.2621280550956726
176490587130871808,270162456,59,1,7.869435301141526,1.4042071494122434,0.8959435691573886,0.1474311798810959
2515008917256894976,270415740,42,3,11.215650208133011,1.2336959247029764,1.04982445612842,0.09120813012123108
2513568007268649728,270432631,31,2,0.0326457860486734,1.513898454049539,-1.4861728699453662,0.18009674549102783
2314824374241137408,270481449,29,1,2.162442293839021,1.414998911515978,0.33494452686440207,0.1507561057806015
2326686352358040064,270621895,29,4,1.338539063970314,1.6159634253630653,0.1266310501730738,0.20843152701854706
4792329460975742208,270623499,1,1,11.044379545246564,3.4497163283715726,1.0431413229558055,0.5377833843231201
4792329460975742208,270623499,4,1,11.160993629225745,1.6551337285220116,1.0477028602360072,0.2188330888748169
4792329460975742208,270623499,5,1,9.50277103473874,1.4791372712739057,0.9778502652483376,0.17000848054885864
4792329460975742208,270623499,6,1,23.502658291731706,1.4783570795595133,1.371116986362737,0.16977934539318085
4792329460975742208,270623499,7,1,34.00338405958418,1.3957914260234217,1.5315221407266462,0.14482052624225616
4792329460975742208,270623499,11,1,11.509940190791603,1.4440764966158959,1.0610730669072324,0.1595901995897293
4792329460975742208,270623499,31,1,22.12792150119217,1.4577074586526082,1.34494062210817,0.1636703759431839
4792329460975742208,270623499,32,1,40.83369443731033,1.5282890528668585,1.61101867458753,0.18420550227165222
4792329460975742208,270623499,33,1,14.901806196405063,1.4529066739230474,1.1732389109351966,0.1622377187013626
4792329460975742208,270623499,34,1,12.140420971548878,1.5430699215437218,1.0842337462491993,0.18838560581207275
4792329460975742208,270623499,61,1,8.80269501508426,0.7830283561905781,0.9446156552175776,-0.10622251033782959
4792329460975742208,270623499,65,1,5.458385950026278,1.6110492258100246,0.7370642403922676,0.20710881054401398
4792329460975742208,270623499,67,1,56.963916849268074,1.4841457164373542,1.7555998438229612,0.1714765429496765
4794623282749449472,270625535,5,2,14.642373109704591,1.4598893735045133,1.1656114691354504,0.1643199473619461
4794623282749449472,270625535,6,2,74.73527307491536,1.4459185267449055,1.8735256257266184,0.16014382243156433
4794623282749449472,270625535,7,2,20.44250836024097,1.4001679200489996,1.3105341840347966,0.14618012309074402
4794623282749449472,270625535,32,2,19.99573424097296,1.5774310241232712,1.3009373560038398,0.19795037806034088
4794623282749449472,270625535,33,2,21.718269379009836,1.4980719893109438,1.3368252155258746,0.17553268373012543
4792137974154287104,270676943,1,2,7.571041897517096,1.3563648351742594,0.8791556495404914,0.1323765218257904
4792137974154287104,270676943,4,2,0.2690267406065103,1.4557389714328188,-0.5702045500322976,0.1630835086107254
4792137974154287104,270676943,5,2,8.500567755594625,1.6181527362107029,0.9294479333480908,0.2090195119380951
4792137974154287104,270676943,6,2,3.63300725813408,1.3347190958819397,0.5602662655105074,0.12538987398147583
4792137974154287104,270676943,7,2,6.526194155169484,1.3239094325520928,0.8146599899643375,0.12185827642679214
4792137974154287104,270676943,8,2,7.246986054487915,2.0316337259621013,0.8601574255980116,0.30784541368484497
4792137974154287104,270676943,11,2,2.5983332609139085,1.523158241008738,0.414694852700763,0.18274502456188202
4792137974154287104,270676943,27,2,8.45274373170574,1.578411451834361,0.9269977023373938,0.19822022318840027
4792137974154287104,270676943,28,2,4.521299571391447,0.6725268305076654,0.6552632833873142,-0.1722903847694397
4792137974154287104,270676943,31,2,6.288979754425949,1.3541093629048948,0.7985801966437575,0.13165374100208282
4792137974154287104,270676943,32,2,6.721648056768593,1.5740548438474276,0.8274757692157582,0.19701986014842987
4792137974154287104,270676943,33,2,4.383031479282494,1.552434680913797,0.6417745898028497,0.19101333618164062
4792137974154287104,270676943,34,2,1.389074467817684,1.489835813422969,0.14272552874365588,0.17313840985298157
4792137974154287104,270676943,37,2,0.9823930815756108,1.3775667486497918,-0.007714704676152269,0.139112651348114
4792137974154287104,270676943,38,2,5.370612419865406,1.4010460082776983,0.7300238118453739,0.146452397108078
4792137974154287104,270676943,61,2,4.044644280189867,1.843808984556045,0.606880332142632,0.26571592688560486
4792137974154287104,270676943,64,2,0.3260793014381429,1.404113538752614,-0.4866767680646293,0.14740222692489624
4792137974154287104,270676943,65,2,0.4772193379949714,1.6074591753037637,-0.32128196606132653,0.2061399519443512
4792137974154287104,270676943,66,2,1.7695686628734653,1.567885729703399,0.2478674188121963,0.1953144073486328
4792137974154287104,270676943,67,2,0.575135471281452,1.372468269514687,-0.24022984661416433,0.13750231266021729
3418414193726125184,27092236,44,4,0.2271877153807339,1.558126535503662,-0.6436151557365439,0.1926027238368988
6071578628205554816,271106312,10,4,8.774483556331175,1.6206389200817564,0.9432215644272084,0.2096862643957138
6071578628205554816,271106312,11,4,0.1669808476599804,1.5345278041899584,-0.7773333386283572,0.18597476184368134
5211779639299317632,271597463,7,3,0.0153015731891262,1.3717322459067454,-1.8152639160952624,0.13726934790611267
5211779639299317632,271597463,8,3,0.0150371035349793,1.3572314725218149,-1.8228358100155637,0.13265392184257507
5211779639299317632,271597463,9,3,0.016389708339225,1.8070612750964103,-1.7854287747877804,0.25697287917137146
6072797338079356672,271948049,10,4,0.5848055157179636,1.6402507272331408,-0.23298853988983567,0.21491023898124695
6072797338079356672,271948049,11,4,3.8328322017390426,1.5838317433746785,0.5835198066130888,0.19970904290676117
6072797338079356672,271948049,37,4,6.39552902680718,1.5773832337630294,0.8058764743690867,0.1979372203350067
6072797338079356672,271948049,38,4,0.1223369247601224,1.3550282570668193,-0.9124424407623256,0.1319483518600464
6072797338079356672,271948049,64,4,2.2825147331102253,1.5607153494140618,0.3584135894868718,0.19332370162010193
5415215579938528512,272011534,63,0,34.851251663524366,1.633675869050213,1.542218380161441,0.21316589415073395
6207141200664109184,272248916,11,3,7.017651138693079,1.2668039825443373,0.8461917747790201,0.10270942002534866
6207141200664109184,272248916,38,3,23.4495217669579,1.2817382467981595,1.370133990075021,0.10779934376478195
2079702883620012416,272272903,41,0,3.9155072309401535,1.6584201078375893,0.5927880303350251,0.21969455480575562
5355751581627180288,272349442,9,2,5.869279289063558,1.3550516895570608,0.7685847758644405,0.13195586204528809
5355751581627180288,272349442,10,2,6.791876069885513,1.3491872275215362,0.8319897528165938,0.130072221159935
5355751581627180288,272349442,36,2,10.44514415835549,1.463990626606598,1.0189144382604416,0.16553829610347748
5355751581627180288,272349442,37,2,14.98717434001869,1.3781194457944612,1.175719759318284,0.1392868608236313
5355751581627180288,272349442,63,2,5.136608384887537,1.5957922295495068,0.7106764563676081,0.20297634601593018
5355751581627180288,272349442,64,2,11.910917463922669,1.4549334809350833,1.0759452152336468,0.16284313797950745
6074516458849906560,272407484,10,0,3.791285878664244,1.4973138676353643,0.5787865332645609,0.1753128468990326
6074516458849906560,272407484,11,0,7.295991094077777,2.1246224838317924,0.8630842951949159,0.32728177309036255
6211201147349071104,272456799,11,3,0.5369778673907399,1.2235501182875939,-0.27004361424115075,0.0876217633485794
5213934514587912320,272550631,6,0,0.997229058181513,1.8674788922974677,-0.0012050751100816388,0.2712557017803192
5213934514587912320,272550631,9,0,0.7057213540949838,1.7645628061991414,-0.1513667412518406,0.24663712084293365
5213934514587912320,272550631,10,0,0.1804794431632922,1.561603139578584,-0.7435722576318281,0.19357067346572876
5213934514587912320,272550631,11,0,6.233207933731487,1.4819126506419753,0.7947116147735861,0.1708226054906845
5213934514587912320,272550631,12,0,2.774940453389354,2.0186353917745454,0.44325366816432143,0.3050578832626343
5213934514587912320,272550631,13,0,2.5445561014271085,1.5456009982912455,0.40561203047817884,0.18909738957881927
5213934514587912320,272550631,27,0,2.949585756538183,1.5930953807610204,0.4697610274079984,0.20224177837371826
5213934514587912320,272550631,29,0,0.0379764932216845,1.582806565637018,-1.4204851408308556,0.19942784309387207
5213934514587912320,272550631,30,0,0.613661127053019,1.4132985373153666,-0.21207138664122824,0.1502339094877243
5213934514587912320,272550631,36,0,11.056745628005965,1.8832220870894107,1.0436273183088483,0.27490153908729553
5213934514587912320,272550631,37,0,0.5713218926208048,1.5935284093905115,-0.24311913378604488,0.20235981047153473
5213934514587912320,272550631,39,0,1.0130013984219348,1.3804395397921403,0.005610044892867263,0.14001739025115967
5213934514587912320,272550631,61,0,0.3205206731729575,1.4482425432959356,-0.4941439538038533,0.16084130108356476
5213934514587912320,272550631,62,0,4.75103166084202,1.6668566147212114,0.6767879245642626,0.22189824283123016
5213934514587912320,272550631,63,0,0.270864805910144,1.4992297217364605,-0.5672474201863176,0.1758681833744049
5213934514587912320,272550631,64,0,0.4844633137480028,1.5358561964444468,-0.31473910455757653,0.18635055422782898
5213934514587912320,272550631,65,0,0.3880667121711144,1.7973467758443118,-0.41109360884571206,0.2546318769454956
5213934514587912320,272550631,66,0,7.205216116028622,2.1408699086509126,0.8576470117414114,0.33059027791023254
6073105991611649024,273020657,64,4,0.1154561889462066,1.6263692773757257,-0.9375827820785886,0.2112191617488861
6058441766355347200,273033221,11,3,0.5224215847270525,1.2529411410545206,-0.2819788877548131,0.0979306697845459
6058441766355347200,273033221,37,3,0.1541274952457394,2.2495519198731806,-0.8121198793325719,0.3520960211753845
6058441766355347200,273033221,38,3,1.1347943617263847,1.3223547700335392,0.054917169318737365,0.12134798616170883
6348023721472455552,273227122,66,0,0.4813241468867046,1.2024786452169343,-0.31756235025574736,0.08007737249135971
6348023721472455552,273227122,67,0,2.4775605650170474,1.335875711770428,0.3940242797995744,0.12576605379581451
6125962401763825792,273310905,64,0,43.5129575211546,1.3939307984689449,1.6386186027472296,0.14424121379852295
6076435072302030976,273317891,10,2,0.1727644661108982,1.5850108307213049,-0.7625455775913822,0.20003223419189453
6076435072302030976,273317891,11,2,0.0371539290617484,1.5018662466077954,-1.4299952524388533,0.17663125693798065
6076435072302030976,273317891,64,2,0.0265850549546409,1.4403654715272334,-1.575362437607744,0.1584727019071579
6127113865316332416,273392238,64,1,1.5248725142505482,1.4345919412522727,0.18323353635698575,0.15672838687896729
6061008546211404288,273456615,11,1,0.595226999896948,1.422563728998645,-0.22531737712564381,0.15307173132896423
6380815728057364992,273476207,67,1,0.0741821875298001,1.4577568249646218,-1.1297003640767875,0.16368508338928223
6074563978391541888,273817886,10,2,0.1236948136375785,1.669102505647778,-0.907648509391093,0.22248300909996033
6074563978391541888,273817886,11,2,0.0655823999170894,1.8598598898048477,-1.1832126948383777,0.26948022842407227
6074563978391541888,273817886,37,2,1.752097488180564,1.3491084867505527,0.24355826701526442,0.13004687428474426
5984404849554176896,275018323,12,0,0.8535685990040816,1.5992116322096763,-0.06876157007151296,0.20390594005584717
6083750638577673088,275651537,11,4,0.4616141650285666,1.569701266264162,-0.3357208729473099,0.1958170086145401
6083750638577673088,275651537,64,4,1.1102597473184703,1.5645126940989404,0.04542459466989066,0.19437909126281738
6088398892669867520,275701459,64,4,0.4440388517064187,1.7251915705712044,-0.35257902911167865,0.23683732748031616
6107760364720372864,275771265,64,4,22.588950701043007,1.5881198871414468,1.3538960575989423,0.20088328421115875
6107503285157801600,276071697,64,3,5.97280149398711,1.1050140199373484,0.7761780812130686,0.043367788195610046
6202164153904129792,276130740,11,3,0.0958429659705698,1.4696118209582893,-1.0184397550056736,0.1672026365995407
6360333338262148224,276877011,66,2,2.0550049540472983,1.669194825661082,0.3128128731769597,0.2225070297718048
6360333338262148224,276877011,67,2,13.568281339974083,1.7316383798763062,1.132524840155233,0.23845720291137695
4651039433708142720,276947628,3,3,0.0270645806378724,1.490288839257551,-1.5675986978568268,0.17327044904232025
4657094577352065280,277016043,5,3,0.7809356974653296,1.5239867044923638,-0.10738472461908441,0.18298117816448212
4657094577352065280,277016043,6,3,0.3730566529851381,1.580015101763151,-0.42822521052233997,0.19866123795509338
4657094577352065280,277016043,8,3,0.7341501365644902,1.5613571710390308,-0.1342151160868553,0.1935022622346878
4657094577352065280,277016043,12,3,0.46368164145667,1.1592127676891737,-0.33378009878157244,0.06416315585374832
4657094577352065280,277016043,30,3,0.1558627687310684,1.5848889073564716,-0.8072576132633652,0.19999882578849792
4657094577352065280,277016043,36,3,0.3054615911497529,1.2275935331822008,-0.5150433903327084,0.08905459195375443
4657094577352065280,277016043,38,3,0.4983542486599852,1.4307472583110956,-0.30246183486120826,0.15556292235851288
4657094577352065280,277016043,39,3,2.5709177221331747,1.5655685658744538,0.4100881780060177,0.194672092795372
6359481732146453888,277029277,27,4,0.0582984038019053,1.595603012558324,-1.2343433359702238,0.20292484760284424
6359481732146453888,277029277,39,4,2.7975752403937153,1.5180150699311021,0.44678177564663896,0.1812760829925537
5201196599363180928,277671413,64,1,24.589972732308837,1.414037990576622,1.3907580471521221,0.1504610776901245
5201196599363180928,277671413,66,1,113.13838786606932,0.5865307126751891,2.0536099860902803,-0.23170924186706543
5208216951043609216,278024057,1,2,0.9688219309457134,1.5874936448116999,-0.013756038753418815,0.20071199536323547
5208216951043609216,278024057,4,2,0.4638357748786497,1.5727785655705697,-0.3336357579981437,0.19666758179664612
5208216951043609216,278024057,7,2,0.2523940553707242,1.9070277083279366,-0.5979208782317654,0.2803570032119751
5208216951043609216,278024057,10,2,0.2278943408493994,1.60169459842691,-0.642266459235568,0.20457971096038818
5208216951043609216,278024057,11,2,0.5116598477172245,1.4233699056994316,-0.2910186627602331,0.15331777930259705
5208216951043609216,278024057,12,2,0.1955338874873617,1.6146942745104027,-0.708777965258411,0.20809030532836914
5208216951043609216,278024057,13,2,0.2787773693741082,1.4551198960289107,-0.5547424843576,0.16289877891540527
5208216951043609216,278024057,31,2,0.4618540377839255,1.364466060462708,-0.33549525518150713,0.13496273756027222
5208216951043609216,278024057,34,2,0.238785541358116,1.3467023301668064,-0.6219919735999994,0.12927161157131195
5208216951043609216,278024057,37,2,0.1204527349201984,1.6860708758350595,-0.9191833347501853,0.22687582671642303
5208216951043609216,278024057,38,2,3.718465670640876,1.5727852031451073,0.5703637763788191,0.19666941463947296
5208216951043609216,278024057,61,2,2.2139162369893617,1.3411702746180518,0.3451611854218945,0.12748391926288605
5208216951043609216,278024057,64,2,0.0358058337402029,1.3760850021263262,-1.4460462092562683,0.1386452615261078
5208216951043609216,278024057,66,2,0.1072760884426743,2.1776224989643147,-0.9694970703422564,0.3379825949668884
5208216951043609216,278024057,67,2,0.1982517754331593,1.5426391187992496,-0.7027829146919653,0.18826434016227722
5194732226906088832,278271292,11,3,0.6175384306815568,1.5354788264961208,-0.20933601019203524,0.18624383211135864
5194732226906088832,278271292,12,3,0.1924395329478339,1.2643351572890622,-0.7157057058041058,0.10186221450567245
5496780273059907584,278731274,4,4,0.9906328050912764,1.5191916549317386,-0.004087294328306182,0.18161256611347198
5496780273059907584,278731274,5,4,4.057506349838601,1.5870887209446216,0.6082592081526644,0.20060120522975922
5496780273059907584,278731274,6,4,10.229288552845746,2.0871537770018205,1.009845429575532,0.3195544481277466
5496780273059907584,278731274,7,4,17.877426886176615,1.522899360163082,1.2523050105699913,0.1826712042093277
5496780273059907584,278731274,8,4,8.888489464453714,1.582030206302316,0.948827961983482,0.19921477138996124
5496780273059907584,278731274,9,4,25.656247950194924,1.642212320432989,1.409193144101593,0.21542930603027344
5496780273059907584,278731274,10,4,6.3291094981840885,1.552970415059398,0.8013426093490231,0.19116318225860596
5496780273059907584,278731274,11,4,6.570082576976327,1.7053207229631597,0.817570828083339,0.23180606961250305
5496780273059907584,278731274,12,4,15.819143484811296,1.5783131054634463,1.1991829652621497,0.19819316267967224
5496780273059907584,278731274,13,4,7.6178055492842,1.5398194825972291,0.8818298827446336,0.18746981024742126
5496780273059907584,278731274,27,4,14.147823953006633,1.548273225141449,1.1506896470775838,0.18984760344028473
5496780273059907584,278731274,28,4,3.273977584686582,1.5570212436344313,0.5150757016854974,0.19229453802108765
5496780273059907584,278731274,29,4,9.735895854355311,1.4310092790644355,0.9883759195645809,0.15564244985580444
5496780273059907584,278731274,30,4,6.897768549726401,1.4821759555974339,0.8387086177983998,0.17089976370334625
5496780273059907584,278731274,31,4,12.4759128638638,1.5727494792937837,1.0960723328312363,0.19665955007076263
5496780273059907584,278731274,32,4,22.524261014021448,1.6210895585667724,1.3526505513582099,0.20980700850486755
5496780273059907584,278731274,33,4,22.683509136885316,1.687902220665618,1.3557102407366635,0.22734728455543518
5496780273059907584,278731274,34,4,5.286705368442656,1.5021329422809706,0.7231851075632271,0.1767083704471588
5496780273059907584,278731274,35,4,7.06840322334598,1.5523693250500765,0.8493213162562272,0.19099505245685577
5496780273059907584,278731274,36,4,7.997106578208696,1.828006987132412,0.9029328839401709,0.2619778513908386
5496780273059907584,278731274,37,4,17.015451857606767,1.5300408366123113,1.230843486588429,0.1847030222415924
5496780273059907584,278731274,38,4,9.054401663350278,1.5897657466393889,0.9568597563738758,0.20133313536643982
5496780273059907584,278731274,39,4,9.474436945318526,1.4645307122811009,0.976553409795029,0.16569848358631134
5496780273059907584,278731274,61,4,2.4049883056720347,1.6781445844034066,0.38111296894500535,0.22482937574386597
5496780273059907584,278731274,62,4,7.168589310450146,1.2863261498345029,0.8554337003031346,0.10935109853744507
5496780273059907584,278731274,63,4,7.052745144334652,1.506379177605962,0.848358190606418,0.17793430387973785
5496780273059907584,278731274,65,4,5.113264661489825,1.6077776651222226,0.7086982722981956,0.20622599124908447
5496780273059907584,278731274,66,4,4.220067669382835,1.5329327148491922,0.625319414991042,0.18552309274673462
5496780273059907584,278731274,67,4,11.09708021785605,1.5664926015084402,1.045208725446277,0.1949283480644226
5497085250097903872,278779951,7,1,0.0705148934390702,1.437275798306035,-1.1517191460541412,0.15754011273384094
5497164414935218432,278820988,7,3,0.0113982512403873,1.34315457407494,-1.9431617745326304,0.12812599539756775
5497164414935218432,278820988,29,3,0.0157300609177898,1.2958244223509847,-1.8032695954816889,0.1125461608171463
5497164414935218432,278820988,39,3,0.0160091642366466,1.3734876976394605,-1.7956313399661972,0.13782477378845215
5497164414935218432,278820988,61,3,0.0139007259817803,1.1512764552752577,-1.856962517612969,0.06117962300777435
5483194157631839104,278823972,61,0,12.649443874547732,1.2695965666652442,1.1020714324269134,0.10366573929786682
5483194157631839104,278823972,62,0,2.267942151498244,1.8292758988232694,0.35563197279339687,0.262279212474823
5483194157631839104,278823972,63,0,16.925861068405446,2.3019366059566346,1.228550771758642,0.36209335923194885
5483194157631839104,278823972,65,0,37.15192951738633,1.5955034307988116,1.5699813741394655,0.20289774239063263
5483194157631839104,278823972,67,0,0.808239026356635,1.2491828938283667,-0.0924601831904091,0.09662602841854095
5496804462316135168,278825715,4,3,2.5633910128374633,1.2678692710875978,0.4088148573607804,0.10307447612285614
5496804462316135168,278825715,5,3,8.786793571038983,1.341863241778311,0.943830423600333,0.12770825624465942
5496804462316135168,278825715,6,3,15.780023918181008,1.1397955682558971,1.198107657145021,0.056826964020729065
5496804462316135168,278825715,8,3,0.5740888330001255,1.1476443302633206,-0.24102090081325983,0.05980731546878815
5496804462316135168,278825715,9,3,15.061169464911874,1.4201191888847058,1.1778586951342152,0.15232479572296143
5496804462316135168,278825715,10,3,4.946648830958226,1.2791879982296352,0.6943110803277149,0.10693437606096268
5496804462316135168,278825715,11,3,11.853708692415736,1.3792158042655935,1.0738542501485775,0.1396322250366211
5496804462316135168,278825715,12,3,0.7996697773242458,1.3893833394777282,-0.09708931737443183,0.14282208681106567
5496804462316135168,278825715,13,3,5.886955875314585,1.4744037067915101,0.769890780643287,0.1686164140701294
5496804462316135168,278825715,27,3,7.308327764219475,1.0377620835549222,0.8638180163761572,0.016097798943519592
5496804462316135168,278825715,28,3,7.783707785044197,2.0173345206845483,0.8911865233387931,0.30477792024612427
5496804462316135168,278825715,29,3,3.337821194952092,1.2119991908430838,0.523463068075539,0.08350232988595963
5496804462316135168,278825715,30,3,5.9425641853290205,1.3559041358050001,0.7739738812178321,0.13222898542881012
5496804462316135168,278825715,31,3,0.1693148174464337,1.175694151593387,-0.7713050333049392,0.07029435783624649
5496804462316135168,278825715,32,3,22.09730153838126,1.4161393318470261,1.3443392420767857,0.15110598504543304
5496804462316135168,278825715,33,3,4.8765147637895065,1.3301953990321629,0.6881095433929048,0.12391544133424759
5496804462316135168,278825715,34,3,1.0589911972029522,2.0448778268662595,0.024892350077199473,0.31066736578941345
5496804462316135168,278825715,35,3,9.005200080363172,1.6205236528341704,0.954493366553924,0.20965537428855896
5496804462316135168,278825715,36,3,2.7136414012290846,1.178503313964729,0.4335524565303987,0.07133080810308456
5496804462316135168,278825715,37,3,13.37199390555512,1.7305886049872468,1.126196169985713,0.2381938397884369
5496804462316135168,278825715,38,3,3.9388313221981153,1.381133604516315,0.5953673828383061,0.14023569226264954
5496804462316135168,278825715,39,3,2.546134859497126,1.4715150000901511,0.40588140292498937,0.16776469349861145
5496804462316135168,278825715,61,3,0.4947417861904004,1.5204058247947807,-0.3056214073121597,0.18195952475070953
5496804462316135168,278825715,62,3,8.56172107028769,1.2517859333626968,0.9325610749806398,0.0975300669670105
5496804462316135168,278825715,63,3,0.3932402500051529,1.6068076096207533,-0.40534203646425265,0.2059638798236847
5496804462316135168,278825715,65,3,0.5900819548177809,1.5218862602138679,-0.22908766623354987,0.18238219618797302
5496804462316135168,278825715,66,3,2.139760232983959,1.6638722742473584,0.33036511198198837,0.2211199849843979
5496804462316135168,278825715,67,3,3.456547286389851,2.0506762375849217,0.5386425025110055,0.3118970990180969
5483197967266425344,278863889,61,0,3.158599622394904,1.6941302223467145,0.4994945791167494,0.22894679009914398
5483197967266425344,278863889,63,0,10.824484280525546,2.079066647721141,1.034407214082459,0.3178684115409851
5483197967266425344,278863889,64,0,10.991851665948404,1.7139248943021104,1.0410708589899693,0.23399178683757782
5483197967266425344,278863889,65,0,22.71932112868956,1.5535730171337219,1.3563953501697523,0.1913316696882248
5483197967266425344,278863889,66,0,4.92318702115123,1.701320012553974,0.6922463339875089,0.2307860106229782
5483197967266425344,278863889,67,0,23.625496061739227,1.5145299609130922,1.373380936106772,0.18027786910533905
5483627257836618368,278864459,27,0,0.166742693098023,1.4902447627582718,-0.7779531883963471,0.17325760424137115
5483627257836618368,278864459,28,0,0.0592729916486564,1.2948388462287377,-1.227143152333878,0.11221572011709213
5483627257836618368,278864459,29,0,0.1147398538253877,1.4326667125047954,-0.940285707729401,0.15614517033100128
5483627257836618368,278864459,31,0,0.0629674328665715,1.450387000967578,-1.2008840121864022,0.16148389875888824
5483627257836618368,278864459,32,0,0.1112186151695887,1.4851116289058373,-0.9538225168112698,0.17175909876823425
5483627257836618368,278864459,33,0,0.0474545038815752,1.4113163167064353,-1.3237225626236149,0.14962436258792877
5483627257836618368,278864459,36,0,0.1721094671959236,2.151014608571478,-0.7641952398533522,0.3326433598995209
5483627257836618368,278864459,37,0,0.0525528476955667,1.3504611887451132,-1.279403745763952,0.13048210740089417
5483627257836618368,278864459,38,0,0.12961298353232,1.4673670914986863,-0.8873514923387642,0.1665387749671936
5483627257836618368,278864459,39,0,0.1054352095312181,1.4331058456683237,-0.977014334554128,0.15627826750278473
5498353330602152064,278901586,61,4,5.603886353959566,1.527136126942254,0.7484893192709975,0.18387775123119354
5497492069400296832,278987013,61,3,0.2199184458859515,1.6545072305596527,-0.6577383422148805,0.21866866946220398
5497492069400296832,278987013,62,3,0.1048596311112566,1.3901291679247973,-0.9793916744367862,0.14305515587329865
5497492069400296832,278987013,67,3,0.8598321843389701,1.045279796328203,-0.06558630285797451,0.019232556223869324
5484469384961133952,278991580,3,1,0.0324151854136142,1.4480379305123277,-1.489251489906235,0.1607799381017685
5484469384961133952,278991580,4,1,0.1863690078473946,1.759479460486666,-0.729626306788561,0.24538420140743256
5484469384961133952,278991580,8,1,0.0858914534639643,1.662693851891983,-1.0660500480208948,0.22081229090690613
5484469384961133952,278991580,9,1,0.1004157569689663,1.4646128729987005,-0.9981981335282499,0.16572284698486328
5484469384961133952,278991580,13,1,0.2812415363564394,1.347220224936492,-0.55092053828148,0.1294385939836502
5484469384961133952,278991580,61,1,0.2633315076705815,1.499557792791312,-0.5794971743583631,0.17596320807933807
5484469384961133952,278991580,62,1,0.082555354222247,1.4970170544859809,-1.083254754820693,0.17522674798965454
5484469384961133952,278991580,63,1,0.2855797552623084,1.3000720413018,-0.5442725829235182,0.1139674186706543
5484469384961133952,278991580,64,1,0.026729378113638,1.5157495062801487,-1.5730111454319113,0.18062743544578552
5497498700829802624,278992974,62,2,2.5806110896435297,1.3271136932850385,0.4117225592326448,0.12290813028812408
5484070296600672896,279055353,61,4,0.0406581505631116,1.6185014440795016,-1.390852380211083,0.20911309123039246
5484070296600672896,279055353,62,4,0.2063673981521122,1.5372438094275815,-0.6853589113131399,0.18674275279045105
5484070296600672896,279055353,63,4,0.0904908669975037,1.4793717593048006,-1.0433952507698283,0.17007732391357422
5484070296600672896,279055353,64,4,0.159418279728233,1.6798806291525616,-0.7974618816228819,0.22527842223644257
5484070296600672896,279055353,65,4,0.0770282644328793,1.5706778058253106,-1.113349887361632,0.19608710706233978
5484070296600672896,279055353,66,4,0.0485319884846052,1.6465164947400317,-1.3139719141205397,0.2165660858154297
5485188873586165376,279056341,7,1,0.4265389854051667,2.359527732316028,-0.3700412684294785,0.37282508611679077
5483768819959044736,279158584,62,0,2.1731659735665203,1.7512103554240201,0.33709289643163165,0.24333831667900085
5483768819959044736,279158584,64,0,8.530148151100553,1.7551970335649731,0.9309565740334923,0.24432587623596191
5483768819959044736,279158584,65,0,3.8251124857587095,1.3461695307015016,0.5826442110519878,0.1290997564792633
5483768819959044736,279158584,66,0,13.65025519154843,0.8831930962703085,1.1351407705888874,-0.053944334387779236
5485217396465653504,279213450,61,4,10.379118027523708,1.5293953582501245,1.0161604506171074,0.18451976776123047
5485217396465653504,279213450,62,4,15.680703038288383,1.5043441382743625,1.1953655302109534,0.17734719812870026
5485217396465653504,279213450,63,4,11.860302155043671,1.6253601203316137,1.0740957533281246,0.2109495997428894
5485217396465653504,279213450,66,4,69.34941839193117,1.5236518251226585,1.8410428231564686,0.18288573622703552
5485217396465653504,279213450,67,4,4.643519288185811,1.4785062669383642,0.6668472538541749,0.16982316970825195
5485167574845066496,279215788,61,1,32.97548190863149,1.4441821863362168,1.5181911511093849,0.1596219837665558
5485167574845066496,279215788,62,1,5.721637690324167,1.342879196949785,0.7575203536309468,0.12803694605827332
5485167574845066496,279215788,63,1,9.205996641845564,1.418683181117175,0.9640708121364687,0.15188542008399963
5485167574845066496,279215788,66,1,34.42466150245552,2.4656788550630737,1.5368696785342346,0.3919365108013153
5485167574845066496,279215788,67,1,7.221398063066223,1.4415582384391419,0.8586212851454069,0.15883219242095947
5484083245924897024,279216869,27,2,6.260148748824986,1.3473490131933212,0.7965846527034612,0.12948010861873627
5484083245924897024,279216869,28,2,0.7993117978068304,1.3439648585444655,-0.09728377681544527,0.128387913107872
5484083245924897024,279216869,29,2,0.9331624793002956,1.6074656834700356,-0.030042731687576252,0.20614171028137207
5484083245924897024,279216869,30,2,0.3230333927516081,1.538881400812902,-0.49075258126591054,0.18720515072345734
5484083245924897024,279216869,31,2,1.0896668926787516,1.3114840709578122,0.037293755939438115,0.11776302009820938
5484083245924897024,279216869,32,2,0.5402127499305457,2.15985983617273,-0.26743516994653865,0.33442556858062744
5484083245924897024,279216869,33,2,1.326474478132344,1.5559311499419164,0.1226988984096255,0.19199037551879883
5484083245924897024,279216869,34,2,2.6040620390990736,1.8179237564441768,0.4156513266386428,0.25957566499710083
5484083245924897024,279216869,35,2,0.3291345904065713,1.3572814877214459,-0.4826264731195367,0.13266992568969727
5484083245924897024,279216869,36,2,1.9244563975322968,1.5347623844505562,0.284308075718664,0.18604114651679993
5484083245924897024,279216869,37,2,1.336034092285263,1.3596916638397278,0.12581754040184434,0.13344043493270874
5484083245924897024,279216869,38,2,3.619947058504604,1.3505518248707407,0.5587022190504466,0.13051125407218933
5484083245924897024,279216869,39,2,1.610567585492831,1.5267753055113005,0.20697895417323525,0.1837751269340515
5480620785027051136,279218051,4,2,0.0181032901800054,1.8721277025018308,-1.7422424871659155,0.2723354697227478
5480620785027051136,279218051,7,2,0.0470630079626269,1.5631510957813486,-1.327320318982707,0.1940009593963623
5480620785027051136,279218051,67,2,0.0203798513274802,1.6391175480935687,-1.6907989885283399,0.21461009979248047
5484036830215159808,279219977,27,2,0.0963286180684177,1.5182607222217972,-1.0162446700633163,0.1813463568687439
5484036830215159808,279219977,28,2,0.0275394204244695,1.3628569920308427,-1.5600452038431962,0.1344502866268158
5484036830215159808,279219977,29,2,0.0723916177013674,1.7018573162197654,-1.140311718288981,0.2309231460094452
5484036830215159808,279219977,34,2,0.0550536790820591,1.3719418457832036,-1.259213653047413,0.13733570277690887
5484036830215159808,279219977,35,2,0.0551633147143583,1.3585938108169706,-1.2583496453442113,0.13308963179588318
5484036830215159808,279219977,36,2,0.0486995271074686,1.6340215867323034,-1.3124752559437651,0.2132577896118164
5484036830215159808,279219977,37,2,0.0348487255909925,1.3777500582250821,-1.4578130993140241,0.13917043805122375
5484036830215159808,279219977,38,2,0.0274438495978114,1.3893137409798895,-1.5615549694294177,0.14280033111572266
5484036830215159808,279219977,39,2,0.0256739858043539,1.5575332294149509,-1.590506703262223,0.1924373209476471
5484036830215159808,279219977,61,2,0.0797444620135658,1.5588735136976422,-1.0982994675242101,0.19281087815761566
5484036830215159808,279219977,64,2,0.1235418126049014,1.323065979062541,-0.9081860309849561,0.12158150225877762
5484036830215159808,279219977,67,2,0.1103168955496235,1.3245900044384409,-0.957357968230306,0.12208147346973419
5485319341809870208,279246259,61,1,13.687446085456587,1.3573179059071845,1.1363224215113306,0.13268157839775085
5485319341809870208,279246259,62,1,29.119468181009257,1.5212694849525543,1.4641834390420247,0.1822061538696289
5485319341809870208,279246259,63,1,12.144404289472032,1.4426239356937414,1.0843762165359412,0.15915313363075256
5485319341809870208,279246259,66,1,26.00431838920495,1.60017589401069,1.415045474773546,0.20416772365570068
5485319341809870208,279246259,67,1,16.659881209926592,1.4520316045565322,1.2216719004286734,0.16197606921195984
5480611297441954816,279251590,6,4,0.0143646254417872,1.7575165443338483,-1.8427056937712851,0.2448994219303131
5480611297441954816,279251590,10,4,0.0235089892002946,1.315744624923089,-1.6287660435322955,0.11917160451412201
5480611297441954816,279251590,30,4,0.0238690507110704,1.7573105631098824,-1.6221648528466974,0.24484851956367493
5480611297441954816,279251590,34,4,0.0359040716527672,1.5578282506847805,-1.4448562980495472,0.19251957535743713
5480611297441954816,279251590,35,4,0.0180095802443691,1.5779620653999096,-1.7444964093169835,0.19809655845165253
5480611297441954816,279251590,36,4,0.017223545554429,1.5557813030718681,-1.7638774419518426,0.1919485479593277
5480611297441954816,279251590,37,4,0.0215685134869996,1.697071239991466,-1.6661797856642535,0.22970007359981537
5480611297441954816,279251590,64,4,0.0199285900842636,1.5664996425421114,-1.7005234258496396,0.194930300116539
5480611297441954816,279251590,67,4,0.0198398331773698,1.606448413026835,-1.7024619839183497,0.20586678385734558
5480450322068448512,279362204,4,1,0.0171095571233608,1.6128626132265658,-1.7667612319182726,0.20759737491607666
5480450322068448512,279362204,6,1,0.0150815974627971,1.4032779198679106,-1.8215526549825545,0.14714369177818298
5480450322068448512,279362204,9,1,0.0222204068917536,1.4588262884186003,-1.653247992684738,0.16400358080863953
5480450322068448512,279362204,11,1,0.0167143282961014,1.5139237508232928,-1.7769110718478542,0.18010400235652924
5480450322068448512,279362204,12,1,0.0796343687978491,1.51175656748204,-1.0988994579174394,0.1794818639755249
5480450322068448512,279362204,13,1,0.0246027159972938,1.3307585861710411,-1.609016946655652,0.12409927695989609
5480450322068448512,279362204,31,1,0.0172295307897783,1.3539115924211222,-1.7637265494924712,0.13159030675888062
5480450322068448512,279362204,32,1,0.0128961034980577,1.465837991031022,-1.889541490081868,0.16608597338199615
5480450322068448512,279362204,36,1,0.0303259360798762,1.4131710092226453,-1.5181857847548608,0.15019471943378448
5480450322068448512,279362204,38,1,0.0302619492418108,1.4886593874577834,-1.5191031015045775,0.1727953404188156
5480450322068448512,279362204,39,1,0.0547679814121153,1.471109373410981,-1.2614732656028007,0.16764496266841888
5480450322068448512,279362204,61,1,0.0217382434748639,1.326132188395044,-1.6627755513257834,0.12258681654930115
5480450322068448512,279362204,63,1,0.0145313399980539,1.456823649529064,-1.8376943356725564,0.16340698301792145
5480450322068448512,279362204,64,1,0.0227893517231107,1.5415201656885134,-1.6422680287941829,0.18794921040534973
5114516020369038848,279403260,31,4,0.3396813721965586,1.589573699108177,-0.4689282687733726,0.20128066837787628
5484245599985272704,279426258,61,2,4.578310295403576,1.2658660607412235,0.6607052236846924,0.10238775610923767
5484245599985272704,279426258,63,2,5.650596862117638,1.3771858849642193,0.7520943239669644,0.1389925628900528
5484245599985272704,279426258,66,2,15.13805481332143,1.395486775034149,1.1800700734391978,0.1447257250547409
5484245599985272704,279426258,67,2,0.5271934900063584,1.3329143139047692,-0.27802996122089735,0.12480223178863525
5484160078596625408,279482019,62,1,18.306283248220648,1.3722016189647106,1.2626001778003082,0.13741792738437653
5484160078596625408,279482019,63,1,3.26526751515927,1.3811013808211843,0.5139187677238597,0.14022555947303772
5484160078596625408,279482019,66,1,35.74003788291624,1.440437924030685,1.5531550085035024,0.15849454700946808
5480870099288834560,279512574,13,0,0.0751610154757627,1.3017003242516403,-1.1240073609219507,0.11451101303100586
5491322675297755392,279514865,61,3,39.59385423884053,1.2547204872235989,1.597627779933225,0.09854698926210403
5491322675297755392,279514865,66,3,1.0427354728064226,1.3228756701451099,0.018174148051355983,0.12151902914047241
5491322675297755392,279514865,67,3,1.4947590743871195,1.3378833923812365,0.17457119861621526,0.12641826272010803
5491098168767496960,279516277,8,1,2.8370422582750447,1.466544096727087,0.45286580474156385,0.166295126080513
5480853636677533056,279569859,61,1,4.662159119980129,1.4847498347832768,0.6685870919537638,0.17165328562259674
5480853636677533056,279569859,64,1,20.836129858279843,1.4109884762611622,1.3188170554490173,0.14952346682548523
5480872744988273536,279572569,62,2,6.593500716125846,1.5816434990141301,0.8191160576932344,0.19910860061645508
5480872744988273536,279572569,63,2,31.2601765552648,1.5693580108626695,1.4949914265545923,0.19572202861309052
5480872744988273536,279572569,64,2,4.429863335936135,1.5400929707035504,0.6463903281724304,0.18754693865776062
5480872744988273536,279572569,67,2,2.406708817822725,1.3441144575580752,0.38142354916057575,0.12843625247478485
5483905674796611200,279572957,4,0,2.1844567414828253,1.4031106150638601,0.339343448852719,0.14709191024303436
5483905674796611200,279572957,5,0,2.043416118443375,1.6473952664710232,0.3103568147684976,0.2167978137731552
5483905674796611200,279572957,6,0,0.7417536569349293,0.9541823506967811,-0.12974030388170293,-0.02036862075328827
5483905674796611200,279572957,8,0,0.5469999523519932,1.3236105022586693,-0.2620127114970397,0.12176020443439484
5483905674796611200,279572957,9,0,0.9095665201504296,1.5364019714113033,-0.04116553378813226,0.18650485575199127
5483905674796611200,279572957,10,0,0.783050505339736,1.6578881560090883,-0.10621022583096977,0.21955522894859314
5483905674796611200,279572957,12,0,0.3819391382797509,1.7408175775300474,-0.4180058360807104,0.24075326323509216
5483905674796611200,279572957,13,0,0.1904075313834566,1.3858518569162512,-0.7203158775188342,0.14171680808067322
5483905674796611200,279572957,27,0,0.5208135867701631,1.37570738023427,-0.2833176945966597,0.1385260671377182
5483905674796611200,279572957,28,0,0.183373549476889,1.142979564576355,-0.7366633084952159,0.058038465678691864
5483905674796611200,279572957,29,0,0.0343377595561836,1.505313589526178,-1.4642280447641811,0.17762698233127594
5483905674796611200,279572957,30,0,4.645899533481983,1.6048450257120133,0.66706981404662,0.20543310046195984
5483905674796611200,279572957,31,0,0.5309622222191499,1.7275426747511597,-0.2749363777234515,0.23742878437042236
5483905674796611200,279572957,32,0,0.3853879449061763,1.5740439883376853,-0.4141018743785661,0.1970168650150299
5483905674796611200,279572957,33,0,0.1107204205071274,1.486757245154993,-0.9557722734691614,0.17224006354808807
5483905674796611200,279572957,34,0,0.246461337801936,1.3065621603986037,-0.6082511984808153,0.11613007634878159
5483905674796611200,279572957,35,0,0.451904319753265,1.8363525819557789,-0.34495350722812645,0.26395606994628906
5483905674796611200,279572957,36,0,0.1304891572055131,1.50051890811945,-0.8844255738540586,0.17624147236347198
5483905674796611200,279572957,37,0,1.2877893921082684,1.6097532248966346,0.10984484336224147,0.20675930380821228
5483905674796611200,279572957,38,0,0.4285982803020807,1.5586263172732158,-0.36794957584392235,0.1927420049905777
5483905674796611200,279572957,39,0,2.1001636133276933,1.3460878254049125,0.3222531297803415,0.1290733963251114
5483905674796611200,279572957,62,0,0.6375296474567307,1.3718148958851053,-0.19549961414503184,0.13729551434516907
5483905674796611200,279572957,63,0,0.5055022156737747,1.34735312759397,-0.29627693650663944,0.12948143482208252
5483905674796611200,279572957,66,0,5.369435726018293,1.3837240976723484,0.7299286480919541,0.14104950428009033
5483905674796611200,279572957,67,0,0.3328234942854819,1.533603891052314,-0.47778602409285814,0.18571320176124573
5491101501662087040,279574516,61,4,27.65781582091477,1.5675306085513014,1.4418178802426163,0.19521602988243103
5491101501662087040,279574516,62,4,18.046250198471625,1.7288549075587811,1.2563869742586364,0.2377585470676422
5491101501662087040,279574516,66,4,3.253922525541411,1.6606720102730241,0.5124072083640829,0.2202838659286499
5491101501662087040,279574516,67,4,3.925546468707107,1.5303832112691949,0.5939001226925384,0.1848001927137375
5490256355177080320,279576672,67,3,2.066970611942695,1.4589795620272505,0.3153343018997347,0.1640492081642151
5479696714223465088,279615956,4,2,0.0683136819243208,1.3595524128367156,-1.165492306726056,0.1333959549665451
5479696714223465088,279615956,5,2,0.0393819837027661,1.3858685471470051,-1.404702411878267,0.14172203838825226
5479696714223465088,279615956,7,2,0.0188403532688938,1.352800303954053,-1.7249109581624191,0.13123369216918945
5479696714223465088,279615956,11,2,0.0388640146843034,1.5642481799692598,-1.4104523384459349,0.1943056583404541
5479696714223465088,279615956,12,2,0.0355287371867972,1.4574177466118274,-1.4494202285521054,0.16358405351638794
5479696714223465088,279615956,13,2,0.014422663374896,1.3696495210935078,-1.8409545328056705,0.13660944998264313
5479696714223465088,279615956,28,2,0.0129668977164256,1.5838545133200725,-1.8871639148791968,0.1997152864933014
5479696714223465088,279615956,30,2,0.0948955897997548,1.5586488852902805,-1.0227539706089195,0.1927482932806015
5479696714223465088,279615956,31,2,0.1200455061295785,1.364993456110672,-0.9206540929968412,0.13513056933879852
5479696714223465088,279615956,32,2,0.0643581845607025,1.887790125465141,-1.1913962151384099,0.2759537100791931
5479696714223465088,279615956,33,2,0.0513136817078251,1.3917757838578553,-1.289766824010964,0.14356927573680878
5479696714223465088,279615956,35,2,0.0164405887550774,1.5186009298073515,-1.784082633967323,0.18144366145133972
5479696714223465088,279615956,36,2,0.0728188210565087,1.3527352300201938,-1.1377563566132458,0.13121280074119568
5479696714223465088,279615956,37,2,0.0473570342462494,1.355831655396519,-1.3246155033041151,0.1322057694196701
5479696714223465088,279615956,38,2,0.0798002537732527,1.5565418971518832,-1.0979957275446584,0.19216081500053406
5479696714223465088,279615956,39,2,0.0425995783718754,1.655326370090895,-1.3705946992933866,0.21888363361358643
3015860275008838272,279640409,6,4,26.82164889327194,1.593107406226605,1.4284854731142782,0.2022450566291809
5995168724780802944,279883855,12,0,34.465269590046404,1.6143076696510312,1.5373816799290483,0.20798631012439728
5995168724780802944,279883855,39,0,8.377928182565974,1.8023840473869395,0.9231366331738059,0.25584733486175537
253451144041592832,28019538,59,3,0.0182852158931394,1.419478099714512,-1.7378999075903283,0.1521286964416504
5234888938486545408,280675564,10,0,4.399403740404115,1.279791151474472,0.6433938197135446,0.10713910311460495
5234888938486545408,280675564,11,0,7.95036595846,1.7054327178163982,0.9003871198617327,0.23183459043502808
5234888938486545408,280675564,37,0,5.219097489310897,1.4929585088424813,0.7175954092667138,0.17404773831367493
5234888938486545408,280675564,38,0,13.684408842174356,1.7209871059499569,1.1362260409038363,0.2357776165008545
5234888938486545408,280675564,64,0,0.2192615014010137,1.5493836302970443,-0.6590376163701981,0.19015896320343018
5211227379520496896,280865190,4,2,1.755610996425853,1.6067228196358807,0.2444282924236261,0.20594096183776855
5211227379520496896,280865190,5,2,0.908687389596348,1.5228080777957693,-0.04158549887245344,0.18264517188072205
5211227379520496896,280865190,6,2,1.7001497564996604,1.5677822295623496,0.23048717758822432,0.19528573751449585
5211227379520496896,280865190,7,2,17.964615385785375,1.3861515984177524,1.2544179235935968,0.14181073009967804
5211227379520496896,280865190,8,2,1.875685165958777,1.6083089896083655,0.27315994376516195,0.20636948943138123
5211227379520496896,280865190,10,2,0.2083112318148376,1.6094504133020118,-0.6812873129437635,0.2066776007413864
5211227379520496896,280865190,13,2,8.856350079668065,1.3446641140131232,0.9472547752897161,0.12861381471157074
5211227379520496896,280865190,27,2,3.3145581366062387,1.6810569857229278,0.5204256408481512,0.22558243572711945
5211227379520496896,280865190,28,2,7.0845384180710775,1.5739250687006436,0.850311559733099,0.19698405265808105
5211227379520496896,280865190,30,2,2.4381280226397446,1.3480777816212508,0.3870565060675346,0.1297149509191513
5211227379520496896,280865190,31,2,2.1114690232952396,1.6273785026143546,0.3245847144085102,0.21148857474327087
5211227379520496896,280865190,34,2,46.71257857736396,1.611592303478877,1.6694338414049108,0.20725518465042114
5211227379520496896,280865190,37,2,2.164453662295294,1.6793863347053932,0.33534829265558763,0.22515061497688293
5211227379520496896,280865190,38,2,13.6510593207467,1.5096097346048025,1.1351663538899033,0.17886468768119812
5287415735666649728,281631603,5,3,0.0674482544894316,1.3524829472741724,-1.1710292850642334,0.13113179802894592
5287415735666649728,281631603,7,3,0.0912052415038252,1.5089716846954269,-1.0399802023428932,0.17868109047412872
5287415735666649728,281631603,8,3,0.0219065248966422,1.3105092691585065,-1.6594265105229142,0.11744009703397751
5287415735666649728,281631603,9,3,0.0392605933965207,1.517383463540547,-1.406043140627837,0.18109534680843353
5287415735666649728,281631603,10,3,0.1053781527775331,1.5217496125465835,-0.9772494186457091,0.18234319984912872
5287415735666649728,281631603,11,3,0.029434060471354,1.370062193266716,-1.5311498222135798,0.1367402821779251
5287415735666649728,281631603,12,3,0.0323212390333583,1.2940941673765898,-1.4905119989173727,0.11196587979793549
5287415735666649728,281631603,27,3,0.0811970073432624,1.4482478602349311,-1.0904599771413164,0.1608428955078125
5287415735666649728,281631603,28,3,0.051281125379581,1.2170321190699005,-1.2900424526628116,0.08530203998088837
5287415735666649728,281631603,29,3,0.0692192555161425,1.84819022950496,-1.1597730760469465,0.2667466700077057
5287415735666649728,281631603,30,3,0.1274669216073508,1.321607076570207,-0.8946025025024598,0.12110235542058945
5287415735666649728,281631603,31,3,0.1781985357705601,1.568456663278967,-0.7490958688141751,0.19547252357006073
5287415735666649728,281631603,34,3,0.0331082309090875,1.7448367509725897,-1.4800640245317611,0.24175480008125305
5287415735666649728,281631603,35,3,0.0431333041665857,1.5514941306412824,-1.3651872720568843,0.1907501369714737
5287415735666649728,281631603,36,3,0.0583228977034231,1.4094722796407315,-1.2341609067520867,0.149056538939476
5287415735666649728,281631603,38,3,0.1496644272700055,1.3230646398820933,-0.8248814119227231,0.1215810626745224
5287415735666649728,281631603,39,3,0.1097531053051621,1.5988311480874773,-0.9595831831786177,0.20380260050296783
5859820114746274944,281757097,11,0,0.3591806253855204,1.5311988975587378,-0.4446870977148991,0.18503160774707794
5859820114746274944,281757097,37,0,0.1876692578315575,1.6034786953335174,-0.7266068634872593,0.20506319403648376
5219929494363272960,281925381,63,3,0.5495755378689168,1.5018648552762839,-0.25997260637968966,0.17663085460662842
5219929494363272960,281925381,64,3,0.5018214624197365,1.3813822735184889,-0.29945076826825623,0.14031387865543365
5219929494363272960,281925381,65,3,6.476817911481913,1.3456925785196383,0.8113616875201219,0.12894585728645325
5219929494363272960,281925381,66,3,0.3859898283597485,1.2787646569850515,-0.4134241397464773,0.10679062455892563
5216817330997074304,281975533,63,1,9.670419061058071,1.6804599403765794,0.9854452943479147,0.22542816400527954
5216817330997074304,281975533,66,1,1.3035672596271148,1.4361492031676835,0.11513344419734131,0.15719956159591675
5217170892705584512,282050150,63,1,3.4696008215439726,1.5073355107830106,0.5402795119744535,0.17820993065834045
5217170892705584512,282050150,64,1,5.486670653660269,1.368351542820529,0.7393088917450501,0.13619768619537354
5217170892705584512,282050150,66,1,0.8231063906926945,1.628990988653992,-0.08454402638611933,0.2119186818599701
5216440061069982592,282051790,10,3,0.2216603690970196,1.4849515339416268,-0.6543119479365518,0.17171227931976318
5216440061069982592,282051790,11,3,2.2303382810090633,1.4175499047377227,0.34837073857893647,0.15153835713863373
5216440061069982592,282051790,12,3,1.467196147446842,1.4051856891660797,0.16648817796009635,0.14773371815681458
5216440061069982592,282051790,33,3,9.172592589015506,1.3949617170668993,0.9624921042596096,0.14456228911876678
5216440061069982592,282051790,37,3,0.1347697103933893,1.5876626160170781,-0.8704077048864117,0.2007582187652588
5216440061069982592,282051790,39,3,0.3847903765755965,1.5469328193033105,-0.41477579799695186,0.18947145342826843
5216440061069982592,282051790,64,3,0.1954320788325601,1.485406081569847,-0.7090041483116619,0.1718451976776123
5216440061069982592,282051790,66,3,0.3655357010005696,1.149173137593422,-0.43707020012782993,0.06038546562194824
5785197909789170176,282222672,12,3,0.0184127375052329,1.492486133702638,-1.7348816381644208,0.17391030490398407
5785197909789170176,282222672,66,3,0.0159306650285961,1.6364875123059799,-1.7977660941159355,0.213912695646286
5785003742907637760,282222956,12,3,0.0571084755949735,1.5342931544968479,-1.2432994323676587,0.18590834736824036
5771056197390268288,282278921,65,1,33.443035339679454,1.3418584995712266,1.524305687769651,0.12770672142505646
5771056197390268288,282278921,66,1,14.598929857784295,1.4730663477638963,1.16432102195617,0.1682223081588745
5770118932446648960,282279817,65,0,1.4833244434547788,1.9057971913167835,0.17123615344996326,0.28007668256759644
5770118932446648960,282279817,66,0,1.9831385663764107,1.536164188918794,0.2973530604030816,0.18643763661384583
256926837732163584,28251010,59,3,0.0163080188187249,1.4095602504509983,-1.7875987960631685,0.14908364415168762
125716102232827904,284081176,58,1,25.643826443747308,1.5203633093367004,1.4089828289363118,0.18194738030433655
173005891184914176,284176105,59,4,0.0170427583600234,1.5015355066933984,-1.768460113584045,0.17653560638427734
5508539790438872448,284344578,61,3,8.777911450334624,1.4155567672856881,0.9433911954625865,0.15092729032039642
5508539790438872448,284344578,62,3,0.4516025143283061,1.3741663854080264,-0.3452436487757029,0.13803932070732117
5508721416016007936,284416022,61,4,0.0249137266101175,1.4708567651457956,-1.6035613055762947,0.16757038235664368
5511674154493369600,284419333,61,4,61.28618749946454,1.608593979856736,1.7873626055347784,0.20644643902778625
5560214431763466368,284422031,7,1,0.0182282718407916,1.4915135825537291,-1.739254503346368,0.17362721264362335
5530457008552460416,284835795,61,2,0.0957078384726145,2.1197063766515156,-1.0190524920455493,0.32627570629119873
3446657108391160576,2850290,43,3,9.838180943638092,1.2630640004669527,0.9929148058326749,0.10142535716295242
3446657108391160576,2850290,44,3,4.159901490894255,1.2968930449912703,0.6190830463797258,0.11290416121482849
3446657108391160576,2850290,45,3,23.590928238120743,1.40257431499333,1.3727450295147867,0.1469258815050125
453287657264888192,285511189,58,3,16.506075499710725,1.292141247836546,1.2176438272650734,0.11130999028682709
3417723112010385024,285555777,43,4,0.7583119633963803,1.5767874100979424,-0.12015209237681808,0.19777314364910126
3417723112010385024,285555777,45,4,4.8126743503924505,1.5071072427090246,0.6823864761356295,0.1781441569328308
437648925424449408,285562993,58,1,3.6965559378050656,1.447914719665339,0.5677972825060127,0.16074298322200775
443512071181546880,285670920,59,3,10.49638532115337,1.4793941949564298,1.021039765226999,0.1700839102268219
3417709063174377344,285727064,43,4,22.249006210160175,1.674529289842505,1.3473106172458276,0.22389274835586548
3417709063174377344,285727064,44,4,1.0357638375765603,2.073209728386257,0.015260744087637177,0.31664323806762695
3417708788296471040,285727096,43,0,0.3833160279430545,1.8077073318282835,-0.41644302081428164,0.25712811946868896
3417708788296471040,285727096,44,0,0.3293871709831228,1.307609734792398,-0.4822933197981338,0.11647814512252808
3417708788296471040,285727096,45,0,0.1116327060628537,2.0904266074322093,-0.9522085474981593,0.32023492455482483
3416914803461557888,285727893,43,2,37.21794150596552,1.5929105826360455,1.5707523489848947,0.20219139754772186
3416914803461557888,285727893,44,2,8.480818114304435,1.6350756164296083,0.9284377491187477,0.21353784203529358
3416914803461557888,285727893,45,2,11.779213497205928,2.1006711538536997,1.0711162934029739,0.32235807180404663
3416914803461558144,285727895,43,1,23.22037616859597,1.540278194540707,1.3658692510021335,0.18759916722774506
3416914803461558144,285727895,44,1,7.960024243961769,1.393477563818493,0.900914390476712,0.14409998059272766
3416914803461558144,285727895,45,1,18.176390832177056,1.5412314057271639,1.259507652413021,0.18786785006523132
3417712018111853568,285731419,43,4,69.63499026211048,1.8823400324008857,1.8428275191974133,0.27469807863235474
3417712018111853568,285731419,44,4,1.8377680511648045,1.5774171144352926,0.2642906972264361,0.19794654846191406
3417712018111853568,285731419,45,4,43.274794211172214,1.8026956340326856,1.6362350113096533,0.25592240691185
3417885431711520000,285732357,43,0,30.40231653986758,1.7112890850931544,1.4829066764426897,0.2333233803510666
3417885431711520000,285732357,44,0,4.1320420442183625,1.603837392997012,0.6161647318889996,0.20516033470630646
3417885431711520000,285732357,45,0,3.47282859992399,1.585237082686979,0.5406833494080527,0.20009422302246094
441995982085109120,285735539,59,1,0.0154667165082791,1.6360320882137322,-1.8106018746452317,0.21379181742668152
441938429523471104,285736141,59,0,3.170993102409948,1.4075540059864518,0.5011952973444788,0.14846506714820862
442417954031852032,285873891,59,3,1.1602488296986473,1.393931659362892,0.06455113903403162,0.14424148201942444
249764790788074624,285933491,59,0,7.132213990009309,1.8226176712221438,0.8532243649696711,0.26069557666778564
249672122574436096,285939698,59,3,1.556873724032812,1.273639233573446,0.19225338894594607,0.10504642874002457
3416935213146235776,285963719,44,3,3.396848043158072,1.540234647761328,0.5310761192886253,0.18758688867092133
514673700690854144,286122000,52,4,0.0649006627686114,1.3265401236637404,-1.187750868141372,0.1227203905582428
514673700690854144,286122000,58,4,2.757269426515628,1.307205669909279,0.44047920525412076,0.1163439229130745
3416833542680562304,286138401,45,2,12.79168186871941,1.3257487599282731,1.1069276498956415,0.1224612295627594
5992785980013356416,28619282,39,4,0.0543330441888326,1.529168209212138,-1.2649359614972127,0.1844552606344223
287272259145040896,287059551,59,4,2.556180345062903,1.5500545635276144,0.4075914911540672,0.19034698605537415
1101333488479920896,287172319,60,3,0.0274759373437868,1.4265666824386012,-1.5610474826609655,0.15429207682609558
5490838129969482112,287324648,61,2,0.1036928723757069,1.4534778787670584,-0.9842510950505513,0.16240842640399933
5490838129969482112,287324648,62,2,0.0973775301167373,1.3619937255970775,-1.0115412450938341,0.134175106883049
4658442922197295232,287405060,2,2,0.0252657636464811,1.3557246631588338,-1.597467570869611,0.13217149674892426
4658442922197295232,287405060,3,2,0.0869682701650575,1.428723358468879,-1.0606391681366947,0.1549481451511383
4658442922197295232,287405060,5,2,0.0426135542138479,1.3174426210944217,-1.3704522416482126,0.11973170936107635
4658442922197295232,287405060,9,2,0.0365667150649483,1.3594931246951425,-1.4369140523292885,0.13337701559066772
4658442922197295232,287405060,30,2,0.0414125028835847,1.7348785513133569,-1.382868520869721,0.23926907777786255
4658442922197295232,287405060,31,2,0.0367083900994341,1.3710477039764004,-1.435234661703138,0.13705256581306458
4658442922197295232,287405060,37,2,0.0717581023996458,1.4099435848241326,-1.1441290544714788,0.14920173585414886
4658442922197295232,287405060,61,2,0.0921967118600686,1.5559605658243474,-1.0352845675200408,0.19199858605861664
4658442922197295232,287405060,67,2,0.0554184944417629,1.8612113231367797,-1.2563452769030499,0.269795686006546
6059120375521329536,287485553,10,0,0.221461754255067,1.8263654354002008,-0.6547012642496616,0.2615876793861389
6059120375521329536,287485553,11,0,1.979851926839004,1.7832559007994315,0.29663271058402974,0.2512136697769165
5220833331577540608,287496443,63,0,0.5462795278279753,1.4225698302438183,-0.2625850746418112,0.15307359397411346
5220833331577540608,287496443,64,0,0.2022923146253091,1.2751248313772665,-0.694020616385009,0.10555270314216614
5220833331577540608,287496443,65,0,0.3501650388915168,1.349499921415729,-0.4557272168317848,0.13017286360263824
5220835801180967296,287535518,62,4,0.0821264465454766,1.5829358239055553,-1.0855169678591265,0.19946330785751343
5220835801180967296,287535518,63,4,0.2043491418938137,1.572184481222993,-0.689627181644896,0.19650350511074066
5220835801180967296,287535518,64,4,0.14842743061698,1.5959429731452526,-0.8284858304268401,0.20301736891269684
6088027047281877120,287602143,11,2,0.310904031319968,1.6163630714343076,-0.5073736466648617,0.20853891968727112
6075936134538464768,287664825,11,4,8.877062704349392,1.662580271197886,0.9482692875897415,0.22078262269496918
6086245121189346560,287671059,64,2,5.59492205364787,1.4338128121251972,0.74779404047895,0.1564924567937851
6088154010814701568,287752945,64,3,0.8377791442779027,1.6243928327344872,-0.07687045519198878,0.21069106459617615
6071727753787733120,287794816,10,0,0.7484862402258793,1.4719543237260457,-0.12581617908699488,0.16789433360099792
6071727753787733120,287794816,11,0,0.0786738562083348,1.5017554594298999,-1.104169562313942,0.17659921944141388
6071727753787733120,287794816,64,0,0.4176551545231244,1.5264887838235714,-0.3791821543463888,0.18369361758232117
5216534069313881472,287978226,63,4,6.726464068110961,1.5780105230180768,0.8277868265925507,0.19810989499092102
5216534069313881472,287978226,64,4,43.11299860937371,2.0085410141825917,1.6346082300961764,0.3028807044029236
5216534069313881472,287978226,65,4,17.3959492380287,1.507407970111626,1.240448131709084,0.17823080718517303
5216534069313881472,287978226,66,4,18.300542738041685,1.6821148641602386,1.2624639697654785,0.22585564851760864
5217124781937081984,288066833,10,0,0.0796509186437636,1.627528991083793,-1.0988092109536636,0.2115287333726883
6076050346312676608,288093002,64,0,34.67644886697101,2.1068843837622233,1.5400346160116483,0.32364070415496826
111019720578786560,28832999,42,4,2.136336405172279,1.5736405513236973,0.3296696413370573,0.19690553843975067
111019720578786560,28832999,43,4,0.2126965681770022,1.6549558730183898,-0.6722395173084351,0.21878641843795776
117448530705462912,28873103,42,1,4.4530002958259,1.8164414547439922,0.648652723982683,0.2592214047908783
246697015908283264,288748622,59,0,7.134650070286909,1.6767562349942202,0.853372677342712,0.22446992993354797
63004013433406208,28911340,42,4,20.559796571313335,1.2995894383244413,1.3130188132224037,0.11380617320537567
63004013433406208,28911340,43,4,36.10667902081269,1.522388050880547,1.5575875452182455,0.1825253665447235
2170284942179709824,289344994,56,3,1.5041136121386425,1.303109977823022,0.1772806416155766,0.11498107016086578
2168530022847665408,289785789,56,1,0.021811951172742,1.455784974395526,-1.6613054831763245,0.16309723258018494
117179356515011584,28998082,42,2,24.011775737025744,1.7588188366730926,1.3804242785191252,0.2452211081981659
117179356515011584,28998082,43,2,1.288505598084681,1.4442690033693995,0.11008630974140919,0.1596480906009674
117179356515011584,28998082,44,2,0.3591160328210246,1.567344151057693,-0.4447652052602639,0.19516436755657196
63034902838166272,28998540,42,4,1.2094047588260837,1.5811606954028428,0.08257167315684397,0.19897601008415222
63034902838166272,28998540,43,4,6.864501517822607,1.7486809961814025,0.8366090053864407,0.24271059036254883
63034902838166272,28998540,44,4,8.610258815858977,1.5150109763903796,0.935016206112193,0.1804157793521881
117517421980731776,28999668,42,2,19.091225875627835,1.3671748304836786,1.280833815974992,0.135824054479599
117517421980731776,28999668,43,2,43.16844266558763,1.4812960655243896,1.6351663814350168,0.17064186930656433
117215807902051200,29017469,43,0,0.0676498168121073,1.6286392384736552,-1.1697333750840768,0.21182489395141602
117215807902051200,29017469,44,0,0.2211613985668286,2.029220900818705,-0.6552906723599258,0.30732932686805725
118010205052095104,29056431,42,4,2.1817639568791094,1.4989573183492257,0.3388077628563342,0.1757892668247223
118010205052095104,29056431,43,4,1.012598195346392,1.5666565959351886,0.005437149051412617,0.19497381150722504
118010205052095104,29056431,58,4,9.590360857817805,1.8510309303463892,0.9818349487358932,0.2674136757850647
117944577952339456,29059353,58,3,0.2679811120619279,1.3329284457481256,-0.5718958149874547,0.12480683624744415
5335755730084266624,290674357,10,4,0.4564281414526759,1.7484263775689328,-0.3406275866446351,0.24264734983444214
5335755730084266624,290674357,11,4,4.388624032172279,1.5900763662163628,0.6423283769837794,0.2014179825782776
5335755730084266624,290674357,37,4,8.299893403734586,1.5701384951375001,0.9190725147294306,0.19593796133995056
5335755730084266624,290674357,38,4,2.156993494280911,1.5615778498040866,0.33384883522671654,0.19356364011764526
926393285761209984,29069620,20,3,0.1226651832369638,1.4358981639393806,-0.9112786880779091,0.1571236401796341
4795598309045006208,290716988,5,0,0.5836930620743435,1.3818627243473383,-0.23381546879492088,0.1404649019241333
4795598309045006208,290716988,6,0,0.6159765596421897,1.465196019875593,-0.21043581415333995,0.1658957302570343
4795598309045006208,290716988,31,0,0.9313705825009364,1.6502018713737003,-0.03087748345211335,0.2175370752811432
4795598309045006208,290716988,32,0,0.3548009826662695,2.137750165641718,-0.4500151860050592,0.32995694875717163
4795598309045006208,290716988,33,0,0.2397951557294165,1.6449741420222976,-0.6201595946368103,0.21615907549858093
4794011228433961728,290717316,4,3,0.0276196492228212,1.2836502942999959,-1.5587818413823156,0.10844672471284866
4794011228433961728,290717316,5,3,1.2168094261950375,1.3050537501230919,0.08522256538471328,0.11562839895486832
4794011228433961728,290717316,6,3,1.3438006652752457,1.8507059091929086,0.12833485175989012,0.2673374116420746
4794011228433961728,290717316,31,3,0.209294429023001,1.3688699664855817,-0.6792423315120992,0.1363621950149536
4794011228433961728,290717316,32,3,0.3314947102607155,1.1945138890955056,-0.4795233973434047,0.07719120383262634
4794011228433961728,290717316,33,3,0.576643101256051,1.4507251902100649,-0.23909289934273775,0.16158515214920044
117141354644522752,29106824,42,4,2.4481583609857323,1.3863261564910516,0.3888395070510616,0.14186541736125946
117141354644522752,29106824,43,4,0.2027053895858206,1.4143586294307473,-0.693134704014124,0.15055954456329346
117138193548596480,29106882,42,4,5.644622496372535,1.565869084943969,0.7516349022885385,0.1947554498910904
117138193548596480,29106882,43,4,1.84110912825996,1.544162819546385,0.2650795312506218,0.1886930912733078
117138193548596480,29106882,44,4,14.02831538934079,1.5141288936616886,1.1470055212749497,0.18016284704208374
68979034496030848,29107362,42,1,33.39220979063695,1.4924247354012685,1.5236451602380825,0.17389243841171265
68979034496030848,29107362,43,1,33.302407359281865,1.480605666738395,1.5224756288535448,0.17043940722942352
68979034496030848,29107362,44,1,20.07625555820002,1.3732974160350058,1.3026827153428382,0.1377646028995514
5505718100004664192,291550810,62,2,0.7643478996266901,2.227165607567416,-0.11670892349533032,0.34775251150131226
5490938670862242176,291633913,8,0,7.473860006023915,1.617673108038677,0.8735449587556948,0.20889076590538025
6017449090982143232,291866634,12,2,0.0785362666528656,1.602539825594565,-1.1049297474582176,0.20480883121490479
5891343113106300544,291909020,11,0,0.3150181804412865,2.1838409264958667,-0.501664381329491,0.3392210006713867
5481705934284033152,293273183,2,3,0.1137799154697964,1.1597277163172557,-0.9439343932173474,0.06435603648424149
5481705934284033152,293273183,4,3,0.1643303440625895,1.3314194263089667,-0.784282235456205,0.12431488931179047
5481705934284033152,293273183,5,3,0.1487467137513518,1.2460933813550688,-0.8275526203249218,0.09555058926343918
5481705934284033152,293273183,6,3,0.1647490469330641,1.563070915640481,-0.7831770891036544,0.1939786821603775
5481705934284033152,293273183,7,3,0.2143473640215304,1.4295331730212262,-0.6688818529415121,0.1551942378282547
5481705934284033152,293273183,8,3,0.0199012523386826,1.273320000804238,-1.7011195936070618,0.10493756085634232
5481705934284033152,293273183,9,3,0.0312974546463806,1.1780128482841088,-1.5044909812389,0.0711500272154808
5481705934284033152,293273183,11,3,0.0162270535464556,1.3917092170908367,-1.7897603307396213,0.14354850351810455
5481705934284033152,293273183,12,3,0.1997174715954941,1.318936930698539,-0.6995839407096359,0.12022402882575989
5481705934284033152,293273183,13,3,0.1440347655196929,1.2303305808456897,-0.8415326700501309,0.09002181887626648
5481705934284033152,293273183,61,3,0.0162286048565554,1.3962643365992293,-1.7897188140704345,0.14496764540672302
5481705934284033152,293273183,63,3,0.2428657468815079,1.3877766466349142,-0.6146337325778695,0.14231957495212555
5481705934284033152,293273183,64,3,0.2098299601300833,1.4970017479614013,-0.6781325018897592,0.17522230744361877
5481705934284033152,293273183,66,3,0.0393583777205037,1.3053579397894526,-1.4049628106866618,0.11572961509227753
5481705934284033152,293273183,67,3,0.1660493926520236,1.7178072996992726,-0.7797627085531427,0.2349744439125061
5555416163017823104,293692895,61,2,4.4666722582946345,1.365848594940409,0.6499840873193955,0.13540256023406982
5491506843495850240,293968698,7,1,6.345552890655142,1.477305332646533,0.8024694683376673,0.16947026550769806
5491506843495850240,293968698,8,1,1.2561218958440044,1.4677013336995892,0.09903178599648957,0.16663768887519836
5491506843495850240,293968698,9,1,3.9142609905384167,1.4762456218512934,0.5926497796693962,0.16915862262248993
5491506843495850240,293968698,33,1,1.0784735807350936,1.0719280302453376,0.03280951069818441,0.030165627598762512
5491506843495850240,293968698,34,1,1.36225874965593,1.705745569990745,0.13425960601647355,0.23191425204277039
5491506843495850240,293968698,35,1,0.2118768634326424,1.3437100159602215,-0.6739164648660333,0.1283055543899536
5491506843495850240,293968698,36,1,1.6026730982077058,1.4047091785876369,0.2048449471060391,0.1475864201784134
5491506843495850240,293968698,39,1,0.3499237647912725,1.4597267886525434,-0.45602656175477035,0.16427157819271088
5491506843495850240,293968698,61,1,0.7838479975856512,1.4316810705904128,-0.10576814676711063,0.15584628283977509
5491506843495850240,293968698,62,1,0.1715183775445272,1.5711547670078627,-0.7656893401192714,0.19621896743774414
5491506843495850240,293968698,66,1,0.6214552104288519,1.731997281105095,-0.20659016640213976,0.2385472059249878
5491436062434687744,293969029,61,0,3.145612464361104,0.6806292084436679,0.497705217029624,-0.16708941757678986
5491436062434687744,293969029,62,0,18.90768577937551,1.4789416899966075,1.2766383762933875,0.16995105147361755
5491436062434687744,293969029,66,0,1.3445781355015092,1.5962095607851359,0.12858604481231703,0.2030899077653885
5490181210429412608,293970607,62,2,13.09036154268167,1.5033268760883738,1.1169516414952394,0.17705342173576355
5490181210429412608,293970607,67,2,1.3726405787018685,1.5199886508869729,0.13755683357972187,0.18184034526348114
5479723411740391168,293973056,63,0,17.45764720912461,1.5060815492697013,1.2419857128548817,0.17784848809242249
5479723411740391168,293973056,66,0,6.525746690011179,1.5666102070453978,0.814630211764838,0.19496095180511475
5480524131083131776,293974254,61,4,35.03035877130169,1.4240012706004328,1.5444445852651287,0.15351037681102753
5480524131083131776,293974254,62,4,54.68984217701082,1.4431107825949876,1.7379066700970338,0.15929967164993286
5480524131083131776,293974254,63,4,1.640159250811985,1.963144103472828,0.21488601779840188,0.29295217990875244
5480524131083131776,293974254,64,4,17.598532608153903,1.5531423196136411,1.245476457203383,0.1912112534046173
5480524131083131776,293974254,67,4,5.059815873665517,1.622226638441309,0.7041347131824903,0.21011152863502502
5486822511643776256,293974981,67,2,2.5835535191310437,1.5192196985890607,0.41221746252288166,0.18162058293819427
5486829039994165376,294098955,2,4,0.0783662740139097,1.2995322077263085,-1.1058708016136878,0.11378704756498337
5486829039994165376,294098955,3,4,0.741137652845616,1.5520687341640373,-0.1301011222241433,0.1909109503030777
5486829039994165376,294098955,5,4,0.0449557345072213,1.627379340174005,-1.347214902240089,0.21148879826068878
5486829039994165376,294098955,6,4,0.1205645333581308,1.567867761933092,-0.9187804304395636,0.19530943036079407
5486829039994165376,294098955,8,4,0.1542598851952922,1.544714196364524,-0.8117469961880014,0.18884813785552979
5486829039994165376,294098955,9,4,0.0141351698149177,1.510268108163615,-1.84969896968322,0.17905405163764954
5486829039994165376,294098955,12,4,0.0603894084005503,1.4937350796527191,-1.2190392248979753,0.17427358031272888
5486829039994165376,294098955,13,4,0.5439801919678888,1.2603616338606098,-0.26441691404384904,0.10049517452716827
5486829039994165376,294098955,27,4,1.9979026529866304,1.5517939180723808,0.3005743235793073,0.19083404541015625
5486829039994165376,294098955,29,4,0.0775672625835539,1.5194406256488044,-1.110321534916968,0.1816837340593338
5486829039994165376,294098955,30,4,0.0950752134304885,1.685969003124033,-1.0219326909852269,0.22684958577156067
5486829039994165376,294098955,31,4,0.3255226308217224,1.615985104750114,-0.4874188132422007,0.20843735337257385
5486829039994165376,294098955,32,4,0.0341937867424419,1.2715199061814222,-1.4660528012133136,0.10432316362857819
5486829039994165376,294098955,33,4,0.3674213015220124,1.490052365185964,-0.4348356687561487,0.1732015311717987
5486829039994165376,294098955,34,4,0.284356237658493,1.52010161766365,-0.5461372405929247,0.18187262117862701
5486829039994165376,294098955,36,4,0.2388208903012238,3.4341912525976466,-0.6219276869826373,0.5358244776725769
5486829039994165376,294098955,37,4,0.1778728664024658,1.607644392567716,-0.7498902962692505,0.20618999004364014
5486829039994165376,294098955,39,4,0.0882740456227325,1.635576959218895,-1.0541669691261963,0.2136709839105606
5486829039994165376,294098955,61,4,0.2583386092497036,1.7954334624467805,-0.5878106827502448,0.2541693150997162
5486829039994165376,294098955,62,4,0.3791023305665005,1.5347724424530338,-0.42124354570002354,0.18604399263858795
5486829039994165376,294098955,63,4,0.1951216010275343,1.7454586448824052,-0.7096946491715148,0.24190956354141235
5486829039994165376,294098955,67,4,0.044115411175093,1.567991173463255,-1.3554096686022317,0.19534361362457275
5810139540794248960,294149159,12,1,0.0427596221907398,1.404076491275478,-1.3689661407224223,0.14739076793193817
5491212311818226816,294157334,62,2,3.064282540517759,1.3440864641211652,0.4863288066950939,0.12842720746994019
5486570929639242624,294204998,63,4,20.01989050301234,1.5170471723146495,1.3014616978152493,0.18099908530712128
5486570929639242624,294204998,64,4,37.97533602527891,1.8716786257245306,1.5795016254124739,0.2722312808036804
5486572269669078144,294271993,62,3,2.4025819638172177,1.442506431880084,0.3806782125013914,0.15911775827407837
5486572269669078144,294271993,64,3,31.598740239939477,1.4622404108904412,1.4996697687656022,0.16501878201961517
5487037191289385600,294276278,61,4,5.020622560834716,1.4883746566388314,0.7007575733145694,0.1727122664451599
5487037191289385600,294276278,67,4,8.340580319777814,1.5673090347791623,0.9211962689721748,0.19515463709831238
5486966341508992256,294325822,61,3,11.571514463169882,1.2989369315906671,1.0633902025087874,0.11358806490898132
5486966341508992256,294325822,66,3,2.516197463475252,1.5631368293150236,0.400744720212264,0.19399699568748474
5486966341508992256,294325822,67,3,6.797891710440609,1.3366630306806868,0.8323742420457056,0.12602193653583527
5228603404155099392,294390041,10,1,0.0544444904477701,1.7614223281880776,-1.2640460624499166,0.24586349725723267
5228603404155099392,294390041,11,1,0.2024520263367053,1.3368638317930244,-0.6936778720324139,0.12608717381954193
4662589219211975296,294754396,1,3,1.1914886157493427,1.2472321450019872,0.07608989717273038,0.09594729542732239
4662589219211975296,294754396,2,3,0.3036296838611583,1.934915937152033,-0.5176557726088299,0.28666210174560547
4662589219211975296,294754396,3,3,0.122445168613002,1.4953717803492632,-0.9120583463996871,0.17474918067455292
4662589219211975296,294754396,4,3,0.2904835443193662,1.2292927206332545,-0.536878465042038,0.0896553099155426
4662589219211975296,294754396,5,3,2.349848352269205,1.2987519872512114,0.37103983593226153,0.11352622509002686
4662589219211975296,294754396,6,3,0.8562398962048899,1.14201235361918,-0.06740454022752063,0.057670801877975464
4662589219211975296,294754396,7,3,1.2100496412026058,1.2060937726005558,0.08280318722400662,0.08138107508420944
4662589219211975296,294754396,8,3,0.4172505101116388,1.3477975568246767,-0.3796031236995618,0.12962466478347778
4662589219211975296,294754396,10,3,0.482190017074539,1.064868016604404,-0.31678178519523154,0.027295783162117004
4662589219211975296,294754396,11,3,0.1740230977502408,1.5681034573438224,-0.7593931048223894,0.19537471234798431
4662589219211975296,294754396,12,3,0.6026052566921929,1.4945167720291348,-0.21996708417534835,0.17450079321861267
4662589219211975296,294754396,13,3,0.6707920013042036,1.565043091618624,-0.17341212467381995,0.1945262998342514
4662589219211975296,294754396,27,3,0.2705999496980268,4.259795491870991,-0.5676722884696279,0.6293887495994568
4662589219211975296,294754396,28,3,0.7886037785555602,1.2387498386573386,-0.10314114635752306,0.09298361092805862
4662589219211975296,294754396,29,3,0.3226470422107623,1.3788995840020248,-0.49127231182892334,0.1395326405763626
4662589219211975296,294754396,30,3,3.9448204551748223,1.4958228969009484,0.5960272414868106,0.17488017678260803
4662589219211975296,294754396,31,3,1.3707831988733017,1.1138434167296662,0.13696877282134653,0.0468241423368454
4662589219211975296,294754396,32,3,21.04107265463566,1.219065626404914,1.3230678759814543,0.08602708578109741
4662589219211975296,294754396,33,3,1.8849199333970912,0.9494688900126268,0.27529290720900484,-0.02251926064491272
4662589219211975296,294754396,34,3,0.2280535662702388,1.4239251988884125,-0.6419631319326874,0.1534871757030487
4662589219211975296,294754396,35,3,0.1939137591269357,1.4168256294047537,-0.7123913745164309,0.15131640434265137
4662589219211975296,294754396,36,3,1.8987157857366137,1.6230700589737768,0.27845996109089904,0.21033726632595062
4662589219211975296,294754396,37,3,1.4876434212327088,1.4329490461123553,0.17249884602906526,0.15623074769973755
4662589219211975296,294754396,38,3,0.0919432109428431,1.3071353666280465,-1.0364803334070258,0.11632056534290314
4662589219211975296,294754396,39,3,1.8992839287467471,1.195218591399127,0.2785898933682146,0.07744733989238739
4662589219211975296,294754396,62,3,0.1910834178981949,1.213199786591779,-0.7187769991185864,0.08393232524394989
4662589219211975296,294754396,63,3,2.707643375834575,1.3873275074345857,0.4325914627803375,0.1421789973974228
4662589219211975296,294754396,64,3,1.9773881596063652,1.2877675577948469,0.29609192931794076,0.10983747988939285
4662589219211975296,294754396,65,3,0.2272424260008384,1.475079522278183,-0.6435105829172523,0.16881543397903442
4662589219211975296,294754396,66,3,3.1067392432945113,1.4851264571612255,0.4923048033191321,0.17176343500614166
5981858685540705152,294993587,12,1,1.1328596900253185,1.3844228538973042,0.05417612378996446,0.1412687599658966
5981858685540705152,294993587,39,1,11.80871843232402,1.5051467205239357,1.0722027673873762,0.17757883667945862
5236792880333011968,295777692,10,3,0.4874903647409835,1.3594332327698415,-0.312033963721703,0.13335788249969482
5236792880333011968,295777692,11,3,0.7604334138855695,1.3423849868858826,-0.118938808235716,0.12787708640098572
5236792880333011968,295777692,64,3,0.131382827104325,1.3900140798563918,-0.8814613971904548,0.1430191993713379
2084478371858053760,295802301,56,4,33.16537760711933,1.5730375057086419,1.520684946357889,0.1967390775680542
6011259699490841856,295911223,12,4,1.0829396113627283,1.6232225995938026,0.03460423946635068,0.21037808060646057
6011259699490841856,295911223,38,4,9.009168618618736,1.5950632980367943,0.9546847153957618,0.2027779221534729
6011288183714670336,296264014,12,3,3.491428814061313,1.4327444802017562,0.5430031917370454,0.15616874396800995
6011288183714670336,296264014,38,3,0.3310202927819268,1.3705168405567747,-0.48014538153222236,0.13688437640666962
6008416877820091520,296700769,12,1,0.3911033637830713,1.1564472266962604,-0.4077084487726357,0.06312581896781921
5236296171620605824,296790810,64,1,5.961181011094432,1.396604329558885,0.7753323093694768,0.14507338404655457
5981630983552995328,297855749,12,0,0.980325243608228,1.4574432997687712,-0.008629814031841059,0.163591668009758
5981630983552995328,297855749,39,0,9.693149130764947,1.531661558006161,0.9864648944839353,0.18516281247138977
5410009942142844032,298801915,9,0,1.505113571591277,1.6893997281717006,0.17756927179327717,0.22773241996765137
5410009942142844032,298801915,35,0,7.820430044024317,1.617707965109598,0.8932306354909906,0.20890012383460999
5410009942142844032,298801915,36,0,1.1632922192799091,1.801247627176637,0.06568882330937903,0.25557342171669006
5410009942142844032,298801915,62,0,1.3880220402266863,1.398372994627402,0.14239636228081987,0.14562302827835083
5410009942142844032,298801915,63,0,4.277773187847028,1.5445037437912232,0.6312177540836175,0.18878896534442902
2132774072206249344,298963920,15,2,0.4425759641443025,1.413802119000309,-0.3540121758650377,0.15038862824440002
2132774072206249344,298963920,26,2,0.3512234254027393,1.6429343874338673,-0.45441652584147924,0.215620219707489
2132774072206249344,298963920,40,2,4.14365413884311,1.7503216069645717,0.6173834987013602,0.24311785399913788
2132774072206249344,298963920,41,2,17.562815023189597,1.6327169653840718,1.244594127233833,0.21291090548038483
2132774072206249344,298963920,53,2,0.0445792215473778,1.644183480485537,-1.3508675195397206,0.21595028042793274
2132774072206249344,298963920,54,2,0.7503281537263109,1.3608899514625377,-0.12474875769672457,0.13382300734519958
2132774072206249344,298963920,55,2,0.7758793293674116,1.3637680184460554,-0.11020581825854438,0.13474050164222717
5282159520330090624,300011941,1,0,0.0477978486791067,1.5771485786671544,-1.3205916499949613,0.1978726089000702
5282159520330090624,300011941,4,0,0.0239032394348167,1.4060163173229254,-1.62154323824309,0.1479903608560562
5282159520330090624,300011941,5,0,0.0198215281176615,1.439001366468901,-1.7028628671319923,0.1580612063407898
5282159520330090624,300011941,6,0,0.1104580467169249,1.578452720143325,-0.9568026408838564,0.19823157787322998
5282159520330090624,300011941,7,0,0.0449715107533357,2.0911121241757415,-1.3470625226874169,0.32037732005119324
5282159520330090624,300011941,8,0,0.019536817412234,1.597596501631214,-1.7091461823203595,0.20346710085868835
5282159520330090624,300011941,10,0,0.0207788453813839,1.5198220323929446,-1.6823785885606175,0.1817927360534668
5282159520330090624,300011941,11,0,0.0410812031783023,2.059690538769406,-1.3863568453560295,0.31380197405815125
5282159520330090624,300011941,12,0,0.0190365976764351,1.6167609857326486,-1.7204106684717793,0.20864582061767578
5282159520330090624,300011941,13,0,0.1048011474836257,1.418415825141696,-0.9796339621702456,0.15180356800556183
5282159520330090624,300011941,27,0,0.0562000996908329,1.6028584406495179,-1.2502629140547783,0.20489516854286194
5282159520330090624,300011941,28,0,0.0223459017800369,1.7106784264159927,-1.6508021144790557,0.23316837847232819
5282159520330090624,300011941,29,0,0.0310508674044801,1.562778976691751,-1.507926263322584,0.1938975602388382
5282159520330090624,300011941,30,0,0.0187204055605185,1.5916431536671345,-1.727684746902007,0.2018457055091858
5282159520330090624,300011941,31,0,0.0237687878218664,1.476069414942465,-1.6239929661766672,0.16910678148269653
5282159520330090624,300011941,32,0,0.0209409842922954,1.3481757052239864,-1.679002908967299,0.12974649667739868
5282159520330090624,300011941,33,0,0.0219210052379034,1.6868587604534002,-1.659139534162835,0.22707872092723846
5282159520330090624,300011941,34,0,0.1538472344818174,1.5818276955793755,-0.8129103061118826,0.199159175157547
5282159520330090624,300011941,36,0,0.0558410840504086,1.611439860575677,-1.2530461592863869,0.2072141021490097
5282159520330090624,300011941,37,0,0.0178160973103466,1.4475867218986265,-1.7491874238797689,0.16064459085464478
5282159520330090624,300011941,38,0,0.0346829179039206,1.527426595902731,-1.4598843720878867,0.18396034836769104
5282159520330090624,300011941,39,0,0.0897419989162979,1.4560829549510652,-1.0470042612053332,0.16318611800670624
5275255721179872128,300651179,4,2,0.0521423293085252,1.33977502460533,-1.2828095718780175,0.12703187763690948
5275255721179872128,300651179,6,2,0.0215273276588253,1.337052184780402,-1.6670098789112406,0.12614835798740387
5275255721179872128,300651179,10,2,0.0188615370908758,1.3587141760077976,-1.7244229180205175,0.1331281065940857
5275255721179872128,300651179,11,2,0.019696851977015,1.371618633848043,-1.7056031788261454,0.13723337650299072
5275255721179872128,300651179,12,2,0.0201957097048833,1.6542979965203697,-1.6947408805232635,0.21861374378204346
5274169506769902848,300866996,1,0,4.74776788517848,1.5709373164093017,0.6764894784690988,0.19615885615348816
5274169506769902848,300866996,2,0,13.14214842497819,1.485936223099384,1.1186663677232382,0.17200016975402832
5274169506769902848,300866996,3,0,11.83129602960988,1.551570309810833,1.0730323209321035,0.1907714605331421
5274169506769902848,300866996,4,0,8.175428862111723,1.421630985700875,0.9125105439088826,0.15278688073158264
5274169506769902848,300866996,5,0,4.11867852585297,1.6409268893941746,0.6147578954046736,0.21508923172950745
5274169506769902848,300866996,6,0,4.934563004644875,1.5917380161018855,0.6932486984292459,0.2018715888261795
5274169506769902848,300866996,7,0,9.88230401837982,2.081850584862206,0.9948582103582754,0.31844955682754517
5274169506769902848,300866996,8,0,10.599326591188277,1.6026458952681921,1.0252782740363569,0.20483757555484772
5274169506769902848,300866996,9,0,4.183984124385636,1.6598655454554494,0.6215900279852227,0.2200729101896286
5274169506769902848,300866996,11,0,0.8429915717765253,1.6891438886327368,-0.07417676742655688,0.22766664624214172
5274169506769902848,300866996,12,0,16.02890711253866,1.3517867685560436,1.2049039121748384,0.13090819120407104
5274169506769902848,300866996,13,0,10.65665067147565,1.6102130463151705,1.0276207296944957,0.20688334107398987
5274169506769902848,300866996,27,0,3.5213164275090425,1.134556882037401,0.5467050527743798,0.0548262745141983
5274169506769902848,300866996,28,0,1.568264970476874,1.6138717077403044,0.19541944195428887,0.2078690081834793
5274169506769902848,300866996,29,0,14.714225662776103,1.5518176117880955,1.1677374122574464,0.1908406764268875
5274169506769902848,300866996,30,0,6.283129598666102,1.5800821094643553,0.7981760177622669,0.19867965579032898
5274169506769902848,300866996,31,0,14.322481572082555,1.628938841672362,1.156018272140152,0.21190477907657623
5274169506769902848,300866996,32,0,24.926535189541507,1.4773028996194308,1.39666191538148,0.16946955025196075
5274169506769902848,300866996,33,0,11.932040786708598,1.6237443757075076,1.0767147292200456,0.21051765978336334
5274169506769902848,300866996,34,0,5.647091500717028,1.6694501640480193,0.7518248247360914,0.22257345914840698
5274169506769902848,300866996,35,0,11.063518419756036,1.5542472576897053,1.0438932632514313,0.1915201097726822
5274169506769902848,300866996,36,0,17.937347632464927,1.4280211553212148,1.2537582250098724,0.15473464131355286
5274169506769902848,300866996,37,0,14.72277865418362,1.5809617133944307,1.167989782847645,0.1989213526248932
5274169506769902848,300866996,38,0,9.31121823046672,1.2794824713001258,0.9690065054880521,0.1070343405008316
5274169506769902848,300866996,39,0,10.924481550499848,1.7481481633383704,1.0384008355646794,0.24257823824882507
5274169506769902848,300866996,61,0,16.17416121175104,2.144048936049932,1.2088217675136212,0.3312346935272217
5274169506769902848,300866996,62,0,22.24458116676119,2.134590584708748,1.3472242330250896,0.32931458950042725
5274169506769902848,300866996,63,0,20.838506205293672,1.6747580916621416,1.3188665836270073,0.22395208477973938
5274169506769902848,300866996,64,0,3.7074815711061264,1.3061773764696591,0.5690790009447059,0.116002157330513
5274169506769902848,300866996,65,0,13.66999765128254,1.5679403336223547,1.1357684399493058,0.19532953202724457
5274169506769902848,300866996,66,0,16.795297474391543,1.723328577704996,1.2251877003683733,0.2363680899143219
5274169506769902848,300866996,67,0,16.848676191255013,1.960248776941232,1.2265657838175392,0.2923111915588379
2448500283527252608,300942493,42,0,0.236720754083681,2.0760319801837044,-0.6257636643823172,0.3172340393066406
2545879114955390976,300943055,42,4,0.1403861304411605,3.5783764150807347,-0.8526757965538454,0.5536860227584839
6010385312871022208,301048970,12,3,0.8881657979715543,1.4999706973848093,-0.05150595491624837,0.1760827749967575
4790875077673493760,301083701,32,0,0.2173070176610787,1.8809132376388045,-0.6629262484504351,0.2743687629699707
455743279049438464,301091083,58,1,26.7486972576707,1.3621728597052718,1.4273026354195957,0.13423222303390503
438419648715329408,301641485,58,4,42.70349727362275,1.4969449405505593,1.6304634437472754,0.17520582675933838
451158727875214848,301737360,58,3,3.0808431916262435,1.2834454419758807,0.4886695942129135,0.10837741196155548
5804652977768972416,301953943,66,4,0.2139225889626875,1.4621466940717256,-0.669743354073278,0.16499094665050507
5220674555226952960,302041011,12,2,0.0298609300071742,1.6169307974906408,-1.5248966704658422,0.20869143307209015
438223592047536640,302160226,58,3,43.24364437000085,1.256068081031883,1.6359222871102972,0.09901317954063416
683040919806533760,302303144,46,1,0.5049907573247802,1.38670031751541,-0.2967165705537735,0.14198261499404907
438625910224539392,302313499,58,0,0.3506556054895879,1.5598967310753091,-0.45511921419072787,0.1930958479642868
1115041920280912000,302363165,60,1,0.0928937193557481,1.2799176218622452,-1.0320136481306743,0.10718201845884323
439076606913564672,302394696,58,1,2.293409113451933,1.4604779057225967,0.36048153395637644,0.16449499130249023
68618978798306432,302540611,42,1,0.6848855510700813,12.726920589629664,-0.16438199594037967,1.104723334312439
68618978798306432,302540611,43,1,4.640099537759769,1.366254918454005,0.666527296985084,0.1355317384004593
68618978798306432,302540611,44,1,2.0564587130086767,1.4279367847945645,0.3131199947143891,0.15470898151397705
69436328253987328,302541052,43,3,0.0724362274030379,1.3597446622730436,-1.1400441765345126,0.13345736265182495
70954307135798912,302541151,42,3,26.744288375430035,1.2706285844962029,1.4272310464734879,0.10401862114667892
70954307135798912,302541151,43,3,29.34074972395534,1.502237108174391,1.467471206876616,0.17673848569393158
70954307135798912,302541151,44,3,40.64175758255989,1.1962463588655716,1.6089724810647923,0.07782062888145447
71262410909499264,302541645,42,2,4.27067479393473,1.3259158934470165,0.6304965017529945,0.1225159764289856
71262410909499264,302541645,43,2,1.252925112159739,1.5310150807244598,0.09792511381319602,0.18497946858406067
71262410909499264,302541645,44,2,6.744891152171149,1.6035916497564,0.828974945498973,0.20509378612041473
70313016978627584,302544817,44,1,0.1864081691119871,1.4576619951085075,-0.7295350591359114,0.1636568307876587
70153484713977472,302545091,42,4,29.52314831286938,1.4866063070879243,1.4701626682594235,0.17219597101211548
70153484713977472,302545091,44,4,8.934056456203292,1.495545929799425,0.9510486925437098,0.17479975521564484
70143314231433600,302545141,42,1,3.081935813552132,1.414466075234314,0.4888235895704601,0.15059253573417664
70129050643128832,302545236,42,1,0.6508365215379501,1.3904462936697972,-0.18652808471893262,0.14315421879291534
70129050643128832,302545236,43,1,7.453758541690266,1.5743154525588134,0.8723753200370856,0.19709175825119019
70129050643128832,302545236,44,1,2.7037720105296397,1.5123897235807242,0.4319700679118386,0.17966371774673462
70098612211973248,302545345,43,4,2.980244151251493,1.4796702016116299,0.4742518443439898,0.17016492784023285
70098612211973248,302545345,44,4,78.91917522789856,1.6604564133281337,1.8971825378593705,0.22022747993469238
69904410970171392,302545441,42,4,10.31859495136438,1.5483163085744296,1.0136205648869145,0.18985968828201294
69904410970171392,302545441,43,4,16.622868885422594,1.5783313012462803,1.2207059793509594,0.19819816946983337
69904410970171392,302545441,44,4,4.142400279388488,1.8603206840236612,0.6172520623822401,0.26958781480789185
69904617128601984,302545442,42,1,32.902085809846746,1.6957097045272467,1.5172234306853245,0.22935150563716888
69904617128601984,302545442,43,1,11.242036025232096,1.651608014750641,1.0508449726607476,0.21790698170661926
69904101732529408,302545449,42,1,0.2032523717180896,1.3882261693998932,-0.6919643779943158,0.14246022701263428
69904101732529408,302545449,43,1,0.4025922592703755,1.4667583701511193,-0.3951345796422978,0.1663585752248764
69904101732529408,302545449,44,1,0.3880251202311856,1.5465934284309948,-0.4111401578474303,0.18937616050243378
69896473870624640,302545513,42,4,0.4723505372238286,1.4572939876612248,-0.3257355863663932,0.16354717314243317
69896473870624640,302545513,43,4,0.4188635039137439,1.5312479156057879,-0.37792747859645315,0.1850455105304718
69896473870624640,302545513,44,4,2.3650260747934464,1.5923742920979316,0.37383593326684733,0.20204515755176544
69876506565909632,302545647,43,4,0.0864849524553617,1.5640469258454233,-1.0630594489986391,0.19424977898597717
69876506565909632,302545647,44,4,0.0238195127292328,1.5347423739610195,-1.6230671270333377,0.18603548407554626
68327402058399232,302545702,43,1,19.170091393062663,1.4539557671287107,1.2826241833740555,0.16255119442939758
68327402058399232,302545702,44,1,3.4431046903424636,0.5889693517453339,0.536950227975313,-0.2299073040485382
68323966084583680,302545769,42,0,0.8410090065966025,1.567949156502984,-0.07519935319821104,0.19533197581768036
68323966084583680,302545769,43,0,14.508767490711037,1.5581067549933054,1.161630521003006,0.19259721040725708
68323966084583680,302545769,44,0,41.31510718714966,1.5765386171363596,1.616108883819493,0.19770461320877075
68317746971945600,302545798,42,2,1.8507144157644833,1.630768057101474,0.2673394078255774,0.212392196059227
68317746971945600,302545798,43,2,21.928900790024443,1.3904344621685645,1.3410168627403931,0.14315052330493927
68317746971945600,302545798,44,2,14.564847485950404,1.6764564076026152,1.1633059413250357,0.22439226508140564
68314414077327744,302545818,42,0,26.87295432985455,1.4014924718869415,1.4293154140559348,0.14659076929092407
68314414077327744,302545818,43,0,40.3995781570173,1.5517694793154115,1.6063768303324837,0.19082720577716827
68314414077327744,302545818,44,0,26.966278375618344,1.6687828040237191,1.430821013473312,0.22239981591701508
68297921403225984,302545922,43,0,23.239197448915625,1.3072912723422272,1.3662211258901655,0.11637236177921295
68297921403225984,302545922,44,0,3.084525798822023,1.4446016520836182,0.4891884070128683,0.1597481071949005
68294554148575232,302545959,42,3,0.1533938343762375,1.2070314301584129,-0.8141920963856785,0.0817185789346695
68294554148575232,302545959,43,3,4.72141869843353,1.3343462785344298,0.6740725156518123,0.12526854872703552
68294554148575232,302545959,44,3,5.691228543008931,1.3727635148824255,0.7552060259482891,0.13759572803974152
5221973868734158976,302959739,10,0,29.507526152201734,1.6249952152291387,1.469932800706893,0.21085208654403687
5221973868734158976,302959739,11,0,1.3935248480163276,1.5475364237567977,0.14411471704657175,0.18964087963104248
5221973868734158976,302959739,12,0,6.974826367570285,1.557407701984799,0.843533400684746,0.19240231812000275
5221973868734158976,302959739,36,0,117.33064758185438,1.563480601567974,2.0694114676755415,0.1940924972295761
5221973868734158976,302959739,37,0,19.810036662035664,1.5650164036949397,1.296885279279337,0.19451889395713806
5221973868734158976,302959739,38,0,17.251528592190432,1.5017216580856072,1.2368275822928583,0.17658944427967072
5221973868734158976,302959739,39,0,83.69229011320898,1.622042078626362,1.9226854518342005,0.21006211638450623
5222203804103923968,303095596,36,0,0.2147814293999539,1.6090319389529253,-0.6680032716586156,0.20656466484069824
5222203804103923968,303095596,37,0,0.2217925734032051,2.067117366648362,-0.6540530000444147,0.31536513566970825
5222203804103923968,303095596,38,0,0.5326028734824094,1.5123578622936487,-0.2735964947987151,0.1796545684337616
5997561193360156160,303188775,12,1,0.1619856776144869,1.5049949999279755,-0.7905233830374465,0.1775350570678711
5219070981938857216,303216993,10,1,0.0799544106903177,0.7353045735657288,-1.0971575733732815,-0.13353273272514343
5219070981938857216,303216993,12,1,0.024085370181325,1.4714290190975243,-1.6182466743870692,0.16773931682109833
5332922112460126976,304417560,10,3,0.0491816229649203,1.6780379512233445,-1.3081971438958102,0.22480177879333496
5332922112460126976,304417560,11,3,0.2133036064528123,1.695261589183813,-0.6710018016095742,0.22923672199249268
5332514197981975808,304531034,10,2,2.1076133677149347,1.5139265038857763,0.3237909444587411,0.1801047921180725
5332514197981975808,304531034,11,2,0.0333484033099217,1.337935219422686,-1.476924954859592,0.1264350861310959
5273994409542400896,306508340,61,3,1.1796458944034427,1.4249217329078105,0.07175166053832004,0.15379101037979126
5273994409542400896,306508340,62,3,2.5745086897463976,1.621878240946518,0.4106943620411096,0.21001824736595154
5273994409542400896,306508340,64,3,13.491495798975134,1.2332157467904898,1.1300601024686536,0.09103906154632568
5273994409542400896,306508340,65,3,13.75524443611163,1.5292958681710653,1.1384683123782815,0.18449151515960693
5273994409542400896,306508340,67,3,2.646620085576902,1.7162041136311317,0.42269160409725615,0.23456893861293793
5270586438892438528,306738947,61,3,8.284513727915932,1.2169714255886883,0.9182670219309002,0.08528038114309311
5270586438892438528,306738947,63,3,0.8709009821671013,1.341803389908269,-0.06003121966853766,0.12768888473510742
5270586438892438528,306738947,64,3,5.898382163330882,1.6883464790134364,0.7707329075933524,0.227461576461792
5270586438892438528,306738947,65,3,24.600134006992015,1.325320832228879,1.3909374728895032,0.12232102453708649
5270586438892438528,306738947,66,3,1.003052347455055,1.7270756583917106,0.0013235986411892502,0.23731136322021484
5221210807662502144,306822067,62,0,1.122793168296204,1.428299535019282,0.05029976147906796,0.1548192948102951
5221210807662502144,306822067,63,0,0.4073820988516093,1.0291381732175273,-0.3899980586465411,0.012473687529563904
5221210807662502144,306822067,64,0,0.9038969471524192,1.3588140377948885,-0.04388108040319393,0.13316002488136292
5221210807662502144,306822067,65,0,8.777137453214332,1.5189570571799424,0.9433528996218382,0.18154549598693848
5221210807662502144,306822067,66,0,0.7593264043009097,1.7046155116477673,-0.11957149799801611,0.23162643611431122
5271426397057175936,306927574,5,4,24.656476755184674,1.548108552291375,1.391931018930482,0.1898014098405838
5271426397057175936,306927574,9,4,7.62661333034462,1.5770278011851744,0.882331728196165,0.19783934950828552
5271426397057175936,306927574,10,4,38.59149958575127,1.5025636720237503,1.5864916546834311,0.1768328845500946
5271426397057175936,306927574,12,4,12.65842260589195,1.3418970822862395,1.1023795906546252,0.1277192085981369
5271426397057175936,306927574,28,4,14.926526403764168,1.2911343069867416,1.1739587535257534,0.11097142100334167
5271426397057175936,306927574,29,4,1.2308101660219266,1.6639180035175547,0.09019107469679902,0.22113192081451416
5271426397057175936,306927574,31,4,2.6484176342019916,1.9481113802182959,0.4229864709216803,0.2896137833595276
5271426397057175936,306927574,36,4,29.00620451614909,1.5384321839192445,1.4624909047581165,0.1870783567428589
5271426397057175936,306927574,37,4,6.170055291560289,1.5672576255362645,0.7902890558828262,0.19514039158821106
5271426397057175936,306927574,38,4,2.193116969996037,1.7367797733156474,0.3410617954117264,0.23974475264549255
5271426397057175936,306927574,39,4,7.542069825645342,1.5313471648810428,0.8774905488534903,0.18507365882396698
5335220267909593216,307257778,11,2,0.0311615211182849,1.3511842691414242,-1.5063813508340815,0.13071458041667938
5276004248080596992,307285548,63,4,3.044547434051515,1.9225601479695342,0.48352274475163504,0.28387993574142456
5276004248080596992,307285548,65,4,5.3449103632039705,1.785464110368235,0.7279404262721464,0.2517511248588562
5332306630778119552,307544124,11,0,0.0509132248184206,1.462479947869264,-1.2931693940942641,0.1650899201631546
5270025516164009728,307573001,63,2,32.03814554537323,1.8603597482833314,1.505667369998977,0.2695969343185425
5270025516164009728,307573001,64,2,5.770315356349414,1.3662611532201963,0.7611995486461732,0.13553372025489807
5270025516164009728,307573001,65,2,6.838993661612271,1.5547551839295124,0.834992201228557,0.1916620135307312
4654653661534633088,30760081,4,1,6.4147326138451,1.415368233277781,0.8071785583334274,0.1508694440126419
4654653661534633088,30760081,5,1,3.42088064085896,1.397044488459658,0.5341379213289855,0.14521023631095886
4654653661534633088,30760081,6,1,6.611749806688431,1.4046284987151663,0.8203164111984967,0.1475614756345749
4654653661534633088,30760081,9,1,1.748021435107309,1.5807215904319625,0.2425467538657448,0.19885538518428802
4654653661534633088,30760081,11,1,5.116612164690199,1.382374077161835,0.7089824990283251,0.14062558114528656
4654653661534633088,30760081,12,1,1.6078324541727445,1.3469114791147725,0.2062407906690576,0.1293390542268753
4654653661534633088,30760081,13,1,1.2065758048429769,1.416440083748382,0.08155461227117078,0.15119820833206177
4654653661534633088,30760081,28,1,10.800940746640237,1.5294963242084794,1.033461583568585,0.18454843759536743
4654653661534633088,30760081,29,1,1.9303265172478703,1.3510327243735885,0.2856307766995355,0.1306658685207367
4654653661534633088,30760081,30,1,0.8165785581053417,1.3616807998399596,-0.0880020280608175,0.1340753138065338
4654653661534633088,30760081,32,1,0.769474338097327,1.6956272628915485,-0.11380585927443021,0.2293303906917572
4654653661534633088,30760081,33,1,0.8381571346467873,1.5842224101418163,-0.07667455378897362,0.19981615245342255
4654653661534633088,30760081,34,1,5.252944153820486,1.456080806675174,0.7204027836668963,0.1631854772567749
4654653661534633088,30760081,37,1,0.4586544051904644,1.4284489151270718,-0.3385144309131206,0.15486471354961395
4654653661534633088,30760081,39,1,9.174469849852676,1.55231403837483,0.9625809777812687,0.19097958505153656
6006995587234176000,307610438,11,0,0.3742867533380729,1.6424129817290145,-0.42679554305384126,0.21548236906528473
6006995587234176000,307610438,38,0,0.1526989287958842,1.2905057050953757,-0.8161640095687803,0.1107599288225174
5221476752038447104,307784471,10,1,0.0210534901369437,1.5128882792667289,-1.6766758988034915,0.17980685830116272
5221476752038447104,307784471,11,1,0.0183677577718158,1.5984975925928344,-1.7359438565827203,0.20371198654174805
5223338912419663360,308085979,9,1,0.9427146206006272,1.4853755532179858,-0.025619757374993717,0.1718362718820572
5223338912419663360,308085979,10,1,8.064938468916514,1.5770532329506892,0.906601058307502,0.19784635305404663
5223338912419663360,308085979,11,1,7.3332805654944915,1.4262003596668893,0.8652983010756782,0.15418054163455963
5223338912419663360,308085979,12,1,1.6773554241848567,1.3490672434188242,0.22462509743440653,0.13003359735012054
5223338912419663360,308085979,29,1,11.4306448214709,1.4622937940333203,1.0580707303522066,0.16503463685512543
5223338912419663360,308085979,36,1,9.58297170588686,1.4817346488258096,0.9815002058780447,0.17077043652534485
5223338912419663360,308085979,37,1,4.311683583774919,1.3389408960146254,0.6346468823125713,0.12676140666007996
5223338912419663360,308085979,39,1,16.80464614123586,1.429044140192752,1.2254293718768052,0.15504564344882965
5223338912419663360,308085979,62,1,15.67953878738592,3.7069955052064008,1.1953332837923492,0.5690220594406128
5223338912419663360,308085979,63,1,8.810701125206732,1.4994588546000915,0.9450104694441435,0.1759345531463623
5223338912419663360,308085979,64,1,2.049174719228299,1.9695058267606729,0.3115789893244607,0.2943572700023651
5223338912419663360,308085979,65,1,0.8649062948030324,1.5447236835699387,-0.06303094207784685,0.18885080516338348
5221537843653900544,308186412,9,2,36.71542559709161,1.551977194393185,1.5648485668185745,0.19088533520698547
5221537843653900544,308186412,10,2,26.58538816837494,1.3867502767226874,1.424643005750539,0.1419982612133026
5221537843653900544,308186412,11,2,6.673617603138097,1.7907406173134688,0.8243613180507338,0.2530326843261719
5221537843653900544,308186412,29,2,14.545735720572582,1.8036864143071243,1.1627356926717094,0.25616103410720825
5221537843653900544,308186412,36,2,57.89052089977081,1.6864455033265795,1.762607457372613,0.2269723117351532
5221537843653900544,308186412,37,2,21.765735932686663,1.3946549981144702,1.3377733558996443,0.14446678757667542
5221537843653900544,308186412,38,2,49.33238279799615,1.5119401990331924,1.6931320927787652,0.17953461408615112
5221537843653900544,308186412,39,2,57.39514814694559,1.3609897396772728,1.7588751812121124,0.13385485112667084
5221537843653900544,308186412,63,2,9.45875928948711,1.4031531254445448,0.9758341734982625,0.14710506796836853
5221537843653900544,308186412,64,2,24.15801119076145,1.3675835193186108,1.3830611781100983,0.1359538584947586
5221537843653900544,308186412,65,2,21.12470458728636,1.4164210813747111,1.3247906443905595,0.15119238197803497
4853515084038073344,308245136,4,0,38.13700577594347,1.4498766562341758,1.5813465925895958,0.16133105754852295
4853515084038073344,308245136,30,0,19.964047147595817,1.629299656952781,1.3002485868360663,0.21200096607208252
4853515084038073344,308245136,31,0,2.216152313949579,1.901123088614008,0.3455996057109886,0.27901023626327515
5290758899551803520,308307546,8,0,0.058360921361708,1.770664324871172,-1.233877860384703,0.2481362372636795
5277462269217606400,308542808,7,4,0.921545383522901,1.6470866738206889,-0.035483272134293385,0.2167164534330368
5277462269217606400,308542808,8,4,4.483161412541717,1.3393786901581757,0.6515843755631386,0.12690338492393494
5277462269217606400,308542808,9,4,4.4619444602516145,1.6360977104218404,0.6495241601306138,0.21380923688411713
5277462269217606400,308542808,10,4,4.871877632311442,1.6653696614840419,0.687696371521513,0.221510648727417
5277462269217606400,308542808,28,4,6.867068131288692,1.76206815010964,0.8367713562475533,0.24602270126342773
5277462269217606400,308542808,31,4,8.524390612818229,1.5402881301434486,0.9306633421572197,0.1876019686460495
5277462269217606400,308542808,37,4,1.9963111153751696,1.569914074914469,0.3002282249080471,0.195875883102417
5277462269217606400,308542808,38,4,8.261885758004425,1.365106332047904,0.9170791854346482,0.1351664811372757
5277462269217606400,308542808,61,4,1.5539647234864564,1.3954377938208973,0.1914411556688431,0.1447104811668396
5277462269217606400,308542808,62,4,2.5581288275879808,1.5739744284402197,0.4079224118008651,0.19699767231941223
5277462269217606400,308542808,63,4,9.737244082019537,1.4007075773188624,0.9884360565366123,0.14634747803211212
5277462269217606400,308542808,64,4,2.488657683650018,1.5357088098503804,0.39596516325144204,0.1863088756799698
5289742199192372096,308667775,8,2,0.5533672424508438,1.6317263760277145,-0.2569865532614022,0.21264733374118805
5289742199192372096,308667775,9,2,5.621409006834262,1.364932432053476,0.7498451851771176,0.13511115312576294
5277096097486882560,308749877,5,3,8.89805123379444,1.4304719353864979,0.9492949020290355,0.1554793417453766
5277096097486882560,308749877,8,3,11.07115487904584,1.2175130971686838,1.0441929263381777,0.08547364175319672
5277096097486882560,308749877,9,3,2.5150586407406257,1.648570312549051,0.4005481154568248,0.21710747480392456
5277096097486882560,308749877,10,3,38.158663305668966,1.6351679619298118,1.5815931530042902,0.21356236934661865
5277096097486882560,308749877,28,3,32.691896222176005,1.3016352297181784,1.5144401116156652,0.11448929458856583
5277096097486882560,308749877,31,3,81.61932266100492,1.3156107775004438,1.9117929863474636,0.11912742257118225
5277096097486882560,308749877,36,3,2.387208759137819,1.5189919761231778,0.37789039930725393,0.18155547976493835
5277096097486882560,308749877,37,3,15.457359966031763,1.1837036646727062,1.1891353207536293,0.07324299216270447
5277096097486882560,308749877,38,3,2.2588387826511056,1.329711286136545,0.35388523565541,0.12375735491514206
5277096097486882560,308749877,61,3,4.578796501831826,1.4470042284944442,0.6607513423494036,0.16046980023384094
5277096097486882560,308749877,62,3,1.3921322933958655,1.225156732213693,0.14368050794825651,0.08819165080785751
5277096097486882560,308749877,64,3,11.740562449940787,1.618803348062524,1.0696889029639378,0.2091940939426422
5277096097486882560,308749877,65,3,86.5271860198209,1.5307775541875093,1.9371525801054654,0.1849120855331421
6053316942666110720,308903145,11,0,2.505319539364588,1.5723301354817587,0.3988631255455733,0.19654373824596405
6053316942666110720,308903145,37,0,8.028609127985208,1.6048680977547058,0.9046403148477321,0.20543934404850006
6053316942666110720,308903145,38,0,1.1158058314359367,2.092460714084216,0.04758862679457893,0.32065731287002563
5276268264011703296,308920046,65,2,0.1448228827972218,1.3605227079387425,-0.8391628118446466,0.13370579481124878
5276491847127422208,309252516,9,3,5.841687512968786,1.4323636455727036,0.7665383217195174,0.15605328977108002
5276491847127422208,309252516,10,3,5.596003184465419,1.4472923174142036,0.7478779529597768,0.16055625677108765
5276491847127422208,309252516,28,3,1.2548672319861172,1.1078544157595185,0.09859777883219534,0.04448269307613373
5276491847127422208,309252516,31,3,0.7107676362567187,1.1985802142736028,-0.14827235536745595,0.07866710424423218
5276491847127422208,309252516,35,3,1.0926920891032204,1.4005075180515387,0.03849779887309142,0.14628544449806213
5276491847127422208,309252516,36,3,1.4679748030331905,1.513740449681878,0.16671860122204088,0.18005141615867615
5276491847127422208,309252516,37,3,19.62904866501501,1.3543526086391176,1.2928992517372304,0.13173174858093262
5276491847127422208,309252516,61,3,11.395609291458095,1.4001491840167255,1.056737550652328,0.14617431163787842
5276491847127422208,309252516,64,3,15.429433813280772,1.2864716503530578,1.1883499898169163,0.10940022021532059
6054526444144689792,309371306,37,2,4.674169701218212,1.8905776507078307,0.6697044759134476,0.27659451961517334
6054526444144689792,309371306,38,2,1.1689897003299152,1.348462809928207,0.06781068472078895,0.1298389732837677
5276446767151154048,309403283,8,0,1.931825089733655,1.845901908708905,0.28596780220251866,0.26620861887931824
5276446767151154048,309403283,9,0,0.1359190488225462,1.742542524329869,-0.8667196733721253,0.24118338525295258
5901055271097855360,309456404,11,3,0.1114934072008661,1.688344103918744,-0.9527508124448426,0.22746096551418304
5276180822776055424,309475657,63,0,0.0803289877773567,1.5454430788143307,-1.0951277055310327,0.189053013920784
5276180822776055424,309475657,64,0,0.0414922726057038,1.678700718292976,-1.3820327774369494,0.22497327625751495
5276180822776055424,309475657,65,0,0.1390074421465487,1.4551354733043405,-0.8569619479713809,0.16290342807769775
5202135964549093248,309582191,11,4,0.1450388453716737,1.4075876196070494,-0.8385156662395384,0.14847543835639954
5202135964549093248,309582191,38,4,3.025948592843437,1.2391875691953762,0.48086154561906846,0.09313704818487167
5202135964549093248,309582191,39,4,0.6199553360721559,1.6060783305068902,-0.20763959759225156,0.2057667225599289
5202135964549093248,309582191,64,4,0.5378680034532818,1.5492411648348898,-0.2693242901427503,0.19011902809143066
5202135964549093248,309582191,66,4,0.1993650981551706,1.6162950797097393,-0.7003508691202984,0.20852065086364746
2954995674982867968,30959945,5,3,3.177525333953878,1.00710026175536,0.502089021807482,0.00307270884513855
2954995674982867968,30959945,32,3,0.298602368667949,1.421260029756035,-0.5249067515495748,0.15267354249954224
1028250599848535936,309706836,60,1,0.0218326567919186,1.4304897519718527,-1.660893412258666,0.15548475086688995
5276844309323980800,309714906,1,3,0.0951671961052372,1.3828518363141797,-1.021512726043819,0.1407756507396698
5276844309323980800,309714906,9,3,0.2816622052763712,1.5062583930503446,-0.5502714247257044,0.17789947986602783
5276844309323980800,309714906,10,3,0.4423596245595204,1.7564932679264134,-0.35422451920608805,0.24464648962020874
5276844309323980800,309714906,11,3,0.1436555098189948,1.4674277106754083,-0.8426777122540292,0.166556715965271
5276844309323980800,309714906,35,3,0.1249334246976515,1.407919935367773,-0.9033213549024967,0.1485779583454132
5276844309323980800,309714906,36,3,0.1784913020454117,1.45231187435912,-0.7483829423849475,0.16205988824367523
5276844309323980800,309714906,37,3,0.3076850720278639,1.3257620652408189,-0.511893573928666,0.1224655881524086
5276844309323980800,309714906,38,3,0.4360489551875038,1.3661010740640633,-0.3604647497812648,0.13548283278942108
5276844309323980800,309714906,61,3,0.0677305472184863,1.4115655767582573,-1.169215415564332,0.1497010588645935
5276844309323980800,309714906,62,3,0.1908946591945868,1.2068282046936485,-0.7192062220241777,0.08164545148611069
5276844309323980800,309714906,64,3,0.3545830203414118,1.379587052207848,-0.45028206498041246,0.13974910974502563
6053028978057952256,309817108,11,1,1.4638579524803772,1.4474635991083373,0.16549893638975455,0.16060765087604523
5780960117099482112,309894407,13,4,0.0309791096330591,1.7556693651025628,-1.5089310684039927,0.24444273114204407
5860783355676896512,310553064,11,3,0.3381199762405966,1.2614895875182568,-0.4709291702138897,0.10088367015123367
5860783355676896512,310553064,37,3,0.9007837145184806,1.3192456916525785,-0.04537947413426217,0.12032568454742432
5860783355676896512,310553064,38,3,2.9505729636710054,1.6699663440595953,0.46990635862182245,0.22270771861076355
6053706655144658688,310720311,64,0,13.861811790898988,1.528575440439507,1.1418199979067674,0.18428687751293182
5802267930890380672,310735022,66,3,1.9375543388590353,1.4804293457703226,0.28725389117097244,0.17038768529891968
5802676468179636992,310958369,12,0,0.036251730901838,1.5661218901042417,-1.4406712524537997,0.19482555985450745
5802676468179636992,310958369,13,0,0.0253216786340376,1.6222005895228497,-1.5965075072907469,0.2101045548915863
5777796100589331072,310962240,12,2,0.0558501550075795,1.3353379405959416,-1.2529756171975572,0.1255911886692047
6058292889962189952,311051982,11,1,0.3617294987511812,1.4160013445946313,-0.44161607342672,0.15106366574764252
6058292889962189952,311051982,37,1,0.0434573247908492,1.636547649885961,-1.3619370121234593,0.21392865478992462
6058292889962189952,311051982,38,1,0.1626709781066685,1.4829090114375827,-0.7886899220010415,0.1711145043373108
5859214936650280960,311377842,38,4,0.1622563813986081,1.5621791286109956,-0.7897982137774967,0.19373083114624023
5860326027522215296,311504442,11,0,0.2350438656506506,1.5323402743959176,-0.6288510788677185,0.18535521626472473
6053499603394694400,311587909,11,3,0.0414324275225802,1.1413795538228066,-1.3826596206776613,0.05743008852005005
6054609629050407680,311757828,11,0,0.1590254241989001,1.5274022264577487,-0.7985334372732296,0.1839534193277359
423737148403508864,312471001,58,2,2.430080631497841,1.3519974957469694,0.385620683982517,0.1309758871793747
6090846749152290944,312617534,11,1,0.6461822520399801,1.4490616813483963,-0.1896449744318876,0.16108687222003937
6090846749152290944,312617534,38,1,0.380161677867266,1.514524192772699,-0.4200316642449179,0.18027621507644653
6090846710488713344,312617539,11,2,0.5658636940199419,1.663345365070002,-0.24728816963175415,0.22098243236541748
6090846710488713344,312617539,38,2,0.2195577068390076,1.3573337402057684,-0.6584513138367059,0.13268664479255676
5854812388999707008,312803013,11,0,0.6436154763035866,1.4100493889527677,-0.19137352145237754,0.1492343246936798
5854812388999707008,312803013,12,0,2.208278019483634,1.3870934737483822,0.34405374963987395,0.14210572838783264
5854812388999707008,312803013,38,0,0.0617236326288349,2.1361400336410887,-1.2095485222681142,0.32962971925735474
2906679938602481408,31281820,5,3,1.088792488644749,1.1901412911806635,0.03694511609738199,0.07559852302074432
2906679938602481408,31281820,6,3,16.061926855434944,1.3284848180085018,1.2057976438372109,0.12335659563541412
2906668221931697024,31281821,6,0,28.33329030628982,1.744620104201214,1.4522970114738623,0.24170087277889252
2905813763957931136,31353324,5,0,13.36170134019508,1.5547464886368292,1.1258617602065737,0.1916595846414566
2905813763957931136,31353324,6,0,27.936522806278543,1.5703558351624807,1.4461723495225165,0.19599807262420654
2905813763957931136,31353324,32,0,13.283270509398804,1.5686411002421605,1.1233050169984697,0.19552358984947205
2905869735971665664,31373667,5,4,25.974620698406454,1.5677139146056023,1.4145492143700507,0.19526681303977966
2905869735971665664,31373667,6,4,43.542475430730306,1.586461959865926,1.638913115457181,0.20042966306209564
2905869735971665664,31373667,32,4,2.107211143004593,1.5600753974610118,0.32370805418785437,0.19314558804035187
5855198832989286400,313857039,11,2,2.4825368715840654,1.528049327792604,0.3948957075225372,0.18413737416267395
5855198832989286400,313857039,64,2,7.2235610313226735,1.361301058678448,0.8587513464601106,0.13395418226718903
5855198832989286400,313857039,65,2,0.1746712856492495,1.6197419091536196,-0.7577784831627049,0.20944581925868988
2332987344259403008,313890640,29,3,14.15956314359095,1.3801573707910215,1.15104985453634,0.13992860913276672
2320863922893254656,313890987,29,0,9.567277859320724,1.7152676853742603,0.9807883872183328,0.2343319058418274
2320860074602561408,313891046,2,4,1.7814527728489322,1.6035906043550732,0.25077431348862084,0.20509350299835205
2332934533341535744,313891339,29,0,45.81513627968584,1.7504376983279317,1.6610089827361842,0.24314665794372559
2332909347653323136,313934016,2,4,0.2330778240213054,1.6109042407142296,-0.6324990450694071,0.20706972479820251
2320887936054365696,313934071,29,3,6.369916209351149,1.0850772321869593,0.8041337196107401,0.03546065092086792
2320886222363524992,313934081,29,2,0.1708689039772841,1.4557096521705892,-0.7673369663012413,0.16307476162910461
2320872650266808192,313934111,2,4,0.6644629444934513,1.5675327061225859,-0.1775292336087495,0.1952166110277176
2320847533296914560,313934132,2,0,4.995891741863413,1.49347089983013,0.6986130188892994,0.1741967648267746
2320847533296914560,313934132,29,0,1.2766443699003296,1.5156764899696906,0.10606993430341623,0.18060651421546936
2320867633745079168,313934154,29,1,2.0535424522617,1.4814997354327533,0.3125036853208766,0.17070157825946808
2320868389659322368,313934158,29,2,1.5901579775961705,1.3303897965051992,0.20144027236455556,0.12397890537977219
2320870863560481664,313934186,2,3,0.5838529800938443,1.4204587521145529,-0.23369649873061152,0.15242862701416016
2320870863560481664,313934186,29,3,0.2859718548514325,1.3929465706976885,-0.5436767077247994,0.1439344584941864
2320873749778503552,313934190,2,3,0.17946310550178,1.289487561965179,-0.7460248213135723,0.11041715741157532
2320873749778503552,313934190,29,3,0.1526954604492018,1.4058745891905877,-0.8161738740841651,0.1479465812444687
2320874054720005248,313934195,2,4,5.530590976223718,1.6541327169329947,0.7427715407079015,0.21857035160064697
2320874054720005248,313934195,29,4,1.042884143504454,1.515991410937311,0.0182360642928222,0.1806967407464981
2320875467765417984,313934213,29,0,12.17749182392692,1.7933485343116937,1.085557846654843,0.25366470217704773
2320881377640416640,313934217,2,0,10.728997024040952,1.4776881281236411,1.0305591248285988,0.1695827841758728
2320881377640416640,313934217,29,0,21.126493854753143,1.4099651126842971,1.3248274276779735,0.14920836687088013
2333005344467248768,313934283,2,4,0.049698302359935,1.5681455322438957,-1.3036584460414087,0.1953863650560379
2333005344467248768,313934283,29,4,0.0845934030370269,1.59948963213044,-1.072663503820636,0.2039814293384552
2336552648151249280,313935081,29,1,0.0172144661653186,1.4637229184549332,-1.76410644057773,0.16545887291431427
5860509641630862848,314624925,11,1,0.0600351904762071,2.3288658120331913,-1.2215941071234424,0.36714446544647217
5869895042887586176,315806959,11,3,0.2506929003313346,1.244134480033157,-0.6008579651665732,0.09486732631921768
917794104103040896,316213221,47,2,0.0576935089020269,1.7996561629849943,-1.2388730465775588,0.25518953800201416
5864956895605575552,316284824,11,4,0.3855726755631066,1.6116772951376064,-0.4138937508911959,0.2072780877351761
5863824329964744192,316295827,11,2,11.678800217131602,1.7717712976302247,1.0673982292624296,0.24840766191482544
5863807042641766400,316430346,11,2,0.1425874844204679,1.54193123951016,-0.8459185928969801,0.18806500732898712
5863807042641766400,316430346,38,2,1.5544882011112502,1.5179366841714954,0.1915874300062782,0.18125365674495697
5237584116368377088,316802745,64,3,4.493431505878785,1.5863154863478122,0.6525781260543434,0.200389564037323
5869164726649009280,316895281,11,4,1.0934816207297258,1.5898129848329132,0.038811487800960755,0.2013460397720337
5869164726649009280,316895281,38,4,0.3421356317457438,1.743916711517641,-0.46580169382217607,0.24152573943138123
2986264067687780736,316918406,5,1,0.44826225180804,1.5003719268089928,-0.3484678315596229,0.17619892954826355
2970964397748737280,317024482,32,4,0.2561750994934532,1.5735097305535897,-0.5914630864498287,0.19686943292617798
4615260912983205376,317350326,12,2,18.39285745386387,1.3424519120319722,1.264649205042502,0.12789873778820038
4615260912983205376,317350326,13,2,4.555578113529288,1.5150590603479583,0.658543497792931,0.18042956292629242
4615260912983205376,317350326,39,2,1.781395752008822,1.3889399232343502,0.25076041234404917,0.1426834613084793
472903391382457600,317966665,59,0,0.0990795302678146,1.533898432225057,-1.0040160610545057,0.1857966035604477
6022499010422921088,318035342,12,3,3.386726404265589,1.3344860613877532,0.529780113704842,0.12531404197216034
6022499010422921088,318035342,39,3,3.0018153853145333,1.347773787340585,0.47738397917819975,0.12961700558662415
1017853411738183040,318190397,21,0,0.0330725837000616,1.6992986609630087,-1.4805318757591543,0.23026971518993378
5237279792173016832,319218849,10,2,6.670696736849927,1.35059547695419,0.824171197209862,0.13052529096603394
5237279792173016832,319218849,11,2,0.5589867112908291,1.6052613095667252,-0.25259851640993286,0.20554573833942413
5551322578148763264,319435670,61,4,29.499204703630113,1.5737943862741517,1.4698103075889848,0.19694799184799194
5501802532938604288,319557917,61,1,13.42957621852689,1.5983965139523835,1.1280623083605146,0.20368452370166779
5501802532938604288,319557917,66,1,2.0946880172401916,1.4753389302331281,0.32111934831393757,0.1688918024301529
5501353073200480768,319558212,61,2,5.2630153971234614,1.3266208245190345,0.7212346405618292,0.12274681031703949
5501353073200480768,319558212,62,2,11.251369440282316,1.3555860044779617,1.0512053850396088,0.1321270763874054
5501353073200480768,319558212,66,2,1.3658093609637667,1.6707672830990932,0.13539008495361002,0.22291596233844757
5498237297765443456,319558877,61,0,7.891978487615224,1.3873101332294921,0.8971858927582156,0.14217355847358704
5498237297765443456,319558877,62,0,0.393992655941592,1.6178572262523425,-0.4045118733870333,0.20894019305706024
5498237297765443456,319558877,66,0,4.891711416282963,1.5231116245762322,0.6894608281654132,0.1827317327260971
5502935270433290880,319561323,61,1,4.8721897762692175,1.4677959605249404,0.6877241961234546,0.1666656881570816
5551290932829456768,319562179,61,1,4.440264815842356,1.432755491898247,0.6474088720581936,0.15617208182811737
5551303199256033280,319562217,61,3,0.2298113527414792,1.4395539165523528,-0.6386285208557644,0.15822793543338776
5502022297825142144,319609891,61,0,6.462932743925739,1.706507633762576,0.8104296364899162,0.2321082353591919
5502022297825142144,319609891,62,0,0.5441377107209435,2.1890097234266435,-0.26429117486511344,0.3402476906776428
4666276706323312896,32068898,1,0,9.77112668526163,1.405476350776944,0.9899446440647419,0.1478235423564911
4666276706323312896,32068898,2,0,31.856367106820276,1.591642061444044,1.5031962474406069,0.20184540748596191
4666276706323312896,32068898,3,0,1.3196921179591898,1.7081175272555793,0.12047262282136247,0.23251774907112122
4666276706323312896,32068898,4,0,22.396390720920515,1.5617009805718485,1.3501780354642916,0.19359788298606873
4666276706323312896,32068898,6,0,21.43729672154902,1.5004290701962102,1.331170019223435,0.17621546983718872
4666276706323312896,32068898,7,0,32.309167037991536,1.6301257244553953,1.5093257616243596,0.21222110092639923
4666276706323312896,32068898,9,0,33.205100845907154,1.6606464835924732,1.5212048035555734,0.22027719020843506
4666276706323312896,32068898,11,0,2.046708952275874,1.3171880170527053,0.31105608916598454,0.11964777112007141
4666276706323312896,32068898,12,0,8.372135574668349,1.527201049271133,0.9228362524967509,0.18389621376991272
4666276706323312896,32068898,27,0,28.765160132079785,1.601396379707951,1.458866796031779,0.20449884235858917
4666276706323312896,32068898,28,0,9.55655791395036,1.530759959149957,0.9803014960252187,0.18490709364414215
4666276706323312896,32068898,29,0,16.43447923402915,1.5250628946413274,1.2157559469712929,0.18328775465488434
4666276706323312896,32068898,30,0,5.4577273501808135,1.6200780077074155,0.7370118359748438,0.20953592658042908
4666276706323312896,32068898,31,0,5.021228005645095,1.5956025198350337,0.70080994241503,0.2029247134923935
4666276706323312896,32068898,33,0,10.874806011537984,1.3170552881093853,1.0364215186041439,0.11960400640964508
4666276706323312896,32068898,34,0,22.939327761144845,1.6257707923015199,1.3605806867168149,0.2110593169927597
4666276706323312896,32068898,36,0,6.829145897035666,1.4317295063757205,0.8343663910315811,0.15586097538471222
4666276706323312896,32068898,37,0,29.48426390256825,1.3833136704855917,1.4695902897518351,0.14092066884040833
4666276706323312896,32068898,39,0,15.12574782605707,2.191713159575896,1.1797168556353361,0.3407837152481079
4666276706323312896,32068898,61,0,1.9272939062684231,1.0713978799200945,0.2849479482504638,0.029950782656669617
4666276706323312896,32068898,62,0,50.321583045264326,1.555878458998335,1.701754294937387,0.1919756680727005
4666276706323312896,32068898,63,0,17.59510923246572,1.2679101202227265,1.24539196732977,0.10308846831321716
4666276706323312896,32068898,64,0,14.929863494818177,1.8171596969559276,1.174055836946845,0.2593930959701538
4666276706323312896,32068898,65,0,22.900600190151643,1.320487506979635,1.3598468646916424,0.12073429673910141
4666276706323312896,32068898,66,0,3.556449202671723,1.4074168552799389,0.5510166099811727,0.1484227478504181
4666276706323312896,32068898,67,0,17.87775957745206,1.3279540772799419,1.2523130925295278,0.12318305671215057
5334136458661121280,321170838,10,1,2.0401817569359766,1.391006067332003,0.30966885983672593,0.14332902431488037
5334136458661121280,321170838,11,1,17.62165257810143,1.3842849172908678,1.2460466346035945,0.14122548699378967
5334136458661121280,321170838,64,1,1.5889163858974966,1.4756658238945601,0.20110104377832394,0.16898801922798157
5864339794779803136,321805583,38,3,0.0549171324613208,1.2668827228427983,-1.2602921478507605,0.10273641347885132
6343364815827362688,322306553,12,0,0.1985132936880976,1.6650598156575593,-0.7022104048602112,0.22142983973026276
6343364815827362688,322306553,27,0,5.5302246314275365,2.31234289747431,0.7427427722103228,0.3640522360801697
6343364815827362688,322306553,39,0,0.6575088457050677,1.7435592887197564,-0.18209840007766026,0.24143671989440918
6343364815827362688,322306553,66,0,3.256543926096602,2.1116409140503825,0.512756940557915,0.3246200680732727
6343364815827362688,322306553,67,0,0.854889903687411,1.5138875459202437,-0.06808981193821477,0.18009361624717712
5196882497990438144,323428895,12,0,0.0408627545983638,1.5205650987912074,-1.3886723604997964,0.18200501799583435
5203215238291098112,323813442,10,3,0.02249407560687,1.2799621090356492,-1.647931849445928,0.1071971133351326
5202084081343379328,324119045,64,1,2.0421140000876763,1.5025346985335457,0.3100799827200701,0.17682451009750366
5202084081343379328,324119045,65,1,10.560028029712486,2.4004637802165862,1.0236650709566293,0.38029515743255615
5201894106349817472,324119375,65,3,19.57959414163166,1.7730927305048634,1.291803685226229,0.24873144924640656
5201894106349817472,324119375,66,3,6.5411565289909355,1.427640400571136,0.8156545418645204,0.15461882948875427
6418654321217826560,324928455,13,1,0.0225359523720957,0.9888683258557969,-1.6471240838674144,-0.0048615336418151855
2904082823418486784,32545814,5,0,17.67746225968195,1.717132451235733,1.2474199187244317,0.23480379581451416
2904082823418486784,32545814,6,0,1.5984536088515149,1.6508381241104941,0.20370003647123017,0.21770448982715607
2904082823418486784,32545814,32,0,10.362692254074013,1.6432555082367355,1.0154726008909178,0.21570509672164917
2904082823418486784,32545814,33,0,31.797009359060592,1.596873759143558,1.5023862747034553,0.2032705843448639
6350751231863421440,325469904,27,3,29.27035423085745,1.3082449173996566,1.466427978312706,0.1166890561580658
5856410391736766976,326538701,11,0,0.8565629568824564,1.5678729800966653,-0.06724071113183928,0.19531087577342987
5852330099755477888,326742300,11,4,2.0561477790518397,1.543598133993635,0.31305432497321223,0.18853424489498138
5852330099755477888,326742300,12,4,0.1832231450809723,1.4812568291184365,-0.737019666333872,0.17063036561012268
398868875433180032,326857136,58,4,17.557853336468686,1.6825283878594388,1.244471416973533,0.22596240043640137
5856485807039227264,327018071,11,0,13.762401889037529,1.5321717762320664,1.1386942359433692,0.18530745804309845
5856485807039227264,327018071,38,0,0.984302270985826,1.6193721534839431,-0.00687151288730527,0.20934666693210602
5843249890363582848,327039106,12,3,0.9713914843922752,1.2188963200609977,-0.012605708046074254,0.08596676588058472
428250398813921280,327370514,57,2,29.146523004101773,1.8274040859401428,1.4645867535993986,0.26183459162712097
428250398813921280,327370514,58,2,2.7589726107563504,1.353517531326993,0.44074738911404476,0.131463885307312
2320959820922837760,327996019,29,4,0.0320163955532966,1.3993146280781041,-1.494627563092146,0.14591537415981293
2320916768170630912,327996093,2,2,0.0193311254613303,1.364943718722577,-1.7137428605386174,0.13511474430561066
5425054731538891264,32818831,62,4,0.0415034369156827,1.5461407401603127,-1.381915937704503,0.18924902379512787
5855695468655866752,328234948,38,4,1.2376678276441433,1.6713863467598766,0.09260410189072099,0.22307685017585754
2904753628590665600,32832770,32,0,2.3286075977748943,1.3346013142745534,0.36709631014089134,0.12535154819488525
2904753628590665600,32832770,33,0,0.438451278203404,2.0426470447987213,-0.35807865949981205,0.31019333004951477
982983431255441024,328372415,60,0,0.2168782246588156,1.3462361364268303,-0.6637840504996643,0.12912124395370483
982984045434527744,328372434,47,3,0.1016770990404782,1.5801380598189825,-0.9927768531767579,0.19869503378868103
982984045434527744,328372434,60,3,0.0996421351447431,1.2812175874846068,-1.0015569749166937,0.107622891664505
2005674552440181632,328417482,16,2,6.6444858755241665,1.8439390584546245,0.8224613825607723,0.2657465636730194
2005674552440181632,328417482,17,2,10.986790792085012,1.6811270672517864,1.0408708548600034,0.22560054063796997
2005674552440181632,328417482,56,2,7.192317714966996,1.3388984015806265,0.8568688637654003,0.12674762308597565
2005674552440181632,328417482,57,2,2.9299780263006214,2.8249668536168007,0.4668643633260645,0.45101335644721985
5843299883788891392,328480578,11,4,2.4393549449933807,1.5191386965743967,0.3872749981146346,0.18159742653369904
5843299883788891392,328480578,12,4,2.0186738385942937,1.534419503922485,0.30506615473291865,0.1859441101551056
2904319355855451520,32873780,6,2,0.0465867181934403,1.803793357574411,-1.331737882397455,0.2561867833137512
2904801835303287936,32874667,32,1,4.895025137841815,0.8370310374902504,0.6897549264145305,-0.07725843787193298
2904801835303287936,32874667,33,1,14.009645471903792,1.5330577950189712,1.146427145168428,0.1855585277080536
2904801835303287808,32874669,6,3,0.519117987171003,1.4484683564730128,-0.2847339227802263,0.1609090119600296
2904801835303287808,32874669,32,3,0.2020800311507552,1.183034713143569,-0.6944765998419905,0.07299748808145523
2904801835303287808,32874669,33,3,1.3717314740420443,1.3689656427482333,0.13726910353139904,0.13639254868030548
1115616453763089792,328777958,59,1,0.7280474570081246,1.4627935527446878,-0.13784031073502515,0.16518303751945496
1115616453763089792,328777958,60,1,0.511846608817526,1.4639187976627537,-0.29086016973719947,0.16551698744297028
6089133916200093696,328906141,65,2,27.294356689397603,1.333628639756674,1.4360728627182862,0.12503491342067719
6089815299862932992,329126533,11,1,6.791009081955275,1.4878376212916529,0.8319343112708131,0.17255553603172302
5843314967714767872,329538372,11,3,0.0618926108033533,1.476943261191768,-1.2083611971654071,0.1693638116121292
5843314967714767872,329538372,12,3,0.3614212788930058,1.3869993383250658,-0.44198628167612625,0.1420762538909912
5843314967714767872,329538372,38,3,0.0691076429256288,1.4727865701607323,-1.1604739193859706,0.16813981533050537
2904454389629265536,33006416,33,3,0.055400901676067,1.3598194514286241,-1.2564831668644643,0.1334812492132187
5867654513033859712,330287387,38,0,13.011138995703112,1.4105787222977302,1.1143153163845594,0.1493973284959793
2906679938602481408,31281820,32,3,21.515283820629836,1.5880591861231679,1.3327470794876135,0.2008666843175888
2320870245085192320,313934178,29,3,32.47704114379531,1.2589231915612487,1.5115764554996487,0.09999923408031464
5851200321562649344,330854797,12,0,0.0523078696725997,2.1030827762767537,-1.2814329669974982,0.3228563666343689
689126373066989312,331955450,44,1,0.0315862193747634,1.596073961343243,-1.5005023526619958,0.20305301249027252
5896286341249191040,332012383,11,1,0.0587554757139894,1.3784273523030761,-1.2309516531148736,0.13938388228416443
5368919371546982528,332159979,64,0,3.580167500100832,1.642605664438673,0.5539033458248215,0.2155333161354065
5370602689487788672,332163041,64,2,0.4158525312511643,1.3588459746024537,-0.3810606506671463,0.1331702321767807
6091582146329270784,332213483,11,0,2.4361724794201916,1.6485215547470204,0.38670803281497984,0.21709463000297546
6091582146329270784,332213483,38,0,2.7477863737631685,1.5121897973300866,0.4389829655410036,0.17960630357265472
5368857695815548672,332469864,64,4,1.0680001381227493,1.4184469240388797,0.028571308859151812,0.1518130898475647
6126097332465328768,332524252,64,1,0.3654879286375846,1.8131466201375255,-0.43712696237961013,0.25843292474746704
5096891158212909312,332661361,31,3,0.3687488612686518,1.6260953093541917,-0.4332693121541317,0.21114599704742432
3015216991987620096,332860629,6,3,0.1950891016257956,1.5087802860772668,-0.7097669911691943,0.17862600088119507
3015216991987620096,332860629,32,3,0.1212213417004335,1.2888444167566995,-0.9164209134470288,0.11020049452781677
6124952431621117056,333298129,10,1,2.1488342456699874,1.4990203740959196,0.33220291667003843,0.17580753564834595
6124952431621117056,333298129,11,1,1.652108216072697,1.5026664757121286,0.2180384909891919,0.17686259746551514
6124952431621117056,333298129,37,1,3.992074839346348,1.5740664555451953,0.6011986744015274,0.19702306389808655
6124952431621117056,333298129,64,1,0.1195250613885798,1.3683563317056537,-0.922541024576623,0.1361992061138153
6126370801621215872,333386671,10,4,0.0465108757713172,1.445827195433017,-1.3324454829122712,0.16011638939380646
6126370801621215872,333386671,64,4,3.6320956545829537,1.5207061795066013,0.5601572775446736,0.18204531073570251
6126518445412754176,333482849,10,4,0.1242494955006219,2.036566650472548,-0.9057053659889228,0.3088986277580261
6126242639795170688,333822981,10,1,0.3164101603532573,1.4150835857704838,-0.4997495791740258,0.15078209340572357
6126242639795170688,333822981,37,1,0.0518398957571556,1.6293090487195925,-1.285335880442587,0.21200346946716309
6126242639795170688,333822981,64,1,0.4218826943305083,1.7815024489128568,-0.3748082890549816,0.2507864236831665
6126246934764070528,333823153,64,3,32.82870039039685,1.2192534886046282,1.5162536903915085,0.08609400689601898
6129550726681927040,333825708,10,4,0.0646687183938634,1.5635180997905342,-1.18930574582555,0.1941029131412506
5906915354513369856,334041309,38,0,0.0616990890196849,1.0496202102198005,-1.2097212482300437,0.0210321843624115
5906607697419524864,334129050,11,4,0.1523801253547814,1.6529839354290343,-0.8170716734925819,0.21826863288879395
6077003756021639808,334211618,11,1,36.52234067033778,1.3552467900676701,1.5625586031348948,0.13201838731765747
6129584364863667840,334300225,10,3,1.1550605499263544,1.3613905538827582,0.06260475116291055,0.13398273289203644
6129584364863667840,334300225,37,3,0.0197410816578395,1.3605389997595048,-1.7046290550523384,0.13371099531650543
5906592342925665664,334323601,38,3,0.283476894442603,1.3070065207327968,-0.5474823336847151,0.11627775430679321
5908591151974504576,334425144,11,1,0.6220958689150995,1.6431241996780197,-0.20614268262025198,0.2156703919172287
6126585034583698944,334684206,10,2,0.9834242852214176,1.358871711086973,-0.007259071206090737,0.1331784576177597
6126585034583698944,334684206,37,2,1.7513958996685266,1.3551132017719139,0.2433843286116846,0.13197557628154755
6126585034583698944,334684206,64,2,0.0777472284077877,1.3445540817032628,-1.1093150840845154,0.1285782754421234
6126993159555441664,334791374,64,4,3.877368073389561,1.6853309491056243,0.5885370299611696,0.22668519616127014
5856960834741830144,334928058,64,1,0.0315437779520079,1.3820265472049076,-1.5010862930790478,0.14051638543605804
6126648703176939392,335046558,10,2,0.5503336840640939,1.3560323118646682,-0.259373904678458,0.13227003812789917
6126648703176939392,335046558,37,2,2.6748246665581012,1.5115622224508698,0.42729531950044985,0.17942602932453156
6126648698878768384,335046560,10,0,0.5494668219948069,1.3502068284323978,-0.2600585260968898,0.13040030002593994
5858220149181921536,335287811,11,3,3.05298254836645,1.4991840433941788,0.48472432176678726,0.17585495114326477
5858220149181921536,335287811,64,3,0.1905677935732244,3.897530270856103,-0.7199504943340451,0.5907894968986511
5844952827734654720,335370623,11,0,2.2170752956520485,1.5592090725539107,0.34578044274502834,0.19290435314178467
5844952827734654720,335370623,12,0,0.1410379455514486,1.6913097208998094,-0.8506640268727136,0.22822314500808716
5844573358774024320,335376063,11,1,1.5541453378923855,1.4620361781546902,0.19149162996890742,0.16495811939239502
5844573358774024320,335376063,12,1,0.3268079248670535,1.4960046443348476,-0.48570742066991257,0.17493294179439545
5844573358774024320,335376063,38,1,0.0490996381800942,1.2397792421079892,-1.308921708222602,0.09334436058998108
5857065971210881408,335598085,11,4,7.26425132183178,1.5844680664748945,0.8611908610907554,0.19988349080085754
5857065971210881408,335598085,64,4,0.8786932370666557,1.5885636090248714,-0.056162716168370985,0.20100460946559906
6004427914044710400,335643748,11,2,5.119363198436382,1.724214091364229,0.7092159421076368,0.2365911900997162
6004427914044710400,335643748,38,2,0.2563637881766872,1.5746413146462488,-0.5911433196590561,0.19718164205551147
5844883348015456640,335836484,11,2,0.0854254743450268,1.4562103583747903,-1.0684126010003063,0.16322411596775055
5844883348015456640,335836484,12,2,0.1625186210280959,1.4591430148863387,-0.7890968713224251,0.164097860455513
5844883348015456640,335836484,38,2,0.244307870630847,1.3448335398531155,-0.6120625415550717,0.12866853177547455
5121805541941481472,33625968,30,4,0.2501006870924217,1.0330163906318892,-0.6018851151465969,0.01410721242427826
5858234962585024256,336474663,11,3,0.020571129193996,1.1437472791924912,-1.6867418682828366,0.058330073952674866
5845050203239172608,337147104,11,4,3.3981735952645113,1.5958743072061767,0.5312455609779201,0.20299868285655975
5845050203239172608,337147104,12,4,4.9120581503909255,1.4729769910482424,0.6912634994695148,0.1681959629058838
5844826212095061632,338248268,11,4,0.0834573638707817,1.5561786664364028,-1.0785353372669402,0.1920594573020935
5844826212095061632,338248268,12,4,6.684848097418348,1.6458094554120442,0.8250915430561139,0.2163795530796051
5844826212095061632,338248268,38,4,0.0171756077753955,1.329553641823478,-1.7650878860686843,0.12370586395263672
5844826212095061632,338248268,65,4,1.9822758170767203,1.6074925988781663,0.2971640827932777,0.20614898204803467
5861354547596192512,338273577,11,2,4.837269387603,1.4201014527381477,0.6846002739279899,0.15231937170028687
5843962129072074496,338655076,11,2,0.1216440050430806,1.2728820489542816,-0.914909289452966,0.1047881618142128
5843962129072074496,338655076,12,2,1.209872075389181,1.718992166696179,0.08273945305231441,0.23527389764785767
6059605569395167232,338669161,11,2,0.1776252388093926,1.5900086073508066,-0.7504953251740771,0.20139947533607483
6059605569395167232,338669161,64,2,0.0213942585046802,1.3623461276524689,-1.6697027609634647,0.13428746163845062
5845197224226679168,339308290,11,3,0.280311427592413,1.0301915434326168,-0.5523591967842671,0.012917980551719666
5845197224226679168,339308290,12,3,9.51319615099422,1.2854264779388693,0.9783264514840762,0.10904724150896072
5845197224226679168,339308290,38,3,9.298173302498494,1.6482297734017204,0.9683976364499282,0.2170177549123764
2993303106774038016,33938658,6,4,1.7699748298711342,1.5955900923090214,0.2479670904715245,0.2029213309288025
2993303106774038016,33938658,33,4,0.5279513036948267,1.6027452079200866,-0.2774061333599905,0.2048644870519638
1007791368516748672,339538564,59,2,0.3390481957211707,1.7932557465689518,-0.46973856242227424,0.2536422312259674
1007791368516748672,339538564,60,2,10.018374596792496,1.7097970484084033,1.0007972663511397,0.2329445630311966
5966510057279631488,339565401,12,0,0.0889935428127612,1.5547233903347717,-1.050641503720501,0.19165313243865967
5966509748041919616,339567904,12,4,0.0384891133452911,1.6048123179430605,-1.4146620934178207,0.2054242491722107
5966509748041919616,339567904,39,4,0.0300540224897065,1.647533586737282,-1.5220973929400923,0.21683427691459656
5485842086571808640,339633702,1,1,0.0527268722967057,1.4012866270857174,-1.2779679898020222,0.1465269774198532
5485842086571808640,339633702,2,1,0.0749620680258459,1.4935815883068455,-1.1251584407992465,0.1742289513349533
5485842086571808640,339633702,3,1,0.0795953499402052,1.4001988590716252,-1.099112303547494,0.14618971943855286
5485842086571808640,339633702,4,1,0.0950869507810087,1.58945769640424,-1.0218790791998256,0.20124897360801697
5485842086571808640,339633702,6,1,0.0553834644827684,1.3637518283351424,-1.2566198806834727,0.1347353458404541
5485842086571808640,339633702,9,1,0.100597408049198,1.5517589904680449,-0.997413208986178,0.19082427024841309
5485842086571808640,339633702,11,1,0.3083061139037072,1.2877616591322891,-0.5110178628559917,0.10983549058437347
5485842086571808640,339633702,12,1,0.1566050561978935,1.2616295948330045,-0.8051942202895966,0.10093186795711517
5485842086571808640,339633702,29,1,0.0407264282645078,1.3560388721994536,-1.3901236761657352,0.1322721391916275
5485842086571808640,339633702,31,1,0.2016488546556759,1.409294371951925,-0.6954042403964195,0.14900171756744385
5485842086571808640,339633702,33,1,0.0341242658639264,1.443640441097578,-1.466936683091856,0.15945903956890106
5485842086571808640,339633702,34,1,0.1301862822471226,1.4262990153007598,-0.8854347750477157,0.15421058237552643
5485842086571808640,339633702,35,1,0.0422894664601413,1.0422070861659103,-1.3737677940415176,0.017954021692276
5485842086571808640,339633702,39,1,0.1314595986059729,1.3497299277691381,-0.8812076981128333,0.13024687767028809
5485842086571808640,339633702,62,1,1.0318118150169513,1.5315994414622807,0.013600496562379062,0.18514519929885864
5485842086571808640,339633702,63,1,0.0972532734289949,1.775619322148481,-1.0120957719228316,0.24934986233711243
5485842086571808640,339633702,66,1,0.0792736978051704,1.4874059074206565,-1.10087088321035,0.17242950201034546
5485842086571808640,339633702,67,1,0.3333328517565617,1.456088050873995,-0.4771218821585193,0.163187637925148
5486700500213084416,339634481,61,0,20.196106901424105,1.635775462732385,1.3052676608239895,0.21372368931770325
5486700500213084416,339634481,63,0,40.22764830186098,1.4793848551868107,1.6045246445678403,0.17008116841316223
5486699125824396928,339668420,3,4,1.64590380776892,1.4924514656273542,0.21640444996744485,0.17390021681785583
5486699125824396928,339668420,6,4,0.0256721799582594,1.5057138716362526,-1.5905372515605307,0.17774245142936707
5486699125824396928,339668420,7,4,0.2435199133315038,1.6694141920777859,-0.61346551947447,0.22256410121917725
5486699125824396928,339668420,9,4,1.5093773039357594,1.5070098747091139,0.1787978153456092,0.1781160980463028
5486699125824396928,339668420,10,4,0.1761280155116746,1.4752752002279559,-0.7541715582041245,0.16887304186820984
5486699125824396928,339668420,13,4,0.4545231679093091,1.1414714513724284,-0.3424439750630612,0.05746505409479141
5486699125824396928,339668420,27,4,0.7778044799669813,1.5971885624049869,-0.10912955974945399,0.20335619151592255
5486699125824396928,339668420,30,4,1.031728052345369,1.524703033889057,0.013565239025897168,0.18318526446819305
5486699125824396928,339668420,33,4,4.044460848486881,1.727835987636936,0.6068606356804995,0.23750251531600952
5486699125824396928,339668420,34,4,3.2441666750432008,1.5240500810475526,0.5111031587918983,0.18299923837184906
5486699125824396928,339668420,35,4,0.5011133937551715,1.5476684836665244,-0.3000639892826159,0.18967793881893158
5486699125824396928,339668420,36,4,0.1283972025674065,1.689735728562476,-0.8914444382825361,0.2278187870979309
5486699125824396928,339668420,37,4,4.05455054259696,1.382020809520516,0.6079427185499788,0.1405145823955536
5486699125824396928,339668420,61,4,0.073066028451323,1.6040734321993404,-1.1362844983554952,0.20522424578666687
5486699125824396928,339668420,62,4,4.582460243117487,1.544513282698187,0.6610987057630939,0.1887916475534439
5486699125824396928,339668420,67,4,0.0467507243540466,1.4226368968554486,-1.3302116557962056,0.1530940681695938
5485564807780814848,339670771,63,2,0.1070790732333878,1.3458291631612334,-0.9702953962763587,0.12898993492126465
5485564807780814848,339670771,66,2,0.2280446197388536,1.783673480456339,-0.6419801696203277,0.2513153553009033
5485564807780814848,339670771,67,2,0.0485729771764587,1.8528795170563552,-1.3136052765623374,0.2678471803665161
5293390756728204160,339770560,1,2,5.427092054966526,1.424434082123088,0.7345671881954571,0.15364235639572144
5293390756728204160,339770560,2,2,3.280449153688257,1.5439778702294022,0.5159333106670877,0.18864107131958008
5293390756728204160,339770560,3,2,2.6264213056146146,1.495408927793765,0.41936439274646287,0.17475996911525726
5293390756728204160,339770560,4,2,2.929993915962104,1.3349027038825436,0.4668667185565568,0.12544961273670197
5293390756728204160,339770560,5,2,0.3771394285970826,1.383914209530646,-0.42349806126448375,0.1411091685295105
5293390756728204160,339770560,6,2,0.3648984882948019,1.8737873690889961,-0.4378279358312567,0.2727203071117401
5293390756728204160,339770560,7,2,8.895188004914768,1.359405946435804,0.9491551315806177,0.13334916532039642
5293390756728204160,339770560,8,2,0.61926243913492,1.4325353231998297,-0.20812526097402284,0.15610533952713013
5293390756728204160,339770560,9,2,4.434354632122121,1.6453235490580993,0.6468304223407171,0.21625131368637085
5293390756728204160,339770560,10,2,0.7017101276702159,1.518961904089756,-0.1538422553230464,0.1815468817949295
5293390756728204160,339770560,11,2,0.3545772114603695,1.869032085414944,-0.4502891797758271,0.27161675691604614
5293390756728204160,339770560,12,2,10.278161020639908,1.4890929979224297,1.011915417185271,0.172921821475029
5293390756728204160,339770560,13,2,2.0491284381070827,1.3732028976293644,0.3115691805646937,0.13773471117019653
5293390756728204160,339770560,27,2,0.4213365050415451,1.453469500537456,-0.3753709115086048,0.16240592300891876
5293390756728204160,339770560,28,2,2.9751307411021113,1.639721677817782,0.4735060554062809,0.2147701382637024
5293390756728204160,339770560,29,2,0.5647093690379084,1.5310136623894175,-0.24817500686607705,0.18497906625270844
5293390756728204160,339770560,30,2,2.670167797834591,1.3866358965850247,0.42653855401769813,0.1419624388217926
5293390756728204160,339770560,31,2,0.2999689183861185,1.6042106469814006,-0.5229237428560312,0.20526139438152313
5293390756728204160,339770560,32,2,0.4671858575162305,1.643534115584446,-0.33051031250444296,0.21577872335910797
5293390756728204160,339770560,33,2,2.6492422570950502,1.3803892869452037,0.4231216737026618,0.140001580119133
5293390756728204160,339770560,34,2,4.073232436916901,1.564248663010306,0.6099391935846787,0.19430579245090485
5293390756728204160,339770560,37,2,9.490919591616136,1.6048418319947684,0.9773082940095761,0.2054322361946106
5293390756728204160,339770560,38,2,8.666658873161083,1.4678233576153201,0.9378517027113873,0.16667379438877106
5293390756728204160,339770560,39,2,5.91796019427327,1.6528806590952003,0.7721720396577324,0.21824149787425995
5293390756728204160,339770560,61,2,0.1075300735582375,1.5905601458368608,-0.9684700571080836,0.20155009627342224
5293390756728204160,339770560,62,2,0.5155296064393557,1.6515736739123668,-0.2877463884909898,0.2178979516029358
5293390756728204160,339770560,63,2,0.5958126218628049,1.3290987884588865,-0.22489030080659927,0.12355726212263107
5293390756728204160,339770560,64,2,8.52305767341664,1.6795423816439419,0.9305954272155484,0.22519096732139587
5293390756728204160,339770560,66,2,4.528755848115114,1.7471492845482048,0.6559789078601441,0.24233001470565796
5293390756728204160,339770560,67,2,0.2358511585195383,1.3224954974391507,-0.6273619861242071,0.12139420211315155
5844296281847839232,339812943,11,0,0.3855974060435198,1.6684262397554435,-0.41386589630648596,0.2223070114850998
5844296281847839232,339812943,12,0,0.0231091977818821,1.349601560219202,-1.6362151304598356,0.13020557165145874
5844296281847839232,339812943,38,0,0.1588102790579437,1.6435214275202732,-0.7991213911175532,0.21577537059783936
2327952401341889664,34014229,29,1,0.0416929123988606,1.4632990552810594,-1.3799377667931922,0.165333092212677
5293485001193584256,340175442,9,2,0.0650154886764859,1.7959659184992016,-1.186983168812225,0.2542980909347534
5844015768940264320,340221485,11,4,18.89069368990006,1.2454050672117707,1.2762479060512277,0.09531062841415405
5292768703727832192,340357600,9,1,0.1368748281348426,1.435380900403875,-0.863676413131871,0.1569671630859375
5488115915276958464,340481541,8,2,0.1331094770151919,2.023619240046232,-0.8757910228958574,0.3061287999153137
5488115915276958464,340481541,9,2,0.0299763768155878,1.3570002809569992,-1.523220860616757,0.13257993757724762
5840638344087346048,341448790,11,3,2.0106809647795933,1.2892221261592893,0.30334316645578224,0.11032775044441223
5840638344087346048,341448790,12,3,3.5424494699377966,1.5505443079853571,0.549303664118172,0.1904841810464859
5840638344087346048,341448790,38,3,8.755343362199005,1.208534683227973,0.9422731826735169,0.08225911855697632
5840638344087346048,341448790,39,3,11.1176437908679,1.3337923275545176,1.0460127551370857,0.12508821487426758
5320108854927493888,341935294,7,1,1.4352927981196215,1.3958759087752142,0.1569405056947293,0.1448468118906021
5320108854927493888,341935294,8,1,22.772691614181895,1.4662208335846265,1.3574143650069646,0.16619938611984253
5320108854927493888,341935294,35,1,13.441216873220528,1.2899281068996136,1.1284385884649522,0.11056550592184067
5320108854927493888,341935294,36,1,1.9832042326422148,1.5561859814787837,0.2973674406512516,0.19206149876117706
5850553602536293248,342299823,11,2,0.0322439301367459,1.3460270461625516,-1.491552028508495,0.12905378639698029
5413254188633184384,34389887,62,4,0.2931855723351196,1.5195133019298006,-0.5328574051407773,0.18170450627803802
5413254188633184384,34389887,63,4,0.4998234690263447,1.6978209815059397,-0.30118335559383924,0.22989189624786377
5505105362790244224,343938690,61,4,0.085153745999424,1.5794487400069355,-1.069796242227572,0.19850553572177887
5503885317200203520,343965791,61,1,9.924594967133332,1.7274465941916781,0.996712791795018,0.23740462958812714
5503885317200203520,343965791,62,1,5.699518308470993,1.3716816040752464,0.7558381530737516,0.1372533142566681
5508502991159287552,343968113,61,4,19.06226220594712,1.5931375796125988,1.2801744390756933,0.2022532820701599
5508502991159287552,343968113,62,4,22.198554518539247,1.4858899301283113,1.3463246958443134,0.1719866394996643
5505436143991422848,344081548,62,0,5.834700760041057,1.5257630822575232,0.7660185876143945,0.18348710238933563
5508890186753537152,344082984,61,4,286.2276581058128,1.5154565261931447,2.4567115972168008,0.18054348230361938
5508890186753537152,344082984,62,4,119.741689685239,1.5423928561614442,2.078245382219537,0.18819500505924225
5505581176447311488,344138787,62,1,31.0419797447484,2.6168476086756383,1.4919494111944631,0.4177784323692322
3463395523652894336,345135732,10,0,1.669799124291946,1.637494588621682,0.22266422895671206,0.2141798734664917
3463395523652894336,345135732,37,0,0.650808974885704,2.1625838123810097,-0.1865464666195347,0.33497294783592224
3463395523652894336,345135732,63,0,1.178180841209229,1.6174269652318805,0.07121195625028588,0.20882467925548553
3463395519358168064,345135733,10,4,12.734538830329644,1.6118156027916495,1.104983222007168,0.2073153555393219
3463395519358168064,345135733,37,4,10.424748876726198,1.5943983756607354,1.018065601989615,0.20259684324264526
3463395519358168064,345135733,63,4,75.9668248176264,1.5890811141105066,1.880623974594337,0.20114606618881226
2011423520771256192,345521596,57,1,2.194523685065211,1.4747208805100402,0.3413402724617465,0.16870982944965363
462484350477522560,346022781,59,3,4.195793625596599,1.3783151246859564,0.6228141188282954,0.13934852182865143
50706216395526144,346537908,43,3,53.994577149834974,1.3630606992472296,1.73235014441251,0.1345151960849762
51096508663685632,346538348,42,2,2.8794634166048203,1.5016124787581473,0.4593115652178671,0.17655786871910095
51096508663685632,346538348,43,2,0.4665100862258959,1.3643104046240646,-0.33113896211062993,0.13491319119930267
51096508663685632,346538348,44,2,1.9597808160557708,1.6059748990095262,0.29220750212157914,0.20573875308036804
63627264728628224,346539090,42,2,15.635760572134677,1.4401798595047968,1.194119011530173,0.1584167331457138
63849572235829248,346539640,42,1,4.255031433653775,1.5115754995654571,0.6289027727430405,0.17942984402179718
63849572235829248,346539640,43,1,4.797654877987444,1.6638665082238633,0.6810290035366632,0.2211184799671173
63849572235829248,346539640,44,1,0.3560593188428659,1.4216206448336102,-0.4484776433190582,0.15278372168540955
64095656682494720,346539959,42,0,0.0317314101627856,1.7856195985745935,-1.4985106271650186,0.2517889440059662
64095656682494720,346539959,44,0,0.0228340672181605,1.5254486437104204,-1.6414167248180886,0.1833975911140442
64103009666497024,346540010,42,1,0.7578654129073736,1.4668941062669643,-0.12040791260195183,0.1663987636566162
64103009666497024,346540010,43,1,4.042018637335621,1.4274098512966813,0.6065983116714567,0.15454868972301483
64103009666497024,346540010,44,1,4.1023426437740795,1.429182221559265,0.6130319315286032,0.15508760511875153
64157023175179776,346540116,42,4,5.443854322169068,1.6088425321290063,0.7359064949433807,0.20651353895664215
65671634801986048,346540165,43,3,23.826933758336377,1.2222074277496608,1.3770681574318586,0.08714491873979568
65671634801986048,346540165,44,3,15.132803895829936,1.5818350226394262,1.179919404141292,0.19916118681430817
65673593307063552,346540234,42,4,5.353757820961386,1.5460830759604045,0.7286587218380401,0.18923282623291016
65673593307063552,346540234,43,4,8.186775533083472,1.3196680354178123,0.9131128829656386,0.12046469748020172
65673593307063552,346540234,44,4,10.156945261877926,1.4630760002083587,1.0067631119451084,0.16526688635349274
65675895409522048,346540283,44,0,31.056335569434676,1.4867975965210474,1.4921502107016298,0.1722518503665924
66468918172339328,346540519,44,2,18.616597473993284,2.5246809919762248,1.2699003085841365,0.40220651030540466
66480944080770176,346540537,42,4,0.0323971253958378,1.6343273950972612,-1.4894935231301214,0.21333906054496765
66481734354737792,346540567,42,1,1.5594312659079064,1.3229094403199677,0.19296623738443303,0.12153011560440063
66481734354737792,346540567,44,1,0.257273135482472,1.3877793607649849,-0.5896055605476845,0.1423204243183136
66481837433947392,346540571,42,1,1.7867542237586465,1.429163244387512,0.25206481741537895,0.1550818383693695
66481837433947392,346540571,43,1,0.3688675365856322,1.291833356435127,-0.4331295646216817,0.11120649427175522
66481837433947392,346540571,44,1,4.5750992029272455,1.4282218125727713,0.6604005154116027,0.15479566156864166
71873842454589568,346541383,42,4,0.7225005287183823,1.5297682937424966,-0.1411618307591074,0.18462565541267395
71873842454589568,346541383,58,4,0.962075194532392,1.4077430930442798,-0.016790982749862116,0.14852340519428253
71422522993688448,346541690,58,4,1.8599838737834664,1.4972768269903116,0.2695091788645749,0.17530210316181183
70165476262750976,346543067,43,4,20.955606491464188,1.543979830332308,1.321300234584543,0.18864162266254425
70165476262750976,346543067,44,4,8.575434758431067,1.6614319505590553,0.9332561471872577,0.22048255801200867
70158977974956672,346543146,42,3,0.6324474102161478,1.5676822863267137,-0.19897558146042527,0.19525805115699768
70158977974956672,346543146,43,3,0.8091193464719907,1.1370944733484027,-0.09198741449228368,0.0557965487241745
70158977974956672,346543146,44,3,1.372492129614881,1.3934502635048827,0.1375098627216721,0.14409147202968597
68606918530067072,346543276,42,4,7.40257730792664,1.636589202819503,0.8693829515872579,0.21393968164920807
68606918530067072,346543276,44,4,15.711951193840108,1.5807120448470964,1.1962301213925406,0.1988527625799179
68580530251050496,346543450,42,0,1.363299454230203,1.6023084652022035,0.13459126084976167,0.20474612712860107
68580530251050496,346543450,43,0,20.00234064002088,1.3571812728991812,1.3010808190423178,0.1326378583908081
68580530251050496,346543450,44,0,12.40302004206464,1.4527619637952323,1.0935274454775552,0.16219446063041687
68356367317952256,346592043,42,4,4.361706884028024,1.5671115270930036,0.6396564767111682,0.19509990513324738
68356367317952256,346592043,43,4,64.85905143272166,1.6567003862310474,1.811970592802154,0.21924397349357605
68356367317952256,346592043,44,4,8.698327156488443,1.305209922564951,0.9394357380712874,0.11568036675453186
68334235349446528,346592180,42,0,0.0592376994605264,1.388819596582441,-1.2274018159678304,0.14264583587646484
68334235349446528,346592180,43,0,0.0775342543330172,2.0912663892456274,-1.1105063854789323,0.32040935754776
68162921990400256,346592477,43,0,11.707867099703911,1.3976893051023187,1.0684777839536896,0.14541064202785492
68162921990400256,346592477,44,0,37.60546551575034,1.5486229740018296,1.5752509691519185,0.18994569778442383
68186114813689344,346592587,43,0,15.018369512834878,1.700890023307379,1.1766227855299523,0.23067623376846313
68283421593270400,346592680,43,2,29.592678920108025,1.9792696914633543,1.4711842820770822,0.2965049743652344
68385603159177344,346592949,44,1,1.7772147421233595,1.4464926917657503,0.249739907087555,0.16031624376773834
68577300435634432,346593056,42,2,3.643025859714304,1.2608662036588383,0.5614622540559059,0.1006690040230751
68581694185489920,346593111,43,4,6.469782775332401,1.4841632849101265,0.8108896993614068,0.1714816838502884
68591456647799552,346593207,44,0,26.05395518210752,1.7384521050275048,1.4158736617383005,0.24016273021697998
70160287942261376,346593421,43,3,7.679390776132287,1.7522615769484553,0.8853267678103287,0.24359893798828125
70160287942261376,346593421,44,3,33.99227946951774,1.1732234176125742,1.5313802886736703,0.06938072293996811
71404385348752768,346594718,42,0,0.0823214927965101,1.378065116491858,-1.0844867627911927,0.13926973938941956
71404385348752768,346594718,58,0,0.4638725587577789,1.6165039997684172,-0.3336013182175403,0.20857678353786469
70472789763930496,346624368,42,1,9.889996065585985,1.4390033414243222,0.9951961188272466,0.15806180238723755
70472789763930496,346624368,43,1,3.034740017280327,2.0861249556775388,0.48212149149140776,0.319340318441391
69985499953396480,346625064,42,0,25.737293742761953,1.607275523509092,1.4105628792282532,0.20609033107757568
69985499953396480,346625064,43,0,3.474964104035503,1.8375781074803479,0.5409503227391336,0.26424580812454224
69985499953396480,346625064,44,0,25.335175233639767,1.6906984183441411,1.4037239124845784,0.22806614637374878
69983369649631872,346625140,42,2,23.93370224070249,1.487121824549888,1.379009883667485,0.1723465472459793
69983369649631872,346625140,43,2,22.45125185893245,1.5910431446067326,1.3512405618323846,0.2016819566488266
69983369649631872,346625140,44,2,1.4473534193518112,1.3495863717930823,0.1605745914736756,0.13020068407058716
66950435545271680,346625318,42,2,3.4015574781948383,1.4242966549783922,0.531677813897775,0.15360045433044434
66950435545271680,346625318,43,2,26.91312956273401,1.489548711047443,1.429964202141286,0.17305471003055573
66779564565300224,346625667,43,2,3.669290902618211,1.379212539014353,0.5645821441336236,0.13963119685649872
66779358406877568,346625675,42,1,8.664174621415246,1.897312274504233,0.9377271966589111,0.27813881635665894
66779358406877568,346625675,44,1,47.16688735342773,1.4878013766010942,1.6736372171438623,0.1725449562072754
66774513683782912,346625763,42,1,1.4989135235184488,1.487137081079796,0.17577657791692944,0.17235100269317627
66774513683782912,346625763,43,1,3.666117982217356,1.4474899710392695,0.5642064372223435,0.16061556339263916
66774513683782912,346625763,44,1,17.761614958430684,1.4501072021403878,1.2494824510624236,0.16140010952949524
66745754582838272,346625996,42,2,2.63094471954179,1.362904829626509,0.42011172294310334,0.1344655305147171
66745754582838272,346625996,44,2,14.66889535614518,1.5813481997300505,1.166397410449033,0.19902750849723816
66745170467302656,346626038,42,3,0.6495750824050618,1.2273029171681629,-0.18737064291333774,0.08895176649093628
66745170467302656,346626038,43,3,12.468265879637611,1.6730656867329725,1.0958060548197754,0.22351299226284027
66722355601033600,346626051,42,2,23.137476841433777,1.5569329909195793,1.3643159970708447,0.1922699213027954
66722355601033600,346626051,43,2,5.612172766339234,1.5273439509960498,0.7491310319772922,0.18393684923648834
66722355601033600,346626051,44,2,1.1965687656995394,1.584967596340737,0.07793766216858973,0.20002038776874542
66532621126978304,346626130,42,0,56.2698099887413,1.3400632829815433,1.7502754486357683,0.1271253079175949
66532621126978304,346626130,43,0,26.82821471488,1.5576016351680932,1.428591773481735,0.19245639443397522
66532621126978304,346626130,44,0,2.0229255400635124,1.63399590905973,0.305979897533695,0.21325096487998962
6347785471046590080,346699497,66,3,4.0332951695353385,1.2454457694705265,0.6056600062401036,0.09532482177019119
6347785471046590080,346699497,67,3,5.834476261679474,1.1380346957863132,0.7660018771986621,0.056155502796173096
6347593949864940672,346699902,12,2,0.0805259526529815,1.3433707773064587,-1.0940641286071755,0.1281958967447281
6347593949864940672,346699902,13,2,0.0618825674338054,1.7573209339526368,-1.208431676239581,0.24485108256340027
115111724898931840,34688359,44,4,7.053945332877604,1.6924365910313854,0.8484320896210094,0.22851240634918213
230065150189406080,346893664,59,1,4.762740319318034,1.3356151166092778,0.6778569029557026,0.1256813257932663
226446348183951616,347043631,59,4,0.946374621295561,1.4595451918640374,-0.023936914596397487,0.16421754658222198
226367423865175808,347049918,59,3,50.11235802856045,1.5043699464157443,1.6999448388769343,0.17735464870929718
230355107723858688,347121672,59,2,0.1907437756534041,1.3262084505581566,-0.7195496250296216,0.12261179089546204
227020465053797760,347126347,59,1,1.1738824755478794,1.4423054997703328,0.06962461924896232,0.15905725955963135
423254497156733440,347308085,57,0,14.07575273620378,1.4956249040735692,1.148471629131791,0.17482268810272217
423254497156733440,347308085,58,0,5.80357128623904,1.5354339402919648,0.7636953233216167,0.18623113632202148
242053950101197184,347568056,58,1,19.48537088475615,1.4243505099821896,1.2897086765731574,0.15361687541007996
245357913824994560,347638371,59,4,2.9596208519654175,1.636778955906794,0.47123607847584364,0.21399003267288208
231659132813603968,347718143,19,2,1.2810605111164,1.5050904819364492,0.10756964420469782,0.17756260931491852
231659132813603968,347718143,59,2,1.3729682778463823,1.5692510214279458,0.1376605030667452,0.19569242000579834
245073999307152384,347813262,59,3,6.408908365035718,1.1313174507716743,0.8067840620593605,0.05358448624610901
243800008926727936,347817973,59,2,37.24165105046794,1.4901068148087326,1.5710289265040651,0.17321740090847015
232930099535920000,347989162,59,2,13.542814220686504,1.5682789741770462,1.1317089208866808,0.19542331993579865
115474112763499136,34819306,58,4,1.918863925583713,1.266725551379811,0.2830441782459178,0.10268253087997437
122767864881453568,34850833,58,4,34.357922197312135,1.501348399627946,1.5360268919017241,0.1764814853668213
111728390182594304,34854440,44,3,22.87463231175822,1.1320181953940203,1.3593541219184704,0.05385340750217438
70252681278085376,348638018,42,3,0.0224153175011344,1.3653067683817317,-1.649455105202646,0.13523024320602417
70252681278085376,348638018,43,3,0.0149328784560125,1.3505460325028529,-1.8258564697652144,0.1305093914270401
70252681278085376,348638018,44,3,0.0477657740851252,1.6678715639726907,-1.3208831797485558,0.22216260433197021
70248180152474368,348638062,42,4,2.0680449532137044,1.5698713061926461,0.3155599748089787,0.19586405158042908
70248180152474368,348638062,43,4,26.200070898527976,1.5192631724937404,1.418302466541036,0.18163301050662994
70248180152474368,348638062,44,4,21.730019368025292,1.539637325045947,1.3370601134085485,0.18741843104362488
69942515919994368,348638324,42,0,10.458609047142623,1.501653078732452,1.0194739289558177,0.1765696108341217
69942515919994368,348638324,44,0,17.146527949292224,1.614791231069425,1.2341761917186287,0.20811638236045837
69934334006064768,348638386,43,1,32.567397404886066,1.4997510060512504,1.512783053687422,0.17601916193962097
69934334006064768,348638386,44,1,13.388552614897222,1.5466121075869461,1.1267336296378938,0.189381405711174
69932276717968512,348638399,42,2,4.222700214767791,1.5041359859936794,0.6255902503348031,0.17728710174560547
69932276717968512,348638399,43,2,13.085764538671894,1.3592804829918028,1.1167991014678074,0.13330908119678497
69930764889482752,348638415,44,0,50.99216621716802,0.8111770541139149,1.707503461784686,-0.09088434278964996
69930283851373184,348638431,42,4,17.35148523710825,1.5440281979841841,1.239336655073479,0.18865522742271423
69930283851373184,348638431,43,4,1.602937813267919,1.5333924793615394,0.20491667402072927,0.18565332889556885
69930283851373184,348638431,44,4,50.25209075394736,1.4735283801361412,1.7011541354261228,0.16835850477218628
69892385061858944,348638527,42,1,4.264217702969215,1.534137074676781,0.6298393688104256,0.1858641654253006
69892385061858944,348638527,43,1,11.744634100610462,1.5766498901966155,1.0698394910530762,0.1977352648973465
69892385061858944,348638527,44,1,36.12373319465868,1.356453400819311,1.5577926259731572,0.1324048787355423
69838131035001856,348638623,43,1,10.319804653926642,0.9176830449375181,1.013671476503918,-0.037307292222976685
69824730737081600,348638743,42,4,1.951410048647239,1.5382548350589627,0.29034853702823327,0.18702828884124756
69823940463098752,348638763,42,1,0.5869427333576354,1.4922461365222317,-0.23140426979160084,0.1738404631614685
69823940463098752,348638763,43,1,4.082764460277825,1.3910219128113988,0.6109543256608676,0.14333397150039673
69823940463098752,348638763,44,1,0.5378796667789151,1.692920669664949,-0.26931487284517475,0.22863660752773285
69811639676769536,348638801,42,2,0.1630655017969714,1.5399928904024185,-0.7876379087570156,0.18751871585845947
68322145018429952,348638809,42,2,0.0227813085932977,1.338908646061337,-1.642421332999434,0.12675094604492188
68310359628169088,348638810,42,3,0.0843317242409379,1.3718380538336294,-1.0740090200254464,0.13730284571647644
68310359628169088,348638810,44,3,0.6187751336298526,1.6452562019936485,-0.20846714737139396,0.2162335366010666
68310359628169472,348638812,42,3,0.7017182157538504,1.3855437656859129,-0.15383724956680936,0.14162024855613708
68310359628169472,348638812,43,3,0.2745559668811322,1.3209075516435258,-0.5613691133991842,0.12087242305278778
68310359628169472,348638812,44,3,9.574411903988493,1.3837600858751284,0.9811121074765364,0.14106079936027527
69811364798863744,348638813,42,1,7.678678799433826,1.5397708769663427,0.8852865013497445,0.18745610117912292
69811364798863744,348638813,43,1,14.922692682824588,1.3394192236802913,1.1738471952398537,0.1269165277481079
69811364798863744,348638813,44,1,28.702682793265172,1.6035798202548475,1.4579224914328914,0.20509058237075806
68308882159427840,348638859,42,1,1.615909919811075,1.488287435207621,0.20841714702063197,0.17268681526184082
68308882159427840,348638859,43,1,6.882609868742709,3.7570366638070456,0.8377531528670887,0.5748454332351685
68308882159427840,348638859,44,1,3.0148591558938533,1.3951887966650165,0.4792670281687527,0.1446329802274704
68303487680516224,348638902,42,0,0.661305553800621,1.6883172250311909,-0.17959782997281398,0.2274540513753891
68303487680516224,348638902,43,0,8.934521990088196,1.6265360242949924,0.9510713220772238,0.21126368641853333
68303487680516224,348638902,44,0,7.515278982429214,1.5789157898733837,0.875945107115963,0.19835896790027618
68303728198686080,348638903,42,3,22.06811103957419,1.3042542161855186,1.343765160520115,0.115362249314785
68303728198686080,348638903,43,3,6.610241510444966,1.3916329605110669,0.8202173270707368,0.14352470636367798
68303728198686080,348638903,44,3,23.383220589284623,1.3501435469530312,1.3689043266645482,0.13037994503974915
65299965511216384,348638938,42,4,28.18275969454796,1.5430117895033286,1.4499835175679308,0.1883692443370819
65299965511216384,348638938,43,4,1.4064565156175002,1.6813548091317254,0.14812630932787718,0.22565937042236328
65299381395665664,348638969,43,0,7.803263137270864,1.5760290360303582,0.8922762521978459,0.19756421446800232
65299381395665664,348638969,44,0,23.597236423499545,1.4476654484936027,1.3728611438047493,0.16066820919513702
65293368441513344,348638984,42,3,18.17486755076024,1.4284421025052767,1.2594712546241398,0.154862642288208
65293368441513344,348638984,43,3,20.298205515345693,1.4295739823606028,1.3074576453402487,0.15520663559436798
65292268929825408,348639006,42,1,2.797725164186858,1.547212295521782,0.446805049133807,0.18954990804195404
65285633203088768,348639093,42,3,4.56608882201018,1.4506190216524781,0.6595443553657145,0.16155336797237396
65248151025861120,348639179,42,4,0.3516611885675774,1.5516535735027182,-0.4538755603752485,0.19079476594924927
65248151025861120,348639179,43,4,0.4768783173507352,1.5190587412925658,-0.3215924235694946,0.18157456815242767
65248151025861120,348639179,44,4,0.2268404689502095,1.1915397774131677,-0.6442794635625608,0.07610854506492615
46843632046026240,348665154,43,4,11.5643314409125,1.4493142263216223,1.0631205303262412,0.16116255521774292
46843632046026240,348665154,44,4,3.8096193267679297,1.586688255649156,0.5808815813071754,0.20049160718917847
5419087269618221824,34870785,62,3,14.117647026924892,1.3600333907195292,1.1497623193520494,0.13354957103729248
5419087269618221824,34870785,63,3,28.10586340226036,1.4955588096595978,1.4487969312079565,0.1748034954071045
66584332530000512,348722861,42,0,0.920532727199462,1.5688939761221097,-0.03596076664994622,0.19559359550476074
66584332530000512,348722861,43,0,0.3369500385687584,1.6504602504509676,-0.4724344895810517,0.21760506927967072
66584332530000512,348722861,44,0,0.4231333018892845,1.581256831996846,-0.3735227930151864,0.19900241494178772
67085641114472320,348723421,42,3,8.872781658634599,1.4461448210781267,0.9480597945340572,0.16021178662776947
67331381964358656,348723803,42,2,0.0189828791196896,1.4790470388151749,-1.7216379177798231,0.16998198628425598
67285614792891264,348768846,42,0,0.5453960706764099,1.5186674172523789,-0.2632879952717266,0.18146267533302307
67285614792891264,348768846,43,0,1.975850353063265,1.4786046850788668,0.2957540489054892,0.16985207796096802
67285614792891264,348768846,44,0,0.1818434604289091,1.6327905219110697,-0.7403023127049906,0.21293047070503235
67281869581448704,348768951,43,1,1.8162879429760104,1.2858566571270482,0.2591846999849419,0.10919255763292313
66628995894842624,348769378,43,0,3.0957425925274142,1.5038513909511615,0.4907648424202709,0.1772049218416214
66628995894842624,348769378,44,0,32.824546624011404,1.119873208779434,1.5161987362832272,0.04916885495185852
66624357329718400,348769440,44,4,11.688268849878064,1.5153363656145031,1.0677501925459918,0.1805090457201004
66581549393480704,348769589,42,4,0.4823797341280092,1.5565914594581218,-0.316610946185601,0.19217464327812195
66581549393480704,348769589,43,4,1.3279043707606046,1.543201917996464,0.1231668003735786,0.18842275440692902
66581549393480704,348769589,44,4,2.2332868426306347,1.5930832460650364,0.3489445072949865,0.20223847031593323
121984909523078016,34883452,58,3,0.2968097776881572,1.5160661069949921,-0.5275217963644796,0.18071813881397247
5496747081552620928,348839142,61,4,12.755024375341486,1.5506011809218287,1.1056812929000375,0.19050011038780212
5496747081552620928,348839142,62,4,28.34003278879998,1.5317011310266948,1.452400348380978,0.18517403304576874
5496747081552620928,348839142,63,4,29.37810526623806,1.730973420816039,1.4680237826403373,0.23829039931297302
5496747081552620928,348839142,64,4,29.81502722177498,1.6689172510509698,1.4744352102023437,0.22243480384349823
5496747081552620928,348839142,65,4,48.894274095201624,1.75749845368087,1.6892580027951964,0.24489495158195496
5496747081552620928,348839142,66,4,2.340803659866891,1.6764237358696885,0.36936498780496796,0.22438380122184753
5496747081552620928,348839142,67,4,5.064657918328506,1.7735113988029378,0.7045501171791413,0.24883398413658142
5484571119849822464,348839788,1,3,0.204405213497157,2.007972404508403,-0.6895080314131979,0.30275774002075195
5484571119849822464,348839788,2,3,0.0819327565866832,1.4267313503319194,-1.0865424332738145,0.15434220433235168
5484571119849822464,348839788,3,3,0.2696385574179877,1.4039407873444838,-0.5692180050278448,0.1473487913608551
5484571119849822464,348839788,4,3,0.1340414903329322,1.5696856474287912,-0.8727607521306301,0.19581268727779388
5484571119849822464,348839788,6,3,0.0284382052182034,1.3802717848363644,-1.5460978161147954,0.13996461033821106
5484571119849822464,348839788,9,3,0.0165396045849497,1.3665926212234676,-1.781474877409055,0.13563907146453857
5484571119849822464,348839788,10,3,0.0657149703884253,1.3397944697508706,-1.182335683461896,0.12703818082809448
5484571119849822464,348839788,11,3,0.133671622895612,1.848665385333662,-0.8739607791844374,0.26685830950737
5484571119849822464,348839788,12,3,0.0622632222654978,1.3898793058610381,-1.2057684073298143,0.14297708868980408
5484571119849822464,348839788,13,3,0.1049206927637727,1.5641854932415005,-0.9791388505398381,0.1942882537841797
5484571119849822464,348839788,27,3,0.0301318774553138,1.3287339464329377,-1.5209738074876018,0.1234380304813385
5484571119849822464,348839788,30,3,0.127998445626165,1.2961312637372868,-0.8927953042589923,0.11264898627996445
5484571119849822464,348839788,31,3,0.0281437382168364,1.2845893602792462,-1.5506182175224923,0.10876432061195374
5484571119849822464,348839788,32,3,0.0201886238938875,1.314564731505929,-1.694893282624407,0.11878197640180588
5484571119849822464,348839788,33,3,0.0447851779373557,1.5082887250036685,-1.3488656959374457,0.1784844845533371
5484571119849822464,348839788,34,3,0.1956999680610593,1.6095879223582341,-0.708409245220419,0.2067147046327591
5484571119849822464,348839788,36,3,0.0272681331206144,1.822303641561263,-1.564344594481153,0.26062074303627014
5484571119849822464,348839788,37,3,0.0508204548187528,1.475355230168207,-1.2939614525404561,0.1688966006040573
5484571119849822464,348839788,38,3,0.0823201590439866,1.3793602402132208,-1.0844937991802805,0.13967770338058472
5484571119849822464,348839788,39,3,0.0770800373148868,1.209383941060966,-1.1130580837720918,0.08256419748067856
5484571119849822464,348839788,61,3,0.1207144734415688,1.4614353344932343,-0.9182406556775606,0.16477960348129272
5484571119849822464,348839788,63,3,0.1744547856113454,1.413645103324861,-0.7583171125667277,0.15034039318561554
5484571119849822464,348839788,64,3,0.7148290595515189,1.158120810641197,-0.14579780067346862,0.06375386565923691
5484571119849822464,348839788,66,3,0.136681464263658,1.3501386365083599,-0.8642903772670384,0.1303783655166626
5484571119849822464,348839788,67,3,0.0357242258873167,1.43929991174081,-1.4470371732160463,0.1581512987613678
111721552594418304,34885758,42,2,4.287430401166414,1.630473711803621,0.6321970831068717,0.21231380105018616
163511608280866816,348867108,43,0,1.488598129665451,1.6815147891352646,0.17277746899114477,0.22570069134235382
163891901865601408,348887616,44,1,0.0919668288605628,1.512946989484501,-1.0363687883124018,0.17982371151447296
5479628029106555776,348899935,28,3,0.0535265722374804,1.4685251290496153,-1.2714305673023942,0.16688138246536255
5479628029106555776,348899935,29,3,0.038394238672698,1.5382338817971695,-1.4157339397047652,0.1870223730802536
5479628029106555776,348899935,30,3,0.0499361085575512,1.3665911207628092,-1.3015853045523766,0.13563859462738037
5479628029106555776,348899935,31,3,0.0860478230877378,1.4962995625389028,-1.065260112354922,0.1750185489654541
5479628029106555776,348899935,32,3,0.0271983415971135,1.2609232672932134,-1.5654575760091798,0.10068865865468979
5479628029106555776,348899935,33,3,0.0556537417651965,1.422743848772016,-1.254505631448797,0.15312671661376953
5479628029106555776,348899935,34,3,0.0504845598062687,1.531701709126205,-1.2968414261635406,0.18517419695854187
5479628029106555776,348899935,35,3,0.0235290582812848,1.5974978368865236,-1.6283954545250372,0.20344027876853943
5479628029106555776,348899935,36,3,0.147613176133727,1.5302309944612147,-0.8308748751229225,0.18475699424743652
5479628029106555776,348899935,37,3,0.0431620410426467,1.338671527097589,-1.3648980266258244,0.12667402625083923
5479628029106555776,348899935,38,3,0.0690235389966493,1.3910859647512999,-1.1610027771900888,0.14335396885871887
5479628029106555776,348899935,39,3,0.0558616032796263,1.3917734439390264,-1.2528866038032487,0.14356854557991028
148021722825803904,349003587,43,2,0.2562868751713694,1.4918820924504574,-0.5912736341068268,0.17373450100421906
148021722825803904,349003587,44,2,0.4617636079748967,1.564409577650847,-0.3355802972275672,0.194350466132164
5287208409004384384,349055504,5,1,7.391734627163414,1.3614036797179774,0.8687463667581321,0.1339869201183319
5287208409004384384,349055504,6,1,0.4939232077722703,1.4308617913660617,-0.3063405673378618,0.15559768676757812
5287208409004384384,349055504,7,1,1.042168036018148,1.4188354987205525,0.017937748936463344,0.15193204581737518
5287208409004384384,349055504,8,1,0.3411103552887976,1.5226825800051342,-0.4671050962580386,0.18260937929153442
5287208409004384384,349055504,12,1,9.082816145201209,1.3903081862476345,0.9582205232676824,0.14311107993125916
5287208409004384384,349055504,13,1,0.8333332535965577,1.5076603378168052,-0.07918128760271678,0.17830350995063782
5287208409004384384,349055504,27,1,0.4755669690999035,1.4420334446940344,-0.32278831729096047,0.15897533297538757
5287208409004384384,349055504,28,1,0.1949511136826752,1.3883865545781573,-0.7100742795072398,0.14251039922237396
5287208409004384384,349055504,29,1,0.838823507085777,1.4402830896501662,-0.0763294074215371,0.15844786167144775
5287208409004384384,349055504,30,1,0.4496655824481178,1.471395950822714,-0.3471103522027633,0.16772955656051636
5287208409004384384,349055504,34,1,0.3579215468583393,1.4890798671936336,-0.44621215631799377,0.17291799187660217
5287208409004384384,349055504,36,1,2.7878233141874067,1.5454237774731774,0.44526524571543014,0.18904758989810944
5287208409004384384,349055504,37,1,28.639182842953364,1.4554320225369555,1.4569606221602902,0.16299192607402802
5287208409004384384,349055504,38,1,6.34410966075815,2.3440637977678915,0.8023706813477778,0.3699694275856018
5287208409004384384,349055504,39,1,1.1805066033559146,1.4276274688422559,0.07206842071844338,0.1546148955821991
5287208409004384384,349055504,61,1,3.8347034746719704,1.5335283835312061,0.5837317869831418,0.18569181859493256
5287208409004384384,349055504,62,1,11.52471233245102,1.4636469344238856,1.0616300938023933,0.16543632745742798
5287208409004384384,349055504,63,1,6.11130365805241,1.490780620943955,0.7861338634514817,0.1734137386083603
5287208409004384384,349055504,64,1,4.423599761771682,1.7294849908932797,0.6457758260006962,0.23791679739952087
5287208409004384384,349055504,65,1,1.934808315153576,1.5709662074669464,0.2866379451716349,0.19616684317588806
5287208409004384384,349055504,66,1,5.470975426926325,1.5988043228473827,0.7380647641332968,0.20379531383514404
3420008412568724736,349072683,43,3,0.6617831400465594,1.2950819761337886,-0.17928430136174395,0.11229725927114487
3420008412568724736,349072683,44,3,3.9568712253891274,1.416420886978344,0.5973519165756193,0.1511923223733902
5281448892220945536,349195685,2,2,0.3657243995111116,1.6614295563209587,-0.43684606449227875,0.22048193216323853
5281448892220945536,349195685,4,2,2.884813954095173,1.7768754019184856,0.46011781010346425,0.24965697526931763
5281448892220945536,349195685,5,2,15.859081896315493,1.6351919187529784,1.2002780418148002,0.21356873214244843
5281448892220945536,349195685,7,2,18.318570434534507,1.558905552624788,1.2628915786867472,0.19281980395317078
5281448892220945536,349195685,8,2,0.8906788388554591,1.4867647439985785,-0.05027886572344873,0.17224225401878357
5281448892220945536,349195685,9,2,1.420558603659693,1.3817996660216754,0.1524591547932275,0.14044508337974548
5281448892220945536,349195685,10,2,8.600212732565245,1.351684176759587,0.9345091939687478,0.13087522983551025
5281448892220945536,349195685,11,2,0.1321188499390383,1.6712849025405103,-0.8790352153870976,0.22305049002170563
5281448892220945536,349195685,12,2,1.227816893133425,1.3564242195922758,0.08913360440195683,0.13239553570747375
5281448892220945536,349195685,13,2,3.515584358286388,1.5186306299520638,0.5459975235197655,0.18145215511322021
5281448892220945536,349195685,27,2,0.8232844195732364,1.5582323387672958,-0.0844501034119895,0.19263221323490143
5281448892220945536,349195685,29,2,0.9787960421062613,1.5874449504525288,-0.009307795444978678,0.20069867372512817
5281448892220945536,349195685,30,2,0.87281292863122,1.4027948846090958,-0.05907882934041569,0.14699417352676392
5281448892220945536,349195685,31,2,3.018163414372475,1.5826107431777607,0.479742750363,0.19937410950660706
5281448892220945536,349195685,33,2,2.328610930506529,1.5091230812688639,0.36709693170801333,0.17872466146945953
5281448892220945536,349195685,34,2,0.8560215108257038,1.3676939815106506,-0.06751532187012933,0.13598893582820892
5281448892220945536,349195685,35,2,0.3227869359477477,1.409105898444913,-0.4910840506557192,0.14894363284111023
5281448892220945536,349195685,36,2,25.775446172392485,1.6547045115188566,1.4112061916483163,0.2187204509973526
5281448892220945536,349195685,37,2,6.858864286193943,1.6543020265517043,0.836252209719517,0.21861480176448822
5281448892220945536,349195685,38,2,4.134134310470254,1.4437235103684054,0.6163845819546852,0.15948402881622314
5281448892220945536,349195685,39,2,8.74830920045079,1.4196814047061193,0.94192412435148,0.1521908938884735
5281448892220945536,349195685,62,2,3.144522290729177,1.85164162655935,0.49755467768004336,0.26755693554878235
5281448892220945536,349195685,64,2,21.099383622805036,1.5427372537445772,1.3242697684197535,0.18829196691513062
5281448892220945536,349195685,65,2,2.061927874587841,1.3448602106798526,0.31427346976595366,0.1286771446466446
5281448892220945536,349195685,66,2,0.3405771591503134,1.3990014798527224,-0.46778448141042567,0.14581817388534546
5281448892220945536,349195685,67,2,1.1751802679689691,1.4992139810694578,0.0701044907603001,0.1758636236190796
120907044530235776,349294505,58,2,11.919827819885173,1.4853488477953027,1.0762699821312454,0.1718284636735916
122143479715593472,34942528,43,2,8.063278011172587,1.4770694997134586,0.9065116339574433,0.16940093040466309
122143479715593472,34942528,58,2,19.161981284616772,1.5690406714244487,1.2824404116574641,0.19563420116901398
170677640956492160,349448154,43,0,1.7090643302557278,1.4210523055039532,0.23275841014570364,0.15261006355285645
170677640956492160,349448154,59,0,65.98161095298657,1.4985205784031905,1.819422914717234,0.17566271126270294
173117525974708096,349583705,43,4,1.612285347974437,1.5644936913899652,0.20744190724805814,0.19437381625175476
173117525974708096,349583705,44,4,49.95209388575894,1.6381814182453565,1.6985536976465114,0.2143619954586029
172910744773671936,349689239,44,3,27.642427708851663,1.3855176191209082,1.441576182488616,0.14161205291748047
171644901948236160,349696696,44,2,0.1468660336218068,1.568011832663275,-0.8330786338646182,0.1953493356704712
5491972001335869440,349920992,62,4,0.2742100323593749,1.5701479229972943,-0.5619166599819089,0.19594056904315948
5879951932099030528,35001854,11,4,3.00274072403559,1.6104498028063277,0.4775178340365137,0.2069471925497055
5879951932099030528,35001854,12,4,0.5576785806364275,1.4627001517832723,-0.25361603560534607,0.1651553064584732
5879951932099030528,35001854,38,4,0.4139800020312489,1.5789648185410161,-0.38302063766471967,0.19837245345115662
5289206152913535360,350092591,27,1,0.1113506697356924,1.7168866676852563,-0.9533071664912738,0.23474162817001343
5289206152913535360,350092591,28,1,0.0842506457277027,1.3688173168636457,-1.074426761852429,0.1363454908132553
5289206152913535360,350092591,29,1,0.036209426049141,1.5927214340879166,-1.4411783590732523,0.20213982462882996
5289206152913535360,350092591,30,1,0.0884705572392858,1.4089233961774614,-1.0532012372794068,0.14888738095760345
5289206152913535360,350092591,31,1,0.1467359628911991,1.5623888803812858,-0.8334634337292414,0.19378913938999176
5289206152913535360,350092591,32,1,0.09478664135574,1.4240067916985304,-1.0232528651333308,0.15351206064224243
5289206152913535360,350092591,33,1,0.0695254576928639,1.5177417529527573,-1.1578561434514918,0.1811978816986084
5289206152913535360,350092591,34,1,0.0644647220605567,1.3888102568110028,-1.1906778854552142,0.14264291524887085
5289206152913535360,350092591,35,1,0.0306162209325857,1.7017762690091915,-1.514048416819073,0.23090246319770813
5289206152913535360,350092591,36,1,0.0347420157564673,1.5420975304573943,-1.4591449870831192,0.18811184167861938
5289206152913535360,350092591,38,1,0.0765452921530629,1.4570380524938968,-1.1160815150221604,0.16347089409828186
5289206152913535360,350092591,61,1,0.0297967114037401,1.4589463730707208,-1.5258316653875252,0.16403932869434357
5289206152913535360,350092591,62,1,0.039169901806334,1.471975232740397,-1.407047517168518,0.16790050268173218
5289206152913535360,350092591,63,1,0.0427232907581378,1.4496189896944187,-1.369335303192545,0.16125386953353882
5289206152913535360,350092591,64,1,0.0938409579936108,1.3482259880804421,-1.0276075672904899,0.1297626942396164
5289206152913535488,350092592,27,4,0.166364393487811,1.5677320957758292,-0.7789396189495811,0.19527184963226318
5289206152913535488,350092592,30,4,0.1418180994217718,1.7040913697749709,-0.8482683391290728,0.23149287700653076
5289206152913535488,350092592,31,4,0.1361018994208125,1.5630682877322295,-0.8661358137957726,0.193977952003479
5289206152913535488,350092592,32,4,0.117504965247915,1.5656732628785712,-0.9299437816117299,0.19470113515853882
5289206152913535488,350092592,33,4,0.0497209990514874,1.568170766964668,-1.3034601535985937,0.19539335370063782
5289206152913535488,350092592,34,4,0.1269697614604323,1.5439704006708683,-0.8962996963238138,0.18863897025585175
5289206152913535488,350092592,37,4,0.0295164165901861,1.79545391491252,-1.5299363687179837,0.25417426228523254
5289206152913535488,350092592,38,4,0.2403769434271803,1.58097440670058,-0.6191071915052538,0.19892483949661255
5289206152913535488,350092592,61,4,0.1313663393003043,1.8021483213108542,-0.8815159021193363,0.2557905316352844
5289206152913535488,350092592,64,4,0.0427062463311501,1.6385679497489305,-1.3695085992430303,0.2144644558429718
122441859683763712,35024972,42,2,2.3551406993348487,1.6709994695975965,0.3720168575878234,0.22297631204128265
122441859683763712,35024972,43,2,25.35265575140856,1.6289339791771698,1.4040234594393892,0.21190348267555237
122441859683763712,35024972,58,2,23.70419942760254,1.6624487874180829,1.3748252922832918,0.22074827551841736
4767439021687332096,350559457,1,4,0.9293870379771616,1.7038213794505703,-0.031803388855481105,0.23142406344413757
4767439021687332096,350559457,2,4,0.6213026056777502,1.5065145484438307,-0.20669682499770814,0.17797333002090454
4767439021687332096,350559457,3,4,0.4397880189512129,1.5047146824019524,-0.35675660620363053,0.1774541586637497
4767439021687332096,350559457,4,4,4.04653378875686,1.5338146477395533,0.6070831711240705,0.1857728809118271
4767439021687332096,350559457,5,4,3.501595449224267,1.551507332633335,0.5442659691836294,0.19075383245944977
4767439021687332096,350559457,6,4,1.486697820197966,1.424757958265479,0.1722227046639883,0.15374109148979187
4767439021687332096,350559457,7,4,13.31247133420232,1.6013163256520544,1.1242586856157777,0.20447713136672974
4767439021687332096,350559457,8,4,0.2116072667394803,1.6262618049883757,-0.6744694224087369,0.21119046211242676
4767439021687332096,350559457,9,4,0.9145232193094484,1.5517697987738042,-0.03880526351730546,0.19082729518413544
4767439021687332096,350559457,10,4,0.2101516750805335,1.937871718395108,-0.6774671439629308,0.28732502460479736
4767439021687332096,350559457,11,4,2.98005358165068,1.6577921383980874,0.4742240728031076,0.21953007578849792
4767439021687332096,350559457,12,4,0.1155835892601184,1.4158569096677178,-0.9371038233524152,0.1510193645954132
4767439021687332096,350559457,27,4,18.14250576608173,1.6237988078343766,1.258697269781805,0.21053221821784973
4767439021687332096,350559457,29,4,1.6404280026005658,1.6412918242473502,0.21495717421646204,0.21518580615520477
4767439021687332096,350559457,31,4,0.7131796035564135,1.5868577944933806,-0.14680108584099888,0.2005380094051361
4767439021687332096,350559457,32,4,3.1994645012604925,1.5527382728669115,0.5050772959421441,0.19109825789928436
4767439021687332096,350559457,33,4,11.939822276859292,1.658191603662738,1.0769978624086138,0.21963471174240112
4767439021687332096,350559457,34,4,11.250584236341236,1.5720082576103407,1.0511750756945786,0.19645482301712036
4767439021687332096,350559457,36,4,1.0740571277101774,1.5515105799147235,0.031027381539951656,0.1907547414302826
4767439021687332096,350559457,37,4,0.3607566774002023,1.320913624793713,-0.4427856216170798,0.12087441980838776
4767439021687332096,350559457,38,4,1.1920897803035242,1.481574409553972,0.07630896481872435,0.17072346806526184
4767439021687332096,350559457,62,4,0.2479251125276982,1.5578512882118303,-0.6056794809778948,0.19252599775791168
4767439021687332096,350559457,63,4,1.0419956991839618,1.4042291196735073,0.017865926425571176,0.14743797481060028
4767439021687332096,350559457,65,4,0.2494420695056026,1.69266104459388,-0.6030302989996246,0.22856999933719635
4764908637411876736,350712873,4,1,0.7609115104805215,1.5294833619895598,-0.11866584617890148,0.18454475700855255
4764908637411876736,350712873,5,1,13.072276449630229,1.3059346280366195,1.11635122364974,0.11592143774032593
4764908637411876736,350712873,6,1,1.5055850949894078,1.6618009324813638,0.17770530667039322,0.22057899832725525
4764908637411876736,350712873,7,1,14.153834601949365,1.350144519779095,1.1508741162458953,0.13038025796413422
4764908637411876736,350712873,8,1,25.997769261207672,1.3784501962116367,1.4149360849280976,0.13939107954502106
4764908637411876736,350712873,10,1,5.51395625686557,1.8125659091912638,0.7414633164528781,0.2582938075065613
4764908637411876736,350712873,11,1,9.35455862939672,1.4740576205699158,0.9710233012599215,0.1685144603252411
4764908637411876736,350712873,12,1,1.9119934280625297,1.4995688034773014,0.2814863951780081,0.17596639692783356
4764908637411876736,350712873,13,1,14.351031475754684,1.5165339773607367,1.1568831169675338,0.18085214495658875
4764908637411876736,350712873,27,1,16.721111674354024,1.5120013626283269,1.2232651473846008,0.17955218255519867
4764908637411876736,350712873,28,1,5.171608967073016,1.5369734640396444,0.7136256798080144,0.1866663694381714
4764908637411876736,350712873,29,1,4.27705827396587,1.4486068733039739,0.6311451674626578,0.16095054149627686
4764908637411876736,350712873,30,1,14.152836117620474,1.3261221326733512,1.1508434777975394,0.12258352339267731
4764908637411876736,350712873,31,1,20.58271681608927,1.497849800844095,1.3135026989182579,0.17546826601028442
4764908637411876736,350712873,32,1,23.47531005858356,1.5339051162347677,1.37061133707628,0.1857984960079193
4764908637411876736,350712873,33,1,4.8155927230904645,1.5090740983623887,0.6826497495134919,0.17871056497097015
4764908637411876736,350712873,34,1,1.70672697697286,1.755277071626266,0.2321640531138231,0.24434567987918854
4764908637411876736,350712873,35,1,2.180455124270109,1.4422509658844513,0.3385471529299153,0.15904083847999573
4764908637411876736,350712873,36,1,2.510160721225926,1.3948547478131401,0.3997015294917551,0.14452898502349854
4764908637411876736,350712873,37,1,16.67183286940146,1.3378011801744227,1.2219833479569713,0.12639157474040985
4764908637411876736,350712873,38,1,2.6024984469786965,1.4802448179648227,0.41539047902069726,0.17033354938030243
4764908637411876736,350712873,39,1,5.392755126555201,1.7702565328998174,0.7318107003548594,0.2480362057685852
4764908637411876736,350712873,61,1,2.4976121852155964,1.51279219875941,0.3975250045360013,0.1797792762517929
4764908637411876736,350712873,62,1,30.74208800122864,1.4074991441001035,1.487733361427095,0.1484481394290924
4764908637411876736,350712873,64,1,1.0417432209504929,1.5304061054828721,0.01776068300656763,0.184806689620018
4764908637411876736,350712873,65,1,3.5556285572349946,2.523876029314524,0.5509163856027608,0.40206801891326904
4764908637411876736,350712873,66,1,37.53050803955279,1.448968262296749,1.5743844433707428,0.16105887293815613
4764908637411876736,350712873,67,1,1.578765896493883,1.4908992435788937,0.19831773646905188,0.17344829440116882
6018064886202720512,350768519,12,3,0.9192472666445732,1.4818312481293132,-0.036567652819386974,0.17079874873161316
5498909546046688256,350862394,8,2,0.0353228860970725,1.343722233653108,-1.4519438191141312,0.12830950319766998
5498909546046688256,350862394,30,2,0.0225162047028332,1.9309668897450698,-1.6475048116681346,0.285774827003479
5498909546046688256,350862394,39,2,0.0143719963842536,1.5839559223504425,-1.8424829007283752,0.1997430920600891
5498909546046688256,350862394,61,2,0.018672884916056,1.3612170338288974,-1.728788579408521,0.1339273750782013
5498909546046688256,350862394,67,2,0.020810853281592,1.376125041127356,-1.6817101125856009,0.13865789771080017
118715683496508032,35087588,58,4,0.8545355728794065,1.527509245281346,-0.0682698536177124,0.18398384749889374
122293563052804352,35118678,42,4,21.27903545360356,1.5203328971678665,1.327951938159131,0.18193869292736053
122293563052804352,35118678,43,4,39.831149430674415,1.4846078109976835,1.6002228392789346,0.1716117411851883
122293563052804352,35118678,58,4,28.223911236280337,1.5017285625666645,1.4506171976051319,0.1765914410352707
168047815299448960,35118952,58,1,1.2313101264340038,1.3614502517629443,0.09036745117343575,0.13400177657604218
70461554129560448,35154714,43,0,0.9396760677433114,1.5888697414649746,-0.027021833886775485,0.2010882943868637
70457877637565824,35154750,42,4,1.9169215369803552,1.5428892323138141,0.28260433679363245,0.18833474814891815
66942910762588928,35155385,43,2,1.9710538974410303,1.625954158513277,0.2946984999979588,0.21110829710960388
66830485697459456,35155503,43,0,0.9033223173037151,1.4575228624669974,-0.04415726004088096,0.1636153757572174
66830485697459456,35155503,44,0,1.0143745879819792,1.478557808817584,0.006198360768888277,0.1698383092880249
66828870789879168,35155558,42,2,101.90052054971162,1.3819920740380724,2.00817640256668,0.14050555229187012
66828870789879168,35155558,43,2,37.3923768953897,1.3429038477212598,1.5727830725289784,0.12804491817951202
66828870789879168,35155558,44,2,23.974770637533737,1.4287174269158778,1.379754461042704,0.15494634211063385
66818322350220416,35155618,43,4,0.8138010961454376,1.630631032503583,-0.08948172951149454,0.21235570311546326
66818322350220416,35155618,44,4,1.710937611216374,2.566736581115674,0.23323417342277036,0.40938130021095276
66816187748666624,35155659,42,1,1.7163514097348676,1.4135555680569192,0.23460621106762197,0.1503128856420517
66816187748666624,35155659,43,1,2.299026442280989,1.4221888210903677,0.36154396634134606,0.1529572606086731
66816187748666624,35155659,44,1,2.3500231628822696,1.4159049072621595,0.3710721428940252,0.15103408694267273
66763965244167808,35155744,43,1,1.9026159444078272,1.5173798711815982,0.2793511319247246,0.18109431862831116
66739982146803456,35155775,42,2,0.7404461774029947,1.5659573068909447,-0.13050650460585553,0.1947799175977707
66739982146803456,35155775,43,2,0.1548759093255984,1.3576433844341669,-0.8100161307277104,0.13278570771217346
66739982146803456,35155775,44,2,0.3145645155399046,1.4087218734574085,-0.5022902695524732,0.1488252580165863
66522381924952704,35156014,42,2,36.273396650866225,1.573789634390377,1.5595882249396684,0.19694668054580688
66522381924952704,35156014,43,2,45.3623332028663,1.3782101885440678,1.6566953843123233,0.13931545615196228
66522381924952704,35156014,44,2,20.78980100816098,1.8174119781751836,1.3178503324545465,0.2594533860683441
66521381194879232,35156034,44,1,12.74777989261333,1.4305338771977876,1.1054345561941716,0.15549814701080322
66523103479455744,35156120,43,3,4.18120077504723,1.276895067215583,0.6213010222267084,0.10615520924329758
66523103479455744,35156120,44,3,2.2030313939329567,1.5167345820363134,0.3430206860362428,0.18090958893299103
66523103479455232,35156121,43,2,2.535804165862257,1.4695093626921627,0.40411571097255067,0.1671723574399948
66719194505127168,35156210,42,1,29.727696026443255,1.3660506401250714,1.4731612515602754,0.1354667991399765
66719228864863360,35156221,42,1,31.47414400318739,1.4228425582225617,1.4979539275091307,0.1531568467617035
66719228864863360,35156221,43,1,4.009069555847097,1.3549781389340323,0.6030435911616043,0.13193228840827942
66719228864863360,35156221,44,1,17.570907015090015,1.6209285422793775,1.2447941804754605,0.20976386964321136
66720294016753280,35156235,42,1,52.12996949829869,1.3718208736108093,1.7170874708175918,0.13729740679264069
66720294016753280,35156235,43,1,4.341332905496714,1.369107267163666,0.6376230900259183,0.13643747568130493
66720294016753280,35156235,44,1,3.860950456124519,1.3809696032102063,0.5866942287751022,0.14018411934375763
66720946851771904,35156250,43,2,0.0233239408413388,1.6162462782775047,-1.6321980687907247,0.20850753784179688
66750358787789056,35156348,43,0,10.600790390186772,1.377688038433936,1.0253382472741677,0.13915088772773743
66765751950550144,35156413,43,2,68.8052130344024,1.637287506053076,1.837621343850438,0.21412494778633118
66765751950550144,35156413,44,2,86.59444477955795,1.6442715449331538,1.937490031983064,0.21597354114055634
66940299422471296,35156755,42,4,2.6948170502157756,1.6112904727806983,0.43052928648797384,0.20717383921146393
66940299422471296,35156755,43,4,11.473504737022203,1.5859369821660145,1.0596960992835194,0.2002859264612198
66940299422471296,35156755,44,4,7.029475556931283,1.5808423253611468,0.8469229251297997,0.19888855516910553
66941635153934848,35156762,43,1,38.52428265174163,1.5511809356817863,1.5857345606080886,0.1906624585390091
66951466337428480,35156829,42,4,2.713494848360721,1.5520436520493308,0.4335290013971108,0.1909039318561554
66951466337428480,35156829,43,4,5.683022522342264,1.9244680197414414,0.7545793771972171,0.2843106985092163
66951466337428480,35156829,44,4,3.5324235754174658,1.4272888853742234,0.5480727745875409,0.15451188385486603
69962719446879232,35156991,42,4,20.36381904779446,1.6145884045974892,1.308859229256407,0.2080618292093277
69962719446879232,35156991,43,4,1.700392511185108,1.4558177917296387,0.2305491835932824,0.1631070226430893
70457671479120000,35157428,42,3,1.4606723683678582,1.1098275009327667,0.16455281376691272,0.04525548219680786
70457671479120000,35157428,43,3,19.354778769287183,1.3219639744189868,1.286788211571951,0.12121962010860443
70457671479120000,35157428,44,3,75.24438577141633,1.4665273406372565,1.8764741013495507,0.16629016399383545
66512074003566976,35159411,42,0,26.274646442883196,1.4670410294770317,1.4195368807825655,0.16644226014614105
66512074003566976,35159411,43,0,22.912390771260945,1.527129996404904,1.3600704075915842,0.18387600779533386
66512074003566976,35159411,44,0,2.536689468768574,1.5308158437890385,0.4042673059073596,0.1849229484796524
66515922294233728,35159478,42,0,14.806226269189896,1.486644614014111,1.170444381998076,0.17220716178417206
66556535504957568,35159560,43,3,41.12497971083977,1.424669576667714,1.614105696697301,0.1537141501903534
66747816167123712,35159657,42,4,0.1178672685610031,1.5937150290227562,-0.9286067806292922,0.20241066813468933
66747816167123712,35159657,43,4,0.0397533728840717,1.5471884597781775,-1.4006260176289707,0.189543217420578
66747816167123712,35159657,44,4,0.0326806269238588,1.538658491750494,-1.4857096208372687,0.1871422380208969
66749121837171840,35159699,43,1,1.6015424817645685,1.483563477441806,0.2045384630443231,0.17130613327026367
66749121837171840,35159699,44,1,9.166662363841166,1.513600015199241,0.9622112352530936,0.18001112341880798
66761903659793152,35159780,42,1,32.50240059351713,1.4184170904982274,1.5119154387024272,0.15180395543575287
66761903659793152,35159780,43,1,2.501842888135974,1.3019621197680593,0.3982600331919332,0.114598348736763
66761903659793152,35159780,44,1,1.1642791584630332,1.3486000921904164,0.06605712330738675,0.12988318502902985
66876596467931776,35159964,44,2,65.7857212621324,1.458083875236031,1.8181316405745025,0.1637825071811676
66937859881182848,35160087,43,0,0.1276363875632849,1.1224607963873163,-0.894025495950893,0.05017118155956268
66937859881182848,35160087,44,0,3.5144820792946763,1.6579492506777336,0.5458613331460921,0.21957123279571533
66981599827956864,35200229,42,1,41.77774046281442,1.5439015870762818,1.620944947586184,0.18861961364746094
66981599827956864,35200229,43,1,4.751217241701847,1.4694979676768218,0.6768048882839476,0.167168989777565
66981599827956864,35200229,44,1,3.461438338319898,1.453919699307649,0.5392565995424474,0.16254042088985443
69996976105980800,35200371,43,2,5.585318223410369,1.3840188201758883,0.7470479220772346,0.14114199578762054
69996976105980800,35200371,44,2,3.670836261350585,1.6260725458602734,0.5647650131125812,0.21113991737365723
70453303494018432,35200669,42,3,15.488886194898468,1.6102647595809438,1.1900201887855963,0.2068972885608673
70493268167993984,35200790,42,0,1.5542659397733791,1.7878622654913263,0.19152532996982127,0.2523340582847595
70493268167993984,35200790,43,0,39.39339608664863,1.588455146762058,1.5954234227516255,0.2009749561548233
70493268167993984,35200790,44,0,33.52162641439858,1.6185768037256925,1.5253250817262287,0.2091333121061325
70495707709395584,35204126,43,1,52.9678923571721,1.4535423628289819,1.724012692288801,0.16242769360542297
66974453002505088,35204831,43,3,1.057331571913123,1.4876202684760793,0.024211200430587106,0.17249208688735962
66930403817997696,35204978,42,0,40.272398632964446,1.6909624999283777,1.6050074970531139,0.22813397645950317
66930403817997696,35204978,43,0,23.50992265341184,1.2735902467260667,1.3712512003179769,0.10502972453832626
66930403817997696,35204978,44,0,1.107567225324121,1.5038777582372072,0.044370095799178284,0.17721253633499146
66878245735176704,35205052,43,0,6.474182157588114,1.4687650908187362,0.8111849145479297,0.16695234179496765
66878245735176704,35205052,44,0,37.02953042563938,1.743306014008078,1.568548204762197,0.24137362837791443
66872095342031872,35205082,43,1,19.03032678489974,1.5016427225433462,1.2794462459675355,0.17656661570072174
66872095342031872,35205082,44,1,2.459237195903878,1.5829986103017617,0.39080041889901684,0.19948053359985352
66757746131459200,35205237,42,3,5.657382051622073,1.2691885928656497,0.7526155082982365,0.10352616012096405
66757746131459200,35205237,43,3,3.4909920803051624,1.9759551483864415,0.5429488635710772,0.2957770824432373
66754241438299520,35205316,42,4,0.2355715428666225,1.585889913554125,-0.6278771736575974,0.2002730369567871
66754241438299520,35205316,43,4,0.3847509318569965,1.6421236338120035,-0.41482031964499205,0.21540585160255432
66565365957676416,35205354,43,3,0.0268242127330399,1.3133625983615305,-1.5714730153345675,0.11838464438915253
66565365957676416,35205354,44,3,0.039518096940399,1.4302600675518085,-1.4032039777530225,0.15541501343250275
66553443128503552,35205476,43,1,6.115363234008906,1.4679951550716994,0.7864222579120693,0.16672462224960327
66553443128503552,35205476,44,1,0.9069361399219916,1.5825955388978583,-0.04242329183283711,0.19936993718147278
66539252556578816,35205530,42,1,0.3756353399584597,1.4412394937939907,-0.4252335558442766,0.15873615443706512
66539252556578816,35205530,43,1,4.2066671657367545,1.4278802465924767,0.6239381517122341,0.15469178557395935
66539252556578816,35205530,44,1,0.0795720802782557,1.5776564647677345,-1.099239287891446,0.19801244139671326
66509771901085696,35205613,42,3,21.48738710044036,1.6634427316624898,1.3321836078203178,0.22100785374641418
66509771901085696,35205613,43,3,12.448960949510102,1.782961989232692,1.0951331046264883,0.25114208459854126
66509771901085696,35205613,44,3,33.3499455231746,1.3522390630007035,1.523095128837156,0.13105347752571106
66536331978799616,35205723,44,3,1.058678870431456,1.2628683480242886,0.02476424532994159,0.1013580784201622
66541142342159232,35205768,44,4,16.009742515539607,1.526379636872961,1.2043843472235125,0.1836625635623932
66560349435890176,35205824,42,0,12.32371087504415,0.8438907383408415,1.0907415008388472,-0.07371377944946289
66560349435890176,35205824,43,0,10.879327791365508,1.5034903965497943,1.0366020621342655,0.17710065841674805
66560727393001216,35205836,42,4,2.238564536439165,1.5666100995408754,0.3499696193428254,0.19496092200279236
66560727393001216,35205836,43,4,3.3054510087619207,1.5396239599257564,0.519230724715246,0.18741466104984283
66566946505629440,35205903,44,1,0.1533766861142178,1.4823354461579656,-0.8142406499139981,0.17094649374485016
66658240329321088,35205926,42,1,15.794211746261087,1.5092531059759715,1.1984979561169782,0.17876207828521729
66957612431742080,35206374,42,1,0.3697254431847546,1.400061320174345,-0.43212066180307074,0.14614705741405487
66957612431742080,35206374,43,1,1.43846418192798,1.6100114025432797,0.15789905233361082,0.20682895183563232
66957612431742080,35206374,44,1,0.1519770669618006,1.4109111148938056,-0.818221941287822,0.14949965476989746
66969535261875072,35206455,42,0,2.216241093860609,1.4521503825225441,0.34561700336589957,0.16201159358024597
66969535261875072,35206455,43,0,5.485158277874554,1.6133676074773498,0.7391891639464198,0.20773333311080933
66969535261875072,35206455,44,0,2.844327669707942,1.8827526487031294,0.4539796261466442,0.27479326725006104
6018780148565450880,352162554,12,0,0.0584853736108032,1.699814971517897,-1.2329527314280104,0.2304016500711441
236932356220839424,352901324,58,4,0.5182990516326879,1.7912343139545928,-0.28541958581813287,0.25315240025520325
227379043283984000,352947662,59,3,0.1549123459593706,1.64664236805614,-0.8099139691461177,0.21659928560256958
226898453623006464,353202794,59,0,0.2238220878047262,1.5296904557621684,-0.6500970574932246,0.18460355699062347
225724892459307648,353203910,59,2,0.0941016327738931,1.338970574008385,-1.026402840987833,0.12677103281021118
2272973624497670400,353502339,52,2,0.3089264066830951,1.4229922952734437,-0.5101449671061509,0.15320254862308502
177986678857606656,353764061,59,1,9.647261213212891,1.3126121978297225,0.9844040378194997,0.1181364357471466
178210154596289280,353846256,59,4,6.264458268553132,1.6576295809742472,0.7968835204777319,0.2194874882698059
179710369494047488,353902766,59,4,0.5286919750862245,1.3801356350887666,-0.2767972816172467,0.13992176949977875
68183125516472320,353927315,42,3,12.633857026303115,1.382277843211758,1.101535957801427,0.14059534668922424
68183125516472320,353927315,43,3,0.9567477462371936,1.4531741987974895,-0.019202552148044408,0.1623176783323288
68183125516472320,353927315,44,3,5.924009926438555,1.5353441191405628,0.7726157775658956,0.18620572984218597
68183331674900864,353927317,44,4,27.89898954659771,1.5345680304460494,1.4455884741594882,0.18598614633083344
68233531252642432,353927374,43,0,27.30832999565212,1.3339494446340172,1.4362951422543742,0.12513937056064606
68233531252642432,353927374,44,0,6.491552178494746,1.8208077727021128,0.8123485522637438,0.2602640986442566
68348155340347776,353927521,43,4,3.173836081760692,1.5448597439253435,0.5015844931103489,0.1888890564441681
68348155340347776,353927521,44,4,27.6788425232828,1.5946459382079257,1.442147924792605,0.20266427099704742
68354374452892160,353927610,43,3,6.1643707807707555,1.1953800357029751,0.789888753213124,0.07750599831342697
68354374452892160,353927610,44,3,21.9512392298354,1.5251770234992883,1.3414590428235889,0.18332025408744812
68556508497159936,353927750,43,3,12.751071477249948,1.4188239611484668,1.1055466802292198,0.15192851424217224
68595751615127296,353927867,44,1,13.576495669743402,1.5240771685310013,1.132787685431064,0.18300695717334747
68600321460320768,353927906,42,2,7.723629187726686,1.837619468414274,0.8878214150827746,0.2642555832862854
68607090328759040,353927958,42,3,44.737138177730465,1.403055781944912,1.6506681989521144,0.14707493782043457
68607090328759040,353927958,43,3,12.591281590899378,1.4401998724301406,1.100069936583544,0.15842276811599731
68607090328759040,353927958,44,3,7.562632767223576,1.4908272197408987,0.8786730120660053,0.17342731356620789
68660244843997312,353928017,44,4,0.1686741079151104,1.5255260564765436,-0.7729515780665137,0.1834196299314499
70175474946486784,353928091,43,3,42.135141505169045,1.418538326622424,1.6246444567789369,0.15184107422828674
70189837317110016,353928189,42,0,3.0898724966475077,1.6132324877602677,0.48994055866596803,0.20769695937633514
70189837317110016,353928189,43,0,44.042678402683805,1.2635925001938646,1.6438737222010629,0.10160703957080841
71409985986006016,353929099,42,2,0.9709020627235128,1.4520353909525017,-0.012824576234028325,0.16197720170021057
71409985986006016,353929099,43,2,2.455997905289107,1.3739077487665177,0.3902279920612433,0.13795757293701172
71409985986006016,353929099,44,2,48.12465682340363,1.796411375604084,1.6823676455766399,0.25440579652786255
71409985986006016,353929099,58,2,33.55495431144175,1.7591043019516475,1.5257566518156325,0.2452915906906128
232162125023265152,354024469,59,1,0.3134575656245523,1.4119281405530468,-0.5038212435492434,0.14981259405612946
441781955276048256,354130794,58,4,19.421675880838976,1.9707832938626715,1.288286702111535,0.29463887214660645
4802947444765742848,354571603,5,1,0.6772946953378752,3.7581516291028567,-0.16922232583245597,0.5749742984771729
4802947444765742848,354571603,6,1,0.2914406635534424,1.445564544646866,-0.5354498529613422,0.16003748774528503
4802947444765742848,354571603,33,1,7.2290547662688525,1.2891032728718235,0.8590815149113437,0.11028771102428436
4802947444765743104,354571604,5,1,0.2290049529625175,1.4429435311223064,-0.6401551245551834,0.15924933552742004
4802947444765743104,354571604,6,1,0.2094378276378728,1.420535174777985,-0.6789448754236546,0.1524519920349121
4802947444765743104,354571604,33,1,3.1029766957318805,1.5459342836132983,0.4917785139170518,0.1891910284757614
249293478258283904,354795507,59,1,11.522758688514836,1.457200537866679,1.0615564669144497,0.16351932287216187
249298460420296448,354795829,59,1,3.716532206486997,1.4475773345966594,0.5701379006366084,0.16064177453517914
249673217788323712,354795914,59,4,0.2374879968541347,1.566044674082416,-0.6243583356464749,0.1948041468858719
5520757731149443712,354931043,35,0,0.0212637838268845,1.429544258135187,-1.6723594515287141,0.1551976054906845
986225547448347776,355078068,47,2,0.0257251204420064,1.3232859635231151,-1.5896425832447785,0.12165370583534241
986225547448347776,355078068,60,2,0.0146799106040746,1.493523322100011,-1.8332765891253515,0.1742120087146759
5504459227910113280,355279206,61,2,2.909054444920584,1.597149051053425,0.4637518494379525,0.20334544777870178
5504459227910113280,355279206,62,2,17.146599859896707,1.568501007974355,1.234178013096888,0.19548480212688446
5491682971514706176,355353917,7,3,0.022687233726945,1.2705855552020975,-1.644218454770097,0.1040039137005806
5510159336707573632,355359657,61,1,1.2956885343807438,1.4841156213629076,0.11250061568835704,0.17146773636341095
5510159336707573632,355359657,62,1,3.1083450095957996,1.44161225149743,0.4925292171584357,0.15884846448898315
5300961615845927936,355373774,8,4,23.301927160632,4.43709614475292,1.367391840365827,0.6470988392829895
5300961615845927936,355373774,9,4,7.624582511239942,1.4424732217114735,0.8822160686052347,0.1591077595949173
5300961615845927936,355373774,10,4,1.1342849776028925,1.5867479242876932,0.05472218035216963,0.20050793886184692
5300961615845927936,355373774,35,4,12.281174098754118,1.5734033218447196,1.0892398879969667,0.1968400627374649
5300961615845927936,355373774,36,4,43.22161064140971,1.5520701720045529,1.6357009467129606,0.19091135263442993
5300961615845927936,355373774,37,4,1.732638352111433,1.5464585419051964,0.23870792331822183,0.18933828175067902
5300961615845927936,355373774,62,4,12.10067407970032,1.508701238336437,1.082809563782576,0.17860324680805206
5300961615845927936,355373774,64,4,35.22163078110794,1.8952667941291612,1.546809460173001,0.27767035365104675
5297800829152578816,355794672,9,4,102.28861651036958,1.5561014067379206,2.0098273046621795,0.192037895321846
5297800829152578816,355794672,10,4,4.82806706507059,1.5634522236826518,0.683773294107125,0.19408461451530457
5297800829152578816,355794672,11,4,19.359603138301683,1.530408678477836,1.2868964502548006,0.1848074197769165
5297800829152578816,355794672,35,4,13.137110607517227,1.6532613559215685,1.1184998564568263,0.21834151446819305
5297800829152578816,355794672,36,4,7.9306975217425695,1.6763788132765647,0.8993113861223645,0.22437216341495514
5297800829152578816,355794672,37,4,5.639884953477495,1.5960691969519936,0.7512702450153486,0.20305171608924866
448749904056580992,355824252,18,4,9.560188253649008,1.5836781227275634,0.9804664442338402,0.19966691732406616
448749904056580992,355824252,19,4,18.6046867748273,1.6040961078800358,1.269622362715027,0.20523038506507874
448749904056580992,355824252,59,4,0.4422116137823175,1.4942703984191144,-0.3543698557524623,0.17442919313907623
5411758406149071872,35596772,63,4,19.563331667658904,1.5820120221573941,1.2914428178169177,0.1992097795009613
5418346439299020288,35602999,63,2,5.500941638477725,1.3094307073814138,0.7404370373835903,0.11708252131938934
5298428169260191104,356460403,9,4,13.793578576049416,1.4464118949367994,1.1396769532106932,0.16029198467731476
5298428169260191104,356460403,10,4,12.870150713709434,1.475838741802545,1.1095836326657782,0.16903890669345856
5298428169260191104,356460403,35,4,18.17794154700445,1.571165333049081,1.2595447025717712,0.19622188806533813
5298428169260191104,356460403,36,4,5.110463297547062,1.5462538998044086,0.7084602736078026,0.18928080797195435
5298428169260191104,356460403,37,4,9.061236103680274,1.7086485355522625,0.9571874467263993,0.23265273869037628
5298428169260191104,356460403,62,4,2.700952453061338,1.4758782904432157,0.43151693903571275,0.16905054450035095
5298428169260191104,356460403,64,4,8.444477913902592,1.4543747282402149,0.9265728041592246,0.16267631947994232
5197213279191665920,356814191,11,1,0.2963373829883101,1.4572681371184815,-0.5282135587748951,0.16353946924209595
5197213279191665920,356814191,13,1,0.4055174296056831,1.470789999020842,-0.39199047457516073,0.16755066812038422
5197213279191665920,356814191,65,1,2.465905083898298,1.3638970782835058,0.3919763559853658,0.1347815990447998
5197213279191665920,356814191,66,1,0.0242660964034517,1.4152096840594854,-1.6150000813850958,0.150820791721344
3419962546614118144,356883380,43,2,6.082862645786755,1.565270252730104,0.7841080099775769,0.19458933174610138
5197785708136379264,356898284,12,0,0.0657418495964691,1.4954911274910514,-1.1821580815406663,0.1747838407754898
5200035927402217088,356900912,11,3,6.122891539999563,1.5884851230288184,0.7869565664752745,0.20098315179347992
5200035927402217088,356900912,12,3,2.0630711959343113,1.2300735870915187,0.3145142155969419,0.08993109315633774
5200035927402217088,356900912,38,3,2.218753681317005,1.3964078748264026,0.3461090909735175,0.1450122892856598
5200035927402217088,356900912,39,3,1.378586095080146,1.3042596310092371,0.1394338937284431,0.11536405235528946
5197359166343260928,356939924,66,4,0.1033994397359533,1.577226937464298,-0.9854818144359168,0.19789418578147888
5297100607744079872,357023705,9,0,3.7594613175250786,1.5022440665691217,0.5751256205695914,0.17674049735069275
5297100607744079872,357023705,10,0,7.2395750891285715,1.5973925463999727,0.8597130769896696,0.20341165363788605
5297100607744079872,357023705,36,0,4.146402794805255,1.5208569792099806,0.6176714885596465,0.18208837509155273
5297100607744079872,357023705,37,0,0.3385743263034387,1.4881435922926074,-0.4703459770229477,0.17264483869075775
5297100607744079872,357023705,38,0,5.964814722878683,1.6307894874692903,0.7755969583029099,0.21239790320396423
5297100607744079872,357023705,62,0,1.2121140914963942,1.4337720293653227,0.08354350017292657,0.1564801037311554
5297100607744079872,357023705,63,0,1.6054337637277123,1.440784965707487,0.20559239234353244,0.15859916806221008
5297100607744079872,357023705,64,0,0.9668903716779336,1.4799104104187377,-0.014622764463383408,0.17023542523384094
5788534858859490432,357105141,11,3,4.1178902551724486,1.3606980536566575,0.614674768166392,0.13376176357269287
5788534858859490432,357105141,12,3,1.838776181380706,1.5722709011219471,0.26452886947357157,0.1965273767709732
5788345708499360256,357105301,11,4,0.4630185864605554,1.459929797133213,-0.3344015752126249,0.16433197259902954
5788345708499360256,357105301,38,4,0.3694086460333855,1.6529454258164384,-0.4324929440862289,0.21825851500034332
5788345708499360256,357105301,39,4,0.1199571559603221,1.5854486248512325,-0.9209738393895052,0.2001521736383438
5788629416859695360,357158755,11,4,0.044797710763249,1.486320643020839,-1.3487441785976373,0.17211250960826874
5784054864371100288,357162748,66,1,9.19417189025694,1.4781967490799461,0.963512618871791,0.1697322428226471
5782928071110346368,357207000,65,2,31.86282343726223,1.564530623420158,1.5032842569922016,0.19438406825065613
5782928071110346368,357207000,66,2,12.997539289967998,1.376875893653982,1.1138611389265831,0.13889479637145996
5788291557551905280,357311864,11,2,4.954363110816623,1.5754150750177385,0.6949878333448811,0.19739499688148499
5788291557551905280,357311864,12,2,0.7710371034630215,1.3088060409528337,-0.11292472254368288,0.1168752908706665
5783851794020129408,357314434,66,4,0.1068775318595386,1.5375198998043775,-0.9711135839867896,0.18682074546813965
2495869576617667328,35745429,31,1,0.1845511203915065,1.3032674156658086,-0.7338833139016925,0.11503353714942932
5788400615362184704,357567470,11,3,0.0779890922148412,1.4428215458268685,-1.1079661347732066,0.1592126190662384
5788400615362184704,357567470,12,3,0.7570740034190642,1.2037999925732714,-0.12086166646334177,0.08055433630943298
5787367211869748608,357709302,38,3,0.0534809859315167,1.399872400363332,-1.2718005950400013,0.14608845114707947
5787367211869748608,357709302,39,3,0.1610247002561023,1.212488476332248,-0.7931075006008165,0.08367761969566345
5787367211869748608,357709302,66,3,0.1467427116332117,1.308177139117948,-0.8334434599344086,0.11666655540466309
5783990646019774080,357779388,66,0,5.838670576998142,1.5245654532825932,0.7663139726604643,0.18314607441425323
5784226834860798080,357906942,11,3,0.0205923749512961,1.2340962157824176,-1.686293562621295,0.09134902060031891
5784226834860798080,357906942,12,3,0.0233662359786329,1.4305361350323813,-1.631411241624343,0.15549883246421814
5784226834860798080,357906942,66,3,0.0139538481697616,1.3228044787231643,-1.8553060068401386,0.12149565666913986
4538445491620915840,357950905,26,1,0.1063050882775135,1.4699766344078582,-0.973445947537291,0.167310431599617
5787985373626550784,358020786,11,2,0.0705415108732923,1.8962958299853185,-1.1515552427560438,0.2779060900211334
5841242525720711040,358997116,39,2,0.047007181189426,1.6784940685927296,-1.327835790730101,0.22491981089115143
5869799144814683008,359110060,11,2,0.5998454042602095,1.6401548869694156,-0.22196066416276364,0.21488486230373383
5836756960654872832,359137193,11,3,10.736379380143926,1.3190561811638284,1.0308578493033067,0.12026329338550568
5836756960654872832,359137193,12,3,11.751766319843988,1.272563791907482,1.0701031470596603,0.10467956215143204
5836756960654872832,359137193,38,3,1.002123869739084,1.263221627810911,0.0009214067799680161,0.10147955268621445
5836756960654872832,359137193,39,3,1.0478985131643364,3.5253949067136046,0.020319224148718364,0.547207772731781
6063860919887691136,359299728,38,4,0.0858819787491326,1.620567801501034,-1.0660979578323269,0.20966720581054688
5838183443852841216,359357695,38,4,1.6003886924891209,1.4767613466929297,0.20422547421975176,0.1693103164434433
5838183443852841216,359357695,39,4,3.35206011577396,1.5820041514729124,0.5253117986559701,0.1992076188325882
5838183443852841216,359357695,64,4,0.9812535838849344,1.4899710779024196,-0.008218744046835322,0.1731778383255005
6136010593708194176,359627920,11,3,0.1903751684516045,1.2407970056907345,-0.7203896993745094,0.09370073676109314
6136010593708194176,359627920,64,3,0.0893318837849265,2.4596709302948856,-1.0489935077354469,0.39087700843811035
5788664871812309376,359641042,11,4,3.0446808142654582,1.2831900774556402,0.4835417705751246,0.10829099267721176
5788664871812309376,359641042,38,4,27.467648247423565,1.3976959230991983,1.4388214771530294,0.14541269838809967
5788664871812309376,359641042,39,4,4.650491009466248,1.6051374429604208,0.6674988091144769,0.20551222562789917
5299141546145254528,359740883,9,2,0.3642958376192198,1.346215165891571,-0.43854579090283186,0.12911447882652283
5299141546145254528,359740883,36,2,1.0296438918846658,1.5817616450218956,0.012687047490944956,0.19914104044437408
5299141546145254528,359740883,37,2,2.337484985964391,1.599393045551091,0.3687488300113972,0.20395520329475403
5299141546145254528,359740883,62,2,3.1420972534293083,1.4794303871206458,0.497219623089072,0.1700945347547531
5299141546145254528,359740883,64,2,5.088459950734175,1.700247372512214,0.7065863607059132,0.2305121123790741
6110315664105638784,359763500,11,2,0.1687537404005414,1.5581000189849348,-0.7727465923202712,0.19259533286094666
5841394189606679040,359766629,11,0,0.105435209416991,1.6670885437531502,-0.9770143350246369,0.22195866703987122
5841394189606679040,359766629,38,0,0.3564102394586068,1.431434594183224,-0.448049827428398,0.15577150881290436
5841394189606679040,359766629,39,0,0.3555625899604235,1.3344025928260983,-0.44908393900786336,0.12528687715530396
5841382846589454080,359766954,11,3,0.3618280058196809,1.5845598372312677,-0.44149782138380167,0.19990864396095276
5841382846589454080,359766954,12,3,9.518707896172293,3.6426326356939494,0.9785779996820371,0.5614153742790222
5841382846589454080,359766954,38,3,7.282928573330237,1.4489510607224645,0.8623060506709185,0.16105371713638306
5841382846589454080,359766954,39,3,1.575990818214995,1.0967119045719098,0.19755368294403297,0.04009255766868591
5841382846589454080,359766954,64,3,1.2449213852368244,1.2823979980805689,0.09514192730659435,0.10802283138036728
5841334609821849472,359767082,11,4,4.057974420587827,2.305397202737542,0.6083093051338552,0.3627457618713379
5841334609821849472,359767082,12,4,12.059471908881315,1.593571549226897,1.0813282902186987,0.20237156748771667
5841334609821849472,359767082,64,4,6.6210769902342115,1.4514617151069067,0.8209286379099351,0.16180558502674103
5841316570956614656,359767456,11,1,0.1295249056933122,1.4223911966185965,-0.8876467152492105,0.15301905572414398
5841316570956614656,359767456,12,1,5.607526693680819,1.369049864059469,0.7487713496452306,0.13641926646232605
5841316570956614656,359767456,38,1,9.560812554965285,1.4749417635654387,0.9804948036925856,0.16877487301826477
5841316570956614656,359767456,39,1,7.037232593446934,1.4612145689522418,0.8474019054939524,0.1647139936685562
5841316570956614656,359767456,64,1,3.1824576407132046,1.4630242450464508,0.5027626317987669,0.16525152325630188
6107717307669590528,359830202,11,0,4.567030229875536,1.3865411261808336,0.6596338862784882,0.14193275570869446
6095194836601599872,359834490,38,2,0.891617525996753,1.5449655474818136,-0.04982140343891474,0.188918799161911
5841324542416019712,359892714,11,1,1.1035166056791783,1.4074237607882483,0.042778872794976976,0.1484248787164688
5841324542416019712,359892714,12,1,0.7330921015613585,1.3874415637832633,-0.13484145961926716,0.14221470057964325
5841324542416019712,359892714,39,1,3.8588712289646105,1.4996472698188317,0.5864602863497866,0.17598912119865417
5841324542416019712,359892714,64,1,13.07769036413124,1.4474624071680058,1.116531050510984,0.16060729324817657
5250150091153808768,360205899,11,2,0.8918619283214511,2.1542291002844136,-0.04970237478244426,0.3332918882369995
5250150091153808768,360205899,36,2,0.1046944992863491,1.3605794734078402,-0.9800761358220358,0.1337239146232605
5250150091153808768,360205899,37,2,0.0754602283845006,1.344297328536047,-1.1222818847170764,0.12849533557891846
5250150091153808768,360205899,38,2,0.3850394829476288,1.6981901788940914,-0.4144947345250217,0.22998632490634918
5250150091153808768,360205899,63,2,0.0781985175991029,1.364512081815523,-1.1068014797359544,0.13497738540172577
5250150091153808768,360205899,64,2,3.2109786620205667,1.3698314481380174,0.5066374195504596,0.1366671323776245
5842105814153598464,360261300,11,2,7.240497418786512,1.3597838992397366,0.859768403049848,0.13346989452838898
5842105814153598464,360261300,12,2,4.067081207968346,1.3373746850439838,0.6092828441086531,0.12625309824943542
5842105814153598464,360261300,64,2,5.091679101022712,1.3739400874697711,0.7068610247839224,0.1379677951335907
5836849083411678976,360339486,11,1,1.8325646852376265,1.3682199489376667,0.2630593131608912,0.13615591824054718
5836849083411678976,360339486,12,1,0.5002820272461217,1.4407479887652939,-0.30078509897155575,0.15858802199363708
5838361599097855104,360631514,11,2,0.0193758728425688,1.3370303021772407,-1.7127387243224057,0.1261412501335144
5838361599097855104,360631514,12,2,0.1731821811699197,1.3295985312539313,-0.761496794868788,0.12372052669525146
5838361599097855104,360631514,38,2,0.1073949667380041,1.370186348251764,-0.9690160721665705,0.13677963614463806
5838361599097855104,360631514,39,2,0.4790835093337314,1.6848353977878683,-0.31958877785531986,0.22655747830867767
5247811842236238592,360709162,9,3,0.4859427518749745,1.6972308519154882,-0.3134148912505633,0.2297409176826477
5247811842236238592,360709162,10,3,0.2429734234407744,1.152182663971467,-0.6144412271598545,0.06152133643627167
5247811842236238592,360709162,36,3,0.1371096626816153,1.3992341140150042,-0.8629319376143391,0.14589038491249084
5247811842236238592,360709162,37,3,0.5239249856531761,1.266360016257333,-0.28073088982738265,0.10255718976259232
5247811842236238592,360709162,38,3,0.6409407953940124,1.299757376855258,-0.19318208502281248,0.1138622909784317
5247811842236238592,360709162,63,3,0.2374240615287761,1.3695992381078406,-0.6244752699659117,0.1365935057401657
5247811842236238592,360709162,64,3,0.0361922906016999,1.1155871449077288,-1.4413839296246649,0.047503501176834106
5250988846733325312,360779428,9,3,10.142296350318643,2.025171796983581,1.0061362961574047,0.3064618706703186
5250988846733325312,360779428,10,3,17.913539869703005,1.221778545878473,1.2531814146582037,0.08699249476194382
5250988846733325312,360779428,36,3,4.774579580706358,1.1774347152109317,0.6789351363767802,0.07093683630228043
5250988846733325312,360779428,37,3,3.137378513637272,1.4618565010194402,0.49656691795412855,0.16490474343299866
5250988846733325312,360779428,64,3,4.080877829387307,1.2543978833205314,0.61075359334785,0.09843531250953674
5837552805215620224,361112047,11,3,0.5298157719475556,1.663069847357322,-0.27587511744717164,0.22091048955917358
5837552805215620224,361112047,12,3,0.6918089205267759,1.4677504844983185,-0.1600138422774584,0.16665223240852356
5837552805215620224,361112047,38,3,0.4811814798680156,1.5948816644129726,-0.3176910965148812,0.20272846519947052
5837552805215620224,361112047,39,3,6.845581138099023,1.555355383314424,0.8354103223540897,0.1918296366930008
5250327421767096192,361225005,63,4,3.097264741252455,1.5969814811780703,0.4909783286215958,0.203299880027771
5250327421767096192,361225005,64,4,13.692952115895093,1.5901376899332158,1.1364970894362658,0.20143473148345947
5789221641309120128,361289085,11,2,6.882328190385046,1.567145025827055,0.8377353785253668,0.19510918855667114
5789221641309120128,361289085,12,2,8.32089152205074,1.3391647376074085,0.9201698602287631,0.12683400511741638
5789221641309120128,361289085,39,2,0.3722122562569033,1.3990599467891969,-0.4292093304607446,0.14583632349967957
5789159999939365248,361600252,38,1,0.0439971433081045,1.692477762819156,-1.3565755209184216,0.22852297127246857
5788100444388033024,361601827,38,4,0.0442997719416456,1.5650824531092795,-1.3535985095498382,0.1945372223854065
5788100444388033024,361601827,39,4,0.1132201198466727,1.3278335667967205,-0.9460763897382906,0.12314364314079285
5788100444388033024,361601827,66,4,0.1493400700368402,1.5022345309993368,-0.8258236493342256,0.1767377406358719
5250658718363945856,361695358,63,3,75.29580931401706,1.2945157655979165,1.8767708056503176,0.11210734397172928
5789044482500658560,361815724,66,0,22.74130877884209,1.602346069988631,1.3568154550339082,0.20475631952285767
5788204799213069312,361958490,66,3,2.640301123051685,1.5557383855726512,0.4216534604387753,0.19193656742572784
5249913283844160256,362413145,9,3,0.1326070391347648,0.9920324960181838,-0.8774334218117441,-0.003474101424217224
5249913283844160256,362413145,11,3,0.3219047073301039,1.4859127705329096,-0.49227267242112527,0.17199331521987915
5249913283844160256,362413145,36,3,0.3482778381960876,1.5056833908708291,-0.45807415992409306,0.1777336597442627
5249913283844160256,362413145,37,3,1.0444064421307009,1.3408348055378845,0.018869541983907983,0.1273752748966217
6087900607743104128,363622300,64,0,20.28995246798632,1.2977483326735388,1.307281029639781,0.11319047957658768
6087959014999185152,363622794,11,0,0.1010806781748661,1.3077579344259398,-0.995331852954991,0.11652736365795135
6087959014999185152,363622794,64,0,1.8552814164856368,1.3744090370560493,0.2684097944670385,0.1381160020828247
6087958675701081600,363656704,64,1,41.45664967426579,1.4282521463661317,1.6175942015983746,0.15480488538742065
6087062882961607552,363773381,64,3,1.19974178866669,1.3123460994669767,0.07908778619441575,0.11804838478565216
6087056870007363840,363773536,11,0,0.2547916742350922,2.1130104282626796,-0.5938147674388586,0.32490164041519165
6087056870007363840,363773536,64,0,10.33181484405274,1.8030602303304142,1.0141766146009008,0.2560102343559265
5325609711604226048,364052908,8,1,0.228012603111437,1.4320765136728728,-0.642041147251828,0.15596622228622437
6010503407289419776,364200072,12,4,1.226087933902116,1.50736949020576,0.08852161850130404,0.1782197207212448
5287814136834217088,364393119,1,4,0.0575559011725579,1.5820496934239607,-1.2399101417945615,0.19922012090682983
5287814136834217088,364393119,2,4,0.0170739356851724,1.5348048812766153,-1.7676663588302024,0.18605317175388336
5287814136834217088,364393119,4,4,0.0199873711223977,1.4722512191555719,-1.6992443235464953,0.16798192262649536
5287814136834217088,364393119,5,4,0.0140040963666851,1.630871574538196,-1.8537449093769007,0.2124197632074356
5287814136834217088,364393119,7,4,0.0406492824907439,1.691497403087639,-1.3909471158278657,0.22827133536338806
5287814136834217088,364393119,8,4,0.0313061574439307,1.6356954298622568,-1.5043702349480303,0.21370244026184082
5287814136834217088,364393119,11,4,0.0276942983364637,1.540251347594287,-1.5576096336753493,0.18759159743785858
5287814136834217088,364393119,12,4,0.0536845479471211,1.4437715609658162,-1.2701506995329381,0.15949848294258118
5287814136834217088,364393119,13,4,0.0199000051647879,1.6302993452508974,-1.701146810874786,0.21226735413074493
5287814136834217088,364393119,30,4,0.0172069353621812,1.6525510800411682,-1.7642964727178474,0.2181548923254013
5287814136834217088,364393119,31,4,0.0174020407171826,1.5069951899061536,-1.7593998195195015,0.17811186611652374
5287814136834217088,364393119,32,4,0.0511726697816158,1.5390885525069578,-1.2909619244158617,0.1872636079788208
5287814136834217088,364393119,33,4,0.0316458563392531,1.6002541889470026,-1.4996831477890762,0.2041889727115631
5287814136834217088,364393119,34,4,0.0488707126321921,2.055540011326902,-1.310951328048314,0.31292593479156494
5287814136834217088,364393119,36,4,0.0177583156006939,1.5588194929577341,-1.750598229999756,0.19279582798480988
5287814136834217088,364393119,37,4,0.0444131607055036,1.7330061680165199,-1.3524883187399914,0.23880010843276978
5287814136834217088,364393119,38,4,0.0368977512524982,1.5798658084154629,-1.433000101277005,0.19862020015716553
5287814136834217088,364393119,39,4,0.026747803726947,1.587822888368388,-1.5727118722755098,0.2008020579814911
2586208995304374656,365073057,42,3,0.7911620078832039,1.708903518038102,-0.10173457601507167,0.23271754384040833
2586208995304374656,365073057,43,3,0.33790162812308,1.3000217032532178,-0.4712097156439672,0.11395060271024704
7324465427953664,365332374,31,2,0.112343787951408,1.321415798676682,-0.9494509368898232,0.1210394948720932
7324465427953664,365332374,42,2,0.0317662997642857,1.3463895915614619,-1.498033370175764,0.1291707456111908
2173892959536126208,365544575,16,4,0.2820769454728973,1.5833921682659942,-0.5496324078646907,0.19958849251270294
2173892959536126208,365544575,17,4,3.172080676278393,1.5688991438703197,0.5013442243003479,0.19559502601623535
5904259793414798976,366011855,11,0,5.692411581028042,1.7070165292037935,0.755296293539294,0.23223772644996643
2605329773093717248,36648119,42,2,0.0811775961013518,1.5785176034721544,-1.0905638135185574,0.1982494294643402
600076960693274496,366577296,34,0,33.02714474463958,1.2501757121040076,1.5188710297844523,0.0969710573554039
2067085163054605824,366728479,41,2,11.627561033503683,1.3858130564728515,1.0654886278175506,0.14170464873313904
2067085163054605824,366728479,55,2,1.8877671877034297,1.712437727701212,0.2759484331134303,0.23361478745937347
203469162206110720,367537706,19,0,0.1580332773786485,1.3639540781401764,-0.8012514531708924,0.1347997486591339
179359659644316416,367770314,59,3,49.247590716772194,1.3089811663248445,1.6923849888639826,0.11693339794874191
5894560662071814656,368635577,11,3,0.0199097648389608,1.66996926628745,-1.700933869542898,0.22270847856998444
6215622111807324928,368723998,38,0,1.9114064922482383,1.8573772688615502,0.28135305679191547,0.2689001262187958
5879721824937877376,36959970,12,0,0.1757931223084879,1.7756848162422751,-0.7549981201718114,0.2493658810853958
6055325578610485760,369620680,11,4,2.4891116801111988,1.5676660959070674,0.3960443827347217,0.19525356590747833
5861825349107118976,369743686,11,0,0.3205785005443662,1.7252572172770089,-0.494065606772993,0.23685385286808014
5861825349107118976,369743686,38,0,1.4699313968228198,1.702012531233566,0.1672970662607359,0.23096275329589844
5861825550891696000,369743688,11,0,0.2292561788907047,1.5481398919036191,-0.6396789504366769,0.18981020152568817
5188942580928380288,369862028,12,2,5.487350928807732,1.554602516595743,0.7393627352227354,0.1916193664073944
5188942580928380288,369862028,13,2,0.2319239767012297,1.8155675048316589,-0.6346543509274917,0.2590124011039734
5188942580928380288,369862028,38,2,3.456882389139338,1.3945768575386899,0.5386846041253756,0.14444245398044586
5188942580928380288,369862028,39,2,1.8869220983206283,1.7043191233279755,0.27575397066421276,0.2315509170293808
5188942580928380288,369862028,67,2,0.2356443457300491,1.3547491905244025,-0.6277429766456983,0.13185890018939972
5244271552233795200,370825476,10,4,24.53255972616025,1.6082326733329124,1.3897428648369812,0.20634888112545013
5244271552233795200,370825476,11,4,9.32218621331658,1.7413950188730307,0.9695177738388032,0.2408972978591919
6210702308369949952,371122327,11,0,0.1808476952073542,1.5803812933968808,-0.7426870216831537,0.19876188039779663
6210702308369949952,371122327,38,0,1.340610838331169,1.6203607468769576,0.127302726178394,0.209611713886261
5245619587849287424,372228993,63,2,6.856473254042683,1.5215367548603396,0.8361007862380578,0.1822824478149414
5245619587849287424,372228993,64,2,28.6438190870534,2.183824741635984,1.4570309220805442,0.33921778202056885
5245619587849287424,372228993,65,2,26.638938754483007,1.7784055932990233,1.4255169193626624,0.2500308156013489
5230321567172871040,372515585,10,0,2.5445680413071865,1.5806844931413564,0.40561406832354757,0.19884519279003143
5230321567172871040,372515585,11,0,0.1617136519288426,2.0038644900014178,-0.7912533152383472,0.30186834931373596
5230321567172871040,372515585,12,0,0.9245287566443964,1.6096604368846195,-0.03407957595126561,0.20673426985740662
5230321567172871040,372515585,37,0,40.54909788362357,1.5764756542364196,1.6079811966847235,0.1976872682571411
5230321567172871040,372515585,38,0,1.004910893314778,1.43140149157721,0.0021275540377359444,0.1557614654302597
5230321361014440704,372515598,10,2,1.7651980758113874,1.4753626715027894,0.24679344536423717,0.1688987910747528
5230321361014440704,372515598,11,2,0.3032680038867286,1.356729094329749,-0.5181734072575563,0.13249313831329346
5230321361014440704,372515598,12,2,1.4152301187643517,1.25648597781666,0.15082706260515086,0.09915764629840851
5230321361014440704,372515598,64,2,4.779586648359394,1.4689514132484356,0.6793903392692512,0.1670074313879013
5230321361014440704,372515598,65,2,19.114317482173668,1.3607875092179678,1.2813587952131291,0.13379031419754028
5244883529229180928,372810731,10,0,2.406530639375142,1.3036527066163417,0.38139139538252137,0.11516191065311432
5244883529229180928,372810731,11,0,5.358573345456484,1.436779679989244,0.7290491794936286,0.15739017724990845
5244883529229180928,372810731,63,0,0.1690720587450427,1.3527319346332105,-0.7719281590225879,0.13121174275875092
5244883529229180928,372810731,65,0,2.571732780134706,1.6977742622313767,0.41022584055777145,0.2298799455165863
2910322758064916480,37304094,6,1,0.0379016582214504,1.385525985968026,-1.421341788958793,0.14161467552185059
2912748177637124992,37307440,33,2,0.1850763127040673,1.5991072163781448,-0.7326491615831453,0.20387758314609528
5998266426996208384,374648559,12,3,22.35263974362955,1.4720791256530015,1.3493288186713321,0.16793115437030792
5997477080726175744,374811843,12,0,0.5607031736612601,1.419517306963976,-0.2512669857248121,0.15214069187641144
5996559916242322688,374823554,12,4,0.960689179807104,1.52786389698791,-0.017417100707238196,0.1840846687555313
5217191783426895104,375179245,64,0,0.1120531235080736,1.6750263501754314,-0.9505760328958662,0.22402164340019226
5217191783426895104,375179245,65,0,0.1439248177447018,1.6111690155628549,-0.8418643118295449,0.20714110136032104
5217191783426895104,375179245,66,0,0.4946192083675947,1.4129390151908878,-0.3057290219697284,0.15012341737747192
5220432662669261696,375226360,63,2,0.0256747043587573,1.5161335758872576,-1.590494548552478,0.1807374656200409
5220432662669261696,375226360,64,2,0.0228043783469715,1.4867725489575818,-1.6419817622373278,0.17224453389644623
5220432662669261696,375226360,65,2,0.0355019851668287,1.339700924179068,-1.4497473617929468,0.127007856965065
5341856262911551872,376008569,37,0,0.6087791362289648,1.7722176856668572,-0.21554023990354443,0.24851706624031067
2020227207322611200,376175834,14,2,4.598098481693697,1.5601719650444696,0.6625782687162344,0.19317246973514557
24667616384335872,377043542,43,4,0.0160973265828258,1.5392894999203457,-1.793246244883299,0.1873203068971634
2430016221753453696,37763129,42,4,0.0420057378736999,1.600474818986805,-1.3766913820620368,0.20424884557724
5245493178380614016,377653904,10,2,0.0222524238560831,1.4961824609895984,-1.6526226763689558,0.17498455941677094
5976418783039311488,378094374,12,3,0.1364255700872317,1.6527095669265066,-0.8651042227365215,0.2181965410709381
5251595399203626880,378117290,36,1,1.8578370875439612,1.4976355073165872,0.26900762834293157,0.17540612816810608
5251595399203626880,378117290,37,1,0.4327921168269421,1.384610258805847,-0.3637206583676118,0.14132754504680634
5251595399203626880,378117290,38,1,0.1952130992421047,2.1331081291855973,-0.7094910435459207,0.3290128707885742
5252895434280467072,378126824,10,0,2.6688155381938516,1.3020035312517824,0.42631855748439984,0.1146121621131897
5252895434280467072,378126824,11,0,26.32020735777151,1.4680945358077613,1.4202893064457631,0.16675402224063873
5252895434280467072,378126824,36,0,16.293245848784636,1.6081941027102113,1.2120076106311148,0.20633846521377563
5252895434280467072,378126824,37,0,16.33118574133487,1.5614862313812157,1.2130177182469946,0.19353815913200378
5252895434280467072,378126824,63,0,34.5673986587697,1.543787063474905,1.5386666982971093,0.18858739733695984
5252895434280467072,378126824,64,0,12.879600892685303,1.2996625910365562,1.109902405509044,0.11383061856031418
3192643431015406464,37816550,32,4,0.0631380291257965,1.5675694947521863,-1.1997089788763353,0.19522680342197418
5253033285548628864,378413560,10,4,8.176677951227433,1.5438592091753252,0.912576892853102,0.18860769271850586
5253033285548628864,378413560,11,4,4.0020633707209505,1.515863874365388,0.6022839611958765,0.1806602030992508
5253033285548628864,378413560,63,4,22.84207979322912,1.7244090932233587,1.358735644302405,0.2366403043270111
5253033285548628864,378413560,64,4,12.65136149119191,1.9567739248912583,1.1021372651398669,0.29154065251350403
6057647854580472064,378804584,10,2,5.371730474496103,1.6520190268542472,0.7301142139044231,0.21801504492759705
6057647854580472064,378804584,37,2,6.799292262999791,2.35378572609415,0.8324637094312184,0.37176692485809326
6057647854580472064,378804584,38,2,0.1303223306689473,1.5436324012353118,-0.8849811617596153,0.1885438859462738
3198734278756825856,37948770,32,0,0.0204887578535562,1.5862499559383043,-1.6884843702322083,0.2003716230392456
6217128305295069440,379593781,11,1,0.4684462913807576,2.49621372031245,-0.3293401949449837,0.3972817659378052
6054046850929570560,379769581,11,1,0.0374446826141873,1.0536198963917671,-1.4266098461962204,0.022683963179588318
6054046850929570560,379769581,64,1,3.0834042606071996,1.4227321329714124,0.48903046817159856,0.153123140335083
5504494373625210880,379953991,62,2,0.093239913598075,1.3526100573679178,-1.0303981375956548,0.13117261230945587
2898375632218397696,37997333,33,4,0.2282192172521365,1.5378347687480622,-0.6416477885104239,0.18690967559814453
2898375636516851840,37997336,33,4,0.2399537250887601,1.5598538606099719,-0.6198725036063852,0.19308391213417053
5504182700735898752,380024781,61,1,0.4638078524186774,1.3796472166551539,-0.33366190288812936,0.13976804912090302
5504498844688310656,380035225,61,2,5.406374351784943,1.4748160105079746,0.7329061141125517,0.16873784363269806
5504498844688310656,380035225,62,2,0.1667149808075227,1.6014501725673003,-0.7780253732390705,0.20451343059539795
6147538049710195840,380136537,37,2,0.0183435689379592,1.5231045695229697,-1.7365161637984672,0.18272972106933594
6057456092878899072,380679651,10,2,0.5961152704825063,1.3584973212502858,-0.22466975285372257,0.13305878639221191
6057456092878899072,380679651,11,2,0.1780651114012342,1.3679207995236484,-0.7494211642548902,0.1360609531402588
6057500245143971328,381377851,11,3,0.6093005031146963,1.3832041298947928,-0.21516846326754432,0.14088627696037292
6057500245143971328,381377851,38,3,1.200266215987312,1.4055831218127768,0.07927758214066989,0.14785653352737427
335890326862258048,381687031,18,4,0.10193207746094,1.5812402843675448,-0.9916891244132467,0.1989978700876236
5860803662284763392,381838186,11,4,0.2565551557428926,1.5549648458919372,-0.5908192533212466,0.19172057509422302
5860803662284763392,381838186,64,4,0.7174231570819772,1.6485045860126601,-0.14422460921761082,0.2170901596546173
236803335400887168,381849249,58,3,4.662324961089177,1.9307758233114942,0.668602540289117,0.28573185205459595
4763704324285023616,381949410,4,2,1.7575059329237872,1.4568352461776761,0.24489679976965006,0.16341044008731842
4763704324285023616,381949410,5,2,10.117973973532564,1.9676137946613357,1.0050935579381615,0.29393985867500305
4763704324285023616,381949410,6,2,1.1554963889373435,1.6040799266576569,0.06276859259571141,0.20522600412368774
4763704324285023616,381949410,7,2,0.5326855524390308,1.8390088789388233,-0.2735290820420784,0.2645838260650635
4763704324285023616,381949410,8,2,0.7977676260457565,1.5554868829350759,-0.09812359163480325,0.19186635315418243
4763704324285023616,381949410,9,2,0.9844897575542964,1.1950791266550937,-0.006788797820214961,0.07739666104316711
4763704324285023616,381949410,10,2,0.4325611967595376,1.3324024671705486,-0.3639524418757822,0.12463542819023132
4763704324285023616,381949410,12,2,3.341297105818537,1.6777156170637724,0.5239150945189065,0.2247183471918106
4763704324285023616,381949410,13,2,4.4043371406246,1.3603212469894892,0.6438805556922605,0.13364148139953613
4763704324285023616,381949410,27,2,0.0618338084570826,1.3782628211307573,-1.208774003687793,0.13933204114437103
4763704324285023616,381949410,28,2,0.7568390926173273,1.3351122649487688,-0.1209964436391515,0.12551778554916382
4763704324285023616,381949410,29,2,3.665922221075326,1.6510809671811972,0.5641832464101227,0.2177683711051941
4763704324285023616,381949410,30,2,1.4945199553818664,1.5178912170774843,0.17450171827417496,0.18124064803123474
4763704324285023616,381949410,31,2,0.4874565190812212,1.343867609670561,-0.31206411712497234,0.12835648655891418
4763704324285023616,381949410,32,2,9.4592462618745,1.5359143750964608,0.9758565320307362,0.186367005109787
4763704324285023616,381949410,33,2,4.5623780211061975,1.280647551806437,0.6591912664029108,0.1074296236038208
4763704324285023616,381949410,34,2,1.5312676364150268,1.6827248530010195,0.1850511037354602,0.22601310908794403
4763704324285023616,381949410,35,2,0.2005463308249546,1.5687472945348462,-0.6977852794168272,0.1955529898405075
4763704324285023616,381949410,36,2,2.8578898819641267,1.332799183838207,0.4560454908731886,0.12476471811532974
4763704324285023616,381949410,37,2,13.10246519959345,1.389541522180282,1.1173530148814348,0.14287152886390686
4763704324285023616,381949410,38,2,3.3727157161564145,1.5993370719076547,0.52797973635442,0.2039400041103363
4763704324285023616,381949410,39,2,0.8288936991492827,1.5826696068387929,-0.08150116164878012,0.1993902623653412
4763704324285023616,381949410,61,2,2.0004204587235943,1.3541947146461457,0.30112128751996564,0.13168111443519592
4763704324285023616,381949410,62,2,0.1523210240200688,1.617790059809328,-0.8172401492854259,0.20892216265201569
4763704324285023616,381949410,63,2,11.759439730333336,1.350141971902795,1.0703866305988812,0.13037943840026855
4763704324285023616,381949410,64,2,2.6838338581927035,1.354432538454891,0.4287556274792849,0.13175737857818604
4763704324285023616,381949410,65,2,0.8921517273885692,1.6902621823447674,-0.04956127929652765,0.22795407474040985
4763704324285023616,381949410,66,2,3.2061969694482935,1.4793805913985447,0.5059901992772738,0.17007991671562195
4763704324285023616,381949410,67,2,0.1627148437511763,1.4964852701948261,-0.788572826502771,0.17507244646549225
4770255837334959488,382043650,3,2,0.2453116229654298,1.5694445984931418,-0.610281874255235,0.19574598968029022
4770255837334959488,382043650,4,2,5.321311873650096,1.6485768740338906,0.7260187129814978,0.21710920333862305
4770255837334959488,382043650,5,2,10.922264177016718,1.368351542820529,1.0383126766156663,0.13619768619537354
4770255837334959488,382043650,6,2,0.1267231838681895,1.6333794296969646,-0.8971439241461906,0.2130870819091797
4770255837334959488,382043650,7,2,0.1154784660708374,1.709993059989896,-0.9374989935945335,0.23299434781074524
4770255837334959488,382043650,10,2,0.1584431906276168,1.536261226719088,-0.8001264206352289,0.1864650696516037
4770255837334959488,382043650,13,2,11.194847303899344,1.3527611292565218,1.0490181742414282,0.13122111558914185
4770255837334959488,382043650,27,2,7.790069465994783,1.7220103769665978,0.8915413304021798,0.2360357642173767
4770255837334959488,382043650,30,2,2.9919470634023764,1.6790142546920028,0.47595390527677556,0.22505438327789307
4770255837334959488,382043650,31,2,7.983209351269715,1.535551795719839,0.9021775183364482,0.18626447021961212
4770255837334959488,382043650,32,2,14.334020450865994,1.3969259999910664,1.156368019757626,0.14517340064048767
4770255837334959488,382043650,33,2,0.0930499788589992,1.3389385530431341,-1.031283721205122,0.12676064670085907
4770255837334959488,382043650,36,2,0.4577620191932092,1.7111693666071681,-0.3393602438569387,0.23329299688339233
4770255837334959488,382043650,37,2,3.2333603918587275,1.8649908364403527,0.5096541139751688,0.27067670226097107
4770255837334959488,382043650,64,2,31.620244131516316,1.517048057193744,1.499965218681614,0.18099933862686157
4770255837334959488,382043650,65,2,3.427244205104201,1.3652426386692265,0.5349450507825437,0.1352098435163498
4770255837334959488,382043650,66,2,0.1127279876424614,1.3491439912794356,-0.9479682457136462,0.13005830347537994
4770255837334959488,382043650,67,2,0.4529838788319715,1.3404092749006173,-0.3439172537463288,0.12723742425441742
6057867344587703040,382174974,37,2,0.0279482245681777,1.3674577234150036,-1.5536457757823519,0.1359139084815979
5168681021169216896,382326499,31,1,0.0768159574065996,1.4058420776718499,-1.1145485521852079,0.14793653786182404
6053080174073021696,382407397,11,3,0.1802133884441356,1.4322901740323095,-0.7442129474778378,0.15603101253509521
6053080174073021696,382407397,37,3,0.4908114544113143,1.4076206544645458,-0.3090853103916938,0.14848563075065613
6053080174073021696,382407397,38,3,0.2545110159015344,1.704686107388673,-0.5942934155208848,0.2316444218158722
6053080174073021696,382407397,64,3,0.3361841502871973,1.3329155029861395,-0.4734227656290599,0.1248026192188263
6053080105353531520,382407573,11,2,0.5963534552577484,1.7646374588416929,-0.22449626011097168,0.24665549397468567
6054414843716969344,382619547,37,4,0.0891758559377801,1.5129477681499126,-1.049752713475218,0.17982393503189087
5288017095509716480,382624902,1,1,8.05599703846714,1.220921191685744,0.906119297890942,0.08668763190507889
5288017095509716480,382624902,2,1,20.850714874420724,1.4505498395727645,1.3191209495109222,0.16153265535831451
5288017095509716480,382624902,4,1,11.833016993036868,1.468047892009197,1.0730954881933292,0.16674022376537323
5288017095509716480,382624902,5,1,6.02286475555629,1.2157562725416373,0.7798031111242466,0.08484651893377304
5288017095509716480,382624902,7,1,4.425866500492051,1.165718087840984,0.6459983099586046,0.06659353524446487
5288017095509716480,382624902,8,1,11.958461255740051,1.3521452516551378,1.0776753007950581,0.1310233473777771
5288017095509716480,382624902,9,1,18.28885227315416,1.5200024713946025,1.2621864519457526,0.1818442940711975
5288017095509716480,382624902,10,1,5.169801492204231,1.4222266880611858,0.7134738675629098,0.15296882390975952
5288017095509716480,382624902,11,1,10.215355727339428,1.4841105291940944,1.0092534945838016,0.17146624624729156
5288017095509716480,382624902,12,1,11.09763421259005,1.429810964419755,1.0452304060006075,0.15527862310409546
5288017095509716480,382624902,27,1,17.16220560534005,1.456900079142294,1.2345731005683136,0.16342976689338684
5288017095509716480,382624902,28,1,3.4751274882755023,1.4484934048219689,0.5409707417143176,0.1609165221452713
5288017095509716480,382624902,30,1,19.75339766420339,1.562047009637536,1.29564180679307,0.1936940997838974
5288017095509716480,382624902,31,1,16.238963818675565,3.039283329843548,1.2105583141792775,0.4827711880207062
5288017095509716480,382624902,32,1,64.39525199846415,1.5062056271422894,1.8088538470665787,0.1778842657804489
5288017095509716480,382624902,34,1,13.134512792107026,1.4150111947948918,1.1184139678245046,0.15075987577438354
5288017095509716480,382624902,35,1,26.121769847639836,1.5339509577476442,1.4170025986759403,0.18581147491931915
5288017095509716480,382624902,37,1,10.792648305074266,1.4225308803443377,1.0331280251423303,0.15306170284748077
5288017095509716480,382624902,38,1,5.161596064855684,1.3540609512980237,0.7127840146076366,0.13163821399211884
5288017095509716480,382624902,61,1,18.59024305631704,1.434571120260905,1.269285067949802,0.1567220836877823
5288017095509716480,382624902,62,1,42.05206708352943,1.4795132821878136,1.6237873485502488,0.17011886835098267
5288017095509716480,382624902,63,1,39.729927576315795,1.471627292873867,1.5991177733806818,0.16779783368110657
5288017095509716480,382624902,64,1,13.909744702657363,1.4359869957679123,1.1433191590902039,0.1571505069732666
5288017095509716480,382624902,65,1,18.615785613522903,2.7735794402504834,1.2698813688068147,0.4430406093597412
5770429166524323200,383481021,12,3,0.0145795216242563,2.7443333656535716,-1.8362567256308095,0.4384368658065796
5770429166524323200,383481021,66,3,0.0138050930681307,1.6375616179715573,-1.8599606611841268,0.21419765055179596
5895054033558799744,383492888,11,3,0.0432145834808324,1.5026523488105241,-1.3643696685449158,0.17685851454734802
5765023348885716480,383620478,27,4,0.0241614115736712,1.5272962631987328,-1.6168776966755671,0.18392328917980194
5765023348885716480,383620478,39,4,0.0593117056416379,1.5610399497356968,-1.2268595866714307,0.19341401755809784
5769731629474854400,383629704,12,1,0.025026679359249,1.6582563509017956,-1.6015967705126124,0.21965166926383972
5769731629474854400,383629704,13,1,0.0162681505589656,1.3670486500272565,-1.7886618169273105,0.13578397035598755
6100487782498941696,383632304,11,0,0.1749219587545506,1.4992458740959722,-0.7571556681238315,0.17587286233901978
6100487782498941696,383632304,38,0,0.0921801463322886,1.6586220097359314,-1.0353626067858637,0.2197474241256714
5305106431102283648,383664368,8,3,4.569016751664897,1.342178567088718,0.6598227503389816,0.1278102993965149
5305106431102283648,383664368,9,3,1.03170620944548,1.4178087302383104,0.01355604440209306,0.1516176462173462
5305106431102283648,383664368,10,3,1.506141585234294,1.7470184256415648,0.17786579975027628,0.2422974854707718
5305106431102283648,383664368,35,3,0.5697092813051265,1.17074072339983,-0.24434670526375624,0.06846072524785995
5305106431102283648,383664368,36,3,0.1152098361251126,1.1096778585711318,-0.9385104411167864,0.04519692063331604
5305106431102283648,383664368,37,3,4.461213310165575,1.5248858312826763,0.6494529892611323,0.18323732912540436
5305106431102283648,383664368,63,3,1.58776849337745,1.260645630924246,0.20078717984285802,0.10059302300214767
5303232279154864128,383952870,35,2,0.54472831519972,1.6505004577138438,-0.26382004933604397,0.21761564910411835
5303232279154864128,383952870,36,2,0.366256876389734,1.3857480111078309,-0.4362142127809538,0.14168426394462585
5303232279154864128,383952870,37,2,0.5352064728317708,1.3058267568148094,-0.271478642814745,0.11588556319475174
5303232279154864128,383952870,62,2,0.0461531266462425,1.3662440428397271,-1.3357988723365755,0.13552828133106232
5778187659868384384,383992496,66,3,0.0388225850234739,1.3772586090801824,-1.4109155502445916,0.13901549577713013
5778786481389569536,384064144,66,1,13.826270541752692,1.3918516184589864,1.140705050567591,0.1435929387807846
5775111230632453248,384066761,13,0,0.0180686496643246,1.3319942372997235,-1.743074302626977,0.12450234591960907
5775292443892879360,384152961,66,2,19.644734273158864,1.3504129539006646,1.293246158651449,0.13046659529209137
5775129780593308288,384153800,66,1,0.0540401454102082,1.3823562906880604,-1.2672834910570006,0.14061999320983887
5768812231596292480,384294724,66,4,3.16272278876225,1.5453631707078426,0.5000611278667679,0.18903055787086487
5774925310087923584,384514862,66,4,2.930609570451587,1.635254084699322,0.46695796354494234,0.2135852426290512
5775319725524297728,384604627,66,3,19.968813999596577,1.3510117718307575,1.3003522717447025,0.13065913319587708
5777560152266523648,384710461,39,1,0.1116747279295963,1.5439710893520577,-0.9520450969158413,0.18863916397094727
447869740701681920,384735554,58,2,8.038056821285013,1.365734345548147,0.90515107190868,0.13536623120307922
447869740701681920,384735554,59,2,13.626903315352768,1.391946369761782,1.134397174554213,0.1436225026845932
5774659400072255232,384800468,66,3,13.80797259944054,1.436418718846094,1.1401299165574335,0.1572810560464859
5773752887094707200,384821509,66,0,0.2405498166198224,1.3931696415533388,-0.6187949698403178,0.1440040022134781
448096210033606400,384830195,58,0,31.376370964890167,1.593552193566508,1.496602711046184,0.20236629247665405
448096210033606400,384830195,59,0,3.543641751536491,1.6434914840771828,0.5494498099432511,0.21576745808124542
5303566187102489344,384950919,9,2,0.869390898656211,1.7157784866941757,-0.06078491059569353,0.2344612181186676
5303566187102489344,384950919,10,2,13.7845338115346,1.3559389817450458,1.1393920829915474,0.1322401463985443
5303566187102489344,384950919,35,2,0.9637772692685976,1.4927962362743252,-0.016023320769434284,0.17400053143501282
5303566187102489344,384950919,36,2,6.7557621395934575,1.5760660781381381,0.8296743503009028,0.1975744217634201
5303566187102489344,384950919,37,2,9.910982945935478,1.5234074436250669,0.9961167288370673,0.18281607329845428
5303566187102489344,384950919,62,2,5.293275645017984,1.761711480130267,0.7237245102756564,0.24593478441238403
5303566187102489344,384950919,64,2,11.531127202650095,1.5575792960839836,1.061871762972343,0.1924501657485962
241039788061910016,384985967,58,2,1.7727762634986193,1.6385744714233046,0.24865392812246565,0.2144661843776703
435211342506946688,384992002,58,4,2.615386454110475,1.6235460509484243,0.4175358700626766,0.21046461164951324
5310127660192135552,385012516,9,1,0.1319644681259199,2.1410268159844925,-0.8795429882950772,0.3306221067905426
5310127660192135552,385012516,35,1,0.4397693917313253,1.4037276955384872,-0.35677500113433847,0.14728286862373352
5310127660192135552,385012516,36,1,0.0664546614184917,1.4266671745853239,-1.1774745503521593,0.15432266891002655
5310127660192135552,385012516,37,1,0.4052452291758964,1.0440025353434579,-0.3922820892611339,0.018701553344726562
5310127660192135552,385012516,63,1,0.2443817043022691,1.4765168868732916,-0.6119313107780466,0.16923841834068298
435326859946780800,385040964,58,4,43.17553907862763,1.595666958383223,1.6352377687620607,0.20294225215911865
435320915712179840,385041419,58,3,11.921088660202871,1.5128418733327604,1.0763159179486461,0.17979353666305542
243160574195380352,385245910,58,0,19.65783901551322,1.391998858264555,1.2935357741664624,0.14363887906074524
448081400987405696,385258947,58,4,9.419765622584816,1.5849899475525024,0.9740400970514322,0.2000265121459961
448081400987405696,385258947,59,4,0.255660399453174,1.5580523866139429,-0.5923365368577646,0.19258205592632294
448026253606629376,385344085,58,3,1.646853469586534,1.88976049091014,0.2166549591084226,0.27640676498413086
448026253606629376,385344085,59,3,0.053293148309496,1.546777205049022,-1.2733286229181426,0.18942776322364807
449611508854184576,385345787,58,2,8.333769682498668,1.5891753876348207,0.920841493841191,0.20117183029651642
449611508854184576,385345787,59,2,3.5075548145694113,1.553530853497156,0.5450044667222107,0.19131988286972046
461634977743619584,385408979,58,2,6.841270756263825,1.358887004011547,0.8351367787923915,0.1331833451986313
461634977743619584,385408979,59,2,7.251037839861293,1.5221204747586048,0.8604001715181658,0.18244902789592743
72023341675567360,385506258,42,2,0.0873604878529353,1.5932610122033597,-1.0586849493732413,0.20228692889213562
72023341675567360,385506258,43,2,0.4228601837853835,1.3819173930290276,-0.3738032057880065,0.1404820829629898
72023341675567360,385506258,44,2,0.1810176781783478,1.3651137793777868,-0.7422790098799842,0.13516885042190552
72023341675567360,385506258,58,2,0.2397484264113445,1.52243224228806,-0.6202442346395204,0.1825379729270935
71917685480203136,385506724,42,3,5.050130458283539,1.389906583902217,0.703302597243582,0.14298561215400696
71917685480203136,385506724,44,3,1.717826528725154,1.1131871898578705,0.23497930535016204,0.04656819999217987
70334384440377472,385507951,43,1,27.169262690413145,1.417149915058435,1.4340778528518308,0.15141579508781433
70334384440377472,385507951,44,1,2.334227725479804,1.3901740515153354,0.36814322321526843,0.14306917786598206
70286319462343808,385508007,44,2,0.0341748811251016,1.3522922349320072,-1.4662929874200437,0.1310705542564392
70242785673539712,385508166,44,3,0.0224089049371623,1.4997141109440124,-1.6495793657481923,0.17600847780704498
70234882933734400,385508264,42,2,0.1634661836896195,1.3475206267272088,-0.7865720763735148,0.12953542172908783
70234882933734400,385508264,43,2,0.3284835449851313,1.6605485969683225,-0.48348638105442143,0.22025159001350403
70234882933734400,385508264,44,2,0.0535385603361965,3.45492115967574,-1.2713333112673524,0.5384381413459778
69918979499309952,385508589,43,4,1.9455384962571831,1.4509877331680558,0.28903982858446003,0.1616637408733368
69917635172718720,385508618,42,1,0.0855013867894633,1.3734676692356607,-1.068026841176773,0.13781844079494476
69917635172718720,385508618,43,1,2.0631483415186467,1.053354401089259,0.31453045511172284,0.022574514150619507
69917635172718720,385508618,44,1,3.670643244414324,1.3360302779757058,0.5647421767918408,0.12581630051136017
69918086146123520,385508622,42,2,2.375209785325558,1.4213600505472084,0.3757019737864302,0.15270410478115082
69918086146123520,385508622,43,2,0.6197946721167308,1.3386765795628066,-0.20775216136593436,0.12667566537857056
69918086146123520,385508622,44,2,29.494732961753897,1.5082591236171963,1.469744468524772,0.17847596108913422
69911867033651200,385508704,42,3,2.346906984642548,1.292715933809769,0.37049587747376306,0.11150310188531876
69834282744302208,385508851,44,0,3.4511794559959097,2.0507080410692407,0.537967542520243,0.31190383434295654
69834763780636672,385508852,42,0,1.2444046560806656,1.5618369286441776,0.0949616274015946,0.19363568723201752
69834763780636672,385508852,43,0,3.212590419408059,1.6150875663968485,0.5068553598716022,0.20819607377052307
69834763780636672,385508852,44,0,3.6885505508319625,1.5519845429363786,0.5668557397523594,0.19088739156723022
69834759483788928,385508854,42,4,0.6291069523669086,1.5756101152516662,-0.20127551532699386,0.1974487602710724
69834759483788928,385508854,43,4,1.7480740191235853,1.5485590006632766,0.24255981812466215,0.18992775678634644
69834759483788928,385508854,44,4,1.2094591423430734,1.5725190205968833,0.08259120171430244,0.1965959072113037
69814388455816960,385508943,43,3,8.247671968514148,1.4623353379027069,0.9163313795915117,0.16504697501659393
69807963184755840,385509004,43,1,6.848847397857107,1.562125582901471,0.8356174896137636,0.19371594488620758
69806039039416832,385509057,44,0,8.245467025002627,1.7233444244723513,0.9162152592088431,0.23637208342552185
66802276352348416,385509109,42,3,0.2522337186548733,1.459825609634482,-0.5981968573073057,0.16430097818374634
65297594689312768,385509159,43,2,1.6771888248981055,1.649974499542417,0.22458196003891423,0.2174772322177887
65297594689312768,385509159,44,2,1.520048335777738,1.7586019623157048,0.18185739822621103,0.2451675534248352
65298483745290368,385509186,42,2,31.860442401395797,1.3492406498027856,1.5032518019469405,0.1300894170999527
65275089060719104,385509297,43,0,0.0222971424311098,1.5474831675609344,-1.65175079192589,0.18962593376636505
65275020341243520,385509305,42,4,29.286814807615233,1.4530485068247172,1.4666721409988648,0.1622801125049591
65275020341243520,385509305,43,4,43.24314311237975,1.5482068758120877,1.6359172529675061,0.1898289918899536
65275020341243520,385509305,44,4,7.438720272067744,1.5402405666687506,0.8714982276717439,0.18758855760097504
65244646332548352,385509405,43,2,11.083550219565147,1.6000470945472183,1.0446788934071674,0.20413276553153992
65196405259884544,385509435,42,4,5.356398405947302,1.5090481577419284,0.7288728721244263,0.17870309948921204
65196405259884544,385509435,43,4,2.234734199503012,1.5523718284432408,0.3492258753185823,0.19099575281143188
65196405259884544,385509435,44,4,1.5053334023813656,1.5438061854650635,0.1776326984538914,0.18859277665615082
65216363971331072,385552109,43,2,10.950583911870842,1.5612054088679472,1.0394372774357072,0.19346004724502563
65222518661019520,385552163,42,1,1.5621228850813955,1.4114300691362853,0.19371519485087332,0.14965936541557312
65222518661019520,385552163,43,1,14.289963765712772,1.3680682772200154,1.1550311275753684,0.13610777258872986
65222518661019520,385552163,44,1,7.643561898524773,1.4975451226701397,0.8832957868987059,0.1753799170255661
65270450496044416,385552187,42,0,19.64455974455178,1.5101803291618165,1.2932423002562863,0.17902880907058716
65270450496044416,385552187,43,0,31.49152540157453,1.464556641404296,1.4981936977099526,0.16570617258548737
65270450496044416,385552187,44,0,18.5108310424924,1.6139546045398052,1.2674259168116226,0.2078913152217865
65269935099961600,385552195,42,3,5.300041097686045,1.4820006171595896,0.7242792372289151,0.17084838449954987
65276703968959488,385552242,42,1,0.0397342950946689,1.4332007007645249,-1.400834487169827,0.15630701184272766
65281166437426176,385552281,42,3,0.1244821559738905,1.3212744381428851,-0.904892898507862,0.12099303305149078
65281166437426176,385552281,43,3,1.264099169997706,1.6290480560206124,0.10178114617209792,0.211933895945549
65281166437426176,385552281,44,3,1.7988471211429726,1.3125659453491867,0.25499425547158616,0.11812113225460052
65281239453865856,385552287,43,0,9.212988112411155,1.0917082830419764,0.9644005107896098,0.03810660541057587
65281239453865856,385552287,44,0,6.069480791393443,1.7299146708625945,0.7831515413096627,0.23802468180656433
65282098447322752,385552305,43,2,29.31064784957168,1.528392777600509,1.467025417700962,0.18423497676849365
65282098447322752,385552305,44,2,5.658263012396887,1.501652563497475,0.7526831308512387,0.17656946182250977
65284469269256704,385552345,44,2,0.0280395940143139,1.3753127795816447,-1.5522282788159227,0.13840147852897644
66798977817468288,385552421,42,1,4.581260079482406,1.5262230529114735,0.660984947501443,0.18361800909042358
66798977817468288,385552421,43,1,39.92960430328501,1.3566427915356905,1.6012950064189475,0.13246551156044006
66798977817468288,385552421,44,1,1.862484485997733,1.4877823357301099,0.2700926638774375,0.17253939807415009
66802207632871808,385552440,42,3,1.4620305860220026,1.191293849767514,0.16495645825907343,0.07601889967918396
66802207632871808,385552440,43,3,11.08950516613226,1.4335189463783025,1.044912167572709,0.15640343725681305
66802207632871808,385552440,44,3,15.52824840954286,1.4891130774320065,1.1911224699608574,0.17292767763137817
66802654309459712,385552466,44,4,0.0890639198701792,1.4272754671141032,-1.0502981946693632,0.1545078009366989
66804406656115328,385552485,42,0,55.16304413666955,1.6408385536876722,1.7416482244232971,0.2150658518075943
66804406656115328,385552485,43,0,5.408509973727536,1.493019160694076,0.733077634918367,0.17406538128852844
66804406656115328,385552485,44,0,3.603177057752751,1.4630536112327326,0.5566856035923651,0.16526024043560028
69822875311156224,385552720,42,0,0.0537440562964835,0.8026484739249834,-1.26966955858206,-0.09547461569309235
69822875311156224,385552720,43,0,0.1743578542883687,1.512125720670805,-0.7585584842084668,0.17958790063858032
69834866859848192,385552744,42,0,0.1095185908196156,1.6626320119180078,-0.9605121529237582,0.220796138048172
69834866859848192,385552744,43,0,0.2625018913529251,1.643665738881791,-0.5808675631106737,0.2158135026693344
69834866859848192,385552744,44,0,0.1657321007743222,1.379795532513099,-0.7805933646106807,0.13981473445892334
69860293066219136,385552801,42,4,1.0165683505318903,1.6147045793310355,0.007136584411223585,0.2080930769443512
69860293066219136,385552801,43,4,15.564875935522778,1.4810807863288382,1.1921456633588752,0.1705787479877472
69860293066219136,385552801,44,4,0.5595973892641741,1.878458328508857,-0.2521243203253275,0.2738015651702881
69863454162150656,385552820,42,0,2.0334871732601947,1.2952700198968023,0.3082414373258598,0.11236031353473663
69863454162150656,385552820,43,0,20.99473198371823,1.2654971697147819,1.3221103348570167,0.10226117819547653
69863454162150656,385552820,44,0,17.3150620901464,1.5920251500453704,1.2384240532264912,0.20194992423057556
70042743277270016,385553257,43,1,39.21496266938238,1.4503653535688714,1.5934518059204061,0.16147741675376892
70230652389756928,385553288,44,0,11.354064045005716,1.3618406881147944,1.0551513396264145,0.13412630558013916
70049477786093056,385558026,42,4,0.0352737539494083,1.4371190849073725,-1.4525483188196582,0.1574927568435669
70049477786093056,385558026,43,4,0.0255090569900633,1.6466177914956464,-1.5933055959406504,0.21659280359745026
70049477786093056,385558026,44,4,0.0214596064550805,1.5686893792701206,-1.6683782467668105,0.19553695619106293
70044456967585280,385558100,43,2,7.8643660100060595,1.3600703027341663,0.895663717492818,0.13356135785579681
70037795475083008,385558153,42,2,1.9776389554550493,1.5360725857998194,0.2961470082087524,0.18641173839569092
70037795475083008,385558153,43,2,2.641942225786853,1.3603302551482122,0.4219233161943637,0.13364435732364655
70037795475083008,385558153,44,2,2.28138338794967,1.568599281148036,0.35819827487756706,0.19551201164722443
69873418486230272,385558399,43,0,3.037719203709495,1.6467261006090377,0.48254762669741574,0.21662136912345886
69873418486230272,385558399,44,0,1.292145181862475,1.4498112404104697,0.11131131252861347,0.16131146252155304
69859262274067584,385558563,42,1,35.87525882549227,1.5434097042396169,1.554795043012504,0.18848122656345367
69859262274067584,385558563,43,1,41.00080554856195,1.413805126576105,1.6127923894479943,0.15038955211639404
69859262274067584,385558563,44,1,40.94556479535757,1.7534160625207713,1.612206866066638,0.24388498067855835
69859124835119360,385558575,42,2,3.233565184905386,1.3662902179192555,0.5096816202419628,0.13554295897483826
69859124835119360,385558575,43,2,0.9824549791090798,1.3745451878246606,-0.0076873419932295805,0.13815902173519135
69859124835119360,385558575,44,2,6.688293145770843,1.4462811307631924,0.8253152998377506,0.16025272011756897
66807464672814336,385589309,43,0,12.464301238302706,1.3345003014717014,1.0956679365216602,0.12531867623329163
66807464672814336,385589309,44,0,1.1293596415221543,1.6352874129036132,0.052832263852958,0.21359409391880035
66801795315987584,385589312,44,2,5.681918259653401,1.7322949165440042,0.7544949816507637,0.23862183094024658
66801623517295104,385589317,42,4,28.355343484815684,1.5507422816290912,1.4526349125162707,0.1905396282672882
66801623517295104,385589317,43,4,43.40715799086685,1.532514785472931,1.6375613520840586,0.1854046732187271
66801623517295104,385589317,44,4,10.820160417230886,1.5614927141455242,1.0342336995692318,0.19353996217250824
66801623514684416,385589319,42,0,7.805877479114042,1.6154522420710706,0.8924217303218274,0.2082941234111786
66801623514684416,385589319,43,0,0.451808359860667,1.6818340446351645,-0.34504573754188894,0.22578313946723938
66801623514684416,385589319,44,0,11.940524094801937,1.544437608989805,1.0770233893130512,0.1887703686952591
66799763794633856,385589386,42,3,0.2392683013276085,1.4514957796512749,-0.621114833648876,0.16181577742099762
66799763794633856,385589386,43,3,0.3650654403939983,1.373332002162095,-0.4376292784076833,0.13777554035186768
66785852397412224,385589435,43,4,0.1164600855668695,1.5277954343046096,-0.9338228951381292,0.18406520783901215
66785852397412224,385589435,44,4,12.50550970716798,1.5019258689506612,1.097101397665814,0.17664849758148193
65280071222749824,385589524,42,2,6.870804506313126,1.370138067032446,0.8370075918188458,0.13676433265209198
65280071222749824,385589524,43,2,34.79303577467378,1.5129424732330161,1.5414923236216853,0.1798224151134491
65276772687884544,385589578,42,1,5.940878685035461,1.4433041510405842,0.7738506840114949,0.15935786068439484
65276772687884544,385589578,43,1,10.07430370331079,1.536703904361461,1.0032150391049652,0.18659019470214844
65276772687884544,385589578,44,1,3.067389284345837,1.326812377844216,0.4867688960720914,0.1228095144033432
65229184450247296,385589609,43,4,2.9251918687169653,1.569473892902356,0.4661543575266318,0.19575409591197968
65228772133391488,385589620,43,2,4.734573404962684,1.8386370134750565,0.6752808542543977,0.26449599862098694
65228772133391488,385589620,44,2,2.419643582393499,1.5574905307841709,0.3837513983772799,0.1924254149198532
66642641008348416,385590063,42,4,2.871628153283484,1.5619515586224604,0.4581282024809984,0.19366756081581116
66642641008348416,385590063,44,4,2.580416054946591,1.5096321108624802,0.41168973534300907,0.17887112498283386
66649409876772096,385590112,42,3,10.747810813898573,1.2760381333821602,1.031320013250243,0.10586365312337875
66649409876772096,385590112,43,3,7.385540726870931,1.7762303083296835,0.8683822973594685,0.24949927628040314
66649409876772096,385590112,44,3,7.860546246891041,1.3576307140907362,0.8954527271803053,0.13278165459632874
66652467893487488,385590134,42,3,1.3578186119650797,1.4840096060130326,0.13284175736409976,0.17143671214580536
66652467893487488,385590134,43,3,66.72370411595419,1.701556211435025,1.8242801478285158,0.23084630072116852
66652467893487488,385590134,44,3,24.912285639671843,1.421512996970555,1.3964135747930124,0.15275083482265472
66699712533433600,385590417,44,2,26.709925823410103,1.360529336678951,1.4266726819364455,0.1337079107761383
66899239535574400,385590587,42,2,11.023367626361578,1.5838588064968133,1.0423142912599401,0.1997164636850357
66899239535574400,385590587,43,2,1.806962410371585,1.3509226344452796,0.2569491181735507,0.1306304782629013
66899239535574400,385590587,44,2,19.22475948220378,1.3690966506962188,1.2838609151207971,0.13643410801887512
67352066526730240,385590965,42,3,1.0238148140007068,1.5974541522764574,0.010221409246475277,0.20342840254306793
67352066526730240,385590965,43,3,1.1714987603705402,1.2484629730452492,0.06874183338153572,0.09637566655874252
67352066526730240,385590965,44,3,1.9298555047496,1.321516025112178,0.28552479302894396,0.1210724338889122
67373094686549632,385591142,42,4,10.233943453607534,1.5906780300753063,1.010043013002127,0.20158228278160095
67373094686549632,385591142,43,4,0.5393337303691338,1.594513863593159,-0.2681424177331609,0.20262829959392548
67373094686549632,385591142,44,4,38.1243476197268,1.488440995329764,1.5812024208118427,0.17273162305355072
67376633739588352,385591175,42,3,0.7574353180169457,2.0059261365282723,-0.12065444827478779,0.3023149371147156
67376633739588352,385591175,43,3,1.708635006314688,1.4420309213240632,0.23264929989277522,0.1589745730161667
67376633739588352,385591175,44,3,9.347078139081162,1.1778648431145233,0.9706758732909737,0.07109545916318893
70404894921335936,385591266,42,4,20.83181111799566,1.5495027691235403,1.3187270291584465,0.1901923567056656
70404894921335936,385591266,43,4,7.896622924576835,1.4489600592083958,0.8974414003043872,0.16105641424655914
70404894921335936,385591266,44,4,21.644821158130114,2.0716499135341064,1.3353540017750427,0.3163163661956787
5310142950274535424,385626253,9,2,1.0247367956472966,1.628935208772284,0.010612330877816952,0.21190381050109863
5310142950274535424,385626253,10,2,0.4929463342318226,2.3975038413145935,-0.307200358644905,0.3797593116760254
5310142950274535424,385626253,35,2,0.0808995991677486,1.6743569334272104,-1.0920536301759378,0.22384804487228394
5310142950274535424,385626253,36,2,0.3352809453661872,1.3436161509006317,-0.47459112762535843,0.12827521562576294
5310142950274535424,385626253,37,2,0.2356024285462138,1.5842315420699982,-0.6278202372347499,0.1998186558485031
5310142950274535424,385626253,62,2,0.6108963160393748,1.4944471885191604,-0.2140324938376994,0.17448057234287262
5310142950274535424,385626253,63,2,0.5437768423616633,1.6453050890268681,-0.26457929150521686,0.21624644100666046
3243665031151732864,38613715,31,2,0.0262775862305538,1.6997409033315967,-1.58041453009002,0.23038272559642792
5310606291358320512,386411251,9,4,5.582945024846733,1.5709528937978814,0.7468633513819976,0.19616316258907318
5310606291358320512,386411251,10,4,4.013246938390574,1.3260559078680243,0.6034958830532814,0.12256183475255966
5310606291358320512,386411251,36,4,5.076034272689174,1.6909337227798118,0.7055245457295111,0.22812658548355103
5310606291358320512,386411251,37,4,21.22559632535826,1.5198840363277397,1.3268599004318673,0.18181045353412628
4678136244899047808,38680132,1,2,9.152416339940617,1.6042467001447238,0.96153576778922,0.2052711546421051
4678136244899047808,38680132,2,2,1.239965660539338,1.6023642679433843,0.0934096580293475,0.20476125180721283
4678136244899047808,38680132,5,2,0.2334021868385905,1.9247421991150881,-0.6318950791926048,0.28437256813049316
4678136244899047808,38680132,6,2,0.1684062114866654,2.2121832286791614,-0.7736418940440103,0.34482109546661377
4678136244899047808,38680132,7,2,0.2624912598009178,1.538572916342778,-0.5808851527663151,0.18711808323860168
4678136244899047808,38680132,8,2,0.5516630396534737,1.3341623808531944,-0.25832611194990734,0.12520869076251984
4678136244899047808,38680132,9,2,0.5210968619803349,1.2900750329190693,-0.2830815421253673,0.11061497032642365
4678136244899047808,38680132,10,2,0.0974112323114096,1.5157018684594097,-1.011390962529914,0.18061378598213196
4678136244899047808,38680132,11,2,1.3167366778827694,1.3827995503842954,0.11949893306614728,0.14075922966003418
4678136244899047808,38680132,12,2,6.302125943206244,1.5722821759784045,0.7994870779704734,0.19653049111366272
4678136244899047808,38680132,13,2,6.945009537621384,1.6252747974660735,0.8416728464931439,0.21092680096626282
4678136244899047808,38680132,27,2,2.4433586626805415,1.6657021399448007,0.387987222106474,0.2215973436832428
4678136244899047808,38680132,31,2,0.1615953576179531,1.4710468355764221,-0.7915711199838718,0.1676265001296997
4678136244899047808,38680132,32,2,0.1260404131705139,1.3604013890253535,-0.8994901818437999,0.13366706669330597
4678136244899047808,38680132,33,2,0.1456030212855528,1.563564075233434,-0.8368296132507954,0.19411568343639374
4678136244899047808,38680132,34,2,1.665896747972876,1.5807206684127273,0.22164808039895598,0.19885513186454773
4678136244899047808,38680132,35,2,1.5728904384167346,1.7560527686438596,0.19669847237014457,0.2445375621318817
4678136244899047808,38680132,39,2,1.586202656099024,1.3365871303958985,0.2003586727690869,0.12599727511405945
4678136244899047808,38680132,61,2,0.2848760186319753,1.5852109750427703,-0.5453441089008,0.2000870704650879
4678136244899047808,38680132,62,2,0.2656590239299466,1.3430996415993786,-0.5756754273491285,0.12810823321342468
4678136244899047808,38680132,63,2,0.6842580750679881,1.491045757350453,-0.16478006869054612,0.173490971326828
4678136244899047808,38680132,64,2,13.915749395509929,1.5661709513917583,1.1435065990689999,0.19483916461467743
4678136244899047808,38680132,65,2,0.1686891397647751,1.3443245883583939,-0.7729128764627593,0.12850414216518402
6036302107604912128,386951119,12,4,0.1369657544637443,1.5306647393660946,-0.8633880058842803,0.1848800778388977
3415529414514502144,387719481,43,0,96.1442147097694,1.6541606407588882,1.982923156538983,0.21857768297195435
4654322231790939776,388128331,4,1,12.365623161727092,0.6255307224569602,1.092216007383931,-0.2037513554096222
4654322231790939776,388128331,5,1,0.1615671519034679,1.425859130357803,-0.7916469306724835,0.15407662093639374
4654322231790939776,388128331,6,1,13.53404377181902,1.8353431022040037,1.1314275767454052,0.26371726393699646
4654322231790939776,388128331,7,1,31.295525342874537,1.4305889006599204,1.4954822462422965,0.15551485121250153
4654322231790939776,388128331,9,1,2.926983724020082,1.5622955526431441,0.4664203074737923,0.19376319646835327
4654322231790939776,388128331,10,1,0.6965989482371711,1.4036835302396296,-0.15701718559862335,0.14726920425891876
4654322231790939776,388128331,11,1,3.8078157000173336,1.460387258212049,0.5806759201739775,0.16446803510189056
4654322231790939776,388128331,27,1,14.15814832798711,1.4916271967312655,1.1510064579072878,0.1736602932214737
4654322231790939776,388128331,28,1,22.557728015920123,1.5090452582192446,1.3532953559568164,0.17870226502418518
4654322231790939776,388128331,29,1,5.580718772410106,1.4854903308441252,0.7466901377885167,0.17186982929706573
4654322231790939776,388128331,30,1,39.737985807142664,1.383410830946059,1.5992058503175235,0.14095117151737213
4654322231790939776,388128331,31,1,0.9037574158069048,1.6001109439657786,-0.04394812606720082,0.20415009558200836
4654322231790939776,388128331,32,1,10.351085250652536,1.3935811281896247,1.014985885412408,0.14413225650787354
4654322231790939776,388128331,34,1,2.7164700661219694,1.6889220455680345,0.4340049237302487,0.22760960459709167
4654322231790939776,388128331,35,1,4.435794899416921,1.3108549392464537,0.6469714571996832,0.11755463480949402
4654322231790939776,388128331,36,1,6.522631703288393,1.5813067472063504,0.8144228570223818,0.19901612401008606
4654322231790939776,388128331,37,1,4.029654591504735,1.7477897533497833,0.6052678214680456,0.24248918890953064
4654322231790939776,388128331,38,1,6.605222041401063,1.4663586833924929,0.8198874214561324,0.16624021530151367
4654322231790939776,388128331,39,1,6.186634001027514,1.3475270534128791,0.7914544240795142,0.12953749299049377
4654322231790939776,388128331,61,1,2.790823225051657,1.5555585079407104,0.4457323284929334,0.19188635051250458
4654322231790939776,388128331,62,1,18.766764705022844,2.2339136235591206,1.2733894089099727,0.3490663766860962
4654322231790939776,388128331,64,1,10.144343077595387,1.3522524717810012,1.0062239284504146,0.13105778396129608
4654322231790939776,388128331,65,1,1.3621974033006226,1.418157570035302,0.1342400480701506,0.15172448754310608
4654322231790939776,388128331,66,1,0.2519778401181735,1.4915718727106404,-0.5986376510341946,0.17364418506622314
5194120112463898496,388240837,11,1,8.881887385045829,1.546854373326176,0.9485052623792883,0.18944942951202393
5194120112463898496,388240837,12,1,2.8499093774034976,1.4740553951979616,0.45483105035260374,0.16851380467414856
5194120112463898496,388240837,13,1,13.249004830710296,1.4720614981911888,1.1221832584417015,0.16792595386505127
5194120112463898496,388240837,27,1,11.133320613057286,1.5836943154996457,1.0466247158929034,0.19967135787010193
5194120112463898496,388240837,38,1,18.175365169909977,1.4820094140985396,1.2594831452358173,0.1708509624004364
5194120112463898496,388240837,39,1,17.55825345510544,1.6194822822785213,1.2444813138175703,0.20937620103359222
5194120112463898496,388240837,61,1,6.151398183450754,1.844733999189088,0.7889738400587721,0.2659337520599365
5194120112463898496,388240837,65,1,13.385320065807736,0.9376213987168147,1.1266287603680942,-0.027972489595413208
5194120112463898496,388240837,67,1,4.584720183727977,1.507756764917162,0.6613128347996673,0.17833128571510315
4677997740793659776,38905773,4,0,7.933947760911856,1.4038242186511007,0.8994893366445081,0.147312730550766
4677997740793659776,38905773,5,0,7.212220937889673,1.4822923169155773,0.8580690223538341,0.17093385756015778
4677997740793659776,38905773,6,0,0.9146220735165382,1.5203367573408373,-0.03875832155281282,0.18193979561328888
4677997740793659776,38905773,7,0,4.353060001304508,1.6798435102358755,0.6387946533866343,0.22526882588863373
4677997740793659776,38905773,8,0,5.384194868489086,1.4386372310186892,0.7311207697853835,0.15795129537582397
4677997740793659776,38905773,9,0,4.7881998403233075,2.199350541819714,0.6801722678284676,0.34229445457458496
4677997740793659776,38905773,10,0,4.275273280819289,2.070062861511004,0.6309638805983482,0.31598353385925293
4677997740793659776,38905773,11,0,5.038059712192837,1.3013652170725967,0.7022633105464077,0.11439919471740723
4677997740793659776,38905773,12,0,1.3375686833800482,1.6084036864205966,0.12631609203688782,0.20639505982398987
4677997740793659776,38905773,13,0,103.15804198370448,1.5520653259548023,2.013503090312131,0.1909099966287613
4677997740793659776,38905773,61,0,4.750588184097679,1.9516182580308488,0.6767473842129956,0.2903948724269867
4677997740793659776,38905773,62,0,5.096415634779803,1.4593953639803177,0.7072648393686117,0.16417296230793
4677997740793659776,38905773,63,0,4.7193798638467435,1.5267337120066806,0.6738849352011801,0.1837632954120636
4677997740793659776,38905773,65,0,3.836222097688219,1.465157411011037,0.5839037426613564,0.16588428616523743
4677997740793659776,38905773,66,0,7.59182092728836,1.6454763179993523,0.8803459555826024,0.2162916362285614
45630728985147648,389085401,44,4,0.327011059400741,1.4981269375975805,-0.48543755940241873,0.17554861307144165
5378040370245563008,389253973,10,4,0.8695083243561308,1.5275903267279938,-0.06072625586411228,0.18400689959526062
512554009762579584,389641461,58,2,0.0132685349612662,1.3162841025817524,-1.8771770268991395,0.1193496361374855
5239251727594949120,389925947,10,1,0.0460238808306796,1.3413354403397788,-1.3370167634968382,0.12753739953041077
5239251727594949120,389925947,63,1,0.0692378585410408,1.4170665757976673,-1.159656372890685,0.15139025449752808
6075548419252913152,390229592,10,0,1.0707860742175974,1.7281919661087846,0.029702714466911785,0.23759198188781738
6075548419252913152,390229592,11,0,0.5565397876300623,1.4830574369197476,-0.25450378203816315,0.17115797102451324
6075548419252913152,390229592,37,0,0.1692262950341542,1.4911296102216625,-0.7715321537026495,0.17351539433002472
5239723525484923904,390359863,11,3,0.065056246533754,1.574635857845894,-1.1867109972592516,0.1971801370382309
5239674700295136000,390363092,37,0,0.726021282850683,1.5194278529169618,-0.13905064804765727,0.1816800832748413
5239674700295136000,390363092,38,0,0.8416562389450818,1.5697308347608534,-0.07486525293428592,0.19582518935203552
5239674700295136000,390363092,63,0,0.0647162311039241,1.5225798174520786,-1.1889867827806635,0.18258006870746613
5239674700295136000,390363092,64,0,0.560364703365487,1.632577928511031,-0.25152922816208306,0.2128739207983017
5239660372284736896,390366768,10,2,0.1593157147519284,1.3702009692876733,-0.7977413836876411,0.13678427040576935
5239660372284736896,390366768,11,2,0.0422944185495572,1.528465462523564,-1.3737169412080392,0.18425562977790833
6071792178303014912,390397794,10,1,4.4801876951299535,1.604688265747167,0.6512962089203944,0.20539067685604095
6071792178303014912,390397794,11,1,8.392508146857647,1.465557474327884,0.9238917715028447,0.16600285470485687
6071792178303014912,390397794,37,1,1.2303748683456408,1.6042039318252261,0.09003745164275992,0.20525957643985748
6071792178303014912,390397794,38,1,8.76114155592695,2.3094719659675986,0.942560697394055,0.36351269483566284
5239823134370969088,390441711,10,1,0.0128766277254046,1.36248762823805,-1.8901978599582854,0.1343325674533844
5239823134370969088,390441711,37,1,0.2838450813474277,1.4548141758283506,-0.5469186271112078,0.16280752420425415
5239086805168167168,390847186,63,0,26.09338866610282,1.6064318773641344,1.416530483217667,0.20586231350898743
245793664026998528,391030910,59,2,0.0492321264051064,2.4766418148417775,-1.3077514060297961,0.3938632011413574
5239498744077038976,391341577,10,2,0.1840551571433167,1.3646563826305724,-0.7350520093093734,0.1350233107805252
4660206027800195584,391745863,1,1,2.992588496186044,1.3067175942294615,0.476047002131745,0.11618173867464066
4660206027800195584,391745863,3,1,7.502777092271789,1.4325894405673982,0.8752220437399958,0.15612174570560455
4660206027800195584,391745863,4,1,6.783982517262633,1.5664345544978746,0.8314847200466895,0.19491225481033325
4660206027800195584,391745863,5,1,7.817158081732765,1.486963655703925,0.8930488945246055,0.17230035364627838
4660206027800195584,391745863,6,1,6.401011912867483,1.5817565977221448,0.8062486354582178,0.19913965463638306
4660206027800195584,391745863,7,1,6.947827072467539,1.3344253939225517,0.8418490005626652,0.1252942979335785
4660206027800195584,391745863,8,1,12.92798219240388,1.4959326818234597,1.1115307452137677,0.17491205036640167
4660206027800195584,391745863,10,1,2.0943815206611003,1.4688419957248817,0.321055797316727,0.16697508096694946
4660206027800195584,391745863,11,1,3.999802069403482,1.451111006356878,0.6020385007547858,0.16170063614845276
4660206027800195584,391745863,13,1,3.738840457013844,1.500565347939881,0.5727369334300079,0.17625491321086884
4660206027800195584,391745863,27,1,18.360440602660987,1.3681815952003815,1.2638830989245045,0.1361437439918518
4660206027800195584,391745863,28,1,12.712416987257456,1.5381373526980726,1.104228129974559,0.18699511885643005
4660206027800195584,391745863,30,1,6.850993976369383,1.5552843012980588,0.8357535856728372,0.1918097883462906
4660206027800195584,391745863,31,1,10.730453940113378,1.3514347794520645,1.0306180947074537,0.13079509139060974
4660206027800195584,391745863,33,1,1.2031387708315449,1.4412202576216688,0.08031572204525947,0.15873035788536072
4660206027800195584,391745863,34,1,4.523001833512375,1.4332511550219116,0.6554267637981286,0.15632230043411255
4660206027800195584,391745863,35,1,5.096751003823048,1.4233559382379297,0.7072934171266527,0.1533135175704956
4660206027800195584,391745863,36,1,11.732401788176771,1.6333117869617302,1.0693869274247916,0.2130690962076187
4660206027800195584,391745863,37,1,0.4530321098814275,1.446373681792495,-0.3438710150951,0.1602805107831955
4660206027800195584,391745863,38,1,3.580885821110567,1.9130295625948996,0.5539904734687073,0.28172168135643005
4660206027800195584,391745863,61,1,2.6494679998293647,1.3625323673579923,0.4231586784902981,0.1343468278646469
4660206027800195584,391745863,62,1,14.477455598800224,1.3605461420805467,1.1606922416609722,0.1337132751941681
4660206027800195584,391745863,64,1,12.32676865512644,1.3679045601125719,1.0908492453573098,0.13605579733848572
4660206027800195584,391745863,65,1,5.490316664839128,1.4807471044373437,0.7395973939630489,0.1704808920621872
4660206027800195584,391745863,66,1,6.995083417957337,1.5618943229673898,0.8447928979189899,0.19365164637565613
4660206027800195584,391745863,67,1,1.5237077663092502,1.493164806916374,0.1829016811445431,0.17410774528980255
6045059133601989376,392038114,12,0,0.3119700698804114,1.566664766542407,-0.5058870697933887,0.1949760764837265
6045035386718140032,392102549,12,4,9.588898914672171,1.5734511535855542,0.9817687403577007,0.19685326516628265
6038192786565512064,392328254,12,1,0.0796241091404143,1.5186239082895125,-1.0989554136527195,0.1814502328634262
6220173643266533120,392788625,11,2,0.0236128098915848,2.393169307910383,-1.6268523294058588,0.37897342443466187
6215319505597073792,392838495,11,4,1.3609065675272982,1.4685602994900564,0.13382830992030845,0.16689178347587585
5552518640641540864,393272071,61,0,2.025469513580486,1.417707937844167,0.30652571077144153,0.15158677101135254
4775042698645311360,393490554,2,3,27.083687309145724,1.2108994097877095,1.4327077910692474,0.08310806751251221
4775042698645311360,393490554,3,3,20.080025926387943,1.2283641322880767,1.3027642692140151,0.0893271267414093
4775042698645311360,393490554,4,3,7.884182214085124,1.4955035450666088,0.8967566528546448,0.17478744685649872
4775042698645311360,393490554,5,3,4.753275063664173,1.3076516848463529,0.6769929468794472,0.11649207770824432
4775042698645311360,393490554,8,3,13.822468333428782,1.3816568234803766,1.1405856036653665,0.14040018618106842
4775042698645311360,393490554,9,3,26.42918679029424,1.3081380447656383,1.4220838003651104,0.11665357649326324
4775042698645311360,393490554,12,3,23.85678844212401,1.4137481777595484,1.3776119793284636,0.15037205815315247
4775042698645311360,393490554,29,3,21.11782516889319,1.1890552245167063,1.3246491901031143,0.07520202547311783
4775042698645311360,393490554,30,3,12.952160487935336,1.3698108620521015,1.1123422170449555,0.1366606056690216
4775042698645311360,393490554,31,3,37.21030957992601,1.3085559345624362,1.570663283251695,0.11679229140281677
4775042698645311360,393490554,32,3,8.572944266408296,1.3395554473615123,0.9331300003428532,0.12696069478988647
4775042698645311360,393490554,35,3,12.413848321158046,1.286515327995887,1.0939064346464045,0.1094149649143219
4775042698645311360,393490554,36,3,29.195213397588045,2.179487631415149,1.4653116540026592,0.3383544087409973
4775042698645311360,393490554,39,3,28.903458568020177,1.1197404226716015,1.4609498132457004,0.04911735653877258
4775042698645311360,393490554,62,3,17.980745462554967,1.0846150793182705,1.2548076931571002,0.03527563810348511
4775042698645311360,393490554,63,3,24.171816773280863,1.441239642145932,1.3833092935586027,0.1587361991405487
4775042698645311360,393490554,64,3,11.319683684522415,1.1518502809434614,1.0538342911644596,0.0613960325717926
4775042698645311360,393490554,65,3,6.4965457795754675,1.4020547202272036,0.8126825031637208,0.14676496386528015
4775042698645311360,393490554,66,3,59.07352828273213,1.2476499916110217,1.771392910725057,0.09609276801347733
2968166003220173696,393794445,5,1,2.49839244982513,1.4315888211628103,0.3976606587804843,0.15581829845905304
2968166003220173696,393794445,6,1,0.6982854415445772,1.4352132644560163,-0.1559670124094558,0.15691643953323364
2968166003220173696,393794445,32,1,6.5827315919732605,1.3836069763209697,0.818406147283878,0.1410127431154251
4702194830625123712,394136141,1,4,1.035837645111594,1.5729799717652906,0.01529169039219378,0.19672319293022156
4702194830625123712,394136141,27,4,0.8974368258305507,1.5554845880006023,-0.04699611340016101,0.1918657124042511
4702194830625123712,394136141,28,4,4.415392336243943,1.532545914574904,0.6449692995093895,0.18541349470615387
4702194830625123712,394136141,67,4,0.8523484807767034,1.5430714039923317,-0.06938280859483341,0.18838602304458618
5201664579001450880,394238292,64,2,2.373800099939721,1.6209700879562017,0.3754441437894157,0.20977500081062317
5201664579001450880,394238292,65,2,22.984213873700693,1.3379123124490833,1.3614296542184838,0.12642765045166016
5201664579001450880,394238292,66,2,7.299388156544291,1.4089500327834437,0.8632864585625399,0.14889559149742126
5201932413160136064,394241607,11,1,2.6764505085785206,1.3873062300133483,0.4275592170637527,0.14217233657836914
5201932413160136064,394241607,12,1,2.1097805629676287,1.3448130525876316,0.3242372869336283,0.12866191565990448
5201932413160136064,394241607,38,1,24.780557043388804,1.5288509181896541,1.394111064677286,0.1843651384115219
5201932413160136064,394241607,39,1,7.980959704390976,1.3893241328629353,0.9020551180751221,0.14280357956886292
5201932413160136064,394241607,64,1,6.93402702818184,1.540738417612625,0.8409855301625111,0.1877289116382599
5201932413160136064,394241607,65,1,2.513663834067039,1.3281567828102032,0.40030719667069997,0.1232493445277214
5201932413160136064,394241607,66,1,4.11212527574864,1.3714815024149716,0.6140663369545333,0.13718995451927185
5201817793371491456,394334524,64,1,0.100851538908058,1.4276186028382472,-0.9963174704390335,0.154612198472023
5201817793371491456,394334524,65,1,0.0631530071466297,1.4125000034770223,-1.1996059648854744,0.14998845756053925
5201817793371491456,394334524,66,1,0.2855431253813396,1.1030262545394662,-0.5443282912683893,0.04258584976196289
5202456197310017664,394351304,66,2,3.183489006287475,1.6970028228401928,0.5029033544301326,0.2296825647354126
6456232811155783936,394459715,27,0,0.0098769242827806,1.4264187227180058,-2.0053782755516965,0.15424703061580658
5198621753588073088,394489435,64,3,36.43594832323416,1.1362401304155287,1.5615300774476912,0.05547012388706207
5199197588443014272,394588883,64,2,24.41324904948153,1.7324238998588672,1.3876255815623064,0.23865416646003723
5199197588443014272,394588883,65,2,9.150642811500626,1.3601226159145765,0.9614516033212998,0.13357806205749512
5199197588443014272,394588883,66,2,2.5628963767853508,1.6007285976147974,0.40873104711280855,0.20431770384311676
5198509362883878528,394661575,65,1,14.818600542710143,1.4316069954999746,1.1708071911415066,0.15582381188869476
5198509362883878528,394661575,66,1,30.734967811249906,1.9278528258926007,1.4876327626202448,0.2850738763809204
5198548842223142912,394704031,66,1,18.653691308363836,1.5178193995513118,1.2707647855401911,0.18122009932994843
5200814729530874240,394816014,64,0,0.1883635411474127,1.6804691657751896,-0.7250031536172694,0.22543054819107056
5200814729530874240,394816014,66,0,0.2599389787409993,1.6826187947697353,-0.5851285916692861,0.22598573565483093
5200743875452345344,394914300,66,2,2.1428237089404543,1.3393479002072164,0.3309864429113164,0.12689340114593506
5786663249547896576,396538712,39,1,0.0199499309461652,1.2543886297791385,-1.7000586032229128,0.09843210875988007
4778915109878774912,396731889,3,2,4.3322979475698675,1.262371596365558,0.6367183169597098,0.10118721425533295
4778915109878774912,396731889,4,2,0.4112015259983438,1.569808555705964,-0.3859452823118313,0.19584669172763824
4778915109878774912,396731889,5,2,2.4233894177732145,1.3409230472588423,0.38442320712186934,0.1274038553237915
4778915109878774912,396731889,29,2,0.9870895694072548,1.33288211764319,-0.0056434372651386466,0.12479174137115479
4778915109878774912,396731889,30,2,0.6993542815902636,1.666657141531145,-0.1553027619353353,0.22184626758098602
4778915109878774912,396731889,31,2,2.1887160415311366,1.3465322992823812,0.3401894209578418,0.1292167752981186
4778915109878774912,396731889,32,2,6.26257356457214,1.322224537361251,0.796752840432204,0.12130521237850189
4778915109878774912,396731889,39,2,4.426980006120261,1.6021402440681316,0.6461075605487032,0.2047005295753479
4778915109878774912,396731889,66,2,2.038219168351413,1.298580903764662,0.309250881578125,0.11346901208162308
1105902749568357888,396830232,60,1,1.080310362778773,1.472520739713674,0.03354854204119573,0.16806142032146454
5947481458063322368,396969225,13,1,5.065546473772505,1.4331371191276217,0.7046263041369256,0.15628774464130402
5947481458063322368,396969225,39,1,3.8251661801136096,1.430349826581165,0.5826503073428712,0.1554422676563263
5232514298297802880,397265144,10,1,0.25610485884377,1.3534600388384104,-0.5915821819805338,0.13144543766975403
5372105069042468736,397333366,10,3,0.0337993028706428,1.3370136954931178,-1.4710922571943947,0.12613585591316223
3409493546650264704,397353968,44,4,9.963007049610324,1.6323623943486414,0.9983904376156267,0.21281658113002777
5239135492911437568,397791443,38,1,16.741649682517526,1.4461959295018687,1.223798250115697,0.16022713482379913
5232233789697993728,398085117,10,2,3.2210363856612565,1.578409718805623,0.50799563075035,0.19821974635124207
5232233789697993728,398085117,11,2,0.3365847895906174,1.637927040785875,-0.4729055138685713,0.21429455280303955
5232233789697993728,398085117,38,2,0.1085277992866712,1.6292210030309884,-0.9644590034705958,0.21198000013828278
5232233789697993728,398085117,64,2,0.7461560789099797,1.5971740948896018,-0.12717031847988813,0.20335225760936737
5232669917858509568,398297087,65,0,0.6492157794790455,1.3669182601563772,-0.1876109329964616,0.13574254512786865
6359627073840128256,398403219,66,3,1.3445401432053927,1.382165586641129,0.12857377324755176,0.1405600756406784
6359627073840128256,398403219,67,3,7.925517095333739,1.4734737273953806,0.8990276070820773,0.16834239661693573
2708287457803120640,398552435,55,3,0.0315896097564548,1.2452026439791097,-1.500455739136482,0.0952400341629982
6068338371741297536,399020708,11,4,10.09350971621073,1.7326359407661034,1.0040422054189122,0.23870731890201569
6068338371741297536,399020708,64,4,8.401253566029052,1.527078647571254,0.9243440927512145,0.1838614046573639
409038567717304960,399198780,58,0,5.931761747737163,1.423347196434908,0.7731836990453163,0.1533108502626419
5238609720201102080,399367577,10,4,0.2730181813930937,1.6045248045951677,-0.5638084305571486,0.20534643530845642
5231722379355280000,399853374,10,1,0.1053761113294937,1.4131941379881965,-0.9772578321373401,0.15020182728767395
5231722379355280000,399853374,11,1,2.320271119218813,1.4425820113730112,0.3655387343310842,0.15914051234722137
5231722379355280000,399853374,37,1,0.2325098765138088,1.3644441973526933,-0.6335585944972706,0.1349557787179947
5231722379355280000,399853374,38,1,0.428666447219589,1.4786237606928647,-0.36788050845963793,0.1698576807975769
2897904220905879552,37389436,33,3,0.0559230586540774,1.2209364611458533,-1.252409083323522,0.08669306337833405
5231661287738368000,400184483,11,2,0.1028321814762412,1.5075414678300223,-0.987870950998513,0.17826926708221436
5238340129374896512,400320132,10,3,0.1785117861738816,1.356734680460283,-0.7483331044744957,0.13249492645263672
5238340129374896512,400320132,11,3,0.4093670355938013,1.304758181965853,-0.38788713196199986,0.11553002893924713
5238340129374896512,400320132,37,3,0.5705649604032923,1.3769357036448302,-0.24369490279944397,0.13891366124153137
5238340129374896512,400320132,38,3,1.1500352134229328,1.3648858813838,0.060711138406772426,0.13509634137153625
5325281335588219008,400598180,8,3,0.3341627586377795,1.258532897459043,-0.47604195246576275,0.09986457228660583
5325281335588219008,400598180,9,3,1.909964068595888,1.446859361600501,0.2810251971130074,0.1604263186454773
5325281335588219008,400598180,35,3,0.819303452860028,1.4519030224177427,-0.08655521485267907,0.16193760931491852
5325281335588219008,400598180,36,3,0.5554471210297948,1.717180881578098,-0.25535727990597346,0.2348160445690155
5325281335588219008,400598180,62,3,0.3769725177649766,1.3920836846329399,-0.42369030978908784,0.1436653435230255
5325281335588219008,400598180,63,3,0.5102841581934664,1.5452460998023125,-0.29218791416033174,0.18899765610694885
5368378549268711552,400913139,10,1,1.8065914097583855,1.6848995666781366,0.25685994085522007,0.22657401859760284
5368378549268711552,400913139,37,1,0.2289185739012414,1.5377766228796612,-0.6403189682885074,0.1868932545185089
6076319726660327424,400953317,37,2,3.440916060088913,1.4958065248048722,0.5366740782922925,0.1748754233121872
6071472529664191360,401049758,10,4,0.5246823386843913,1.5899082291537612,-0.28010355432844575,0.20137205719947815
6071472529664191360,401049758,11,4,0.1735415389856955,1.5741787963931413,-0.7605965554953011,0.19705405831336975
6078760195785278208,401228262,10,3,7.636496996095456,1.2034087232049069,0.8828941852582883,0.08041315525770187
6078760195785278208,401228262,11,3,9.587839903390307,1.151419065125304,0.9817207736245853,0.06123341619968414
6078760195785278208,401228262,64,3,18.60687066228934,1.4803636689107778,1.269673338827841,0.17036841809749603
5323490299871503872,401297312,62,0,2.910201001399811,1.6437245046999043,0.46392298581893987,0.2158290296792984
5323490299871503872,401297312,63,0,5.523023216657302,1.7212007589212344,0.7421768688338459,0.23583152890205383
5323690033028759936,401299019,9,0,18.78787840277863,1.6930424225619862,1.2738777407185167,0.22866784036159515
5323690033028759936,401299019,35,0,11.640509249881106,1.4538073610121929,1.065971980277396,0.1625068634748459
5323690033028759936,401299019,36,0,10.719049939399426,0.6088682015196184,1.0301562942782996,-0.21547670662403107
2757493837257149056,401369627,42,0,1.3058009793385594,1.4352639373003389,0.11587698998537876,0.1569317728281021
6083278020342514560,401440453,64,2,27.66467627460568,1.3257115285069005,1.441925592570233,0.12244903296232224
5792178743477357312,402751779,66,2,0.4056651451768275,1.710911991416796,-0.39183230535372376,0.2332276701927185
5792495742123741056,403019434,12,1,0.0696887018992864,1.7051358948794526,-1.1568376250658021,0.2317589968442917
5792495742123741056,403019434,39,1,0.0564098175501272,1.669263152631294,-1.2486453049386927,0.22252480685710907
5379728773429025024,403762392,10,0,0.0466061205620742,1.716865637505451,-1.3315570457179884,0.23473630845546722
6128493718050020096,404012623,10,2,7.777417677695336,1.495407747681198,0.8908354228907549,0.1747596263885498
6128493718050020096,404012623,37,2,2.052969922655355,2.062181763629339,0.31238258672056957,0.3143269419670105
6080182860754037248,404280088,64,3,0.5482933689604191,1.6273452239264063,-0.26098700642604566,0.21147969365119934
6081151015098289792,404390913,64,1,1.6640711193305875,0.6520286988168261,0.22117188329653228,-0.18573328852653503
2454062437973588864,404467056,30,0,2.8830227833622,1.415579109404177,0.45984807445528575,0.1509341448545456
2727676456301311744,404487338,56,2,0.0242101789157982,1.3829137564195748,-1.6160020010639768,0.14079509675502777
4657783116463742336,404768019,1,3,0.5617394965021907,1.2651994688875299,-0.2504650393428092,0.10215900093317032
4657783116463742336,404768019,2,3,0.3694972471475672,1.4599116138754813,-0.43238879286610976,0.16432656347751617
4657783116463742336,404768019,5,3,0.0750299064617704,1.3793645470218558,-1.1247655949754287,0.13967905938625336
4657783116463742336,404768019,6,3,0.6491279585489531,1.3738971893547958,-0.18766968499606818,0.1379542350769043
4657783116463742336,404768019,8,3,0.0154649288505672,1.6646345357402073,-1.8106520737129934,0.22131890058517456
4657783116463742336,404768019,9,3,0.711031106561879,1.4222861256233477,-0.14811139911177748,0.15298697352409363
4657783116463742336,404768019,10,3,0.3006610246890893,1.5806899709028719,-0.5219228667433042,0.198846697807312
4657783116463742336,404768019,11,3,0.129898366346248,1.6423056888426502,-0.8863963107535404,0.21545399725437164
4657783116463742336,404768019,12,3,0.2436418946953323,1.4925639221669296,-0.6132480318412443,0.17393293976783752
4657783116463742336,404768019,13,3,0.5455504806041986,1.622374813536464,-0.2631650572965182,0.21015119552612305
4657783116463742336,404768019,29,3,0.3309977972063975,1.10691155426274,-0.48017489644872124,0.0441129207611084
4657783116463742336,404768019,30,3,1.3515444207875045,2.209369335398816,0.13083032409013773,0.3442683219909668
4657783116463742336,404768019,32,3,0.1160321429948547,1.3631108357191872,-0.9354216867075761,0.134531170129776
4657783116463742336,404768019,33,3,0.5350260933217107,1.281395550336679,-0.2716250368399069,0.1076832115650177
4657783116463742336,404768019,35,3,2.1508434819129403,1.5151851775235547,0.3326088076841825,0.1804657131433487
4657783116463742336,404768019,36,3,1.9224640005425129,1.1407322314145636,0.28385821608745077,0.05718371272087097
4657783116463742336,404768019,37,3,0.1220499036735983,1.5477909425299652,-0.9134625590082939,0.1897123008966446
4657783116463742336,404768019,38,3,6.259821888940583,2.630206905789537,0.7965619763812412,0.4199899137020111
4657783116463742336,404768019,39,3,0.3074492316655261,1.3360140962745153,-0.5122265879465054,0.12581104040145874
4657783116463742336,404768019,61,3,0.1344558725224107,1.436848895518988,-0.8714202246910997,0.1574110984802246
4657783116463742336,404768019,62,3,0.3049931571655466,1.335640779721706,-0.5157099043862673,0.12568967044353485
4657783116463742336,404768019,64,3,0.2075982415047665,1.3706626699432078,-0.6827763295712238,0.13693058490753174
4657783116463742336,404768019,65,3,2.272976683354701,1.3938687676766959,0.35659498066895307,0.14422188699245453
4657783116463742336,404768019,66,3,0.0777210493812243,1.45671043709825,-1.109461344235425,0.16337323188781738
5842775554171002496,405040121,11,2,31.045100081597383,1.4896180664775907,1.4919930642404793,0.17307493090629578
5842775554171002496,405040121,12,2,6.346864344098231,1.670062837580633,0.8025592159381596,0.222732812166214
5842775554171002496,405040121,64,2,10.461567513468022,1.663455288144395,1.0195967621073316,0.22101113200187683
5193207655251945088,405077613,11,1,0.3443649763008253,1.7095636356139472,-0.4629810249673942,0.23288527131080627
5193207655251945088,405077613,12,1,0.1015346804188419,1.4586991566248884,-0.9933855937900051,0.16396573185920715
5193207655251945088,405077613,13,1,0.1765629168786451,1.406921051086806,-0.7531005050965371,0.14826972782611847
5193207655251945088,405077613,27,1,0.9550206037921328,1.373861033412393,-0.019987258765253924,0.13794280588626862
5193207655251945088,405077613,39,1,0.3220186113205184,1.4240390392478033,-0.49211902718546774,0.15352189540863037
5193207655251945088,405077613,66,1,0.0439050092142654,1.337304112824488,-1.3574859273659146,0.1262301802635193
5193207655251945088,405077613,67,1,0.0574603038188971,1.4563032449943658,-1.2406320820245156,0.1632518172264099
5859373919170289024,405089321,11,2,5.946953729725643,1.3678159507684184,0.7742945594841432,0.13602766394615173
5859373919170289024,405089321,37,2,0.8505775651558926,1.5254671198284517,-0.07028607642741777,0.18340285122394562
5859373919170289024,405089321,38,2,8.348431044276804,1.8692909268427622,0.9216048643653919,0.2716768980026245
2753439761791577984,405188597,43,0,0.0230189910796384,1.5743237711432252,-1.6379137153781655,0.19709405303001404
6072893029952309632,405237154,10,4,0.1335923435267041,1.616465785401126,-0.8742184315265487,0.20856651663780212
6072893029952309632,405237154,11,4,8.013904398228764,1.5210546590450116,0.9038441572170505,0.18214482069015503
6072893029952309632,405237154,64,4,20.172825326173356,1.5853992860601003,1.304766728041056,0.200138658285141
2752136947888573056,405305422,43,1,0.0694200322240114,1.4773593671560925,-1.1585151890698635,0.1694861501455307
6059011558230752128,405318479,10,1,2.6242444592267264,1.3816772557433237,0.4190042889155521,0.14040660858154297
6059011558230752128,405318479,11,1,5.752971154528458,1.7492036684314853,0.7598921964728268,0.24284037947654724
6059011558230752128,405318479,37,1,4.742384244771744,1.4980170944384508,0.6759967391452205,0.1755167692899704
6059011558230752128,405318479,38,1,3.28786176314419,1.5041355215154686,0.5169135495110356,0.17728696763515472
6059011558230752128,405318479,64,1,3.948094412610204,1.486305802842094,0.5963875296068619,0.17210817337036133
6072564997530148224,405385085,11,3,16.747658363964884,1.5736283488439593,1.2239540931220967,0.19690217077732086
6072564997530148224,405385085,64,3,0.1262493719445523,1.3754786103903751,-0.8987707736979641,0.13845384120941162
118159193173934848,405415610,42,1,1.4332564098621092,1.3782270704755606,0.15632389271883498,0.13932077586650848
118159193173934848,405415610,44,1,11.809900710189837,1.3439098929298054,1.0722462463689824,0.12837015092372894
118159193173934848,405415610,58,1,10.165295298669417,1.5931558916381856,1.0071199992770443,0.20225827395915985
69122520763444352,405431212,42,0,6.568803611319353,1.3461965975405212,0.8174862778830919,0.1291084885597229
69122520763444352,405431212,43,0,77.98493121262827,1.6530264728627797,1.892010693415732,0.21827980875968933
69122520763444352,405431212,44,0,11.030936235373275,2.0493685003263726,1.0426123741447242,0.3116200566291809
6073626576005897216,405443884,64,1,9.318454089149032,1.6124916063123511,0.969343869839037,0.2074974626302719
68748751233818112,405462686,44,0,12.192681144861092,1.341584078640764,1.086099216560442,0.12761789560317993
68897842434107392,405462844,42,3,7.976152220566512,1.603034052443069,0.9017934336588201,0.2049427479505539
68897842434107392,405462844,43,3,3.2358079416040084,1.4353170743036066,0.5099827365567698,0.15694785118103027
68897842434107392,405462844,44,3,1.5592619446736566,1.3531866346445192,0.19291907963417632,0.13135769963264465
71108440625265280,405482352,42,0,1.852586779113099,1.754194127103062,0.26777856040697373,0.2440776526927948
70356580830628864,405482377,42,0,24.84340358747223,1.3251422477306587,1.395211094644563,0.12226250022649765
70356580830628864,405482377,44,0,3.2897520263297486,1.5355542193059002,0.5171631631003121,0.18626515567302704
70129913933603328,405483003,42,0,50.89227894909545,1.3339178183569715,1.7066518989545731,0.1251290738582611
70132658415356672,405483008,42,1,6.266996064420354,1.478060068524628,0.797059421969628,0.16969208419322968
70132658415356672,405483008,43,1,15.779325980203213,1.462022232572632,1.1980884482187604,0.16495397686958313
70132658415356672,405483008,44,1,7.114197986005491,1.4479603263292902,0.8521259473036848,0.1607566624879837
70123003329050880,405483112,42,3,5.930206856992913,1.4138264708462183,0.7730698426532518,0.15039610862731934
70123003329050880,405483112,43,3,0.9298381559831582,1.4229136410789702,-0.03159263647844498,0.15317854285240173
69906713072633856,405483200,43,1,7.15538874433733,1.809181637020484,0.8546332334744576,0.2574821710586548
69906571336964608,405483203,43,4,0.0409900096171597,1.5779841553921246,-1.3873219797884286,0.19810263812541962
69906571336964608,405483203,44,4,0.0319770538235929,1.218659485392183,-1.4951615520687602,0.08588237315416336
69906472554465792,405483207,43,0,0.9081590948884054,1.7432777816007161,-0.04183806339554743,0.24136659502983093
69906472554465792,405483207,44,0,1.1154970397822854,1.3866872332585476,0.04746842212507887,0.14197851717472076
69889876800977408,405483336,42,3,0.5402229608783862,1.8640733167988999,-0.26742696111327274,0.2704629898071289
69889876800977408,405483336,43,3,3.969285865461293,1.8822227490963332,0.5987123776478296,0.2746710181236267
69889876800977408,405483336,44,3,3.869997096765694,1.57369686753364,0.5877106392155234,0.19692108035087585
69883417170175488,405483372,43,4,0.041526575922005,1.6064588857012474,-1.3816738772090458,0.2058696150779724
69878503727603072,405483434,42,2,0.9919571925030584,1.3846466976359397,-0.0035070692378019585,0.14133897423744202
69878503727603072,405483434,43,2,8.517845975977473,1.5206502987080774,0.9303297826750573,0.1820293515920639
69878503727603072,405483434,44,2,7.612837868080304,1.504674877313459,0.8815465806473958,0.17744266986846924
69876923179646080,405483449,43,3,8.24929855895891,1.2987410696736612,0.9164170218923923,0.11352257430553436
69876923179646080,405483449,44,3,7.234230963372994,1.3080767125247446,0.8593923701315985,0.11663321405649185
69876712724339456,405483463,42,4,0.1822595839136285,1.8115739807667126,-0.7393096255264837,0.25805607438087463
69876712724339456,405483463,43,4,4.738874153504447,1.5463333234035055,0.6756751756408896,0.18930311501026154
69876712724339456,405483463,44,4,0.6398776068981108,1.536225278269507,-0.1939030880974385,0.1864549070596695
69829541100441600,405483473,42,2,25.932844238197006,1.5592276900808668,1.4138501515249675,0.19290953874588013
69829541100441600,405483473,43,2,10.326612183365206,1.3653981197769414,1.013957867367863,0.13525930047035217
69829541100441600,405483473,44,2,1.835654832366816,1.3229466838309534,0.26379102191359605,0.12154234200716019
68323485048225152,405483551,42,1,0.5631084811154256,1.4240967935019992,-0.24940793159365293,0.1535395085811615
68323485048225152,405483551,43,1,1.15362549557679,1.5129807839320966,0.06206484556012985,0.17983341217041016
68323485048225152,405483551,44,1,1.2544096366164337,1.4362514544879055,0.0984393816870356,0.15723048150539398
68303659479211776,405483684,42,0,22.229297965985584,1.767298315740861,1.346925747255313,0.2473098635673523
68296890611072384,405483746,42,1,1.2207985426886463,1.4710032272312337,0.08664400217809139,0.16761362552642822
68296890611072384,405483746,43,1,0.1473290576458576,1.3810671202758515,-0.8317115889978676,0.14021478593349457
68296890611072384,405483746,44,1,0.1850677307870848,1.512527243350718,-0.7326693001170802,0.17970320582389832
68296650092601088,405483758,42,2,2.0010727962662207,1.3456178737861004,0.30126288795738104,0.1289217472076416
68296650092601088,405483758,43,2,3.3867109691922863,1.5209946948386435,0.5297781343945469,0.1821276992559433
68296650092601088,405483758,44,2,3.6200467564749994,1.4991685089597786,0.558714179911052,0.17585045099258423
65289623229979136,405483878,42,0,0.2536396355365121,2.071365894219531,-0.5957828795372578,0.3162568211555481
65289623229979136,405483878,43,0,1.0246642805721464,1.4680120286708065,0.010581597121139366,0.1667296141386032
65289279632597760,405483894,43,4,0.1266876731448905,1.546509587271268,-0.8972656404093364,0.1893526166677475
65289279632598016,405483900,44,0,72.03620364375075,1.7705184007301278,1.8575508171400779,0.24810044467449188
65289004754691200,405483908,42,0,25.38112643741777,1.6173081529884448,1.404510892569517,0.2087927758693695
65289004754691200,405483908,43,0,5.449047602747758,1.6346287738034373,0.7363206019067464,0.2134191393852234
65289004754691200,405483908,44,0,69.90644309844946,1.6588069752658952,1.8445172054044428,0.2197958528995514
65245539685760640,405484037,42,3,18.015876227717506,1.2735321510296504,1.2556553895009621,0.10500991344451904
65245539685760640,405484037,44,3,21.066818198132665,0.9551054184137059,1.3235989474096927,-0.019948691129684448
65213172812266752,405484110,43,0,49.790840911727784,1.2787587556848459,1.6971494610864495,0.10678862035274506
65213172812266240,405484111,43,0,3.363681339193094,1.5867426433049072,0.5268148458698715,0.20050649344921112
65213172812266240,405484111,44,0,9.540795447478745,1.5730187772615496,0.9795845847721516,0.19673390686511993
65212932294091264,405484127,43,1,2.3817388079217694,1.4525791401934687,0.37689413309221675,0.16213980317115784
65212932294091264,405484127,44,1,0.2273492764452915,1.5602404331552973,-0.6433064236287314,0.1931915283203125
65226092073881856,405484181,44,3,11.582382824667915,1.3074697838927323,1.0637979152764403,0.11643166095018387
66727234683931520,405484205,42,1,0.6754774220444026,1.5441733630135963,-0.17038916277133886,0.18869605660438538
66727234683931520,405484205,43,1,1.0055233223490154,1.759844675528925,0.00239214817991836,0.24547433853149414
66727234683931520,405484205,44,1,1.9852911313993389,1.4097068484238207,0.2978242025294516,0.14912880957126617
66728265476081408,405484221,42,4,3.919054340978597,1.4971282626269176,0.5931812853774464,0.17525900900363922
66728089380491648,405484248,42,3,3.779734655648816,1.1996505102072128,0.5774613126328935,0.07905474305152893
66729021390315904,405484269,43,0,18.0527402179862,1.3207656110415147,1.2565431326254204,0.12082575261592865
66733763034205696,405484300,43,4,1.3211748521569209,1.5691414011684495,0.1209602985393407,0.19566208124160767
66733763034205696,405484300,44,4,20.747835761432807,1.5779249787309495,1.3169728014872617,0.19808635115623474
66734720809017856,405484340,42,2,0.5718694551804843,1.6328908061400227,-0.2427030994680656,0.21295714378356934
66734720809017856,405484340,43,2,0.4311919927836529,1.659662296337879,-0.36532931257587054,0.22001972794532776
66734720809017856,405484340,44,2,0.5493193694411659,1.3059500869478984,-0.2601750871371947,0.1159265786409378
66734725106867968,405484341,42,3,25.306617730232706,1.5529568809149334,1.4032341048875172,0.19115939736366272
66734725106867968,405484341,44,3,15.265985605302443,1.3687863667821494,1.1837248485381326,0.13633567094802856
66735446661374976,405484342,43,2,2.404700907327614,1.705198087088458,0.381061067248363,0.23177483677864075
66735446661374976,405484342,44,2,35.59747006838141,1.3537255092037146,1.551419133523873,0.13153061270713806
66782897460055424,405484378,43,0,134.24803064918396,1.5757533295095034,2.1279079235375855,0.1974882334470749
66782897460055424,405484378,44,0,19.714941591095577,1.6185603653606975,1.294795494739069,0.20912890136241913
66809491897360896,405484557,43,3,0.018141801146769,1.3495620151007273,-1.7413195976909641,0.1301928460597992
66809491897360896,405484557,44,3,0.0386526844350078,1.558110229929645,-1.4128203388782241,0.19259817898273468
66846291177113088,405489929,42,4,4.59263217822412,1.523033550473729,0.6620616643675669,0.1827094703912735
66846291177113088,405489929,43,4,5.764119444709452,1.6228842895410895,0.760732971732641,0.21028755605220795
69854348831573504,405490026,42,2,1.2748099377180453,1.3461301785207087,0.10544544033612208,0.12908706068992615
69854348831573504,405490026,43,2,13.348284478157796,1.3477759607973983,1.1254254537497335,0.12961770594120026
69857235049588736,405490095,43,1,0.0444140918330124,1.4360955426165194,-1.3524792137969142,0.15718333423137665
69857235049588736,405490095,44,1,0.0382414579993996,1.4063308427165753,-1.4174655581055884,0.1480875015258789
69858094042908928,405490101,42,3,23.16697267369558,1.4603419115135938,1.3648692864007985,0.16445454955101013
69858094042908928,405490101,43,3,86.46994398771045,1.2245557354520524,1.9368651776545152,0.0879785567522049
69858094042908928,405490101,44,3,24.193622713008303,4.291190913004116,1.3837009037678185,0.6325778365135193
71967816338491648,405492429,42,2,35.9534472680881,1.3570582963267908,1.555740537493103,0.13259850442409515
71967816338491648,405492429,43,2,3.83723075310604,1.3581724768113452,0.5840179164220198,0.1329549252986908
71967816338491648,405492429,58,2,25.92347362503025,1.5292035203035006,1.4136931945406555,0.18446528911590576
6061141965074631936,405508600,11,4,0.3449751706945541,1.5210236589773691,-0.4622121617916315,0.18213596940040588
6061141965074631936,405508600,38,4,0.2838284435994583,1.4778157993623524,-0.5469440842862174,0.1696203052997589
6060009296312432896,405513314,11,0,25.354694856000865,1.3825961664826836,1.404058388177031,0.14069534838199615
6060009296312432896,405513314,37,0,3.302516828632334,1.488325325857169,0.5188450393262437,0.17269787192344666
6060009296312432896,405513314,38,0,2.785099772293912,1.447755207001912,0.4448407577792469,0.1606951355934143
6059997201683638016,405513518,11,2,0.3462760851116429,1.5451280834919956,-0.4605775011236223,0.18896448612213135
6059992460039778560,405514195,11,1,30.024078676050102,1.656285481633801,1.4774696894455819,0.21913519501686096
6073962889118462976,405642977,11,2,0.9066844608568284,1.5575027684447877,-0.04254382732947367,0.1924288272857666
6073980172067600640,405692410,11,3,2.5378042194665302,1.4876200132659807,0.4044581151247325,0.17249201238155365
6073671037505307904,405695928,37,4,0.6217015307538976,1.5930678865148238,-0.20641806331038298,0.20223428308963776
6073671037505307904,405695928,38,4,0.6418630585091314,1.475186165061032,-0.19255761878107236,0.16884683072566986
6056768210935590656,405805240,11,0,2.863793589022521,1.6433836132580404,0.4569417125258289,0.2157389521598816
6056768210935590656,405805240,38,0,1.9663281479108172,1.3900211384441548,0.2936559961689184,0.14302140474319458
6060133266248365568,405813282,11,3,0.2130562922322372,1.187346816924677,-0.6715056351721097,0.07457759231328964
6061376298490107520,405846469,11,1,0.7767920920131413,1.342215685309258,-0.1096952043314332,0.12782230973243713
6061376298490107520,405846469,64,1,0.1163763320696758,1.3512530238716147,-0.9341353349498163,0.13073667883872986
6061691686532176512,405905925,64,2,21.64607831629921,1.525231762332177,1.3353792254069146,0.18333584070205688
6061362107917642240,405910546,37,0,25.28782927467538,1.693730990726855,1.402911550795906,0.22884443402290344
6061362107917642240,405910546,38,0,0.5758265047702759,1.3674459936893117,-0.2397083488178651,0.13591018319129944
6057147611155597440,406040223,64,0,668.7230638001635,1.5665111447567972,2.825246301977244,0.19493348896503448
6061730165117884928,406100947,11,2,3.725255441485395,1.3276456924967666,0.5711560577618927,0.12308219075202942
6061730165117884928,406100947,64,2,1.555893252254574,1.8578378304601688,0.19197979731491377,0.2690078020095825
6018271319508580608,4061225,12,4,0.0195814692352848,1.491485026837627,-1.7081547253603584,0.17361889779567719
6063306491170458880,406180136,11,3,6.837915714328539,1.500287039434634,0.8349237432830945,0.1761743575334549
6067650970822132224,406376496,11,4,0.6201751989283699,1.7684165936109264,-0.20748560537363467,0.24758458137512207
6067650970822131584,406376506,11,3,1.7972202888987492,1.5198392409690187,0.2546013127181359,0.18179765343666077
6066852519230372608,406378155,11,0,0.4520743779719298,1.6240344414318013,-0.34479010659263465,0.2105952352285385
6067730685416937984,406618658,64,1,0.2178103868531674,1.456266369446453,-0.6619214136277416,0.16324082016944885
6066618357619673856,406624260,11,4,0.0201601112860185,1.467308992079973,-1.695507074866872,0.1665215790271759
6063021374073101440,406694754,11,3,0.0348467827069352,1.2083244882782358,-1.4578373127488893,0.08218357712030411
6063021374073101440,406694754,38,3,0.0422358177548469,1.8367222208274352,-1.3743190927449938,0.2640434801578522
5771915981123227904,406776177,12,3,5.484756927568797,1.365990740523645,0.739157385355626,0.13544775545597076
5771915981123227904,406776177,13,3,17.669860143407988,1.4415558642852104,1.2472331120881708,0.15883147716522217
5771915981123227904,406776177,39,3,13.133556806398772,1.2991003952866036,1.11838235687445,0.11364271491765976
5773505698840226304,406778900,12,3,0.013342322665711,1.3095686215324072,-1.874768560742098,0.11712826043367386
5773505698840226304,406778900,39,3,0.0185027354279051,1.4509457151367158,-1.732764061141556,0.16165116429328918
5773505668780214784,406778904,66,1,1.5409042478644297,1.5033453421770657,0.1877756524003656,0.17705875635147095
5778418149292321536,407125926,66,4,55.90799753636472,1.5842949778096707,1.7474739373582764,0.19983604550361633
5778608227365947776,407225846,65,1,13.442122850502969,1.7017462568283939,1.1284678601952272,0.2308948040008545
5778608227365947776,407225846,66,1,6.7864892376813675,1.4132463609328414,0.8316451647058836,0.15021787583827972
6365152703884977536,407826962,66,3,0.3504278035030228,1.3141408196160176,-0.45540144351735173,0.11864190548658371
66597767189992832,407930609,42,2,3.062084116246369,1.6001544816166728,0.486017116708379,0.20416191220283508
66597767189992832,407930609,43,2,10.368864910639358,1.7643606605193733,1.015731216367115,0.2465873658657074
66597767189992832,407930609,44,2,3.179776130278869,1.372830541458026,0.5023965448878881,0.13761693239212036
66570554277316992,407930782,44,2,0.0276995328822521,1.352687842199419,-1.5575275547034522,0.13119758665561676
2981590730954537984,408217918,5,4,34.892668011541026,1.6622068388054452,1.5427341783443456,0.22068506479263306
166173869528755968,408245855,59,4,2.5281366073306377,1.4973235774706037,0.4028005372555103,0.17531566321849823
5429168141979720960,4097865,62,2,2.057430091903479,1.3599783278819768,0.313325087521558,0.13353198766708374
233181715902566016,409869624,59,3,40.228949377648505,1.657943562066047,1.6045386906511052,0.21956974267959595
245628118808909056,409907064,59,1,1.795043689671974,1.4619370570487966,0.2540750233614386,0.16492867469787598
233593860965180928,409986314,59,2,29.866041796946504,1.5696681976034277,1.475177668548145,0.19580785930156708
452387638277527168,410620382,58,1,63.94305182601484,1.4079502727485418,1.805793360111597,0.14858731627464294
249209331258050816,410708185,58,4,3.7308177209373343,4.005460839927141,0.5718040309424893,0.6026524901390076
249208987660681216,410708244,58,3,1.3040535813921803,1.2209869836837175,0.11529543620026117,0.08671103417873383
249205036290763136,410731154,58,2,60.750368324840224,1.3369218578320536,1.783548915372584,0.12610602378845215
249161227624791168,410741165,58,4,12.763298626003904,1.545404105200443,1.1059629306495335,0.18904206156730652
443285709224782464,410815162,59,2,0.0606409552211943,1.3132377346252246,-1.2172339662805822,0.11834335327148438
249173425331718144,410867907,58,1,11.271692827817516,1.7064209199939993,1.0519891450230923,0.2320861667394638
249168580608693632,410868140,58,0,4.55522470776101,1.5062537934020543,0.6585098054437223,0.17789815366268158
5491520892330604928,410868831,6,2,0.0207217520342945,1.6703646736764726,-1.683573527562996,0.22281129658222198
5491520892330604928,410868831,7,2,0.0213028546519761,1.6362153766773533,-1.6715621957851425,0.21384046971797943
5892127477204807168,410881634,11,4,0.0615613520646612,1.5212396810037117,-1.2106918503777055,0.18219764530658722
5233432944572581760,410981161,11,4,6.1371103433514795,1.8166610987530483,0.7879639318349915,0.2592739164829254
2204053147600222848,411042663,17,2,1.7700924197240266,1.4938430199076944,0.2479959422535146,0.17430496215820312
6071362063101149312,411357190,37,3,3.4935969866919896,1.816077018971673,0.5432728043244339,0.2591342628002167
6071362063101149312,411357190,38,3,0.8570233696152479,1.3687648571225253,-0.06700733542036327,0.13632884621620178
6075815841096386816,411416726,10,3,0.1098052329472605,1.268781250798845,-0.9593769623816893,0.10338675230741501
6076672429371485184,411422518,10,1,0.2355935926580466,1.445487717772255,-0.6278365250525645,0.16001440584659576
6076672429371485184,411422518,11,1,0.4206621546987448,1.315055309540897,-0.3760665579730677,0.11894401907920837
6076672429371485184,411422518,37,1,0.4389182770431171,1.5091906554353742,-0.35761633427531986,0.1787441074848175
6072531874748921088,411428600,64,3,55.28584213556116,1.2755221309397953,1.7426139293223075,0.10568799823522568
2799909177630458880,411517222,57,1,0.030350436399648,1.476846575152943,-1.517835059956221,0.16933538019657135
6059887422284508800,411806442,11,3,10.402701480514724,1.6513014092072313,1.0171461360034013,0.21782635152339935
6059887422284508800,411806442,64,3,0.1012836767023044,1.298651704953446,-0.9944605417013269,0.1134926900267601
2204007002470375680,411845789,17,3,20.44014436821159,1.183730531325986,1.3104839588842132,0.0732528492808342
6073242571576880128,411873161,64,0,13.433310557130556,1.465069891297534,1.1281830550749776,0.16585834324359894
6073455876824893312,411874804,11,3,8.940055598220084,1.310005621559103,0.9513402196823947,0.11727315932512283
6073455876824893312,411874804,37,3,1.057120297192133,1.2462838050680192,0.024124411559071336,0.09561695158481598
6073455876824893312,411874804,38,3,7.993062196011569,1.604338295336409,0.9027131923367643,0.20529595017433167
6073455876824893312,411874804,64,3,1.8044708930511673,1.5489281589462298,0.25634988108146944,0.1900312751531601
6074374346993398144,411883036,11,3,4.233649225391688,2.2147322924740793,0.6267148721558609,0.3453212380409241
6074374346993398144,411883036,64,3,4.272476609987104,1.620581257631098,0.6306796938196116,0.2096708118915558
6629609336546072320,411920719,66,4,0.0235956254856044,1.462727604321799,-1.627168505655382,0.16516345739364624
6061045208061223680,412076331,11,3,0.0678383521025464,1.3886315266551759,-1.1685247103012124,0.14258702099323273
6061045208061223680,412076331,64,3,1.5350571066709875,1.4252635203233588,0.1861245365889465,0.15389516949653625
6074661594397232896,412129392,64,0,53.492609170312406,1.5242532489087892,1.7282937816795225,0.18305712938308716
6061410520794760064,412540862,11,4,7.189714609189686,1.5717110362784552,0.8567116517022147,0.19637270271778107
6061410520794760064,412540862,37,4,3.6223809623272425,1.5620635707948627,0.5589941227135805,0.1936987042427063
6061410520794760064,412540862,38,4,5.069003027263845,1.8559560227611371,0.7049225505888763,0.26856768131256104
5895421476610128512,413503220,38,4,0.2528271838969314,1.5643097957422378,-0.5971762326771035,0.19432276487350464
5896104582551095680,414138813,11,0,9.325667140255632,2.2239861931639253,0.9696799101823741,0.3471320867538452
5861423821187455360,414937822,11,3,0.5681616506073848,1.3794957928147817,-0.24552808334040802,0.1397203803062439
639148587423211264,414988526,21,0,0.0579184581096163,1.547217391853142,-1.2371830083336768,0.18955133855342865
639148587423211264,414988526,44,0,0.0229508147816953,1.3283965288075956,-1.63920189187343,0.12332773208618164
639148587423211264,414988526,45,0,0.0626413722608448,1.7638454421195369,-1.2031387369209816,0.24646052718162537
639148587423211264,414988526,48,0,0.0301226250087246,1.5928208968634536,-1.5211071846250788,0.20216694474220276
6053654393972421504,415241207,11,1,1.046091879792571,1.5219389488166004,0.019569830931347162,0.18239723145961761
6053654393972421504,415241207,64,1,1.515300055034429,1.4654285491991175,0.18049863900522417,0.16596464812755585
435289613991362304,416090900,58,2,8.742552166169467,1.3762063503251392,0.941638232392429,0.13868355751037598
435242919106224256,416091606,58,0,0.5400527948937965,1.7215730319728517,-0.26756378200984715,0.23592545092105865
1384769474242031616,417545885,25,4,1.1448430098940725,1.5799635468011792,0.0587459367971335,0.19864706695079803
1384769474242031616,417545885,50,4,3.757705107233036,1.551660973752917,0.574922695049608,0.1907968372106552
1384769474242031616,417545885,51,4,0.9921233868577712,1.5487460929215215,-0.0034343128265000196,0.18998022377490997
124425340004945280,417832408,43,0,5.389692177590917,1.527330482972745,0.7315639619601707,0.18393301963806152
228325069960280448,417941273,59,0,1.081810706035166,1.7631797912065028,0.03415127508070688,0.24629659950733185
227621726116173312,418018109,59,4,11.511896584726932,1.5186063487378016,1.0611468795313832,0.18144521117210388
5784436016949501952,418297341,66,2,4.588197763127506,1.594866780019434,0.6616421288421308,0.2027244120836258
5783483629422753536,418354045,12,3,0.0284407682462127,1.5291982209643848,-1.5460586765574384,0.18446378409862518
6074796250199371648,419778517,11,1,0.3542396870534469,1.2604530128217084,-0.4507027844706948,0.10052666068077087
6074796250199371648,419778517,37,1,0.1979202878947749,1.5045964060338806,-0.7035096859899083,0.1774200201034546
6074796250199371648,419778517,38,1,1.070530341702198,1.4332601543597367,0.029598980875758706,0.15632502734661102
6074796250199371648,419778517,64,1,0.1177238527863371,1.3943951844654114,-0.9291355330448573,0.14438587427139282
6082389271351101696,419947008,64,3,4.86846863653053,1.0002512581051701,0.6873923765554064,0.00010910630226135254
5899085049326425984,420582698,11,2,0.0521452931274438,1.7052893025308757,-1.2827848868737575,0.23179806768894196
2968720157077395712,420980626,5,1,26.04166798058605,1.620385431914582,1.4156687975445814,0.20961833000183105
2968720157077395712,420980626,6,1,8.421327825729737,1.4189941620229476,0.9253805739132117,0.15198060870170593
5785057339800256384,421253961,39,4,0.211815310040109,1.576777293158315,-0.6740426522283753,0.197770357131958
2656650960084472320,422096998,42,3,0.0210054650674746,1.6956694431853445,-1.6776676986057795,0.22934119403362274
2659702787750762624,422460501,42,1,0.0649883822421244,1.4692918642462058,-1.187164273804787,0.16710807383060455
5106733402188456320,423442532,31,4,1.776531874392212,1.5391551975982167,0.24957300397196486,0.18728241324424744
5141461678818746880,423750380,30,3,0.42099374879877,1.535341590527303,-0.37572435281600725,0.18620501458644867
5141461683110761728,423750384,30,2,1.1597259381504652,1.4017032525166742,0.06435537059637297,0.1466560810804367
5179037454333642240,425095257,31,1,0.3172142981501443,2.2455246297748315,-0.49864724547876943,0.351317822933197
5780348135799374592,425810935,66,3,0.1711187187781241,1.134538002115171,-0.7667024801293397,0.05481904745101929
5779156054737495680,426363373,66,2,0.1193061741193749,1.3644316039858075,-0.923337080918151,0.13495177030563354
5782065813479856896,426365850,12,2,0.0106507953826909,1.5547338458747162,-1.972617958665124,0.19165605306625366
5806384364988144512,426494404,66,0,4.200599290362512,1.435733078449506,0.6233112546671014,0.1570737063884735
5781333366937123072,426537184,66,1,0.1372709932991305,0.8019767008365034,-0.86242122373203,-0.09583824872970581
232476413551448320,426753957,59,2,33.39921796899712,1.3685427826044345,1.5237362980772717,0.13625837862491608
3417331587088694016,426828801,43,3,29.319451561997187,1.0709139579700602,1.4671558423051763,0.029754579067230225
3417331587088694016,426828801,44,3,5.298701406130103,1.4468118039389866,0.7241694467225248,0.1604120433330536
3417331587088693760,426828805,43,3,26.905869222153804,1.3483909123584183,1.429847026945127,0.12981581687927246
3417331587088693760,426828805,44,3,4.119492860093195,1.1794248432396202,0.614843754474979,0.07167027145624161
3417331587088693760,426828805,45,3,3.0568888712620623,1.3705142072116112,0.4852796508703758,0.13688354194164276
3417333133276904704,426828832,45,3,1.8377946201299744,1.7481509824498354,0.26429697585966605,0.24257893860340118
68620868583787904,427545437,44,3,0.9654361696183916,1.4903420702711734,-0.015276434571164697,0.17328596115112305
70938810893886208,427545878,42,2,2.661337614474584,1.484642093113762,0.4250999721848499,0.17162176966667175
71042439864623104,427546152,42,1,6.768285916507665,1.6482438550910488,0.8304786965644769,0.21702146530151367
71042439864623104,427546152,43,1,1.0678062187794035,1.2715811822894276,0.028492445809878985,0.10434409230947495
71042439864623104,427546152,44,1,4.957933338940328,1.461144731154983,0.6953006832375717,0.16469323635101318
71161771235981312,427579296,42,2,0.7767389707691923,1.426625469240414,-0.1097249047522108,0.1543099731206894
71161771235981312,427579296,43,2,2.7831740834312537,1.5687358297262735,0.44454037166249866,0.19554981589317322
71161771235981312,427579296,44,2,41.48585072561496,1.843739269735733,1.6179000003367667,0.26569950580596924
70948534699826816,427579739,44,3,4.175673850813498,1.3076248321701693,0.6207265698975695,0.1164831593632698
68653201097557888,427580133,42,4,16.08544505279144,1.4826441009885116,1.2064330814827855,0.17103691399097443
68653201097557888,427580133,43,4,1.502539825314731,1.5173974165516246,0.17682599194613072,0.18109934031963348
68653201097557888,427580133,44,4,17.52061774472438,1.5260501484188267,1.2435494145258623,0.1835688054561615
68236795427794816,427580717,42,3,15.29271951831212,1.2640561407895445,1.1844847232654676,0.10176636278629303
68236795427794816,427580717,43,3,49.27162528008179,1.322993279413442,1.692596888204061,0.12155763804912567
68236795427794816,427580717,44,3,12.116726853305003,1.4357374627486383,1.083385317723812,0.15707503259181976
68225834671270528,427580801,44,0,0.1603959819498681,1.7468356112412495,-0.7948065153464761,0.24225203692913055
68175806892217216,427580873,43,3,31.86947654465653,1.6407144188105658,1.50337493025647,0.21503299474716187
68175806892217216,427580873,44,3,112.9522035970928,1.5474594338347325,2.052894708038343,0.1896192729473114
68150861722174848,427580894,44,3,0.0404920685780817,1.4533105726746829,-1.3926300362941018,0.16235843300819397
66473728535654784,427735418,44,3,4.723979799155684,1.4347537941558655,0.6743080318005005,0.15677738189697266
66593437863017984,427735624,43,0,4.314513666768026,1.6420959131823885,0.634931849010094,0.21539852023124695
66648001127514368,427735688,43,0,4.068431292808715,1.5458257617565998,0.6094269860792051,0.1891605406999588
66694455493470464,427735907,43,1,0.1439908826020608,1.454363101276799,-0.8416650062448356,0.16267284750938416
66694455493470464,427735907,44,1,1.59523784389434,1.3115411078998311,0.20282544387601534,0.11778190732002258
66897933865345920,427736091,42,2,5.568661036984638,1.79377844786397,0.7457507832969487,0.25376880168914795
66897933865345920,427736091,44,2,0.1721269297550235,1.5181470588205963,-0.7641511777313299,0.18131384253501892
66898002584817280,427736100,42,3,135.55143632850755,1.2951786720570182,2.1321041238068776,0.11232968419790268
66898002584817280,427736100,43,3,3.7099613615939577,1.102528463012779,0.5693693865600821,0.04238981008529663
66898002584817280,427736100,44,3,19.88682230154355,1.4596090436475204,1.2985653931215206,0.16423654556274414
67278158729741696,427736180,43,0,2.8096877515173486,1.6252435693016696,0.4486580582225332,0.21091845631599426
70433241705178240,427736846,43,2,5.554147732164822,1.365579716391999,0.7446174271626549,0.13531705737113953
163647015711395584,427739995,43,3,0.0395795278039976,1.4531470751353301,-1.4025293913661436,0.16230957210063934
163647015711395584,427739995,44,3,0.0747783770867239,1.263934490224328,-1.126223964561964,0.10172456502914429
148037764527442944,427771017,43,3,0.046803716101362,1.1877557060301678,-1.329719663630046,0.0747271254658699
148037764527442944,427771017,44,3,0.0200665251901794,1.3738229929200294,-1.6975278253891302,0.13793078064918518
440591459061462144,428070468,58,0,0.828785364864539,1.667611775166968,-0.08155792653548642,0.22209495306015015
440522052390302464,428114142,58,4,3.475093554399477,1.4915515041615888,0.540966500900963,0.173638254404068
437776125175852032,428118460,58,2,12.467180714715608,1.6544540964575563,1.0957682547237477,0.21865472197532654
249387589580453120,428209014,59,3,1.2366882832471011,1.3029066692471423,0.09226024617264905,0.11491330713033676
249497472023780608,428210658,59,0,0.0950963800212462,1.6334861954719377,-1.0218360147841403,0.21311546862125397
249840657090141056,428260369,59,1,3.690343882598361,1.5432068952195837,0.5670668375293311,0.18842415511608124
443627416818824704,428304544,59,4,1.2891021186461984,1.551997536097899,0.11028732216944645,0.19089102745056152
443632055387911936,428328243,59,0,21.82219291689738,1.492594137344348,1.338898390791928,0.1739417314529419
444124808393596672,428444848,59,2,13.174514777765214,1.3568473390017637,1.1197346289533026,0.13253098726272583
249859692385393408,428465433,59,3,0.3185937796149292,1.682375988739404,-0.4967627078358412,0.2259230613708496
443661295524894848,428468586,59,1,2.357407813502362,1.418683181117175,0.37243471864371336,0.15188542008399963
248693041829110528,428605112,59,0,1.749349753168108,1.4877065319978344,0.2428766480638157,0.17251726984977722
251179484294840960,428649249,59,1,16.011414051454427,1.3313904181821807,1.2044296884230568,0.12430542707443237
251590010155184000,428689804,59,4,0.1934409944144541,1.5466874632909238,-0.7134514839171325,0.18940256536006927
251116983931933056,428764793,59,1,69.46836247456275,1.423708243389223,1.8417870616979737,0.15342099964618683
250076021297305216,428910663,59,3,1.503508225284821,1.1475897549772673,0.1771058083500971,0.059786662459373474
250091723698373888,429059113,59,4,66.56649602177204,1.576104418988499,1.8232556968275886,0.19758498668670654
172804852355164800,429102269,43,2,1.7825294201509827,1.338968966050692,0.25103670649236737,0.1267705112695694
172804852355164800,429102269,44,2,63.979583451259415,1.5579756753626506,1.806041408217479,0.19256067276000977
3417690504619315584,429125644,43,3,2.442640841716692,1.3622799868955946,0.3878596143629379,0.13426637649536133
3417690504619315584,429125644,44,3,8.131583977574053,1.3574308923280833,0.9101751514630898,0.13271772861480713
3417690504619315584,429125644,45,3,0.1683874475207957,0.8756422227546946,-0.7736902862071424,-0.05767330527305603
6077340588840515712,429241882,11,3,0.0642786965006834,1.2976114852581737,-1.1919329388206452,0.11314468085765839
5886747291936159104,42974961,12,0,5.375692239543806,1.6202151461642524,0.7304343972307009,0.2095726877450943
2177727437621217152,429817955,56,3,33.85558047771926,1.146736418671872,1.529630264481372,0.05946360528469086
2177727437621217152,429817955,57,3,6.567431071088341,1.3934676189838284,0.8173955233152725,0.14409688115119934
5894194318558985984,430829746,11,1,0.2797374328492484,0.8330285190696968,-0.5532494149580364,-0.0793401300907135
5894194318558985984,430829746,38,1,0.0596079090698747,1.3279130705949467,-1.2246961121135205,0.12316964566707611
241707913177328640,431768501,58,4,2.3268738983805566,1.5798400602629918,0.36677284795307347,0.19861312210559845
248334085642021888,431862062,59,3,37.64924698967214,1.2747439478604623,1.5757562944410866,0.1054229587316513
244809807276984064,431892128,59,4,1.4570352399876745,1.559187031401331,0.16347005578310578,0.1928982138633728
244569632706176768,431932708,59,3,0.1948739155776124,1.495505289692923,-0.7102462885316169,0.1747879534959793
244961093205959424,431988853,59,1,8.960451933901501,1.464351281259647,0.9523299145114418,0.1656452715396881
231285741236679296,432150833,59,3,0.0514979685138252,1.6629867672941725,-1.2882099026216685,0.22088879346847534
3401113206463326208,432995801,43,0,0.5209980748836978,1.9234611815862208,-0.28316388143930804,0.28408342599868774
3401113206463326208,432995801,44,0,1.1731146180931995,1.4499100368526117,0.06934044653459687,0.16134105622768402
3401113206463326208,432995801,45,0,8.00821135147713,1.5566907490407687,0.9035355264554045,0.1922023445367813
6071307396762179200,433448211,10,3,2.2059448223066367,1.4278177338208704,0.3435946451542854,0.154672771692276
6071307396762179200,433448211,11,3,0.2689732707728741,1.265471616881458,-0.5702908758809287,0.10225240886211395
6071307396762179200,433448211,37,3,2.192248854068044,1.4496628594108847,0.34088985173485653,0.1612670123577118
6071307396762179200,433448211,38,3,0.4339077842430846,1.130670364929615,-0.36260255862051605,0.0533360093832016
6071307396762179200,433448211,64,3,2.063446593278525,1.4657274978535302,0.31459323282351925,0.16605323553085327
5430883998593799296,4342429,62,3,24.742745367836427,1.4897129307177739,1.3934478857519987,0.17310258746147156
6055197867775111808,434563064,11,1,1.310565996195423,1.3176701023596527,0.11745889560831613,0.1198066920042038
6055144988135153664,434567711,11,0,0.0171251524802273,1.4958220757257168,-1.7663655529142812,0.17487993836402893
6055144988135153664,434567711,64,0,0.0237602939625904,1.6249707944939022,-1.6241481905620079,0.21084555983543396
6055144988135153664,434567711,65,0,0.0391563840574801,1.565439114406077,-1.4071974204539488,0.19463618099689484
5862876928853591040,434572413,11,2,0.3372272527953712,1.52146293773582,-0.47207733541033026,0.1822613775730133
5862876928853591040,434572413,64,2,2.143591134307124,1.6229404747553515,0.331141952173843,0.21030259132385254
6055539128696775680,435003773,11,3,0.1748431485605904,1.2878466510862834,-0.75735138137377,0.10986415296792984
6055539128696775680,435003773,64,3,0.052232957930488,1.3514577788392677,-1.2820553795523504,0.1308024823665619
6056392104882486272,435111484,11,4,10.775112399067284,1.6151502426327897,1.032421809138114,0.2082129269838333
6056392104882486272,435111484,37,4,6.469410216284861,1.5229614896431227,0.8108646900213838,0.18268892168998718
6056392104882486272,435111484,38,4,0.9373657323933798,1.5276035349730939,-0.028090927180740733,0.18401065468788147
6056392104882486272,435111484,64,4,5.1296460873206,1.1815728476048535,0.7100874026116497,0.07246050238609314
5861485526917386368,435977760,11,4,0.2519724648649545,1.527358572058519,-0.5986469156096451,0.18394100666046143
5861952372686654464,436073131,11,1,0.6961298181999055,1.430116827931284,-0.15730976316159906,0.1553715169429779
5310420473889933952,436804673,9,0,0.3264036814870829,1.5868702084538064,-0.48624495150975555,0.2005414068698883
5310420473889933952,436804673,10,0,0.2766371118551863,1.6920921577144075,-0.5580895581646549,0.22842401266098022
5310420473889933952,436804673,62,0,0.2296060309339944,1.5074868466448896,-0.6390167087524803,0.17825353145599365
5310420473889933952,436804673,63,0,0.5324643107198191,1.5944114503786055,-0.27370949620261215,0.2026004046201706
6055724499479516544,436998675,11,1,0.3276151675717854,1.4961818449600877,-0.4846359999511657,0.1749843806028366
6055724499479516544,436998675,64,1,0.4750037410013368,1.459048645534502,-0.3233029699754713,0.1640697717666626
6055675914807779840,437091565,11,3,0.6015125872408941,1.2280475464803542,-0.22075528019102653,0.08921518176794052
3404440083835128704,437842546,43,2,1.6155130643441302,1.590157004120239,0.20831047442399647,0.2014400064945221
5886639367992962432,43824320,38,4,0.0205567357479026,1.5637250804100686,-1.6870458468374232,0.19416040182113647
6087541548478148096,438614945,64,1,2.605494463522314,1.5065214749612093,0.41589015466099793,0.17797532677650452
6083709613047577344,438627800,11,3,1.261909359982264,1.3725422985974083,0.10102816166466276,0.137525737285614
6083709613047577344,438627800,37,3,0.1015513373627123,1.4068962871850594,-0.9933143528557101,0.14826208353042603
6087513373492116480,438631656,64,0,4.551682732028665,1.3287302764071784,0.6581719826200412,0.1234368309378624
6087571819407240960,438632125,64,2,1.571156133384472,1.7866562875069067,0.19621934512782027,0.2520410120487213
6087579000592625664,438639036,64,3,1.5022252240273946,1.38324299967476,0.17673504999137185,0.14089848101139069
6087622225143342976,438689941,64,4,0.539700634519484,1.4686323561747936,-0.267847071339736,0.16691309213638306
6084186040847060864,438692318,11,4,0.578134181658642,1.4168439080015156,-0.2379713525988059,0.15132200717926025
6082510698667769472,438712956,64,0,16.60368227907669,2.272355039007299,1.220204414313566,0.35647618770599365
6070093879497533824,438733975,11,2,1.2852097078087257,1.6643791343962042,0.10897399732753366,0.22125226259231567
6070093879497533824,438733975,38,2,5.312816827481971,1.5611077060493133,0.7253248427900014,0.19343286752700806
6083457996661174784,438775149,11,1,3.71132447645781,1.4462979036470645,0.5695289258321563,0.1602577567100525
6083457996661174784,438775149,37,1,1.4985808854615557,1.4357890408458647,0.17568018883093822,0.15709063410758972
6083457996661174784,438775149,38,1,0.0504820738342632,1.5882766089358091,-1.296862812316281,0.20092613995075226
6083457996661174784,438775149,64,1,0.7939125811201977,1.4052399787232845,-0.10022731574325147,0.14775049686431885
6082613262484373504,438789953,11,3,3.6260880498995407,1.4062310592863037,0.5594383455733966,0.14805668592453003
6082613262484373504,438789953,38,3,0.3730777909082994,1.4089173534603394,-0.4282006034733948,0.14888551831245422
6082613262484373504,438789953,64,3,1.934825991892892,1.3324375777641289,0.2866419129420927,0.1246468722820282
6082617591804976512,438790188,11,2,0.8381262270121432,1.576946801039895,-0.07669056899915007,0.19781704246997833
6082617591804976512,438790188,38,2,1.084005043539629,1.491048110691919,0.03503130284474312,0.17349165678024292
6082617591804976512,438790188,64,2,0.37183989235465,1.239555276904717,-0.42964401935133145,0.09326589852571487
6082600686820423424,438838902,11,4,6.149221038997355,1.485432584153687,0.788820104410966,0.1718529462814331
6082600686820423424,438838902,38,4,0.8750137523043092,1.5278761115563482,-0.05798512126004059,0.18408814072608948
5862081981988722048,439971546,11,4,0.5005837312753776,1.5290450202884418,-0.3005232688551251,0.18442027270793915
5862081981988722048,439971546,64,4,0.0380566120036834,1.6945216408678323,-1.4195698774677674,0.22904711961746216
65018417518780672,440681328,43,1,5.204856468706487,1.7436412489737914,0.7164087577258573,0.24145713448524475
65017906418989312,440681343,42,2,11.673055816941227,1.3521387565506593,1.06718456219021,0.13102126121520996
65017906418989312,440681343,43,2,6.314385918808709,1.6121935346374032,0.8003311213140809,0.20741717517375946
65017906418989312,440681343,44,2,26.40248208571397,1.5073468888910189,1.4216447566220474,0.1782132089138031
65011412428446592,440681387,42,1,2.488808535230226,1.4275726082647444,0.3959914874919331,0.154598206281662
65011412428446592,440681387,43,1,1.5626293035151329,1.4083179963858508,0.19385596424310508,0.14870072901248932
65011412428446592,440681387,44,1,2.656423346593087,1.4787607470646482,0.4242972884814251,0.1698979139328003
65010239900405504,440681403,42,0,0.1958324775011175,1.6337743017258513,-0.7081152817368466,0.21319206058979034
65010239900405504,440681403,43,0,0.1209280704454123,1.5262724353497048,-0.9174728767691912,0.18363206088542938
65010175477867776,440681409,43,0,1.5107065893298572,1.68428243261915,0.17918012349943163,0.22641491889953613
65005846150835200,440681442,42,1,33.20027260674774,1.405960888248035,1.5211416497016332,0.14797323942184448
65005846150835200,440681442,43,1,1.48036287681139,1.261118228956013,0.17036818571913356,0.10075580328702927
64990792288875264,440681514,43,3,12.679213875008504,1.2346142890565328,1.1030923276522153,0.09153129905462265
64990349908937984,440681529,42,4,1.538116411786009,1.6287354676287105,0.18698920613059428,0.21185055375099182
64990349908937984,440681529,44,4,10.68030920044044,1.592119598227001,1.0285838259229936,0.20197568833827972
64967569402404480,440681536,42,1,7.669699527427635,1.6020198613544043,0.8847783501111383,0.20466789603233337
64963377514329984,440681564,42,1,3.751196859192266,1.6056068537332768,0.5741698561042098,0.20563921332359314
64963377514329984,440681564,44,1,31.324621830670175,1.2269635346277414,1.4958858366384287,0.08883165568113327
64959662365552384,440681617,42,4,2.9467472341302794,1.5748038387152625,0.46934288456712,0.19722646474838257
64959662365552384,440681617,43,4,4.053281522921182,1.4912841287772103,0.6078067689539182,0.17356039583683014
64959662365552384,440681617,44,4,1.851741800076336,1.5604659334295974,0.26758043017553773,0.193254292011261
64912009705490304,440681652,42,0,56.723363566502414,1.6092472085766003,1.753761975614013,0.20662276446819305
64912009705490304,440681652,43,0,24.818767653638844,1.5270780712165934,1.3947802133225977,0.18386124074459076
64912009705490304,440681652,44,0,33.4521371605448,2.048922181218079,1.5244238688118323,0.31152546405792236
64884899871954176,440681791,43,1,17.246081161662467,1.5345885125444083,1.2366904255996618,0.18599194288253784
64884624994048256,440681808,43,2,4.644104751877256,1.467885053303304,0.66690200707196,0.16669204831123352
64884624994048256,440681808,44,2,2.3478989298630686,1.3562938658279748,0.370679397879027,0.1323537975549698
64021714523841280,440681982,44,4,35.84458096145519,1.7353307082999343,1.554423507662731,0.23938225209712982
64021680164106112,440681987,42,3,11.037412053484964,1.642822889307051,1.0428672561246193,0.21559074521064758
64021680164106112,440681987,43,3,38.80310596930123,1.2110920804160203,1.5888664898040248,0.08317716419696808
64006905476619776,440682035,42,0,2.24570353686193,1.5932211606891904,0.35135242298372144,0.2022760659456253
64006905476619776,440682035,44,0,0.223227984157505,1.3616970588070494,-0.6512513625867337,0.13408049941062927
63327682168301952,440682459,42,1,19.358792057415418,1.4695706250191891,1.286878254874979,0.16719046235084534
63327682168301952,440682459,44,1,41.303074044647026,2.8477811161983513,1.6159823758923544,0.45450660586357117
64027143362491008,440685446,42,1,12.235081914703136,1.5445215497985427,1.0876068813285493,0.18879397213459015
64027143362491008,440685446,43,1,4.781856511189052,1.9048338452917604,0.6795965401332144,0.2798570990562439
64027143362491008,440685446,44,1,3.8018522499002976,1.6045146197932527,0.5799952350176315,0.20534367859363556
64128294135554688,440685552,42,2,16.44534914117429,1.597223526108204,1.2160430981577313,0.20336569845676422
64128294135554688,440685552,43,2,27.994168290894997,1.5823728672344402,1.4470675690969237,0.1993088275194168
64128294135554688,440685552,44,2,14.636166497056692,1.48154187577775,1.1654273412587959,0.17071393132209778
64129019988396160,440685559,42,0,0.8149468803062337,1.750207144695499,-0.08887069842778447,0.2430894523859024
64894623677888640,440685753,42,3,1.686205974845166,1.1725121316063893,0.22691062383257288,0.06911734491586685
64894623677888640,440685753,44,3,9.223486614814984,0.9742267551665464,0.9648951218497512,-0.011339947581291199
64900739711320960,440685759,43,2,1.1981784798108293,1.504000725678116,0.07852151506795214,0.1772480458021164
64895139073954944,440685779,42,0,50.24277820368555,1.2861813497933687,1.701073645959453,0.10930220782756805
64895139073954944,440685779,43,0,59.68618971105769,1.7921204086088716,1.7758738549801194,0.25336718559265137
64895139073954944,440685779,44,0,37.17928674095744,1.5873470215772822,1.570301053874889,0.20067188143730164
64913452814489216,440685861,42,2,0.0216866631307857,1.341337235230856,-1.6638072665829446,0.12753798067569733
64913452814489216,440685861,44,2,0.0214792981536882,1.6619327071593597,-1.6679799135199764,0.22061343491077423
64938569783224960,440685902,42,3,2.9462900498842357,1.3440040551964767,0.4692754990794337,0.12840057909488678
64938569783224960,440685902,43,3,1.2901357253877457,1.2616044014599372,0.11063540152892072,0.10092319548130035
64938569783224960,440685902,44,3,2.8619976967361342,1.6203900465016239,0.4566692799146067,0.20961956679821014
64990586130069504,440685981,42,2,0.0642521074667812,1.5428505877890575,-1.1921126229198828,0.18832387030124664
65012408860856832,440686085,43,4,24.15533890426048,1.2646907350028092,1.3830131351041657,0.10198433697223663
65012408860856832,440686085,44,4,6.143701912520047,1.584304273234248,0.7884301359153485,0.19983859360218048
65013474012743936,440686116,42,4,0.6591389062186512,1.5348679177694045,-0.1810230530125512,0.1860710084438324
65013474012743936,440686116,43,4,7.355155081171614,1.6229013286572584,0.8665918341250088,0.21029211580753326
65013474012743936,440686116,44,4,0.2114823835531555,1.570186389251912,-0.6747258034392866,0.1959512084722519
66517468482370304,440686234,42,1,0.0175079220912927,1.3888199301468684,-1.7567653946267185,0.1426459401845932
66517468482370304,440686234,43,1,0.0121757732175843,1.553861850152721,-1.9145034495410576,0.19141240417957306
65014195567317504,440686290,42,0,3.153577036267848,1.7430570223344906,0.49880344449927333,0.24131159484386444
65014195567317504,440686290,43,0,1.1559635070804712,1.5017162994057707,0.06294412394286428,0.17658789455890656
65014195567317504,440686290,44,0,3.993948609831395,1.595835759201923,0.6014024725000733,0.20298819243907928
65000863988835200,440686303,44,4,3.209109468750157,1.4934559882595964,0.5063845319484979,0.1741924285888672
64998905483757568,440686355,42,1,34.215761792086404,1.513615179833899,1.5342262137292744,0.1800154745578766
64998905483757568,440686355,44,1,4.061207125629486,1.6008867284703148,0.6086551395082708,0.20436060428619385
64988803720689408,440686389,44,1,4.727572193283125,1.4742411241624847,0.6746381695435392,0.16856852173805237
64988322684358144,440686422,42,2,1.5772398233059404,1.3694171539577489,0.19789773392469576,0.13653576374053955
64988322684358144,440686422,43,2,2.205115350969654,1.4154307837661524,0.3434313126153294,0.15088863670825958
64987876007763968,440686433,44,0,4.162546136960917,2.015028693389784,0.6193590601880086,0.30428123474121094
64941211186036352,440686434,43,3,0.015061044673767,1.5701532564973342,-1.8221449032802548,0.19594204425811768
64934893291213952,440686488,42,1,0.3429029700023285,1.4251082144780123,-0.4648287532926483,0.1538478434085846
64934893291213952,440686488,43,1,0.4074670088575565,1.5110465279215135,-0.3899075487672866,0.17927783727645874
64934893291213952,440686488,44,1,1.2016355394789973,1.5011193385585482,0.07977276450976838,0.17641521990299225
64933037865353600,440686535,42,0,8.976015835952666,1.6673039720973049,0.9530836101176111,0.22201478481292725
64933037865353600,440686535,43,0,28.05350078492284,1.4947553393543156,1.4479870644052675,0.17457011342048645
64909153549943296,440686556,43,0,1.6251924493348604,1.328001373229085,0.2109047959212812,0.12319852411746979
64889126119831040,440686690,42,0,1.0814747838764969,1.469263532326415,0.03401639769932379,0.1670996993780136
64889126119831040,440686690,43,0,8.816905913019676,2.181760657125062,0.9453162063730401,0.3388071060180664
64889126119831040,440686690,44,0,8.579220543631465,1.8512677147848113,0.9334478322569889,0.26746922731399536
64016904160440960,440686901,42,1,0.2229093899404725,1.4403015226183717,-0.6518716367084585,0.15845341980457306
64016904160440960,440686901,43,1,10.846589831298298,1.4124305554722982,1.0352932174249985,0.14996710419654846
64009448097245440,440686989,43,3,0.3040639091885276,1.350332056675089,-0.5170351253029142,0.1304405778646469
63953819680971008,440687056,43,4,2.3814325366313134,1.4217485939693602,0.3768382829361035,0.152822807431221
63953819680971008,440687056,44,4,2.705954422040916,1.5919466568900742,0.43232047724947237,0.20192851126194
50976077779666688,440688150,43,0,0.1173752648979788,1.3721491236808032,-0.93042341458866,0.13740131258964539
51177941243505536,440689443,42,4,0.1135897959410941,1.8463271895139644,-0.9446606806454163,0.26630866527557373
51177941243505536,440689443,43,4,11.339816876549458,1.5600307557094375,1.05460604131648,0.1931331604719162
51177941243505536,440689443,44,4,0.1863196154965327,1.658428529409751,-0.7297414207158962,0.2196967601776123
63705433133130368,440689977,43,0,2.693511866581626,1.5779390553201826,0.430318893221334,0.19809022545814514
63957526236677632,440690270,43,0,15.1055847384953,1.415344777557299,1.1791375415117564,0.15086224675178528
64916751349465856,440690703,44,2,0.4835245019413774,1.749201507811378,-0.31558151374577564,0.24283984303474426
64917094946846848,440690708,43,0,5.981310330831612,1.6470974114219241,0.7767963356793499,0.21671928465366364
64921458633614976,440690752,42,1,0.053502928277841,1.4868878936840693,-1.271622447883343,0.17227822542190552
64921458633614976,440690752,43,1,0.0439872176978622,1.5676691080655039,-1.3566735073725313,0.1952544003725052
64936508198907904,440690825,44,2,0.0599266425978089,1.6429675339377567,-1.2223800530575544,0.215628981590271
66500013736315264,440691009,42,0,4.4424471475965115,1.5450786741288687,0.6476222696470115,0.18895059823989868
66500013736315264,440691009,43,0,2.67296263382864,1.6888033703332372,0.42699288766208954,0.22757908701896667
66503449709270400,440691028,42,1,0.9754358234564552,1.4316814635719353,-0.010801298730334554,0.15584640204906464
66503449709270400,440691028,43,1,1.152273057445978,1.4742545287104019,0.06155540729025733,0.16857247054576874
66503449709270400,440691028,44,1,0.8421986362263417,1.416497335407533,-0.07458546616896425,0.15121576189994812
66511970924353792,440691137,42,4,43.69354571697221,1.6361868575522334,1.6404172889950603,0.21383289992809296
66511970924353792,440691137,43,4,1.7136058872241064,1.4699027465726435,0.23391094554225703,0.16728860139846802
66511970924353792,440691137,44,4,2.562768367390009,1.5772007452785013,0.4087093547951034,0.19788697361946106
66502281478384000,440691177,42,3,0.0207524563284658,1.3628744340877434,-1.6829304913970564,0.1344558447599411
66502281478384000,440691177,43,3,0.0422248751304857,1.5253647973977047,-1.3744316260724352,0.18337371945381165
66501181966524800,440691199,43,3,0.0261574298271832,1.8069759617725738,-1.582404931093503,0.2569523751735687
66452047540860160,440691248,43,1,19.495421514745296,1.5622261903195631,1.289932629600891,0.19374391436576843
66451497784867712,440691258,42,0,7.5758579847388035,1.691795160597598,0.87943182488878,0.2283477783203125
66451497784867712,440691258,43,0,24.822325037430193,1.6878722215130755,1.3948424582116397,0.22733956575393677
66451497784867712,440691258,44,0,69.0475425053407,1.6290018318587443,1.8391482260665326,0.2119215726852417
66451429065390080,440691260,42,0,15.227031685065178,1.5585195781890697,1.1826152514360049,0.19271226227283478
64944170420647296,440691343,42,1,5.864075429523778,1.451550314467812,0.7681995479931093,0.16183209419250488
64944170420647296,440691343,43,1,0.3711775538919775,1.4779135123244347,-0.43041829461804365,0.16964901983737946
64915754917051520,440691544,42,1,16.487194268917534,1.443294147735217,1.217146755268409,0.15935485064983368
64059407158605568,440691820,42,4,38.8525426211245,1.5246164037402798,1.5894194455356625,0.18316058814525604
64059407158605568,440691820,43,4,3.9956776331434263,1.6453486143861697,0.6015904425683551,0.21625792980194092
64057895330132224,440691853,43,1,17.70349589266241,1.40164005828213,1.2480590345527305,0.146636500954628
63717665199974016,440692146,43,2,2.9841786090264963,1.6607671689907066,0.4748248129672707,0.22030875086784363
63717665199974016,440692146,44,2,2.908358298973418,1.541257846697025,0.4636479089550586,0.18787530064582825
63690898963950592,440692312,42,0,2.083455231303132,1.5243036136251962,0.3187841728965361,0.18307147920131683
63690898963950592,440692312,43,0,3.483424150754151,1.4127677955434168,0.5420063584998233,0.15007078647613525
63940208928422656,440695156,42,4,7.464300621307695,1.68428832718267,0.8729891221031211,0.2264164388179779
63959351598814336,440695252,42,3,9.794157208229988,1.3835960575271078,0.9909670706969884,0.14100931584835052
63959351598814336,440695252,44,3,4.9677836617554245,1.3819219923142332,0.6961626748191697,0.1404835283756256
66453181412027392,440695926,43,3,35.680174849514664,1.3914352954077067,1.5524269739550194,0.14346301555633545
66453181412027392,440695926,44,3,11.15551454303567,1.4272492675902644,1.0474896067173416,0.1544998288154602
66509634462127360,440696035,43,4,64.68610061787444,1.5715297971456637,1.8108109719600618,0.19632261991500854
66429232674604544,440696262,42,4,2.1440103851254175,1.620661162655412,0.33122688465493927,0.20969222486019135
66429232674604544,440696262,43,4,4.687856287186435,1.5711964385931236,0.6709742893072633,0.19623048603534698
66429232674604544,440696262,44,4,7.609274797773963,1.5487219147178388,0.8813432682905756,0.18997344374656677
64174546641593984,440696337,42,1,20.061552490442775,6.657242869486042,1.3023645384522666,0.8232944011688232
64174546641593984,440696337,44,1,1.2952401607468231,1.5067095369083825,0.1123503018666353,0.17802953720092773
64172038380708224,440696398,43,0,0.0732982649673165,1.408841120767056,-1.1349063053593968,0.14886201918125153
64168705486089216,440696415,44,3,4.723743008615208,1.5683109911685094,0.6742862621471756,0.19543218612670898
64117784354039040,440696609,43,1,10.74534328049156,1.4018539875582186,1.03122029441488,0.14670278131961823
64117062799542016,440696635,43,4,6.750698814596502,1.5706204120779843,0.8293487321812887,0.19607123732566833
64117062799542016,440696635,44,4,2.6826063573071246,1.593899865785259,0.4285569494547368,0.20246103405952454
64064011363520512,440696704,42,0,6.169966213696366,1.3570204417152256,0.7902827858735323,0.13258638978004456
64064011363520512,440696704,44,0,22.438892038498945,1.377500625163389,1.351001409025947,0.13909180462360382
64037588724758400,440696817,43,0,13.40844116310574,1.5632098256511995,1.127378290632151,0.19401727616786957
64050645425295872,440700343,42,0,6.49695093337671,1.9460369070239156,0.8127095868755415,0.28915107250213623
64050645425295872,440700343,43,0,6.213276449306884,1.450512363176473,0.7933206772470315,0.16152143478393555
64050645425295872,440700343,44,0,0.3918141619001985,1.420782504358639,-0.40691987073036834,0.1525276005268097
64066107307543296,440700411,42,0,0.1302881825727313,1.5626548494488366,-0.8850949739742839,0.19386306405067444
64066107307543296,440700411,43,0,0.5525299325431622,1.4751706768314068,-0.257644189704024,0.16884227097034454
64066107307543296,440700411,44,0,0.034475835502513,1.6090218359566575,-1.4624852001416937,0.20656193792819977
64092907903452800,440700454,44,3,34.15457261045234,1.339903652818326,1.533448855207832,0.12707357108592987
64094037476647040,440700464,42,1,34.068447668596455,1.5153578388741717,1.5323523453576722,0.18051519989967346
64094037476647040,440700464,43,1,1.84985911895828,1.4273272799248775,0.2671386547874592,0.154523566365242
64148738180119680,440700588,42,4,0.1048230570014988,1.5304626598593603,-0.9795431789253292,0.18482273817062378
64148738180119680,440700588,43,4,4.132375206495484,1.5700590339971157,0.6161997471923709,0.19591598212718964
64148738180119680,440700588,44,4,5.464391576108942,1.5884001554089218,0.7375418131570085,0.2009599208831787
65677372878285312,440700750,44,1,0.0383216843860709,1.3773347868659582,-1.4165554102537439,0.1390395164489746
66485582645439104,440701022,42,3,7.377675760161461,1.3573017923694393,0.8679195645981604,0.13267642259597778
66485582645439104,440701022,43,3,3.713014725670866,1.3246216595308011,0.5697266716244669,0.1220918521285057
66485582645439104,440701022,44,3,15.683158367451076,1.4987129895270277,1.1954335279549173,0.17571847140789032
51533495816916096,440701936,43,1,0.0557894739302249,1.59704937280548,-1.253447733772954,0.20331834256649017
63730309584280960,440702438,43,4,0.01415853498753,1.3845794266986078,-1.8489816816566582,0.14131787419319153
63730309584280960,440702438,44,4,0.0246011852555266,1.6520239015772007,-1.6090439686065952,0.21801632642745972
63824901943723392,440702470,42,2,1.3863420646827114,1.3492952778929512,0.1418704008928643,0.13010700047016144
63826070174824192,440702499,42,1,10.48700000982426,1.5104588663111835,1.0206512684111906,0.1791089028120041
63826070174824192,440702499,43,1,7.744194493306093,1.3860401210578526,0.888976251623285,0.14177580177783966
63826448131945984,440702500,42,4,6.200967391047133,1.4887787096943006,0.792459447533771,0.17283014953136444
63826448131945984,440702500,43,4,14.710048857417055,2.906706810485347,1.167614115179698,0.4634012281894684
63839023796354560,440702584,43,3,47.28790410702138,1.2610844568069914,1.6747500656558012,0.10074417293071747
64104933811828480,440702986,43,3,33.07649879892613,1.1729897020168172,1.5195195325377024,0.06929419934749603
64104933811828480,440702986,44,3,9.068070051821763,1.1475217166970582,0.9575148664392755,0.059760913252830505
65674383581036800,440703158,43,2,1.4254240314774007,1.453690492504932,0.15394407637060878,0.1624719500541687
65674383581036800,440703158,44,2,13.053270869058371,1.3479446687352659,1.1157193501717921,0.1296720653772354
65680499614460800,440703174,42,4,0.107553447453314,1.5988671900695688,-0.9683756644401141,0.2038123905658722
65680499614460800,440703174,43,4,0.8084436964918263,1.499445426674769,-0.09235022084647777,0.1759306639432907
65688333634791040,440703285,42,3,26.87449255618289,1.6557885286433855,1.4293402726583504,0.21900486946105957
65688333634791040,440703285,43,3,55.649649150882176,1.4410643502541438,1.7454624306237159,0.15868337452411652
65688539793220480,440703298,44,2,15.01310163666316,1.988119627008003,1.176470424723863,0.2984425127506256
66473178779856768,440703485,43,2,14.970854432849066,1.5428583166165741,1.1752465875763252,0.18832604587078094
66473178779856768,440703485,44,2,2.4691486006451746,1.3660002080480076,0.39254722784127655,0.13545076549053192
65712488530853120,440703573,42,2,1.767427900169957,2.042319070270283,0.24734170637445224,0.31012359261512756
65712488530853120,440703573,43,2,0.1970048016336734,1.5325007986161017,-0.7055231885714259,0.18540070950984955
65712488530853120,440703573,44,2,0.8829917653303311,1.3384315110405471,-0.054043346579026416,0.12659615278244019
64073597730589952,440704123,43,2,10.217972521518014,1.3575111901261914,1.0093647304299065,0.13274341821670532
63838886357191936,440704339,43,3,1.1142177906683637,1.1766499196483917,0.04697008854041913,0.07064726948738098
63838886357191936,440704339,44,3,1.153480166743583,1.447843878175565,0.06201013154209635,0.16072173416614532
63677326867342464,440704531,42,2,4.094077086767303,1.82056588911508,0.6121560156695465,0.260206401348114
63677326867342464,440704531,43,2,15.034126606191812,1.6550294660811227,1.1770782032294165,0.218805730342865
63677326867342464,440704531,44,2,9.866096720307514,1.5995648749220943,0.9941453686661534,0.20400185883045197
50907014706346624,440705319,43,4,1.0728178633515382,1.630034614496704,0.03052599628501585,0.21219682693481445
50907014706346624,440705319,44,4,3.0548928541129903,1.5848178350389808,0.48499598260360954,0.19997934997081757
63661521387693824,440725886,42,1,66.56586067857148,1.707469978019078,1.8232515516888266,0.232353076338768
63661521387693824,440725886,43,1,136.88993065022484,1.4735450139813382,2.136371503474555,0.16836340725421906
63661521387693824,440725886,44,1,101.59766131991404,1.4179508830420977,2.006883711023234,0.15166118741035461
63773774653147904,440726015,42,1,25.527955078510647,1.6558262522925729,1.4070160269590317,0.21901476383209229
63773774653147904,440726015,43,1,42.92166021668276,1.393604462314399,1.6326765121988358,0.14413952827453613
63773774653147904,440726015,44,1,2.049401243871511,1.4920471325042306,0.3116269954629576,0.17378254234790802
63884584809145600,440726335,42,1,0.246637243813922,1.3195335398651435,-0.6079413415214646,0.1204204335808754
63884584809145600,440726335,43,1,17.0400530264245,1.5515633891168576,1.231470941900618,0.1907695233821869
63892006512622848,440726384,42,0,5.4730800122333125,1.3676329305726886,0.7382317972412462,0.13596954941749573
63892006512622848,440726384,43,0,21.89794046906544,1.6310587619369543,1.3404032707770748,0.21246960759162903
65588484235454592,440726512,44,4,0.0414128139759109,3.1003185694435134,-1.3828652584449996,0.49140632152557373
65603946117575936,440726596,42,2,18.592687550678804,1.7424670128246895,1.2693421710558002,0.24116456508636475
65603946117575936,440726596,43,2,2.6688366453975245,1.6209552381743315,0.42632199223127665,0.2097710222005844
65603946117575936,440726596,44,2,2.722567173324618,1.461097907107103,0.43497860381599257,0.16467931866645813
65720734868130816,440727107,42,1,4.805066745945092,1.4041753509586954,0.6816994247193017,0.14742134511470795
65720734868130816,440727107,43,1,7.260422080790183,1.252227668881123,0.8609618689135582,0.09768329560756683
65720734868130816,440727107,44,1,3.288766011286638,1.874913715423167,0.5170329754522568,0.27298128604888916
65690498298435840,440727302,42,2,0.1174615677382644,1.5749640018459075,-0.9301042070046093,0.19727063179016113
65690498298435840,440727302,44,2,1.186419168566849,1.793311123291377,0.07423815482372892,0.25365564227104187
65589137070475264,440727544,42,1,5.629086089612818,1.7055048103483932,0.7504378906850542,0.2318529486656189
65589137070475264,440727544,43,1,4.432352555458251,0.76949609152454,0.6466342974786126,-0.11379358172416687
65589137070475264,440727544,44,1,9.371851692757824,1.5216084872368103,0.9718254073762131,0.18230292201042175
65641913628380288,440731943,42,3,9.056272000586551,1.2554955576042588,0.9569494578569869,0.0988151803612709
65641913628380288,440731943,43,3,5.5802668443970305,1.5993106222988807,0.7466549670878022,0.20393282175064087
65641913628380288,440731943,44,3,3.001815954805175,1.2545267944030456,0.4773840615705484,0.09847994148731232
65699569269925888,440732064,42,1,0.2340232473017635,1.445933906294871,-0.6307409986864655,0.16014844179153442
65699569269925888,440732064,43,1,26.08640788437149,1.4434039402830139,1.4164142805797193,0.15938788652420044
65717814290369920,440732135,42,0,5.977403777878933,1.6232378043185716,0.7765125937259028,0.2103821486234665
65717814290369920,440732135,43,0,1.8731942458197823,1.506068940512034,0.27258281502262255,0.1778448522090912
65717814290369920,440732135,44,0,2.5533158537835066,1.5113221653685884,0.4071045418197221,0.17935705184936523
65701527774387840,440732366,43,0,4.129503561085124,1.6375019487933955,0.6158978449638322,0.2141818255186081
65701527774387840,440732366,44,0,72.19370658353044,1.439631218375888,1.8584993400187604,0.15825125575065613
65626623544976768,440732585,42,4,2.167578444643242,1.6014918783871488,0.3359748235458146,0.20452474057674408
65626623544976768,440732585,44,4,9.944106251327804,1.5867848916593301,0.9975657560317014,0.20051805675029755
51303388648134400,440733950,42,1,19.6932615429966,1.1323685944701691,1.294317648734539,0.05398781597614288
51303388648134400,440733950,43,1,9.954470800393228,1.4334058236324019,0.9980181770125485,0.1563691645860672
6012244273489826560,442828160,12,4,0.3365246322758207,1.5333452866544535,-0.4729831416333393,0.18563996255397797
5869330679822111744,443474055,64,1,0.0344011595636482,1.5054184925095428,-1.4634269183701438,0.17765724658966064
5868548755256438656,443480340,11,0,1.350912259569648,1.3840724819046668,0.1306271429360483,0.1411588340997696
5868548755256438656,443480340,38,0,0.4422503389692063,1.527555577009582,-0.3543318255467878,0.1839970201253891
5432940635090033408,44445436,62,3,0.1089169712711995,1.5487482184959396,-0.9629044438882026,0.18998081982135773
5257836605156299776,444536794,9,3,2.4054861090288293,1.5648114534617503,0.3812028533235772,0.19446201622486115
5257836605156299776,444536794,10,3,12.275353199192482,1.5875679419916349,1.0890339969460043,0.20073232054710388
5257836605156299776,444536794,36,3,7.682817624788539,1.324321205249214,0.885520524000529,0.12199333310127258
5257836605156299776,444536794,37,3,0.939887636930022,1.4642312038896548,-0.02692406297271837,0.16560965776443481
989426530738246016,444988653,60,3,0.0442285490559966,1.0701554194948164,-1.3542973076869218,0.029446855187416077
989334210417772288,445018388,60,2,28.29390749112655,1.3780969383561494,1.4516929292402323,0.13927976787090302
989314350488989056,445021171,47,1,0.0419079611259093,1.4993401168095846,-1.3777034676153608,0.1759001612663269
5432743478910701312,44517110,62,2,9.904658679923129,1.4270050719854617,0.9958395141017217,0.1544255167245865
417692273991883520,445242095,58,1,34.08515592215165,1.419517014732024,1.532565285014105,0.15214060246944427
5490713545856521984,445265787,61,4,0.0249048304981379,1.5476483580067586,-1.6037164097225591,0.1896722912788391
5493687415572195840,445330849,61,4,8.528885111254494,2.4457644120481556,0.9308922642653907,0.3884146213531494
5493687415572195840,445330849,62,4,7.634144032407539,1.6534536093684784,0.8827603494681652,0.218392014503479
5493720881958287488,445452650,61,2,11.4099273567544,1.366431049829624,1.0572828794172382,0.13558772206306458
5493720881958287488,445452650,62,2,0.4097814476041919,1.375347227705902,-0.38744770768571013,0.13841235637664795
5506503597984732288,445517149,61,2,0.0965472564888355,1.6032208501468643,-1.015260062730661,0.2049933522939682
5506503597984732288,445517149,62,2,0.5273986080306583,1.5426439883472867,-0.27786102077959973,0.18826571106910706
5431369604772879488,44688594,63,0,41.96829611219196,1.302007529517615,1.6229213374722913,0.11461349576711655
5357917177155467136,447276231,9,2,0.0235795245719294,1.5275055241288453,-1.62746495572393,0.18398278951644897
5357917177155467136,447276231,10,2,0.0589338785855823,1.3375597139002142,-1.229634975960919,0.12631317973136902
4889151973881979008,44743153,4,0,6.581418430796353,1.6824221688331578,0.8183195030791421,0.2259349822998047
4889151973881979008,44743153,5,0,27.940695064667405,1.9646699464720578,1.4462372056076176,0.2932896018028259
4889151973881979008,44743153,31,0,11.706937913562165,1.399214574329778,1.0684433151281747,0.14588432013988495
5330915817276900864,447946898,62,3,0.4000129747966695,1.3438172588224344,-0.39792592169401253,0.1283402144908905
5842802835803988352,447993848,11,2,7.056073536391395,1.328805684934764,0.8485630982409097,0.12346147745847702
5842802835803988352,447993848,12,2,17.1490189080101,1.5101503797606959,1.234239279187811,0.17902019619941711
5842802835803988352,447993848,64,2,6.493394486464663,2.2608470024706695,0.8124717879167371,0.35427117347717285
5854831974036429056,447994659,64,3,0.8660809580831675,1.4581822347717368,-0.06244150982395108,0.1638118028640747
5856059166484152320,448002486,64,2,32.203180179126136,1.5298091825757711,1.5078987619457604,0.18463726341724396
5784379254658527104,448026175,11,0,0.0796727666407128,1.5254173447349961,-1.0986901016754893,0.18338868021965027
5784379254658527104,448026175,12,0,0.0800390193799239,1.3137999177903414,-1.0966982408816128,0.11852923035621643
5850443303440130816,448165340,38,1,13.90741382540434,1.2773663499818144,1.143246377599576,0.10631547123193741
5850443303440130816,448165340,65,1,4.00545228348564,1.5531016064621517,0.6026515624007407,0.1911998689174652
5850443307764629376,448165364,11,3,0.435370892392302,1.1998853180291862,-0.36114060996643177,0.07913973927497864
5850443307764629376,448165364,12,3,0.8398770309007532,1.3795699642791406,-0.07578429573650065,0.13974373042583466
5850443307764629376,448165364,38,3,9.145666583691767,3.088711792406726,0.9612153646040055,0.4897773861885071
5850443307764629376,448165364,65,3,0.9377218927830858,1.7750760884669445,-0.02792594449757951,0.2492169737815857
5850361767779111168,448292315,38,1,0.1141547586993511,1.2314667279449902,-0.9425059796289148,0.09042268246412277
3478519134297202560,448590406,36,1,2.6431206441728605,1.4547200864420362,0.42211698678012216,0.16277943551540375
5847401027808272384,448733510,11,0,0.0160477502702052,1.4368141394409033,-1.7945858426185053,0.15740059316158295
5431592977432228992,44926734,62,1,5.7785295356352,1.3035226833460007,0.761817337415891,0.1151185929775238
5431592977432228992,44926734,63,1,0.7030387111264449,1.4503798348963692,-0.15302076094640943,0.16148175299167633
6128156202336951424,449355457,10,1,0.2574049304194655,1.581841698434798,-0.5893831387313211,0.199163019657135
6128156202336951424,449355457,11,1,0.4726665634296664,1.1053597391164767,-0.3254451187286044,0.043503642082214355
6128156202336951424,449355457,37,1,0.0228500625815301,1.4193879515007823,-1.641112606150981,0.15210111439228058
6128156202336951424,449355457,64,1,1.6097168647263356,1.4393367527472387,0.2067494941060669,0.1581624150276184
5857973686781549568,449586720,11,2,0.0179159476335306,1.3562394662662907,-1.7467602156235282,0.13233637809753418
231889927176318720,449923541,59,3,2.315679536606983,1.5778904374787368,0.3646784578563755,0.19807684421539307
442184853266451968,449933747,59,2,0.0676424076129223,1.6128617277989976,-1.169780942848422,0.20759713649749756
249462940486302208,449939105,59,4,0.0252578324099829,1.5559251173523516,-1.597603922695015,0.19198869168758392
249026709247699200,449940050,59,2,3.665466440049612,1.5454482223442727,0.5641292475856631,0.1890544593334198
251533355242461312,449963411,59,0,0.8484735400851869,1.5785872016601172,-0.07136169674545031,0.1982685774564743
448726573794583936,450179701,59,3,1.570014524376978,1.4430511184334185,0.19590367013381796,0.15928171575069427
5431498178916093440,45040931,63,1,0.0815404452683709,1.4089204956700085,-1.088626921323052,0.14888648688793182
6053807844583576064,450568600,38,3,0.014791169433646,1.4377501355047149,-1.8299974880381522,0.15768341720104218
6057951732118101504,450605193,11,3,0.4243991808841755,1.3219715265740755,-0.37222546298423587,0.1212221011519432
6054576746800130560,450690604,37,3,0.4644260579201799,1.3825205515463708,-0.3330834209458293,0.14067159593105316
6054576746800130560,450690604,38,3,0.451697792529765,1.517717590100044,-0.3451520318527847,0.18119096755981445
6053796677666775296,450696864,64,2,0.3862102264217072,1.2810435832371445,-0.4131762307645048,0.10756390541791916
6053744657018593280,450794865,11,1,0.0541456836848238,1.4547184393080401,-1.2664361581813706,0.16277894377708435
6058353191286687872,450861969,38,4,0.1583071316877568,1.5497870168135326,-0.8004995198636501,0.1902720183134079
6347020657630525312,451592551,66,1,19.771433182126763,1.3714997136585996,1.2960381513839665,0.13719572126865387
6347020657630525312,451592551,67,1,3.3204317594775667,1.3922082110807974,0.5211945591760154,0.14370419085025787
5342849298035172864,451922999,10,2,0.1827909967961239,1.333584941212243,-0.7380451988541241,0.12502068281173706
5342849298035172864,451922999,37,2,0.067572198038027,1.5721195345627836,-1.170231953795758,0.19648556411266327
4792149175429007360,452357628,4,2,6.364754426373834,1.3599868671420812,0.8037816517715751,0.13353471457958221
4792149175429007360,452357628,5,2,1.372369133835873,1.351894238566106,0.13747094171034988,0.1309427171945572
4792149175429007360,452357628,6,2,5.083595070769432,1.380217607467102,0.7061709499201023,0.1399475634098053
4792149175429007360,452357628,7,2,5.7127610918145955,1.5583648301948112,0.7568460622058097,0.19266913831233978
4792149175429007360,452357628,8,2,2.819683739624891,1.3561962832233982,0.45020039986610744,0.1323225498199463
4792149175429007360,452357628,11,2,0.3532592092774436,2.0262777610107885,-0.4519065075084407,0.3066989779472351
4792149175429007360,452357628,27,2,16.30054967167091,1.3459853428444943,1.212202249517366,0.12904033064842224
4792149175429007360,452357628,28,2,1.4571154436589904,1.4830535187438934,0.16349396121262602,0.17115682363510132
4792149175429007360,452357628,31,2,10.766543410232591,1.5270528166168842,1.0320762957945133,0.18385405838489532
4792149175429007360,452357628,32,2,2.5889521267033575,1.5581601094852544,0.4131240198049804,0.19261208176612854
4792149175429007360,452357628,33,2,11.261111060761683,1.4955292528544357,1.0515812416479335,0.17479491233825684
4792149175429007360,452357628,34,2,13.795826873365051,1.5875767663745177,1.1397477356798413,0.20073473453521729
4792149175429007360,452357628,37,2,4.518492603921008,1.5887117619102684,0.654993575743857,0.20104511082172394
4792149175429007360,452357628,38,2,15.07167354319098,1.6596349629672351,1.1781614786065644,0.2200125753879547
4792149175429007360,452357628,61,2,0.1695896284938222,1.336659728584665,-0.7706007111927039,0.1260208636522293
4792149175429007360,452357628,64,2,5.185750692478448,1.7731541160242204,0.7148116340138376,0.24874648451805115
4792149175429007360,452357628,65,2,18.094584674583544,1.5873655393663622,1.2575486191874288,0.20067694783210754
4792149175429007360,452357628,66,2,7.367632384306397,1.420833691458501,0.8673279481537539,0.15254324674606323
4792149175429007360,452357628,67,2,2.090577285836278,1.5748179955287231,0.3202662274672965,0.19723036885261536
5215814919990121856,452448437,10,4,0.378090022076641,1.6018973990903864,-0.42240478366426826,0.20463469624519348
5215814919990121856,452448437,11,4,0.7471569934241592,1.486525819851785,-0.12658813417639,0.1721724569797516
5215814919990121856,452448437,12,4,6.904807103879941,1.4172576215378048,0.8391515504178096,0.1514488011598587
5215814919990121856,452448437,37,4,0.6803792067312242,1.53974372187975,-0.16724896745787987,0.1874484419822693
5215814919990121856,452448437,38,4,0.0358717292634456,1.5249466814126695,-1.4452476868459185,0.1832546591758728
5215814919990121856,452448437,39,4,1.1013498502717085,1.517008758649171,0.0419252970897648,0.18098808825016022
5215814919990121856,452448437,64,4,7.097043109791645,1.6171785848959201,0.8510774432854974,0.20875798165798187
5215814919990121856,452448437,65,4,1.386097829482436,1.5167641936378098,0.14179388345400926,0.18091806769371033
5215814919990121856,452448437,66,4,0.2530600753574863,1.4862235470811294,-0.5967763669698877,0.17208413779735565
5217812354662194048,452522877,10,1,3.5597440347796288,1.3921188871829313,0.5514187709281188,0.14367632567882538
5217812354662194048,452522877,12,1,0.8048054517386053,1.5686507343999712,-0.0943090903746615,0.19552625715732574
5217812354662194048,452522877,37,1,1.9045395973078811,1.5025202635512118,0.2797900065131317,0.17682033777236938
5217812354662194048,452522877,38,1,12.536904075704856,1.4320080193760585,1.098190302935041,0.15594545006752014
5217812354662194048,452522877,39,1,1.0654641911533111,1.5087821497282008,0.027538858230557253,0.17862653732299805
5217812354662194048,452522877,63,1,2.0640463539601135,1.44951185766757,0.31471944636749827,0.16122177243232727
5217812354662194048,452522877,64,1,2.3385116551811915,1.4284716567760911,0.3689395387808766,0.1548716276884079
5217812354662194048,452522877,65,1,5.62004949614557,1.3575033650738775,0.7497401404459718,0.13274091482162476
5215977785150811008,452549271,37,1,0.0535995492597285,1.400798750003735,-1.2708388624496885,0.14637574553489685
5215977785150811008,452549271,38,1,0.0848757644600736,1.4418983269183716,-1.071216301084974,0.15893463790416718
5215977785150811008,452549271,39,1,0.2024086315123241,1.4744637566209664,-0.6937709713863706,0.1686341017484665
5215977785150811008,452549271,64,1,0.0916652279534208,1.6358741341708818,-1.037795377218059,0.21374988555908203
5215977785150811008,452549271,66,1,0.2049288010241578,1.5356132822269437,-0.6883970008625062,0.18628185987472534
5215977780854979328,452549272,37,2,0.1011619074212057,1.6581627014934444,-0.994982990570272,0.21962714195251465
5215977780854979328,452549272,39,2,0.2874618075169539,1.3754669534451542,-0.5414198479707238,0.13845016062259674
5215977780854979328,452549272,65,2,0.0762733897236605,1.6521182246298334,-1.117626952371372,0.21804112195968628
5217868876431672960,452591471,10,2,18.7972488134281,1.6038480137396005,1.274094290083862,0.20516321063041687
5217868876431672960,452591471,11,2,6.503403312528857,1.6689515516646816,0.8131406878806399,0.22244372963905334
5217868876431672960,452591471,12,2,2.9266614854717807,1.609955720165149,0.4663724923368933,0.20681393146514893
5217868876431672960,452591471,37,2,9.05086940495078,1.502790117547802,0.9566902985021615,0.17689833045005798
5217868876431672960,452591471,38,2,7.0777505316494,1.5747913030172154,0.8498952510625272,0.1972230076789856
5217868876431672960,452591471,39,2,13.566534204052711,1.5336014179247892,1.1324689141077826,0.18571250140666962
5217868876431672960,452591471,63,2,7.6372215357721345,1.5762594682999902,0.8829353885295259,0.1976277083158493
5217868876431672960,452591471,64,2,1.734166563911613,1.510817386830323,0.23909080843063119,0.17921197414398193
5217868876431672960,452591471,65,2,5.10530201336047,1.6169755140398472,0.7080214386572586,0.2087034434080124
5217433641625835648,452631161,10,1,0.0618094601448948,1.3753164131102102,-1.2089450495988736,0.13840262591838837
5274939091892309120,453095065,5,4,0.4632853245925431,1.6000940892285864,-0.3341514566486092,0.20414552092552185
5274939091892309120,453095065,6,4,13.2214849036118,1.392270597908054,1.1212802334574805,0.14372365176677704
5274939091892309120,453095065,7,4,21.53585950687333,1.5337790196687264,1.3331622093534723,0.18576279282569885
5274939091892309120,453095065,8,4,20.936301376237385,1.5457109363181465,1.3208999613081152,0.18912827968597412
5274939091892309120,453095065,9,4,0.1965901651690994,1.557630868855426,-0.7064382124429825,0.19246454536914825
5274939091892309120,453095065,10,4,0.2470961327318174,1.666549465668533,-0.6071340516289798,0.221818208694458
5274939091892309120,453095065,11,4,4.614792637015657,1.6436202278348455,0.6641521910340563,0.21580147743225098
5274939091892309120,453095065,12,4,3.684671887491292,1.5228671207169067,0.5663988208799168,0.1826620101928711
5274939091892309120,453095065,13,4,1.8572505746698127,1.5701423201480778,0.2688705013999984,0.19593901932239532
5274939091892309120,453095065,27,4,4.402301622975673,1.5079834756648467,0.6436797948521222,0.1783965826034546
5274939091892309120,453095065,28,4,5.076873424909399,1.7145262405507256,0.7055963358393801,0.23414413630962372
5274939091892309120,453095065,29,4,3.170907094705541,1.5800823263223704,0.5011835176979166,0.19867971539497375
5274939091892309120,453095065,31,4,3.6763391570324537,1.567216972559114,0.565415569970127,0.1951291263103485
5274939091892309120,453095065,32,4,2.384046497645081,1.5315746901403646,0.37731472148504175,0.18513818085193634
5274939091892309120,453095065,33,4,5.465973085592401,1.7940172648633237,0.7376674888993638,0.2538266181945801
5274939091892309120,453095065,34,4,9.036587411608132,1.525539403902235,0.9560044539136976,0.18342342972755432
5274939091892309120,453095065,35,4,0.4852605156346007,1.5940131846002341,-0.3140250446410976,0.2024919092655182
5274939091892309120,453095065,36,4,3.035651195219832,1.6367972641158586,0.48225186844415374,0.21399489045143127
5274939091892309120,453095065,37,4,18.4807693020626,1.5706112508288526,1.2667200457091266,0.19606870412826538
5274939091892309120,453095065,38,4,0.8654411613664219,1.4018909282925902,-0.06276245310633453,0.1467142254114151
5274939091892309120,453095065,39,4,8.807530891802312,1.5336856117432234,0.944854175113655,0.18573634326457977
5274939091892309120,453095065,61,4,2.330147496236588,1.6757507133185836,0.36738341234543526,0.22420941293239594
5274939091892309120,453095065,62,4,1.903107273656364,1.4191473407895165,0.27946326912987385,0.15202748775482178
5274939091892309120,453095065,63,4,3.258533167324792,1.7246623445701696,0.5130221458664742,0.23670408129692078
5274939091892309120,453095065,64,4,12.922209894882071,1.542881768021965,1.111336790987445,0.18833264708518982
5274939091892309120,453095065,65,4,0.2759389230141502,1.557687787937737,-0.5591870350844454,0.1924804151058197
5274939091892309120,453095065,66,4,7.632732667135596,1.7063397139983834,0.882680051688421,0.23206549882888794
2885799594315319808,453121186,32,2,0.0696407348387323,1.4423657269749917,-1.1571366549193993,0.15907539427280426
2885799594315319808,453121186,33,2,0.0466916672899455,1.5898633883331508,-1.330760617782736,0.2013598084449768
5205351069689954560,453218463,10,4,0.0172403249909862,1.4729410578339224,-1.7634545517095854,0.16818536818027496
5204300933005060480,453455226,37,1,0.1965960792188336,1.331565664300732,-0.7064251476971929,0.12436258792877197
5204300933005060480,453455226,38,1,0.0236080652924368,4.1342561472578225,-1.6269396023853504,0.6163973808288574
5204300933005060480,453455226,39,1,0.0612956797992772,1.480102158640906,-1.2125701340534119,0.1702916920185089
5204956727269231744,453684455,11,3,0.0822847063483609,1.5653547887094819,-1.0846808764003883,0.1946127861738205
5204956727269231744,453684455,64,3,0.1035903851105808,1.319131176446933,-0.9846805523822852,0.12028798460960388
5204523004293421696,453808153,11,0,19.49164509569126,1.6234598763633887,1.2898484951376323,0.21044155955314636
5204523004293421696,453808153,12,0,21.368260253805413,1.41381705992377,1.329769164516465,0.15039321780204773
5204523004293421696,453808153,37,0,1.4131002222276576,1.5645191357475847,0.1501729646913677,0.19438087940216064
5204523004293421696,453808153,38,0,12.56895088352048,1.6387984729606833,1.09929902911693,0.21452555060386658
5204523004293421696,453808153,39,0,6.510525608849237,1.7411896127635764,0.8136160515187739,0.24084606766700745
4805574899598831232,453856042,5,0,1.6033082309195368,1.4970045729793284,0.2050170221166619,0.17522312700748444
4805574899598831232,453856042,6,0,3.308151135286538,1.4025289347991587,0.5195853423924799,0.1469118297100067
4805574899598831232,453856042,32,0,3.724624008882291,1.6760385680403964,0.5710824383972558,0.22428400814533234
4805574899598831232,453856042,33,0,42.68339573617504,1.993565561711576,1.6302589630209046,0.2996305227279663
5201194816953813504,454241704,64,4,2.642622059635047,1.482262005132926,0.422035055999034,0.17092497646808624
5201218181575917952,454241750,66,3,2.364197733815049,1.6076040158121485,0.373683796707323,0.20617908239364624
5201553704423697792,454242639,64,1,6.56701139817441,1.3311578735092868,0.8173677700807956,0.1242295652627945
5225597889120103424,454243404,64,2,19.668386717355343,1.3622774161182873,1.2937687387457613,0.13426555693149567
5225597889120103424,454243404,65,2,4.488020545044202,1.327235254140139,0.6520548363450089,0.12294790893793106
5225599096011296640,454256337,65,3,26.81184345741836,1.311701184582595,1.4283266750742971,0.1178349107503891
5201206052588955264,454258158,66,1,32.31891652958109,1.5070063586165026,1.509456792909742,0.1781150847673416
5225732755394043520,454288971,65,4,6.216608707436566,1.423428316568952,0.7935535323916154,0.1533356010913849
5201361599124919936,454290635,64,4,2.812796651710365,1.5201991012838982,0.4491383364196385,0.18190047144889832
5201347064956072448,454290773,64,1,1.8911643486625291,1.6787743880354158,0.2767292721637904,0.22499233484268188
5201214367644997376,454291263,64,2,2.5651731352704843,1.3270523364900384,0.4091166829585647,0.12288805097341537
5201201139145691648,454291408,39,0,1.5668407898921055,1.5576551326981485,0.19502486910155584,0.19247131049633026
5201120634278654208,454291699,64,4,6.948427527733119,1.5351330469489364,0.8418865321733238,0.18614602088928223
5201120634278654208,454291699,66,4,5.687389627793149,1.5605372522649543,0.7549129816202451,0.1932741403579712
5201126441074447872,454291734,64,3,43.10085295724271,1.6173649775591412,1.6344858648465406,0.208808034658432
5201126441074447872,454291734,66,3,186.59816482062192,1.1723842867200192,2.2709073681768452,0.0690699890255928
5201129121134048768,454291768,38,3,0.2056091058328204,1.4186354300678177,-0.6869576556039187,0.15187080204486847
5201129121134048768,454291768,39,3,0.0878384820636649,1.190075119633931,-1.0563151778697377,0.0755743756890297
5201129121134048768,454291768,66,3,0.0342139567534674,1.4329926080182258,-1.4657966979041122,0.1562439501285553
5201129292932746880,454291775,64,2,9.504340989263884,1.5174327161599925,0.9779220091921622,0.1811094433069229
5201129705249611008,454291786,64,1,19.68868539310525,1.4599502347841302,1.2942167194098235,0.16433805227279663
5201129705249611008,454291786,66,1,3.293265297730133,1.310725816653612,0.5176267178662698,0.11751185357570648
5201153619627528960,454291809,66,0,25.988224947456377,1.3068153831057308,1.414776617252028,0.11621423810720444
5225392628342178688,454292995,64,2,0.1911234842611363,1.3495765086688816,-0.7186859458157767,0.13019751012325287
5201351806599748992,454327504,64,3,0.0855927029971098,1.467768513585043,-1.0675632584907282,0.16665756702423096
5201351428642607744,454327547,64,2,6.311302036593294,1.7173199349205237,0.8001189644699771,0.23485121130943298
5201163480873128064,454328873,66,3,15.998137595928853,1.3764695757610228,1.204069427725366,0.13876661658287048
5225374383321284224,454329571,64,1,0.9216192752905196,1.404686767047118,-0.035448450734264315,0.14757949113845825
5225374074083637376,454363835,64,0,37.88553561050506,1.3354664177450184,1.5784734315100217,0.12563297152519226
5201265666735512064,454364474,64,0,2.1016949417177844,1.444098991576476,0.3225696789885213,0.15959696471691132
5201157193040414464,454364807,64,1,4.6372329014075975,1.4093197099739956,0.6662589085453774,0.14900952577590942
5201264464144664832,454365974,64,0,18.107141381106537,1.5936484274196054,1.2578498925888195,0.20239251852035522
5201264464144664832,454365974,66,0,5.976925423420901,1.2761584968456572,0.7764778369949931,0.10590461641550064
5201240309248796672,454403368,64,4,7.390388604191826,1.4391200661036059,0.8686672752309487,0.1580970287322998
5201272195086070144,454404691,64,3,0.4985699903588448,1.4624042792468117,-0.302273865851876,0.16506744921207428
5201272195086070144,454404691,65,3,0.5036062355643364,1.3854182191383708,-0.29790890117255997,0.14158089458942413
5201272195086070144,454404691,66,3,1.3776840769717251,1.4414941376554105,0.1391496389372972,0.15881288051605225
5302978704290910592,45460157,10,3,0.8010834072517832,1.5862170284737032,-0.09632226366184933,0.20036260783672333
5302978704290910592,45460157,35,3,10.6953841744326,1.4438017791708948,1.0291963888925517,0.15950757265090942
5302978704290910592,45460157,37,3,10.413261058360952,1.3522480640357837,1.0175867562028909,0.13105636835098267
5302977089383194368,45460236,10,3,5.719934940129443,1.2359921315596443,0.757391089054656,0.09201570600271225
5302977089383194368,45460236,36,3,1.8147594416793231,1.4706740865,0.2588190645923836,0.16751644015312195
5224622660965933568,454611617,11,4,0.0337367883593531,1.6398615481435166,-1.4718962633058437,0.2148071825504303
5224622660965933568,454611617,12,4,2.4052813898590837,1.5990575074004,0.38116589106928633,0.20386408269405365
5224626096939825024,454642722,64,4,22.047873030772795,1.5672434291387047,1.3433666992209314,0.19513645768165588
5226891709370645376,454715223,11,1,15.657915232501889,1.5030297476801824,1.1947339375882984,0.1769675761461258
5226891709370645376,454715223,12,1,2.894818325904654,1.4512325970380995,0.46162131330252876,0.16173702478408813
5226891709370645376,454715223,37,1,0.7584536812799224,1.4037199893884458,-0.12007093640495853,0.1472804844379425
5226532233485499136,454757744,12,2,0.6561659755100757,1.3433772763861362,-0.18298629304678213,0.12819799780845642
5226532233485499136,454757744,38,2,2.819241448580813,1.357015599381069,0.4501322717906955,0.1325848400592804
5226532233485499136,454757744,39,2,0.2146436847534573,1.3439827966351057,-0.6682818848089191,0.12839370965957642
5224238622169880576,454875770,64,3,3.907078891020537,1.7369653495524366,0.5918521805078618,0.2397911548614502
5224238622169880576,454875770,66,3,37.27111668478301,1.970562594791606,1.571372404902326,0.2945902347564697
5224191892926385408,454961107,12,3,0.0880049372572129,1.5665871474942714,-1.0554929623564848,0.19495455920696259
5224188216434490880,454961345,11,2,0.828725574094647,1.581920887457537,-0.0815892588191339,0.19918476045131683
5224188216434490880,454961345,12,2,0.5551097588669743,1.5196618455430928,-0.25562113767476474,0.1817469596862793
5841257781444541824,454980196,11,4,7.442996686383357,1.6312046095200932,0.8717478256443311,0.2125084400177002
5841257781444541824,454980196,12,4,0.5081820214152399,1.477853423412133,-0.2939807035876344,0.16963136196136475
5841257781444541824,454980196,38,4,0.8693345199258948,1.5227567175412493,-0.060813074871915555,0.1826305240392685
5841257781444541824,454980196,39,4,1.813468748996445,1.5461202099732323,0.258510075904686,0.18924325704574585
5841257781444541824,454980196,64,4,0.4869428462371727,1.6308989937707785,-0.312522010079914,0.2124270647764206
5224879500011370496,455000299,12,1,0.2122281213417431,1.4354568945932693,-0.673197070319846,0.1569901555776596
5224879500011370496,455000299,64,1,0.2996341276890977,1.015232184441073,-0.5234087229386712,0.006565377116203308
2201852990466726144,455906296,17,4,0.5294779785209007,1.44050444911549,-0.2761520978902775,0.158514603972435
5419520786436241536,45603316,62,4,0.4209369426903654,1.597857608905644,-0.37578295759121105,0.20353807508945465
5419520786436241536,45603316,63,4,0.2973922146036888,1.683846985457806,-0.5266704050101454,0.2263026237487793
243108622271431424,456136904,58,0,0.0730116951468085,1.3634155292684562,-1.13660756822325,0.13462823629379272
249111302925370368,456168327,58,3,5.173858792418772,1.703110769273612,0.7138145715567541,0.23124289512634277
241630363247656448,456200575,58,3,0.9784420008137515,1.2398503256503002,-0.009464912952413274,0.093369260430336
242889888176483968,456204149,58,2,6.888361309939379,1.3346391388055003,0.8381159187588371,0.12536385655403137
6065295988717973504,457314259,64,2,0.1639585319841462,1.404831171113734,-0.7852659788285709,0.14762413501739502
6019182466737664128,458097807,12,1,0.1524600543955838,1.364908875530256,-0.8168439296158514,0.13510365784168243
5969200871522420992,458208929,12,1,0.4141652664439513,1.5799251662814815,-0.38282632558799895,0.1986365169286728
434860941896323072,458753724,58,2,2.123984802493541,1.5941080242023313,0.32715140496272405,0.20251774787902832
435250169011098496,458770974,58,0,23.7674870174887,1.5002851348003068,1.3759832653574477,0.17617380619049072
249216168846376448,458780733,58,0,1.542767293153956,1.3977984580978715,0.18830042319807233,0.14544455707073212
441573048067694592,458783116,58,0,10.851913546079777,1.6529009622251005,1.0355063252102688,0.21824683248996735
462902955169368320,458920985,58,4,66.75752855279823,1.5606954289399129,1.8245002501799186,0.19331815838813782
462902955169368320,458920985,59,4,10.508609538943706,1.5356287200999725,1.0215452555607634,0.18628622591495514
463006584139846144,458938294,58,2,49.73370973234019,1.8412340706564945,1.6966508552948645,0.26510900259017944
463006584139846144,458938294,59,2,53.027433845189755,1.3995826575789385,1.724500610828924,0.14599855244159698
5251337013966892928,460049532,11,4,0.1517634501389225,1.5389757588328599,-0.8188328089033691,0.18723177909851074
5251337013966892928,460049532,63,4,0.3517489327279248,1.6033285052348554,-0.4537672116219335,0.20502251386642456
5251337013966892928,460049532,64,4,0.0565985827329085,1.5411326262766891,-1.2471944437054312,0.18784001469612122
5252222670597991040,460371874,10,0,13.868280189927912,1.4645491038211556,1.1420226074082362,0.1657039374113083
5252222670597991040,460371874,11,0,1.230646989340675,1.3949309894885042,0.09013349357482642,0.14455272257328033
5252222670597991040,460371874,36,0,0.1265326635357588,1.5037201805882299,-0.8977973498855917,0.17716702818870544
5253546997989686912,460765494,10,0,0.4504656432277107,1.673062185039116,-0.3463383268283443,0.22351208329200745
5253546997989686912,460765494,11,0,1.024945723128463,1.7389775672083803,0.010700867567447316,0.2402939796447754
5253546997989686912,460765494,36,0,0.3580729088840256,1.3057600222589272,-0.44602853564055056,0.1158633679151535
6202965083703333504,460844584,11,4,14.58830662840472,1.574796111958548,1.164004883077763,0.19722433388233185
6202965083703333504,460844584,38,4,43.23501640933037,1.4997264092122407,1.6358356281429187,0.1760120391845703
5239758155778687360,460950389,63,4,1.6603298659829242,1.4800309103072882,0.22019438005464714,0.17027078568935394
5239758155778687360,460950389,64,4,0.1836292317051682,1.5033543173970594,-0.7360581828421093,0.17706134915351868
6000290249941664128,461683405,11,2,0.5168665739100899,1.4860523187545887,-0.2866215530244036,0.1720340996980667
5258252942105518080,462320070,9,1,42.72607403583557,1.556107867146253,1.6306929887005333,0.19203969836235046
5258252942105518080,462320070,10,1,29.941687526112755,1.6351240326484155,1.4762762737166408,0.21355070173740387
5258252942105518080,462320070,36,1,24.46538702145572,1.664023625237265,1.388552090316809,0.22115948796272278
5258252942105518080,462320070,37,1,28.12862071550724,1.3865882251202644,1.4491484370948036,0.14194750785827637
5258513835596515328,462492721,9,3,4.375861470037964,3.5320137809908103,0.6410635647535301,0.5480223894119263
5258513835596515328,462492721,10,3,3.247726603588702,1.0790759476512504,0.5115794628258351,0.03305201232433319
5258513835596515328,462492721,36,3,2.501521012553201,1.5163043162881553,0.39820415526962927,0.1807863712310791
5258513835596515328,462492721,37,3,5.230842995916203,1.3903743997695794,0.7185716848466822,0.14313176274299622
5258513835596515328,462492721,63,3,11.600182698130816,1.4656004686534885,1.0644648292411634,0.1660155951976776
5258513835596515328,462492721,64,3,17.148492658639295,2.5767445141415646,1.2342259518537029,0.4110713601112366
5355142868813361792,463278438,10,0,22.43096990163672,1.5234773823897358,1.3508480526209512,0.18283601105213165
5355142868813361792,463278438,36,0,3.112144974589518,1.653715845297425,0.49305981974365837,0.21846088767051697
5355142868813361792,463278438,37,0,37.36518763081229,0.5908443607677015,1.5724671674251014,-0.22852690517902374
5960473802851757440,463766043,12,4,0.0391649498740331,1.5889045775799222,-1.4071024249606379,0.20109781622886658
2972231722338351360,46386531,6,3,0.1081314260358064,1.3046163876392536,-0.9660480695020289,0.11548282951116562
2972231722338351360,46386531,32,3,0.1103922513711434,1.7727585847682477,-0.9570614094406623,0.24864959716796875
5430950793922553344,4639431,62,4,22.40459345715268,1.2749010643803302,1.3503370678242854,0.1054764837026596
119707889661936768,46424743,42,4,23.042520758596112,1.5860390142999834,1.3625299874102725,0.20031386613845825
119707889661936768,46424743,43,4,3.529212635650812,1.5831654191302986,0.5476778254633418,0.19952629506587982
119707889661936768,46424743,58,4,14.729707656473218,1.5452291867588903,1.1681941273965735,0.18899290263652802
69649736589001600,46427659,42,3,0.0983073416620012,1.0888964688079843,-1.0074140475367905,0.036986589431762695
2971453504327314816,46436895,32,4,0.0511350186760381,1.5826352875378267,-1.2912815810980656,0.19938084483146667
69585140280997760,46476638,42,2,0.2311927753264155,1.3795112231801878,-0.6360257415529604,0.1397252380847931
69585140280997760,46476638,43,2,0.4681924523834734,1.6712433288195887,-0.32957559173856127,0.2230396866798401
69585140280997760,46476638,44,2,0.1450136896711392,1.4898041205739705,-0.838590997296075,0.17312917113304138
69583456653826048,46476660,42,4,4.605952911081142,1.3677960989323077,0.6633194936451129,0.13602136075496674
69583456653826048,46476660,43,4,12.095708066408385,1.5245891497415631,1.082631296454262,0.18315282464027405
69583456653826048,46476660,44,4,0.8293213251526467,1.5649300603718455,-0.08127716703411976,0.19449493288993835
69643757994608512,46478551,18,1,0.041881992020419,1.4491069760953896,-1.3779726702858963,0.16110044717788696
69754121474458112,46478652,42,0,5.022127306766434,1.615393212232198,0.7008877175217473,0.20827825367450714
69754121474458112,46478652,43,0,4.829549316457902,1.653564013455513,0.6839066051805672,0.21842101216316223
69754155834196224,46478653,44,4,2.363756461087979,1.4688280860202458,0.37360272895453295,0.16697096824645996
117857755189714048,46478996,44,2,2.1828098426931364,1.361406809384205,0.33901590342963445,0.1339879184961319
119443869432136192,46481147,44,0,5.444667764484044,1.7890797385385198,0.7359713841003455,0.25262969732284546
69763329884321152,46481769,42,1,3.0151414499740574,1.524350789562611,0.47930769110377025,0.18308492004871368
69763329884321664,46481773,42,1,23.049116613196578,1.4410035346363013,1.3626542851544758,0.15866504609584808
69763329884321664,46481773,43,1,6.85845328951848,1.3094170493017536,0.8362261851578923,0.11707799136638641
69763329884321664,46481773,44,1,2.699459801738797,1.9439338278236367,0.4312768646789018,0.2886814773082733
5253461579649011456,464897118,11,4,5.6869023097221545,1.556314293981193,0.7548757679544703,0.19209730625152588
5253452062000579200,464898410,10,0,0.0421060294203287,1.648394915638897,-1.3756557104235667,0.21706126630306244
5241158353812624256,464936356,10,1,0.0410549612578514,1.6560550555476705,-1.3866343533627006,0.2190747708082199
69573251811510912,46502610,42,0,18.745293658665386,1.730459520818172,1.2728922483499394,0.23816144466400146
69794528526747136,46503113,43,4,8.365236941647984,1.5114671077825477,0.922478246672341,0.17939870059490204
69260990509512192,46507092,42,4,2.317709430585635,1.6884961746494018,0.36505898788155583,0.2275000810623169
69260990509512192,46507092,43,4,11.719046902332115,1.5829155111929014,1.0688922924082267,0.19945773482322693
69260990509512192,46507092,44,4,65.72314697088906,1.5231386953801607,1.8177183502494925,0.18273945152759552
5239626420542800512,465075473,10,0,2.5532800033277643,1.6412353979096548,0.4070984439590186,0.21517087519168854
5239626420542800512,465075473,11,0,0.4139310966804229,2.0921264640991684,-0.38307194588865107,0.3205879330635071
5239626420542800512,465075473,37,0,5.0591171491915885,1.3008690114824684,0.704074736071624,0.11423356831073761
5239626420542800512,465075473,38,0,8.783263558617746,1.4551384190258145,0.9436559147840089,0.1629043072462082
5239414803234249216,465268826,37,3,0.6755664874887739,1.2353720224535076,-0.1703319024102184,0.09179776161909103
5239414803234249216,465268826,38,3,2.222857314436014,1.2418147739201504,0.34691158616192475,0.09405682235956192
2971873418987106048,46531745,6,1,18.692679501354412,1.712866698608462,1.2716715597653356,0.23372356593608856
2971873418987106048,46531745,32,1,67.06951764517359,1.8256146151169534,1.8265251829651823,0.26140910387039185
69349535555140608,46533685,42,3,18.974840868823456,1.1374173298334567,1.2781781424024765,0.055919840931892395
69349535555140608,46533685,43,3,16.05684499410155,1.743034176453345,1.205660214899165,0.2413059026002884
71309655549854080,46537331,42,4,15.648528369126568,1.5754119398674826,1.1944735015489754,0.19739413261413574
71309655549854080,46537331,43,4,4.001975760767371,1.2556579489252753,0.6022744538661955,0.09887135028839111
71309655549854080,46537331,44,4,5.489564612226804,1.494670000493909,0.7395379010975248,0.1745453178882599
71309655549854080,46537331,58,4,13.12008668565329,1.6452913711561516,1.117936704473827,0.21624282002449036
71304810826584704,46537374,58,2,0.0813860303712013,1.4962081804480272,-1.0894501338498117,0.17499202489852905
5239525196750143616,465631056,10,1,0.3357483659414766,1.4594865508436745,-0.4739860923281279,0.164200097322464
5239525196750143616,465631056,11,1,0.2876217083730236,1.4478447226890403,-0.5411783384879671,0.16072198748588562
5241109872219554816,465801421,10,0,0.0457670075068626,1.3345573549075505,-1.3394474831537353,0.12533724308013916
5338114113795669760,466119780,10,3,0.0150660032789193,1.9189500927505483,-1.8220019423848886,0.283063679933548
68475767408245632,46615389,42,4,1.745091518197626,1.5535257363700807,0.24181820768832457,0.19131845235824585
68475767408245632,46615389,44,4,9.018660237189923,1.5465989472490456,0.9551420259220216,0.18937771022319794
69704643451409792,46616245,43,3,45.63203802292664,1.391983574783793,1.6592698657120752,0.1436341106891632
69704643451409792,46616245,44,3,18.821887777127777,1.3324571450068208,1.2746631796690284,0.12465324997901917
119400851039785600,46617053,42,4,8.310965528077011,1.5746176506389478,0.9196514809631157,0.19717511534690857
119400851039785600,46617053,43,4,0.5286294559030152,1.6926972270870793,-0.2768486410913228,0.22857928276062012
119400851039785600,46617053,44,4,24.735330055372373,1.478647656290598,1.3933177097384295,0.1698646992444992
119400851039785600,46617053,58,4,1.295472555040004,1.6699258917836612,0.11242821676535017,0.2226971983909607
69707907626540928,46619788,42,3,10.084441128585231,1.3841302774387223,1.0036518349734813,0.1411769688129425
68475904847290240,46620722,42,3,1.988431773023992,1.3830619963488866,0.29851069408612624,0.14084164798259735
68475904847290240,46620722,44,3,1.6181197952606237,1.2696416752663462,0.2090106708576796,0.10368116945028305
68046133239891584,46620869,42,3,0.4784199079837041,1.3998695184888872,-0.32019075680480635,0.14608755707740784
68046133239891584,46620869,43,3,1.03450172826605,1.7673614411419525,0.01473122054625008,0.2473253756761551
68046133239891584,46620869,44,3,19.766298348569325,1.4067818382453112,1.2959253462327507,0.1482267528772354
68508855836353536,46621420,42,1,4.169844826449072,1.4581588199977265,0.620119893757736,0.163804829120636
3008655553269260032,46625172,6,2,1.5660502079208447,1.3563967609567202,0.19480568152360403,0.13238674402236938
3008655553269260032,46625172,32,2,13.95755533676204,1.3011410863909636,1.1448093583496395,0.11432439088821411
68530124514310912,46628484,42,4,3.232666567682896,1.582894927185827,0.5095609117618107,0.19945208728313446
68530124514310912,46628484,44,4,31.091726186694856,1.5100666489465584,1.492644834379805,0.17899611592292786
69294010218010240,46628627,44,2,34.1893618571169,1.6747333827777138,1.5338909947855037,0.22394567728042603
69294319455655808,46628636,43,4,17.344612965681563,1.4909563842834843,1.2391646132732548,0.17346493899822235
69294319455655808,46628636,44,4,30.26115741940332,1.659051730590069,1.4808855347660568,0.21985992789268494
69409424578948608,46628798,43,2,1.833353092400891,1.3634971167471337,0.2632461154333624,0.1346542239189148
69409424578948608,46628798,44,2,11.79393320763892,1.5489725361336177,1.0716586639169456,0.19004371762275696
69470206956077056,46628967,42,3,14.18848133872047,1.5450327121162633,1.1519359133214966,0.18893767893314362
69470206956077056,46628967,44,3,2.951371049799599,1.279965863946812,0.47002381293960427,0.10719838738441467
119609655169509760,46630386,43,1,7.092771181461668,1.4613204099089132,0.8508159493830734,0.16474545001983643
71351883668034048,46632137,43,3,0.060363066747135,1.2474715149293223,-1.219228703993786,0.09603063762187958
68536549785807232,46633507,42,3,31.986830956819603,1.4240567268500943,1.504971215196919,0.15352728962898254
68536549785807232,46633507,43,3,26.256040623228404,1.234827193056674,1.4192292356480143,0.09160618484020233
68536549785807232,46633507,44,3,6.355407340782596,1.5726597415367114,0.8031433912684298,0.19663476943969727
68505110624876032,46633710,42,0,27.626176256556583,1.558537973582016,1.4413207783078807,0.19271738827228546
68505110624876032,46633710,43,0,90.3348519551842,2.1854972116218883,1.95585533715341,0.339550256729126
68505110624876032,46633710,44,0,10.8249963097198,1.588633268594441,1.0344277569728764,0.2010236531496048
68398732874994944,46634036,42,2,0.0258402203861587,1.6058718598687478,-1.5877037866489174,0.20571088790893555
68398732874994944,46634036,43,2,0.0304756903118807,1.3621201405163719,-1.516046448293825,0.13421541452407837
68506347575444096,46634442,42,2,5.250627779695456,1.7838961398166142,0.7202112319693975,0.25136956572532654
68506347575444096,46634442,43,2,0.8285078016900872,1.5761378936388222,-0.08170339766709273,0.19759421050548553
68632310376680064,46634692,43,2,22.66212753654825,1.5283217741663255,1.3553006793142175,0.18421480059623718
68632310376680064,46634692,44,2,0.7793574780282552,1.5717830308441887,-0.1082632931307846,0.19639259576797485
5241060531628414080,466451695,37,4,0.0139465788146807,1.5009504625297463,-1.8555323145501839,0.17636635899543762
71216093982249984,46674761,42,1,38.382360365498954,1.251312131281159,1.5841316786378892,0.09736565500497818
71216093982249984,46674761,43,1,11.316181622639164,1.370818956450685,1.0536999091876562,0.1369801014661789
71216093982249984,46674761,44,1,18.111292616625697,1.4176126489223824,1.257949447345221,0.1515575796365738
71452282823829632,46677421,42,1,0.0500048980371992,1.4859186336398262,-1.3009874539371014,0.17199502885341644
71021927100882560,46678194,42,2,7.02555302638637,1.5143929865035846,0.8466805160297566,0.18023858964443207
71021927100882560,46678194,43,2,9.595863707815656,1.5648552655603218,0.9820840709585759,0.19447417557239532
71021927100882560,46678194,44,2,8.581765899188131,1.3400438799130758,0.9335766632987861,0.1271190196275711
69502298951642496,46678280,44,4,2.0557199060304576,1.719141158324173,0.3129639412804264,0.23531153798103333
68513356962056704,46679024,43,1,25.46528901008312,1.3280435673760762,1.4059486094252958,0.12321232259273529
68513356962056704,46679024,44,1,16.62669507602437,1.3696458085482714,1.2208059321487958,0.1366082727909088
68222119524026112,46679585,44,2,14.874806969597298,1.2807517610451435,1.17245133859671,0.10746496170759201
68433814167849728,46679622,43,1,45.78060959087197,1.4091001450324596,1.6606815712172773,0.14894185960292816
68433814167849728,46679622,44,1,22.367615764814616,1.3733981140358245,1.3496196937359186,0.13779644668102264
68448142178730752,46679751,43,0,15.503118023825492,0.6421663010480486,1.1904190532902106,-0.19235248863697052
68610006610414976,46679921,42,2,0.5448863291135593,1.6184223674277196,-0.2636940881594325,0.20909187197685242
68610006610414976,46679921,43,2,0.1837742186737488,1.5960553419640018,-0.7357154150014367,0.2030479460954666
68610006610414976,46679921,44,2,2.2424894346885123,1.6897797335618785,0.3507304055768709,0.22783009707927704
5240822208157707648,466799461,10,3,3.205125034311811,1.177497860835193,0.505844976336109,0.07096012681722641
5240822208157707648,466799461,11,3,0.2190735216809787,1.4044484074983792,-0.6594101102656285,0.14750578999519348
5240822208157707648,466799461,37,3,0.6930253014606056,1.46854629167789,-0.15925090956692542,0.16688764095306396
5240822208157707648,466799461,38,3,0.2333364953442903,1.3500594233122007,-0.6320173294142385,0.13035288453102112
71036358190950528,46680801,43,3,43.16157448743768,1.4107875778762018,1.6350972788916396,0.14946162700653076
71036358190950528,46680801,44,3,13.462170595657154,1.7886233345001323,1.1291150897330657,0.252518892288208
5240144982036017536,467368706,10,1,13.134564485108282,1.4502867787146803,1.1184156770573765,0.16145388782024384
5240144982036017536,467368706,11,1,20.13506239674313,1.6798187839592726,1.303952979784982,0.22526243329048157
5240144982036017536,467368706,37,1,8.467995784052665,1.48788305602412,0.9277806331259384,0.17256879806518555
5240144982036017536,467368706,38,1,1.9019510087256892,1.5767972024917032,0.27919932600091213,0.19777584075927734
5240144982036017536,467368706,64,1,8.073945111911346,1.4418036382274482,0.9070857926746113,0.15890611708164215
123540271799676928,467603412,58,2,0.0776054351742646,1.6080084359051188,-1.1101078614282733,0.20628832280635834
123560853282931712,467603541,58,3,1.379840949905837,1.3592955473214805,0.13982902947435455,0.13331389427185059
138206721826797056,467605612,58,2,0.2688474468989748,1.3316459398418268,-0.570494083430685,0.12438876926898956
125313573601126656,467608233,58,2,0.0516962851716059,1.6311763456351154,-1.2865406636263144,0.2125009149312973
3415712448841620224,467615807,43,1,15.178854192261252,1.5392457698399222,1.1812389891642272,0.18730796873569489
219108276300681472,467648144,59,3,1.989733238184161,1.4553748950356997,0.29879485482657975,0.16297487914562225
170983958023614336,467678730,59,1,0.0608365290977149,1.6396192300929353,-1.2158355716852693,0.2147430032491684
169868125520651776,467761286,59,0,29.93947595094301,1.6171595528556664,1.4762441943502025,0.20875287055969238
5240643988513310592,467773418,10,1,6.279029562262138,1.3569824484805386,0.7978925277624572,0.13257423043251038
5240643988513310592,467773418,11,1,0.3968211748316862,1.3914901040770555,-0.40140516144932403,0.143480122089386
5240643988513310592,467773418,64,1,0.1014443230711325,1.3267553140933592,-0.9937722515174251,0.12279083579778671
5237089988983192064,468162154,38,2,0.1068183640871978,1.4828299963199845,-0.9713540774934797,0.17109136283397675
5308164516542077440,469171560,9,2,0.0464116699091121,1.3624223220451825,-1.3333728052231713,0.1343117505311966
5308164516542077440,469171560,10,2,0.0500552329146222,1.3406124327162325,-1.3005505134464568,0.12730324268341064
6346943657457140480,469696126,39,2,0.0720538995400545,1.5910790656179614,-1.1423425102989915,0.20169176161289215
271503235181875584,470310704,59,4,0.3811551645951624,1.5921250063607295,-0.4188981912291603,0.20197716355323792
270380290211175680,470383066,59,2,3.658283797164991,1.4918646885461677,0.5632773935301998,0.17372943460941315
258175504984188544,470406556,59,4,51.25249273967762,1.2341030542462126,1.7097149927865214,0.09135142713785172
976696316393172736,470969876,60,4,0.0418847300503196,1.5868942743905488,-1.3779442792674073,0.200547993183136
983274453943206400,470983567,60,1,0.05804909012251,1.3775000579992507,-1.2362045831238566,0.1390916258096695
986999844152694016,470987494,60,3,28.70961994372713,1.1135222084722112,1.4580274433695601,0.046698883175849915
2937373630331185792,47596872,6,4,19.35868413714179,1.2921537503405154,1.2868758337884865,0.11131419241428375
6205244749264438528,48179461,38,4,0.0180490166709584,1.5336795601583557,-1.7435464539250618,0.18573462963104248
6211292986632776320,48630780,11,4,1.8045844814916108,1.4826648057464291,0.2563772183361189,0.17104297876358032
2630280165829126656,49590130,42,0,0.0369754929575972,1.3385734211895792,-1.4320860272746223,0.12664219737052917
2900262501549317376,49609401,6,1,0.016030174746045,1.2922721532769244,-1.7950617433458285,0.11135398596525192
465192378897736576,50126660,58,3,0.2696693773528189,1.5658079450002438,-0.5691683676063222,0.1947384923696518
989790812685221888,51059487,60,4,13.837529060151244,1.6190903090033115,1.141058545948212,0.20927107334136963
989937911021233920,51094068,60,2,1.1174543970507047,1.8084790824531278,0.04822980874952041,0.25731348991394043
987407002755987328,51167301,60,0,0.0469431539723934,1.6131057921699976,-1.328427734788754,0.20766285061836243
989712476778038272,51170683,60,4,3.24452373765278,1.570774329053518,0.5111509559008148,0.19611379504203796
987354745890145152,51171406,47,4,0.0649140922175463,1.4534325970057347,-1.187661011859798,0.16239489614963531
5426190217812767360,5156358,62,3,0.7081344867358302,1.3138038621248278,-0.14988425459740018,0.11853053420782089
2893796578605149952,51997221,6,3,0.2507118443859928,1.6280413704404104,-0.6008251481719455,0.21166543662548065
2893796578605149952,51997221,7,3,0.0221651528680141,1.4857098193281058,-1.6543292691241305,0.17193399369716644
2893814896644875264,52111781,33,0,0.0225602325355819,1.7841881239726707,-1.6466564282525429,0.2514406442642212
4691426694779173376,52256020,1,1,24.64098213053441,1.4839130174487174,1.3916580137753092,0.17140844464302063
4691426694779173376,52256020,2,1,6.479145646209236,1.5678182709358834,0.8115177426608743,0.19529572129249573
4691426694779173376,52256020,27,1,1.0860204458361804,1.2938561062187672,0.03583800152377286,0.11188597977161407
4691426694779173376,52256020,28,1,41.14093348926629,1.1923512366102695,1.6142741416279773,0.07640420645475388
4691426694779173376,52256020,29,1,5.556925508518812,1.3574307991779437,0.7448345750369422,0.13271769881248474
5583279333855503488,53062654,6,1,5.505121073879343,1.4081805296550685,0.7407668748317457,0.14865833520889282
5583279333855503488,53062654,7,1,4.251505545510069,1.7464161095410138,0.6285427498909533,0.24214772880077362
5583279333855503488,53062654,33,1,11.336971276398804,1.5369095500746255,1.054497046299965,0.18664830923080444
5583279333855503488,53062654,34,1,15.35876198902576,1.5807679090315299,1.186356210291621,0.19886811077594757
5608173582779027584,53171674,6,4,3.927211233414552,1.513822306559156,0.5940842613516866,0.18007490038871765
5608173582779027584,53171674,7,4,14.43288613478159,1.5344432482467003,1.1593531853608048,0.18595083057880402
5608173582779027584,53171674,34,4,8.841592012170963,1.617797664464954,0.9465304708785138,0.20892420411109924
985895487801943936,53307021,20,2,0.0222110279471222,1.6271796223206736,-1.6534313414320725,0.2114354968070984
3105605708307826944,53417036,6,1,2.6742904424805816,1.8133663634853654,0.4272085722291691,0.2584855556488037
3105605708307826944,53417036,33,1,0.3261737789799516,1.480112366273934,-0.486550954706011,0.17029468715190887
5609087483100434816,53688674,6,2,17.99141361412436,1.8697757416769263,1.25506528789778,0.2717895209789276
5609087483100434816,53688674,7,2,3.44467248966011,1.3336959062831404,0.5371479366370048,0.12505681812763214
5609087483100434816,53688674,34,2,8.438495682400973,1.364916790102051,0.9262650325188163,0.1351061761379242
3417324783860561536,54007252,43,0,0.063555115907942,1.5220606774296643,-1.1968494849028333,0.18243196606636047
3417324783860561536,54007252,44,0,0.2732230739950143,1.4926264016836512,-0.5634826267856743,0.17395111918449402
3417324783860561536,54007252,45,0,1.406687362818179,1.629648474431091,0.14819758592799082,0.21209393441677094
3417570387270978176,54008191,43,0,4.206938272395406,1.6963543652459545,0.623966139743469,0.22951658070087433
3417570387270978176,54008191,44,0,7.450496000210736,1.4823304109576572,0.8721851859005291,0.17094501852989197
3417570387270978176,54008191,45,0,2.192857888275004,1.9308208719461275,0.3410104874286332,0.28574198484420776
3417253246885485696,54038384,45,4,5.8219315464427766,1.5095011212330927,0.7650670947515479,0.17883343994617462
3417279085408497920,54038819,43,0,5.055140624671433,1.5975419611996928,0.7037332413650719,0.20345227420330048
3417279085408497920,54038819,45,0,16.386303022777163,1.2278852923317276,1.2144809817636548,0.08915779739618301
6208136391829015936,54175032,11,0,0.1686047869274186,1.3458933045458805,-0.7731300993040943,0.1290106326341629
3417304335519678976,54186553,45,2,47.67727860917192,1.6940838371356235,1.6783114581677978,0.2289348989725113
3417281009553784320,54186572,43,1,9.56356360416396,1.8314996195670201,0.9806197505650721,0.26280683279037476
3417275718154334848,54186817,43,1,10.371200865889934,0.4552134397684425,1.0158290456112957,-0.34178492426872253
3417275718154334848,54186817,44,1,3.739205436121104,1.7235516875877055,0.5727793264333897,0.2364243119955063
3417275718154334848,54186817,45,1,15.75400054641327,1.4486443501734827,1.1973908561964095,0.16096177697181702
3417263726605650688,54186889,43,0,0.3651471870750597,1.6097869723392706,-0.43753204061334316,0.20676840841770172
3417741494472219008,54231347,43,4,87.6411596097437,1.5187623597001692,1.9427081152234589,0.18148982524871826
3417741494472219008,54231347,44,4,62.063875686319896,1.5754118317589643,1.7928388923668448,0.19739410281181335
3417741494472219008,54231347,45,4,33.33182026678483,1.6148242530322454,1.5228590313393235,0.2081252634525299
3417741498767326976,54231350,43,3,8.650078714599164,1.227136361473421,0.9370200595064929,0.08889282494783401
3417741498767326976,54231350,44,3,10.671339958142994,1.3830061435240648,1.0282189554966557,0.1408241093158722
3417741498767326976,54231350,45,3,0.5738908527770957,1.4596835158836952,-0.24117069739991634,0.1642587035894394
6013772083553731968,54245747,11,2,9.794245469657298,1.5889654199505256,0.9909709843852534,0.2011144459247589
524946502242696192,54265605,52,4,0.0593068365971546,1.5454940376343438,-1.2268952404421232,0.18906733393669128
524946502242696192,54265605,58,4,0.0628382645237995,1.6959440189062822,-1.201775817873714,0.2294115126132965
6208566369594256768,54667962,11,2,0.4600060363313335,1.1712137144690786,-0.33723646934410273,0.06863614916801453
6209499099050323968,54810190,11,2,2.802990703556214,1.7245727556137413,0.44762165737465187,0.2366815209388733
6209499099050323968,54810190,38,2,0.2923349819403416,1.686602900628305,-0.5341192121669367,0.22701284289360046
6209492506280547200,54811378,11,3,5.8746318325436455,1.2124609361710277,0.768980654245065,0.08366775512695312
6209492506280547200,54811378,38,3,0.1789145831077456,1.421816597548162,-0.7473542591805109,0.15284357964992523
3245140743257978496,55406666,31,3,0.1339793680571187,1.325218930398286,-0.8729620749846368,0.12228763103485107
5425922486731177600,5548244,62,4,44.966831568024,1.6565718115302337,1.6528922875901566,0.21921026706695557
5425922486731177600,5548244,63,4,17.36123430452887,1.4900999126337537,1.2395805982938148,0.17321538925170898
4761723524024662528,55651278,2,1,0.0819504245434249,1.4157260419026432,-1.0864487922290627,0.15097922086715698
4761723524024662528,55651278,3,1,0.0835495536365626,1.5138251633194508,-1.0780558659823865,0.1800757199525833
4761723524024662528,55651278,5,1,0.0489761439406136,0.9172691498726433,-1.3100154113558073,-0.037503212690353394
4761723524024662528,55651278,6,1,0.1071181100883655,1.392854953270833,-0.9701370982947284,0.1439058929681778
4761723524024662528,55651278,11,1,0.0443151032363356,1.4773038626921797,-1.3534482346273184,0.16946983337402344
4761723524024662528,55651278,13,1,0.104868615890527,1.4552599976477698,-0.9793544639978833,0.1629405915737152
4761723524024662528,55651278,27,1,0.0675734761688009,1.4497058351142755,-1.1702237391763033,0.16127988696098328
4761723524024662528,55651278,29,1,0.0540509036863789,1.4167804200586753,-1.2671970406056412,0.1513025462627411
4761723524024662528,55651278,32,1,0.2291998282499521,1.4425965139813066,-0.6397857121414976,0.15914487838745117
4761723524024662528,55651278,33,1,0.0512409347562466,1.5161678056637338,-1.2903829562931404,0.18074727058410645
4761723524024662528,55651278,34,1,0.1370637824757243,1.4102337789973718,-0.8630772873612601,0.14929111301898956
4761723524024662528,55651278,36,1,0.0577051990260813,1.4701036393788123,-1.238785056746856,0.1673479527235031
4761723524024662528,55651278,37,1,0.197623714364488,1.4162770895752823,-0.7041609423410742,0.1511482298374176
4761723524024662528,55651278,38,1,0.0805690480743443,2.0232782149322546,-1.0938317675276246,0.30605560541152954
4761723524024662528,55651278,39,1,0.1353447284469156,1.7500694515806599,-0.8685586549359585,0.2430552840232849
4761723524024662528,55651278,62,1,0.1251441218785954,1.7163051632800168,-0.9025895447424813,0.23459450900554657
4761723524024662528,55651278,63,1,0.1199467564464416,1.5675059757447083,-0.921011491559912,0.19520920515060425
4761723524024662528,55651278,64,1,0.1575594306245885,0.9246105903986529,-0.8025555972780147,-0.034041136503219604
4761495650239473664,55781202,27,4,19.210466462277576,1.5843692340101874,1.2835379103866094,0.19985640048980713
4761495650239473664,55781202,28,4,23.43772736773279,1.2447571297077702,1.3699154981522317,0.09508462250232697
4761495650239473664,55781202,29,4,15.030985335327848,1.5867069835203704,1.1769874510905254,0.20049673318862915
4761495650239473664,55781202,30,4,15.388084985045776,1.5482417765860428,1.1871845761553461,0.18983878195285797
4761495650239473664,55781202,31,4,9.645613858833968,1.6199248732919846,0.9843298718991201,0.20949487388134003
4761495650239473664,55781202,32,4,14.063833599724669,1.5046902106664397,1.1481037192805439,0.1774470955133438
4761495650239473664,55781202,33,4,32.37656961176902,1.5850905047128985,1.510230832138143,0.20005406439304352
4761495650239473664,55781202,34,4,4.518385045621008,1.5063654809671019,0.6549832376651562,0.17793035507202148
4761495650239473664,55781202,35,4,8.479575388782363,1.5010582031390647,0.9283741056852832,0.17639753222465515
4761495650239473664,55781202,36,4,10.189688779302164,1.5311352237250215,1.0081609196790662,0.185013547539711
4761495650239473664,55781202,37,4,7.56485340830739,1.510623525355255,0.8788005166843834,0.17915624380111694
4761495650239473664,55781202,38,4,2.8340047211157424,1.557139206648184,0.4524005693951422,0.19232743978500366
4761495650239473664,55781202,39,4,11.381423669162768,1.4545396614873023,1.05619659008978,0.162725567817688
5155187986271622912,55893164,31,3,0.1034654626863738,1.3409137535401858,-0.9852045957904682,0.12740084528923035
3185678437170300800,55935823,32,2,0.1764659191419966,1.5658603812210103,-0.7533391574588678,0.194753035902977
62104028807382784,5612334,42,1,8.121620338175076,1.4974359900942944,0.9096426836409132,0.17534826695919037
62104028807382784,5612334,43,1,34.48288077628673,1.4589628923664766,1.5376035405918693,0.16404424607753754
5426782167383257344,5621550,62,1,35.18348329906875,1.4318315412769234,1.5463388340605138,0.15589192509651184
149868833642016128,56519805,43,0,0.0444560534561411,1.5342115593555872,-1.352069094005358,0.1858852505683899
149868833642016128,56519805,44,0,0.0686847632360699,1.5211882170656825,-1.1631395944748668,0.18218295276165009
163246832135164544,56549399,43,1,0.1656644022501062,1.3439090168182435,-0.7807708021855535,0.12836986780166626
163246832135164544,56549399,44,1,0.1065613700379966,1.2700929365922151,-0.972400204501505,0.10383550077676773
163233981593016064,56551765,43,4,0.0193441936641697,1.4098797772100604,-1.7134493685273882,0.14918208122253418
163178353176600448,56624850,44,2,1.2378223259557617,1.4046780917080748,0.09265831157052018,0.14757680892944336
163181342473839744,56624853,19,2,11.099066752109554,1.377663410922426,1.0452864633408656,0.13914312422275543
163181342473839744,56624853,43,2,0.2491014358648398,1.5508182642511879,-0.6036237691058883,0.19056090712547302
163181342473839744,56624853,44,2,1.0065657386550275,1.49565482199298,0.0028421438573707236,0.17483137547969818
163184366130809984,56624881,43,0,1.9935557449484975,1.5672872555530255,0.29962838415945675,0.19514860212802887
163184366130809984,56624881,44,0,0.4288395156699776,1.506599064470252,-0.3677052031503603,0.17799769341945648
163184366130809472,56624887,19,0,41.55588877151222,1.63621116614532,1.618632575166074,0.2138393521308899
163184366130809472,56624887,43,0,41.73988466366796,1.6529375425159476,1.6205512446814772,0.21825644373893738
163184366130809472,56624887,44,0,58.84693301616953,1.6975727199979378,1.7697238332140675,0.2298283874988556
164738521519622656,56625009,19,3,0.0845827545258427,1.6748278531312746,-1.0727181757049076,0.2239701747894287
164738521519622656,56625009,43,3,0.3053274915654025,1.195811569958888,-0.5152340902390844,0.07766275107860565
164738521519622656,56625009,44,3,0.2393201237234002,1.5434325814988534,-0.6210207813089478,0.18848766386508942
163183644576299264,56627416,19,4,1.2728187752198543,1.9307305107452295,0.10476657291935457,0.28572165966033936
163183644576299264,56627416,43,4,0.3114992791200167,1.5564623764471346,-0.5065429540595825,0.19213862717151642
163183644576299264,56627416,44,4,0.2951120268299921,1.5503010919859563,-0.5300130911456945,0.19041605293750763
163178387536338944,56627467,43,0,0.2541312957406446,1.4070663607349942,-0.5949418491938336,0.14831458032131195
163178387536338944,56627467,44,0,0.757808219582367,1.4058478660177982,-0.1204406884514902,0.1479383260011673
163177116226018944,56627488,43,0,0.0877914241610994,1.5616671159637587,-1.0565479057501141,0.1935884654521942
163177116226018944,56627488,44,0,0.4133984878920594,1.6717245003914267,-0.3836311162460689,0.22316470742225647
162758236656524416,56628394,43,3,0.0348562187055777,1.4495774091932336,-1.4577197280801184,0.16124141216278076
162758236656524416,56628394,44,3,0.0251102413871639,1.1936692370878064,-1.6001491123524143,0.07688400149345398
162757545164429696,56628414,43,2,0.2321439714269304,1.6248055460124464,-0.6342425900939236,0.2108013927936554
162757545164429696,56628414,44,2,6.340947628255905,1.5844586613599767,0.8021541662364181,0.199880912899971
162933230804130432,56655841,44,0,0.0829873954563104,1.5559867256062148,-1.0809878654488172,0.19200588762760162
163179521407696384,56656359,44,3,0.1597646849268084,1.3383768635719162,-0.796519212734068,0.1265784204006195
164684340508950144,56658816,19,1,21.656323348850055,1.4579226920117214,1.335584727227399,0.16373449563980103
162967384383246336,56659140,44,1,36.475133185775995,1.3588455083662874,1.5619968863569074,0.13317008316516876
3481965141177021568,57528302,10,1,3.981324026916719,1.4596346352248535,0.6000275248273201,0.1642441600561142
3481965141177021568,57528302,36,1,9.24476884398636,1.3836483260996164,0.9658960565404873,0.14102572202682495
3414676232147787136,5800708,44,0,0.2584926915048439,1.6372587435356032,-0.5875517314249227,0.21411731839179993
3414676232147787136,5800708,45,0,12.528535101302252,1.6243070590591888,1.0979002940896636,0.21066813170909882
3395636917001953792,5805037,43,4,35.59782019511521,1.5661518210683698,1.5514234051016105,0.19483385980129242
3395636917001953792,5805037,44,4,25.795242517546377,1.5545893949459644,1.4115396153082629,0.19161570072174072
164676575208109568,58108583,19,4,70.45174675916189,1.580354723485183,1.847891765344038,0.19875457882881165
164676575208109568,58108583,44,4,0.9607396686178123,1.623033137276562,-0.017394277055025924,0.2103273868560791
164698634160139264,58177093,19,4,0.8664893925540283,1.580275450199285,-0.06223674949184157,0.19873279333114624
164698634160139264,58177093,43,4,0.0521075336022056,1.7117748558200794,-1.2830994827400133,0.2334466427564621
164698634160139264,58177093,44,4,0.9063456024284752,1.5928464740096653,-0.04270616809841508,0.20217391848564148
164506116546058112,58229113,43,3,8.977220163032502,1.410580077460213,0.9531418762269624,0.14939774572849274
164513022853468160,58229181,19,4,48.3747257112922,1.614624857190499,1.684618515548209,0.20807163417339325
164513022853468160,58229181,43,4,1.184571264614345,1.5464778561698866,0.07356119329666054,0.18934370577335358
164513022853468160,58229181,44,4,37.03940812961081,1.519077452744698,1.568664038266437,0.18157991766929626
164705368668853120,58229237,43,2,1.2859287097884775,1.3743240145117839,0.1092168925355755,0.1380891352891922
164518589131083136,58231482,19,3,4.88711583182205,1.551934115589849,0.6890526325671503,0.19087328016757965
164518589131083136,58231482,43,3,4.610833065103112,2.6570890597219687,0.6637793989019171,0.42440611124038696
164518589131083136,58231482,44,3,1.0154183613913927,1.2329954633023401,0.006645012307569839,0.09096147865056992
164513602672978304,58231504,44,4,0.0347327160398541,1.533591893790086,-1.4592612542648145,0.18570980429649353
164507353496637952,58231519,19,2,6.052514994194695,1.3278874192791548,0.7819358740142992,0.12316125631332397
164507353496637952,58231519,43,2,0.1962374426517453,1.6652272726540518,-0.7072181244504282,0.22147351503372192
164507353496637952,58231519,44,2,4.28303251792132,1.5717200960873645,0.6317513716882298,0.19637520611286163
150393571269837184,58281558,43,2,8.019484863686378,1.3341581694033384,0.9041464720193629,0.12520731985569
150393571269837184,58281558,44,2,0.0186077900595003,1.6541536597582225,-1.730305202471328,0.2185758501291275
164502062096975744,58285782,19,2,84.38568433043064,1.345268691090058,1.9262687766774211,0.12880903482437134
164502062096975744,58285782,44,2,0.779113354701945,1.3731780676018175,-0.10839935139015132,0.13772685825824738
164513538249595136,58285785,43,2,1.8174799585798125,1.826213041027096,0.25946963057581507,0.2615514397621155
164513538249595136,58285785,44,2,0.1783665776718084,1.7743257759753785,-0.7486865204337958,0.2490333616733551
164832740220756608,58287935,19,0,66.74366315734817,1.6564206268148247,1.824410038779138,0.21917062997817993
164832740220756608,58287935,43,0,14.550581764201748,1.6816497426319108,1.1628803577158526,0.22573554515838623
164832740220756608,58287935,44,0,17.036694106188172,1.350136505566229,1.2313853257164888,0.13037768006324768
164832740220756608,58287935,59,0,10.889766820843906,1.4854426246791448,1.0370185804440217,0.1718558818101883
164598303725828608,58288478,43,2,2.223209974211058,1.3523382168829456,0.3469804821928072,0.1310853213071823
164598303725828608,58288478,44,2,6.3281354737235,1.5921764118621171,0.8012757680339904,0.20199118554592133
164504467278644096,58288494,19,3,0.5304784528000462,1.2497476073459146,-0.27533225176280635,0.09682231396436691
164504467278644096,58288494,43,3,1.0555706866459644,1.3342346642223057,0.023487321293495407,0.12523221969604492
164504467278644096,58288494,44,3,6.8704873831359095,1.3431608416813852,0.8369875464188817,0.1281280219554901
164436297557793280,58315672,43,1,1.6869199675352748,1.4079165055457905,0.22709447886518142,0.14857690036296844
164436297557793280,58315672,44,1,0.1752122926914453,1.4037192669390484,-0.7564354275013777,0.1472802609205246
164422961683000320,58315753,43,3,0.071127361187996,1.4342094837362154,-1.1479633032485919,0.1566125899553299
164422961683000320,58315753,44,3,4.347179063764174,1.1485232078590568,0.6382075294945033,0.06013977527618408
150360590217078016,58317850,43,2,4.529660532006588,1.3480890676823387,0.6560656557433839,0.1297185868024826
150360590217078016,58317850,44,2,2.3116643891586026,1.4811555917938064,0.36392478281234986,0.17060068249702454
164423034699251968,58321924,43,2,0.0523927882453245,1.3675402096875557,-1.2807284886042274,0.13594010472297668
164445437248152832,58366488,19,0,15.69921776601535,2.1107445719589837,1.1958780136597786,0.32443568110466003
164445437248152832,58366488,43,0,1.0488599322948955,1.5205688552086831,0.02071749515925305,0.1820060908794403
164445437248152832,58366488,44,0,0.0962826980996847,1.7048815915470665,-1.0164517481291797,0.23169422149658203
152362491654557696,58367096,43,3,0.1536700396172936,1.5158737565058171,-0.8134107967631902,0.18066303431987762
152362491654557696,58367096,44,3,7.456151700575354,1.3822158567284926,0.8725147354581243,0.14057587087154388
152416436443721728,58372772,43,4,1.7007793445313166,1.544354255617909,0.23064797283153662,0.18874692916870117
152416436443721728,58372772,44,4,14.963614851990254,1.5549064791370737,1.17503652137808,0.19170427322387695
165259178932295552,58429869,43,4,1.5559127331021898,1.6583729933443796,0.19198523494480602,0.2196822166442871
165259178932295552,58429869,44,4,0.1298054039408757,1.5743258237876983,-0.8867072270052172,0.1970946192741394
152511475478780416,58467184,19,2,0.3643144137732113,1.6702436919986328,-0.43852364594629356,0.22277984023094177
152511475478780416,58467184,43,2,0.226963831620207,1.4674295232474899,-0.6440433453587222,0.16655725240707397
152511475478780416,58467184,44,2,0.1884491931756851,1.503236663737239,-0.7248057175940416,0.1770273596048355
164536250037820160,58467533,43,0,0.1356632788523026,1.4897039858251058,-0.867537690659957,0.17309997975826263
164550882989640192,58467639,43,0,2.3478512824235676,1.8887893086534278,0.37067058436931405,0.27618351578712463
164550882989640192,58467639,44,0,1.2842673798014446,1.5065587443066053,0.10865545167945136,0.17798607051372528
149525098819498752,58473715,43,4,3.8902507706539446,1.5425057415037198,0.5899775974185021,0.18822678923606873
149525098819498752,58473715,44,4,12.082976684529129,1.485837571865006,1.0821739374651256,0.17197133600711823
165267730210427648,58540528,59,3,36.92379166398108,1.4447611147193764,1.567306291871547,0.15979604423046112
149623711269425408,58544652,43,0,60.03001433371796,1.6986767191662977,1.7783684470549221,0.23011073470115662
149623711269425408,58544652,44,0,8.139560347988937,1.4088295194505804,0.910600947444611,0.148858442902565
6010508698689256064,58583881,12,0,18.827439825546623,1.233050736733963,1.2747912682253228,0.09098094701766968
152029992465874560,58601266,44,4,25.870221287318657,1.4461285461534226,1.412800143577401,0.1602068990468979
152226491513195648,58606534,43,0,8.53282134348559,1.5925706122792103,0.9310926526582304,0.20209869742393494
152226491513195648,58606534,44,0,4.824495323636979,1.549288315199781,0.6834518897786713,0.1901322454214096
152118881108855680,58606664,43,0,0.1993543564360405,1.310144809982651,-0.7003742693797629,0.11731930077075958
152916508075102592,58638171,19,4,0.0121434434113609,1.4563573608019962,-1.915658146662215,0.16326795518398285
152917298349085824,58638214,19,1,63.85276824154134,1.5400007105929683,1.805179730197165,0.18752092123031616
152917298349085824,58638214,43,1,11.715698716953938,1.5191164921431668,1.0687681947570171,0.18159107863903046
3414671383128459136,5884824,43,2,0.913553293204644,1.5734579019730328,-0.0392661124936077,0.19685512781143188
3414671383128459136,5884824,44,2,2.294430303983099,1.6838536873475485,0.36067487002576715,0.22630435228347778
6010706473346764416,59017926,12,1,0.829173416462838,1.3862974266212884,-0.08135462996043227,0.14185641705989838
2035038900276000000,59025325,14,3,26.17573140903872,1.5392349431398997,1.417898825688859,0.18730491399765015
2035038900276000000,59025325,41,3,29.060636408526253,1.1846967550304077,1.46330512082521,0.0736071988940239
2035038900276000000,59025325,55,3,101.95841526462544,1.4360048317725276,2.008423076628761,0.15715590119361877
5511623576958199424,59535615,33,0,5.562759188699043,1.6654913758730823,0.7452902597821282,0.2215423882007599
5511623576958199424,59535615,35,0,1.0548132690357972,1.649914321455363,0.02317558436825012,0.21746139228343964
5510237706972009600,59607121,61,4,0.0653347409603776,1.5056311617056448,-1.1848558264539149,0.17771859467029572
5510237706972009600,59607121,62,4,0.0661515668612884,1.4650156528125364,-1.1794598646865708,0.16584226489067078
5510258155314499200,59656642,62,1,1.1647251675775194,1.4661175050373874,0.06622345988091907,0.16616877913475037
2937742585201191040,59955531,6,0,0.0181449586662921,1.6323124357105085,-1.7412440167729701,0.21280328929424286
5510379891868246528,59968460,62,2,9.64210564699727,1.635453390741911,0.9841718856676875,0.21363817155361176
5511956351024205568,60140517,7,1,9.694791148975716,1.3897398242458685,0.9865384576824532,0.14293350279331207
5511894400416216192,60325846,61,0,9.884422549223046,1.4233101298330992,0.9949513027836024,0.15329954028129578
2320972018629984384,609990051,29,0,4.938550716273963,1.5331349100827387,0.6935995180995264,0.18558037281036377
2320989851334122752,609990227,29,4,1.5395456991980188,1.5745917719147946,0.18739258483711269,0.19716797769069672
67680850564641792,61116955,42,2,0.0441649134091914,1.690058110577884,-1.3549226167146156,0.2279016375541687
67680850564641792,61116955,44,2,0.0719683485471358,1.8906080091625017,-1.1428584629244973,0.27660149335861206
64985127228608128,61139406,42,4,0.1854666604749181,1.6077437943117143,-0.7317341478984438,0.20621684193611145
64985127228608128,61139406,44,4,0.3018728867454251,1.6947957981260002,-0.5201758921628413,0.22911737859249115
64984951133439232,61139416,42,0,2.834539931908264,1.4200435194512828,0.45248257954369553,0.15230165421962738
64984951133439232,61139416,44,0,32.63417763310537,1.3695248508708375,1.513672673140333,0.13656991720199585
64971933089093760,61139634,42,3,5.61208841948915,1.4533021455449477,0.7491245047999661,0.1623559147119522
64971933089093760,61139634,44,3,1.2895164381742172,1.2562334773971753,0.11042688269951077,0.09907036274671555
64971177174850304,61139640,42,2,0.0700226891385882,1.7122612931865235,-1.1547612146846087,0.23357003927230835
64964717544035200,61139677,44,0,2.0590878115879043,1.5129834314552675,0.31367486787829807,0.17983417212963104
64950488315122560,61139947,43,4,8.648878606514627,1.7070882201091966,0.936959801502503,0.2322559654712677
63485427727244544,61141737,43,4,3.9883727964600553,1.5212110259187261,0.6007957453965428,0.1821894645690918
63485427727244544,61141737,44,4,19.487859401275863,1.8780996221303703,1.2897641376671531,0.27371862530708313
63296380446670080,61141798,44,4,3.882303398686578,1.4936356031620937,0.5890894721205117,0.17424465715885162
51020711079738496,61143140,42,3,4.038639123987644,1.5048656002325418,0.6062350481531966,0.1774977147579193
51020711079738496,61143140,43,3,4.545480129199667,1.2428681529074546,0.657579763564368,0.09442505985498428
63094894941091328,61144438,42,2,1.7207246236732767,1.3952306840601871,0.23571137353018415,0.14464601874351501
63102694601689728,61144513,43,3,1.7049955600028892,1.2935831800684103,0.23172325237909977,0.1117943599820137
63995562466405760,61145331,44,2,38.585042362940825,1.3436043490782272,1.5864189814029048,0.12827140092849731
64024081049308800,61145396,42,3,9.714058534975065,1.5570209765181828,0.9874007161166423,0.19229446351528168
64024081049308800,61145396,43,3,6.420872279607894,1.2616488148579752,0.8075940312600258,0.10093848407268524
64808483812941440,61145620,43,3,3.158603498877919,1.50562692559166,0.4994951121169237,0.17771737277507782
64808483812941440,61145620,44,3,4.469033558068878,1.1535259393970851,0.6502136157991862,0.06202736496925354
64905618794174720,61145677,42,0,11.532525748513182,1.2006567528918028,1.0619244329247621,0.07941886782646179
64905618794174720,61145677,43,0,25.513380892448833,1.5173732071179549,1.406768012731485,0.18109241127967834
64905618794174720,61145677,44,0,9.11349967334382,1.744437301355123,0.9596851823471156,0.2416553646326065
64951111087777536,61145683,42,2,36.918512528723085,1.5523310822266196,1.5672441946945768,0.1909843534231186
64951111087777536,61145683,44,2,81.23786639971271,1.5586086160477415,1.9097585087381934,0.19273707270622253
64960663095015680,61145765,42,2,3.097808444748081,1.6532970932891553,0.4910545593363779,0.21835090219974518
64960663095015680,61145765,43,2,20.87093284777933,1.3521521179423688,1.3195418607371847,0.1310255527496338
64960663095015680,61145765,44,2,10.149552518824242,1.3372759859232,1.0064468951665324,0.12622104585170746
64977705525131904,61145832,42,3,4.486698511601046,1.4714988435602363,0.6519268876415936,0.16775992512702942
64977705525131904,61145832,43,3,0.2344458310413678,1.1906381750872075,-0.6299574855603504,0.07577980309724808
64977705525131904,61145832,44,3,0.4396942286777135,1.7409268859933895,-0.3568492347893722,0.2407805323600769
64979732749686016,61145874,43,2,0.028468597645594,1.435538606379363,-1.545633925539395,0.1570148766040802
64979732749686016,61145874,44,2,0.0226890002799331,1.3656715546280076,-1.6441846395259763,0.13534626364707947
64980278208557696,61145876,42,0,4.455703133745271,1.2456217339094944,0.648916247769092,0.09538617730140686
64980278208557696,61145876,43,0,1.2573326006331964,1.6029352168806663,0.09945017626419746,0.20491597056388855
64980278208557696,61145876,44,0,3.921371941238157,1.6797300259645689,0.5934380369868794,0.22523948550224304
64980832261312640,61145889,43,1,31.522200002306818,1.433958734370505,1.4986165202236037,0.15653665363788605
64980832261312640,61145889,44,1,7.268519388986582,1.4656731847342264,0.8614459532688264,0.16603714227676392
65003612767943040,61145896,43,4,7.179319278134445,1.6697612279012766,0.8560832676733535,0.22265437245368958
65003612767943040,61145896,44,4,52.53575446191717,1.5573591823857909,1.720454973507883,0.19238878786563873
65004437401569664,61145907,43,4,3.117490622076408,1.4292127228645781,0.49380515572344513,0.1550968736410141
65004437401569664,61145907,44,4,7.71940771130215,1.5094277844349746,0.8875839794055417,0.17881233990192413
65005262035285888,61145940,42,3,0.8569863113443102,1.7167329235737314,-0.06702611501391914,0.23470273613929749
65005262035285888,61145940,44,3,12.398131995948042,1.1814947476174724,1.0933562557295984,0.07243179529905319
65199222758514048,61146010,42,0,10.096166232039316,1.4343383198271857,1.0041564925600293,0.1566516011953354
65199222758514048,61146010,43,0,5.662363022803144,1.63472524467514,0.7529977092089197,0.2134447693824768
65210389673469312,61146063,44,2,1.8211948732371592,2.1444007521385173,0.2603564190752332,0.33130595088005066
53864804065393536,61146291,43,3,7.240958652907185,1.5290739278712422,0.8597960675930473,0.18442848324775696
6212203936312947584,61393918,11,0,0.0435980169032868,1.3124711936529865,-1.3605332645742272,0.11808978021144867
6226863415611316864,61530691,11,3,41.33668153398405,1.4368013218087032,1.616335608979072,0.15739671885967255
5380716164932441600,61702454,10,1,0.0367952986271227,1.5287028925576862,-1.4342076680311726,0.18432308733463287
3417501869656406528,62183989,43,2,29.62781273537352,1.5443019567209075,1.4716995910001136,0.18873222172260284
3417501869656406528,62183989,44,2,4.952226357754421,2.7976559273114514,0.6948004873200078,0.4467943012714386
3417531079730520320,62636392,43,0,0.3500336042817985,1.789048432228975,-0.4558902600680398,0.2526220977306366
3417531079730520320,62636392,44,0,0.3246085324878592,1.614893014017763,-0.488640068725154,0.20814375579357147
3417531079730520320,62636392,45,0,1.5281371898796412,1.6607455156296425,0.1841623451645147,0.22030308842658997
3417585849153289600,62637242,43,0,84.59769355973089,1.6333348199232327,1.9273585227560894,0.21307522058486938
3417585849153289600,62637242,44,0,8.148996509856316,1.6166223091904137,0.9111041317995608,0.20860856771469116
3417585849153289600,62637242,45,0,0.5398665114887005,1.5044022588329338,-0.26771361145585787,0.17736397683620453
2175448287444715008,63321495,56,0,0.3268362562137398,1.139695046232452,-0.4856697728245111,0.05678866058588028
65078929312363392,640609656,42,4,16.664443622390507,1.5319240308402615,1.221790818401031,0.18523722887039185
65078929312363392,640609656,43,4,31.910785957859865,1.5314469460468392,1.503937500933027,0.1851019561290741
65078929312363392,640609656,44,4,21.792544304375816,1.513971280812443,1.3383079375819373,0.1801176369190216
68544177647936768,640699677,42,3,23.53202530363668,1.3647667020460332,1.3716593067060545,0.1350584179162979
68544177647936768,640699677,43,3,5.424716706439222,1.3033420275454406,0.7343770630656907,0.11505839973688126
70146853284493312,640740397,43,2,43.909492587856846,1.6725185355251262,1.642558418485233,0.22337093949317932
2172653294535244544,64775249,56,3,0.1169684087902668,1.3056728177230668,-0.93193141808848,0.11583436280488968
2172653294535244544,64775249,57,3,0.1942577923649171,1.2359698037582612,-0.7116215510948327,0.09200786054134369
5164508305822021248,651901104,31,4,0.0277263458233388,1.515540555867475,-1.5571073642242792,0.18056756258010864
2332954427629986048,65261283,29,1,7.260108548472905,1.3949448694634623,0.8609431140403666,0.14455704391002655
2333161479413305984,65261349,29,1,6.0902455530810595,1.385044926799087,0.7846348033386601,0.14146386086940765
2333385333109198208,65262849,29,2,6.854833187331295,1.594514957786949,0.835996890678703,0.20262859761714935
2332965216587822464,65263058,29,2,0.0779802496356702,1.6983581707580822,-1.1080153788528224,0.23002928495407104
247999421789789952,65280220,58,2,10.179155341996868,1.5285135014982627,1.007711742094151,0.1842692792415619
248238187611328768,65570080,59,2,11.258913719953622,1.511541321604437,1.0514964910315268,0.17942002415657043
247893387636884480,65747524,59,3,10.85435037433075,1.2414846472955705,1.035603836331581,0.0939413532614708
247971315522875136,65748330,59,2,0.0462430099867639,1.3597728418586854,-1.3349539051650072,0.13346636295318604
151106780653458944,660470993,43,4,31.75438987701041,1.5423079726729276,1.5018037727011926,0.18817110359668732
151106780653458944,660470993,44,4,84.69530277941152,1.6075016994767177,1.9278593249287046,0.20615144073963165
2393862836322877952,66437682,29,1,0.0935880316693215,1.5283838102196663,-1.028779686649836,0.1842324286699295
6040402598781896704,66816152,65,1,12.70965531564672,1.4459463588890449,1.1041337726985827,0.16015218198299408
6043151824525797376,66922964,12,2,0.1869759173321409,1.592159913847659,-0.7282143273848604,0.20198668539524078
6072379626754219648,66944319,10,4,6.1043652238611585,1.3344209069290052,0.7856405095409444,0.1252928376197815
6072379626754219648,66944319,11,4,3.3920467374801615,1.4642620010377139,0.5304618275734422,0.16561879217624664
6072379626754219648,66944319,64,4,0.8459712061590492,1.7384114849666479,-0.07264441854377578,0.24015258252620697
6042740469730660096,67174408,12,3,0.0192171331574789,1.3762485650087395,-1.716311400577585,0.13869687914848328
6041996993724872576,67271271,12,3,2.6430673826929048,1.5522457583201772,0.42210823523109436,0.19096048176288605
6075501415129209984,67318521,64,2,32.03332765712942,1.855752512439086,1.505602055993287,0.2685200572013855
6072328705619124864,67321241,11,1,0.0098329327797545,1.3757478330797572,-2.0073169297671387,0.13853883743286133
6072024999891475200,67326261,10,0,0.6495312351484581,1.2526520673049586,-0.18739995940782245,0.09783045947551727
6072024999891475200,67326261,11,0,8.957226317597954,1.5236761870097646,0.9521735474468213,0.18289268016815186
6072024999891475200,67326261,37,0,24.171876042360832,1.631910861895753,1.3833103584435082,0.21269643306732178
6072024999891475200,67326261,38,0,13.468473172130045,1.6652188165575763,1.12931836554463,0.22147130966186523
6071185037402269056,67416383,11,3,0.6836657038556382,1.0319236626414128,-0.16515620597071773,0.013647571206092834
6071185037402269056,67416383,37,3,0.1667666761015104,1.110958161926799,-0.7778907272659926,0.04569770395755768
6071185037402269056,67416383,38,3,1.414083695191643,1.4253394190083088,0.15047511475380723,0.1539182960987091
3416299661066003584,6743104,43,4,2.262987575026033,1.637472452121402,0.3546821694596135,0.21417400240898132
3416299661066003584,6743104,44,4,1.9568595124076211,1.4971187595299555,0.29155964774475274,0.17525625228881836
3416299661066003584,6743104,45,4,2.3911669094955665,1.634007178032288,0.3786098920266592,0.2132539600133896
3416299557986788608,6743108,43,2,77.218291936846,1.3979948686312775,1.8877201908310661,0.14550557732582092
3416299557986788608,6743108,44,2,11.050857191478,1.3550400662473638,1.0433959666265797,0.13195213675498962
3416299557986788608,6743108,45,2,86.53072254701603,1.854754259785342,1.9371703301668048,0.2682863771915436
6071087597518919040,67699049,10,4,0.3444877443123881,1.5813323564906094,-0.46282622418358366,0.19902315735816956
6071087597518919040,67699049,11,4,1.0194390575619752,1.5123528807850115,0.008361268607896384,0.179653137922287
6071087597518919040,67699049,64,4,6.217839526507428,1.5293021648196596,0.79363950933605,0.1844933032989502
336409949186470400,67713605,58,1,0.0793910647229388,1.4990998404580542,-1.1002283736420053,0.17583055794239044
6042061899270749440,67761918,12,4,0.0133710167277347,1.5164517657302656,-1.873835567872171,0.18082860112190247
65233788655261568,67768165,42,1,0.0641800713147293,1.482035296724637,-1.1925998046668749,0.17085854709148407
65233788655261568,67768165,44,1,0.0407566058308147,1.3833712919381498,-1.3898019907678096,0.14093875885009766
65232757863112192,67768181,42,2,1.6843954449426628,1.6325751837443243,0.2264440583009815,0.2128731906414032
65232757863112192,67768181,43,2,13.35967243210218,1.6271699078475714,1.1257958097357457,0.21143290400505066
65232757863112192,67768181,44,2,8.74521062703488,1.3769548849661777,0.9417702738555653,0.13891971111297607
65232105028172160,67768213,43,0,0.0213026718891156,1.1395170378318205,-1.6715659217290872,0.05672082304954529
65184894747573376,67768229,43,4,3.721349113998501,1.4005304395591456,0.5707004147597593,0.1462925523519516
65184894747573376,67768229,44,4,22.402950075952287,1.5040285921271128,1.3503052110728977,0.17725609242916107
65086591535491584,67768258,43,2,0.028054941132178,1.7376563990723675,-1.5519906382418314,0.23996390402317047
65086591535491584,67768258,44,2,0.031310815169013,1.558766383302825,-1.5043056254908564,0.19278103113174438
65089473457126784,67768260,43,0,0.0459831772597413,1.4106798306736021,-1.3374010239605978,0.14942845702171326
65089473457126784,67768260,44,0,7.06004594995649,1.5384456970516098,0.8488075276449492,0.1870821714401245
65089336018173440,67768262,42,1,0.0169582678030129,1.4461478974564284,-1.7706185106885413,0.1602127104997635
65089336018173440,67768262,43,1,0.1018309995820253,1.4944715449429768,-0.9921199931387572,0.1744876503944397
65084358152509440,67768296,43,3,0.5427701670490035,1.4566896449547182,-0.2653840310234582,0.16336703300476074
65084358152509440,67768296,44,3,0.1776269533237868,1.1318707649645696,-0.7504911331991532,0.05379684269428253
65062917675789184,67768398,42,2,34.715223270946304,1.4777775678185894,1.5405199627663624,0.16960906982421875
65062917675789184,67768398,43,2,23.43954991811919,1.5087232387651999,1.3699492681841974,0.17860957980155945
65062917675789184,67768398,44,2,40.46843985053547,1.8521307607256248,1.6071164616842764,0.2676716446876526
65056526764528128,67768459,42,1,37.710911719792314,1.4521363319376839,1.5764670322753733,0.1620073914527893
65056526764528128,67768459,43,1,1.9742195342010125,1.50878070022172,0.2953954447828711,0.17862612009048462
63576446674056320,67769031,44,0,6.125583236636757,1.5988512810275375,0.7871474455906953,0.20380806922912598
63547270960574336,67769172,42,3,1.5095969392854434,1.2853551188156567,0.17886100662376012,0.10902313143014908
63547270960574336,67769172,43,3,5.400227155680183,1.4522449534709503,0.7324120284125136,0.1620398759841919
63547270960574336,67769172,44,3,10.566969979375704,1.371899716131252,1.0239504736001652,0.13732236623764038
45022222315428608,67785558,42,1,0.3253872078058122,1.5339523788038048,-0.4875995248120399,0.1858118772506714
45022222315428608,67785558,43,1,0.3700314003591461,1.3573348113561667,-0.4317614207327838,0.13268698751926422
45022222315428608,67785558,44,1,1.774930593674274,4.039295253470047,0.2491813752087967,0.6063055992126465
57036757670988288,67785604,42,2,4.01122534101544,1.3581344979217211,0.6032770602889538,0.1329427808523178
57036757670988288,67785604,43,2,1.7548467385656894,1.5209463703142803,0.24423919288064871,0.1821139007806778
57036757670988288,67785604,44,2,4.48746515495934,1.5535486036623352,0.6520010893150365,0.191324844956398
63546038305742720,67786361,44,4,47.826461175435014,1.5086727159051974,1.6796682472980724,0.17859503626823425
64822017259193600,67786960,43,2,5.526196428937519,1.3810403947973788,0.7424263178746464,0.14020638167858124
64870296982175488,67787123,42,2,26.49908756747821,1.4954364811214513,1.4232309203054323,0.17476797103881836
64870296982175488,67787123,43,2,0.9994270982507032,1.4002346511851562,-0.0002488793669137991,0.14620082080364227
64870296982175488,67787123,44,2,9.51810770275138,1.3891386637384262,0.9785506147772972,0.14274559915065765
65058760147520000,67787155,42,1,44.37756786694453,1.5306066545303028,1.6471634968390003,0.1848635971546173
65058760147520000,67787155,43,1,2.8025478804627633,1.4685012458782927,0.4475530410861499,0.16687431931495667
65058760147520000,67787155,44,1,6.442145260949137,1.305887580302166,0.8090305132991634,0.11590579152107239
65072435323295872,67787249,42,0,0.153228794566703,1.520365448122756,-0.8146596149490939,0.1819479912519455
65072435323295872,67787249,44,0,0.2161945213852959,1.6193844328625095,-0.6651553157586645,0.20934996008872986
65179946945247488,67787307,43,4,19.116615846005892,1.4317177657052944,1.2814110129668719,0.1558574140071869
65181527493208192,67787319,44,3,0.9361806572577194,1.6377389527680046,-0.02864033621970569,0.21424467861652374
65181115176348544,67787333,42,3,11.982657373494128,1.4803001281795212,1.078553141481166,0.17034977674484253
65181115176348544,67787333,43,3,4.678705663933051,1.3195750574806782,0.6701257247069387,0.12043409794569016
65181115176348544,67787333,44,3,11.739780934390946,1.1479478098871132,1.0696599930041992,0.05992214381694794
65241863193865856,67787441,44,1,8.172863111106976,1.4555552737695012,0.9123742248959517,0.16302870213985443
65194584193758336,67787504,42,2,0.0971649988703798,1.8948754908370968,-1.0124901500425427,0.2775806784629822
65194584193758336,67787504,43,2,0.0408015828958472,1.3506840829734859,-1.389322988145487,0.13055378198623657
65170016980919808,67787604,42,2,13.768007494696974,1.1546352739438424,1.138871093730359,0.06244482100009918
65170016980919808,67787604,44,2,14.150236606865947,1.3758368618509524,1.1507637017823693,0.13856694102287292
65167577439502592,67787656,42,3,3.613472278491752,1.2002067095580475,0.5579247272858655,0.07925605028867722
65167577439502592,67787656,43,3,4.426903210800934,1.3763925013147775,0.6461000267282081,0.13874229788780212
65167577439502592,67787656,44,3,11.716859544863022,1.2282645227501476,1.0688112238748908,0.08929190784692764
65163110673516928,67787704,43,1,3.5276764025367853,1.4452062855682728,0.5474887399977018,0.15992984175682068
65163110673516928,67787704,44,1,5.039221112377473,1.4136759036038984,0.7023634148706758,0.15034985542297363
65161976802151680,67787715,43,3,0.1360309907784286,1.4727109241093066,-0.8663621387562063,0.16811750829219818
64866654848374144,67787866,43,4,2.9458731209491766,1.5978738918349995,0.4692140378025158,0.20354250073432922
64866654848374144,67787866,44,4,30.302224155906043,1.563727870382644,1.481474506495259,0.19416117668151855
64864593265614464,67787912,42,3,44.59690754564508,1.3077502391178544,1.6493047447564146,0.11652480810880661
64864593265614464,67787912,43,3,0.9718120288603082,1.5099424084353357,-0.012417729644977834,0.178960382938385
64864593265614464,67787912,44,3,3.2524836390893617,1.5613511174119297,0.5122151206153055,0.1935005784034729
64770241424108032,67788115,42,0,0.0193133617028303,2.100520951734229,-1.7141421259140386,0.32232701778411865
64743646986745600,67788255,44,4,0.0202822663374991,1.6166524841934153,-1.6928835186248197,0.20861667394638062
63585036608738048,67788486,42,1,3.686425933054176,1.5006596221063024,0.5666055125673403,0.17628219723701477
63585036608738048,67788486,43,1,10.39987649394805,1.3519443817915888,1.0170281817684594,0.13095882534980774
63081799584947712,67789125,44,4,4.598690266029129,1.605823648637475,0.6626341596752984,0.20569784939289093
63988351216124288,67829010,42,2,0.0267794080503575,1.3506728215303938,-1.572199027148678,0.13055016100406647
63988351216124288,67829010,43,2,0.0537651194950447,1.351514537066339,-1.2694993846233062,0.13082072138786316
64768763955442944,67829254,42,3,3.0586235456583646,1.5407834588855507,0.4855260274573428,0.18774160742759705
64768763955442944,67829254,43,3,17.781386596969803,1.1428675859445938,1.2499656243469328,0.05799591541290283
64768763955442944,67829254,44,3,13.561868869700003,1.3690704387087913,1.132319540849056,0.13642579317092896
64797523056344064,67829298,42,4,22.087528499914335,1.5088609946250584,1.3441471228927513,0.17864923179149628
64797523056344064,67829298,43,4,6.557206168468695,1.5609869251068205,0.8167188387558366,0.19339926540851593
64797523056344064,67829298,44,4,4.175438994069336,1.6157907214526541,0.6207021427367949,0.20838510990142822
64798038452412928,67829329,43,0,65.02464081757671,1.467088346010409,1.8130779619232698,0.16645626723766327
64798038452412928,67829329,44,0,12.49843469793709,1.7038525389911012,1.0968556254387918,0.2314320057630539
64871740091177600,67829472,43,0,0.6481147224986147,1.3455471897512146,-0.18834811305188512,0.12889893352985382
64874454510493440,67829524,43,3,23.743273795812673,1.269688092404822,1.3755406006097823,0.1036970466375351
64874454510493440,67829524,44,3,1.9801992433024624,1.4291625578795615,0.2967088902178073,0.1550816297531128
64974338270788864,67829596,42,4,13.964550254725802,1.5188390162483574,1.145026953281843,0.1815117448568344
64974338270788864,67829596,43,4,66.03950918104255,1.5541464708949566,1.8198038368385308,0.19149194657802582
64974338270788864,67829596,44,4,32.13582478643755,1.4938693654845492,1.506989450834308,0.17431262135505676
65162492198224768,67829613,42,1,10.398036329845386,3.295510045769466,1.0169513304878104,0.5179226398468018
65163797868281088,67829619,42,4,0.1331561693870696,1.5492921425753448,-0.8756387070418574,0.19013331830501556
65163797868281088,67829619,43,4,0.1051043826332328,1.596113336569405,-0.9783791744213702,0.2030637264251709
65165653294149760,67829648,42,2,3.8455549415755734,1.5994507772825186,0.5849590205155004,0.20397087931632996
65165653294149760,67829648,43,2,16.403632330894343,1.6674650753161522,1.2149400264985715,0.22205674648284912
65165653294149760,67829648,44,2,38.17972259777092,1.3655387660267566,1.5818327686177573,0.1353040337562561
65168844452782208,67829658,44,0,4.431062895704018,1.1872420604768952,0.6465079145685855,0.07453927397727966
65169943964429952,67829685,42,3,14.112233848972377,1.612292111264292,1.1495957643918293,0.2074437290430069
65169943964429952,67829685,43,3,5.000458959681513,1.5069699054927,0.6990098672379198,0.17810457944869995
65190048708380160,67829732,42,0,0.2368740145301494,1.4149786661862058,-0.625482579484722,0.15074989199638367
65190048708380160,67829732,43,0,0.4561663164309993,1.5152171503634153,-0.3408767864162882,0.1804748773574829
65190048708380160,67829732,44,0,0.0740154485094061,1.5880141250185527,-1.1306776248343293,0.2008543610572815
65190220507070208,67829748,44,0,0.0519608038319316,1.6960340410092,-1.2843241390256461,0.2294345647096634
65214856439472640,67829849,44,1,0.3312809833641001,1.432853322739128,-0.47980349335762074,0.15620173513889313
65202383854448384,67829874,42,1,15.311675901072467,1.5376633977609384,1.185022727912819,0.18686127662658691
65178568258674176,67829906,43,1,0.2454841929169237,1.6852106180925017,-0.6099764674920174,0.22665418684482574
65178568258674176,67829906,44,1,3.909551841997364,1.4123467668562968,0.5921269763977453,0.1499413400888443
64982344089813248,67830013,44,4,6.4270796190366895,1.4114600947211495,0.8080136800090635,0.1496686041355133
64981137202021376,67830039,42,4,0.1375220141507059,1.614864921947944,-0.861627775587063,0.2081362009048462
64981137202021376,67830039,43,4,0.6719639803666606,1.3609619551389243,-0.17265400603435233,0.1338459849357605
64981137202021376,67830039,44,4,1.1790079371098263,1.7208418512489523,0.07151672878584148,0.23574095964431763
64971722633920768,67830071,43,3,8.664809290034478,1.5310807983555956,0.9377590084582298,0.18499810993671417
64857721317916032,67830207,43,4,15.308987848732528,1.6851984756035108,1.1849464783376404,0.22665105760097504
63989691247627776,67830608,44,1,5.419493231843265,1.3232373372484847,0.7339586782535663,0.1216377466917038
63593798341985152,67830753,44,1,7.774061929654048,1.46363563508665,0.8906479959813668,0.16543297469615936
6072591282731852416,67868078,10,2,0.1750828840935261,1.3597165765783772,-0.7567563079831456,0.13344839215278625
6072591282731852416,67868078,11,2,0.7261788023164113,1.338187222019003,-0.13895643260761537,0.12651687860488892
6072591282731852416,67868078,37,2,0.1117993205706236,1.3294051616703106,-0.9515608357458891,0.12365736067295074
6072591282731852416,67868078,38,2,1.5151867476188872,1.371935161439227,0.18046616317638478,0.13733358681201935
6042510190769087744,67985749,12,1,0.018832683110198,1.4635137082325023,-1.7250878012291375,0.1653967946767807
143044302406892416,68000003,58,4,0.072552572913251,1.5806822152659183,-1.1393471816795324,0.1988445669412613
6042164669240420864,68255976,12,0,0.0496717245980683,1.525256777481527,-1.303890761075401,0.18334296345710754
6041765409082144640,68256696,65,2,8.96265494062044,1.727879799150909,0.9524366765447374,0.23751352727413177
6038749066428207616,68261254,12,0,0.0256233120625653,1.5442100272891568,-1.5913647341726151,0.18870636820793152
4664791781512629376,684767046,27,0,0.2492176875361987,1.438105016605894,-0.6034211380691562,0.15779060125350952
4664791781512629376,684767046,29,0,0.0545546466309805,1.5977585442883853,-1.2631682529537123,0.20351114869117737
4664791781512629376,684767046,30,0,0.1316231753517189,1.7573947375313854,-0.8806676362446146,0.24486932158470154
4664791781512629376,684767046,31,0,0.0776310011734693,1.8882314061364216,-1.1099648128922395,0.2760552167892456
4664791781512629376,684767046,32,0,0.0937557434172788,1.326879619254839,-1.0280021181812653,0.12283152341842651
4664791781512629376,684767046,33,0,0.1092870881558518,1.5780713813973097,-0.9614311452223593,0.1981266438961029
4664791781512629376,684767046,34,0,0.0793290606729808,1.3397643138064597,-1.1005676881184152,0.12702840566635132
4664791781512629376,684767046,36,0,0.145024826959167,1.2638732356820375,-0.8385576440518755,0.10170351713895798
4664791781512629376,684767046,37,0,0.1240078197718492,1.649447407301757,-0.9065509279290126,0.2173384726047516
3411640446183668608,68575075,43,1,0.0796658950478418,1.4356376124241672,-1.098727560191031,0.15704482793807983
3411640446183668608,68575075,44,1,0.1307914553714949,1.4767729500406328,-0.8834206276189642,0.1693137288093567
3407348463889031424,68811545,43,3,6.210933525134574,1.392148693022943,0.7931568810694545,0.14368562400341034
5997706878653873024,69420071,12,2,1.0645605186021792,1.533471137101102,0.027170355438873067,0.18567560613155365
3419134438264747648,69474391,44,0,7.320135011188018,2.115203672887921,0.8645190911776849,0.32535219192504883
3419288030590780416,69530507,43,4,1.12559007058832,1.5487445518818928,0.05138025330753364,0.18997979164123535
3419288030590780416,69530507,44,4,0.3463079331243046,1.5476016292519572,-0.4605375596412775,0.18965917825698853
3419115128091798400,69598131,43,4,12.249305260836314,1.6728073273301673,1.0881114576849351,0.22344592213630676
5998336623943748224,69874547,39,0,59.96930508905879,1.4415749070882973,1.7779290163592776,0.1588372141122818
2402197409339616768,69925647,2,3,0.014637145141182,1.2215947375339775,-1.8345436207048673,0.0869271531701088
2402197409339616768,69925647,42,3,0.0215700120034165,1.3229681543630885,-1.6661496132184517,0.12154939025640488
3420824426291884672,70105749,43,1,8.360579271955674,1.3977919355353061,0.9222363690536524,0.14544253051280975
3420824426291884672,70105749,44,1,0.4074532575942055,1.6091904483629658,-0.38992220565591473,0.20660744607448578
2314750947480284288,70741946,29,2,3.673937431007532,1.3839382365145148,0.5651317557804716,0.14111670851707458
2314771219725893120,70741977,29,4,1.304515627502769,1.6783010918047345,0.11544928611739412,0.22486987709999084
2314778538350155904,70742023,29,0,1.4150980494052747,1.3649859626029128,0.15078653232702813,0.1351281851530075
2320833338430890240,70742059,2,4,0.4816191725141489,1.5748131324868488,-0.3172962328146754,0.1972290277481079
2320838943363481984,70742090,2,1,1.6443112001488245,1.5517853990720047,0.2159840149784861,0.19083166122436523
2320838943363481984,70742090,29,1,0.4859150021527979,1.4748481435691974,-0.3134396923105311,0.16874730587005615
2320847224060422912,70742123,29,3,1.5776929457301736,1.2386757794232084,0.19802248369543926,0.09295764565467834
2320841520343862400,70742150,29,1,21.082316849822163,1.4982431117979973,1.323918336132683,0.17558228969573975
2320835576109126400,70742156,2,1,0.3889230790578645,1.4036056061983055,-0.4101362846486783,0.14724509418010712
2320834476597503232,70742164,2,0,15.829172209716244,1.285483837139329,1.1994582039241097,0.10906662046909332
2320834304798813568,70742175,2,0,0.7604774524678201,1.398838140597751,-0.1189136578949686,0.1457674652338028
2320834304798813568,70742175,29,0,1.2430252344157622,1.5876627249662743,0.09447994525972911,0.20075824856758118
2314754795770961152,70742297,29,3,18.680882749334614,1.5888574208935389,1.2713973945978645,0.2010849267244339
2314565542331796992,70744011,29,1,7.0008501915148145,1.4602568839862424,0.8451507844517514,0.16442926228046417
2320767406387158016,70744116,29,2,10.955689389002776,1.408138929890462,1.039639710825958,0.14864550530910492
2320769193094622464,70744127,2,0,25.591856636925353,1.7000378370764477,1.408101794207708,0.2304585874080658
2320769193094622464,70744127,29,0,0.1142494357487191,1.34530824888213,-0.942145936131835,0.12882180511951447
2320782486018143616,70744150,29,0,7.777818960027416,1.385163120403575,0.8908578300976145,0.14150092005729675
2320783074428967808,70744160,29,1,1.3393650576521872,1.559994144003335,0.1268989645517883,0.1931229680776596
2320788812505222016,70744161,29,3,13.230510052509578,1.2734483003876675,1.1215765870991061,0.10498131811618805
2320793038753034112,70744184,29,4,2.5131862759802797,1.9665783107947619,0.4002246794529785,0.29371124505996704
2320795577078419456,70744199,2,2,0.2011606456086896,1.342811421179759,-0.6964569792161461,0.12801502645015717
2320842551136015872,70744201,2,3,0.0575187715661503,1.2250606403434021,-1.240190397794494,0.08815758675336838
2320842551136015872,70744201,29,3,0.0571528460628734,1.5146715730512603,-1.2429621379961704,0.18031847476959229
2320820109931857792,70744244,29,4,18.28113176415035,1.55562591958378,1.2620030789093175,0.1919051706790924
2320820114226919808,70744245,29,0,1.7597113233328507,1.5378957662323773,0.24544142862868187,0.18692690134048462
2320819392672414848,70744247,2,3,0.0325194101588875,1.3891073494984743,-1.4878573402939448,0.1427358090877533
2320795237776344704,70744265,2,4,3.085782900381825,1.56582008683776,0.48936536810340114,0.1947418600320816
2320795031617857152,70744273,2,3,14.014575680418313,1.6760096998350058,1.1465799531528458,0.22427652776241302
2320795031617857152,70744273,29,3,6.809058155344373,1.2770016657532444,0.8330870434509672,0.10619146376848221
2320788297109149184,70744320,2,2,0.0975370934778851,1.483609188888056,-1.0108301901564207,0.17131951451301575
2320573342584677376,70744425,29,3,35.07258563013342,1.4606657328428645,1.5449677842306868,0.16455084085464478
288097854939053824,70746431,60,0,24.2916061847599,1.5315750054413133,1.3854562317304517,0.1851382702589035
2320551519855979776,70762916,29,0,4.38569005474342,1.5056399955914435,0.6420379359892469,0.17772114276885986
2320572827189658240,70762958,29,2,1.4243625759076737,1.3551547694300212,0.15362055437998592,0.13198889791965485
2320771220319192448,70763010,2,3,0.0457587213423859,1.4080152491152396,-1.3395261197417951,0.14860735833644867
2320774278335949952,70763037,2,3,0.0678588008402626,1.2561499899170268,-1.168393819212834,0.09904149919748306
2320774278335949952,70763037,29,3,0.0638871073402524,1.1443564978993541,-1.194586775267553,0.05856133997440338
2320777267633186688,70763040,29,4,21.575498251262896,1.6212123755229784,1.3339608338322295,0.20983991026878357
2320817743404975360,70763107,29,2,2.953511910121794,2.0637232617717762,0.47033872650232994,0.3146514594554901
2320822863006024576,70763118,29,2,5.9455902679939046,1.3354891911969486,0.7741949771056229,0.1256403774023056
2320822863006024832,70763119,29,3,15.960949445700312,1.4308766670990445,1.2030587220249966,0.15560220181941986
2320803724631758336,70763143,29,2,6.658594589802027,1.6231381129301448,0.8233825735692629,0.2103554755449295
2320804235732643584,70763144,29,3,10.462742378966604,1.4274680851066006,1.0196455319454931,0.15456640720367432
2320797539878825472,70763181,29,0,2.251178007718716,1.79219505876473,0.35240983738764114,0.2533852756023407
2320797539878825600,70763182,29,0,6.001981839854549,2.0013288993437612,0.7782946770496983,0.3013184666633606
2320584853098129408,70763215,2,1,0.1179590943844908,1.016077883774064,-0.9282685703464869,0.006926998496055603
2320583547428048768,70763225,29,0,7.921842879906805,1.600910018252205,0.8988262244522479,0.20436692237854004
2320583096455767680,70763236,29,4,9.109935349409206,1.388882403411475,0.9595152949209168,0.14266547560691833
2320558082565935744,70763295,29,0,0.0567833577553851,1.3768327149121224,-1.2457789300292672,0.13888117671012878
2314470125338387968,70763414,29,0,12.895606057817831,1.3500234778042066,1.1104417575930636,0.1303413212299347
2320563958081386752,70775282,29,1,3.5052664989476536,1.54606689641949,0.544721042166465,0.18922828137874603
2320602926320492672,70775324,2,2,59.53918511826618,1.4013021569516926,1.7748028863896075,0.14653179049491882
2320602926320492672,70775324,29,2,14.829415769815949,1.3274467314403824,1.1711240415918984,0.12301710247993469
2320812486365053696,70775467,29,1,0.0419738211284567,1.3556425639716014,-1.3770214925596749,0.13214519619941711
2320808878592526336,70775478,2,0,1.356289985022285,1.7305411027933812,0.13235255489292566,0.2381819188594818
2320808638074358144,70775482,29,4,4.113381513974391,1.596513277416152,0.6141989919623252,0.20317253470420837
2320619659513134592,70775500,2,4,0.8447550885393147,1.4900093692841474,-0.07326918349164038,0.17318899929523468
2320617116892496256,70775509,2,1,0.0553610761599437,1.438051579024895,-1.2567954762503128,0.15777446329593658
2320617116892496256,70775509,29,1,0.0860254621889023,1.3296719816597522,-1.065372985367298,0.12374451756477356
2320606564157139200,70775544,29,1,33.66196596449593,1.8406083660903312,1.5271394765417419,0.2649613916873932
2320605949977761536,70775545,29,0,0.9870613184621708,1.49246826187641,-0.005655867145382092,0.17390510439872742
2320591205353715712,70775587,29,3,0.0205761684358111,1.275544297944992,-1.686635493621545,0.10569554567337036
2320506719053074432,70785639,29,2,3.803110922460844,1.3512132449161025,0.5801389923351018,0.13072389364242554
2320589319864133632,70785719,29,2,2.966057165609828,1.3393172488247689,0.47217951704625916,0.12688346207141876
2320611649398413312,70785748,29,2,33.197720819048556,1.5293648178855155,1.5211082683519837,0.18451109528541565
2320613337321278336,70785767,29,3,13.653734101378712,1.3165423715286646,1.1352514409626777,0.11943484097719193
2320618456922292736,70785786,29,4,10.957278082065775,1.603486177698987,1.0397026836417411,0.20506522059440613
2320596123092361088,70785920,2,4,2.0560946270909786,1.5619744963463214,0.31304309820152626,0.19367393851280212
2320540803913561088,70785954,29,4,0.8161270811242161,1.6536162679085007,-0.08824221093505473,0.21843473613262177
2320549840524781184,70787967,29,1,3.970745312567032,1.756541964642142,0.5988720318903832,0.24465852975845337
2320550046683235328,70787972,2,0,0.03299401241565,1.4565139731854588,-1.481564866509392,0.16331465542316437
2320694632461933696,70788010,2,3,4.10482679327756,1.37423597951666,0.6132948364101963,0.1380613148212433
2320704768584775552,70788050,2,4,13.460739764876186,1.3069940538958214,1.1290689281624944,0.11627361178398132
2320704768584775552,70788050,29,4,38.47945876795047,1.5677983135953315,1.585228954848478,0.1952901929616928
2320701019077983744,70788066,29,4,1.3461859752623824,1.5982589190662764,0.1291050617088529,0.20364713668823242
2320646082151622400,70788096,29,1,1.51737289971765,1.499766855274201,0.1810923232971906,0.17602375149726868
2320523967641801088,70788212,29,3,3.2058429064301928,1.3793430131131519,0.5059422371254033,0.13967227935791016
2320652022091035648,70797852,29,2,9.502261169756586,1.3670615489818667,0.9778269628360148,0.13578806817531586
2319909478080738944,70846418,29,0,0.1073321894446217,1.6001316969479598,-0.9692700114760296,0.20415572822093964
2319797465333629440,70846552,29,4,21.434444662658045,1.544512275810782,1.331112236012385,0.18879136443138123
1110233897668770944,71267949,60,0,8.52363149170027,1.5868800090174782,0.9306246652818823,0.2005440890789032
5460728077057780864,71304330,9,0,3.0476063355385237,1.5243361449911812,0.4839588677381441,0.1830807477235794
5460728077057780864,71304330,62,0,23.210916165038864,1.6237196952113118,1.36569228296209,0.21051105856895447
5460728077057780864,71304330,63,0,2.016568096421407,1.603839704240707,0.30461289205190234,0.2051609605550766
4943150845347891840,7242537,3,3,0.0529783193745586,1.5432095956345893,-1.2759018228967016,0.18842491507530212
6128684517677422848,72445399,10,1,0.5153795153354904,1.3967161773539503,-0.2878728472394386,0.145108163356781
6128684517677422848,72445399,64,1,0.8427376070884075,1.411551386107965,-0.07430762529490863,0.1496966928243637
6145303429765430784,72499619,10,0,14.954796460716093,1.472071549354151,1.1747805065288617,0.16792891919612885
6145303429765430784,72499619,37,0,0.683997209720694,1.700508861353095,-0.16494566992517215,0.23057889938354492
6145303429765430784,72499619,64,0,17.769805115000487,2.087280105686184,1.2496826648371524,0.31958073377609253
6145304323118631680,72499657,10,0,1.6709796647382198,1.6365654501350746,0.22297116470744452,0.21393337845802307
6145304323118631680,72499657,64,0,0.1662933959441988,1.3969581135912943,-0.7791249976953504,0.14518338441848755
6129199845030851840,73182755,10,0,19.677870095825828,2.0495285464181507,1.2939780892330943,0.3116539716720581
6129199845030851840,73182755,37,0,1.0858096068419485,2.0764978840524955,0.03575367981366512,0.3173314929008484
6132347265781770368,73303344,10,4,2.267045901261286,1.5673859366898597,0.3554603134492687,0.19517594575881958
6132347265781770368,73303344,37,4,6.3745379347034525,1.8223540377381329,0.8044487099402873,0.2606327533721924
6132347265781770368,73303344,64,4,26.949474749202917,1.484796499795667,1.4305503051166066,0.1716669350862503
6129159919015101824,73308879,10,0,3.627929451462917,1.6099546706150056,0.5596588332011061,0.20681364834308624
6129159919015101824,73308879,11,0,2.6624099220730177,1.8141102791022472,0.4252749231103036,0.25866368412971497
6129159919015101824,73308879,37,0,0.2397566842964854,1.7172610715592664,-0.6202292760754962,0.23483632504940033
6132261228997846400,73336701,10,1,0.0239209509249471,1.4004141059758222,-1.6212215599157114,0.1462564766407013
6138425847095084288,73650567,10,1,0.2248334362924537,1.4573091881944562,-0.6481391018330103,0.1635517030954361
6138425847095084288,73650567,37,1,1.0264042697947713,1.4652605210685739,0.011318450015791634,0.165914848446846
133118598625441920,73728243,18,4,0.1472602974821278,1.5476089570770437,-0.831914326535427,0.18966123461723328
133118598625441920,73728243,58,4,0.0379305607351652,1.5828640245221228,-1.421010736986426,0.19944360852241516
5568735509437699456,737991823,34,0,9.516558461728604,2.0852334345690653,0.9784799198858816,0.31915467977523804
3417000045675832704,73956616,43,4,0.02762948377787,1.6341567095178626,-1.55862722925348,0.21329370141029358
3417000045675832704,73956616,44,4,0.7481193590543326,1.5354516944200807,-0.12602910689053282,0.1862361580133438
3417000045675832704,73956616,45,4,0.1390532660641075,1.5977781155051058,-0.8568188060305926,0.20351646840572357
3416995170889924864,74073928,43,4,0.358971573105884,1.74811553395352,-0.4449399417616919,0.24257013201713562
3416995170889924864,74073928,44,4,9.46632630897445,1.5878724115473908,0.9761814707367177,0.2008156031370163
3416676170784043008,74075325,43,2,36.73324112934098,1.6132930992611656,1.5650592496762668,0.2077132761478424
3416676170784043008,74075325,45,2,4.211979876584116,1.3651649750155241,0.6244862876061952,0.1351851373910904
5427228225514558592,74279530,35,3,0.1020799634365914,1.884774017376365,-0.9910594941802154,0.2752592861652374
5427228225514558592,74279530,36,3,1.5299895807922836,1.4034098519665454,0.18468847328830168,0.14718452095985413
5427229771702799872,74279548,36,0,0.2042413808684749,1.5052190746349194,-0.6898562619448383,0.1775997132062912
5427272240335502848,74716767,9,1,3.847750410074968,1.5284720179715456,0.5852068931363781,0.18425749242305756
5427272240335502848,74716767,35,1,2.454189331903792,1.416915371799904,0.3899080639448855,0.1513439118862152
5427272240335502848,74716767,36,1,2.296404822399386,1.4755351994958636,0.36104845020535514,0.16894957423210144
3416721525637589760,74729837,43,0,2.8955942476955947,1.7828364614221348,0.46173770520031765,0.2511115074157715
3416721525637589760,74729837,44,0,0.4133396511050013,1.3283382119262614,-0.3836929314467717,0.12330866605043411
3416721525637589760,74729837,45,0,1.0122777372810146,1.630251015955807,0.005299685645981959,0.21225447952747345
5427055086787524736,74890216,62,4,2.9855198317151235,1.582229539945419,0.4750199603866109,0.19926948845386505
4799008375640297344,7491381,4,1,0.1830742604900597,1.6729973189209202,-0.7373727114761587,0.2234952449798584
4799008375640297344,7491381,5,1,0.0445010414791998,1.5767129682531678,-1.3516298248982448,0.19775263965129852
4799008375640297344,7491381,6,1,0.4747887477808113,1.7501239750772222,-0.3234995821239528,0.24306881427764893
4799008375640297344,7491381,31,1,0.7954009059308732,1.4287709098250885,-0.09941391870513631,0.15496259927749634
4799008375640297344,7491381,32,1,4.564130904555991,1.4511777256167209,0.6593580919931176,0.16172060370445251
4799008375640297344,7491381,33,1,3.6567326080217577,1.3837430886917421,0.5630932044981931,0.14105546474456787
5423841729700324224,74972034,62,3,17.317123777045126,1.305334605248693,1.2384757611520618,0.11572185158729553
5423841729700324224,74972034,63,3,17.368068184688184,1.1138514806080844,1.239751515431146,0.0468272864818573
5327443422118531712,75314605,62,3,53.04363823857169,2.4444096941859144,1.7246333044756432,0.38817399740219116
5327443422118531712,75314605,63,3,1.704073505529797,1.4595698808890938,0.23148832420853757,0.16422489285469055
5427691493560560000,75399254,62,1,6.16929055463505,1.6859451700789998,0.7902352246617381,0.2268434464931488
5423963981647184896,75639216,62,0,2.5942471528753557,1.0462025383166509,0.4140113487784424,0.019615769386291504
5423963981647184896,75639216,63,0,6.8719989023651245,2.0672691522774,0.8370830814551987,0.3153970241546631
5423916221609696768,75639493,63,0,2.51991637912952,2.090279289416049,0.40138612939853974,0.32020431756973267
5424399079009601920,75827390,62,1,0.8306801684459919,1.4331728680844595,-0.08056615770291299,0.15629857778549194
4844618213903654784,7586485,4,4,0.1149704042968155,1.5201974321698488,-0.9394139414271034,0.1818999946117401
4844618213903654784,7586485,5,4,0.2591028345866191,1.563384419252185,-0.5865278358038576,0.19406577944755554
6201313612939182976,76050403,11,1,0.3775784838039995,1.4463653445133566,-0.4229927618089062,0.16027800738811493
5424403305257380736,76079120,62,2,31.436908752502102,1.3405852941649745,1.4974398345132303,0.12729445099830627
5424403305257380736,76079120,63,2,19.93442720919864,1.482331580750143,1.2996037612696356,0.17094536125659943
5424328504107357440,76178139,8,0,0.0399761309287468,1.4880761435876337,-1.398199241173556,0.17262515425682068
5424328504107357440,76178139,9,0,0.043385389772959,1.7673558622452652,-1.3626564965068644,0.24732400476932526
3428560757607125760,76295024,43,1,0.0801169813750826,1.4265973237166336,-1.0962754222946056,0.15430140495300293
3428560757607125760,76295024,44,1,0.0157858433851162,1.4548397831710083,-1.801732210241994,0.1628151684999466
3428560757607125760,76295024,45,1,4.020681944054582,1.4333405607874077,0.6042997196074447,0.15634939074516296
6207460471351260160,76397021,11,1,4.3224561027963135,1.5552400100928345,0.6357305914404341,0.1917974203824997
5263453249831454208,764772878,32,3,8.872570802510811,1.1941158252524986,0.9480494736738498,0.0770464539527893
5263453249831454208,764772878,61,3,9.661009650042695,1.9132032494841702,0.9850225159112327,0.281761109828949
4841023012742841216,7652166,4,2,2.5807245486564923,1.356553748075092,0.4117416529815163,0.13243700563907623
4841023012742841216,7652166,5,2,9.698523547019867,1.6005942618246956,0.9867056245562202,0.2042812556028366
4841047206294554240,7652962,4,3,17.52344267642382,1.2869468430238273,1.24361943222568,0.10956060886383057
4841047206294554240,7652962,5,3,31.16159661876671,1.316210601402146,1.4936197014060446,0.11932538449764252
4841047206294554240,7652962,31,3,17.16433831179133,1.3201984541177652,1.2346270659571241,0.12063921988010406
4841047206294554240,7652962,32,3,32.82635214217466,1.3692442551629531,1.516222624046844,0.1364809274673462
5424477694093494400,76576430,62,2,40.72554471930115,1.3809806908094873,1.6098669018695482,0.140187606215477
5424477694093494400,76576430,63,2,80.2941981664687,1.465635066172837,1.904684165511324,0.16602584719657898
3443008855794991872,76636271,43,4,0.2040368026050085,1.7471204503878877,-0.6902914907764195,0.24232284724712372
3443008855794991872,76636271,44,4,5.6171607093073535,1.5900632724906953,0.7495168493998969,0.20141440629959106
3443008855794991872,76636271,45,4,20.228853618048277,1.5428520700269506,1.3059712717246974,0.18832428753376007
6207170234643124480,76652075,11,2,0.0809758424110044,1.415759316338223,-1.0916445252251932,0.15098942816257477
6207170234643124480,76652075,38,2,2.458001258658693,1.357133077420476,0.3905821009378987,0.13262243568897247
5422658380306752256,76745867,62,0,4.4922393367998685,1.6297083606903724,0.6524628864768935,0.21210989356040955
5422658380306752256,76745867,63,0,4.259571002894997,1.5284833458519262,0.6293658619061983,0.18426071107387543
5422882886838455808,76750098,35,3,0.0829293157228257,1.2638194208667521,-1.0812919181101055,0.10168502479791641
5422778742469774848,76906770,62,1,5.253355695653957,1.5311211443899013,0.7204368071290096,0.18500955402851105
5422778742469774848,76906770,63,1,1.6756637766711524,1.4022083797480054,0.22418688148701624,0.1468125581741333
5555979044252237056,770690846,33,4,0.925587451686568,1.369857627694152,-0.03358254180503359,0.13667543232440948
5555979044252237056,770690846,34,4,8.440644570907214,3.163201359942183,0.9263756128459565,0.500126838684082
5555979044252237184,770690847,33,1,10.29897624888139,2.1121208967089045,1.012794056592675,0.32471877336502075
5555979044252237184,770690847,34,1,39.413305352512126,1.4121953396603593,1.5956428580110467,0.14989477396011353
4866413317504891392,77339881,4,4,4.6938572968457555,1.4748663104443092,0.67152988199574,0.16875265538692474
4866413317504891392,77339881,5,4,14.932733575764049,1.606723205535949,1.174139316646772,0.2059410661458969
4866413317504891392,77339881,31,4,20.51481503377466,1.6344098284851625,1.312067605623032,0.2133609652519226
4866413317504891392,77339881,32,4,20.408092424842433,1.6636880568216792,1.3098024124533685,0.22107189893722534
139731027195468544,77426806,58,1,0.100219452630329,1.5349929451729658,-0.999047973577945,0.1861063838005066
130054431520892032,77452603,58,2,17.872497633822878,1.3599284932695983,1.2521852482410105,0.1335160732269287
5423205623557565184,77517045,62,4,0.2034089163736796,1.61409598746175,-0.6916300138173298,0.2079293578863144
4826952051342945792,77835048,5,3,8.38909105337028,1.1876832488486688,0.9237149081600232,0.07470063120126724
4827811319679831936,77842052,5,0,7.868914266317839,1.4158900414365094,0.8959148135946888,0.1510295271873474
4827811319679831936,77842052,32,0,52.2367215510749,1.420280286116663,1.7179759121997003,0.1523740589618683
5425770066932742400,77849188,63,2,24.413609694775584,1.3498561307139156,1.3876319971403372,0.13028748333454132
4866123458751856128,7785194,4,0,5.767220883703483,1.598176883272319,0.7609665851436035,0.20362484455108643
4866123458751856128,7785194,31,0,8.168871068844355,1.7261597722803608,0.9121620415448365,0.23708099126815796
4866123458751856128,7785194,32,0,3.4498560262875557,1.4274451635253178,0.5378009709302124,0.1545594334602356
4827527233363019776,77951245,5,3,1.4890332073465378,1.2928838713242214,0.1729043831830337,0.11155951768159866
4827527233363019776,77951245,6,3,0.1445330275790141,1.440197549928244,-0.8400328999224093,0.1584220677614212
4827527233363019776,77951245,32,3,0.1714686817569863,1.3582727648245134,-0.7658151909691421,0.13298699259757996
4826580622571056896,77954300,5,3,21.112127645161696,1.4303748560737275,1.3245320029898344,0.15544986724853516
4826580622571056896,77954300,6,3,106.6651820473053,1.5114166486136689,2.0280226789144615,0.17938420176506042
4826580622571056896,77954300,32,3,33.29783841191369,1.3547503526013782,1.5224160414267944,0.13185927271842957
4827556988896385536,77959225,5,1,2.5799353854082017,1.362361880376864,0.4116088291756063,0.13429248332977295
4827556988896385536,77959225,6,1,7.461315076175641,1.4061825694116679,0.8728153797503905,0.1480417102575302
2906284045696794880,77959676,5,1,1.019042381303363,1.3639153760074458,0.008192246404301898,0.1347874253988266
2906284045696794880,77959676,6,1,1.3434632097291743,1.7542310832257255,0.1282257779293073,0.24408680200576782
2906284045696794880,77959676,32,1,0.3113220747980777,1.4423368255210243,-0.5067900838690534,0.15906669199466705
4826297841924166272,77996314,6,1,0.0219265084551632,1.3486335473164677,-1.6590305192290384,0.129893958568573
5425764981691642752,78009666,62,2,6.118004838767888,1.3495050147498862,0.786609816134989,0.13017450273036957
5425764981691642752,78009666,63,2,20.530299493615,1.3852829876680355,1.312395284854062,0.14153850078582764
4866114903176979200,7807668,4,1,0.2920259469836688,1.3269341159785413,-0.5345785590611832,0.12284936010837555
4866114903176979200,7807668,5,1,0.1043811820396333,1.5672085839807914,-0.9813777893891286,0.19512680172920227
4866114903176979200,7807668,31,1,8.920835297993063,2.019627464247331,0.9504055212286934,0.3052712678909302
4866114903176979200,7807668,32,1,1.7634044210203266,1.4204752255298436,0.24635192527463284,0.15243366360664368
4823127842525040896,78109730,5,3,5.065501213984509,1.6297417995404722,0.7046224237729622,0.21211880445480347
4823127842525040896,78109730,6,3,0.7736191600254452,1.8081655035228592,-0.11147278273286249,0.2572381794452667
4823127842525040896,78109730,32,3,21.91924179870455,1.2209469760291385,1.3408255275343308,0.0866968035697937
2905315960068496000,78112243,32,4,2.5877953802839713,1.811493675364178,0.41292993323051114,0.2580368220806122
5425872184073924992,78287341,62,4,6.55741824940134,1.547162182490856,0.8167328849954906,0.18953584134578705
5425872184073924992,78287341,63,4,1.9319431535744032,1.3308007994300008,0.28599434337752516,0.1241130530834198
5424999206203549824,78346654,62,1,14.835781169640695,1.4816022163320794,1.1713104187844763,0.17073161900043488
5424999206203549824,78346654,63,1,1.956643314537848,1.4199023748189714,0.2915116633450529,0.1522584855556488
5425030920239092864,78774802,62,2,18.16261157776182,1.3569382175008198,1.2591782953009805,0.13256007432937622
5425030920239092864,78774802,63,2,21.68032854058157,1.4303143443452078,1.3360658591523527,0.15543149411678314
5425114581901008128,78778919,62,0,0.1379402596225451,1.5754491296379811,-0.8603089609443471,0.1974043846130371
5425114581901008128,78778919,63,0,0.4749936839385353,1.6957348392600358,-0.32331216521487793,0.22935794293880463
5971100758867578496,79358659,12,2,3.79812454725505,1.5299140078503384,0.5795692019225201,0.18466702103614807
5971100758867578496,79358659,39,2,4.447501839197645,1.351707319527217,0.6481161363519656,0.13088266551494598
5361659502425809920,80382537,63,2,0.8716956756262346,1.763394023388146,-0.059635108489868076,0.24634936451911926
5361659502425809920,80382537,64,2,0.1574106677425438,1.481301148036426,-0.8029658387829895,0.17064335942268372
4975223840049378432,80453023,2,1,0.4657788596710677,1.5801860962970493,-0.3318202266998996,0.19870823621749878
5350236465660622848,81314580,36,2,0.8748742111707452,1.5572406683995816,-0.05805438505943664,0.19235573709011078
5350236465660622848,81314580,37,2,0.78725260719243,1.4752805151747912,-0.1038858924095377,0.1688746064901352
5350236469955359744,81314581,37,1,0.6450575107852032,1.434247227870612,-0.19040156365431013,0.15662401914596558
5350236469955359744,81314581,63,1,0.0496005957384477,1.1355267981899604,-1.304513107292731,0.05519738793373108
5350236469955359744,81314581,64,1,0.1748565166261936,1.512958513773519,-0.7573181775837412,0.179827019572258
463205836263318016,81829004,58,3,2.3306601664132014,1.0586015611373727,0.36747895365318833,0.024732530117034912
463205836263318016,81829004,59,3,67.50079260244785,1.1553096912486853,1.8293088723991506,0.06269841641187668
463437180381228800,82171017,59,2,10.076788761027068,1.6731198204081088,1.0033221545738433,0.22352704405784607
5969371330150837888,83576016,39,2,0.3634108487066467,1.539566063353691,-0.4396021120772241,0.18739832937717438
6014950343400492928,8372833,38,0,0.0134451371175414,1.5711098082187505,-1.8714347643526952,0.19620653986930847
431890542519116928,83969142,58,4,6.1022041814380135,1.6057866784909638,0.7854867351628742,0.20568785071372986
66482868226100096,84331094,42,1,0.6336796826330715,2.552546836066861,-0.19813021722665827,0.4069737195968628
66482868226100096,84331094,43,1,1.0697601410940694,1.9434228496598922,0.02928641219295958,0.28856730461120605
66482868226100096,84331094,44,1,0.8123149543303747,1.4385141290596475,-0.09027555153805371,0.15791413187980652
66542551091588352,84331196,42,3,3.4096714528651195,1.4742427934014306,0.5327125335139229,0.16856901347637177
66542551091588352,84331196,43,3,10.108956645285346,1.181035191316104,1.004706333971014,0.07226283848285675
66542551091588352,84331196,44,3,10.808518833557168,1.6350012276749741,1.033766183640059,0.21351808309555054
66550350752004352,84331297,42,0,5.468806195184196,2.118127277093125,0.7378925330192828,0.32595205307006836
66550350752004352,84331297,43,0,6.103671785311088,1.765183069967768,0.7855911721190588,0.24678975343704224
66550350752004352,84331297,44,0,20.4423734672697,1.4146350738110585,1.310531318267772,0.1506444215774536
66659271121456768,84331366,42,2,34.99551763833337,1.5490864876933979,1.5440124217902589,0.19007566571235657
66659271121456768,84331366,43,2,9.99809943864017,1.5517317304450422,0.9999174518242485,0.19081664085388184
66852647730267264,84331442,42,3,10.408219151474997,0.9083557641558961,1.0173764279880309,-0.04174402356147766
66852647730267264,84331442,43,3,6.140608391651856,1.4472727521667748,0.7882114017678316,0.16055038571357727
66852647730267264,84331442,44,3,6.326162180175695,1.217626122851439,0.8011403214798832,0.08551395684480667
66671468828544384,84331463,42,2,5.603977429658331,1.5527863821114865,0.748496377471235,0.1911117136478424
66671468828544384,84331463,43,2,5.3407011056768035,1.395643497738751,0.7275982731970816,0.14477449655532837
66671468828544384,84331463,44,2,8.81544646021151,1.681864282709615,0.9452443121312265,0.22579094767570496
66867800374681344,84331621,43,2,4.009096157530087,1.5340140118024979,0.6030464728591259,0.18582932651042938
66867800374681344,84331621,44,2,7.324130509858716,1.576252004816646,0.8647560744617833,0.19762565195560455
66911231083913600,84331755,42,1,1.744768969881204,1.4925915767123707,0.24173792886064838,0.1739409863948822
66911231083913600,84331755,43,1,17.235133062670364,3.3529478988520474,1.236414640697863,0.5254268050193787
66911231083913600,84331755,44,1,34.44155147841235,1.4535749799868822,1.537082706757716,0.16243743896484375
67368353043627648,84332051,43,3,7.4886418607431,1.341313901834194,0.8744030612418346,0.12753042578697205
67368834079847680,84332064,42,1,5.277686894400018,1.3379509653253758,0.7224436215665164,0.12644019722938538
67368834079847680,84332064,43,1,9.070735291569475,1.3286478744605348,0.9576424932484063,0.12340989708900452
67368834079847680,84332064,44,1,21.70975816354081,1.4314350362113322,1.336654985645819,0.1557716429233551
67368868438779392,84332066,43,4,1.584188359951659,1.5059245157563097,0.19980681792531577,0.17780320346355438
70426507196531456,84332363,43,4,0.0812652170798836,1.6086917292334146,-1.090095300194753,0.20647282898426056
70426507196531456,84332363,44,4,0.0509186994846126,1.592180235929608,-1.293122697199631,0.2019922286272049
70426782074435584,84332381,44,0,6.735320601454736,1.7133142944185238,0.8283582729808788,0.2338370382785797
67349764424286848,84336253,42,4,1.6423043267908086,1.5712236631881449,0.21545363707060794,0.19623801112174988
67349764424286848,84336253,43,4,46.85389512443093,1.601505231072835,1.6707457011091587,0.20452836155891418
67349764424286848,84336253,44,4,2.074088695619439,1.5692574825859493,0.3168273244707903,0.1956942081451416
66915560410893440,84336401,44,1,57.4643023193169,1.3902031479220796,1.7593981382516684,0.1430782675743103
66887660303617408,84336600,42,4,4.603122942105804,1.5496040523042642,0.6630525743649965,0.19022074341773987
66887660303617408,84336600,43,4,13.112625621830263,1.5768396188663296,1.1176896618579617,0.19778752326965332
66887660303617408,84336600,44,4,71.64084252317406,1.7695718869512287,1.8551606846729987,0.24786821007728577
66886011036187392,84336649,43,3,1.2848570096171217,1.3232536139117632,0.10885479818121277,0.12164308875799179
66886011036187392,84336649,44,3,117.89917918050432,1.577134238562862,2.0715107815275022,0.19786866009235382
66885942316710784,84336651,43,4,6.521424033072722,1.4627259983090122,0.8143424396241854,0.16516298055648804
66885942316710784,84336651,44,4,28.731416988726178,1.558014057244831,1.4583570452474086,0.19257137179374695
66863058730966528,84336667,44,3,0.0287653492855903,1.3619709674845164,-1.5411303481504408,0.1341678500175476
66665902550940672,84336819,42,4,37.09670105541828,1.4809765630027474,1.5693352902853854,0.1705481857061386
66665902550940672,84336819,43,4,24.448513501582458,1.6964822441212861,1.3882524586463199,0.2295493185520172
66665902550940672,84336819,44,4,7.77779312733553,1.7644870669646489,0.8908563876605731,0.24661847949028015
66665902550940800,84336821,42,2,60.54919705756936,1.3649800146604145,1.7821083883415145,0.1351262927055359
66665902550940800,84336821,43,2,21.868423843465557,1.7236072182306454,1.3398174825916827,0.2364383041858673
66665902550940800,84336821,44,2,38.96626123933687,1.5573219387411354,1.5906887378168193,0.19237840175628662
66659408560406528,84336854,42,3,9.77696808434149,1.364972006054372,0.9902041974884784,0.13512374460697174
66659408560406528,84336854,44,3,10.611437915097804,1.0989023947204555,1.025774237462148,0.04095911979675293
66658996243552000,84336870,42,2,0.684091775565214,1.3416785843275514,-0.16488563081228008,0.1276484876871109
66658996243552000,84336870,43,2,5.6605204228368295,1.6155181474161355,0.7528563616434111,0.20831184089183807
66658996243552000,84336870,44,2,0.1631559708072247,1.4942463016203544,-0.7873970282740121,0.17442218959331512
66640712564777856,84336941,42,4,2.467205994640622,1.5023940664689892,0.39220541158980765,0.17678385972976685
66640712564777856,84336941,43,4,3.850619469521387,1.8139414804538043,0.5855306023795056,0.25862327218055725
66640712564777856,84336941,44,4,4.924889750866563,1.4986908265379817,0.6923965127775468,0.17571204900741577
66546742979468416,84336954,44,0,4.471336956800391,1.462446177502946,0.6504373992272197,0.16507989168167114
66497952151148544,84337011,42,2,2.671506468859726,1.372057226458636,0.42675623013288017,0.137372225522995
66483795939004416,84337145,44,1,2.6188176377598498,1.3732252780199312,0.4181052572369686,0.1377417892217636
66483761579269888,84337148,43,0,4.7237247255403245,1.5183427193445818,0.6742845812229835,0.181369811296463
6014848745955612672,8511113,38,4,0.0112741360838883,1.5556705420406303,-1.9479167273546565,0.19191762804985046
138666459421872640,85590904,58,4,25.590091870037966,1.7263111621050327,1.4080718450344665,0.23711907863616943
176770034888040064,85693500,19,2,0.021342394837057,1.3773339834802296,-1.6707568498523295,0.13903926312923431
444663603454525696,86766112,59,3,0.0879111314752504,1.3877482676278847,-1.0559561302482168,0.14231069386005402
444596155287096448,86912433,19,2,12.87777135521707,1.9459722739190644,1.109840709927633,0.2891366481781006
444596155287096448,86912433,59,2,3.123240428909692,1.6797550967410475,0.49460541776514144,0.22524596750736237
1100481878068429184,88212413,60,2,0.0312953291422894,1.327872816930837,-1.5045204764823625,0.12315648049116135
1002733958624970624,88486128,60,3,19.35071063696284,1.3261789644285442,1.2866969187112367,0.12260213494300842
1101654374076602880,88529991,60,0,9.458371720930124,1.5017746791311064,0.9758163781057594,0.17660477757453918
1101375338641369728,88655991,60,4,0.0268094867530087,1.5172481572263508,-1.5717115001711595,0.18105661869049072
6014500681803685248,89155914,38,3,0.0374302938750554,1.4191255266560823,-1.4267767631122972,0.15202081203460693
2390974419276875776,89526411,29,0,0.1263719922610853,1.3607701872488063,-0.8983491677804344,0.13378478586673737
5201378641555926656,904313345,66,0,101.85634700935124,1.5623775692557071,2.0079880965198216,0.19378599524497986
2024060998210085632,90505658,14,4,20.34574783994778,1.5585484547750945,1.3084736576591318,0.19272030889987946
121349735399525632,90571283,18,0,0.0213072325715678,1.31744596612261,-1.6714729537088424,0.1197328120470047
121349735399525632,90571283,42,0,0.1104522472716532,1.5972022628244562,-0.9568254435069004,0.203359916806221
221072278943046912,90645203,58,4,0.6392175099266869,1.5868690106112866,-0.19435133701010993,0.20054107904434204
221111242886836224,90694662,58,0,107.88522585340765,1.517401529590569,2.032961975084614,0.1811005175113678
5372905513514424320,92002749,63,0,14.806107826537096,1.6586963349438866,1.1704409078382638,0.21976688504219055
5372905513514424320,92002749,64,0,8.246024381880972,1.5532760303898026,0.9162446145910624,0.19124864041805267
5329184189553837184,92841571,9,4,3.0381987041960503,1.58106771105298,0.4826161741725362,0.19895046949386597
5329184189553837184,92841571,61,4,11.387671575038867,1.5363816759691034,1.0564349334305623,0.18649911880493164
5329184189553837184,92841571,62,4,6.221443544389262,1.5811622686973466,0.7938911645341248,0.19897644221782684
2968785096982770304,92845906,5,1,2.2298466174630702,1.516219984150268,0.34827499063543044,0.18076221644878387
2968785096982770304,92845906,6,1,0.8910727326083068,1.4025281167179333,-0.050086845815797754,0.14691157639026642
2968785096982770304,92845906,32,1,0.4513304228914803,1.5918010423996718,-0.3455053909456746,0.2018887847661972
2967108307393042048,93125144,6,4,0.6585051568372675,1.5434857512537767,-0.18144081967379938,0.18850262463092804
2967108307393042048,93125144,32,4,0.5992506365828707,1.5148686568196774,-0.2223914959438185,0.18037497997283936
2967108307393042048,93125144,33,4,1.712320988549252,1.5467346951461338,0.2335851800191195,0.1894158273935318
2967055977510839680,93126844,6,3,0.4134037476644444,1.7426823159419107,-0.3836255906438761,0.2412182241678238
2967055977510839680,93126844,32,3,0.504457488382305,0.9721016892487847,-0.2971754267291478,-0.012288302183151245
2967055977510839680,93126844,33,3,0.1451717983783418,1.7729397930729303,-0.8381177431279543,0.24869398772716522
2915492970976554368,93242288,6,1,26.832105781440703,1.5552083666669057,1.428654757404431,0.19178858399391174
2915492970976554368,93242288,32,1,3.2444685951306016,1.4739680520025011,0.5111435747569106,0.16848807036876678
2915492970976554368,93242288,33,1,4.813072489571999,1.4073179605285817,0.6824224026256319,0.1483922302722931
2915869966027648256,93280091,6,3,0.2495391970997515,1.382211683293157,-0.6028612266053877,0.14057455956935883
2967689566788320512,93327607,33,2,0.2379928368968018,1.4604069005339566,-0.6234361141325958,0.16447387635707855
2915967582044326528,93443364,6,4,2.383461759772362,1.5805096486286978,0.37720818850427135,0.19879715144634247
2915967582044326528,93443364,32,4,6.337668122523482,1.548858805528921,0.8019294932432898,0.19001182913780212
2915967582044326528,93443364,33,4,27.318210827934575,1.6020432775571936,1.4364522523667476,0.20467424392700195
6036037331464428800,93456758,12,0,0.389667795359147,1.6437324568577927,-0.4093054856000652,0.21583113074302673
6010849616018065920,93779101,12,2,1.9727207398858213,1.4795919175023988,0.2950656104876038,0.17014195024967194
6036418346602207616,93985722,12,3,6.405215659232833,1.2256163203309476,0.8065337567252087,0.08835453540086746
168744115397150592,94338761,43,4,47.46860987441684,1.5914752877733238,1.6764065135235022,0.2017998993396759
216905198595755392,94367820,43,2,0.2572582651153117,1.3419265035029615,-0.5896306634603382,0.12772873044013977
5998788660658648192,94491270,12,4,22.375480015522708,1.5013441240506644,1.3497723608977426,0.1764802485704422
5998788660658648192,94491270,39,4,49.72583516998979,1.9487710889769003,1.6965820860482994,0.2897608280181885
168534933310539776,94608039,43,3,4.6119327948376965,1.731382619015014,0.6638829701222715,0.23839305341243744
5369330447152203136,94634649,10,1,23.497826608871726,1.352615255260148,1.3710276948068636,0.13117428123950958
6036780566970110592,94834179,12,2,0.1921481890865707,1.2865682772632894,-0.7163637042176684,0.10943283885717392
6030802041226804224,94972416,39,1,15.243418757507271,1.4341241079052276,1.183082380455689,0.15658673644065857
6038520956430662144,95282711,12,4,0.3584871648180871,1.553795208017198,-0.4455263890853506,0.19139377772808075
6038328988573686400,95283211,12,2,0.0401282906954529,1.3749677796689395,-1.3965493390785924,0.13829252123832703
2991362056431878912,95328477,6,1,1.8625287311813912,1.3987336576357687,0.2701029808551201,0.1457350254058838
2991362056431878912,95328477,33,1,2.679494188178108,1.3817868650588219,0.42805281939608336,0.14044106006622314
5766091009035511680,954359238,38,3,3.4823535136007653,1.1129211186355203,0.541872856733358,0.046464383602142334
219121161202558464,95570747,59,3,9.127990615036508,1.250156345153197,0.9603751848895674,0.09696432948112488
5579734916388215808,96246348,33,1,0.0661251600013844,1.4829670161997996,-1.1796332641040657,0.17113149166107178
5579728220535205376,96320797,61,0,5.966151313053669,2.063439621195435,0.7756942637077267,0.31459176540374756
5603962659403414912,96581445,61,0,0.2868411658067748,1.6827083405016976,-0.542358521066358,0.2260088473558426
5578690109759506304,96652559,61,2,21.22857203037765,1.5818632999820037,1.3269207817220616,0.19916895031929016
5579558002391788544,96654984,61,4,0.1081194502336043,1.6752522309541684,-0.9660961712707503,0.22408020496368408
5579538791000341504,96740970,33,3,10.33907398701214,1.3189856704777883,1.0144816431737869,0.12024007737636566
5578667672850415616,96742895,61,3,2.4391494119031787,1.3964713123089967,0.3872384041585998,0.14503201842308044
5578784629101462784,96743408,61,1,0.2985936481477471,1.486917738867438,-0.5249194350695469,0.17228694260120392
5603679810036813184,96744970,61,4,4.1001088242429535,1.5130777070646018,0.6127953838272966,0.17986123263835907
5578824490696712960,96859149,61,0,40.49410512545159,1.3090188486255796,1.6073918059845147,0.11694590002298355
876668490869958656,97290592,46,0,0.0290154339533168,1.7140497456973716,-1.5373709297652596,0.23402342200279236
5885178529338386048,97884432,12,1,0.0146477916811386,1.4687070872264378,-1.8342278451383176,0.16693519055843353
6038409321640732672,98178510,65,3,0.0790842452484899,1.5216409088746632,-1.1019100257707588,0.18231217563152313
6038851737631487616,98305034,12,0,3.326909818900335,1.3880038900807006,0.5220410287964546,0.1423906832933426
6038851737631487616,98305034,65,0,1.4186874795244977,1.4558999631856955,0.15188673593222993,0.16313153505325317
6015107302986648064,98900472,12,1,1.868394079381419,1.3061084505078147,0.27146848241361865,0.11597923934459686
6014606097483584512,99210610,12,0,5.833282258487709,1.3125905350726352,0.7659129914030789,0.11812926828861237
6014606097483584512,99210610,38,0,6.492361968556044,1.5946218094272286,0.8124027250427063,0.20265769958496094
6011546843820042112,99324893,12,3,0.7184272480154607,1.513858613786576,-0.14361720440541656,0.18008531630039215
6126193127410168704,994964138,64,2,11.287633064356005,1.4946844626261608,1.0526028830358414,0.17454952001571655
1109659402842585856,99571853,60,3,0.853445951365018,1.2871307245737493,-0.06882397749849582,0.10962265729904175
1109820240777866880,99572754,60,4,0.0632602016381838,1.5946137118683648,-1.1988694281298913,0.20265549421310425
5996218071193669248,58833495,12,3,20.66810930744282,1.453685803994305,1.3153007497332,0.16247054934501648
3419115128091798400,69598131,44,4,29.90618298116336,1.7751681791791514,1.475760986217446,0.2492395043373108
4827556988896385536,77959225,32,1,22.37736042614199,1.4774571006322579,1.3498088569926534,0.16951487958431244
5350236465660622848,81314580,64,2,0.3846782022923552,1.4392055912098414,-0.41490242219943696,0.15812283754348755
