{
  "n_samples": 7156,
  "mae_myr": 112.04547354288046,
  "median_ae_myr": 22.29578399658203,
  "rmse_myr": 236.80960684089774,
  "log_mae_dex": 0.23781164005998404,
  "log_bias_dex": -0.00044385391933364715,
  "log_scatter_dex": 0.4137148325926947,
  "correlation": 0.730392553730755
}