{
  "n_samples": 7154,
  "mae_myr": 103.71994224362376,
  "median_ae_myr": 21.24782943725586,
  "rmse_myr": 224.27690388206256,
  "log_mae_dex": 0.20948241231524986,
  "log_bias_dex": 0.0023030738818262016,
  "log_scatter_dex": 0.38685571759961757,
  "correlation": 0.7593052498169824
}