{
  "n_samples": 6437,
  "mae_myr": 253.12276525186607,
  "median_ae_myr": 197.11077880859375,
  "rmse_myr": 350.9875859946813,
  "log_mae_dex": 0.5074767545764094,
  "log_bias_dex": 0.024359227267423116,
  "log_scatter_dex": 0.6591840693371729,
  "correlation": 0.34782288715624143
}