{
  "n_samples": 6437,
  "mae_myr": 248.25944619789468,
  "median_ae_myr": 196.17340087890625,
  "rmse_myr": 346.6294166985471,
  "log_mae_dex": 0.4854497351666064,
  "log_bias_dex": 0.022977773140578577,
  "log_scatter_dex": 0.6374473673866167,
  "correlation": 0.36848766138060735
}