{
  "n_samples": 2494,
  "mae_myr": 67.92496775418735,
  "median_ae_myr": 10.101686477661133,
  "rmse_myr": 174.8748673539897,
  "log_mae_dex": 0.15872030083697375,
  "log_bias_dex": 0.01133938921535415,
  "log_scatter_dex": 0.3332707403855771,
  "correlation": 0.8665491098836366
}