{"train_nll": [4.4471718776464995, 3.377897668893725, 3.160631776918016, 2.7594472114121196, 2.6200698249324126, 2.7846425409571895, 2.5282480331465504, 2.6234844115369835, 2.558752561518238, 2.467745663155957, 2.2666365540107267, 2.1969552273739685, 2.2036539003418922, 2.208137609047985, 2.198241539893543, 2.0855638108965016, 2.000710439031533, 2.0641404311216225, 2.0488199026919154, 1.9273252685776268, 1.932639187428362, 1.8808386828161294, 1.8535855286901937, 1.816446155429152, 1.9103921528648427, 1.7869844490807412, 1.8592934976972821, 1.8202867847773971, 1.7095604644320856, 1.7183641623813484, 1.7007739552410779, 1.688547413173922, 1.653514593534321, 1.6149781907852614, 1.6073054744830777, 1.5838360189196792, 1.6005321401795725, 1.5222229788590114, 1.593656657267785, 1.5083843297045056, 1.50624989804818, 1.4963909453166886, 1.4577697473538744, 1.456309147826282, 1.43905580452662, 1.4102998525899875, 1.4185349354234198, 1.3904400590798902, 1.3718567893340488, 1.3510599138476536, 1.344347186635491, 1.3352860966875717, 1.358659509335435, 1.3352069146649077, 1.3309726515432243, 1.302754479527208, 1.2880414211934843, 1.278470754172064, 1.274532408385075, 1.270272481892847, 1.2663241505888363, 1.2400010215413066, 1.2393750894839621, 1.2313602741152248, 1.2243689497223411, 1.2208448441894124, 1.227290385656208, 1.2072802783120713, 1.203448635963661, 1.1951088903210476, 1.18946137250399, 1.183667318539524, 1.1829544800161518, 1.1924356973520531, 1.1711839064856149, 1.1773058450567164, 1.1675902554611852, 1.1657886936298192, 1.1627678534899628, 1.1641693111982006, 1.164358426839578, 1.1575304827339665, 1.1548578198078214, 1.1550082949062763, 1.153202006227455, 1.1507254067401844, 1.1491369139643715, 1.150249359283787, 1.1492124004725093, 1.1478504642346388, 1.1476007213040291, 1.1460603626905412, 1.1456614532024665, 1.1450625022429402, 1.1448632312511282, 1.1445515533863568, 1.1444194339696454, 1.1442860516779672, 1.1441118956143181, 1.144053529100057], "val_nll": [3.7110841274261475, 3.504687786102295, 3.0729196071624756, 2.636322259902954, 3.241039276123047, 2.7055938243865967, 2.566434383392334, 3.0387587547302246, 2.5466604232788086, 2.5145978927612305, 2.3861277103424072, 2.40163254737854, 2.349106788635254, 2.402437448501587, 2.4752252101898193, 2.23812198638916, 2.259493112564087, 2.444378614425659, 2.3339192867279053, 2.289046049118042, 2.2213172912597656, 2.273968458175659, 2.2196319103240967, 2.2784829139709473, 2.287747621536255, 2.346345901489258, 2.1663618087768555, 2.1820638179779053, 2.1159346103668213, 2.1185836791992188, 2.150682210922241, 2.1290111541748047, 2.090919256210327, 2.172128438949585, 2.1648049354553223, 2.0898892879486084, 2.2091498374938965, 2.123814582824707, 2.107811450958252, 2.115967035293579, 2.201096296310425, 2.1330244541168213, 2.0662214756011963, 2.1158735752105713, 2.1027297973632812, 2.0736565589904785, 2.1052157878875732, 2.1172995567321777, 2.095237970352173, 2.0499579906463623, 2.09283185005188, 2.069805145263672, 2.066291093826294, 2.08817982673645, 2.0700109004974365, 2.096839427947998, 2.0992074012756348, 2.105219841003418, 2.106908082962036, 2.0968198776245117, 2.1014649868011475, 2.0982933044433594, 2.085073471069336, 2.0976743698120117, 2.1035501956939697, 2.114360809326172, 2.1155412197113037, 2.0913712978363037, 2.1057212352752686, 2.095581531524658, 2.097724199295044, 2.1116936206817627, 2.0996217727661133, 2.106931209564209, 2.123908042907715, 2.1052417755126953, 2.109994411468506, 2.0994064807891846, 2.1083366870880127, 2.107558012008667, 2.106666326522827, 2.105584144592285, 2.106126546859741, 2.11356520652771, 2.111814498901367, 2.1088199615478516, 2.110718250274658, 2.108283758163452, 2.108161687850952, 2.1087419986724854, 2.109583616256714, 2.1083366870880127, 2.108247995376587, 2.108623504638672, 2.108708620071411, 2.108518123626709, 2.108797073364258, 2.1086323261260986, 2.1087212562561035, 2.1087303161621094]}