{
  "n_samples": 2494,
  "mae_dex": 0.28732250383761093,
  "median_ae_dex": 0.16208318416335343,
  "rmse_dex": 0.4780325248517959,
  "bias_dex": -0.006421204619353002,
  "scatter_dex": 0.47798939627089976,
  "correlation": 0.8289031209685662
}