{"fold_0": {"train_nll": [4.797569420629131, 3.418181838396795, 2.960165354197393, 2.7584804509111303, 2.7253686399880297, 2.5150699175909192, 2.3697892945849586, 2.4446785132249516, 2.3187007063137504, 2.36854263059123, 2.314378736969942, 2.2169570796236484, 2.1406420184997375, 2.0963198051662864, 2.0196447109650513, 2.0242723885901226, 1.954897454363072, 1.9795299331267515, 1.9788268400815303, 1.8710662979401185, 1.8424100455396877, 1.8427958407239589, 1.8260803471108478, 1.853602594985274, 1.7590224045312, 1.740394601841011, 1.7389147095307558, 1.7666184376619145, 1.708530320910987, 1.6826621915152173, 1.6399852355161983, 1.6233411583011756, 1.6000238783612757, 1.7070761199943527, 1.5915700591398863, 1.5945583047991048, 1.5940882892073516, 1.5554776497498781, 1.5235108091740426, 1.5114317267595647, 1.4806796321888007, 1.471841834590048, 1.519618505227542, 1.4902471861762847, 1.4371520579458477, 1.4485376516659418, 1.439108791236648, 1.4074214321816851, 1.4580792965057618, 1.426599720675864, 1.396344351147363, 1.3895201112082105, 1.3780535120285584, 1.3802066876558599, 1.358802098310543, 1.352711988176277, 1.3550763001482569, 1.3390020373350155, 1.3288004950196566, 1.338627472191392, 1.3264213635591802, 1.3146467703377795, 1.3111450353223002, 1.3245848828183864, 1.298621829143746, 1.3027138275230576, 1.3049317088299142, 1.2847613961042048, 1.2891111956808514, 1.2906888102242846, 1.2852260144296772, 1.2758707821010826, 1.2777732541721187, 1.2692340150744261, 1.2689213177006327, 1.2712199102661652, 1.2645104067597934, 1.2623318200837634, 1.2640347679057915, 1.2649682779350357, 1.2606172599868928, 1.2579923791732481, 1.257468056344317, 1.256613224923969, 1.2546620094226693, 1.2546433260541163, 1.2538549656380633, 1.2518829226732733, 1.2525450359126609, 1.251890530567131, 1.2511725179656952, 1.2507817174246412, 1.2505017096747855, 1.2503410417713479, 1.2501266929572952, 1.2498747639522285, 1.2497879351547103, 1.249609361908479, 1.2495886180587188, 1.2495184059372406], "val_nll": [3.93109393119812, 3.361534595489502, 3.077197790145874, 2.9624383449554443, 2.970557451248169, 2.728755235671997, 2.7487828731536865, 2.822110414505005, 2.7840139865875244, 2.925044298171997, 2.9006736278533936, 2.6001241207122803, 2.696669101715088, 2.746426820755005, 2.537975311279297, 2.4132461547851562, 2.475830316543579, 2.433807611465454, 2.459139347076416, 2.581662654876709, 2.4066147804260254, 2.5312867164611816, 2.6651203632354736, 2.354409694671631, 2.432630777359009, 2.4302048683166504, 2.362816333770752, 2.3291871547698975, 2.4656355381011963, 2.3355984687805176, 2.345607042312622, 2.3057143688201904, 2.6360888481140137, 2.3366384506225586, 2.3212814331054688, 2.296058177947998, 2.3480522632598877, 2.2901229858398438, 2.3286092281341553, 2.299440860748291, 2.3696792125701904, 2.3395278453826904, 2.2825653553009033, 2.2991507053375244, 2.3167073726654053, 2.379021406173706, 2.3095154762268066, 2.3179807662963867, 2.3040099143981934, 2.279120922088623, 2.3039443492889404, 2.296513795852661, 2.313054323196411, 2.291992664337158, 2.293348789215088, 2.3121607303619385, 2.29640793800354, 2.3015060424804688, 2.294404983520508, 2.301703929901123, 2.2924869060516357, 2.319531202316284, 2.315223217010498, 2.3048412799835205, 2.3426170349121094, 2.30814266204834, 2.3203487396240234, 2.325190782546997, 2.3219985961914062, 2.313452959060669, 2.3270087242126465, 2.312943935394287, 2.319502115249634, 2.3220529556274414, 2.3172430992126465, 2.314016819000244, 2.322821855545044, 2.3240127563476562, 2.3230574131011963, 2.3203744888305664, 2.3210673332214355, 2.3203814029693604, 2.325960397720337, 2.3230385780334473, 2.324791669845581, 2.3189857006073, 2.322484016418457, 2.322544574737549, 2.3225128650665283, 2.322889566421509, 2.3226475715637207, 2.322120428085327, 2.3220741748809814, 2.322819948196411, 2.3230717182159424, 2.322507619857788, 2.322661876678467, 2.322648048400879, 2.322690725326538, 2.3226869106292725]}, "fold_1": {"train_nll": [4.333537637351271, 3.29083503415446, 2.947301204075555, 2.699908693711122, 2.674253186147533, 2.5148657357286597, 2.4205850288719835, 2.398105147606385, 2.3254132012804907, 2.255032424697417, 2.1858451798826994, 2.1554866071215613, 2.12842029703404, 2.153090148029442, 2.023397136069013, 1.9714475277669443, 2.006477455337922, 1.892536116327217, 2.021275289073019, 1.8977694076622178, 1.9419322838047464, 1.7823106516339258, 1.804101928919255, 1.793857761757646, 1.7293322588016609, 1.762892054173655, 1.6709819360820946, 1.6770310301580027, 1.6578648539487728, 1.6796781734856432, 1.6526737332582953, 1.6005421989188644, 1.5632630617680674, 1.5567251718593742, 1.5103966167312346, 1.5181798096410257, 1.4877694849977512, 1.5002851938018817, 1.491469803219568, 1.446234103195175, 1.4401339048851947, 1.455587685227633, 1.4257532568398363, 1.3892898454455909, 1.388961227599509, 1.3766576617896438, 1.3638761765015628, 1.3689223224509932, 1.3622500970511733, 1.3500946485446785, 1.3502147032959548, 1.3092478836227754, 1.3009784916837612, 1.3187424386431554, 1.2999601872985014, 1.2858404250729658, 1.2936563844193438, 1.2820641074725287, 1.2661699057371918, 1.2631641569022902, 1.266367008786402, 1.2591027641344166, 1.2560962209242856, 1.245033589059222, 1.2365632423895871, 1.2373794252743462, 1.2319699071332781, 1.2255515660456044, 1.2234900411001906, 1.2245071679652335, 1.2157332677102997, 1.2169769902028635, 1.2153925661572473, 1.2091345717768391, 1.208370504135598, 1.2087986865836775, 1.205200840332704, 1.2016652351868655, 1.2008266778651602, 1.1996273210865702, 1.2000817363868974, 1.1997767792256897, 1.1972930297584, 1.1951992020817224, 1.1957540225409315, 1.1939535401388257, 1.1933600988560067, 1.1940982265319517, 1.193358437092844, 1.191806688098487, 1.191969683748448, 1.19139151582737, 1.1911452012453863, 1.1907553537814077, 1.1905898567669855, 1.190370158943719, 1.1902906875572128, 1.190161199512367, 1.1901564648251735, 1.1900611374086751], "val_nll": [3.4422898292541504, 2.9093286991119385, 2.716726303100586, 2.79423451423645, 2.4620988368988037, 2.3451313972473145, 2.6737923622131348, 2.5954396724700928, 2.273404359817505, 2.384366750717163, 2.213240146636963, 2.189345121383667, 2.224005699157715, 2.158355236053467, 2.1052191257476807, 2.3243632316589355, 2.156571626663208, 2.165663719177246, 2.2131059169769287, 2.143225908279419, 2.0407845973968506, 2.1089117527008057, 2.071244478225708, 2.074136972427368, 2.036891460418701, 1.9876012802124023, 1.9742438793182373, 2.0503110885620117, 1.9457257986068726, 2.022282838821411, 1.9338982105255127, 1.921451210975647, 2.0218019485473633, 1.990475058555603, 1.9386727809906006, 1.910239815711975, 1.9210100173950195, 1.9378833770751953, 1.9053966999053955, 1.9083698987960815, 1.917944073677063, 1.884346842765808, 1.9291354417800903, 1.8890880346298218, 1.8680351972579956, 1.8569746017456055, 1.895157814025879, 1.8654582500457764, 1.8728015422821045, 1.882304310798645, 1.8812682628631592, 1.8722724914550781, 1.8999143838882446, 1.8984146118164062, 1.8835076093673706, 1.9004108905792236, 1.865168809890747, 1.8865758180618286, 1.8780333995819092, 1.8762449026107788, 1.886014461517334, 1.8720595836639404, 1.8781375885009766, 1.8746174573898315, 1.8760099411010742, 1.8920954465866089, 1.8705300092697144, 1.8822804689407349, 1.8881083726882935, 1.879913568496704, 1.881508469581604, 1.8854426145553589, 1.8838191032409668, 1.874119758605957, 1.878944993019104, 1.8767366409301758, 1.876505732536316, 1.8776578903198242, 1.881595253944397, 1.8764657974243164, 1.8768038749694824, 1.8800562620162964, 1.8806904554367065, 1.8820191621780396, 1.8776546716690063, 1.879328966140747, 1.8811701536178589, 1.8798491954803467, 1.8797607421875, 1.8812721967697144, 1.880446434020996, 1.8812105655670166, 1.8800053596496582, 1.8801798820495605, 1.8800315856933594, 1.8799017667770386, 1.8798696994781494, 1.8799382448196411, 1.8800050020217896, 1.8800328969955444]},