{
  "n_samples": 2494,
  "mae_dex": 0.4185471742279812,
  "median_ae_dex": 0.2988398427174306,
  "rmse_dex": 0.5967900266017314,
  "bias_dex": 0.012082878048792456,
  "scatter_dex": 0.5966676963849755,
  "correlation": 0.755033052914241
}