{"fold_0": {"train_nll": [5.956333430831084, 5.2086791103492995, 4.86978263033177, 4.626114859131868, 4.444957163625347, 4.301355881776982, 4.185274775377017, 4.082071310054802, 3.999279424518287, 3.920395349930666, 3.8486336648822546, 3.787643209965769, 3.7304495914665634, 3.6912343731385193, 3.641595118031473, 3.607408779656481, 3.5731573687765548, 3.544325476418994, 3.5263894335301464, 3.502070597035135, 3.47899962236026, 3.46407227669068, 3.4462786475737732, 3.4360852141179636, 3.4221797648794903, 3.4081446164117786, 3.3970463610364345, 3.3883992741724294, 3.380860976083484, 3.3713312736732926, 3.3642948161146204, 3.3576105367205664, 3.3510318294555725, 3.3462907446171335, 3.3416480401713766, 3.336820111246052, 3.333637204581129, 3.3296845073929293, 3.3257429131525074, 3.322732537925124, 3.3200548937421046, 3.3171220040751366, 3.3150558853913883, 3.3137815586311783, 3.3111503093180534, 3.3092273160785375, 3.3075561322764546, 3.306211646907554, 3.3049077419097532, 3.303938626765249, 3.302658790099119, 3.3018336448975223, 3.3009719929857577, 3.3006274117257646, 3.2994826270009807, 3.2988783778074033, 3.2983582478486944, 3.2979394137739897, 3.297428695376746, 3.297018586275334, 3.2966450130294462, 3.2962764867083103, 3.296006031170159, 3.295709593740398, 3.295487241420096, 3.2952585182113494, 3.2950845094386465, 3.294932925390576, 3.294885218740704, 3.2946665038565595, 3.294551801108167, 3.2944800552719817, 3.2943502891517595, 3.2942919802809048, 3.294239732688797, 3.294173227761217, 3.294121763271416, 3.2940797595557325, 3.294040666075651, 3.2940144911557736, 3.293978098160279, 3.293955315568882, 3.2939373123383, 3.2939243961670597, 3.2939085926942693, 3.2938966612538736, 3.2938886071015934, 3.293881005896834, 3.293874788857653, 3.2938703998535095, 3.293867746192611, 3.2938660610176043, 3.2938648187564703, 3.2938641737362664, 3.2938638416703094, 3.293863610418622, 3.2938634895370575, 3.2938636906878025, 3.293863695943523, 3.2938636156743417], "val_nll": [5.55070686340332, 5.170990467071533, 4.894373416900635, 4.694877624511719, 4.546254634857178, 4.424187183380127, 4.316277980804443, 4.236133098602295, 4.1581549644470215, 4.085559368133545, 4.019170761108398, 3.9626853466033936, 3.9182677268981934, 3.875601053237915, 3.845623254776001, 3.8084638118743896, 3.7818286418914795, 3.7733147144317627, 3.7332935333251953, 3.7158379554748535, 3.6985435485839844, 3.6916003227233887, 3.680208683013916, 3.6643478870391846, 3.6522960662841797, 3.636967897415161, 3.6284077167510986, 3.6284351348876953, 3.620748996734619, 3.6025545597076416, 3.600705862045288, 3.5905044078826904, 3.5930213928222656, 3.581149101257324, 3.579058885574341, 3.5752580165863037, 3.571604013442993, 3.5703775882720947, 3.56598162651062, 3.563671827316284, 3.5609655380249023, 3.5600125789642334, 3.556529998779297, 3.555004596710205, 3.5526764392852783, 3.551255702972412, 3.5525922775268555, 3.550286054611206, 3.5484745502471924, 3.5485658645629883, 3.546814203262329, 3.5458009243011475, 3.545384645462036, 3.545255661010742, 3.544041395187378, 3.544241428375244, 3.543992519378662, 3.543238401412964, 3.54302716255188, 3.5430173873901367, 3.542308807373047, 3.542097568511963, 3.541857957839966, 3.541498899459839, 3.5411741733551025, 3.541107416152954, 3.5409369468688965, 3.5409090518951416, 3.5407052040100098, 3.5407137870788574, 3.5406224727630615, 3.540452718734741, 3.540473461151123, 3.5404655933380127, 3.5403380393981934, 3.540395736694336, 3.5403804779052734, 3.5403499603271484, 3.5403337478637695, 3.5403249263763428, 3.5402824878692627, 3.5402450561523438, 3.54023814201355, 3.5402321815490723, 3.5402233600616455, 3.54021954536438, 3.5402071475982666, 3.5401980876922607, 3.540194034576416, 3.5401930809020996, 3.540191888809204, 3.540191173553467, 3.540189504623413, 3.540189504623413, 3.540189266204834, 3.540189743041992, 3.540189504623413, 3.540189027786255, 3.540189027786255, 3.540189027786255]}, "fold_1": {"train_nll": [5.567499702583573, 5.199229732544007, 4.919175708938935, 4.698061943531992, 4.523829512701245, 4.38197034585452, 4.260592409986294, 4.152597894171675, 4.050435268807268, 3.966470586035199, 3.8895207856126683, 3.8296948062155196, 3.774639075170299, 3.724332142449572, 3.681570601606656, 3.6427822777169023, 3.609038547905748, 3.5803127169370175, 3.552331079223113, 3.5297464192033052, 3.5081723476937396, 3.4928317867921206, 3.4716853254543754, 3.4570273163323413, 3.4447949921678687, 3.4302985892744964, 3.4200027395106987, 3.409272390281509, 3.400060562189213, 3.390507979479008, 3.3843912500178885, 3.3773175155471464, 3.371438674315183, 3.3647604595444247, 3.360122768577927, 3.354849161270386, 3.3501559092191036, 3.3469812626351336, 3.343037007566922, 3.3403268405096327, 3.336847137114806, 3.3344894074246976, 3.332679411691272, 3.3296769348557342, 3.3279572694239494, 3.326093697595692, 3.3247871895830237, 3.3230769051339677, 3.321791283353297, 3.3205132952672924, 3.319364918496661, 3.3184102460712133, 3.3175963227877876, 3.3167516845978335, 3.3160864098038605, 3.3154734939277053, 3.314890252803275, 3.314358762366499, 3.3138818951073534, 3.3134563843568485, 3.313117640290805, 3.312798324472202, 3.312484507570286, 3.3122478635134343, 3.311975260774693, 3.3118006356493503, 3.311605162037637, 3.3114709309442247, 3.311297922669527, 3.3111723678145477, 3.3110662729802254, 3.31097062341197, 3.3108687697049373, 3.3108056465943974, 3.310725672689373, 3.310673644404134, 3.310627369221322, 3.310580058183842, 3.310553779582939, 3.31051234252945, 3.310486200099479, 3.310461700559857, 3.3104435800311562, 3.310428021666043, 3.310415543630749, 3.310400498415043, 3.3103915866247875, 3.3103838291818013, 3.3103791902920525, 3.31037419544671, 3.310371253676787, 3.3103695393564228, 3.3103685144909876, 3.31036773473323, 3.3103673964559674, 3.31036723496202, 3.3103670180441145, 3.3103670142217725, 3.310367124591896, 3.3103671652042794], "val_nll": [5.325381278991699, 5.031409740447998, 4.787474632263184, 4.60109281539917, 4.451010704040527, 4.330945014953613, 4.225358963012695, 4.113449573516846, 4.0278778076171875, 3.947175979614258, 3.890329360961914, 3.8282828330993652, 3.777691602706909, 3.728935480117798, 3.693325996398926, 3.6572623252868652, 3.62728214263916, 3.6020874977111816, 3.57680344581604, 3.553208351135254, 3.534975051879883, 3.515852212905884, 3.501608371734619, 3.485903263092041, 3.4765331745147705, 3.4609076976776123, 3.4512031078338623, 3.4418513774871826, 3.432476282119751, 3.4252007007598877, 3.417853355407715, 3.411081314086914, 3.4051008224487305, 3.400092601776123, 3.395202159881592, 3.391580104827881, 3.386819362640381, 3.383180856704712, 3.380258321762085, 3.377110004425049, 3.3745052814483643, 3.372344493865967, 3.36995792388916, 3.368206739425659, 3.3660125732421875, 3.364537477493286, 3.362993001937866, 3.3615305423736572, 3.3602702617645264, 3.359130382537842, 3.3584163188934326, 3.357311248779297, 3.356534957885742, 3.3558831214904785, 3.3553261756896973, 3.3546876907348633, 3.354016065597534, 3.3536369800567627, 3.353215217590332, 3.352853298187256, 3.3525516986846924, 3.3523547649383545, 3.3521041870117188, 3.3518152236938477, 3.3516271114349365, 3.3514106273651123, 3.3513076305389404, 3.351161479949951, 3.3510255813598633, 3.3509294986724854, 3.35081148147583, 3.3507280349731445, 3.3506364822387695, 3.350581407546997, 3.350517749786377, 3.3504638671875, 3.3504161834716797, 3.3503808975219727, 3.350344657897949, 3.3503170013427734, 3.350294351577759, 3.3502707481384277, 3.350253105163574, 3.350236654281616, 3.3502280712127686, 3.3502166271209717, 3.3502109050750732, 3.350205659866333, 3.3502001762390137, 3.3501975536346436, 3.3501956462860107, 3.3501946926116943, 3.350193738937378, 3.350193500518799, 3.350193500518799, 3.3501927852630615, 3.3501930236816406, 3.3501930236816406, 3.3501927852630615, 3.3501927852630615]},