{
  "n_samples": 2494,
  "mae_dex": 0.5321318847579846,
  "bias_dex": -0.14786214021208996,
  "scatter_dex": 0.7763123874583044,
  "correlation": 0.49835339023966685
}