{
  "n_samples": 7154,
  "mae_myr": 110.71912613144426,
  "median_ae_myr": 21.83469009399414,
  "rmse_myr": 233.04570130588056,
  "log_mae_dex": 0.21767019766251175,
  "log_bias_dex": 0.002464722759167247,
  "log_scatter_dex": 0.3855651193166727,
  "correlation": 0.7388302929562875
}