{
  "n_samples": 7156,
  "mae_myr": 112.15372987248833,
  "median_ae_myr": 22.730289459228516,
  "rmse_myr": 237.77563553600083,
  "log_mae_dex": 0.23817311380937647,
  "log_bias_dex": 0.0026028854452648346,
  "log_scatter_dex": 0.4140806902076442,
  "correlation": 0.7274200409281626
}