{
  "n_samples": 6437,
  "mae_myr": 256.2857640077328,
  "median_ae_myr": 145.3372344970703,
  "rmse_myr": 362.9970993625726,
  "log_mae_dex": 0.4932652404040537,
  "log_bias_dex": 0.004190753316484782,
  "log_scatter_dex": 0.6360417181988748,
  "correlation": 0.3313543338727474
}