{
  "n_samples": 2494,
  "mae_dex": 0.3370451113408172,
  "median_ae_dex": 0.177513166175707,
  "rmse_dex": 0.5576038726963044,
  "bias_dex": 0.0016759937915551706,
  "scatter_dex": 0.5576013539175879,
  "correlation": 0.7607065428182542
}