gaia_id,true_log_age,pred_median,pred_mean,pred_map,pred_p16,pred_p84,residual_dex,bprp0,prot_days,fold
3411274308810562688,2.8750612633917,3.4023423194885254,3.239129066467285,3.8457658290863037,2.75171160697937,3.837477445602417,0.5272810560968253,2.708207,11.1505,1
69854348831573504,1.9867717342662448,1.3468468189239502,1.3476276397705078,0.21135134994983673,0.31081080436706543,2.358017921447754,-0.6399249153422946,2.395374825579053,2.6849,1
6242294648994625408,1.0,1.2598198652267456,1.6288022994995117,0.9904504418373108,0.4517117142677307,3.1205406188964844,0.2598198652267456,3.0283228826983315,2.6879,5
65674383581036800,1.9867717342662448,1.993333339691162,1.8471977710723877,2.0347747802734375,1.0609009265899658,2.5610811710357666,0.0065616054249173494,2.5984498968222995,0.8691,1
6044636130868878208,1.0107238653917732,1.1023423671722412,1.5043973922729492,0.9448648691177368,0.4351351261138916,3.568108081817627,0.09161850178046804,0.8339052137366803,1.65,5
6049610080944881408,1.0492180226701815,1.9809008836746216,1.894392490386963,2.088648557662964,1.3468468189239502,2.4243242740631104,0.9316828610044401,3.089428064552479,0.5778,5
247999421789789952,1.8976270912904414,1.81513512134552,1.7966896295547485,1.7985585927963257,1.599639654159546,2.0223424434661865,-0.08249196994492136,2.016110776422816,0.2644,9
66161020555461120,1.9867717342662448,1.9228829145431519,1.8733577728271484,2.043063163757324,1.222522497177124,2.5735135078430176,-0.0638888197230929,3.004357998409237,0.5421,3
69585140280997760,1.9867717342662448,1.7985585927963257,1.8283278942108154,1.723963975906372,1.483603596687317,2.258558511734009,-0.18821314146991908,1.25132275390169,6.3337,4
5238615870594344960,1.568201724066995,1.840000033378601,1.8466026782989502,1.5001801252365112,1.0401802062988281,2.6439640522003174,0.2717983093116061,2.619155241540037,1.6557,9
3419631520599185664,0.5314789170422551,1.2100900411605835,1.6754984855651855,0.8122522234916687,0.6133333444595337,3.0335135459899902,0.6786111241183284,2.1942779860557224,8.5117,1
660295357121694080,2.8561244442423,3.423063039779663,3.427138090133667,3.472792863845825,3.2448649406433105,3.5888288021087646,0.5669385955373629,1.307991589697705,14.2813,0
68348155340347776,2.1051694279993316,1.1727927923202515,1.3443561792373657,0.8661261200904846,0.5014414191246033,2.4118919372558594,-0.9323766356790801,2.423052931462257,4.3907,1
66846291177113088,1.9867717342662448,1.4048649072647095,1.4513816833496094,1.4463063478469849,0.36468467116355896,2.4409008026123047,-0.5819068270015353,2.2702652222081627,3.698,2
659674614089017984,2.8561244442423,1.9394594430923462,1.8421958684921265,2.0927927494049072,1.2349549531936646,2.4367568492889404,-0.916665001149954,2.2241273117631857,1.7106,8
68267680536205440,2.0492180226701815,1.2266666889190674,1.2684693336486816,0.6299099326133728,0.5138738751411438,2.0472071170806885,-0.8225513337511141,1.7980247654133836,4.8731,1
69838302833692160,2.0492180226701815,1.3551350831985474,1.331468105316162,1.2059459686279297,0.6216216087341309,1.9767568111419678,-0.6940829394716341,1.48410362397934,5.521,3
6049751196390570880,1.0107238653917732,1.4587386846542358,1.7494664192199707,2.8884685039520264,0.6506306529045105,2.967207193374634,0.44801481926246267,3.0444810395558486,1.8101,5
6049114922751320960,0.568201724066995,1.4628828763961792,1.5366276502609253,1.4794594049453735,0.5553153157234192,2.48234224319458,0.8946811523291842,2.288952139017272,2.6407,5
3313285110990793472,2.8750612633917,3.435495376586914,3.4575321674346924,3.298738718032837,3.1246845722198486,3.8954954147338867,0.560434113195214,2.760940999999999,21.281,3
145238687096970496,0.6532125137753437,0.6464864611625671,1.0229140520095825,0.7376576662063599,0.273513525724411,1.222522497177124,-0.00672605261277659,3.972697953770693,1.4979,3
63485427727244544,1.9867717342662448,1.9353153705596924,1.7878919839859009,2.5237836837768555,1.1520720720291138,2.4616215229034424,-0.05145636370655238,2.727368151468835,0.4627,1
66665902550940672,1.9867717342662448,1.9436036348342896,1.8260037899017334,2.4367568492889404,1.3219820261001587,2.4118919372558594,-0.04316809943195521,2.6267171380978387,0.4313,1
6244239238381084544,0.7781512503836436,0.9821621775627136,1.6067047119140625,3.3691892623901367,0.3149549663066864,3.4272072315216064,0.20401092717907,3.452968571380789,2.4998,5
64438841747360768,1.9867717342662448,1.3427027463912964,1.4066787958145142,1.1354955434799194,0.7293693423271179,2.1176576614379883,-0.6440689878749484,1.678698358766163,6.9233,4
63705433133130368,1.9867717342662448,1.9809008836746216,1.8875021934509277,2.005765676498413,1.3799999952316284,2.445044994354248,-0.005870850591623178,2.924303839599521,0.6229,1
6244278305404148352,1.1020905255118367,1.4255856275558472,1.656901478767395,1.1106306314468384,0.5263063311576843,2.9381980895996094,0.32349510204401044,2.8435148942716233,2.4761,5
6249299770708343808,0.8948696567452525,1.4794594049453735,1.4926666021347046,2.2544143199920654,0.5138738751411438,2.3745946884155273,0.584589748200121,1.6653223386820388,7.0358,5
6052165620844261760,1.1020905255118367,1.1645045280456543,1.6372214555740356,0.7956756949424744,0.3895495533943176,3.190990924835205,0.06241400253381757,2.9992896098827613,2.7754,5
64930495244783616,1.9867717342662448,1.6120721101760864,1.6000711917877197,2.043063163757324,0.5345945954322815,2.4118919372558594,-0.37469962409015833,0.5535857375827349,0.5207,1
5253965774497322240,1.568201724066995,1.6286486387252808,1.7837536334991455,2.4036035537719727,0.44342342019081116,3.3526124954223633,0.06044691465828578,0.621008866479328,1.1387,8
6245859403122312704,0.7781512503836436,1.313693642616272,1.8401095867156982,3.2448649406433105,0.592612624168396,3.3401801586151123,0.5355423922326283,3.5798200309386212,1.7888,5
5239135492911437568,1.7201593034059568,2.2046847343444824,2.1914336681365967,2.1839640140533447,1.8565765619277954,2.532072067260742,0.4845254309385256,3.091879888296482,0.2898,7
67618285777617664,1.9867717342662448,2.3745946884155273,2.2738218307495117,2.532072067260742,1.0733333826065063,3.655135154724121,0.3878229541492826,0.6848232171369352,2.8913,4
6243459409762251648,1.0064660422492318,1.454594612121582,1.5971333980560303,1.1893693208694458,0.5304504632949829,2.759999990463257,0.4481285698723503,2.6049920584286337,2.8599,5
65053915424355584,1.9867717342662448,2.4243242740631104,2.018735408782959,2.6066665649414062,1.069189190864563,2.7558557987213135,0.4375525397968656,3.155594329525729,1.0121,4
64009448097245440,1.9867717342662448,1.7198197841644287,1.6377731561660767,1.8731532096862793,1.2805405855178833,2.018198251724243,-0.26695195010181605,1.6089964939731998,0.3992,4
66462939577861248,2.1051694279993316,1.4628828763961792,1.5106010437011719,1.9643243551254272,0.8288288116455078,2.0596396923065186,-0.6422865516031524,0.7520895866067269,2.1687,4
66597767189992832,1.9867717342662448,1.9891891479492188,1.936467170715332,0.9282882809638977,0.8371171355247498,3.1371171474456787,0.00241741368297399,2.3764842771626187,8.3172,1
66429232674604544,1.9867717342662448,2.038918972015381,1.9426021575927734,2.602522611618042,1.2515314817428589,2.664684772491455,0.0521472377491361,2.9679421592086146,0.9812,1
661315837054947840,2.8561244442423,3.692432403564453,3.621312141418457,4.019819736480713,3.166126012802124,3.9908108711242676,0.836307959322153,1.1078659477932755,11.7808,6
66816295125702144,1.9867717342662448,2.2668468952178955,2.252777338027954,2.299999952316284,2.038918972015381,2.48234224319458,0.28007516095165075,1.3744301255786722,8.6772,2
441715915858562944,1.8976270912904414,2.005765676498413,1.9727795124053955,2.3165764808654785,1.6120721101760864,2.3414413928985596,0.1081385852079717,2.499659888231884,0.3092,9
5290725781064133760,2.419955748489758,1.6203603744506836,1.595035433769226,1.893873929977417,0.9821621775627136,2.076216220855713,-0.7995953740390744,0.8626782981441367,3.1841,9
6236015784767404160,1.0064660422492318,1.7405405044555664,1.9323192834854126,2.909189224243164,0.90756756067276,3.0127928256988525,0.7340744622063347,3.213338654750204,1.5838,5
664513594826132480,2.8561244442423,1.015315294265747,1.4250768423080444,0.9282882809638977,0.38126125931739807,2.9257657527923584,-1.840809149976553,2.927575425412252,2.2115,6
64078167575681152,2.0492180226701815,1.6576576232910156,1.6515984535217285,1.5126125812530518,0.861981987953186,2.4243242740631104,-0.39156039937916587,2.4714916236558624,1.992,3
66452047540860160,1.9867717342662448,2.001621723175049,1.9607188701629639,2.1673874855041504,1.5540540218353271,2.3745946884155273,0.014849988908804068,3.0912443036769295,0.3014,1
144171233106399104,2.88930170250631,3.398198127746582,3.4289321899414062,3.190990924835205,3.054234266281128,3.8540539741516113,0.5088964252402719,0.900964000000001,9.3967,3
6050364449002909824,1.209515014542631,2.067927837371826,2.0010530948638916,2.5818018913269043,1.2059459686279297,2.7641441822052,0.8584128228291952,2.9841980210855756,1.2526,5
66509634462127360,1.9867717342662448,1.9518918991088867,1.877584457397461,2.063783884048462,1.123063087463379,2.6356756687164307,-0.03487983515735804,2.9481091889090227,0.6599,3
6050308988082736896,1.1367205671564067,1.3882882595062256,1.4349517822265625,1.570630669593811,0.5511711835861206,2.1176576614379883,0.2515676923498189,1.84947397591634,3.3861,5
6242294648994625408,1.0064660422492318,1.2598198652267456,1.6288022994995117,0.9904504418373108,0.4517117142677307,3.1205406188964844,0.25335382297751385,3.0283228826983315,2.6879,5
65864427293364864,2.1051694279993316,2.0845046043395996,2.049673080444336,2.138378381729126,1.699099063873291,2.370450496673584,-0.02066482365973199,1.312729208571333,7.2954,1
248334085642021888,1.8325089127062364,1.8607207536697388,1.7937164306640625,1.9809008836746216,1.1645045280456543,2.2917118072509766,0.028211840963502377,2.7817301743358724,0.1498,9
6237410102943031680,1.0,1.3717117309570312,1.6611595153808594,0.9614414572715759,0.476576566696167,3.0583784580230713,0.37171173095703125,2.698536468637058,3.8538,5
6242260220531843968,1.0064660422492318,1.429729700088501,1.768621802330017,2.958918809890747,0.63819819688797,3.041801691055298,0.4232636578392692,3.1437369675067495,1.8094,5
69811639676769536,2.1051694279993316,0.6630630493164062,0.7651575803756714,0.48072072863578796,0.3025225102901459,1.222522497177124,-1.4421063786829253,0.8448811471822101,1.496,2
66740497542906368,1.9867717342662448,1.8814414739608765,1.8617138862609863,1.877297282218933,1.4131531715393066,2.3497297763824463,-0.1053302603053683,2.9962107144759007,0.3955,4
442601194515899264,1.8976270912904414,1.9145946502685547,1.9237685203552246,1.8027026653289795,1.4421621561050415,2.519639730453491,0.016967558978113306,2.7797604898901493,0.4528,9
64889126119831040,1.9867717342662448,1.9891891479492188,1.8237327337265015,2.076216220855713,0.915855884552002,2.590090036392212,0.00241741368297399,2.4732292380385426,1.1421,1
6243908319741005568,1.0064660422492318,1.9477477073669434,1.821364402770996,2.432612657546997,1.1147748231887817,2.4243242740631104,0.9412816651177116,2.511869590008086,0.5501,5
5239746271633131904,1.568201724066995,1.1935135126113892,1.2359988689422607,1.222522497177124,0.40198197960853577,2.063783884048462,-0.3746882114556058,1.9266582029648016,4.4991,9
6242207821930501504,1.0064660422492318,1.2556756734848022,1.6288683414459229,0.8868468403816223,0.430990993976593,3.0998198986053467,0.2492096312355705,2.652928991250159,4.5488,5
65179946945247488,2.1051694279993316,0.8495495319366455,1.362623929977417,0.6962162256240845,0.32324323058128357,3.008648633956909,-1.255619896062686,2.6838574348512063,4.4326,1
64768763955442944,2.1051694279993316,1.9353153705596924,1.9194653034210205,1.6162161827087402,1.3468468189239502,2.5237836837768555,-0.16985405743963922,2.7418765777347582,1.2094,2
251365954596999296,1.8976270912904414,1.6700900793075562,1.7081973552703857,1.9187387228012085,0.7832432389259338,2.333153247833252,-0.22753701198288523,0.7542913363035428,2.8608,9
6243487069351330304,1.0064660422492318,2.6190991401672363,2.1071043014526367,0.0,0.38540539145469666,3.5390992164611816,1.6126330979180046,2.5817273129864864,6.7773,5
67899520235887616,1.9867717342662448,1.9228829145431519,1.8796368837356567,2.1715314388275146,1.4711711406707764,2.287567615509033,-0.0638888197230929,3.2112767961367537,0.2858,3
117709729140216320,2.1051694279993316,2.200540542602539,2.2051525115966797,2.28342342376709,1.9270269870758057,2.407747745513916,0.09537111460320746,1.0240186437643026,6.5151,1
6236353334834635648,1.0064660422492318,1.1396396160125732,1.6161991357803345,0.8081080913543701,0.38540539145469666,3.2075674533843994,0.1331735737633415,3.0904503340314577,2.6479,5
6236545302689568384,1.2730012720637376,1.599639654159546,1.7729358673095703,1.931171178817749,0.5428828597068787,3.443783760070801,0.3266383820958083,0.7274675231379621,1.8893,5
251179484294840960,1.8976270912904414,1.1935135126113892,1.3210251331329346,1.284684658050537,0.4102702736854553,2.3248648643493652,-0.7041135786790522,2.337930773283751,3.5191,9
3406094750050845696,2.88930170250631,1.7073873281478882,1.9210515022277832,1.2681081295013428,1.0028828382492065,2.992072105407715,-1.181914374358422,3.0468559999999982,1.4382,3
6235147441152850176,1.0064660422492318,1.2515314817428589,1.7506543397903442,1.1437838077545166,0.4558558464050293,3.70072078704834,0.24506543949362714,0.90260879240115,1.7963,5
65285633203088768,2.1051694279993316,1.8565765619277954,1.796535611152649,1.9145946502685547,1.483603596687317,2.1590991020202637,-0.2485928660715362,3.134848573899732,0.235,3
232162125023265152,1.8325089127062364,1.1520720720291138,1.234191656112671,1.106486439704895,0.3936936855316162,2.0927927494049072,-0.6804368406771226,1.853569541718272,4.9535,9
63916431989200256,1.9867717342662448,2.2171170711517334,2.207767963409424,2.299999952316284,1.893873929977417,2.5030629634857178,0.23034533688548864,1.1962257731581374,7.4851,3
661300993647979776,2.8561244442423,2.8428828716278076,2.939077615737915,2.834594488143921,2.747567653656006,2.9879279136657715,-0.013241572614492547,1.0239115587717358,9.1324,6
6044230960827500032,1.1020905255118367,1.392432451248169,1.620933175086975,1.0981981754302979,0.522162139415741,2.884324312210083,0.2903419257363322,2.598650823817284,3.8811,5
3314352530621527296,0.2380461031287954,1.3592792749404907,2.0839407444000244,3.5598199367523193,0.4351351261138916,3.7090089321136475,1.1212331718116952,3.362334287658591,2.5667,1
70132658415356672,1.9867717342662448,1.6245044469833374,1.4647127389907837,2.1549549102783203,0.6216216087341309,2.138378381729126,-0.36226728728290736,1.3966144119718704,0.5374,2
5239935525081853312,1.568201724066995,1.069189190864563,1.2402822971343994,0.9655855894088745,0.3563964068889618,2.2792792320251465,-0.499012533202432,2.1680230430280374,5.466,9
6042985076719595904,1.2730012720637376,1.6162161827087402,1.774857521057129,0.8909909725189209,0.4724324345588684,3.4520721435546875,0.34321491064500265,0.7419902185663233,2.3892,5
66452769091505024,2.1051694279993316,2.457477569580078,2.4316675662994385,2.5237836837768555,2.237837791442871,2.590090036392212,0.3523081415807465,0.9883463091578012,6.8531,4
6235131880488892160,1.2730012720637376,1.1935135126113892,1.6629517078399658,0.8661261200904846,0.40198197960853577,3.2945945262908936,-0.07948775945234843,3.09013861645374,3.2056,5
145982742935380096,0.30319605742048883,3.3899099826812744,2.251110553741455,3.655135154724121,0.5014414191246033,3.812612533569336,3.086713925260786,3.538440432233993,2.1692,1
6043990236502849536,1.0,2.909189224243164,2.9958696365356445,2.722702741622925,2.5859458446502686,3.568108081817627,1.909189224243164,0.7537312602710666,5.8913,9
66788669895935616,2.1051694279993316,2.0223424434661865,1.9118443727493286,2.3911712169647217,1.2515314817428589,2.527927875518799,-0.08282698453314508,2.8669231709810146,1.1129,4
3312960205303089664,2.88930170250631,1.4463063478469849,1.6098501682281494,2.507207155227661,0.5387387275695801,2.664684772491455,-1.4429953546593253,2.199377,8.9646,3
5251991360838624128,1.7201593034059568,1.906306266784668,1.6666152477264404,0.0,0.38126125931739807,2.3538739681243896,0.18614696337871117,0.545179162525798,0.4575,7
64964717544035200,2.1051694279993316,1.0899099111557007,1.2216628789901733,1.094054102897644,0.40612611174583435,2.1715314388275146,-1.015259516843631,1.988355257163158,6.8448,4
66940299422471296,2.1051694279993316,1.840000033378601,1.7342615127563477,1.9394594430923462,1.0774774551391602,2.320720672607422,-0.2651693946207305,2.204352404560921,1.6319,3
69876712724339456,1.9867717342662448,0.5097297430038452,0.7966991066932678,0.0,0.06630630791187286,1.7571171522140503,-1.4770419912623995,1.0778781266718878,0.475,4
6242661336116811648,1.0107238653917732,1.3468468189239502,1.5151221752166748,1.0733333826065063,0.4931531548500061,2.49477481842041,0.336122953532177,2.210896978542715,3.8701,5
65165653294149760,2.1051694279993316,1.7322522401809692,1.714877724647522,1.7446846961975098,1.2971171140670776,2.1425225734710693,-0.37291718781836236,3.116530289853919,0.3403,1
69838302833692160,1.9867717342662448,1.3551350831985474,1.331468105316162,1.2059459686279297,0.6216216087341309,1.9767568111419678,-0.6316366510676974,1.48410362397934,5.521,3
3410439745127430016,2.88930170250631,0.9572973251342773,1.5324158668518066,0.40198197960853577,0.2818017899990082,3.385765790939331,-1.9320043773720328,2.9515230000000017,4.7738,2
65214856439472640,1.9867717342662448,1.284684658050537,1.3976449966430664,0.8205405473709106,0.5636035799980164,2.1963963508605957,-0.7020870762157077,1.589112268035712,7.0953,4
66745170467302656,1.9867717342662448,1.27639639377594,1.405989170074463,1.1106306314468384,0.4102702736854553,2.590090036392212,-0.7103753404903048,2.8184336156169216,2.0113,1
66788291938818304,2.1051694279993316,1.7819819450378418,1.6436258554458618,2.030630588531494,1.0484684705734253,2.0969369411468506,-0.3231874829614898,0.7877115885621245,3.0745,2
5242010093028921856,1.568201724066995,0.8246846795082092,0.8900665640830994,0.5760360360145569,0.28594595193862915,1.4090089797973633,-0.7435170445587858,0.9968557334189292,2.3781,9
68444878003882240,1.9867717342662448,1.7819819450378418,1.7164217233657837,1.8855855464935303,1.0650449991226196,2.1549549102783203,-0.20478978922840296,0.7697136779747431,2.9789,4
233593860965180928,1.8325089127062364,1.9145946502685547,1.921086311340332,1.4131531715393066,0.9863063097000122,2.8263063430786133,0.0820857375623183,2.8492819145825643,1.3598,9
5253965774497322240,1.7201593034059568,1.6286486387252808,1.7837536334991455,2.4036035537719727,0.44342342019081116,3.3526124954223633,-0.09151066468067603,0.621008866479328,1.1387,8
65194584193758336,2.1051694279993316,2.2668468952178955,2.297360420227051,2.3497297763824463,1.9809008836746216,2.515495538711548,0.1616774672185639,1.08116088315698,7.0718,1
66765751950550144,1.9867717342662448,2.0099098682403564,1.9198015928268433,2.370450496673584,1.3799999952316284,2.527927875518799,0.023138133974111685,2.9444301777377686,0.8847,2
66280248847432192,1.9867717342662448,1.9974775314331055,1.8886662721633911,2.076216220855713,1.031891942024231,2.652252197265625,0.010705797166860709,2.7165202402414894,0.7778,3
66471220274934272,2.1051694279993316,2.590090036392212,2.6359500885009766,2.6066665649414062,2.4243242740631104,2.954774856567383,0.4849206083928803,0.7370715666371772,4.6787,1
664422683254834304,2.8561244442423,2.7931530475616455,2.8039114475250244,2.772432327270508,2.714414358139038,3.066666603088379,-0.06297139668065466,0.8925796186865383,8.1131,8
64870296982175488,1.9867717342662448,1.8192793130874634,1.6806788444519043,2.3538739681243896,1.0567567348480225,2.3414413928985596,-0.16749242117878138,2.1829651590036776,0.574,1
69918086146123520,2.0492180226701815,1.2349549531936646,1.296750783920288,0.2196396440267563,0.3398198187351227,2.345585584640503,-0.8142630694765169,2.4089312362210955,3.2024,1
6048612514663537280,0.568201724066995,2.3994593620300293,2.241497039794922,2.4989190101623535,1.5747747421264648,2.871891975402832,1.8312576379630343,3.435638019649072,0.7786,5
69819027020489088,1.9867717342662448,1.7115315198898315,1.8383941650390625,0.8371171355247498,0.8246846795082092,3.1454052925109863,-0.2752402143764132,0.6500594561502397,1.804,0
664600907218072064,2.8561244442423,2.8263063430786133,2.8324084281921387,2.809729814529419,2.6688287258148193,3.1081080436706543,-0.029818101163686883,1.776524394826315,13.7685,8
65467778474649856,2.1051694279993316,1.9021621942520142,1.881736397743225,1.9104504585266113,1.4463063478469849,2.3165764808654785,-0.20300723374731744,3.369321915789852,0.2924,1
64938569783224960,2.1051694279993316,1.8897297382354736,1.6983156204223633,2.308288335800171,0.4185585677623749,2.4864864349365234,-0.21543968976385797,2.613656035202452,1.3656,1
64050645425295872,1.9867717342662448,1.284684658050537,1.189530611038208,0.0,0.22378379106521606,1.9643243551254272,-0.7020870762157077,1.8860046842235427,3.4106,4
68323966084583680,2.1051694279993316,1.9601801633834839,1.8461812734603882,2.0099098682403564,1.2100900411605835,2.457477569580078,-0.1449892646158477,2.915710486612056,0.5751,0
69834866859848192,1.9867717342662448,1.0981981754302979,1.1853781938552856,0.5387387275695801,0.3771171271800995,2.026486396789551,-0.8885735588359469,1.7515975595770523,5.6688,2
70462688000922880,1.9867717342662448,2.208828926086426,2.2122535705566406,2.262702703475952,1.9518918991088867,2.4243242740631104,0.22205719182018102,1.062489916689325,6.8206,1
661220969817342848,2.8561244442423,1.906306266784668,1.8519281148910522,2.0927927494049072,1.4131531715393066,2.246126174926758,-0.9498181774576322,0.8932226888910719,4.1982,7
6243694052412741120,1.0064660422492318,1.4048649072647095,1.770068883895874,2.967207193374634,0.6299099326133728,3.054234266281128,0.3983988650154777,3.174260997204534,1.7696,5
67832346947351424,1.9867717342662448,2.076216220855713,1.950008749961853,2.3663063049316406,1.3261260986328125,2.5362162590026855,0.08944448658946813,3.2128172809102327,0.5489,1
66737405166459264,2.1051694279993316,1.4504504203796387,1.381874918937683,0.0,0.26936936378479004,2.250270366668701,-0.6547190076196929,2.313189217469052,2.7806,0
64912009705490304,1.9867717342662448,1.6245044469833374,1.7227904796600342,2.6563963890075684,0.9324324131011963,2.664684772491455,-0.36226728728290736,2.801533495365271,1.663,4
66818322350220416,2.1051694279993316,1.6493693590164185,1.7449005842208862,1.3427027463912964,0.9448648691177368,2.627387285232544,-0.45580006898291314,2.659276118158614,1.7231,3
148420639387738112,0.4132997640812518,0.9407207369804382,0.8682217001914978,1.185225248336792,0.3563964068889618,1.2929729223251343,0.5274209728991864,5.095918264907915,1.0275,1
68268165869533568,1.9867717342662448,1.840000033378601,1.837677240371704,1.8192793130874634,1.4172972440719604,2.270991086959839,-0.14677170088764369,3.151410423638276,0.3659,4
3312951748510907648,2.88930170250631,2.8387386798858643,2.8529868125915527,2.8428828716278076,2.739279270172119,2.946486473083496,-0.050563022620445874,1.0196999999999985,9.1705,2
5239758155778687360,1.568201724066995,0.4558558464050293,0.6152898073196411,0.16162161529064178,0.1409008949995041,1.1562162637710571,-1.1123458776619657,1.30906520055663,2.2147,8
68183125516472320,2.1051694279993316,1.931171178817749,1.7576744556427002,2.005765676498413,0.8371171355247498,2.5113513469696045,-0.17399824918158258,2.5280419748267433,0.7656,0
67736070960579072,2.1051694279993316,1.877297282218933,1.8616480827331543,1.8897297382354736,1.483603596687317,2.2668468952178955,-0.2278721457803985,2.917637212352709,0.3579,4
66648001127514368,2.1051694279993316,2.063783884048462,1.9476909637451172,2.1839640140533447,1.4380179643630981,2.457477569580078,-0.041385543950869685,3.022975495827582,0.6928,4
664302424170984576,2.8561244442423,2.8801801204681396,2.910918712615967,2.847027063369751,2.7931530475616455,3.02108097076416,0.024055676225839484,0.8497131241130854,8.0205,7
6249361382017953408,1.2730012720637376,1.6783783435821533,1.8252569437026978,1.7985585927963257,0.7127928137779236,3.518378496170044,0.40537707151841573,0.8662251903015201,3.1554,5
66867800374681344,2.1051694279993316,1.015315294265747,1.2462208271026611,0.6299099326133728,0.38126125931739807,2.420180082321167,-1.0898541337335845,2.520795185075952,4.3555,3
50976077779666688,2.1051694279993316,1.031891942024231,1.1183149814605713,0.7749549746513367,0.4890090227127075,1.7654054164886475,-1.0732774859751006,1.4731542735984418,4.293,4
3411781729134007424,2.88930170250631,1.9187387228012085,1.950605034828186,1.6742342710494995,1.094054102897644,2.8553152084350586,-0.9705629797051016,3.268077,0.7955,0
65269935099961600,1.9867717342662448,2.1052253246307373,1.9552485942840576,2.3248648643493652,1.3219820261001587,2.4864864349365234,0.11845359036449254,3.0263995797072107,0.8133,4
6049135813472323072,0.568201724066995,3.543243169784546,2.6328625679016113,3.8789188861846924,0.3895495533943176,3.9535136222839355,2.975041445717551,3.3039363735355733,5.7771,5
65222518661019520,2.0492180226701815,1.0484684705734253,1.0955673456192017,0.34810811281204224,0.3025225102901459,1.8814414739608765,-1.0007495520967562,1.7869194129942003,3.7628,3
6049581734162072832,1.0107238653917732,1.3965765237808228,1.5440046787261963,2.3538739681243896,0.44342342019081116,2.5983784198760986,0.3858526583890496,2.0312097379398577,6.3991,5
3406087053469332352,0.5145477526602861,3.675855875015259,2.881319522857666,3.754594564437866,0.9572973251342773,3.961801767349243,3.161308122354973,3.92941077835876,0.838,0
46517523769932288,2.1051694279993316,1.4960360527038574,1.5280580520629883,1.9643243551254272,0.8868468403816223,2.055495500564575,-0.6091333752954742,0.7675347597139192,2.4341,4
6235737573959159808,1.0064660422492318,1.222522497177124,1.623293161392212,0.8661261200904846,0.42270269989967346,3.1081080436706543,0.21605645492789227,2.8965852895863233,2.8608,5
64250477365329536,2.1051694279993316,1.8441441059112549,1.6622300148010254,1.968468427658081,0.4392792880535126,2.639819860458374,-0.2610253220880767,2.0523568153531557,1.7243,4
51874997255145728,1.9867717342662448,1.9477477073669434,1.849987268447876,2.0099098682403564,1.2639639377593994,2.4491891860961914,-0.0390240268993014,2.8856726360899234,0.6818,0
6248755825989499904,0.7781512503836436,2.1922521591186523,1.9283287525177002,0.0,0.3936936855316162,3.4147746562957764,1.4141009087350087,2.6218740227699695,6.2813,5
6237394537981424896,1.0064660422492318,1.3551350831985474,1.5366548299789429,0.7832432389259338,0.46000000834465027,2.6481080055236816,0.3486690409493156,2.1888745375400225,7.241,5
146709146460303744,0.19589965240923377,2.9381980895996094,2.369152545928955,3.1619820594787598,1.0484684705734253,3.4396395683288574,2.742298437190376,3.894954152697704,0.6635,3
66911231083913600,1.9867717342662448,1.9643243551254272,1.7867834568023682,2.5983784198760986,1.015315294265747,2.515495538711548,-0.022447379140817514,2.760295489771642,0.5335,1
71021927100882560,2.0492180226701815,1.893873929977417,1.8761248588562012,1.9891891479492188,1.6535135507583618,2.088648557662964,-0.1553440926927645,2.117684745132266,0.3247,2
6234771790431102336,1.1367205671564067,1.367567539215088,1.358136773109436,0.0,0.2983783781528473,2.308288335800171,0.2308469720586812,2.0641547185098053,3.723,7
65222518661019520,2.1051694279993316,1.0484684705734253,1.0955673456192017,0.34810811281204224,0.3025225102901459,1.8814414739608765,-1.0567009574259063,1.7869194129942003,3.7628,3
64006905476619776,1.9867717342662448,1.123063087463379,1.1904711723327637,0.6672071814537048,0.42684683203697205,1.9891891479492188,-0.8637086468028659,1.8314356014918456,4.9458,3
6246043846200149376,1.2730012720637376,1.2598198652267456,1.5459073781967163,0.8744144439697266,0.4517117142677307,2.759999990463257,-0.013181406836991982,2.37974242020266,5.3114,5
6242453425339902464,1.0107238653917732,1.313693642616272,1.6303410530090332,0.9241441488265991,0.46414414048194885,3.016937017440796,0.3029697772244988,2.715131211953806,3.155,5
64445988572906752,2.1051694279993316,1.877297282218933,1.8054581880569458,2.1425225734710693,1.2598198652267456,2.4036035537719727,-0.2278721457803985,2.453603890499862,1.3264,1
64946025846426752,2.1051694279993316,1.8814414739608765,1.8726072311401367,1.8897297382354736,1.4255856275558472,2.3248648643493652,-0.22372795403845513,3.1929113560952453,0.3736,4
248334085642021888,1.8976270912904414,1.8607207536697388,1.7937164306640625,1.9809008836746216,1.1645045280456543,2.2917118072509766,-0.03690633762070261,2.7817301743358724,0.1498,9
661006019590629760,2.8129133566428557,1.483603596687317,1.7173300981521606,2.8428828716278076,0.6920720934867859,2.9257657527923584,-1.3293097599555388,3.066947915078736,1.2964,6
6237175185413794176,1.0064660422492318,1.2432432174682617,1.7537528276443481,3.1868467330932617,0.4972972869873047,3.273873805999756,0.23677717521902997,3.408702544900941,1.9528,5
66522381924952704,2.1051694279993316,1.9436036348342896,1.8838961124420166,2.0099098682403564,1.429729700088501,2.3787386417388916,-0.16156579316504205,2.91266658730609,0.6235,4
661319547906688896,2.8561244442423,2.834594488143921,2.879664182662964,2.797297239303589,2.7061262130737305,3.0127928256988525,-0.021529956098379266,1.0147931368791523,9.1582,0
435680765247601536,1.8976270912904414,1.985045075416565,2.0183615684509277,2.088648557662964,1.5664864778518677,2.382882833480835,0.08741798412612356,0.9424758320483054,4.861,9
232162125023265152,1.8976270912904414,1.1520720720291138,1.234191656112671,1.106486439704895,0.3936936855316162,2.0927927494049072,-0.7455550192613276,1.853569541718272,4.9535,9
244664259425318784,1.8325089127062364,1.6576576232910156,1.5940526723861694,1.7944144010543823,0.6506306529045105,2.490630626678467,-0.17485128941522077,1.8928263161211836,0.7118,9
64317998547641344,2.1051694279993316,1.520900845527649,1.4944872856140137,2.0099098682403564,0.6216216087341309,2.175675630569458,-0.5842685824716827,0.7000922621745862,2.3425,3
661079652509975936,2.8561244442423,3.141261339187622,2.416501998901367,3.3028829097747803,0.3936936855316162,3.568108081817627,0.2851368949453219,2.9439308996558315,9.3252,8
6032550707068257024,1.0107238653917732,1.570630669593811,1.6770751476287842,1.239099144935608,0.745945930480957,2.6481080055236816,0.5599068042020379,2.6860002363436553,1.6307,5
38329666836450304,2.88930170250631,2.175675630569458,2.1192808151245117,2.677117109298706,1.2183784246444702,2.992072105407715,-0.7136260719368521,3.200143999999998,0.8692,9
6049174914854560640,0.568201724066995,3.4769370555877686,2.3854403495788574,3.837477445602417,0.3149549663066864,3.9286487102508545,2.9087353315207736,3.446990921214724,4.6281,5
6242554649124043520,1.0064660422492318,0.9200000166893005,1.0417039394378662,0.07459459453821182,0.24450451135635376,1.6742342710494995,-0.08646602555993121,1.369168806126875,3.1082,5
3314213025787054592,2.88930170250631,2.9879279136657715,3.035073757171631,2.9754955768585205,2.8926126956939697,3.1744143962860107,0.09862621115946135,0.9833559999999988,9.7575,2
6242595262340274688,0.8948696567452525,1.2100900411605835,1.623833179473877,0.953153133392334,0.430990993976593,3.1702702045440674,0.31522038441533096,3.0933678770963793,2.626,5
5318229274167094656,1.568201724066995,0.8454053997993469,1.0108733177185059,0.3895495533943176,0.273513525724411,1.6949549913406372,-0.7227963242676481,0.7687936034985107,0.9029,9
6050388913137070848,1.0064660422492318,1.375855803489685,1.5112645626068115,0.7169369459152222,0.44756758213043213,2.5610811710357666,0.3693897612404533,2.0274282350158517,7.1197,5
64600813554014592,1.9867717342662448,1.8192793130874634,1.808523178100586,1.831711769104004,1.363423466682434,2.299999952316284,-0.16749242117878138,2.5209895600706846,1.0801,2
6049094032030421504,0.568201724066995,1.160360336303711,1.925158143043518,3.530810832977295,0.4972972869873047,3.6261260509490967,0.592158612236716,3.936804969992696,1.9069,5
6049456183673228416,0.568201724066995,1.106486439704895,1.757932424545288,3.3070271015167236,0.3356756865978241,3.43135142326355,0.5382847156379,3.243126598648334,2.8509,5
664605270904832768,2.8129133566428557,3.1619820594787598,3.1886539459228516,3.0708107948303223,2.9009008407592773,3.5639638900756836,0.3490687028359041,2.0614924266137495,17.9295,0
659415129344636544,2.8561244442423,2.0223424434661865,1.8291940689086914,0.7252252101898193,0.6216216087341309,2.971351385116577,-0.8337820007761136,2.431043971404458,8.9984,0
442555358625377024,1.8976270912904414,1.2183784246444702,1.4623910188674927,1.1520720720291138,0.44756758213043213,2.664684772491455,-0.6792486666459712,2.6517950540375255,2.4562,9
660878991637884672,2.8561244442423,3.7090089321136475,3.726465940475464,3.675855875015259,3.580540657043457,3.887207269668579,0.8528844878713473,1.5397892850918142,20.5867,7
664419556518886272,2.8129133566428557,1.2681081295013428,1.5058696269989014,0.4351351261138916,0.5387387275695801,2.5486485958099365,-1.544805227141513,2.0962045496801376,7.2949,7
5514366102561164160,1.505149978319906,1.7736936807632446,1.8592424392700195,0.1367567628622055,0.2362162172794342,3.1495494842529297,0.2685437024433386,0.3237652098608671,0.7256,7
63436396380626688,1.9867717342662448,2.0140540599823,1.9277340173721313,2.420180082321167,1.392432451248169,2.4284684658050537,0.027282325716055045,2.4229119649574145,0.5341,4
69932276717968512,1.9867717342662448,1.6245044469833374,1.342342734336853,0.0,0.14504504203796387,2.2336935997009277,-0.36226728728290736,2.0787074739461335,1.7946,1
66729261908482048,1.9867717342662448,1.4794594049453735,1.4589672088623047,1.893873929977417,0.3978378474712372,2.0596396923065186,-0.5073123293208712,0.611933599745559,0.7721,4
66542551091588352,2.1051694279993316,1.106486439704895,1.2462570667266846,0.0,0.20306305587291718,2.3414413928985596,-0.9986829882944366,2.486257280408821,1.8623,1
661137789187132288,2.8129133566428557,1.015315294265747,1.561366319656372,0.5263063311576843,0.319099098443985,3.298738718032837,-1.7975980623771086,2.96126850857983,3.2452,7
245073999307152384,1.8325089127062364,1.9518918991088867,1.9313831329345703,2.275135040283203,1.54576575756073,2.3290090560913086,0.11938298640265033,2.5437306171637752,0.3037,9
249859692385393408,1.8325089127062364,1.645225167274475,1.5654151439666748,1.6037837266921997,0.6174774765968323,2.2544143199920654,-0.1872837454317613,2.059484527996145,2.5212,9
148112913570653568,0.4132997640812518,0.8909909725189209,1.8671737909317017,3.7090089321136475,0.32324323058128357,3.8540539741516113,0.4776912084376691,3.5231773451365873,1.9028,3
150908490604475520,0.6532125137753437,0.38126125931739807,0.7598918676376343,0.012432432733476162,0.11189189553260803,0.9200000166893005,-0.27195125445794566,3.771774426523452,2.6692,3
5241132584007693312,1.7201593034059568,1.8731532096862793,1.7366695404052734,2.0140540599823,0.9904504418373108,2.3290090560913086,0.1529939062803225,0.5006864695013419,0.4144,7
66522381924952704,1.9867717342662448,1.9436036348342896,1.8838961124420166,2.0099098682403564,1.429729700088501,2.3787386417388916,-0.04316809943195521,2.91266658730609,0.6235,4
5565538267065698048,1.5276299008713388,0.9448648691177368,1.302661418914795,0.7832432389259338,0.32738739252090454,2.8014414310455322,-0.582765031753602,2.8242372495967945,3.1389,9
5290772029272852864,2.419955748489758,2.101081132888794,2.134528160095215,2.200540542602539,1.7198197841644287,2.4740540981292725,-0.3188746156009641,0.9455178644786332,5.2089,9
6242912505804505984,1.0064660422492318,1.2018017768859863,1.7480363845825195,0.7252252101898193,0.38540539145469666,3.373333215713501,0.19533573463675458,2.914869417679495,3.8963,5
64796045587678208,1.9867717342662448,2.0803604125976562,1.9593006372451782,2.5113513469696045,1.338558554649353,2.5983784198760986,0.09358867833141149,2.90168090278716,0.949,1
249293478258283904,1.8325089127062364,1.123063087463379,1.311163067817688,1.1023423671722412,0.40612611174583435,2.3994593620300293,-0.7094458252428575,2.476241808161615,3.5469,9
5251906595358394496,1.568201724066995,1.9353153705596924,1.9142475128173828,1.6245044469833374,1.222522497177124,2.6356756687164307,0.3671136464926974,2.656198932974478,1.524,9
66539252556578816,2.0492180226701815,1.2598198652267456,1.3288459777832031,0.9697297215461731,0.6299099326133728,2.067927837371826,-0.7893981574434359,1.7077188762673248,6.3581,4
6050996118429316352,1.1020905255118367,1.2722522020339966,1.7167540788650513,0.8039639592170715,0.42270269989967346,3.2075674533843994,0.17016167652215985,2.849340981899552,3.0952,5
6237359937724828672,1.0,1.3841441869735718,1.58609938621521,1.0857657194137573,0.5014414191246033,2.8180179595947266,0.3841441869735718,2.6368962550190416,3.0062,5
3407257105639932032,2.88930170250631,0.7003603577613831,1.5797431468963623,0.0,0.21135134994983673,3.6136937141418457,-2.188941344744927,3.343434,2.9716,0
64998905483757568,1.9867717342662448,1.9353153705596924,1.7327802181243896,2.018198251724243,0.6050450205802917,2.5362162590026855,-0.05145636370655238,2.408235461349826,1.0334,2
67747615832673408,1.9867717342662448,2.043063163757324,1.9694111347198486,2.602522611618042,1.429729700088501,2.540360450744629,0.05629142949107946,3.0024934673376156,0.4489,4
661267325402674048,2.8561244442423,1.607927918434143,1.8105344772338867,1.508468508720398,0.9365766048431396,2.834594488143921,-1.248196525808157,2.959142655032299,1.2746,7
435211342506946688,1.8325089127062364,0.7210810780525208,1.203486442565918,0.0,0.2196396440267563,2.909189224243164,-1.1114278346537156,2.844816029924947,4.6603,9
67352066526730240,2.1051694279993316,2.030630588531494,1.9069900512695312,2.577657699584961,1.1893693208694458,2.6232433319091797,-0.07453883946783746,2.8979213218826083,1.0564,1
6242908790652919040,1.0064660422492318,1.3054053783416748,1.7751295566558838,3.103963851928711,0.5553153157234192,3.199279308319092,0.29893933609244305,3.3451084680357583,1.8262,5
6043652067960564224,1.2730012720637376,1.7654054164886475,1.7961459159851074,1.5913513898849487,0.8951351642608643,2.6978378295898438,0.4924041444249099,2.57833207149878,2.0886,5
5290732721731067136,2.419955748489758,0.8329729437828064,0.8366729617118835,0.8329729437828064,0.3315315246582031,1.2681081295013428,-1.5869828047069516,1.0283664571904465,2.0504,8
63773774653147904,1.9867717342662448,2.0099098682403564,1.9139583110809326,2.3663063049316406,1.3509910106658936,2.49477481842041,0.023138133974111685,2.68331187187395,1.1463,4
443227881784657536,1.8976270912904414,1.877297282218933,1.8379786014556885,1.8275675773620605,1.3178378343582153,2.4409008026123047,-0.020329809071508276,2.258902998466095,1.6095,9
65169943964429952,2.1051694279993316,1.9477477073669434,1.890697717666626,1.8109910488128662,1.2308107614517212,2.55279278755188,-0.15742172063238824,3.3967209716615225,0.3336,3
69873418486230272,1.9867717342662448,1.0733333826065063,1.1399097442626953,0.4972972869873047,0.36882883310317993,1.931171178817749,-0.9134383516597384,1.8299291218362943,4.3341,3
658033215026842368,2.8561244442423,2.8760359287261963,2.8363585472106934,2.8677477836608887,2.6688287258148193,3.240720748901367,0.019911484483896125,1.9827216923116904,15.0196,8
5318162238316886528,1.568201724066995,1.106486439704895,1.2980579137802124,0.14918918907642365,0.34810811281204224,2.3248648643493652,-0.46171528436209996,2.008095364356097,6.1481,7
65830548591559936,1.9867717342662448,1.9974775314331055,1.9274007081985474,2.540360450744629,1.3965765237808228,2.490630626678467,0.010705797166860709,2.9142662273260234,0.4551,4
145034968209407232,0.7937903846908186,1.0028828382492065,1.015600562095642,1.2142342329025269,0.430990993976593,1.5001801252365112,0.2090924535583879,1.0168895702140324,2.716,3
6049456183673228672,0.568201724066995,1.2432432174682617,1.6232337951660156,0.8661261200904846,0.430990993976593,3.0625224113464355,0.6750414934012667,2.816702759431402,2.855,5
68322454256073344,2.1051694279993316,1.8234233856201172,1.804438591003418,1.8109910488128662,1.2639639377593994,2.420180082321167,-0.2817460423792144,2.9386106373767418,0.4746,3
6237118216966975360,1.0086001717619175,2.001621723175049,1.9258205890655518,2.6190991401672363,1.1727927923202515,2.6232433319091797,0.9930215514131313,2.3291941982863404,0.8082,5
3313386605360382720,0.2380461031287954,1.8648648262023926,1.9606832265853882,2.8180179595947266,1.1645045280456543,2.8553152084350586,1.626818723073597,3.1339421186151797,1.0824,2
661314638762274176,2.8561244442423,2.8801801204681396,2.913180112838745,2.8511712551116943,2.7185585498809814,3.0708107948303223,0.024055676225839484,1.1505748531029785,10.2031,0
63485427727244544,2.0492180226701815,1.9353153705596924,1.7878919839859009,2.5237836837768555,1.1520720720291138,2.4616215229034424,-0.11390265211048911,2.727368151468835,0.4627,1
662633743477189632,2.8561244442423,3.862342357635498,3.6121902465820312,4.139999866485596,3.3194594383239746,4.081982135772705,1.0062179133931979,1.2710068025719654,20.1202,2
64871740091177600,1.9867717342662448,2.001621723175049,1.9262406826019287,2.432612657546997,1.301261305809021,2.569369316101074,0.014849988908804068,2.947689958325506,0.9334,2
67034994860213888,1.9867717342662448,1.906306266784668,1.7619322538375854,2.067927837371826,0.9572973251342773,2.4491891860961914,-0.08046546748157679,2.4863281868995912,1.4215,1
68267680536205440,2.1051694279993316,1.2266666889190674,1.2684693336486816,0.6299099326133728,0.5138738751411438,2.0472071170806885,-0.8785027390802642,1.7980247654133836,4.8731,1
65212932294091264,2.1051694279993316,1.8565765619277954,1.8526636362075806,1.877297282218933,1.6245044469833374,2.088648557662964,-0.2485928660715362,2.5410067076258933,0.2679,2
3410154456217987584,2.88930170250631,3.141261339187622,3.1579179763793945,2.739279270172119,2.776576519012451,3.518378496170044,0.25195963668131194,2.707355999999999,17.978,2
69649736589001600,2.1051694279993316,1.2018017768859863,1.2042248249053955,1.0816216468811035,0.5014414191246033,1.840000033378601,-0.9033676511133453,1.4186691384747498,4.8531,3
64671903852618624,2.1051694279993316,1.6866666078567505,1.6783806085586548,2.21297287940979,0.9200000166893005,2.2544143199920654,-0.4185028201425811,0.7199489260100878,2.2633,4
65281166437426176,1.9867717342662448,1.6866666078567505,1.5914711952209473,1.8358558416366577,1.2100900411605835,1.9974775314331055,-0.30010512640949427,1.571177420921234,0.3976,4
66737095928811648,2.1051694279993316,1.6825225353240967,1.6420072317123413,1.8482882976531982,1.0484684705734253,2.030630588531494,-0.4226468926752349,0.8213934432890092,3.258,4
6049166805956306944,0.568201724066995,3.6012613773345947,2.6929333209991455,3.9162161350250244,0.3978378474712372,3.9742343425750732,3.0330596532675997,3.341023146567572,5.7735,5
3312921378798754304,2.88930170250631,1.508468508720398,1.4994447231292725,2.1218018531799316,0.7832432389259338,2.1922521591186523,-1.3808331937859122,1.6662089999999985,6.7192,3
3411274308810562688,2.88930170250631,3.4023423194885254,3.239129066467285,3.8457658290863037,2.75171160697937,3.837477445602417,0.5130406169822153,2.708207,11.1505,1
66509634462127360,2.1051694279993316,1.9518918991088867,1.877584457397461,2.063783884048462,1.123063087463379,2.6356756687164307,-0.15327752889044488,2.9481091889090227,0.6599,3
64870296982175488,2.1051694279993316,1.8192793130874634,1.6806788444519043,2.3538739681243896,1.0567567348480225,2.3414413928985596,-0.2858901149118682,2.1829651590036776,0.574,1
6245739521996902272,1.0064660422492318,1.2598198652267456,1.4740428924560547,0.8163964152336121,0.46000000834465027,2.49477481842041,0.25335382297751385,2.083728875404536,5.146,5
64317998547641344,1.9867717342662448,1.520900845527649,1.4944872856140137,2.0099098682403564,0.6216216087341309,2.175675630569458,-0.46587088873859583,0.7000922621745862,2.3425,3
661268940310277888,2.8561244442423,2.287567615509033,2.151210308074951,2.320720672607422,1.2971171140670776,2.5983784198760986,-0.568556828733267,0.7618502595459106,3.7865,0
664991817960938112,2.8561244442423,1.3344143629074097,1.649240255355835,1.284684658050537,0.6009008884429932,2.992072105407715,-1.5217100813348905,3.026523187243249,1.6002,7
5253603103116099712,1.568201724066995,0.7583783864974976,0.8327954411506653,0.9200000166893005,0.2569369375705719,1.2515314817428589,-0.8098233375694974,1.068944552567458,1.9707,9
65004437401569664,2.1051694279993316,1.968468427658081,1.8957589864730835,2.246126174926758,1.4172972440719604,2.457477569580078,-0.13670100034125054,2.858866314634147,0.9125,2
65038281743395584,2.1051694279993316,1.9353153705596924,1.897935152053833,2.026486396789551,1.483603596687317,2.3124325275421143,-0.16985405743963922,3.295164349039181,0.4038,2
66745170467302656,2.1051694279993316,1.27639639377594,1.405989170074463,1.1106306314468384,0.4102702736854553,2.590090036392212,-0.8287730342233917,2.8184336156169216,2.0113,1
51861425158394624,1.9867717342662448,1.6327928304672241,1.8395311832427979,4.139999866485596,0.4558558464050293,3.8043243885040283,-0.35397890379902064,0.6519336379471766,0.7898,0
66942910762588928,2.1051694279993316,1.906306266784668,1.8819485902786255,1.906306266784668,1.3717117309570312,2.4533333778381348,-0.19886316121466363,2.9651695873993176,0.4809,4
3314581984953794816,2.88930170250631,2.0347747802734375,1.9465477466583252,2.076216220855713,1.3302702903747559,2.6315314769744873,-0.8545269222328726,2.393879,1.5414,2
67899520235887616,2.1051694279993316,1.9228829145431519,1.8796368837356567,2.1715314388275146,1.4711711406707764,2.287567615509033,-0.18228651345617974,3.2112767961367537,0.2858,3
5318093243960659456,1.568201724066995,1.0236035585403442,1.0932514667510986,0.7500900626182556,0.4185585677623749,1.6700900793075562,-0.5445981655266507,0.8850400562665929,2.3089,9
664379974100333568,2.8129133566428557,2.1549549102783203,1.850773811340332,0.7169369459152222,0.48486486077308655,3.1951351165771484,-0.6579584463645354,2.46624421735922,9.797,8
661221828810801408,2.8561244442423,2.6854054927825928,2.655083656311035,2.714414358139038,2.3248648643493652,2.8884685039520264,-0.1707189514597074,1.2649183351340052,9.7695,7
66802276352348416,1.9867717342662448,1.0236035585403442,1.0816740989685059,0.32738739252090454,0.3315315246582031,1.840000033378601,-0.9631681757259005,1.6830936402762553,4.3961,0
6242151918636039296,1.0064660422492318,1.8441441059112549,1.7604670524597168,2.038918972015381,1.1106306314468384,2.299999952316284,0.8376780636620231,3.311994074284754,0.3626,5
5239868587976272896,1.568201724066995,1.1479278802871704,1.1486037969589233,1.1893693208694458,0.38540539145469666,1.8441441059112549,-0.4202738437798246,1.6861295911502832,4.0882,9
67103405099117568,1.9867717342662448,2.026486396789551,1.940992832183838,2.113513469696045,1.4421621561050415,2.478198289871216,0.03971466252330602,3.1887601111965913,0.4687,1
249205036290763136,1.8325089127062364,1.9809008836746216,1.9694998264312744,1.9187387228012085,1.6908107995986938,2.2668468952178955,0.1483919709683852,2.7095836433662366,0.2507,9
68265279651517056,1.9867717342662448,1.9767568111419678,1.9086387157440186,2.345585584640503,1.392432451248169,2.4989190101623535,-0.010014923124276986,2.8711501822274745,0.9509,2
65169943964429952,2.1051694279993316,1.9477477073669434,1.890697717666626,1.8109910488128662,1.2308107614517212,2.55279278755188,-0.15742172063238824,3.3967209716615225,0.3336,3
441370600488018048,1.8325089127062364,2.0347747802734375,1.9956227540969849,2.055495500564575,1.5333333015441895,2.4740540981292725,0.2022658675672011,2.805669521994961,0.3613,9
68506347575444096,2.1051694279993316,1.985045075416565,1.9332695007324219,2.043063163757324,1.7115315198898315,2.1839640140533447,-0.12012435258276666,2.473986264356284,0.208,0
3314079508140198528,2.88930170250631,2.967207193374634,3.0646159648895264,2.9050450325012207,2.8180179595947266,3.4189188480377197,0.07790549086832366,1.2481860000000005,11.4193,3
441429733597631232,1.8976270912904414,1.9104504585266113,1.8867734670639038,1.8565765619277954,1.375855803489685,2.532072067260742,0.012823367236169947,2.3056752434829813,1.202,9
66807464672814336,2.1051694279993316,0.9614414572715759,1.2933106422424316,0.6133333444595337,0.32738739252090454,2.6066665649414062,-1.1437279707277557,2.511319370936393,5.4748,2
664419556518886272,2.8561244442423,1.2681081295013428,1.5058696269989014,0.4351351261138916,0.5387387275695801,2.5486485958099365,-1.5880163147409574,2.0962045496801376,7.2949,7
3314581984953794816,2.8750612633917,2.0347747802734375,1.9465477466583252,2.076216220855713,1.3302702903747559,2.6315314769744873,-0.8402864831182626,2.393879,1.5414,2
63705433133130368,2.1051694279993316,1.9809008836746216,1.8875021934509277,2.005765676498413,1.3799999952316284,2.445044994354248,-0.12426854432471002,2.924303839599521,0.6229,1
147441558642852736,0.4132997640812518,0.26522523164749146,0.3254755735397339,0.0,0.0787387415766716,0.5138738751411438,-0.14807453243376034,3.9390729320924143,4.3927,3
65486951208575488,1.9867717342662448,1.9643243551254272,1.8714210987091064,2.0223424434661865,1.1396396160125732,2.55279278755188,-0.022447379140817514,2.6797804468407107,0.8119,3
49131681384221184,2.88930170250631,2.395315408706665,2.1709232330322266,2.7682883739471436,1.363423466682434,2.884324312210083,-0.4939862937996451,3.925877999999999,0.3419,1
3410076150374417408,2.88930170250631,2.2046847343444824,2.1781210899353027,2.2419819831848145,1.7654054164886475,2.602522611618042,-0.6846169681618277,3.216642000000002,0.376,2
69250235911393408,1.9867717342662448,2.038918972015381,1.9810984134674072,2.1963963508605957,1.6783783435821533,2.270991086959839,0.0521472377491361,0.8590045692302424,4.3601,4
64445988572906752,2.0492180226701815,1.877297282218933,1.8054581880569458,2.1425225734710693,1.2598198652267456,2.4036035537719727,-0.1719207404512484,2.453603890499862,1.3264,1
5241350287303624832,1.568201724066995,1.3427027463912964,1.2715084552764893,1.4794594049453735,0.476576566696167,1.8275675773620605,-0.2254989776756986,1.451676546720094,0.2037,9
66727234683931520,1.9867717342662448,1.7405405044555664,1.7259799242019653,1.9145946502685547,1.5001801252365112,1.95603609085083,-0.24623122981067835,1.8507557814185505,0.3022,0
5239891682052584832,1.7201593034059568,1.5250450372695923,1.4422590732574463,1.9021621942520142,0.7873873710632324,1.9809008836746216,-0.1951142661363645,0.7878576088167139,2.4606,8
65280552259109760,2.1051694279993316,1.0733333826065063,1.5551491975784302,3.0500900745391846,0.44342342019081116,3.0583784580230713,-1.0318360453928253,3.112345664365271,2.0194,4
70190249631846272,2.1051694279993316,2.030630588531494,2.023838996887207,2.1590991020202637,1.4960360527038574,2.3787386417388916,-0.07453883946783746,0.8489457946904735,4.0806,9
3308269757418376576,2.8750612633917,3.199279308319092,3.2592737674713135,3.153693675994873,2.8387386798858643,3.7711710929870605,0.3242180449273917,2.7295369999999988,14.3761,7
66737576965143296,1.9867717342662448,2.1218018531799316,1.9964479207992554,2.6315314769744873,1.1769369840621948,2.776576519012451,0.13503011891368688,3.211896052211913,0.7538,1
65844361206181376,2.0492180226701815,1.7405405044555664,1.6072134971618652,1.9518918991088867,0.4351351261138916,2.5362162590026855,-0.3086775182146151,2.021682594877508,2.115,4
659770340319909760,2.8561244442423,3.617837905883789,3.615213394165039,3.6261260509490967,3.505945920944214,3.725585699081421,0.7617134616414889,1.3751037373465895,17.9081,6
66818322350220416,2.1051694279993316,1.6493693590164185,1.7449005842208862,1.3427027463912964,0.9448648691177368,2.627387285232544,-0.45580006898291314,2.659276118158614,1.7231,3
65125452399528320,2.0492180226701815,1.7198197841644287,1.6688945293426514,1.7198197841644287,0.7708107829093933,2.420180082321167,-0.3293982385057528,2.152081239692509,2.3452,4
65202830531043968,2.0492180226701815,1.2888288497924805,1.4483071565628052,1.2308107614517212,0.3978378474712372,2.4740540981292725,-0.760389172877701,2.213908873693202,3.5303,2
661219290488437632,2.8129133566428557,0.915855884552002,1.282496690750122,0.953153133392334,0.2818017899990082,2.8511712551116943,-1.8970574720908537,2.846896619674669,2.6249,0
6242463973780507136,1.0064660422492318,1.2018017768859863,1.764460563659668,0.7003603577613831,0.3771171271800995,3.3940539360046387,0.19533573463675458,2.94670876925539,3.7817,5
68323966084583680,2.0492180226701815,1.9601801633834839,1.8461812734603882,2.0099098682403564,1.2100900411605835,2.457477569580078,-0.08903785928669761,2.915710486612056,0.5751,0
64889126119831040,2.1051694279993316,1.9891891479492188,1.8237327337265015,2.076216220855713,0.915855884552002,2.590090036392212,-0.11598028005011285,2.4732292380385426,1.1421,1
65254576296865152,1.9867717342662448,1.8068468570709229,1.7919923067092896,1.8897297382354736,1.3799999952316284,2.1922521591186523,-0.1799248771953219,3.0983556256445057,0.4436,4
63826070174824192,1.9867717342662448,2.0596396923065186,1.9540936946868896,2.1963963508605957,1.4628828763961792,2.4409008026123047,0.0728679580402738,2.9076424286365654,0.8126,4
6052101746092248960,1.1020905255118367,1.4463063478469849,1.67441987991333,1.1106306314468384,0.5387387275695801,2.9423422813415527,0.34421582233514814,2.8633451473394724,2.364,5
68322145018429952,2.1051694279993316,1.9187387228012085,1.7971289157867432,2.043063163757324,1.4172972440719604,2.1590991020202637,-0.1864307051981231,0.8384806431105104,3.8928,2
46517523769932288,1.9867717342662448,1.4960360527038574,1.5280580520629883,1.9643243551254272,0.8868468403816223,2.055495500564575,-0.49073568156238734,0.7675347597139192,2.4341,4
66774513683782912,1.9867717342662448,1.4007207155227661,1.2647221088409424,2.076216220855713,0.28594595193862915,2.076216220855713,-0.5860510187434786,1.3429132286382996,0.5616,0
65289623229979136,1.9867717342662448,1.81513512134552,1.7203032970428467,1.8441441059112549,1.4214414358139038,2.067927837371826,-0.17163661292072474,0.9991570158974858,4.6506,2
3311102820926310784,2.88930170250631,0.9117116928100586,1.2980694770812988,0.6257657408714294,0.32738739252090454,2.8387386798858643,-1.9775900096962515,2.862668000000001,3.6429,3
5238790177556654208,1.568201724066995,1.1023423671722412,1.28915274143219,1.0360360145568848,0.3936936855316162,2.3497297763824463,-0.4658593568947538,2.3289604180756647,4.2027,9
6237145429879858688,1.0064660422492318,1.2556756734848022,1.5924761295318604,0.8868468403816223,0.4392792880535126,2.9754955768585205,0.2492096312355705,2.5572823963816433,4.9089,5
53255434104774272,1.9867717342662448,2.0472071170806885,1.9273078441619873,2.1052253246307373,1.363423466682434,2.5113513469696045,0.06043538281444372,2.998572275732416,0.5798,1
3308501926171656832,2.88930170250631,1.0360360145568848,1.377047061920166,0.8412612676620483,0.3398198187351227,2.8926126956939697,-1.8532656879494254,2.9861010000000014,2.45,3
66471220274934272,1.9867717342662448,2.590090036392212,2.6359500885009766,2.6066665649414062,2.4243242740631104,2.954774856567383,0.6033183021259672,0.7370715666371772,4.6787,1
5239660372284736896,1.7201593034059568,1.7488288879394531,1.7128939628601074,1.9436036348342896,1.1935135126113892,2.138378381729126,0.02866958453349633,0.8935096120032167,3.6061,9
66974453002505088,1.9867717342662448,1.4587386846542358,1.7534297704696655,1.0857657194137573,0.7790991067886353,2.9299099445343018,-0.5280330496120089,2.9046606760571683,1.7443,3
68162921990400256,2.1051694279993316,1.993333339691162,1.903139352798462,2.0803604125976562,1.3965765237808228,2.457477569580078,-0.11183608830816949,2.8850272344085255,0.7308,1
53105728725582976,1.9867717342662448,1.6659458875656128,1.6444571018218994,1.6493693590164185,1.1520720720291138,2.208828926086426,-0.32082584670063197,1.9820885705967484,1.4112,3
66793583338514816,1.9867717342662448,1.301261305809021,1.581568956375122,1.0028828382492065,0.7127928137779236,2.677117109298706,-0.6855104284572238,2.1185705503148484,7.8537,1
3408923003195121024,0.5314789170422551,2.1922521591186523,2.147441864013672,2.6190991401672363,1.508468508720398,2.776576519012451,1.6607732420763972,3.5260435828748533,0.4391,2
66940299422471296,1.9867717342662448,1.840000033378601,1.7342615127563477,1.9394594430923462,1.0774774551391602,2.320720672607422,-0.14677170088764369,2.204352404560921,1.6319,3
6044021602639044736,1.0107238653917732,1.0733333826065063,1.2867385149002075,1.0774774551391602,0.34396395087242126,2.420180082321167,0.06260951721473318,2.2480329621544977,5.0415,8
3405952363294872960,2.88930170250631,1.3054053783416748,1.4917913675308228,1.313693642616272,0.4517117142677307,2.9050450325012207,-1.5838963241646353,3.228908000000001,1.2412,1
68051390279853824,2.1051694279993316,2.0347747802734375,1.8146394491195679,2.22540545463562,0.9448648691177368,2.4740540981292725,-0.0703946477258941,1.6197945657075772,8.5147,3
66658996243552000,2.1051694279993316,1.3095495700836182,1.292270302772522,1.4255856275558472,0.8371171355247498,1.7073873281478882,-0.7956198579157134,1.2069588308732084,4.1734,1
6237403127916146432,1.0,2.018198251724243,1.9247894287109375,2.457477569580078,1.0609009265899658,2.6978378295898438,1.0181982517242432,2.7332755045096615,1.3878,5
6045817934061844736,1.0107238653917732,1.968468427658081,1.8716679811477661,2.21297287940979,1.2018017768859863,2.5030629634857178,0.9577445622663079,2.8571623462884728,0.5312,5
435621494703658240,1.8976270912904414,1.8565765619277954,1.8771618604660034,1.9477477073669434,1.3965765237808228,2.2668468952178955,-0.04105052936264597,0.9438732216045852,4.497,9
3419526585958441216,2.88930170250631,2.1715314388275146,2.1443963050842285,2.2668468952178955,1.7405405044555664,2.5362162590026855,-0.7177702636787955,3.5062830000000016,0.2901,0
69811639676769536,1.9867717342662448,0.6630630493164062,0.7651575803756714,0.48072072863578796,0.3025225102901459,1.222522497177124,-1.3237086849498385,0.8448811471822101,1.496,2
64050645425295872,2.0492180226701815,1.284684658050537,1.189530611038208,0.0,0.22378379106521606,1.9643243551254272,-0.7645333646196444,1.8860046842235427,3.4106,4
66787119410915072,2.1051694279993316,2.018198251724243,1.8882861137390137,2.200540542602539,1.1437838077545166,2.4243242740631104,-0.08697117627508844,1.4828451534181053,7.6104,1
66807464672814336,1.9867717342662448,0.9614414572715759,1.2933106422424316,0.6133333444595337,0.32738739252090454,2.6066665649414062,-1.0253302769946688,2.511319370936393,5.4748,2
6045118919544743424,1.1020905255118367,2.200540542602539,2.0803349018096924,2.2544143199920654,1.363423466682434,2.7641441822052,1.0984500170907023,2.772709793703565,1.0888,5
3312281669189449472,2.88930170250631,2.8304505348205566,2.8347525596618652,2.847027063369751,2.722702741622925,2.934054136276245,-0.05885116768575349,1.1461819999999996,9.9675,2
65089473457126784,1.9867717342662448,1.2598198652267456,1.4598017930984497,2.287567615509033,0.3563964068889618,2.4616215229034424,-0.7269518690394992,1.6341149221768696,9.014,2
436309342307271808,1.8325089127062364,1.2432432174682617,1.353359341621399,1.313693642616272,0.4102702736854553,2.370450496673584,-0.5892656952379747,2.410682232653093,3.0916,9
661410360695218048,2.8561244442423,1.8565765619277954,1.7382649183273315,1.9145946502685547,1.123063087463379,2.200540542602539,-0.9995478823145048,1.3129640359104844,6.4911,0
63585036608738048,1.9867717342662448,1.8897297382354736,1.8442811965942383,1.9394594430923462,1.5416215658187866,2.1798198223114014,-0.09704199603077113,3.207019050351687,0.2493,3
63547378335443200,2.1051694279993316,2.308288335800171,2.3144078254699707,2.3497297763824463,2.0347747802734375,2.55279278755188,0.2031189078008393,1.3128474865362476,8.4214,1
66612473157921024,2.1051694279993316,2.067927837371826,1.9730033874511719,2.270991086959839,1.3178378343582153,2.4533333778381348,-0.03724159062750543,1.6503278521006108,8.7567,4
6042459132190170496,1.2730012720637376,1.454594612121582,1.5465116500854492,1.4255856275558472,0.63819819688797,2.420180082321167,0.18159334005784444,0.3866965402638357,2.7172,8
66565365957676416,1.9867717342662448,2.0803604125976562,2.054014205932617,2.208828926086426,1.7032432556152344,2.299999952316284,0.09358867833141149,0.8901672480094003,4.8625,1
65013474012743936,1.9867717342662448,1.7736936807632446,1.5876288414001465,2.4243242740631104,0.5594594478607178,2.3870270252227783,-0.21307805350300013,1.625945412016613,0.7815,2
6045932936106756864,0.568201724066995,2.809729814529419,2.32440447807312,2.8387386798858643,0.4185585677623749,3.680000066757202,2.241528090462424,2.562126132931893,6.4159,5
661342710667273856,2.8561244442423,2.992072105407715,3.0250470638275146,2.9009008407592773,2.797297239303589,3.3070271015167236,0.13594766116541468,1.631926569348122,14.116,0
67069835634816896,1.9867717342662448,1.95603609085083,1.7601020336151123,2.3911712169647217,0.5345945954322815,2.527927875518799,-0.030735643415414682,2.7149665626088177,1.1846,1
251087228398581120,1.8325089127062364,1.363423466682434,1.4715490341186523,2.125946044921875,0.4144144058227539,2.3663063049316406,-0.4690854460238023,0.6160200370367319,0.917,9
5590172614629134336,1.414973347970818,2.1715314388275146,2.162783145904541,0.0,0.3605405390262604,3.7463064193725586,0.7565580908566967,-0.2349036982769687,0.7023,7
64900739711320960,1.9867717342662448,1.9518918991088867,1.9109069108963013,1.9891891479492188,1.483603596687317,2.3621621131896973,-0.03487983515735804,3.0599157382972724,0.4569,2
68314414077327744,2.1051694279993316,1.7902703285217285,1.785081148147583,1.831711769104004,1.5872071981430054,1.9891891479492188,-0.3148990994776031,2.374226011470718,0.2562,4
66798977817468288,1.9867717342662448,1.931171178817749,1.910151481628418,2.250270366668701,1.363423466682434,2.4864864349365234,-0.055600555448495736,2.736918887470581,1.1456,2
65119164567417856,2.1051694279993316,2.005765676498413,1.9619855880737305,2.1300899982452393,1.5872071981430054,2.246126174926758,-0.09940375150091851,0.8750524198017781,4.4286,1
68314414077327744,1.9867717342662448,1.7902703285217285,1.785081148147583,1.831711769104004,1.5872071981430054,1.9891891479492188,-0.19650140574451624,2.374226011470718,0.2562,4
6237176662882197248,1.0064660422492318,1.367567539215088,1.5065274238586426,1.1520720720291138,0.5387387275695801,2.420180082321167,0.36110149696585614,2.223702737992646,3.8982,5
70044628765739776,2.1051694279993316,1.6493693590164185,1.6945679187774658,0.7583783864974976,0.7045044898986816,2.6605405807495117,-0.45580006898291314,1.9708773088623188,9.1581,0
69643757994608512,2.1051694279993316,1.7198197841644287,1.6736459732055664,1.8482882976531982,1.106486439704895,2.051351308822632,-0.3853496438349029,0.8330182443634406,3.2482,1
64990349908937984,1.9867717342662448,1.8109910488128662,1.7403686046600342,1.7819819450378418,1.1769369840621948,2.3290090560913086,-0.17578068545337855,2.6882230629967845,0.5572,1
443227881784657536,1.8325089127062364,1.877297282218933,1.8379786014556885,1.8275675773620605,1.3178378343582153,2.4409008026123047,0.04478836951269671,2.258902998466095,1.6095,9
664353860699329920,2.8561244442423,2.689549446105957,2.101576566696167,2.946486473083496,0.4185585677623749,3.423063039779663,-0.16657499813634313,2.6379419156059845,9.4593,8
66788669895935616,1.9867717342662448,2.0223424434661865,1.9118443727493286,2.3911712169647217,1.2515314817428589,2.527927875518799,0.035570709199941764,2.8669231709810146,1.1129,4
66737095928811648,1.9867717342662448,1.6825225353240967,1.6420072317123413,1.8482882976531982,1.0484684705734253,2.030630588531494,-0.3042491989421481,0.8213934432890092,3.258,4
5586843022846201856,1.6857417386022637,2.1963963508605957,2.2164530754089355,2.3124325275421143,1.831711769104004,2.5237836837768555,0.510654612258332,0.933648040548434,5.2557,9
5239401402934120960,1.568201724066995,1.429729700088501,1.5734083652496338,1.3841441869735718,0.4972972869873047,2.6605405807495117,-0.138472023978494,2.6781404620468083,2.1139,9
65281239453865856,1.9867717342662448,1.6203603744506836,1.446328043937683,0.0,0.24036036431789398,2.3248648643493652,-0.36641135981556117,2.2515536282733004,2.201,1
65027905102436608,2.1051694279993316,1.069189190864563,1.1323459148406982,0.4972972869873047,0.36468467116355896,1.9145946502685547,-1.0359802371347686,1.8027148020932704,4.2605,3
68294554148575232,2.1051694279993316,1.636936902999878,1.4803695678710938,1.7198197841644287,0.44342342019081116,2.3497297763824463,-0.46823252499945367,1.7908144300165705,1.3533,1
66734725106867968,1.9867717342662448,1.9601801633834839,1.931304693222046,1.9477477073669434,1.454594612121582,2.3994593620300293,-0.026591570882760873,3.254944005573569,0.3094,1
3311934086075988864,2.88930170250631,1.3178378343582153,1.6645910739898682,0.8039639592170715,0.5138738751411438,3.1122522354125977,-1.5714638681480948,2.881470999999999,3.6531,1
5253732368782478720,1.568201724066995,0.9365766048431396,1.0096099376678467,0.31081080436706543,0.2776576578617096,1.7115315198898315,-0.6316251192238553,1.6085641060314058,2.8788,9
6245779276214380928,0.7781512503836436,2.001621723175049,1.8512909412384033,2.627387285232544,0.40198197960853577,3.261441469192505,1.2234704727914052,2.4741824923230373,6.3401,5
66429232674604544,2.1051694279993316,2.038918972015381,1.9426021575927734,2.602522611618042,1.2515314817428589,2.664684772491455,-0.06625045598395074,2.9679421592086146,0.9812,1
66732423004453376,1.9867717342662448,1.9726126194000244,1.8043889999389648,2.051351308822632,1.00702702999115,2.5237836837768555,-0.014159114866220346,2.6917691956946523,0.6611,1
63884584809145600,1.9867717342662448,1.9436036348342896,1.8049639463424683,2.026486396789551,1.0567567348480225,2.478198289871216,-0.04316809943195521,2.4712236474642757,1.2852,1
64977705525131904,1.9867717342662448,1.6949549913406372,1.6272028684616089,2.275135040283203,0.8288288116455078,2.3621621131896973,-0.29181674292560755,1.9477411808994785,0.7432,3
68262973252098304,1.9867717342662448,1.8980180025100708,1.7982218265533447,2.125946044921875,1.168648600578308,2.4284684658050537,-0.08875373175617396,3.0095287849258434,0.5148,0
65285633203088768,1.9867717342662448,1.8565765619277954,1.796535611152649,1.9145946502685547,1.483603596687317,2.1590991020202637,-0.13019517233844935,3.134848573899732,0.235,3
68291977168100480,2.1051694279993316,1.6825225353240967,1.6380116939544678,1.6327928304672241,0.799819827079773,2.407747745513916,-0.4226468926752349,2.452001853535628,2.2549,0
661239390935361024,2.8129133566428557,2.7931530475616455,2.1559808254241943,3.0252251625061035,0.40612611174583435,3.4645044803619385,-0.01976030908121018,2.7386552731834737,9.4751,8
661279042073291776,2.8561244442423,3.029369354248047,3.020447254180908,2.8926126956939697,2.714414358139038,3.481081008911133,0.1732449100057467,2.155307863736835,15.9075,0
66789872486779520,1.9867717342662448,1.8814414739608765,1.8818398714065552,2.051351308822632,0.9614414572715759,2.726846933364868,-0.1053302603053683,-0.0109497085365036,0.3435,3
661244270018200192,2.8561244442423,2.577657699584961,2.4873878955841064,2.4657657146453857,1.363423466682434,3.4272072315216064,-0.2784667446573392,0.6538594703052975,2.9983,0
64967603762044928,1.9867717342662448,1.81513512134552,1.7980155944824219,1.8980180025100708,1.3965765237808228,2.200540542602539,-0.17163661292072474,3.0378330653461068,0.4739,4
65247704349267584,2.1051694279993316,2.076216220855713,2.0732061862945557,2.125946044921875,1.7985585927963257,2.3041441440582275,-0.02895320714361871,0.9914829882662596,5.8027,1
6042459132197205504,1.0,1.831711769104004,1.6541528701782227,2.175675630569458,0.9200000166893005,2.200540542602539,0.8317117691040039,0.7676712434869225,2.7172,8
664325170317925120,2.8129133566428557,1.2266666889190674,1.275413155555725,0.24036036431789398,0.3398198187351227,2.21297287940979,-1.5862466677237883,2.0722937758584257,4.1804,8
6049122310095142656,0.568201724066995,1.1769369840621948,1.977393627166748,3.6095495223999023,0.30666667222976685,3.725585699081421,0.6087352599951998,3.5534607347340295,3.196,5
65299965511216384,2.1051694279993316,1.9187387228012085,1.8606268167495728,1.9145946502685547,1.2971171140670776,2.490630626678467,-0.1864307051981231,2.7139491428004328,0.6076,4
68183331674900864,1.9867717342662448,1.9726126194000244,1.8963006734848022,2.113513469696045,1.4090089797973633,2.395315408706665,-0.014159114866220346,3.05359874749037,0.6059,4
69906472554465792,1.9867717342662448,1.8855855464935303,1.82962965965271,1.9726126194000244,1.5126125812530518,2.1839640140533447,-0.10118618777271449,2.4116298381815797,0.3522,3
5239736204230183680,1.568201724066995,1.7861261367797852,1.8051426410675049,0.0,0.48072072863578796,3.0500900745391846,0.21792441271279017,0.5463716646971014,0.8599,9
64456262134709376,1.9867717342662448,1.4131531715393066,1.7297179698944092,1.2100900411605835,0.7583783864974976,2.8926126956939697,-0.5736185627269381,2.8523718436246637,1.9683,2
6052205478141290240,1.1020905255118367,1.0857657194137573,1.6109662055969238,3.249008893966675,0.3729729652404785,3.3070271015167236,-0.016324806098079403,3.312473735773132,2.4432,5
69988489250631680,1.9867717342662448,1.4048649072647095,1.4223474264144897,1.2639639377593994,0.6754955053329468,2.1673874855041504,-0.5819068270015353,1.7097984770832526,6.644,3
3311492803955469696,2.88930170250631,2.8884685039520264,2.908158779144287,2.884324312210083,2.75171160697937,3.045945882797241,-0.000833198554283765,1.707051,14.3399,2
440522052390302464,1.8976270912904414,1.6659458875656128,1.5546656847000122,1.6742342710494995,0.6423423290252686,2.21297287940979,-0.2316812037248286,1.8565268456993136,1.7094,9
66738023641737088,2.1051694279993316,1.9974775314331055,1.9288184642791748,2.445044994354248,1.3509910106658936,2.55279278755188,-0.10769189656622613,3.0148773993216733,0.8225,2
63838886357191936,1.9867717342662448,1.1106306314468384,1.144887924194336,0.0,0.12432432174682617,2.175675630569458,-0.8761411028194064,2.171745605168023,1.9981,1
65089336018173440,2.1051694279993316,1.968468427658081,1.921689510345459,2.175675630569458,1.4960360527038574,2.2295496463775635,-0.13670100034125054,0.8458465240915763,4.0664,1
664403991557398784,2.8561244442423,2.9423422813415527,3.0224528312683105,2.8801801204681396,2.8304505348205566,3.336035966873169,0.08621783709925257,0.8801489533451193,8.6722,8
47345009348203392,2.88930170250631,3.2655856609344482,3.329036235809326,2.9299099445343018,2.9299099445343018,3.8084685802459717,0.3762839584281381,0.8785042999999995,8.76,3
65830548591559936,2.1051694279993316,1.9974775314331055,1.9274007081985474,2.540360450744629,1.3965765237808228,2.490630626678467,-0.10769189656622613,2.9142662273260234,0.4551,4
661321304551503616,2.8129133566428557,3.522522449493408,3.463888168334961,3.5266666412353516,3.203423500061035,3.862342357635498,0.7096090928505525,2.8810815390735622,19.7596,0
68046133239891584,1.9867717342662448,1.9601801633834839,1.8593106269836426,1.9643243551254272,1.031891942024231,2.6605405807495117,-0.026591570882760873,2.135010638639987,1.5108,2
6237413813794817024,1.2730012720637376,1.8980180025100708,1.88826584815979,2.565225124359131,1.0567567348480225,2.7061262130737305,0.6250167304463332,2.8234634825493785,1.4435,5
661401431460014976,2.8561244442423,2.9299099445343018,2.9568145275115967,2.82216215133667,2.747567653656006,3.190990924835205,0.0737855002920016,1.436954042456677,12.4911,0
659488349947010176,2.8561244442423,1.607927918434143,1.8165571689605713,1.2805405855178833,0.8785585761070251,2.8636035919189453,-1.248196525808157,2.92062477219438,1.5717,8
65270450496044416,1.9867717342662448,1.723963975906372,1.6711668968200684,1.6742342710494995,0.8785585761070251,2.4160361289978027,-0.2628077583598727,2.453403000321485,2.1803,0
65673593307063552,2.0492180226701815,1.8358558416366577,1.750531792640686,2.21297287940979,1.338558554649353,2.22540545463562,-0.21336218103352378,2.022816618987257,0.4478,1
65768151306811904,2.1051694279993316,1.7944144010543823,1.6235716342926025,1.893873929977417,0.44342342019081116,2.569369316101074,-0.3107550269449493,1.9420364539839183,1.6777,4
6245812948756034816,1.0064660422492318,1.0236035585403442,1.114061713218689,0.1574774831533432,0.3149549663066864,1.7819819450378418,0.017137516291112487,1.440013320829403,3.657,5
6050205878805898240,0.568201724066995,3.224144220352173,2.6686367988586426,3.3691892623901367,0.40612611174583435,3.8084685802459717,2.655942496285178,2.671589029347019,14.0579,5
6242578696645925504,1.0064660422492318,1.2308107614517212,1.4050835371017456,0.0,0.3895495533943176,2.507207155227661,0.22434471920248944,1.4690478385011558,2.0971,5
65208396808627840,1.9867717342662448,1.6245044469833374,1.5024654865264893,1.9104504585266113,0.791531503200531,2.1052253246307373,-0.36226728728290736,1.51942883917581,0.4831,3
441429733597631232,1.8325089127062364,1.9104504585266113,1.8867734670639038,1.8565765619277954,1.375855803489685,2.532072067260742,0.07794154582037494,2.3056752434829813,1.202,9
3313689422030650496,2.88930170250631,2.018198251724243,1.8729650974273682,2.188108205795288,1.106486439704895,2.3745946884155273,-0.871103450782067,0.8196009999999996,4.1397,3
6243507856993984000,1.0,1.2971171140670776,1.7849195003509521,3.1495494842529297,0.5553153157234192,3.240720748901367,0.29711711406707764,3.40448388617886,1.8451,5
69898810332838400,2.0492180226701815,1.4628828763961792,1.5348032712936401,1.0774774551391602,0.8329729437828064,2.262702703475952,-0.5863351462740023,1.7386948929382864,6.8807,1
5239419957194688768,1.568201724066995,2.0223424434661865,1.9883859157562256,2.4160361289978027,1.5499099493026733,2.432612657546997,0.45414071939919154,2.563593407117527,0.3369,9
63593798341985152,2.1051694279993316,1.8234233856201172,1.7209564447402954,1.9518918991088867,1.2929729223251343,2.1590991020202637,-0.2817460423792144,3.473999715347209,0.1956,3
6039272266464602624,1.0107238653917732,2.163243293762207,2.0127015113830566,2.270991086959839,1.3095495700836182,2.6066665649414062,1.1525194283704339,3.410606245091145,0.5881,5
65129506848731136,1.9867717342662448,1.3841441869735718,1.213775396347046,1.607927918434143,0.4185585677623749,1.7281081676483154,-0.602627547292673,1.342292563693319,0.3385,4
66742765285619584,1.9867717342662448,1.95603609085083,1.875747799873352,1.9518918991088867,1.363423466682434,2.457477569580078,-0.030735643415414682,2.4132429687388623,1.4155,0
661253027453650432,2.8129133566428557,3.029369354248047,2.9983739852905273,2.996216297149658,2.8636035919189453,3.286306381225586,0.21645599760519119,2.25495177269119,19.6995,8
442049377118210688,1.8325089127062364,1.9270269870758057,1.9096510410308838,1.8897297382354736,1.3841441869735718,2.5237836837768555,0.09451807436956927,2.4326893322074183,1.4119,9
6245669050173379328,1.0,1.5747747421264648,1.7033984661102295,1.247387409210205,0.6754955053329468,2.784864902496338,0.5747747421264648,2.749662238683086,2.0298,5
660939258619177984,2.8129133566428557,2.507207155227661,2.1009740829467773,2.565225124359131,0.6879279017448425,2.8428828716278076,-0.30570620141519456,1.956520381680991,11.7015,6
65026839950559744,2.1051694279993316,2.3041441440582275,1.9041047096252441,2.420180082321167,0.745945930480957,2.6936936378479004,0.19897471605889594,1.8674146843872204,10.7782,2
6245811780524907392,0.8948696567452525,1.8731532096862793,1.810126781463623,1.840000033378601,1.0401802062988281,2.5362162590026855,0.9782835529410268,2.2778487003857397,0.7551,5
6045178224453388928,1.0107238653917732,1.313693642616272,1.8628671169281006,3.29045033454895,0.3522522449493408,3.43135142326355,0.3029697772244988,2.9539883305519625,3.3515,5
661459774295767936,2.8561244442423,2.030630588531494,1.89718496799469,2.076216220855713,1.1354955434799194,2.5859458446502686,-0.825493855710806,2.727502455987378,0.7425,8
6243147492050772864,1.0064660422492318,1.5623422861099243,1.7971543073654175,2.921621561050415,0.7210810780525208,2.9879279136657715,0.5558762438606926,3.0568412854904943,1.9375,5
6234036526393328256,1.2730012720637376,1.044324278831482,1.1525557041168213,0.7045044898986816,0.6796396374702454,1.6493693590164185,-0.22867699323225565,0.8327916513952497,1.9718,7
6050363830527408384,1.0107238653917732,2.4160361289978027,2.2197985649108887,2.532072067260742,1.5291892290115356,2.871891975402832,1.4053122636060296,3.368069784598641,0.8375,5
146758968080949504,0.6532125137753437,2.262702703475952,2.177676200866699,3.1205406188964844,0.9365766048431396,3.4272072315216064,1.6094901897006084,3.366321394383046,1.2341,3
65506467539939584,1.9867717342662448,1.9809008836746216,1.9418785572052002,2.0099098682403564,1.4711711406707764,2.420180082321167,-0.005870850591623178,3.057051872332037,0.4122,2
66289044940711168,2.1051694279993316,1.9643243551254272,1.8990734815597534,2.0472071170806885,1.1935135126113892,2.627387285232544,-0.14084507287390435,2.9848901056912016,0.5676,3
66537981246228096,1.9867717342662448,2.2792792320251465,2.2303805351257324,2.2917118072509766,1.9767568111419678,2.5030629634857178,0.2925074977589017,0.9954698466783284,6.5244,0
68291977168100480,1.9867717342662448,1.6825225353240967,1.6380116939544678,1.6327928304672241,0.799819827079773,2.407747745513916,-0.3042491989421481,2.452001853535628,2.2549,0
68129764842889600,2.1051694279993316,1.9601801633834839,1.916914701461792,2.0803604125976562,1.6245044469833374,2.21297287940979,-0.1449892646158477,0.88659258349031,4.422,4
65673593307063552,1.9867717342662448,1.8358558416366577,1.750531792640686,2.21297287940979,1.338558554649353,2.22540545463562,-0.15091589262958705,2.022816618987257,0.4478,1
661277908202012672,2.8561244442423,1.8109910488128662,1.801630973815918,1.8441441059112549,0.9821621775627136,2.639819860458374,-1.045133395429434,2.7640918374917964,1.3367,6
65005262035285888,2.1051694279993316,1.4380179643630981,1.5029305219650269,1.2681081295013428,0.6879279017448425,2.3414413928985596,-0.6671514636362335,2.4116105663987715,2.469,4
661259525741991808,2.8129133566428557,2.150810718536377,2.062617063522339,2.490630626678467,1.4628828763961792,2.5610811710357666,-0.6621026381064787,2.7371112861567037,0.5186,6
65241863193865856,1.9867717342662448,1.906306266784668,1.8276689052581787,2.088648557662964,1.3509910106658936,2.262702703475952,-0.08046546748157679,2.96203540300609,0.6059,4
63677326867342464,1.9867717342662448,1.7488288879394531,1.7232764959335327,1.607927918434143,0.8992792963981628,2.5362162590026855,-0.23794284632679163,2.5418784358566757,1.8198,4
66816295125702144,2.1051694279993316,2.2668468952178955,2.252777338027954,2.299999952316284,2.038918972015381,2.48234224319458,0.1616774672185639,1.3744301255786722,8.6772,2
65674383581036800,1.9867717342662448,1.993333339691162,1.8471977710723877,2.0347747802734375,1.0609009265899658,2.5610811710357666,0.0065616054249173494,2.5984498968222995,0.8691,1
64946025846426752,1.9867717342662448,1.8814414739608765,1.8726072311401367,1.8897297382354736,1.4255856275558472,2.3248648643493652,-0.1053302603053683,3.1929113560952453,0.3736,4
64401389632616960,2.1051694279993316,2.4864864349365234,2.060920000076294,2.5818018913269043,0.9863063097000122,2.8014414310455322,0.38131700693719184,3.223339376890692,0.7454,1
71042439864623104,1.9867717342662448,1.094054102897644,1.1527228355407715,0.6920720934867859,0.42684683203697205,1.893873929977417,-0.8927176313686007,1.7080604006406404,4.5104,3
66957994687842176,2.1051694279993316,1.2266666889190674,1.1153123378753662,1.6245044469833374,0.4144144058227539,1.6659458875656128,-0.8785027390802642,1.180742686588358,0.3144,0
68653201097557888,1.9867717342662448,2.0223424434661865,1.9768610000610352,2.1466667652130127,1.4048649072647095,2.590090036392212,0.035570709199941764,2.683462185567034,1.1872,3
69918086146123520,2.1051694279993316,1.2349549531936646,1.296750783920288,0.2196396440267563,0.3398198187351227,2.345585584640503,-0.870214474805667,2.4089312362210955,3.2024,1
65298483745290368,1.9867717342662448,0.978018045425415,1.4311354160308838,0.8578378558158875,0.34396395087242126,3.0335135459899902,-1.0087536888408297,2.910899218999517,2.7571,1
68262973252098304,2.1051694279993316,1.8980180025100708,1.7982218265533447,2.125946044921875,1.168648600578308,2.4284684658050537,-0.2071514254892608,3.0095287849258434,0.5148,0
5321275295028390912,1.568201724066995,2.208828926086426,2.178860664367676,2.1673874855041504,2.005765676498413,2.4616215229034424,0.6406272020194308,1.173492556718531,7.8458,8
245357913824994560,1.8976270912904414,1.1189188957214355,1.1122113466262817,1.3302702903747559,0.476576566696167,1.607927918434143,-0.7787081955690058,1.0942313195791529,3.4588,9
6051937300384164992,1.1020905255118367,1.8565765619277954,1.9562792778015137,2.784864902496338,1.0111712217330933,2.909189224243164,0.7544860364159587,3.152213587641512,1.3804,5
69294319455655808,2.1051694279993316,1.968468427658081,1.9535986185073853,2.299999952316284,1.645225167274475,2.2668468952178955,-0.13670100034125054,2.475968319409047,0.3662,0
664366779961036288,2.8561244442423,3.054234266281128,3.1575441360473633,2.9506306648254395,2.9133334159851074,3.4769370555877686,0.19810982203882777,0.912549973206642,9.3646,0
65226092073881856,1.9867717342662448,1.7944144010543823,1.7381339073181152,2.1093692779541016,1.1976577043533325,2.2212612628936768,-0.19235733321186244,2.7490600096029585,0.3916,2
5239921914293886336,1.568201724066995,1.8980180025100708,1.902636170387268,1.4504504203796387,1.0194594860076904,2.759999990463257,0.3298162784430758,2.7732081574639778,1.438,9
447440007751299072,1.8325089127062364,1.7073873281478882,1.7072429656982422,1.723963975906372,1.2059459686279297,2.188108205795288,-0.1251215845583482,1.189017130997392,5.305,9
66642641008348416,2.1051694279993316,1.9767568111419678,1.9028874635696411,2.0845046043395996,1.1520720720291138,2.664684772491455,-0.12841261685736383,2.9883297699554627,0.5971,3
661079652509975936,2.8129133566428557,3.141261339187622,2.416501998901367,3.3028829097747803,0.3936936855316162,3.568108081817627,0.3283479825447664,2.9439308996558315,9.3252,8
435326859946780800,1.8325089127062364,2.0099098682403564,1.9650789499282837,2.345585584640503,1.54576575756073,2.382882833480835,0.17740095553412005,2.371330197577865,0.343,9
659774394768991744,2.8561244442423,2.0803604125976562,2.0243802070617676,1.9270269870758057,1.4048649072647095,2.7102701663970947,-0.7757640316446439,2.4375355409424935,1.1719,6
70313016978627584,2.1051694279993316,2.3787386417388916,2.1819252967834473,2.4118919372558594,1.094054102897644,2.739279270172119,0.27356921373956,1.6312305873684037,9.326,0
63296380446670080,2.1051694279993316,1.9643243551254272,1.962639331817627,2.0140540599823,1.6327928304672241,2.320720672607422,-0.14084507287390435,3.210788785205522,0.3181,4
67368868438779392,2.0492180226701815,1.7861261367797852,1.7908329963684082,1.5954954624176025,1.0733333826065063,2.540360450744629,-0.26309188589039634,2.6083683159566435,1.6808,3
249009220140976128,1.8325089127062364,1.0360360145568848,1.1271681785583496,0.0,0.1574774831533432,2.018198251724243,-0.7964728981493516,1.5174272346139026,1.5324,9
661528184534528896,2.8561244442423,3.041801691055298,3.069481372833252,2.996216297149658,2.8801801204681396,3.2655856609344482,0.1856772468129977,1.88725893667774,16.68,6
658776313088864896,2.8561244442423,3.3318917751312256,3.2345616817474365,3.240720748901367,2.8511712551116943,3.8913514614105225,0.4757673308889254,3.005353900465221,8.7224,7
5586843022846201856,1.6532125137753437,2.1963963508605957,2.2164530754089355,2.3124325275421143,1.831711769104004,2.5237836837768555,0.543183837085252,0.933648040548434,5.2557,9
65701527774387840,1.9867717342662448,1.5167567729949951,1.7522393465042114,1.313693642616272,0.8992792963981628,2.82216215133667,-0.47001496127124964,2.935680697558459,1.5478,0
68308882159427840,2.0492180226701815,2.0140540599823,1.8354449272155762,2.3248648643493652,0.9034234285354614,2.544504404067993,-0.03516396268788169,2.7362868067667474,1.0798,1
68014964661425280,1.9867717342662448,2.0969369411468506,1.9944673776626587,2.515495538711548,1.3302702903747559,2.652252197265625,0.11016520688060583,3.349006040534723,0.4718,0
63327682168301952,2.1051694279993316,2.0099098682403564,1.9181182384490967,2.1715314388275146,1.3965765237808228,2.469909906387329,-0.09525955975897515,3.0971250095325624,0.5598,1
67054305033161344,1.9867717342662448,1.9477477073669434,1.8917722702026367,2.005765676498413,1.2266666889190674,2.5942342281341553,-0.0390240268993014,2.980229524798571,0.5419,3
6247541621557778304,0.8948696567452525,2.067927837371826,1.8203455209732056,2.5569369792938232,0.4102702736854553,3.045945882797241,1.1730581806265736,2.224917222646903,7.374,5
661154522379748480,2.8129133566428557,1.6576576232910156,1.913729190826416,1.375855803489685,1.0567567348480225,2.934054136276245,-1.15525573335184,3.0959595833453086,1.1906,0
6244914750835629312,1.1020905255118367,1.2681081295013428,1.6877315044403076,0.8329729437828064,0.42270269989967346,3.190990924835205,0.16601760398950605,2.7088492042464827,3.8052,5
63826448131945984,1.9867717342662448,2.055495500564575,1.9687635898590088,2.1093692779541016,1.4753153324127197,2.544504404067993,0.06872376629833044,2.7420549340985,0.8127,4
6048621310753968256,1.0107238653917732,2.4989190101623535,1.9860588312149048,3.261441469192505,0.3522522449493408,3.447927951812744,1.4881951447705803,2.7984880895379,3.104,5
65275020341243520,2.1051694279993316,2.0596396923065186,1.9336737394332886,2.395315408706665,1.2515314817428589,2.569369316101074,-0.045529735692813045,2.963575281004988,0.813,1
245261878355732096,1.8976270912904414,1.7363964319229126,1.8629512786865234,1.4048649072647095,0.8702702522277832,2.8511712551116943,-0.16123065936752878,2.8790155988037065,1.4551,9
243086494599578240,1.8976270912904414,1.9726126194000244,1.9772276878356934,1.931171178817749,1.483603596687317,2.6108107566833496,0.07498552810958303,2.56080892030929,1.002,9
661247671632285312,2.8561244442423,2.813873767852783,2.117961883544922,3.4893693923950195,0.3356756865978241,3.704864978790283,-0.04225067638951696,0.6075475095692684,10.3582,6
5251845950420988672,1.568201724066995,1.6825225353240967,1.3507081270217896,0.0,0.12018018215894699,2.200540542602539,0.1143208112571017,0.6058361885899498,0.5256,7
274848568032380032,1.8325089127062364,1.7198197841644287,1.6204075813293457,2.333153247833252,0.9241441488265991,2.295855760574341,-0.11268912854180768,1.6200181085131122,0.4962,9
6245672383068041344,0.7781512503836436,1.3551350831985474,1.6960468292236328,0.8992792963981628,0.46000000834465027,3.1495494842529297,0.5769838328149037,2.7645362088604144,3.6174,5
50427387118457984,2.8750612633917,1.4338738918304443,1.614806890487671,1.2349549531936646,0.6796396374702454,2.8428828716278076,-1.4411873715612558,3.004494000000001,1.8673,4
664591595728990336,2.8561244442423,3.2821621894836426,3.298562526702881,2.871891975402832,2.871891975402832,3.8706307411193848,0.4260377452413424,0.3548028687059764,0.1576,2
64653383953596032,2.1051694279993316,1.8731532096862793,1.8530900478363037,1.95603609085083,1.4214414358139038,2.308288335800171,-0.2320162183130523,3.103468674321085,0.4817,4
63632178171114624,1.9867717342662448,2.0720720291137695,1.961411714553833,2.2295496463775635,1.4587386846542358,2.4616215229034424,0.08530029484752477,2.900216952741418,0.8537,4
5538425822158520576,1.6857417386022637,2.001621723175049,1.9465440511703491,2.026486396789551,1.3427027463912964,2.569369316101074,0.3158799845727851,2.3199873156891524,0.5212,9
64843805623922688,2.1051694279993316,2.138378381729126,2.056033134460449,2.8387386798858643,0.9945945739746094,3.1205406188964844,0.03320895372979438,3.089167359257666,1.2523,3
66515922294233728,1.9867717342662448,1.9767568111419678,1.8757758140563965,2.0140540599823,1.3509910106658936,2.4367568492889404,-0.010014923124276986,2.95532373918997,0.5615,1
6242526989540469248,1.0107238653917732,1.2681081295013428,1.565981388092041,0.9324324131011963,0.4558558464050293,2.871891975402832,0.2573842641095696,2.5345131666339578,4.6291,5
443227881784657536,1.8976270912904414,1.877297282218933,1.8379786014556885,1.8275675773620605,1.3178378343582153,2.4409008026123047,-0.020329809071508276,2.258902998466095,1.6095,9
6245835179506936704,0.8948696567452525,1.1189188957214355,1.9614044427871704,3.4893693923950195,0.36882883310317993,3.5971171855926514,0.224049238976183,3.6843677976569458,1.8889,5
6249000566108106112,0.8573324964312685,1.313693642616272,1.5369716882705688,0.7873873710632324,0.46000000834465027,2.6481080055236816,0.45636114618500345,2.1960314181304303,6.1369,5
3392664627834274688,2.88930170250631,1.429729700088501,1.6439028978347778,1.367567539215088,0.6920720934867859,2.871891975402832,-1.4595720024178092,2.9334380000000007,2.0454,2
5538408195612899584,1.6532125137753437,0.9282882809638977,1.04221510887146,0.4972972869873047,0.5180180072784424,1.4421621561050415,-0.724924232811446,-0.203908076745354,2.4162,7
65014195567317504,1.9867717342662448,1.9974775314331055,1.9025633335113525,2.5486485958099365,1.284684658050537,2.5030629634857178,0.010705797166860709,2.774588083761613,0.5149,4
64895139073954944,2.1051694279993316,1.8731532096862793,1.7645732164382935,1.985045075416565,0.7832432389259338,2.540360450744629,-0.2320162183130523,2.481592566746369,1.5594,4
68261053403709312,2.1051694279993316,1.931171178817749,1.8643310070037842,2.22540545463562,1.1106306314468384,2.627387285232544,-0.17399824918158258,3.0729910520971253,0.6034,3
249111302925370368,1.8976270912904414,1.7736936807632446,1.8001165390014648,1.483603596687317,0.9365766048431396,2.6356756687164307,-0.12393341052719675,2.601355751110058,1.7676,9
6049578607425858048,1.0107238653917732,1.840000033378601,1.6936898231506348,2.4533333778381348,0.46000000834465027,2.7102701663970947,0.8292761679868279,1.8498492494641217,8.1744,5
148112913570653568,0.6532125137753437,0.8909909725189209,1.8671737909317017,3.7090089321136475,0.32324323058128357,3.8540539741516113,0.23777845874357717,3.5231773451365873,1.9028,3
661320067600915328,2.8129133566428557,2.9754955768585205,2.8311784267425537,2.958918809890747,2.747567653656006,3.311171054840088,0.16258222021566482,2.5618824195162397,19.4777,8
661294705815866240,2.8561244442423,2.8428828716278076,2.808774709701538,2.847027063369751,2.6854054927825928,2.958918809890747,-0.013241572614492547,1.181370920513206,10.2164,8
661325187202016512,2.8561244442423,2.067927837371826,1.971709966659546,2.076216220855713,1.3261260986328125,2.614954948425293,-0.788196606870474,2.7935505414267428,0.8391,7
64934893291213952,1.9867717342662448,0.8909909725189209,0.8903180360794067,1.3302702903747559,0.319099098443985,1.429729700088501,-1.0957807617473239,1.2976161186144903,0.2352,3
66781316909399424,2.1051694279993316,1.2100900411605835,1.2901288270950317,0.6174774765968323,0.5055856108665466,2.138378381729126,-0.8950793868387481,1.9414666106497456,5.109,1
3412249541265750912,0.5314789170422551,1.0816216468811035,1.2511355876922607,1.094054102897644,0.3356756865978241,2.3994593620300293,0.5501427298388484,2.6308725455867017,2.8417,0
64589062523316736,1.9867717342662448,1.5333333015441895,1.482477068901062,0.0,0.3563964068889618,2.48234224319458,-0.4534384327220553,2.638650542377565,1.902,1
661190153430426880,2.8561244442423,1.4007207155227661,1.3527146577835083,1.7115315198898315,0.8039639592170715,1.7861261367797852,-1.455403728719534,1.2814477867063525,4.6875,6
241699529401329408,1.8325089127062364,1.5043243169784546,1.68924880027771,4.139999866485596,0.4558558464050293,3.1951351165771484,-0.3281845957277818,0.657285905980558,1.3612,9
6049357433785068672,0.568201724066995,2.246126174926758,2.0996315479278564,2.395315408706665,1.4877477884292603,2.7061262130737305,1.6779244508597628,3.1566263767060674,0.8248,5
68168419548529920,1.9867717342662448,1.9767568111419678,1.9368774890899658,1.9974775314331055,1.3551350831985474,2.544504404067993,-0.010014923124276986,3.1599444826574907,0.3866,3
661239390935360512,2.8561244442423,2.8926126956939697,2.9019412994384766,2.9009008407592773,2.776576519012451,3.008648633956909,0.03648825145166956,1.0897905834761503,9.7561,7
664625302630788608,2.8561244442423,0.2610810697078705,0.4250311255455017,0.15333333611488342,0.08288288116455078,0.6547747850418091,-2.5950433745344297,0.9978349109884154,1.2141,2
6236927005021230464,1.1020905255118367,2.063783884048462,2.003138780593872,2.088648557662964,1.4753153324127197,2.5610811710357666,0.9616933585366252,3.290782101507902,0.5549,5
53563915834929024,2.1051694279993316,0.8246846795082092,1.3726861476898193,0.0,0.22378379106521606,2.946486473083496,-1.2804847484911224,2.6394437444041694,5.159,3
65779971056668032,1.9867717342662448,1.094054102897644,1.427156686782837,0.9614414572715759,0.4351351261138916,2.934054136276245,-0.8927176313686007,3.0012669617543435,2.1878,4
435289613991362304,1.8325089127062364,1.1272071599960327,1.3732351064682007,1.069189190864563,0.40198197960853577,2.614954948425293,-0.7053017527102037,2.6684472551842706,2.6936,9
249205036290763136,1.8976270912904414,1.9809008836746216,1.9694998264312744,1.9187387228012085,1.6908107995986938,2.2668468952178955,0.0832737923841802,2.7095836433662366,0.2507,9
441493780152662144,1.8325089127062364,0.9614414572715759,1.1152241230010986,0.0,0.26936936378479004,1.8358558416366577,-0.8710674554346605,0.6667004331251207,0.6784,9
664311392062657920,2.8561244442423,3.045945882797241,3.188225507736206,2.834594488143921,2.834594488143921,3.6882882118225098,0.18982143855494105,0.8293997563695351,8.0252,0
64894623677888640,2.1051694279993316,1.9394594430923462,1.8926198482513428,2.0969369411468506,1.2515314817428589,2.5818018913269043,-0.1657099849069854,3.075282835635775,0.5168,3
4323607276100307584,1.2730012720637376,1.2349549531936646,1.6021567583084106,0.8744144439697266,0.42684683203697205,2.9381980895996094,-0.03804631887007304,2.7807387514680433,2.2055,5
5318569195058991616,1.568201724066995,1.8358558416366577,1.7448630332946777,1.877297282218933,1.0028828382492065,2.4118919372558594,0.26765411756966273,2.2823283483945063,2.0181,9
6045252922524333056,1.0107238653917732,1.5872071981430054,1.84416663646698,0.0,0.36882883310317993,3.3153152465820312,0.5764833327512322,2.78755236220156,2.9649,5
5586717403640706304,1.6857417386022637,0.8536936640739441,0.9219436049461365,0.3771171271800995,0.26936936378479004,1.5374774932861328,-0.8320480745283196,-0.1941590571738027,1.234,8
249216168846376448,1.8325089127062364,1.1437838077545166,1.351154088973999,1.1354955434799194,0.4102702736854553,2.5030629634857178,-0.6887251049517198,2.568347774975873,2.9966,9
6042069458410390784,1.1367205671564067,2.2336935997009277,2.1637895107269287,2.3414413928985596,1.607927918434143,2.7641441822052,1.096973032544521,3.4683654464402194,0.6692,5
6050333112920811776,1.0064660422492318,2.287567615509033,2.125389575958252,2.6190991401672363,1.3468468189239502,2.8511712551116943,1.2811015732598015,3.1568524974550995,1.1222,5
65768151306811904,1.9867717342662448,1.7944144010543823,1.6235716342926025,1.893873929977417,0.44342342019081116,2.569369316101074,-0.19235733321186244,1.9420364539839183,1.6777,4
65008010814357248,2.1051694279993316,1.9518918991088867,1.854161262512207,2.250270366668701,1.2266666889190674,2.48234224319458,-0.15327752889044488,3.107124799992,0.502,0
441573048067694592,1.8976270912904414,1.044324278831482,1.2758662700653076,0.46414414048194885,0.3605405390262604,2.420180082321167,-0.8533028124589594,2.1679617336477355,6.7868,9
66553443128503552,2.1051694279993316,2.067927837371826,1.9566832780838013,2.4989190101623535,1.2929729223251343,2.5859458446502686,-0.03724159062750543,2.856835211278989,1.1209,4
6244007516310200192,1.0064660422492318,2.4616215229034424,2.0462069511413574,2.7558557987213135,0.3978378474712372,3.228288173675537,1.4551554806542106,2.121336458477358,9.8837,5
5290667541308087168,2.419955748489758,1.840000033378601,1.659325122833252,2.1590991020202637,0.9490090012550354,2.1922521591186523,-0.579955715111157,0.7862216652758103,3.0016,8
6242630893388639872,1.0107238653917732,1.3178378343582153,1.6070525646209717,1.00702702999115,0.4724324345588684,2.967207193374634,0.30711396896644216,2.8028436932433065,2.7827,5
3410633602770942464,0.5145477526602861,0.5014414191246033,0.7202761173248291,0.06630630791187286,0.13261261582374573,1.2805405855178833,-0.013106333535682801,1.0534944150461434,1.5457,0
6236718475767921664,1.0064660422492318,1.0899099111557007,1.7456426620483398,3.1951351165771484,0.3771171271800995,3.3070271015167236,0.08344386890646893,3.4002028529800103,1.8871,5
5251269909397054464,1.568201724066995,1.7902703285217285,1.7327615022659302,2.569369316101074,0.6423423290252686,2.714414358139038,0.22206860445473353,2.028206983279494,8.9679,9
63693785181958912,1.9867717342662448,1.9021621942520142,1.8694360256195068,2.101081132888794,1.5540540218353271,2.1715314388275146,-0.0846095400142306,2.428005931004538,0.3703,4
68363411064150272,2.1051694279993316,1.5747747421264648,1.437204122543335,0.0,0.3356756865978241,2.163243293762207,-0.5303946858728668,1.872611318261671,2.9659,2
68322454256073344,1.9867717342662448,1.8234233856201172,1.804438591003418,1.8109910488128662,1.2639639377593994,2.420180082321167,-0.16334834864612757,2.9386106373767418,0.4746,3
49662092665424896,1.9867717342662448,1.8524324893951416,1.7924003601074219,1.9187387228012085,1.1727927923202515,2.250270366668701,-0.13433924487110316,1.1445533135870294,5.9586,3
661207024061875456,2.8561244442423,2.9050450325012207,2.8272974491119385,2.813873767852783,2.6356756687164307,3.7421622276306152,0.04892058825892054,0.7238548280897985,5.6509,6
6242464283017261184,1.0064660422492318,1.715675711631775,1.8271889686584473,2.7185585498809814,0.915855884552002,2.7931530475616455,0.7092096693825432,2.9407921527640757,1.5397,5
661001243587055616,2.8129133566428557,2.038918972015381,1.9997109174728394,1.9809008836746216,1.4048649072647095,2.7061262130737305,-0.7739943846274748,2.709258376092931,1.0937,6
5317906155187202176,1.568201724066995,1.607927918434143,1.6078249216079712,0.4351351261138916,0.46000000834465027,2.6190991401672363,0.03972619436714808,0.583657172599008,1.0116,7
659716601689157760,2.8561244442423,2.677117109298706,2.6182429790496826,2.726846933364868,2.2917118072509766,2.8304505348205566,-0.1790073349435941,1.148255355741835,8.8952,7
6244006451158294016,1.0064660422492318,1.3799999952316284,1.6615949869155884,1.069189190864563,0.5097297430038452,2.9630630016326904,0.37353395298239667,2.8847429707632193,2.3092,5
5251455520707702016,1.568201724066995,1.363423466682434,1.523677110671997,1.3468468189239502,0.46414414048194885,2.6688287258148193,-0.2047782573845609,2.7124280241102285,2.1903,9
6045138569012464640,1.0107238653917732,0.7293693423271179,1.1507432460784912,0.04972973093390465,0.2154954969882965,2.370450496673584,-0.28135452306465525,0.9836306400281006,1.3747,5
248624665950977536,1.8325089127062364,1.0650449991226196,1.2031147480010986,0.5345945954322815,0.3315315246582031,1.993333339691162,-0.7674639135836168,0.696955501083682,0.8981,9
65675895409522048,1.9867717342662448,2.101081132888794,2.074906826019287,2.3290090560913086,1.7032432556152344,2.4409008026123047,0.11430939862254919,3.1496648612221696,0.3186,2
6242237165147341184,1.0064660422492318,2.0140540599823,1.9137547016143799,2.2544143199920654,1.2556756734848022,2.532072067260742,1.007588017733068,2.982618369320305,0.5313,5
441774911528969088,1.8325089127062364,1.3261260986328125,1.3764898777008057,1.3799999952316284,0.3936936855316162,2.345585584640503,-0.5063828140734239,2.344547317668126,3.013,9
5538547283835168000,1.6857417386022637,1.3799999952316284,1.3936843872070312,2.4036035537719727,0.36468467116355896,2.3663063049316406,-0.3057417433706353,1.4000147779174037,0.6257,9
3309974344039455488,2.8750612633917,1.6245044469833374,1.6622240543365479,1.6410810947418213,0.547027051448822,2.7558557987213135,-1.2505568164083627,2.9184860000000015,1.5139,7
67832346947351424,2.1051694279993316,2.076216220855713,1.950008749961853,2.3663063049316406,1.3261260986328125,2.5362162590026855,-0.02895320714361871,3.2128172809102327,0.5489,1
5514542127499951360,1.505149978319906,2.7558557987213135,2.6002769470214844,3.0625224113464355,1.8234233856201172,3.3401801586151123,1.2507058204014074,-0.095867454168621,0.3326,7
6042167280580578560,1.1020905255118367,1.4090089797973633,1.5689126253128052,1.168648600578308,0.5304504632949829,2.677117109298706,0.30691845428552655,2.527109099998545,3.6216,5
3419944920068400000,0.5314789170422551,0.8495495319366455,1.1930193901062012,0.8536936640739441,0.26936936378479004,2.739279270172119,0.31807061489439037,2.82275725043739,3.0114,0
69840879814047872,2.1051694279993316,1.831711769104004,1.7860157489776611,1.9518918991088867,1.4007207155227661,2.1218018531799316,-0.2734576588953277,0.8462235273065679,3.7849,4
3392806018157943040,0.7937903846908186,1.5913513898849487,1.5899509191513062,1.968468427658081,0.8661261200904846,2.101081132888794,0.7975610051941301,0.7403227445012112,2.1029,1
246596891631623168,1.8325089127062364,1.3261260986328125,1.5572130680084229,0.3563964068889618,0.40198197960853577,2.784864902496338,-0.5063828140734239,0.6949957228587054,1.5855,9
66570554277316992,2.1051694279993316,1.54576575756073,1.495572566986084,1.6742342710494995,1.0277477502822876,1.8648648262023926,-0.5594036704386016,0.9693510499782816,3.9968,1
64006905476619776,2.0492180226701815,1.123063087463379,1.1904711723327637,0.6672071814537048,0.42684683203697205,1.9891891479492188,-0.9261549352068026,1.8314356014918456,4.9458,3
342907478789972864,3.1099158630237933,3.5142343044281006,3.5106968879699707,3.505945920944214,3.2448649406433105,3.8043243885040283,0.4043184414043073,1.383985422081167,14.7871,9
5590172614629134336,1.5276299008713388,2.1715314388275146,2.162783145904541,0.0,0.3605405390262604,3.7463064193725586,0.6439015379561759,-0.2349036982769687,0.7023,7
65196405259884544,2.1051694279993316,1.7571171522140503,1.7443106174468994,1.715675711631775,1.222522497177124,2.345585584640503,-0.3480522757852813,2.796068955585792,0.485,3
664387808120781440,2.8561244442423,2.8180179595947266,2.8819093704223633,2.7807207107543945,2.7309908866882324,3.336035966873169,-0.0381064846475736,0.8524832877534554,7.8274,8
50706216395526144,2.1051694279993316,1.8482882976531982,1.8498835563659668,1.8648648262023926,1.5540540218353271,2.1590991020202637,-0.25688113034613336,3.1620590137755955,0.2534,1
3409290995993067648,2.88930170250631,0.8163964152336121,1.2632675170898438,0.16162161529064178,0.20306305587291718,2.8428828716278076,-2.072905287272698,2.7226610000000004,6.045,3
6052023234089878528,1.1020905255118367,2.1218018531799316,2.0708670616149902,2.163243293762207,1.5623422861099243,2.6605405807495117,1.019711327668095,3.0270554904834515,0.7546,5
67034994860213888,2.1051694279993316,1.906306266784668,1.7619322538375854,2.067927837371826,0.9572973251342773,2.4491891860961914,-0.19886316121466363,2.4863281868995912,1.4215,1
149956519694104704,2.88930170250631,2.188108205795288,2.115180492401123,2.358017921447754,1.5581982135772705,2.6439640522003174,-0.701193496711022,3.2000220000000006,0.4502,0
63876402894075904,1.9867717342662448,1.8275675773620605,1.8549928665161133,1.7405405044555664,1.5291892290115356,2.2792792320251465,-0.1592041569041842,1.2423662765367562,6.3914,4
6236968305427505408,1.0107238653917732,2.8055856227874756,2.255333423614502,2.9423422813415527,1.094054102897644,3.2117116451263428,1.7948617573957024,3.6708913867848914,1.0458,5
661459774295768960,2.8561244442423,2.018198251724243,1.9647860527038574,2.0720720291137695,1.185225248336792,2.7061262130737305,-0.837926192518057,2.2644830669478826,0.7474,6
659687498990893056,2.8561244442423,3.43135142326355,3.436591148376465,2.9381980895996094,2.946486473083496,3.9742343425750732,0.5752269790212496,0.746471706680556,6.7714,6
4130917073061865088,1.1020905255118367,1.4380179643630981,1.9086320400238037,3.0625224113464355,0.7169369459152222,3.1951351165771484,0.3359274388512614,3.470292692218287,1.5009,5
65040686925109760,2.1051694279993316,0.9117116928100586,1.5009913444519043,0.0,0.2362162172794342,3.0252251625061035,-1.193457735189273,2.645895051509719,6.803,4
3314248558053305216,2.88930170250631,1.715675711631775,1.7904902696609497,1.5250450372695923,0.9863063097000122,2.677117109298706,-1.1736259908745352,2.7842129999999994,1.6969,3
68300326584600448,1.9867717342662448,2.001621723175049,1.8991717100143433,2.2295496463775635,1.3302702903747559,2.457477569580078,0.014849988908804068,3.0977277611746437,0.5785,1
5318549678727766656,1.568201724066995,1.6700900793075562,1.8196041584014893,4.139999866485596,0.4890090227127075,3.385765790939331,0.10188835524056117,0.6398168932673904,1.3781,9
65101606741121792,1.9867717342662448,1.8855855464935303,1.8504927158355713,2.208828926086426,1.1645045280456543,2.5818018913269043,-0.10118618777271449,3.0871563956865016,0.5383,3
67074096242336384,2.1051694279993316,1.3717117309570312,1.5303027629852295,1.3468468189239502,0.4682883024215698,2.701982021331787,-0.7334576970423003,2.689849015437378,2.4559,2
69583456653826048,2.1051694279993316,1.831711769104004,1.7066333293914795,1.95603609085083,0.63819819688797,2.469909906387329,-0.2734576588953277,2.174671744890868,2.4106,2
434698385971110400,1.8976270912904414,1.1727927923202515,1.2266087532043457,1.1893693208694458,0.3978378474712372,2.055495500564575,-0.7248342989701899,1.8611024733169743,4.7356,9
65014195567317504,2.1051694279993316,1.9974775314331055,1.9025633335113525,2.5486485958099365,1.284684658050537,2.5030629634857178,-0.10769189656622613,2.774588083761613,0.5149,4
65017906418989312,1.9867717342662448,1.95603609085083,1.8603551387786865,2.527927875518799,1.160360336303711,2.544504404067993,-0.030735643415414682,2.6099922570669456,0.5328,3
66783584654831872,2.1051694279993316,1.9974775314331055,1.9129207134246826,2.1466667652130127,1.454594612121582,2.407747745513916,-0.10769189656622613,2.744684982814166,0.9135,4
64981863053470592,1.9867717342662448,1.8234233856201172,1.7914365530014038,1.9891891479492188,1.363423466682434,2.208828926086426,-0.16334834864612757,3.276756856427949,0.38,1
65107860213588096,2.0492180226701815,1.9394594430923462,1.6776282787322998,2.0927927494049072,0.7500900626182556,2.4284684658050537,-0.1097585795778353,1.6695890958289057,8.6033,4
441883419583084160,1.8325089127062364,1.0981981754302979,1.3494069576263428,1.00702702999115,0.40198197960853577,2.565225124359131,-0.7343107372759385,2.5853959790016696,3.0385,9
66838452861270272,2.1051694279993316,1.520900845527649,1.5247461795806885,1.7902703285217285,0.8661261200904846,1.9767568111419678,-0.5842685824716827,0.7735695292963896,2.3173,1
65297594689312768,1.9867717342662448,1.9891891479492188,1.923257827758789,2.3248648643493652,1.5581982135772705,2.3290090560913086,0.00241741368297399,2.694274952343344,0.3473,1
68265588889169664,1.9867717342662448,1.8648648262023926,1.7858340740203857,1.8607207536697388,0.9738738536834717,2.5735135078430176,-0.12190690806385218,2.500521466233299,0.6985,3
65502206932420224,2.88930170250631,1.4628828763961792,1.503359317779541,1.7115315198898315,0.46000000834465027,2.627387285232544,-1.426418826110131,3.066152999999998,1.3181,1
241699529401329408,1.8976270912904414,1.5043243169784546,1.68924880027771,4.139999866485596,0.4558558464050293,3.1951351165771484,-0.3933027743119868,0.657285905980558,1.3612,9
66740497542906368,2.1051694279993316,1.8814414739608765,1.8617138862609863,1.877297282218933,1.4131531715393066,2.3497297763824463,-0.22372795403845513,2.9962107144759007,0.3955,4
63916431989200256,2.1051694279993316,2.2171170711517334,2.207767963409424,2.299999952316284,1.893873929977417,2.5030629634857178,0.1119476431524018,1.1962257731581374,7.4851,3
442601194515899264,1.8976270912904414,1.9145946502685547,1.9237685203552246,1.8027026653289795,1.4421621561050415,2.519639730453491,0.016967558978113306,2.7797604898901493,0.4528,9
64555694921236352,1.9867717342662448,1.9145946502685547,1.790861964225769,1.9643243551254272,0.8827027082443237,2.6108107566833496,-0.07217708399769007,2.410031231454436,0.8277,3
65674383581036800,2.1051694279993316,1.993333339691162,1.8471977710723877,2.0347747802734375,1.0609009265899658,2.5610811710357666,-0.11183608830816949,2.5984498968222995,0.8691,1
66485582645439104,2.1051694279993316,2.005765676498413,1.8641953468322754,2.101081132888794,1.1893693208694458,2.515495538711548,-0.09940375150091851,2.9782708001144007,0.4609,1
5253049778187504128,1.568201724066995,2.2336935997009277,2.135887384414673,2.2544143199920654,1.3882882595062256,2.75171160697937,0.6654918756339328,1.5083081126149274,8.2409,9
3311906770084019712,2.88930170250631,1.429729700088501,1.4584559202194214,0.08288288116455078,0.319099098443985,2.5610811710357666,-1.4595720024178092,2.593903000000001,2.3639,7
6243300461614372992,1.0064660422492318,1.5126125812530518,1.6668751239776611,1.1396396160125732,0.5677477717399597,2.8677477836608887,0.50614653900382,2.769730644208072,2.5072,5
65004712279475712,1.9867717342662448,1.8192793130874634,1.677262306213379,2.051351308822632,0.791531503200531,2.2419819831848145,-0.16749242117878138,0.7947564408288141,3.6032,3
64971933089093760,1.9867717342662448,0.9945945739746094,1.0644049644470215,0.24864864349365234,0.29009008407592773,1.8234233856201172,-0.9921771602916354,1.6121104563081714,3.943,4
148354733113981696,0.6532125137753437,0.28594595193862915,0.3477889597415924,0.0,0.07459459453821182,0.6340540647506714,-0.3672665618367146,4.722147780193601,3.1305,2
65864427293364864,1.9867717342662448,2.0845046043395996,2.049673080444336,2.138378381729126,1.699099063873291,2.370450496673584,0.09773287007335485,1.312729208571333,7.2954,1
6049690070415179008,1.1367205671564067,2.0596396923065186,1.9691377878189087,2.4864864349365234,1.168648600578308,2.714414358139038,0.9229191251501119,2.8338279102090436,1.2975,5
6051728977289000064,1.1020905255118367,2.287567615509033,2.201929807662964,2.759999990463257,1.4794594049453735,2.859459400177002,1.1854770899971965,4.172499823077467,0.5311,5
69878503727603072,2.0492180226701815,1.0484684705734253,1.1682302951812744,0.0,0.2942342460155487,2.1093692779541016,-1.0007495520967562,2.296414245845089,4.0968,0
6050345001390940160,1.1367205671564067,1.4172972440719604,1.8409572839736938,0.7335135340690613,0.3936936855316162,3.410630702972412,0.28057667691555377,2.7605733170872986,5.2442,5
5538547421274143488,1.6857417386022637,0.8702702522277832,0.940895676612854,0.6009008884429932,0.3149549663066864,1.4877477884292603,-0.8154714863744805,0.936081224448806,2.2017,9
3392323607430380416,2.88930170250631,0.978018045425415,1.390868902206421,0.8122522234916687,0.3729729652404785,3.041801691055298,-1.911283657080895,3.1623789999999996,1.844,1
6243142063220661504,1.0064660422492318,1.247387409210205,1.434938907623291,0.915855884552002,0.4724324345588684,2.4491891860961914,0.24092136696097333,2.11155192795838,6.1549,5
65010519075247616,1.9867717342662448,1.9974775314331055,1.9120914936065674,2.1052253246307373,1.4587386846542358,2.3870270252227783,0.010705797166860709,2.9458946157105155,0.6804,4
5318476423763513344,1.568201724066995,1.0774774551391602,1.2708605527877808,1.00702702999115,0.3771171271800995,2.3538739681243896,-0.49072426892783483,2.443010744655502,4.1884,9
6242146146199950592,1.0064660422492318,1.2142342329025269,1.3752655982971191,0.8288288116455078,0.4558558464050293,2.275135040283203,0.2077681906532951,1.876966515764392,4.9593,5
664344274332354304,2.8561244442423,2.063783884048462,1.9775586128234863,2.0927927494049072,1.4255856275558472,2.540360450744629,-0.7923405601938383,2.725970751460093,0.9732,8
6048948759059667712,0.568201724066995,1.2722522020339966,1.4496272802352905,0.9365766048431396,0.4724324345588684,2.407747745513916,0.7040504779670016,2.16137683303334,4.7273,5
6248787436949193344,1.0,1.0236035585403442,1.791496992111206,3.568108081817627,0.3936936855316162,3.6468467712402344,0.02360355854034424,3.8625042507105145,2.1816,5
6245595108015533824,0.7781512503836436,1.9601801633834839,1.8527863025665283,2.21297287940979,1.1520720720291138,2.395315408706665,1.1820289129998403,3.4450676231262585,0.4029,5
6237180545533200640,0.8948696567452525,2.1798198223114014,2.0660297870635986,2.3911712169647217,1.4007207155227661,2.6439640522003174,1.2849501655661488,3.6169551590622584,0.5112,5
65284469269256704,1.9867717342662448,1.9974775314331055,1.9465434551239014,2.067927837371826,1.7281081676483154,2.2212612628936768,0.010705797166860709,0.968170632347817,5.1634,2
47715063730746880,2.88930170250631,1.0484684705734253,1.4256010055541992,0.8288288116455078,0.36468467116355896,2.9754955768585205,-1.8408332319328848,3.0282445000000013,2.3328,3
64895139073954944,2.1051694279993316,1.8731532096862793,1.7645732164382935,1.985045075416565,0.7832432389259338,2.540360450744629,-0.2320162183130523,2.481592566746369,1.5594,4
70132658415356672,2.1051694279993316,1.6245044469833374,1.4647127389907837,2.1549549102783203,0.6216216087341309,2.138378381729126,-0.4806649810159942,1.3966144119718704,0.5374,2
5538694068636369280,1.6532125137753437,1.4794594049453735,1.344425916671753,1.5581982135772705,0.7045044898986816,1.777837872505188,-0.1737531088299702,1.450010485254878,0.2739,9
5253452062000579200,1.568201724066995,1.5623422861099243,1.5630483627319336,1.9021621942520142,0.8412612676620483,2.0969369411468506,-0.005859437957070668,0.8120309923036431,2.8379,9
249216168846376448,1.8976270912904414,1.1437838077545166,1.351154088973999,1.1354955434799194,0.4102702736854553,2.5030629634857178,-0.7538432835359248,2.568347774975873,2.9966,9
70125000491024128,1.9867717342662448,2.1052253246307373,2.076608657836914,2.0347747802734375,1.8109910488128662,2.420180082321167,0.11845359036449254,1.1225227898720749,6.647,0
66820590092840960,2.1051694279993316,1.5581982135772705,1.5789611339569092,1.4628828763961792,0.63819819688797,2.469909906387329,-0.5469712144220611,2.5466285307023693,2.3241,4
6045116583082509824,1.1020905255118367,1.6410810947418213,1.803391695022583,0.8329729437828064,0.46414414048194885,3.435495376586914,0.5389905692299846,0.7153151444059759,2.1711,5
149369139966814976,0.6532125137753437,0.7625225186347961,1.7933874130249023,0.4144144058227539,0.2362162172794342,3.7670271396636963,0.10931000485945241,3.2980035620368087,3.927,1
144833998098820992,2.88930170250631,2.1590991020202637,2.060997486114502,2.250270366668701,1.4670270681381226,2.6232433319091797,-0.7302026004860465,3.1361669999999986,0.5153,0
5239921918625122560,1.568201724066995,1.9145946502685547,1.8997917175292969,1.4172972440719604,1.0111712217330933,2.759999990463257,0.3463929262015597,2.7535230515240054,1.438,9
66746441777612416,2.1051694279993316,2.382882833480835,2.3463964462280273,2.432612657546997,1.4214414358139038,3.3277478218078613,0.27771340548150336,0.0871053123294011,0.2652,3
64836349560719232,2.1051694279993316,1.9643243551254272,1.8481645584106445,1.9726126194000244,1.222522497177124,2.4616215229034424,-0.14084507287390435,2.680803999635966,0.7768,1
6249306612595902592,0.8948696567452525,1.4380179643630981,1.631703495979309,1.1023423671722412,0.5263063311576843,2.8511712551116943,0.5431483076178456,2.7256215915391446,2.4604,5
441394789743992064,1.8976270912904414,1.95603609085083,1.949197769165039,1.8275675773620605,1.454594612121582,2.565225124359131,0.0584089995603887,2.7698367850631698,0.4895,9
64909153549943296,1.9867717342662448,1.8648648262023926,1.8572378158569336,1.906306266784668,1.5167567729949951,2.22540545463562,-0.12190690806385218,3.092415988612948,0.3216,4
146758968080949504,0.19589965240923377,2.262702703475952,2.177676200866699,3.1205406188964844,0.9365766048431396,3.4272072315216064,2.0668030510667186,3.366321394383046,1.2341,3
65244646332548352,2.1051694279993316,2.001621723175049,1.9499131441116333,2.407747745513916,1.4711711406707764,2.382882833480835,-0.10354770482428277,2.775952116617543,0.4139,2
65170016980919808,2.1051694279993316,1.9601801633834839,1.8535646200180054,2.1673874855041504,1.3095495700836182,2.333153247833252,-0.1449892646158477,2.8429002705437565,0.7991,4
146592838746224384,2.88930170250631,3.3526124954223633,3.316641330718994,3.2448649406433105,3.004504442214966,3.754594564437866,0.46331079291605315,2.713064000000001,19.5859,0
661246022364851072,2.8561244442423,1.7405405044555664,1.6523362398147583,2.3041441440582275,0.3978378474712372,2.6936936378479004,-1.1155839397867338,0.2373595272139906,0.1732,7
662797806930496256,2.8561244442423,2.7931530475616455,2.820223569869995,2.7682883739471436,2.6190991401672363,2.983783721923828,-0.06297139668065466,1.120364325502954,9.578,0
661277461525418752,2.8561244442423,2.921621561050415,2.9375853538513184,2.797297239303589,2.6978378295898438,3.8706307411193848,0.06549711680811487,0.7354042684573241,5.8431,6
49005581144118784,2.88930170250631,3.3401801586151123,3.3862216472625732,3.079099178314209,3.008648633956909,3.8291893005371094,0.4508784561088022,0.8979210000000002,9.2289,3
666354800062502784,2.8561244442423,2.797297239303589,2.361795663833618,2.8428828716278076,0.6299099326133728,3.410630702972412,-0.0588272049387113,2.6294198675636347,9.6554,0
6052227537093294976,1.1020905255118367,1.392432451248169,1.53441321849823,1.1520720720291138,0.522162139415741,2.5569369792938232,0.2903419257363322,2.3849538947806987,3.4034,5
70190249631846272,1.9867717342662448,2.030630588531494,2.023838996887207,2.1590991020202637,1.4960360527038574,2.3787386417388916,0.04385885426524938,0.8489457946904735,4.0806,9
65280552259109760,1.9867717342662448,1.0733333826065063,1.5551491975784302,3.0500900745391846,0.44342342019081116,3.0583784580230713,-0.9134383516597384,3.112345664365271,2.0194,4
66509771901085696,2.1051694279993316,2.051351308822632,1.9705092906951904,2.101081132888794,1.4214414358139038,2.544504404067993,-0.053818119176699764,3.194106487588731,0.3562,1
64964717544035200,1.9867717342662448,1.0899099111557007,1.2216628789901733,1.094054102897644,0.40612611174583435,2.1715314388275146,-0.8968618231105441,1.988355257163158,6.8448,4
65161976802151680,2.1051694279993316,1.106486439704895,1.1995911598205566,0.6506306529045105,0.42684683203697205,2.0140540599823,-0.9986829882944366,1.702617348779947,5.8021,2
66648001127514368,1.9867717342662448,2.063783884048462,1.9476909637451172,2.1839640140533447,1.4380179643630981,2.457477569580078,0.07701214978221715,3.022975495827582,0.6928,4
65213172812266752,2.1051694279993316,1.8814414739608765,1.870310664176941,1.9187387228012085,1.429729700088501,2.3497297763824463,-0.22372795403845513,3.14378780646929,0.4612,4
6050538893392363136,1.1020905255118367,2.200540542602539,2.053187847137451,2.565225124359131,1.284684658050537,2.772432327270508,1.0984500170907023,3.102463428107848,1.0543,5
66899239535574400,2.1051694279993316,1.95603609085083,1.7754449844360352,2.208828926086426,0.7252252101898193,2.5030629634857178,-0.14913333714850152,2.6268650786782475,1.2287,1
65781345446197504,1.9867717342662448,2.043063163757324,1.9996763467788696,2.1052253246307373,1.7322522401809692,2.320720672607422,0.05629142949107946,1.333996031433503,7.4105,2
64574352259640192,2.1051694279993316,2.0099098682403564,1.9228962659835815,2.3165764808654785,1.301261305809021,2.4864864349365234,-0.09525955975897515,3.3288129005290177,0.5601,4
147908438767993216,2.88930170250631,2.113513469696045,2.027115821838379,2.432612657546997,1.429729700088501,2.6232433319091797,-0.7757882328102652,3.0954929999999994,0.7642,2
342854392994216064,3.1099158630237933,2.859459400177002,2.8955700397491455,2.82216215133667,2.565225124359131,3.253153085708618,-0.25045646284679135,1.3724283977428078,11.4257,9
63773774653147904,2.1051694279993316,2.0099098682403564,1.9139583110809326,2.3663063049316406,1.3509910106658936,2.49477481842041,-0.09525955975897515,2.68331187187395,1.1463,4
230530071809812480,1.8325089127062364,1.95603609085083,1.9299917221069336,2.1590991020202637,1.6659458875656128,2.2046847343444824,0.12352717814459369,2.2557266837469987,0.2938,9
68323966084583680,1.9867717342662448,1.9601801633834839,1.8461812734603882,2.0099098682403564,1.2100900411605835,2.457477569580078,-0.026591570882760873,2.915710486612056,0.5751,0
436536254019633664,1.8325089127062364,1.607927918434143,1.8394526243209839,4.139999866485596,0.48486486077308655,3.667567491531372,-0.22458099427209333,0.6504540157627159,1.42,9
65181527493208192,2.1051694279993316,2.076216220855713,1.9124062061309814,2.320720672607422,1.1272071599960327,2.590090036392212,-0.02895320714361871,2.731810334767407,0.9179,3
51622315739944704,1.9867717342662448,1.906306266784668,1.8664193153381348,2.0099098682403564,1.5747747421264648,2.1839640140533447,-0.08046546748157679,3.0653683648542667,0.2772,3
146277553787186048,0.19589965240923377,0.273513525724411,0.3516595661640167,0.0,0.07045044749975204,0.6423423290252686,0.07761387331517725,4.480368955261211,3.3764,0
148354733113981696,0.3010299956639812,0.28594595193862915,0.3477889597415924,0.0,0.07459459453821182,0.6340540647506714,-0.015084043725352048,4.722147780193601,3.1305,2
66515922294233728,2.1051694279993316,1.9767568111419678,1.8757758140563965,2.0140540599823,1.3509910106658936,2.4367568492889404,-0.12841261685736383,2.95532373918997,0.5615,1
146727391481452544,2.88930170250631,2.5942342281341553,2.231468915939331,2.934054136276245,1.0277477502822876,3.3567566871643066,-0.29506747437215486,3.9339590000000015,0.5175,3
68620868583787904,2.1051694279993316,1.168648600578308,1.28426992893219,0.90756756067276,0.4972972869873047,2.138378381729126,-0.9365208274210235,1.7742502342061517,6.7653,2
53258732639653760,1.9867717342662448,1.9270269870758057,1.8701863288879395,2.043063163757324,1.1810810565948486,2.5942342281341553,-0.059744747190439096,2.964352709542091,0.5736,3
441663998293948544,1.8976270912904414,2.0140540599823,1.979766607284546,2.018198251724243,1.4587386846542358,2.515495538711548,0.11642696869185842,2.575324510607765,0.4041,9
660962863759344768,2.8561244442423,2.809729814529419,2.8231587409973145,2.813873767852783,2.7061262130737305,2.909189224243164,-0.04639462971288122,1.1523825139491504,9.8074,6
6050364449002909824,1.1367205671564067,2.067927837371826,2.0010530948638916,2.5818018913269043,1.2059459686279297,2.7641441822052,0.9312072702154195,2.9841980210855756,1.2526,5
661212933936844416,2.8561244442423,3.481081008911133,3.4745588302612305,4.139999866485596,2.9506306648254395,3.994955062866211,0.6249565646688326,0.8147210580890316,7.9727,6
452387638277527168,1.8976270912904414,2.113513469696045,1.973330020904541,2.5942342281341553,0.9655855894088745,2.9050450325012207,0.21588637840560354,2.88292807292989,1.2722,9
6245821092014031616,0.7781512503836436,1.3551350831985474,1.5051414966583252,1.0816216468811035,0.5055856108665466,2.478198289871216,0.5769838328149037,2.210004111333348,3.0414,5
65775195052996608,2.1051694279993316,2.051351308822632,1.9403976202011108,2.0969369411468506,1.4131531715393066,2.515495538711548,-0.053818119176699764,2.983215810177208,0.6211,1
64915754917051520,1.9867717342662448,1.8524324893951416,1.8505141735076904,1.877297282218933,1.5167567729949951,2.21297287940979,-0.13433924487110316,3.1567831979419085,0.3094,4
64864593265614464,2.1051694279993316,1.7488288879394531,1.738253116607666,1.752972960472107,1.5126125812530518,1.9643243551254272,-0.3563405400598785,2.2804538157405068,0.315,4
66960262430594816,2.1051694279993316,2.1052253246307373,2.0258305072784424,2.3165764808654785,0.8578378558158875,3.261441469192505,5.589663140570522e-05,0.6413496420720666,1.8984,1
65232757863112192,2.1051694279993316,1.9436036348342896,1.9147255420684814,2.2295496463775635,1.5001801252365112,2.3124325275421143,-0.16156579316504205,3.137524415251117,0.305,2
65244749411766528,1.9867717342662448,2.018198251724243,1.7176969051361084,2.246126174926758,0.6216216087341309,2.5818018913269043,0.031426517457998404,1.7647484528839668,9.1439,3
64438841747360768,2.0492180226701815,1.3427027463912964,1.4066787958145142,1.1354955434799194,0.7293693423271179,2.1176576614379883,-0.7065152762788851,1.678698358766163,6.9233,4
6045897992252725632,1.1020905255118367,1.454594612121582,1.5082838535308838,1.5499099493026733,0.6216216087341309,2.2792792320251465,0.3525040866097453,2.018456630301426,2.5719,5
66719194505127168,2.1051694279993316,1.9104504585266113,1.871559977531433,1.9809008836746216,1.4255856275558472,2.337297201156616,-0.19471896947272027,3.1930459132744216,0.4114,1
68323485048225152,1.9867717342662448,1.4090089797973633,1.299164056777954,0.0,0.2983783781528473,1.9891891479492188,-0.5777627544688815,1.819071055449223,2.9958,4
3307992336891315968,2.88930170250631,2.759999990463257,2.83402419090271,2.6978378295898438,2.6066665649414062,3.103963851928711,-0.1293017120430533,1.2807329999999997,10.3414,3
6246706714275425024,1.0064660422492318,1.3799999952316284,1.4514333009719849,2.275135040283203,0.4682883024215698,2.382882833480835,0.37353395298239667,1.7764942039450795,6.9242,5
67667935599570432,1.9867717342662448,1.9104504585266113,1.8614387512207031,1.8814414739608765,1.3551350831985474,2.370450496673584,-0.07632127573963343,2.995489554072879,0.3741,1
51674920499533184,1.9867717342662448,2.101081132888794,2.0861005783081055,2.150810718536377,1.6949549913406372,2.420180082321167,0.11430939862254919,0.9624658610711389,5.5568,3
441370600488018048,1.8976270912904414,2.0347747802734375,1.9956227540969849,2.055495500564575,1.5333333015441895,2.4740540981292725,0.13714768898299612,2.805669521994961,0.3613,9
66799763794633856,2.1051694279993316,2.125946044921875,2.0991978645324707,2.175675630569458,1.723963975906372,2.49477481842041,0.0207766169225434,1.2972788005105234,7.2968,1
69878503727603072,1.9867717342662448,1.0484684705734253,1.1682302951812744,0.0,0.2942342460155487,2.1093692779541016,-0.9383032636928195,2.296414245845089,4.0968,0
664600804138934400,2.8561244442423,2.8055856227874756,2.823126792907715,2.7890090942382812,2.7185585498809814,2.9174773693084717,-0.05053882145482458,0.9501400595037348,8.5345,7
6049050257723722752,0.568201724066995,1.2059459686279297,1.7438478469848633,0.7252252101898193,0.38540539145469666,3.3816215991973877,0.6377442445609347,2.85379868818822,4.7191,5
64982344089813248,1.9867717342662448,1.9187387228012085,1.839695930480957,2.076216220855713,1.3717117309570312,2.262702703475952,-0.06803301146503626,2.8621022988525926,0.684,4
66807464672814336,2.1051694279993316,0.9614414572715759,1.2933106422424316,0.6133333444595337,0.32738739252090454,2.6066665649414062,-1.1437279707277557,2.511319370936393,5.4748,2
66886011036187392,1.9867717342662448,2.0803604125976562,1.9685721397399902,2.138378381729126,1.4504504203796387,2.540360450744629,0.09358867833141149,2.932746255974625,0.7121,1
64808483812941440,2.1051694279993316,1.5167567729949951,1.4364980459213257,1.5954954624176025,0.4931531548500061,2.076216220855713,-0.5884126550043365,1.9322388557276824,2.9529,4
69814388455816960,1.9867717342662448,1.2349549531936646,1.3120535612106323,1.2142342329025269,0.6672071814537048,1.985045075416565,-0.7518167810725802,1.532788824066681,5.591,4
64924413571101952,2.1051694279993316,1.3427027463912964,1.3468546867370605,1.8192793130874634,0.5553153157234192,1.9809008836746216,-0.7624666816080352,0.7251919952535892,2.1822,3
5239525196750143616,1.7201593034059568,1.2018017768859863,1.1535873413085938,1.520900845527649,0.6257657408714294,1.6203603744506836,-0.5183575265199705,1.1980060729361257,0.3134,9
68314414077327744,2.0492180226701815,1.7902703285217285,1.785081148147583,1.831711769104004,1.5872071981430054,1.9891891479492188,-0.258947694148453,2.374226011470718,0.2562,4
66781832308018176,1.9867717342662448,0.3563964068889618,0.5411465764045715,0.18234233558177948,0.11189189553260803,1.015315294265747,-1.630375327377283,0.92626939823247,1.3082,2
64073597730589952,2.1051694279993316,1.5789189338684082,1.3326876163482666,0.0,0.17405405640602112,2.295855760574341,-0.5262504941309234,2.316903896940517,1.7637,1
6248889038693959808,0.8573324964312685,1.1769369840621948,2.1117067337036133,3.9410810470581055,0.24036036431789398,3.9783782958984375,0.3196044876309263,3.7631210478412167,3.9198,5
64981137202021376,1.9867717342662448,1.520900845527649,1.4359784126281738,1.9353153705596924,0.6091892123222351,2.1218018531799316,-0.46587088873859583,1.3401214160913733,0.5807,3
65179946945247488,2.1051694279993316,0.8495495319366455,1.362623929977417,0.6962162256240845,0.32324323058128357,3.008648633956909,-1.255619896062686,2.6838574348512063,4.4326,1
665450383029558016,2.8561244442423,1.363423466682434,1.5052590370178223,0.0,0.3895495533943176,2.7309908866882324,-1.492700977559866,2.8156592763434323,1.9814,7
148112913570653568,0.6532125137753437,0.8909909725189209,1.8671737909317017,3.7090089321136475,0.32324323058128357,3.8540539741516113,0.23777845874357717,3.5231773451365873,1.9028,3
6045528109670542720,1.0969100130080565,1.7944144010543823,1.8979809284210205,2.7931530475616455,0.9614414572715759,2.8801801204681396,0.6975043880463259,3.0410785209655886,1.602,5
66480944080770176,2.1051694279993316,2.395315408706665,2.410820245742798,2.4284684658050537,2.0845046043395996,2.6812613010406494,0.29014598070733344,1.2046871256565812,8.3426,3
442084561489950720,1.8325089127062364,1.0526126623153687,1.0643175840377808,1.3302702903747559,0.36882883310317993,1.6493693590164185,-0.7798962503908677,1.291888126512946,3.8185,9
65216643145862144,1.9867717342662448,1.9021621942520142,1.8378207683563232,2.345585584640503,1.3095495700836182,2.3041441440582275,-0.0846095400142306,2.6160029904291,0.4334,2
68310359628169472,2.1051694279993316,1.5167567729949951,1.3669718503952026,1.9436036348342896,0.6174774765968323,1.968468427658081,-0.5884126550043365,1.3563114985951188,0.4119,2
65281166437426176,2.0492180226701815,1.6866666078567505,1.5914711952209473,1.8358558416366577,1.2100900411605835,1.9974775314331055,-0.362551414813431,1.571177420921234,0.3976,4
51616268426009472,1.9867717342662448,1.3261260986328125,1.228262186050415,0.0,0.26522523164749146,2.0223424434661865,-0.6606456356334323,1.9451016950838569,2.7956,3
6043990236502849536,0.568201724066995,2.909189224243164,2.9958696365356445,2.722702741622925,2.5859458446502686,3.568108081817627,2.340987500176169,0.7537312602710666,5.8913,9
67878663874731136,2.1051694279993316,1.931171178817749,1.9134159088134766,2.030630588531494,1.5954954624176025,2.2212612628936768,-0.17399824918158258,2.807177770003363,0.3193,2
6242964045412203776,0.7781512503836436,2.7890090942382812,2.4143266677856445,3.0956757068634033,1.313693642616272,3.2324323654174805,2.0108578438546374,4.185582811785826,0.7015,5
66733763034205696,1.9867717342662448,1.699099063873291,1.8185749053955078,1.301261305809021,0.9987387657165527,2.726846933364868,-0.28767267039295374,2.7076597082689804,1.8187,2
71021927100882560,1.9867717342662448,1.893873929977417,1.8761248588562012,1.9891891479492188,1.6535135507583618,2.088648557662964,-0.09289780428882777,2.117684745132266,0.3247,2
65038281743395584,1.9867717342662448,1.9353153705596924,1.897935152053833,2.026486396789551,1.483603596687317,2.3124325275421143,-0.05145636370655238,3.295164349039181,0.4038,2
664290948018472064,2.8561244442423,3.1122522354125977,3.1869864463806152,3.0873873233795166,2.797297239303589,3.6717116832733154,0.2561277911702975,2.5633178923745525,15.7827,7
65486951208575488,2.1051694279993316,1.9643243551254272,1.8714210987091064,2.0223424434661865,1.1396396160125732,2.55279278755188,-0.14084507287390435,2.6797804468407107,0.8119,3
66517468482370176,1.9867717342662448,1.2142342329025269,1.1828327178955078,0.273513525724411,0.2776576578617096,1.985045075416565,-0.7725375013637179,1.8907897148320243,4.0671,4
6046062364938324608,0.568201724066995,1.9601801633834839,1.8335546255111694,3.008648633956909,0.3771171271800995,3.2200000286102295,1.391978439316489,2.7830083421842184,2.4464,5
6045528109670542720,1.1020905255118367,1.7944144010543823,1.8979809284210205,2.7931530475616455,0.9614414572715759,2.8801801204681396,0.6923238755425456,3.0410785209655886,1.602,5
664683130072400384,2.8561244442423,3.153693675994873,3.204080581665039,2.8926126956939697,2.9257657527923584,3.5100901126861572,0.2975692317525729,0.8247677900177212,8.4926,2
64971177174850304,2.1051694279993316,1.5540540218353271,1.4829667806625366,1.8855855464935303,0.6713513731956482,2.0720720291137695,-0.5511154061640045,0.7908783764798499,2.9041,3
64988322684358144,1.9867717342662448,1.9187387228012085,1.8777551651000977,2.1218018531799316,1.5001801252365112,2.2544143199920654,-0.06803301146503626,3.134062717485411,0.2928,3
65245539685760640,1.9867717342662448,2.030630588531494,1.908254623413086,2.2419819831848145,1.3344143629074097,2.407747745513916,0.04385885426524938,2.9248832708704895,0.8163,4
69857235049588736,1.9867717342662448,1.5001801252365112,1.4015827178955078,1.645225167274475,0.861981987953186,1.7488288879394531,-0.48659160902973353,1.0614349675684078,4.11,2
63327682168301952,1.9867717342662448,2.0099098682403564,1.9181182384490967,2.1715314388275146,1.3965765237808228,2.469909906387329,0.023138133974111685,3.0971250095325624,0.5598,1
66542551091588352,1.9867717342662448,1.106486439704895,1.2462570667266846,0.0,0.20306305587291718,2.3414413928985596,-0.8802852945613497,2.486257280408821,1.8623,1
65163110673516928,1.9867717342662448,2.018198251724243,1.9036153554916382,2.188108205795288,1.3717117309570312,2.3745946884155273,0.031426517457998404,2.9269436233271,0.7575,4
661253272269624576,2.8129133566428557,1.8109910488128662,1.7710574865341187,1.7363964319229126,1.0526126623153687,2.5113513469696045,-1.0019223078299895,2.605165978736864,1.8959,0
66280248847432192,2.0492180226701815,1.9974775314331055,1.8886662721633911,2.076216220855713,1.031891942024231,2.652252197265625,-0.051740491237076025,2.7165202402414894,0.7778,3
63677326867342464,2.1051694279993316,1.7488288879394531,1.7232764959335327,1.607927918434143,0.8992792963981628,2.5362162590026855,-0.3563405400598785,2.5418784358566757,1.8198,4
6044817687721168768,1.1020905255118367,1.375855803489685,1.7372691631317139,2.8553152084350586,0.6174774765968323,2.954774856567383,0.27376527797784833,3.0817498059979354,1.6056,5
64874454510493440,2.1051694279993316,2.005765676498413,1.9265718460083008,2.3497297763824463,1.1147748231887817,2.739279270172119,-0.09940375150091851,3.2207605684554075,0.5889,3
6237118216966975360,1.0064660422492318,2.001621723175049,1.9258205890655518,2.6190991401672363,1.1727927923202515,2.6232433319091797,0.9951556809258171,2.3291941982863404,0.8082,5
68295481861500928,1.9867717342662448,1.3344143629074097,1.2884137630462646,0.0,0.2942342460155487,2.101081132888794,-0.6523573713588351,1.890887461249038,4.4487,2
664281396011231744,2.8129133566428557,1.9145946502685547,1.8291869163513184,1.7819819450378418,1.284684658050537,2.4036035537719727,-0.898318706374301,2.3119282684574354,1.8036,0
6236109243250504576,1.0064660422492318,0.7210810780525208,0.8212541341781616,0.05801801756024361,0.2154954969882965,1.4628828763961792,-0.285384964196711,-0.1683059812894003,0.9778,5
441715915858562944,1.8325089127062364,2.005765676498413,1.9727795124053955,2.3165764808654785,1.6120721101760864,2.3414413928985596,0.1732567637921767,2.499659888231884,0.3092,9
661279042073291776,2.8129133566428557,3.029369354248047,3.020447254180908,2.8926126956939697,2.714414358139038,3.481081008911133,0.21645599760519119,2.155307863736835,15.9075,0
664281396011231744,2.8561244442423,1.9145946502685547,1.8291869163513184,1.7819819450378418,1.284684658050537,2.4036035537719727,-0.9415297939737455,2.3119282684574354,1.8036,0
660225916090501376,2.8561244442423,1.7073873281478882,1.6135122776031494,1.8441441059112549,1.069189190864563,2.030630588531494,-1.148737116094412,0.8461174192124636,3.0625,6
6048676389414212224,1.1020905255118367,2.113513469696045,1.878631591796875,2.4160361289978027,0.4392792880535126,3.1827027797698975,1.0114229441842082,2.166808751962251,4.9434,5
661269043386545536,2.8561244442423,2.9506306648254395,2.9612247943878174,2.954774856567383,2.8387386798858643,3.0625224113464355,0.09450622058313929,1.0698928217071428,10.034,7
53029278307021696,1.9867717342662448,2.2336935997009277,2.0034570693969727,2.577657699584961,1.069189190864563,2.859459400177002,0.24692186543468297,2.8280922255835335,1.1963,3
67281869581448704,2.1051694279993316,1.8814414739608765,1.8848493099212646,1.8027026653289795,1.4628828763961792,2.3414413928985596,-0.22372795403845513,1.4789701120438312,7.5338,4
65136791113382912,1.9867717342662448,1.993333339691162,1.9116981029510498,2.28342342376709,1.3841441869735718,2.4284684658050537,0.0065616054249173494,3.0377407999879305,0.6808,2
70242785673539712,1.9867717342662448,1.9891891479492188,2.034210681915283,2.0845046043395996,1.5954954624176025,2.420180082321167,0.00241741368297399,0.9797092657037606,5.1946,9
65150947325369600,1.9867717342662448,2.200540542602539,2.170747756958008,2.3414413928985596,1.9104504585266113,2.3870270252227783,0.2137688083362943,0.933450382138412,5.562,4
5239848453168695040,1.568201724066995,1.583063006401062,1.7643787860870361,4.139999866485596,0.476576566696167,3.410630702972412,0.014861282334067027,0.6444717873812943,1.3449,9
65190220507070208,1.9867717342662448,1.3344143629074097,1.3632440567016602,1.301261305809021,0.6547747850418091,2.043063163757324,-0.6523573713588351,1.5165113632115186,6.2622,4
66763965244167808,1.9867717342662448,1.9809008836746216,1.8816347122192383,2.1922521591186523,1.3054053783416748,2.457477569580078,-0.005870850591623178,2.9362225236217685,0.716,1
3413860050922284672,2.88930170250631,1.1479278802871704,1.5862159729003906,1.123063087463379,0.4102702736854553,3.116396427154541,-1.7413738222191397,3.164982999999999,1.6868,1
6038851737631487616,1.0,0.4102702736854553,0.6570603847503662,0.23207207024097443,0.1574774831533432,1.1810810565948486,-0.5897297263145447,0.9330471431398596,1.1486,7
53255434104774272,2.1051694279993316,2.0472071170806885,1.9273078441619873,2.1052253246307373,1.363423466682434,2.5113513469696045,-0.05796231091864312,2.998572275732416,0.5798,1
660118473188717824,2.8561244442423,2.6439640522003174,2.6283388137817383,2.6356756687164307,2.4533333778381348,2.82216215133667,-0.21216039204198278,1.3215867293869803,10.4119,8
452553355299049984,1.8325089127062364,0.8868468403816223,1.2108319997787476,0.0,0.2776576578617096,2.5735135078430176,-0.9456620723246141,2.496973475890561,5.4558,9
68267680536205440,1.9867717342662448,1.2266666889190674,1.2684693336486816,0.6299099326133728,0.5138738751411438,2.0472071170806885,-0.7601050453471774,1.7980247654133836,4.8731,1
659758967246506880,2.8561244442423,3.3526124954223633,3.4155187606811523,2.859459400177002,2.834594488143921,4.04054069519043,0.4964880511800631,0.9460533321923648,8.9628,6
6248761151748998400,0.7781512503836436,1.0981981754302979,1.1716842651367188,1.3427027463912964,0.34810811281204224,1.8027026653289795,0.3200469250466542,1.411565344366814,3.0544,5
5253053725257383424,1.568201724066995,1.131351351737976,1.1650477647781372,0.9821621775627136,0.5553153157234192,1.6866666078567505,-0.4368503723290189,0.9434326849161232,2.8145,9
64909153549943296,2.1051694279993316,1.8648648262023926,1.8572378158569336,1.906306266784668,1.5167567729949951,2.22540545463562,-0.24030460179693902,3.092415988612948,0.3216,4
68046133239891584,2.1051694279993316,1.9601801633834839,1.8593106269836426,1.9643243551254272,1.031891942024231,2.6605405807495117,-0.1449892646158477,2.135010638639987,1.5108,2
6241544575898956032,1.0064660422492318,2.6605405807495117,2.1293678283691406,2.8511712551116943,0.38540539145469666,3.530810832977295,1.65407453850028,2.524021448597204,8.9877,5
65107860213588096,1.9867717342662448,1.9394594430923462,1.6776282787322998,2.0927927494049072,0.7500900626182556,2.4284684658050537,-0.04731229117389857,1.6695890958289057,8.6033,4
659285833649720064,2.8561244442423,3.423063039779663,3.4809446334838867,3.236576557159424,3.1868467330932617,3.8416216373443604,0.5669385955373629,0.8544419779424519,9.8652,0
65671634801986048,1.9867717342662448,1.9767568111419678,1.8968433141708374,2.188108205795288,1.3592792749404907,2.5030629634857178,-0.010014923124276986,2.823872692941233,0.9247,0
6051726499090111616,1.1020905255118367,1.4628828763961792,1.7580695152282715,2.884324312210083,0.6672071814537048,2.9630630016326904,0.36079235088434247,3.0601737087281236,1.7569,5
57036757670988288,2.1051694279993316,0.9448648691177368,1.2198150157928467,0.791531503200531,0.3605405390262604,2.3290090560913086,-1.1603045588815948,1.9581582512646216,7.6435,4
6247585189706073216,1.0064660422492318,1.5664864778518677,1.7177658081054688,1.2556756734848022,0.6796396374702454,2.82216215133667,0.5600204356026359,2.8118486577369564,1.9765,5
49968306654050944,2.88930170250631,3.09153151512146,3.124091148376465,3.0500900745391846,2.6729729175567627,3.692432403564453,0.20222981261514983,2.5698194999999995,13.5818,4
442036938892925824,1.8325089127062364,1.723963975906372,1.7070324420928955,1.95603609085083,1.0028828382492065,2.1798198223114014,-0.10854493679986432,0.8092676669813771,3.1647,9
661001243587055616,2.8561244442423,2.038918972015381,1.9997109174728394,1.9809008836746216,1.4048649072647095,2.7061262130737305,-0.8172054722269193,2.709258376092931,1.0937,6
65471729844532864,2.1051694279993316,1.5789189338684082,1.4616963863372803,1.8109910488128662,0.7873873710632324,2.038918972015381,-0.5262504941309234,1.4627585253798938,0.4422,3
66846291177113088,2.0492180226701815,1.4048649072647095,1.4513816833496094,1.4463063478469849,0.36468467116355896,2.4409008026123047,-0.644353115405472,2.2702652222081627,3.698,2
65196405259884544,1.9867717342662448,1.7571171522140503,1.7443106174468994,1.715675711631775,1.222522497177124,2.345585584640503,-0.22965458205219447,2.796068955585792,0.485,3
67281869581448704,1.9867717342662448,1.8814414739608765,1.8848493099212646,1.8027026653289795,1.4628828763961792,2.3414413928985596,-0.1053302603053683,1.4789701120438312,7.5338,4
5602638606886943360,1.5276299008713388,2.7807207107543945,2.500546932220459,3.1122522354125977,1.5043243169784546,3.323603630065918,1.2530908098830558,0.2927498029820841,0.4248,9
664319329162317568,2.8129133566428557,1.8027026653289795,1.907779574394226,1.5126125812530518,1.1562162637710571,2.8014414310455322,-1.0102106913138762,3.057901631281834,1.0892,0
51492264130122496,1.9867717342662448,1.9477477073669434,1.8948400020599365,2.3248648643493652,1.1396396160125732,2.6812613010406494,-0.0390240268993014,3.187682452312511,0.5486,3
64981863053470592,2.1051694279993316,1.8234233856201172,1.7914365530014038,1.9891891479492188,1.363423466682434,2.208828926086426,-0.2817460423792144,3.276756856427949,0.38,1
6242295885945197312,1.0064660422492318,1.8109910488128662,1.7279767990112305,1.9974775314331055,0.6423423290252686,2.6315314769744873,0.8045250065636345,2.2310526315804458,1.6086,5
65222518661019520,2.1051694279993316,1.0484684705734253,1.0955673456192017,0.34810811281204224,0.3025225102901459,1.8814414739608765,-1.0567009574259063,1.7869194129942003,3.7628,3
66899239535574400,1.9867717342662448,1.95603609085083,1.7754449844360352,2.208828926086426,0.7252252101898193,2.5030629634857178,-0.030735643415414682,2.6268650786782475,1.2287,1
66742765285619584,2.1051694279993316,1.95603609085083,1.875747799873352,1.9518918991088867,1.363423466682434,2.457477569580078,-0.14913333714850152,2.4132429687388623,1.4155,0
63485427727244544,2.1051694279993316,1.9353153705596924,1.7878919839859009,2.5237836837768555,1.1520720720291138,2.4616215229034424,-0.16985405743963922,2.727368151468835,0.4627,1
6242772421150585344,1.0107238653917732,1.6120721101760864,1.708533763885498,0.20306305587291718,0.2983783781528473,3.530810832977295,0.6013482447843133,0.7026236546435123,0.9068,5
148354733113981696,0.6532125137753437,0.28594595193862915,0.3477889597415924,0.0,0.07459459453821182,0.6340540647506714,-0.3672665618367146,4.722147780193601,3.1305,2
65233788655261568,2.1051694279993316,1.8192793130874634,1.801579236984253,1.9145946502685547,1.0526126623153687,2.320720672607422,-0.2858901149118682,0.9814774963005862,5.3716,3
6044388500228587776,1.1020905255118367,2.5113513469696045,2.131199359893799,2.7061262130737305,0.42684683203697205,3.4189188480377197,1.4092608214577678,2.1912253462134186,7.7981,5
146989143968434688,2.8750612633917,1.454594612121582,1.5491831302642822,2.3787386417388916,0.6547747850418091,2.4491891860961914,-1.420466651270118,1.9648179999999993,8.2441,3
66867800374681344,1.9867717342662448,1.015315294265747,1.2462208271026611,0.6299099326133728,0.38126125931739807,2.420180082321167,-0.9714564400004977,2.520795185075952,4.3555,3
5565971096690260992,1.414973347970818,0.8495495319366455,1.213027000427246,0.5428828597068787,0.273513525724411,2.6688287258148193,-0.5654238160341725,2.709965149889138,5.2915,9
689130461877120256,2.8561244442423,3.103963851928711,3.1481356620788574,3.045945882797241,2.896756649017334,3.447927951812744,0.24783940768641077,2.1875036516913684,18.7673,6
65216643145862144,2.1051694279993316,1.9021621942520142,1.8378207683563232,2.345585584640503,1.3095495700836182,2.3041441440582275,-0.20300723374731744,2.6160029904291,0.4334,2
65222518661019520,1.9867717342662448,1.0484684705734253,1.0955673456192017,0.34810811281204224,0.3025225102901459,1.8814414739608765,-0.9383032636928195,1.7869194129942003,3.7628,3
147469115153030528,2.88930170250631,2.0223424434661865,1.8202968835830688,2.2212612628936768,0.7252252101898193,2.5610811710357666,-0.8669592590401236,2.7255590000000005,1.0352,1
5239852133998530560,1.568201724066995,1.7032432556152344,1.7569931745529175,2.6936936378479004,0.6257657408714294,2.8387386798858643,0.1350415315482394,2.198722600002531,9.243,9
652212469190268928,2.8561244442423,3.1081080436706543,3.15812349319458,2.8553152084350586,2.8387386798858643,3.485225200653076,0.25198359942835413,2.5875959755268627,20.4858,2
64131150292139648,1.9867717342662448,1.2266666889190674,1.202851414680481,0.18648648262023926,0.26936936378479004,2.0140540599823,-0.7601050453471774,1.891412150835187,4.0977,4
66570554277316992,1.9867717342662448,1.54576575756073,1.495572566986084,1.6742342710494995,1.0277477502822876,1.8648648262023926,-0.4410059767055148,0.9693510499782816,3.9968,1
66802207632871808,2.1051694279993316,2.1052253246307373,1.9771220684051514,2.101081132888794,1.2681081295013428,2.664684772491455,5.589663140570522e-05,2.532388375076885,0.8546,4
66911231083913600,2.1051694279993316,1.9643243551254272,1.7867834568023682,2.5983784198760986,1.015315294265747,2.515495538711548,-0.14084507287390435,2.760295489771642,0.5335,1
3413082661841179520,2.88930170250631,2.0969369411468506,2.0306472778320312,2.49477481842041,1.2266666889190674,2.847027063369751,-0.7923647613594595,3.480711000000001,0.4956,3
65125452399528320,2.1051694279993316,1.7198197841644287,1.6688945293426514,1.7198197841644287,0.7708107829093933,2.420180082321167,-0.3853496438349029,2.152081239692509,2.3452,4
70108473456817280,2.1051694279993316,1.2556756734848022,1.34794020652771,1.0733333826065063,0.6133333444595337,1.9021621942520142,-0.8494937545145294,0.7377595122961964,1.647,1
662811653905586176,2.8561244442423,2.7434234619140625,2.7592625617980957,2.75171160697937,2.6108107566833496,2.884324312210083,-0.11270098232823766,1.49377212710976,12.0435,2
64905618794174720,1.9867717342662448,1.7695496082305908,1.7190864086151123,1.7736936807632446,1.491891860961914,2.0099098682403564,-0.21722212603565394,2.430564800131219,0.2845,3
6242873885459459968,1.0064660422492318,1.5789189338684082,1.6644951105117798,1.2888288497924805,0.6547747850418091,2.7061262130737305,0.5724528916191765,2.6088905695875955,2.2088,5
69585140280997760,2.1051694279993316,1.7985585927963257,1.8283278942108154,1.723963975906372,1.483603596687317,2.258558511734009,-0.3066108352030059,1.25132275390169,6.3337,4
65012408860856832,2.1051694279993316,1.8731532096862793,1.8271863460540771,1.9104504585266113,1.3592792749404907,2.333153247833252,-0.2320162183130523,3.0108283065990813,0.4458,1
5538682214525847808,1.6532125137753437,1.8482882976531982,1.761718988418579,1.877297282218933,1.0899099111557007,2.4036035537719727,0.19507578387785451,2.26019395613877,1.9518,9
64933621980897536,1.9867717342662448,1.9436036348342896,1.8964985609054565,2.030630588531494,1.6037837266921997,2.22540545463562,-0.04316809943195521,3.134677952606211,0.267,3
6243128456764157952,1.0,2.0803604125976562,1.9548885822296143,2.3124325275421143,1.2888288497924805,2.527927875518799,1.0803604125976562,3.2841892789014917,0.4836,5
245406807732412160,1.8325089127062364,2.3290090560913086,2.3703837394714355,2.250270366668701,2.0140540599823,2.847027063369751,0.4965001433850722,1.381142875898098,8.367,9
66522107047046656,1.9867717342662448,2.051351308822632,1.9447753429412842,2.4367568492889404,1.3509910106658936,2.5569369792938232,0.06457957455638708,2.841218329958196,0.9636,1
442601194515899264,1.8325089127062364,1.9145946502685547,1.9237685203552246,1.8027026653289795,1.4421621561050415,2.519639730453491,0.0820857375623183,2.7797604898901493,0.4528,9
63296380446670080,1.9867717342662448,1.9643243551254272,1.962639331817627,2.0140540599823,1.6327928304672241,2.320720672607422,-0.022447379140817514,3.210788785205522,0.3181,4
65588484235454592,1.9867717342662448,1.1893693208694458,1.2681679725646973,1.1396396160125732,0.6091892123222351,1.9601801633834839,-0.797402413396799,1.537115122918458,5.4925,4
63959351598814336,1.9867717342662448,1.6245044469833374,1.5028960704803467,0.0,0.30666667222976685,2.4533333778381348,-0.36226728728290736,2.6128558391793617,1.6693,1
69829541100441600,2.0492180226701815,1.2432432174682617,1.3712120056152344,0.8454053997993469,0.5718919038772583,2.308288335800171,-0.8059748052019198,2.439886664841701,3.9411,1
664605270904832768,2.8561244442423,3.1619820594787598,3.1886539459228516,3.0708107948303223,2.9009008407592773,3.5639638900756836,0.3058576152364596,2.0614924266137495,17.9295,0
661296290661998208,2.8561244442423,1.3178378343582153,1.5709151029586792,1.1354955434799194,0.5718919038772583,2.809729814529419,-1.5382866098840848,2.905698399127933,1.6869,6
64999558318784768,2.1051694279993316,1.2266666889190674,1.4269323348999023,1.044324278831482,0.4890090227127075,2.6356756687164307,-0.8785027390802642,2.772678106048946,2.4091,4
249764790788074624,1.8325089127062364,1.81513512134552,1.7887225151062012,1.893873929977417,1.583063006401062,2.026486396789551,-0.017373791360716373,1.911831212677259,0.29,9
6244725050721030528,1.1020905255118367,0.3729729652404785,0.5049772262573242,0.0,0.10774774849414825,0.8329729437828064,-0.7291175602713582,0.2578729945768441,3.9468,5
664845308036464256,2.8561244442423,2.1300899982452393,2.0349738597869873,2.113513469696045,1.599639654159546,2.544504404067993,-0.7260344459970609,0.4334262588451247,0.348,7
6245821126373768832,0.568201724066995,1.3261260986328125,1.4972785711288452,0.0,0.32324323058128357,2.689549446105957,0.7579243745658175,1.4514117905755357,1.5206,5
69583456653826048,1.9867717342662448,1.831711769104004,1.7066333293914795,1.95603609085083,0.63819819688797,2.469909906387329,-0.15505996516224085,2.174671744890868,2.4106,2
65241863193865856,2.1051694279993316,1.906306266784668,1.8276689052581787,2.088648557662964,1.3509910106658936,2.262702703475952,-0.19886316121466363,2.96203540300609,0.6059,4
5253575241700335360,1.568201724066995,1.284684658050537,1.333390235900879,2.001621723175049,0.5138738751411438,2.0927927494049072,-0.2835170660164579,1.5493103621908662,6.0493,9
6243566509068156928,0.7781512503836436,1.4131531715393066,1.851067066192627,3.0749549865722656,0.6713513731956482,3.1868467330932617,0.635001921155663,3.397394068831171,1.6641,5
248238187611328768,1.8976270912904414,1.0111712217330933,1.2408175468444824,0.319099098443985,0.32738739252090454,2.395315408706665,-0.8864558695573481,2.3048578874153787,6.0719,9
66974453002505088,2.1051694279993316,1.4587386846542358,1.7534297704696655,1.0857657194137573,0.7790991067886353,2.9299099445343018,-0.6464307433450958,2.9046606760571683,1.7443,3
6236682294963608448,1.0064660422492318,2.258558511734009,1.88838529586792,2.6729729175567627,0.4351351261138916,3.029369354248047,1.252092469484777,2.0993470987336083,9.6468,5
3314351053152780032,0.2380461031287954,1.1354955434799194,2.0112218856811523,3.5266666412353516,0.5428828597068787,3.6592793464660645,0.8974494403511241,3.39093856399968,1.9555,2
5251845950420988672,1.7201593034059568,1.6825225353240967,1.3507081270217896,0.0,0.12018018215894699,2.200540542602539,-0.03763676808186012,0.6058361885899498,0.5256,7
6048714494364240000,1.0107238653917732,1.4587386846542358,1.7208223342895508,2.784864902496338,0.42270269989967346,2.9506306648254395,0.44801481926246267,2.896401313274749,1.5114,5
440522052390302464,1.8325089127062364,1.6659458875656128,1.5546656847000122,1.6742342710494995,0.6423423290252686,2.21297287940979,-0.1665630251406236,1.8565268456993136,1.7094,9
64960663095015680,2.1051694279993316,1.931171178817749,1.7776232957839966,1.968468427658081,0.7583783864974976,2.590090036392212,-0.17399824918158258,2.1874169125351743,1.208,2
68174191984522368,1.9867717342662448,2.038918972015381,1.9394023418426514,2.2212612628936768,1.4131531715393066,2.4989190101623535,0.0521472377491361,2.8982053841573787,0.7729,1
145325548516513280,2.88930170250631,3.008648633956909,3.1002697944641113,2.9423422813415527,2.871891975402832,3.3774774074554443,0.11934693145059905,0.9090740000000004,9.2922,1
150073682105601408,0.3961993470957364,0.7790991067886353,1.4989709854125977,0.0,0.2362162172794342,3.311171054840088,0.38289975969289886,2.835553737837806,5.6903,2
65226092073881856,2.1051694279993316,1.7944144010543823,1.7381339073181152,2.1093692779541016,1.1976577043533325,2.2212612628936768,-0.3107550269449493,2.7490600096029585,0.3916,2
5251838356918566656,1.568201724066995,1.9601801633834839,1.9185763597488403,1.7902703285217285,1.3219820261001587,2.569369316101074,0.3919784393164889,2.5457387648070173,1.5536,9
6049830876625048320,1.0107238653917732,1.9477477073669434,2.069951057434082,2.8760359287261963,1.0650449991226196,3.041801691055298,0.9370238419751702,3.3534395103208197,1.2918,5
68014964661425280,2.1051694279993316,2.0969369411468506,1.9944673776626587,2.515495538711548,1.3302702903747559,2.652252197265625,-0.008232486852481014,3.349006040534723,0.4718,0
67054305033161344,2.1051694279993316,1.9477477073669434,1.8917722702026367,2.005765676498413,1.2266666889190674,2.5942342281341553,-0.15742172063238824,2.980229524798571,0.5419,3
3409290995993067648,2.8750612633917,0.8163964152336121,1.2632675170898438,0.16162161529064178,0.20306305587291718,2.8428828716278076,-2.058664848158088,2.7226610000000004,6.045,3
71351883668034048,1.9867717342662448,1.9726126194000244,1.7462278604507446,2.299999952316284,0.7086486220359802,2.5486485958099365,-0.014159114866220346,1.68570618453585,8.2106,9
51861425158394624,2.1051694279993316,1.6327928304672241,1.8395311832427979,4.139999866485596,0.4558558464050293,3.8043243885040283,-0.4723765975321075,0.6519336379471766,0.7898,0
664353860699329920,2.8129133566428557,2.689549446105957,2.101576566696167,2.946486473083496,0.4185585677623749,3.423063039779663,-0.12336391053689866,2.6379419156059845,9.4593,8
66786539592171392,2.1051694279993316,1.9601801633834839,1.8938273191452026,2.287567615509033,1.3344143629074097,2.515495538711548,-0.1449892646158477,2.862354421867505,0.8911,0
68444878003882240,1.9867717342662448,1.7819819450378418,1.7164217233657837,1.8855855464935303,1.0650449991226196,2.1549549102783203,-0.20478978922840296,0.7697136779747431,2.9789,4
48203487411427456,2.88930170250631,2.992072105407715,3.0466480255126953,2.6978378295898438,2.590090036392212,3.725585699081421,0.10277040290140471,0.7130241999999996,5.4496,3
66786539592171392,1.9867717342662448,1.9601801633834839,1.8938273191452026,2.287567615509033,1.3344143629074097,2.515495538711548,-0.026591570882760873,2.862354421867505,0.8911,0
6049107535407613184,0.568201724066995,1.1023423671722412,2.097306251525879,3.8954954147338867,0.26522523164749146,3.9576575756073,0.5341406431052462,4.266875689269298,1.8108,5
661296290661998208,2.8129133566428557,1.3178378343582153,1.5709151029586792,1.1354955434799194,0.5718919038772583,2.809729814529419,-1.4950755222846404,2.905698399127933,1.6869,6
5239479880579918208,1.568201724066995,2.030630588531494,1.9850952625274658,2.038918972015381,1.4463063478469849,2.532072067260742,0.46242886446449916,2.5771496378092644,0.4274,9
5239324810756011776,1.568201724066995,1.3592792749404907,1.5611428022384644,1.3427027463912964,0.4931531548500061,2.739279270172119,-0.20892244912650426,2.7696375735005647,2.0654,9
66655560269868544,2.1051694279993316,1.3799999952316284,1.3779186010360718,1.8441441059112549,0.40612611174583435,2.0720720291137695,-0.7251694327677032,0.6200103643052094,0.7493,1
64891634380723712,2.0492180226701815,1.0774774551391602,1.2695883512496948,0.9821621775627136,0.3771171271800995,2.345585584640503,-0.9717405675310213,2.194270562055873,8.1946,2
6242857942539775232,1.0064660422492318,2.2668468952178955,1.886861801147461,2.382882833480835,0.44342342019081116,2.884324312210083,1.2603808529686638,1.7953602074121144,10.045,5
67656665605333888,1.9867717342662448,1.9518918991088867,1.8350296020507812,1.993333339691162,1.1935135126113892,2.4491891860961914,-0.03487983515735804,2.897574853381704,0.5746,0
66802276352348416,2.1051694279993316,1.0236035585403442,1.0816740989685059,0.32738739252090454,0.3315315246582031,1.840000033378601,-1.0815658694589874,1.6830936402762553,4.3961,0
5239665320086648704,1.568201724066995,1.0526126623153687,1.2380471229553223,0.9490090012550354,0.34810811281204224,2.308288335800171,-0.5155890617516263,2.260750560806014,5.3382,9
3314597408180024960,2.88930170250631,1.015315294265747,1.235905647277832,0.31081080436706543,0.32324323058128357,2.4284684658050537,-1.873986408240563,2.7030399999999997,3.2767,3
443632055387911936,1.8325089127062364,1.9726126194000244,1.947653889656067,2.3497297763824463,1.520900845527649,2.382882833480835,0.14010370669378802,2.540031872719922,0.3246,9
65184894747573376,1.9867717342662448,2.001621723175049,1.985365629196167,2.0140540599823,1.5581982135772705,2.4243242740631104,0.014849988908804068,3.0315098150191666,0.3659,0
6049614307192716288,1.0107238653917732,0.9945945739746094,1.0809431076049805,0.8578378558158875,0.6133333444595337,1.520900845527649,-0.016129291417163794,0.0460220809499455,0.4117,5
64884624994048256,1.9867717342662448,2.0472071170806885,1.9435874223709106,2.076216220855713,1.2888288497924805,2.5942342281341553,0.06043538281444372,2.809254378058899,0.6967,4
66523893753437824,2.1051694279993316,1.869009017944336,1.8076739311218262,2.2917118072509766,0.9738738536834717,2.3497297763824463,-0.23616041005499566,0.7120539668588272,2.5285,4
147796013704189440,0.6532125137753437,3.3774774074554443,3.3748443126678467,3.373333215713501,3.016937017440796,3.7960360050201416,2.7242648936801004,2.907507828084095,19.1141,1
64168705486089216,1.9867717342662448,2.001621723175049,1.9019837379455566,2.0472071170806885,1.3841441869735718,2.4616215229034424,0.014849988908804068,3.0015894258860953,0.5606,1
65783029073414144,2.0492180226701815,1.9353153705596924,1.7583280801773071,2.030630588531494,0.7832432389259338,2.5818018913269043,-0.11390265211048911,2.314644475699492,1.1322,1
664513049366544256,2.8561244442423,2.9754955768585205,2.983294725418091,2.8884685039520264,2.7309908866882324,3.348468542098999,0.11937113261622034,1.855998127660575,14.9952,0
658436014239681536,2.8561244442423,1.4255856275558472,1.7566039562225342,1.3717117309570312,0.7376576662063599,3.054234266281128,-1.430538816686453,3.1190810255761687,1.3407,7
63340154753661440,1.9867717342662448,1.985045075416565,1.932722568511963,2.026486396789551,1.313693642616272,2.5942342281341553,-0.0017266588496798185,3.09943239741986,0.466,3
69575313395795584,2.1051694279993316,2.395315408706665,2.408409595489502,2.4160361289978027,2.138378381729126,2.664684772491455,0.29014598070733344,1.4178819379900474,9.2262,1
5239897931195331328,1.568201724066995,0.9738738536834717,1.2648298740386963,0.0,0.22792792320251465,2.4864864349365234,-0.5943278703835233,1.1627697485886346,0.7781,9
6247585189705806720,1.0064660422492318,2.4657657146453857,2.0078938007354736,2.739279270172119,0.38540539145469666,3.410630702972412,1.459299672396154,2.4804807404543547,7.8827,5
70461554129560448,2.1051694279993316,1.2183784246444702,1.2692770957946777,0.8536936640739441,0.683783769607544,1.893873929977417,-0.8867910033548614,1.623183930031869,4.5466,1
663991846495546496,2.8561244442423,3.2075674533843994,2.893548011779785,3.3443243503570557,2.569369316101074,3.63027024269104,0.35144300914209925,2.9252457990384153,11.1626,2
6050517727793292672,1.1020905255118367,1.8565765619277954,1.911615014076233,2.735135078430176,1.015315294265747,2.834594488143921,0.7544860364159587,2.9925797851234006,1.5611,5
66807464672814336,2.0492180226701815,0.9614414572715759,1.2933106422424316,0.6133333444595337,0.32738739252090454,2.6066665649414062,-1.0877765653986056,2.511319370936393,5.4748,2
6250495528262288512,1.0064660422492318,1.7115315198898315,1.7008274793624878,2.038918972015381,1.2142342329025269,2.1839640140533447,0.7050654776405998,3.0964123588702184,0.329,5
5538547421274143488,1.6532125137753437,0.8702702522277832,0.940895676612854,0.6009008884429932,0.3149549663066864,1.4877477884292603,-0.7829422615475605,0.936081224448806,2.2017,9
65224442806459008,1.9867717342662448,1.6037837266921997,1.4345574378967285,1.7363964319229126,0.3605405390262604,2.3497297763824463,-0.38298800757404505,1.769526964733937,1.3905,1
244858082709373312,1.8325089127062364,2.051351308822632,2.104177474975586,1.906306266784668,1.6866666078567505,2.490630626678467,0.21884239611639544,1.0076199220085755,5.6138,9
6050444163597305856,1.0107238653917732,2.3994593620300293,1.9674543142318726,2.7641441822052,0.3978378474712372,3.2655856609344482,1.3887354966382561,2.3681572224714675,9.3478,5
64917094946846848,2.1051694279993316,2.026486396789551,1.9316277503967285,2.4409008026123047,1.338558554649353,2.532072067260742,-0.07868303120978082,2.810276252340494,1.1192,4
64985127228608128,2.1051694279993316,1.0899099111557007,1.16497802734375,0.6962162256240845,0.46414414048194885,1.9021621942520142,-1.015259516843631,1.5445104065881727,5.1969,4
53251517094713728,1.9867717342662448,1.761261224746704,1.7551298141479492,1.8358558416366577,1.4794594049453735,2.030630588531494,-0.22551050951954066,3.1854742923567647,0.2419,1
5239758155778687360,1.7201593034059568,0.4558558464050293,0.6152898073196411,0.16162161529064178,0.1409008949995041,1.1562162637710571,-1.2643034570009275,1.30906520055663,2.2147,8
444663603454525696,1.8976270912904414,1.131351351737976,1.2667583227157593,1.0733333826065063,0.3978378474712372,2.188108205795288,-0.7662757395524653,1.9047281795401092,5.1247,9
441937295652064896,1.8976270912904414,1.0484684705734253,1.2427887916564941,0.8454053997993469,0.3398198187351227,2.320720672607422,-0.8491586207170161,2.133543973318573,6.1073,9
65170016980919808,1.9867717342662448,1.9601801633834839,1.8535646200180054,2.1673874855041504,1.3095495700836182,2.333153247833252,-0.026591570882760873,2.8429002705437565,0.7991,4
662677758301970688,2.8561244442423,1.2515314817428589,1.5767422914505005,1.1106306314468384,0.5428828597068787,2.9174773693084717,-1.6045929624994413,2.889397999172224,2.1936,2
5239701569617071872,1.568201724066995,0.7210810780525208,0.8844399452209473,0.46000000834465027,0.24036036431789398,1.338558554649353,-0.8471206460144742,0.8608748214793488,1.0454,9
6049695877210987776,1.0107238653917732,1.3302702903747559,1.6559144258499146,0.8412612676620483,0.4351351261138916,3.0127928256988525,0.3195464249829827,2.447436193462119,5.3553,5
661402084295115904,2.8561244442423,1.0981981754302979,1.6794350147247314,0.0,0.319099098443985,3.410630702972412,-1.7579262688120023,2.8206865557770815,4.3898,7
443512071181546880,1.8976270912904414,1.5167567729949951,1.7835772037506104,1.301261305809021,0.6630630493164062,2.9299099445343018,-0.38087031829544626,2.9445839836789927,1.5151,9
3309974344039455488,2.88930170250631,1.6245044469833374,1.6622240543365479,1.6410810947418213,0.547027051448822,2.7558557987213135,-1.2647972555229727,2.9184860000000015,1.5139,7
6048756275806209664,1.0107238653917732,1.3841441869735718,1.6195213794708252,0.9904504418373108,0.48486486077308655,2.871891975402832,0.3734203215817986,2.4643357801827026,3.5148,5
6049793768107019008,1.1367205671564067,2.759999990463257,2.2152061462402344,2.8926126956939697,0.3895495533943176,3.6136937141418457,1.6232794233068502,2.5561200841377425,8.8741,5
6048657594638674944,1.0107238653917732,2.722702741622925,2.3565189838409424,2.664684772491455,0.5097297430038452,3.667567491531372,1.7119788762311516,2.442716008962564,3.7696,5
5239278085831538816,1.568201724066995,2.001621723175049,1.9892735481262207,2.001621723175049,1.4587386846542358,2.5983784198760986,0.43341999910805384,2.619887555824127,1.2053,9
250324854522686848,1.8325089127062364,1.3054053783416748,1.5204589366912842,0.5055856108665466,0.4144144058227539,2.6481080055236816,-0.5271035343645616,0.7106575759640941,1.8093,9
441850842251784448,1.8976270912904414,1.583063006401062,1.7769932746887207,1.3427027463912964,0.7293693423271179,2.8304505348205566,-0.31456408488937937,2.828080339600995,1.6142,9
64917094946846848,1.9867717342662448,2.026486396789551,1.9316277503967285,2.4409008026123047,1.338558554649353,2.532072067260742,0.03971466252330602,2.810276252340494,1.1192,4
442671563260694016,1.8325089127062364,1.0857657194137573,1.2597955465316772,0.9945945739746094,0.3771171271800995,2.295855760574341,-0.7467431932924791,2.2065347574983187,4.9361,9
65026839950559744,1.9867717342662448,2.3041441440582275,1.9041047096252441,2.420180082321167,0.745945930480957,2.6936936378479004,0.3173724097919828,1.8674146843872204,10.7782,2
69945814454871680,1.9867717342662448,2.150810718536377,2.148733139038086,2.1466667652130127,1.9228829145431519,2.3870270252227783,0.1640389842701322,1.077292980663337,6.6908,2
6045531202046880256,1.0107238653917732,2.4367568492889404,2.0023322105407715,2.75171160697937,0.40198197960853577,3.228288173675537,1.4260329838971673,2.232585914624212,9.6341,5
65284469269256704,2.1051694279993316,1.9974775314331055,1.9465434551239014,2.067927837371826,1.7281081676483154,2.2212612628936768,-0.10769189656622613,0.968170632347817,5.1634,2
6235805984203260160,1.0107238653917732,1.5374774932861328,1.7456636428833008,1.2432432174682617,0.6257657408714294,2.992072105407715,0.5267536278943596,2.964205798792444,2.2947,5
151312419393052032,2.88930170250631,2.7807207107543945,2.8254971504211426,2.6190991401672363,2.5859458446502686,3.1122522354125977,-0.1085809917519156,2.1427549999999993,14.8993,2
664963024499946496,2.8561244442423,3.1371171474456787,3.254671812057495,2.967207193374634,2.9381980895996094,3.6841442584991455,0.28099270320337855,0.8526813674296531,8.8524,0
5251991360838624128,1.568201724066995,1.906306266784668,1.6666152477264404,0.0,0.38126125931739807,2.3538739681243896,0.338104542717673,0.545179162525798,0.4575,7
5565569740585544704,1.5276299008713388,1.031891942024231,1.1616106033325195,0.0,0.26936936378479004,1.95603609085083,-0.4957379588471078,0.6581204067595524,0.6252,9
6049152267490979072,0.568201724066995,1.4504504203796387,1.6940786838531494,1.1147748231887817,0.5718919038772583,2.9009008407592773,0.8822486963126437,2.8639880616707547,2.0102,5
248045876155738240,1.8325089127062364,2.1673874855041504,2.0700483322143555,2.507207155227661,1.2142342329025269,2.8884685039520264,0.334878572797914,3.024694375248753,0.9319,9
64797523056344064,1.9867717342662448,1.8731532096862793,1.8593695163726807,1.8897297382354736,1.392432451248169,2.3870270252227783,-0.11361852457996546,2.975834938261446,0.4622,4
66838452861270272,1.9867717342662448,1.520900845527649,1.5247461795806885,1.7902703285217285,0.8661261200904846,1.9767568111419678,-0.46587088873859583,0.7735695292963896,2.3173,1
65289623229979136,2.1051694279993316,1.81513512134552,1.7203032970428467,1.8441441059112549,1.4214414358139038,2.067927837371826,-0.2900343066538116,0.9991570158974858,4.6506,2
3405988677241799040,2.88930170250631,2.3497297763824463,2.3556931018829346,2.382882833480835,2.0969369411468506,2.5859458446502686,-0.5395719261238638,1.3848970000000005,8.8624,1
6050550129026873344,0.8948696567452525,1.2929729223251343,1.7366554737091064,0.8661261200904846,0.4392792880535126,3.3153152465820312,0.39810326557988174,2.9946977318053465,3.5878,5
70242785673539712,2.1051694279993316,1.9891891479492188,2.034210681915283,2.0845046043395996,1.5954954624176025,2.420180082321167,-0.11598028005011285,0.9797092657037606,5.1946,9
6042353544720473216,0.568201724066995,1.2929729223251343,1.6752820014953613,0.7500900626182556,0.42270269989967346,3.1122522354125977,0.7247711982581393,2.536192693026031,5.1126,5
65237911823760640,1.9867717342662448,1.993333339691162,1.8844654560089111,2.188108205795288,1.3344143629074097,2.358017921447754,0.0065616054249173494,2.9022354028867308,0.7703,4
65086591535491584,1.9867717342662448,1.761261224746704,1.749050498008728,1.8275675773620605,1.3302702903747559,2.113513469696045,-0.22551050951954066,0.9278737238472572,4.1495,4
443227881784657536,1.8325089127062364,1.877297282218933,1.8379786014556885,1.8275675773620605,1.3178378343582153,2.4409008026123047,0.04478836951269671,2.258902998466095,1.6095,9
65275020341243520,1.9867717342662448,2.0596396923065186,1.9336737394332886,2.395315408706665,1.2515314817428589,2.569369316101074,0.0728679580402738,2.963575281004988,0.813,1
68322145018429952,1.9867717342662448,1.9187387228012085,1.7971289157867432,2.043063163757324,1.4172972440719604,2.1590991020202637,-0.06803301146503626,0.8384806431105104,3.8928,2
65677372878285312,1.9867717342662448,2.250270366668701,2.2334089279174805,2.382882833480835,1.9601801633834839,2.48234224319458,0.2634986324024564,1.22873925343637,7.9082,4
65202830531043968,2.1051694279993316,1.2888288497924805,1.4483071565628052,1.2308107614517212,0.3978378474712372,2.4740540981292725,-0.8163405782068511,2.213908873693202,3.5303,2
69814388455816960,2.1051694279993316,1.2349549531936646,1.3120535612106323,1.2142342329025269,0.6672071814537048,1.985045075416565,-0.870214474805667,1.532788824066681,5.591,4
6248997237510309120,0.7781512503836436,1.1810810565948486,1.7846755981445312,3.3526124954223633,0.36468467116355896,3.4520721435546875,0.402929806211205,3.0548719728178124,3.7318,5
65299381395665664,2.1051694279993316,1.9477477073669434,1.90511155128479,1.9187387228012085,1.3509910106658936,2.4616215229034424,-0.15742172063238824,3.1207293088764785,0.3479,3
5239505341147028736,1.568201724066995,1.0236035585403442,1.2330683469772339,0.90756756067276,0.32738739252090454,2.3538739681243896,-0.5445981655266507,2.2983028621650705,5.7216,9
661253478428045568,2.8561244442423,3.1578378677368164,3.2596635818481445,2.896756649017334,2.8926126956939697,3.725585699081421,0.30171342349451624,0.8114853970210499,8.1114,0
3393315298200049536,2.88930170250631,1.367567539215088,1.750664234161377,1.2266666889190674,0.7625225186347961,3.09153151512146,-1.5217341632912222,3.1972760000000005,1.4527,0
6043699587472262144,1.0107238653917732,2.0927927494049072,1.9983841180801392,2.3041441440582275,1.3799999952316284,2.6190991401672363,1.082068884013134,2.8708578894936596,0.9551,5
659696982278606080,2.8561244442423,1.3551350831985474,1.4299440383911133,0.05801801756024361,0.3522522449493408,2.4740540981292725,-1.5009893610437528,2.60416142561851,2.2636,6
6042654501670349568,1.0064660422492318,1.5623422861099243,1.8135619163513184,2.8801801204681396,0.7666666507720947,2.958918809890747,0.5558762438606926,3.0910133581719417,1.6932,5
3405909374965722368,2.88930170250631,2.813873767852783,2.8371379375457764,2.714414358139038,2.6108107566833496,3.2200000286102295,-0.07542793465352693,1.9819010000000008,14.4587,3
70252681278085376,1.9867717342662448,2.125946044921875,2.0718278884887695,2.270991086959839,1.8068468570709229,2.337297201156616,0.13917431065563024,0.8894511191082363,4.8566,4
68150861722174848,1.9867717342662448,2.0472071170806885,2.044741153717041,2.0969369411468506,1.7488288879394531,2.3041441440582275,0.06043538281444372,1.030881175325379,5.7773,1
64857721317916032,1.9867717342662448,1.893873929977417,1.8496592044830322,1.993333339691162,1.4255856275558472,2.2917118072509766,-0.09289780428882777,2.9694739976221403,0.5739,4
64912009705490304,2.1051694279993316,1.6245044469833374,1.7227904796600342,2.6563963890075684,0.9324324131011963,2.664684772491455,-0.4806649810159942,2.801533495365271,1.663,4
63102694601689728,1.9867717342662448,1.723963975906372,1.6698611974716187,2.337297201156616,0.6672071814537048,2.5486485958099365,-0.2628077583598727,1.9147722026351408,8.878,3
453287657264888192,1.8976270912904414,1.168648600578308,1.357996940612793,1.1727927923202515,0.4144144058227539,2.4657657146453857,-0.7289784907121333,2.492642131546182,3.0332,9
65040686925109760,1.9867717342662448,0.9117116928100586,1.5009913444519043,0.0,0.2362162172794342,3.0252251625061035,-1.0750600414561862,2.645895051509719,6.803,4
248624665950977536,1.8976270912904414,1.0650449991226196,1.2031147480010986,0.5345945954322815,0.3315315246582031,1.993333339691162,-0.8325820921678218,0.696955501083682,0.8981,9
65281239453865856,2.0492180226701815,1.6203603744506836,1.446328043937683,0.0,0.24036036431789398,2.3248648643493652,-0.4288576482194979,2.2515536282733004,2.201,1
67103405099117568,2.1051694279993316,2.026486396789551,1.940992832183838,2.113513469696045,1.4421621561050415,2.478198289871216,-0.07868303120978082,3.1887601111965913,0.4687,1
3288784006192725248,2.88930170250631,2.9257657527923584,3.0222830772399902,2.871891975402832,2.7434234619140625,3.323603630065918,0.036464050286048266,1.762042000000001,14.1207,7
6038192099370792960,1.1020905255118367,0.8536936640739441,0.9413485527038574,0.09117116779088974,0.24450451135635376,1.5001801252365112,-0.24839686143789264,0.9951687789724964,1.7454,8
65229184450247296,1.9867717342662448,2.1963963508605957,1.9944324493408203,2.3911712169647217,1.2888288497924805,2.565225124359131,0.20962461659435094,3.18895826470699,0.7277,4
64445988572906752,1.9867717342662448,1.877297282218933,1.8054581880569458,2.1425225734710693,1.2598198652267456,2.4036035537719727,-0.10947445204731165,2.453603890499862,1.3264,1
6049165706444676992,0.568201724066995,1.583063006401062,1.776057481765747,0.7252252101898193,0.42684683203697205,3.190990924835205,1.014861282334067,2.4883056245636332,5.3662,5
6244253635112032384,1.1020905255118367,1.95603609085083,1.9214420318603516,2.590090036392212,1.031891942024231,2.759999990463257,0.8539455653389934,2.831108926117797,1.5394,5
6236381200578851968,1.0064660422492318,1.2308107614517212,1.4128954410552979,0.8536936640739441,0.46414414048194885,2.370450496673584,0.22434471920248944,2.005310085318625,5.4219,5
66739982146803456,1.9867717342662448,1.1727927923202515,1.2314982414245605,0.8661261200904846,0.4517117142677307,2.0347747802734375,-0.8139789419459933,1.8320555547848263,5.4754,3
661296290661998208,2.8561244442423,1.3178378343582153,1.5709151029586792,1.1354955434799194,0.5718919038772583,2.809729814529419,-1.5382866098840848,2.905698399127933,1.6869,6
65047043476608128,2.1051694279993316,2.345585584640503,2.0635905265808105,2.569369316101074,1.131351351737976,2.8304505348205566,0.24041615664117133,3.0697662691032344,0.8375,3
70462688000922880,2.1051694279993316,2.208828926086426,2.2122535705566406,2.262702703475952,1.9518918991088867,2.4243242740631104,0.10365949808709418,1.062489916689325,6.8206,1
6242829355237317504,0.8948696567452525,2.1176576614379883,2.0534913539886475,2.2212612628936768,1.5167567729949951,2.6232433319091797,1.2227880046927357,3.469109904922121,0.5641,5
66754241438299520,1.9867717342662448,1.5043243169784546,1.461742639541626,1.8855855464935303,0.7956756949424744,2.0472071170806885,-0.48244741728779017,1.4012788057180483,5.8824,0
6245428463284702592,0.8573324964312685,1.5789189338684082,1.712613821029663,1.2432432174682617,0.6713513731956482,2.8180179595947266,0.7215864374371397,2.7789694506879328,2.0993,5
65056526764528128,2.0492180226701815,1.3592792749404907,1.568277359008789,1.2432432174682617,0.522162139415741,2.6978378295898438,-0.6899387477296908,2.612100763882093,2.3177,1
6237360212602676736,1.0064660422492318,1.7985585927963257,1.7062909603118896,2.515495538711548,0.4351351261138916,2.8055856227874756,0.7920925505470939,2.023124682484884,8.281,5
64174546641593984,1.9867717342662448,2.1093692779541016,1.9744431972503662,2.113513469696045,1.2598198652267456,2.677117109298706,0.1225975436878568,2.532728508334991,0.8902,4
243105942211695232,1.8325089127062364,1.5747747421264648,1.6789647340774536,1.4214414358139038,0.63819819688797,2.6481080055236816,-0.25773417057977155,2.6199900716604825,1.9617,9
664497209527231872,2.8561244442423,2.8180179595947266,2.849191427230835,2.8180179595947266,2.7185585498809814,2.9174773693084717,-0.0381064846475736,1.0758093201844914,9.333,6
71021927100882560,2.1051694279993316,1.893873929977417,1.8761248588562012,1.9891891479492188,1.6535135507583618,2.088648557662964,-0.2112954980219146,2.117684745132266,0.3247,2
6049136569386567296,0.568201724066995,0.273513525724411,0.46459347009658813,0.0,0.07459459453821182,0.6754955053329468,-0.294688198342584,4.619693459588146,11.9677,5
6242964045412203776,1.0,2.7890090942382812,2.4143266677856445,3.0956757068634033,1.313693642616272,3.2324323654174805,1.7890090942382812,4.185582811785826,0.7015,5
664455118847781760,2.8561244442423,2.954774856567383,2.964855432510376,2.9299099445343018,2.7890090942382812,3.2448649406433105,0.09865041232508265,1.8470727471791144,15.4948,8
3405307396646220416,0.5145477526602861,1.3095495700836182,1.6196904182434082,1.0774774551391602,0.7335135340690613,2.7807207107543945,0.7950018174233321,2.2519708181929197,7.6171,1
51677669278703104,1.9867717342662448,1.968468427658081,1.8985161781311035,2.005765676498413,1.2349549531936646,2.515495538711548,-0.018303306608163705,2.7631972725424383,0.6129,2
64959662365552384,1.9867717342662448,1.6245044469833374,1.4713293313980103,1.906306266784668,0.8992792963981628,1.9767568111419678,-0.36226728728290736,1.5644890117203822,0.3888,1
6243507856993984000,1.0064660422492318,1.2971171140670776,1.7849195003509521,3.1495494842529297,0.5553153157234192,3.240720748901367,0.2906510718178459,3.40448388617886,1.8451,5
145133786815830784,0.30319605742048883,2.983783721923828,2.454444169998169,3.1205406188964844,0.9200000166893005,3.4645044803619385,2.6805876645033395,3.7481628032824528,0.6879,3
6043528716493686400,1.0064660422492318,2.1466667652130127,2.080742359161377,2.113513469696045,1.4960360527038574,2.664684772491455,1.140200722963781,3.380816629132722,0.588,5
6042231292774457216,1.1367205671564067,1.9477477073669434,1.8248727321624756,0.6796396374702454,0.42270269989967346,3.2200000286102295,0.8110271402105367,2.4373986154856393,5.0707,5
3314294771901304192,2.88930170250631,1.7322522401809692,1.8759267330169678,1.4380179643630981,1.0028828382492065,2.9050450325012207,-1.157049462325341,3.0574530000000006,1.4637,2
5290670393166282496,2.419955748489758,2.150810718536377,2.0727455615997314,2.1176576614379883,1.9270269870758057,2.3745946884155273,-0.2691450299533811,1.0316631592478964,6.5681,8
661829588159547392,2.8561244442423,2.954774856567383,2.300666093826294,0.38126125931739807,0.46414414048194885,3.738018035888672,0.09865041232508265,2.963741430710096,6.2004,7
67878663874731136,1.9867717342662448,1.931171178817749,1.9134159088134766,2.030630588531494,1.5954954624176025,2.2212612628936768,-0.055600555448495736,2.807177770003363,0.3193,2
441378159630386816,1.8325089127062364,1.2266666889190674,1.2183970212936401,1.3344143629074097,0.3978378474712372,1.9643243551254272,-0.605842223787169,1.8129573977490925,3.8912,9
65202830531043968,1.9867717342662448,1.2888288497924805,1.4483071565628052,1.2308107614517212,0.3978378474712372,2.4740540981292725,-0.6979428844737643,2.213908873693202,3.5303,2
6235742349962813824,1.0064660422492318,1.4877477884292603,1.6533410549163818,1.6535135507583618,0.6630630493164062,2.590090036392212,0.4812817461800285,0.96612105732559,3.5486,5
64804841680675200,1.9867717342662448,2.237837791442871,2.2186319828033447,2.287567615509033,2.0140540599823,2.432612657546997,0.25106605717662633,0.9900908954098008,6.3367,2
67656665605333888,2.1051694279993316,1.9518918991088867,1.8350296020507812,1.993333339691162,1.1935135126113892,2.4491891860961914,-0.15327752889044488,2.897574853381704,0.5746,0
51505217751483392,1.9867717342662448,1.9726126194000244,1.8599462509155273,2.043063163757324,0.9572973251342773,2.6978378295898438,-0.014159114866220346,2.6660585372575065,0.7323,3
68147391388599808,2.1051694279993316,2.0140540599823,1.9014344215393066,2.590090036392212,1.3344143629074097,2.507207155227661,-0.0911153680170318,2.960697550139829,0.3848,1
6245680560685776768,0.8573324964312685,1.3261260986328125,1.529179573059082,0.978018045425415,0.476576566696167,2.614954948425293,0.468793602201544,2.335651330191834,4.1533,5
66749121837171840,1.9867717342662448,1.8482882976531982,1.7478474378585815,1.7032432556152344,0.6920720934867859,2.569369316101074,-0.13848343661304652,2.5690495748032314,1.5889,4
66885942316710784,1.9867717342662448,2.0223424434661865,1.9228793382644653,2.1549549102783203,1.4007207155227661,2.4409008026123047,0.035570709199941764,3.065746980124212,0.6339,4
251365954596999296,1.8325089127062364,1.6700900793075562,1.7081973552703857,1.9187387228012085,0.7832432389259338,2.333153247833252,-0.16241883339868024,0.7542913363035428,2.8608,9
69834763780636672,2.1051694279993316,1.5664864778518677,1.447991132736206,2.163243293762207,0.5884684920310974,2.1425225734710693,-0.5386829501474639,1.673670735793159,0.527,1
65014985841292032,2.1051694279993316,1.95603609085083,1.8779528141021729,2.018198251724243,1.3344143629074097,2.4409008026123047,-0.14913333714850152,2.953209350084674,0.4916,0
441394789743992064,1.8325089127062364,1.95603609085083,1.949197769165039,1.8275675773620605,1.454594612121582,2.565225124359131,0.12352717814459369,2.7698367850631698,0.4895,9
441558445178565120,1.8325089127062364,2.0347747802734375,2.1014604568481445,3.522522449493408,1.0526126623153687,3.4147746562957764,0.2022658675672011,0.4511193156270225,0.3027,9
3311906770084019712,2.88930170250631,1.429729700088501,1.4584559202194214,0.08288288116455078,0.319099098443985,2.5610811710357666,-1.4595720024178092,2.593903000000001,2.3639,7
70310027681371648,2.1051694279993316,1.284684658050537,1.3608611822128296,1.1520720720291138,0.5594594478607178,2.200540542602539,-0.8204847699487945,1.7597502736322552,6.9821,3
441937295652064896,1.8325089127062364,1.0484684705734253,1.2427887916564941,0.8454053997993469,0.3398198187351227,2.320720672607422,-0.7840404421328111,2.133543973318573,6.1073,9
443396210143348864,1.8976270912904414,1.1645045280456543,1.199567198753357,1.1645045280456543,0.3978378474712372,1.968468427658081,-0.7331225632447871,1.7153730794175284,4.7555,9
65467778474649856,1.9867717342662448,1.9021621942520142,1.881736397743225,1.9104504585266113,1.4463063478469849,2.3165764808654785,-0.0846095400142306,3.369321915789852,0.2924,1
64980278208557696,1.9867717342662448,1.338558554649353,1.2665822505950928,2.0596396923065186,0.4392792880535126,2.0099098682403564,-0.6482131796168917,1.37994261743687,0.5239,1
3312960205303089664,2.8750612633917,1.4463063478469849,1.6098501682281494,2.507207155227661,0.5387387275695801,2.664684772491455,-1.4287549155447152,2.199377,8.9646,3
65010519075247616,2.1051694279993316,1.9974775314331055,1.9120914936065674,2.1052253246307373,1.4587386846542358,2.3870270252227783,-0.10769189656622613,2.9458946157105155,0.6804,4
65270450496044416,2.1051694279993316,1.723963975906372,1.6711668968200684,1.6742342710494995,0.8785585761070251,2.4160361289978027,-0.38120545209295953,2.453403000321485,2.1803,0
6048717277503393792,1.0107238653917732,1.6203603744506836,1.647512435913086,1.4090089797973633,1.1976577043533325,2.1176576614379883,0.6096365090589104,3.548582589019241,0.2784,5
145210099794710272,0.30319605742048883,0.791531503200531,1.495681643486023,0.0,0.22792792320251465,3.0749549865722656,0.4883354457800422,2.4849232617944086,4.9695,3
664293387559886464,2.8561244442423,2.921621561050415,2.9065608978271484,2.9050450325012207,2.735135078430176,3.249008893966675,0.06549711680811487,1.939146619683732,15.5106,8
65008010814357248,1.9867717342662448,1.9518918991088867,1.854161262512207,2.250270366668701,1.2266666889190674,2.48234224319458,-0.03487983515735804,3.107124799992,0.502,0
65680499614460800,1.9867717342662448,1.9436036348342896,1.9151194095611572,1.8192793130874634,1.5126125812530518,2.333153247833252,-0.04316809943195521,1.4385601896519669,7.4639,4
5239498744077038976,1.7201593034059568,0.7086486220359802,1.1503170728683472,0.0,0.15333333611488342,2.490630626678467,-1.0115106813699766,0.8797122470197926,0.6205,9
66556535504958848,1.9867717342662448,2.051351308822632,2.014559030532837,2.0140540599823,1.7198197841644287,2.3414413928985596,0.06457957455638708,1.0468429663332253,5.9928,0
6052068657664195072,1.1020905255118367,2.772432327270508,2.2012648582458496,2.9050450325012207,0.3729729652404785,3.6344144344329834,1.670341801758671,2.634393645302451,8.417,5
68303728198686080,1.9867717342662448,1.9601801633834839,1.8968220949172974,2.038918972015381,1.4753153324127197,2.3621621131896973,-0.026591570882760873,2.87514971504758,0.6814,4
663002663987903872,2.8561244442423,2.9423422813415527,2.9951329231262207,2.884324312210083,2.7682883739471436,3.236576557159424,0.08621783709925257,2.1785442467060383,17.7356,2
6235901779153736064,1.1367205671564067,2.0927927494049072,1.9949723482131958,2.175675630569458,1.3717117309570312,2.6356756687164307,0.9560721822485005,2.7619217171582915,0.9418,5
664343896375336320,2.8561244442423,2.0347747802734375,1.8921284675598145,2.1093692779541016,1.0650449991226196,2.6605405807495117,-0.8213496639688627,2.6991775473932416,0.7393,7
65232757863112192,1.9867717342662448,1.9436036348342896,1.9147255420684814,2.2295496463775635,1.5001801252365112,2.3124325275421143,-0.04316809943195521,3.137524415251117,0.305,2
245406807732412160,1.8976270912904414,2.3290090560913086,2.3703837394714355,2.250270366668701,2.0140540599823,2.847027063369751,0.4313819648008672,1.381142875898098,8.367,9
435672999950860160,1.8976270912904414,0.6174774765968323,0.751041054725647,0.5677477717399597,0.20720720291137695,1.0981981754302979,-1.280149614693609,1.087444776988531,1.5102,9
66612473157921024,1.9867717342662448,2.067927837371826,1.9730033874511719,2.270991086959839,1.3178378343582153,2.4533333778381348,0.08115610310558141,1.6503278521006108,8.7567,4
64980832261312640,2.1051694279993316,1.27639639377594,1.6073698997497559,1.1147748231887817,0.5967567563056946,2.9299099445343018,-0.8287730342233917,2.907345133446772,2.1351,2
663140171661012480,2.8129133566428557,1.9228829145431519,1.8198397159576416,1.9436036348342896,0.90756756067276,2.6605405807495117,-0.8900304420997038,2.0278726589440508,1.5603,2
6042334475066418688,1.1020905255118367,1.4214414358139038,1.5952229499816895,2.4036035537719727,0.4392792880535126,2.714414358139038,0.3193509103020671,2.1512572723488494,6.2856,5
6048958689024157568,1.1020905255118367,1.6162161827087402,1.6200287342071533,1.7115315198898315,0.6796396374702454,2.519639730453491,0.5141256571969035,1.9427573309124913,1.7252,5
3408234502757515648,2.88930170250631,2.150810718536377,2.004617929458618,2.2668468952178955,1.3219820261001587,2.639819860458374,-0.7384909839699332,3.2188250000000007,0.4653,1
64974338270788864,2.1051694279993316,1.906306266784668,1.82317054271698,2.0927927494049072,1.2556756734848022,2.3911712169647217,-0.19886316121466363,2.8382261146138856,0.7485,1
68267680536205440,2.1051694279993316,1.2266666889190674,1.2684693336486816,0.6299099326133728,0.5138738751411438,2.0472071170806885,-0.8785027390802642,1.7980247654133836,4.8731,1
66741116018188416,1.9867717342662448,1.869009017944336,1.8433438539505005,1.893873929977417,1.4090089797973633,2.345585584640503,-0.11776271632190882,2.9262649958442974,0.5186,4
249267124338789248,1.8325089127062364,0.9655855894088745,1.1271376609802246,0.3315315246582031,0.2942342460155487,1.9021621942520142,-0.8669233232973619,0.7039877551860336,0.808,9
6245861602145571072,1.0064660422492318,2.043063163757324,2.1391401290893555,1.8731532096862793,1.636936902999878,2.639819860458374,1.0365971215080925,0.3287183834687162,0.2814,5
66808869124393600,2.1051694279993316,2.3165764808654785,2.301813840866089,2.49477481842041,2.063783884048462,2.527927875518799,0.21140705286614692,1.0880450402070112,7.2862,4
6243179240458354560,1.2730012720637376,1.8441441059112549,1.8853285312652588,2.6688287258148193,1.0236035585403442,2.772432327270508,0.5711428338475173,2.923675838640508,1.5009,5
148599305732728320,0.3961993470957364,0.6920720934867859,0.9141227006912231,0.0,0.16990990936756134,1.570630669593811,0.2958727463910495,0.8553716062870278,0.9833,3
148354733113981696,0.4132997640812518,0.28594595193862915,0.3477889597415924,0.0,0.07459459453821182,0.6340540647506714,-0.12735381214262265,4.722147780193601,3.1305,2
66791659193405952,1.9867717342662448,1.9228829145431519,1.9160611629486084,2.1715314388275146,1.583063006401062,2.2212612628936768,-0.0638888197230929,3.186037535466485,0.2811,4
64272128296706432,2.1051694279993316,2.200540542602539,2.2103323936462402,2.188108205795288,1.9436036348342896,2.445044994354248,0.09537111460320746,1.187690729343017,7.4311,1
436253851328943104,1.8976270912904414,1.1810810565948486,1.1811038255691528,1.3592792749404907,0.522162139415741,1.6700900793075562,-0.7165460346955927,1.047777637588173,3.4952,9
144833998098820992,2.8750612633917,2.1590991020202637,2.060997486114502,2.250270366668701,1.4670270681381226,2.6232433319091797,-0.7159621613714364,3.1361669999999986,0.5153,0
436477017829810944,1.8325089127062364,2.175675630569458,2.2214925289154053,2.2419819831848145,1.6203603744506836,2.8387386798858643,0.3431667178632216,0.8009599563942409,4.2238,9
66523103479455744,1.9867717342662448,1.9436036348342896,1.8627573251724243,1.993333339691162,1.367567539215088,2.3994593620300293,-0.04316809943195521,3.005321504847768,0.4898,1
3311514210073309056,2.88930170250631,2.9174773693084717,2.9925668239593506,2.8511712551116943,2.797297239303589,3.215855836868286,0.028175666802161548,0.8634659999999998,8.3744,2
66728265476081408,1.9867717342662448,1.9270269870758057,1.9184681177139282,1.9394594430923462,1.5126125812530518,2.3165764808654785,-0.059744747190439096,3.546682635196995,0.2396,2
65214856439472640,2.1051694279993316,1.284684658050537,1.3976449966430664,0.8205405473709106,0.5636035799980164,2.1963963508605957,-0.8204847699487945,1.589112268035712,7.0953,4
5239498744077038976,1.568201724066995,0.7086486220359802,1.1503170728683472,0.0,0.15333333611488342,2.490630626678467,-0.8595531020310148,0.8797122470197926,0.6205,9
3314376204481063680,0.7937903846908186,1.1189188957214355,1.123298168182373,1.4131531715393066,0.4931531548500061,1.6120721101760864,0.3251285110306169,0.9481973606402996,2.7697,3
65299381395665664,1.9867717342662448,1.9477477073669434,1.90511155128479,1.9187387228012085,1.3509910106658936,2.4616215229034424,-0.0390240268993014,3.1207293088764785,0.3479,3
436309342307271808,1.8976270912904414,1.2432432174682617,1.353359341621399,1.313693642616272,0.4102702736854553,2.370450496673584,-0.6543838738221797,2.410682232653093,3.0916,9
66727234683931520,2.0492180226701815,1.7405405044555664,1.7259799242019653,1.9145946502685547,1.5001801252365112,1.95603609085083,-0.3086775182146151,1.8507557814185505,0.3022,0
66523103479455744,2.1051694279993316,1.9436036348342896,1.8627573251724243,1.993333339691162,1.367567539215088,2.3994593620300293,-0.16156579316504205,3.005321504847768,0.4898,1
661049862616788992,2.8561244442423,2.9009008407592773,2.9284024238586426,2.809729814529419,2.714414358139038,3.1868467330932617,0.04477639651697718,1.5096955822099978,12.7982,0
4130947859386102016,0.568201724066995,2.101081132888794,2.0361108779907227,2.1342341899871826,1.520900845527649,2.6356756687164307,1.532879408821799,2.9117227497493383,0.7981,5
70158977974956672,1.9867717342662448,1.9974775314331055,1.9238660335540771,2.101081132888794,1.4380179643630981,2.337297201156616,0.010705797166860709,1.2755049787254606,6.9616,3
6042454356193228672,1.0107238653917732,1.931171178817749,1.8417491912841797,2.4409008026123047,1.044324278831482,2.590090036392212,0.9204473134259759,2.9729815260677723,0.9303,5
65047043476608128,1.9867717342662448,2.345585584640503,2.0635905265808105,2.569369316101074,1.131351351737976,2.8304505348205566,0.35881385037425817,3.0697662691032344,0.8375,3
67732257029618048,2.1051694279993316,1.094054102897644,1.1632362604141235,0.2527928054332733,0.31081080436706543,2.030630588531494,-1.0111153251016876,2.104937868435058,3.7815,3
6244006451158294016,1.0,1.3799999952316284,1.6615949869155884,1.069189190864563,0.5097297430038452,2.9630630016326904,0.3799999952316284,2.8847429707632193,2.3092,5
63892006512622848,1.9867717342662448,2.0347747802734375,1.9332621097564697,2.3911712169647217,1.363423466682434,2.507207155227661,0.04800304600719274,2.7411875993384416,1.1109,4
61554650949438208,1.9867717342662448,2.0845046043395996,2.0771918296813965,2.1218018531799316,1.6908107995986938,2.4118919372558594,0.09773287007335485,0.9861068841984074,5.6881,3
6048740470326476032,1.2730012720637376,1.1810810565948486,1.2841694355010986,1.2929729223251343,0.3771171271800995,1.9436036348342896,-0.09192021546888896,1.537644750042772,2.8973,5
154422804645274368,2.88930170250631,1.483603596687317,1.475773811340332,0.0,0.4102702736854553,2.5237836837768555,-1.4056981058189932,2.9176040000000008,1.48,1
664290948018472064,2.8129133566428557,3.1122522354125977,3.1869864463806152,3.0873873233795166,2.797297239303589,3.6717116832733154,0.29933887876974197,2.5633178923745525,15.7827,7
66501181966524800,2.1051694279993316,2.1549549102783203,2.081207752227783,2.295855760574341,1.777837872505188,2.3497297763824463,0.04978548227898871,0.8576594729167805,4.628,4
6048732223989166464,1.0107238653917732,1.3841441869735718,1.5472731590270996,0.9200000166893005,0.4931531548500061,2.5735135078430176,0.3734203215817986,2.06985464731145,3.1055,5
65775195052996608,1.9867717342662448,2.051351308822632,1.9403976202011108,2.0969369411468506,1.4131531715393066,2.515495538711548,0.06457957455638708,2.983215810177208,0.6211,1
64037588724758400,2.1051694279993316,2.063783884048462,1.9444799423217773,2.3787386417388916,1.3468468189239502,2.5237836837768555,-0.041385543950869685,2.7077025663697567,1.0947,4
68236795427794816,2.1051694279993316,1.9353153705596924,1.8528972864151,2.001621723175049,1.3054053783416748,2.4409008026123047,-0.16985405743963922,2.863228483310915,0.7197,0
660939258619177984,2.8561244442423,2.507207155227661,2.1009740829467773,2.565225124359131,0.6879279017448425,2.8428828716278076,-0.34891728901463903,1.956520381680991,11.7015,6
6243355780793634432,1.0064660422492318,1.239099144935608,1.4264867305755615,0.8661261200904846,0.46414414048194885,2.407747745513916,0.23263310268637616,2.0422381329695707,5.5774,5
117709729140216320,1.9867717342662448,2.200540542602539,2.2051525115966797,2.28342342376709,1.9270269870758057,2.407747745513916,0.2137688083362943,1.0240186437643026,6.5151,1
6045521787478534912,1.0107238653917732,1.2598198652267456,1.66233229637146,0.7625225186347961,0.4102702736854553,3.0583784580230713,0.24909599983497244,2.715621770628218,2.6635,5
66485582645439104,1.9867717342662448,2.005765676498413,1.8641953468322754,2.101081132888794,1.1893693208694458,2.515495538711548,0.018993942232168326,2.9782708001144007,0.4609,1
661210734913600000,2.8561244442423,1.6659458875656128,1.6828198432922363,1.1106306314468384,0.953153133392334,2.478198289871216,-1.1901785566766874,0.2636085510704807,0.102,6
3409356726172456960,2.88930170250631,2.0803604125976562,2.041408061981201,2.5735135078430176,1.3261260986328125,2.759999990463257,-0.8089412899086539,3.219393999999999,0.7993,3
65119164567417856,1.9867717342662448,2.005765676498413,1.9619855880737305,2.1300899982452393,1.5872071981430054,2.246126174926758,0.018993942232168326,0.8750524198017781,4.4286,1
68506347575444096,1.9867717342662448,1.985045075416565,1.9332695007324219,2.043063163757324,1.7115315198898315,2.1839640140533447,-0.0017266588496798185,2.473986264356284,0.208,0
436253851328943104,1.8325089127062364,1.1810810565948486,1.1811038255691528,1.3592792749404907,0.522162139415741,1.6700900793075562,-0.6514278561113878,1.047777637588173,3.4952,9
436536254019633664,1.8976270912904414,1.607927918434143,1.8394526243209839,4.139999866485596,0.48486486077308655,3.667567491531372,-0.2896991728562983,0.6504540157627159,1.42,9
6051788728874166528,0.568201724066995,2.030630588531494,1.967790126800537,2.0472071170806885,1.4172972440719604,2.519639730453491,1.4624288644644992,3.553972364749746,0.4761,5
664641348629985280,2.8561244442423,2.776576519012451,2.777575969696045,2.797297239303589,2.6605405807495117,2.8884685039520264,-0.07954792522984899,1.1642942452429934,9.8325,2
662800456927247744,2.8561244442423,2.909189224243164,2.924339771270752,2.9174773693084717,2.813873767852783,3.0127928256988525,0.0530647800008639,1.207011211624208,10.9543,2
5538598823442709760,1.6857417386022637,2.370450496673584,2.2271201610565186,2.577657699584961,1.338558554649353,2.896756649017334,0.6847087580713203,0.0403951499066777,0.2387,7
66792999222948992,1.9867717342662448,1.9974775314331055,1.928135633468628,2.519639730453491,1.2515314817428589,2.6563963890075684,0.010705797166860709,2.9302925265196738,0.9824,0
66811450402457216,2.1051694279993316,1.4628828763961792,1.4981778860092163,1.2681081295013428,0.8495495319366455,2.163243293762207,-0.6422865516031524,1.670042763566598,6.2766,1
661277908202012672,2.8129133566428557,1.8109910488128662,1.801630973815918,1.8441441059112549,0.9821621775627136,2.639819860458374,-1.0019223078299895,2.7640918374917964,1.3367,6
6242595262340274688,1.0,1.2100900411605835,1.623833179473877,0.953153133392334,0.430990993976593,3.1702702045440674,0.2100900411605835,3.0933678770963793,2.626,5
6050008653912337280,1.0,2.051351308822632,2.069589138031006,1.9601801633834839,1.6783783435821533,2.4616215229034424,1.0513513088226318,4.047987073825529,0.2845,5
53140397701490176,1.9867717342662448,1.906306266784668,1.8509399890899658,2.1425225734710693,1.3965765237808228,2.3290090560913086,-0.08046546748157679,2.879899923839407,0.7526,2
659774394768991744,2.8129133566428557,2.0803604125976562,2.0243802070617676,1.9270269870758057,1.4048649072647095,2.7102701663970947,-0.7325529440451994,2.4375355409424935,1.1719,6
3313759000500605056,2.88930170250631,3.0832431316375732,3.108891725540161,3.0832431316375732,2.996216297149658,3.1868467330932617,0.1939414291312631,1.2241099999999996,12.3159,2
66517468482370304,1.9867717342662448,2.030630588531494,1.9065780639648438,2.208828926086426,1.0567567348480225,2.3994593620300293,0.04385885426524938,0.7624198303431857,4.0605,3
5290717534726987136,2.419955748489758,2.250270366668701,2.3135342597961426,2.188108205795288,1.9270269870758057,2.6978378295898438,-0.16968538182105686,1.1167289728337708,7.0962,9
664359942372888448,2.8129133566428557,1.284684658050537,1.6964030265808105,1.1520720720291138,0.592612624168396,2.9754955768585205,-1.5282286985923186,2.958059784256885,1.7615,0
64808483812941440,1.9867717342662448,1.5167567729949951,1.4364980459213257,1.5954954624176025,0.4931531548500061,2.076216220855713,-0.47001496127124964,1.9322388557276824,2.9529,4
6245826349054119552,0.7781512503836436,1.160360336303711,1.8485679626464844,3.493513584136963,0.3398198187351227,3.580540657043457,0.3822090859200673,3.158768999011532,4.1342,5
65293368441513344,2.1051694279993316,1.715675711631775,1.6729934215545654,1.7736936807632446,1.4255856275558472,1.9643243551254272,-0.3894937163675567,2.561925841915014,0.2749,3
435701003137104896,1.8325089127062364,1.1810810565948486,1.3633434772491455,1.1810810565948486,0.4144144058227539,2.4491891860961914,-0.6514278561113878,2.4474648586371774,3.0826,9
65245539685760640,2.1051694279993316,2.030630588531494,1.908254623413086,2.2419819831848145,1.3344143629074097,2.407747745513916,-0.07453883946783746,2.9248832708704895,0.8163,4
66846291177113088,2.1051694279993316,1.4048649072647095,1.4513816833496094,1.4463063478469849,0.36468467116355896,2.4409008026123047,-0.7003045207346221,2.2702652222081627,3.698,2
6237029328322362880,1.2730012720637376,1.9767568111419678,2.0995006561279297,1.363423466682434,1.313693642616272,2.9796395301818848,0.7037555390782302,0.4469818712807292,0.4059,5
435166503048736000,1.8325089127062364,1.9104504585266113,1.9166805744171143,1.4463063478469849,1.0194594860076904,2.7890090942382812,0.07794154582037494,2.8148764905439383,1.3909,9
5251880516319380480,1.568201724066995,1.1935135126113892,1.312581181526184,0.6464864611625671,0.42684683203697205,2.0140540599823,-0.3746882114556058,0.7627175948671544,1.8932,9
53515017631040384,0.7937903846908186,1.636936902999878,1.4699920415878296,1.906306266784668,0.6091892123222351,2.1176576614379883,0.8431465183090593,3.5094556888268995,0.1346,3
64962174923490304,2.1051694279993316,1.906306266784668,1.8714491128921509,2.519639730453491,1.1935135126113892,2.5859458446502686,-0.19886316121466363,2.8577578939075297,1.2506,4
442555358625377024,1.8325089127062364,1.2183784246444702,1.4623910188674927,1.1520720720291138,0.44756758213043213,2.664684772491455,-0.6141304880617662,2.6517950540375255,2.4562,9
6049165500286247040,0.568201724066995,1.4711711406707764,2.1292970180511475,3.410630702972412,0.8039639592170715,3.5390992164611816,0.9029694166037814,3.980655712660919,1.551,5
51257621476724096,1.9867717342662448,2.001621723175049,1.9170314073562622,2.49477481842041,1.3509910106658936,2.469909906387329,0.014849988908804068,2.65511165147639,0.5153,4
6235199156856442368,1.0064660422492318,1.5250450372695923,1.5625662803649902,1.661801815032959,0.7169369459152222,2.3414413928985596,0.5185789950203605,1.905689296988216,2.5225,5
5318186221414047104,1.568201724066995,2.001621723175049,1.818915605545044,2.188108205795288,1.2142342329025269,2.250270366668701,0.43341999910805384,0.8420129734562183,3.9635,8
53942250914697472,2.88930170250631,2.7641441822052,2.8264031410217285,2.759999990463257,2.6315314769744873,2.9423422813415527,-0.12515752030110994,1.083774,9.244,1
6248997237510309120,1.0,1.1810810565948486,1.7846755981445312,3.3526124954223633,0.36468467116355896,3.4520721435546875,0.18108105659484863,3.0548719728178124,3.7318,5
249277810217226752,1.8325089127062364,1.131351351737976,1.3114887475967407,1.106486439704895,0.40612611174583435,2.395315408706665,-0.7011575609682603,2.4671292140439824,3.5445,9
65844361206181376,1.9867717342662448,1.7405405044555664,1.6072134971618652,1.9518918991088867,0.4351351261138916,2.5362162590026855,-0.24623122981067835,2.021682594877508,2.115,4
66737405166459264,2.1051694279993316,1.4504504203796387,1.381874918937683,0.0,0.26936936378479004,2.250270366668701,-0.6547190076196929,2.313189217469052,2.7806,0
653021709747963520,2.8561244442423,2.569369316101074,2.5696539878845215,2.5942342281341553,2.395315408706665,2.7309908866882324,-0.28675512814122595,1.333012655583398,10.2036,2
3314261649113588608,0.2380461031287954,1.031891942024231,1.7044790983200073,0.6713513731956482,0.38540539145469666,3.3899099826812744,0.7938458388954356,3.123964049744595,1.9782,3
68170721650939264,1.9867717342662448,1.9767568111419678,1.9042145013809204,2.067927837371826,1.4670270681381226,2.3745946884155273,-0.010014923124276986,2.92322032656199,0.67,4
66733763034205696,2.1051694279993316,1.699099063873291,1.8185749053955078,1.301261305809021,0.9987387657165527,2.726846933364868,-0.4060703641260406,2.7076597082689804,1.8187,2
435289613991362304,1.8976270912904414,1.1272071599960327,1.3732351064682007,1.069189190864563,0.40198197960853577,2.614954948425293,-0.7704199312944087,2.6684472551842706,2.6936,9
64006905476619776,2.1051694279993316,1.123063087463379,1.1904711723327637,0.6672071814537048,0.42684683203697205,1.9891891479492188,-0.9821063405359527,1.8314356014918456,4.9458,3
6043944057017964672,1.0,1.5126125812530518,1.7274303436279297,1.6783783435821533,0.48072072863578796,3.3070271015167236,0.5126125812530518,0.6518983311623039,0.9296,8
66781316909399424,1.9867717342662448,1.2100900411605835,1.2901288270950317,0.6174774765968323,0.5055856108665466,2.138378381729126,-0.7766816931056613,1.9414666106497456,5.109,1
5239626420542800512,1.568201724066995,0.3936936855316162,0.6149982213973999,0.30666667222976685,0.1989189237356186,1.0526126623153687,-1.1745080385353788,1.0064554925445406,1.2065,7
6052217985085648256,0.568201724066995,1.3427027463912964,1.4806976318359375,1.131351351737976,0.5014414191246033,2.382882833480835,0.7745010223243014,2.155888794690914,4.2197,5
6235935073740051968,1.0064660422492318,2.138378381729126,1.990640640258789,0.0,0.38126125931739807,3.5598199367523193,1.1319123394798942,2.8070444466047846,6.7233,5
3310131711641618816,2.88930170250631,1.0609009265899658,1.631510615348816,3.323603630065918,0.38540539145469666,3.348468542098999,-1.8284007759163443,3.491049000000002,1.2806,1
65244749411766528,2.0492180226701815,2.018198251724243,1.7176969051361084,2.246126174926758,0.6216216087341309,2.5818018913269043,-0.03101977094593833,1.7647484528839668,9.1439,3
6242151708178669056,1.0064660422492318,1.508468508720398,1.5720993280410767,1.5789189338684082,0.6589189171791077,2.527927875518799,0.5020024664711662,1.7504728530093978,1.6691,5
68308882159427840,1.9867717342662448,2.0140540599823,1.8354449272155762,2.3248648643493652,0.9034234285354614,2.544504404067993,0.027282325716055045,2.7362868067667474,1.0798,1
66565365957676416,2.1051694279993316,2.0803604125976562,2.054014205932617,2.208828926086426,1.7032432556152344,2.299999952316284,-0.02480901540167535,0.8901672480094003,4.8625,1
6049821633855485440,1.0064660422492318,2.1590991020202637,2.0954833030700684,2.246126174926758,1.5623422861099243,2.6729729175567627,1.152633059771032,3.401562466598154,0.6197,5
65058760147520000,1.9867717342662448,1.8358558416366577,1.805586576461792,1.906306266784668,1.429729700088501,2.1963963508605957,-0.15091589262958705,2.995863063904599,0.5153,2
66523893753437824,1.9867717342662448,1.869009017944336,1.8076739311218262,2.2917118072509766,0.9738738536834717,2.3497297763824463,-0.11776271632190882,0.7120539668588272,2.5285,4
66926211929978880,1.9867717342662448,1.9974775314331055,1.9482383728027344,2.051351308822632,1.4131531715393066,2.4740540981292725,0.010705797166860709,2.9366269826865543,0.4999,2
6248987273186258176,1.0,3.116396427154541,2.637998580932617,3.1122522354125977,1.2308107614517212,3.481081008911133,2.116396427154541,4.212538989716336,0.9084,5
6050346856816823552,1.0064660422492318,2.6854054927825928,2.103156328201294,0.0,0.3605405390262604,3.64270281791687,1.678939450533361,2.814380359276205,7.2357,5
67368868438779392,2.1051694279993316,1.7861261367797852,1.7908329963684082,1.5954954624176025,1.0733333826065063,2.540360450744629,-0.31904329121954644,2.6083683159566435,1.6808,3
64915754917051520,2.1051694279993316,1.8524324893951416,1.8505141735076904,1.877297282218933,1.5167567729949951,2.21297287940979,-0.25273693860419,3.1567831979419085,0.3094,4
5536809162106730112,1.6532125137753437,0.9945945739746094,1.2313027381896973,0.24864864349365234,0.31081080436706543,2.407747745513916,-0.6586179398007344,2.4356778035419624,5.5299,9
661253027453650432,2.8561244442423,3.029369354248047,2.9983739852905273,2.996216297149658,2.8636035919189453,3.286306381225586,0.1732449100057467,2.25495177269119,19.6995,8
342854392994216064,3.0800128471079278,2.859459400177002,2.8955700397491455,2.82216215133667,2.565225124359131,3.253153085708618,-0.22055344693092582,1.3724283977428078,11.4257,9
6048521530075334144,1.2730012720637376,1.375855803489685,1.62813401222229,1.0774774551391602,0.5097297430038452,2.9506306648254395,0.10285453142594747,2.676639272827922,3.7189,5
66799763794633856,1.9867717342662448,2.125946044921875,2.0991978645324707,2.175675630569458,1.723963975906372,2.49477481842041,0.13917431065563024,1.2972788005105234,7.2968,1
5239626420542800512,1.7201593034059568,0.3936936855316162,0.6149982213973999,0.30666667222976685,0.1989189237356186,1.0526126623153687,-1.3264656178743406,1.0064554925445406,1.2065,7
251087228398581120,1.8325089127062364,1.363423466682434,1.4715490341186523,2.125946044921875,0.4144144058227539,2.3663063049316406,-0.4690854460238023,0.6160200370367319,0.917,9
441609194512096768,1.8325089127062364,1.993333339691162,1.9565916061401367,2.258558511734009,1.636936902999878,2.2792792320251465,0.16082442698492572,2.2555895771437986,0.3153,9
67331381964358656,1.9867717342662448,1.7405405044555664,1.6473546028137207,1.8814414739608765,1.185225248336792,2.055495500564575,-0.24623122981067835,0.8349799780705894,3.4283,2
4324709330348851968,1.1020905255118367,1.6742342710494995,1.7777855396270752,0.6962162256240845,0.42684683203697205,3.1578378677368164,0.5721437455376628,2.438718327325698,5.68,5
6050492439026465280,0.568201724066995,2.3787386417388916,1.9717457294464111,2.6563963890075684,0.40198197960853577,3.3774774074554443,1.8105369176718966,2.466314162158735,6.1196,5
3311906770084019712,2.8750612633917,1.429729700088501,1.4584559202194214,0.08288288116455078,0.319099098443985,2.5610811710357666,-1.4453315633031991,2.593903000000001,2.3639,7
66517468482370304,2.1051694279993316,2.030630588531494,1.9065780639648438,2.208828926086426,1.0567567348480225,2.3994593620300293,-0.07453883946783746,0.7624198303431857,4.0605,3
70234882933734400,2.1051694279993316,2.333153247833252,2.3159937858581543,2.4616215229034424,2.051351308822632,2.5569369792938232,0.22798381983392035,1.2678371682785097,8.6399,4
246596891631623168,1.8976270912904414,1.3261260986328125,1.5572130680084229,0.3563964068889618,0.40198197960853577,2.784864902496338,-0.5715009926576289,0.6949957228587054,1.5855,9
6039089403939706752,1.1367205671564067,1.985045075416565,1.8540221452713013,2.4284684658050537,1.168648600578308,2.4284684658050537,0.8483245082601583,2.632632358992987,0.5141,5
65165653294149760,1.9867717342662448,1.7322522401809692,1.714877724647522,1.7446846961975098,1.2971171140670776,2.1425225734710693,-0.2545194940852755,3.116530289853919,0.3403,1
66523103479455232,1.9867717342662448,1.9477477073669434,1.9536712169647217,2.689549446105957,0.9821621775627136,2.9506306648254395,-0.0390240268993014,2.9058937948485717,1.3551,3
68390417818463872,1.9867717342662448,2.3124325275421143,2.3426883220672607,2.345585584640503,2.030630588531494,2.5983784198760986,0.3256607932758695,1.2449983937311238,8.1739,1
6237413813794817024,1.0,1.8980180025100708,1.88826584815979,2.565225124359131,1.0567567348480225,2.7061262130737305,0.8980180025100708,2.8234634825493785,1.4435,5
6245698084152661888,0.7781512503836436,1.2059459686279297,1.9045439958572388,3.3526124954223633,0.5304504632949829,3.460360288619995,0.42779471824428605,3.748075608622068,1.7476,5
66523103479455744,1.9867717342662448,1.9436036348342896,1.8627573251724243,1.993333339691162,1.367567539215088,2.3994593620300293,-0.04316809943195521,3.005321504847768,0.4898,1
439722604355413504,1.8325089127062364,1.9601801633834839,1.98292875289917,1.8441441059112549,1.4670270681381226,2.6108107566833496,0.1276712506772475,2.8294988181112233,0.6849,9
3410400884263390720,0.5145477526602861,1.123063087463379,1.1962254047393799,0.8039639592170715,0.6091892123222351,1.8275675773620605,0.6085153348030928,1.5817378750636852,4.1657,1
65072435323295872,1.9867717342662448,0.9863063097000122,1.0082292556762695,0.9200000166893005,0.6091892123222351,1.3882882595062256,-1.0004654245662326,1.0164524470764966,2.5329,1
665454368759275520,2.8561244442423,1.7322522401809692,1.8972954750061035,1.4090089797973633,1.0650449991226196,2.8304505348205566,-1.123872204061331,2.909620000722326,1.5625,2
53105728725582976,2.1051694279993316,1.6659458875656128,1.6444571018218994,1.6493693590164185,1.1520720720291138,2.208828926086426,-0.4392235404337188,1.9820885705967484,1.4112,3
6242888007310865280,1.0064660422492318,1.2059459686279297,1.718931794166565,3.153693675994873,0.4558558464050293,3.2448649406433105,0.19947992637869794,3.3302810731141625,2.0176,5
6052083879028407808,1.2730012720637376,1.95603609085083,1.9213190078735352,2.5735135078430176,1.0567567348480225,2.739279270172119,0.6830348187870925,2.833509159761254,1.4806,5
68363411064150272,1.9867717342662448,1.5747747421264648,1.437204122543335,0.0,0.3356756865978241,2.163243293762207,-0.4119969921397799,1.872611318261671,2.9659,2
66652467893487488,2.1051694279993316,1.8980180025100708,1.8808494806289673,2.1715314388275146,1.5913513898849487,2.1715314388275146,-0.2071514254892608,2.1879342474830232,0.3646,0
51212713298684928,1.9867717342662448,2.208828926086426,2.0778346061706543,2.701982021331787,1.1645045280456543,2.958918809890747,0.22205719182018102,3.0870449550199672,1.0466,3
65768151306811904,2.0492180226701815,1.7944144010543823,1.6235716342926025,1.893873929977417,0.44342342019081116,2.569369316101074,-0.25480362161579917,1.9420364539839183,1.6777,4
6249000566108106112,0.7781512503836436,1.313693642616272,1.5369716882705688,0.7873873710632324,0.46000000834465027,2.6481080055236816,0.5355423922326283,2.1960314181304303,6.1369,5
68595751615127296,2.1051694279993316,1.5789189338684082,1.836631417274475,0.8951351642608643,0.7666666507720947,3.0873873233795166,-0.5262504941309234,2.4213055069818856,7.7792,1
6242822277131230592,0.7781512503836436,1.2556756734848022,1.570011854171753,0.8827027082443237,0.44756758213043213,2.8677477836608887,0.4775244231011586,2.4668015268046792,4.7704,5
53227396558316416,1.9867717342662448,2.49477481842041,2.0728368759155273,2.6439640522003174,1.1520720720291138,2.82216215133667,0.5080030841541654,3.2806064501949033,0.9533,4
661314570042801280,2.8561244442423,3.02108097076416,3.0235445499420166,3.004504442214966,2.834594488143921,3.3443243503570557,0.16495652652186,1.9514216135640925,17.1256,8
5239891682052584832,1.568201724066995,1.5250450372695923,1.4422590732574463,1.9021621942520142,0.7873873710632324,1.9809008836746216,-0.0431566867974027,0.7878576088167139,2.4606,8
5561614350584396800,1.414973347970818,1.363423466682434,1.4181773662567139,0.0,0.32324323058128357,2.445044994354248,-0.05154988128838389,2.3330730836740097,3.1786,7
71042439864623104,2.1051694279993316,1.094054102897644,1.1527228355407715,0.6920720934867859,0.42684683203697205,1.893873929977417,-1.0111153251016876,1.7080604006406404,4.5104,3
63795455648004608,1.9867717342662448,1.3882882595062256,1.3483309745788574,1.483603596687317,0.3771171271800995,2.1798198223114014,-0.5984834747600192,2.2226738057553623,2.7778,3
6237148384817472256,1.0064660422492318,2.3165764808654785,1.9207881689071655,2.420180082321167,0.4392792880535126,2.9174773693084717,1.3101104386162468,1.8132398010752857,10.4772,5
65225611037551360,1.9867717342662448,1.5250450372695923,1.6111586093902588,2.0596396923065186,0.48072072863578796,2.7434234619140625,-0.4617266969966525,0.5886447629678871,0.8548,1
6248988029100509824,0.7781512503836436,2.1590991020202637,1.845505952835083,2.5362162590026855,0.4517117142677307,2.8304505348205566,1.38094785163662,1.741096917456403,8.966,5
65783029073414144,2.1051694279993316,1.9353153705596924,1.7583280801773071,2.030630588531494,0.7832432389259338,2.5818018913269043,-0.16985405743963922,2.314644475699492,1.1322,1
3404930023639393920,0.5145477526602861,1.4131531715393066,1.432023048400879,1.3468468189239502,0.8536936640739441,2.030630588531494,0.8986054188790206,1.6319139018875393,5.592,1
64943758103791104,2.1051694279993316,1.9891891479492188,1.9435398578643799,2.1590991020202637,1.4711711406707764,2.445044994354248,-0.11598028005011285,3.094833895411273,0.3932,4
661004713920630656,2.8129133566428557,1.0028828382492065,1.395599126815796,0.6506306529045105,0.4185585677623749,2.921621561050415,-1.8100305183936491,2.8983027372878123,3.1041,6
64653383953596032,1.9867717342662448,1.8731532096862793,1.8530900478363037,1.95603609085083,1.4214414358139038,2.308288335800171,-0.11361852457996546,3.103468674321085,0.4817,4
65134592089910656,2.1051694279993316,1.338558554649353,1.3566949367523193,0.13261261582374573,0.3149549663066864,2.3497297763824463,-0.7666108733499786,2.281605995029738,3.0053,1
661325187202016512,2.8129133566428557,2.067927837371826,1.971709966659546,2.076216220855713,1.3261260986328125,2.614954948425293,-0.7449855192710295,2.7935505414267428,0.8391,7
665417157162598144,2.8561244442423,2.8014414310455322,2.785069227218628,2.8014414310455322,2.6108107566833496,2.967207193374634,-0.05468301319676794,1.202922604926277,9.9184,7
6051921597984230656,1.1020905255118367,1.2515314817428589,1.6243772506713867,0.9241441488265991,0.4392792880535126,3.128828763961792,0.14944095623102216,2.9355104011230218,3.0467,5
243171706750419200,1.8325089127062364,2.088648557662964,2.023186206817627,2.358017921447754,1.2556756734848022,2.772432327270508,0.2561396449567275,2.868486865220653,1.0178,9
6051735162041951616,0.568201724066995,1.1935135126113892,1.2755563259124756,1.1520720720291138,0.4102702736854553,2.005765676498413,0.6253117885443942,1.6155182111618176,4.0574,5
6236695420383405056,1.0064660422492318,1.5374774932861328,1.5183601379394531,1.5954954624176025,1.123063087463379,1.840000033378601,0.5310114510369011,1.4238173631895277,0.2527,5
66788253282520192,2.1051694279993316,0.8744144439697266,1.769093632698059,0.6630630493164062,0.3149549663066864,3.5639638900756836,-1.230754984029605,3.2133025966963986,3.0693,1
661296290661998208,2.8129133566428557,1.3178378343582153,1.5709151029586792,1.1354955434799194,0.5718919038772583,2.809729814529419,-1.4950755222846404,2.905698399127933,1.6869,6
664463502623929088,2.8561244442423,2.9630630016326904,2.2640838623046875,3.178558588027954,0.3978378474712372,3.518378496170044,0.10693855739039027,2.8536829646674917,7.6378,6
69847610026687104,1.9867717342662448,1.8980180025100708,1.8387222290039062,1.9518918991088867,1.247387409210205,2.237837791442871,-0.08875373175617396,0.808335460798972,3.4773,0
6236283859443275904,1.0064660422492318,2.333153247833252,1.9509437084197998,2.6812613010406494,0.42270269989967346,3.1619820594787598,1.3266872055840202,2.211378101182851,8.8094,5
63593798341985152,1.9867717342662448,1.8234233856201172,1.7209564447402954,1.9518918991088867,1.2929729223251343,2.1590991020202637,-0.16334834864612757,3.473999715347209,0.1956,3
441781955276048256,1.8325089127062364,1.6286486387252808,1.7471364736557007,1.429729700088501,0.745945930480957,2.722702741622925,-0.20386027398095563,2.7204568501242004,1.7607,9
66823132713476480,2.1051694279993316,1.8855855464935303,1.8420153856277466,1.9145946502685547,1.375855803489685,2.345585584640503,-0.21958388150580133,3.0527610621917725,0.417,1
64936508198907904,2.0492180226701815,0.9697297215461731,1.0605038404464722,0.6754955053329468,0.44342342019081116,1.699099063873291,-1.0794883011240084,1.483769965290091,3.9273,4
65190220507070208,2.0492180226701815,1.3344143629074097,1.3632440567016602,1.301261305809021,0.6547747850418091,2.043063163757324,-0.7148036597627718,1.5165113632115186,6.2622,4
63592767549850112,2.1051694279993316,2.038918972015381,1.8795489072799683,2.258558511734009,1.1354955434799194,2.345585584640503,-0.06625045598395074,0.7378214222905473,2.932,1
66719228864863360,2.1051694279993316,1.9601801633834839,1.8862791061401367,2.308288335800171,1.4172972440719604,2.3787386417388916,-0.1449892646158477,2.594138457634608,0.4114,3
64922283267331968,1.9867717342662448,1.131351351737976,1.1913862228393555,0.430990993976593,0.3522522449493408,2.018198251724243,-0.8554203825282687,1.7952712075685655,5.4052,2
5514361910673123840,1.505149978319906,1.877297282218933,1.8541550636291504,1.6120721101760864,1.2349549531936646,2.519639730453491,0.37214730389902706,2.4374651200239903,1.6875,9
6043201405629261696,1.1367205671564067,1.5789189338684082,1.6818501949310303,1.3965765237808228,0.6174774765968323,2.82216215133667,0.4421983667120015,2.72213978930491,2.6255,5
65194584193758336,1.9867717342662448,2.2668468952178955,2.297360420227051,2.3497297763824463,1.9809008836746216,2.515495538711548,0.28007516095165075,1.08116088315698,7.0718,1
146592838746224384,2.8750612633917,3.3526124954223633,3.316641330718994,3.2448649406433105,3.004504442214966,3.754594564437866,0.4775512320306632,2.713064000000001,19.5859,0
65293368441513344,2.0492180226701815,1.715675711631775,1.6729934215545654,1.7736936807632446,1.4255856275558472,1.9643243551254272,-0.3335423110384066,2.561925841915014,0.2749,3
65823676643738368,2.1051694279993316,1.8565765619277954,1.8688935041427612,1.7115315198898315,1.1354955434799194,2.6605405807495117,-0.2485928660715362,2.6922189217892196,1.8199,2
68317609532996480,1.9867717342662448,2.188108205795288,2.1810243129730225,2.1963963508605957,1.8855855464935303,2.478198289871216,0.20133647152904333,1.0919450247475917,6.6664,0
3391712038447198080,2.88930170250631,2.9174773693084717,2.972689390182495,2.8926126956939697,2.809729814529419,3.1371171474456787,0.028175666802161548,0.9164560000000002,8.9161,2
63953819680971008,2.1051694279993316,2.063783884048462,1.9709603786468506,2.163243293762207,1.5043243169784546,2.469909906387329,-0.041385543950869685,2.9395087549957823,0.736,4
64600813554014592,2.1051694279993316,1.8192793130874634,1.808523178100586,1.831711769104004,1.363423466682434,2.299999952316284,-0.2858901149118682,2.5209895600706846,1.0801,2
6242665356206286848,1.0064660422492318,1.4007207155227661,1.8076245784759521,3.0376577377319336,0.6464864611625671,3.1329729557037354,0.39425467327353436,3.292458890462789,1.748,5
65213172812266240,2.1051694279993316,1.869009017944336,1.847920298576355,1.9643243551254272,1.2971171140670776,2.469909906387329,-0.23616041005499566,3.0384679256507465,0.4613,3
6243446387421336064,0.8948696567452525,0.7500900626182556,0.8977171778678894,0.430990993976593,0.26522523164749146,1.4090089797973633,-0.14477959412699692,1.156313130484232,2.7034,5
6242917865923662336,1.0064660422492318,1.375855803489685,1.6211802959442139,0.8205405473709106,0.44756758213043213,2.8304505348205566,0.3693897612404533,2.2852504596099057,5.5447,5
6045183378414231552,1.1367205671564067,1.5167567729949951,1.8022390604019165,1.0360360145568848,0.5428828597068787,3.447927951812744,0.38003620583858844,0.7077890395043371,1.8585,5
6245495705292935424,0.7781512503836436,2.478198289871216,2.2040977478027344,2.627387285232544,1.3717117309570312,2.921621561050415,1.7000470394875722,3.3666019836665195,0.9194,5
64871740091177600,2.1051694279993316,2.001621723175049,1.9262406826019287,2.432612657546997,1.301261305809021,2.569369316101074,-0.10354770482428277,2.947689958325506,0.9334,2
442417954031852032,1.8976270912904414,1.699099063873291,1.7389061450958252,1.4463063478469849,0.8246846795082092,2.5983784198760986,-0.19852802741715037,2.5286798222742326,1.9386,9
441833975919663232,1.8325089127062364,1.1354955434799194,1.4389452934265137,1.015315294265747,0.42270269989967346,2.7641441822052,-0.697013369226317,2.7568749368781935,2.4,9
67732257029618048,1.9867717342662448,1.094054102897644,1.1632362604141235,0.2527928054332733,0.31081080436706543,2.030630588531494,-0.8927176313686007,2.104937868435058,3.7815,3
6044389805898446592,1.1020905255118367,0.8744144439697266,0.9832713603973389,0.6340540647506714,0.3522522449493408,1.4877477884292603,-0.22767608154211016,1.1493161018938325,3.0093,5
6242532590177846400,1.0064660422492318,1.375855803489685,1.6577210426330566,0.8163964152336121,0.4392792880535126,2.958918809890747,0.3693897612404533,2.383357314423849,5.5161,5
71371262561007232,1.9867717342662448,1.6908107995986938,1.908174991607666,4.139999866485596,0.48486486077308655,3.837477445602417,-0.2959609346675509,0.6387052916908845,0.7764,0
66553443128503552,1.9867717342662448,2.067927837371826,1.9566832780838013,2.4989190101623535,1.2929729223251343,2.5859458446502686,0.08115610310558141,2.856835211278989,1.1209,4
66501181966524800,1.9867717342662448,2.1549549102783203,2.081207752227783,2.295855760574341,1.777837872505188,2.3497297763824463,0.16818317601207555,0.8576594729167805,4.628,4
65211557904569856,1.9867717342662448,1.491891860961914,1.3716516494750977,0.0,0.24036036431789398,2.337297201156616,-0.4948798733043307,2.3424701456253776,2.2119,1
65223618172733952,1.9867717342662448,1.8814414739608765,1.9040184020996094,1.8441441059112549,1.599639654159546,2.299999952316284,-0.1053302603053683,1.1638353549078555,6.1025,4
243086494599578240,1.8325089127062364,1.9726126194000244,1.9772276878356934,1.931171178817749,1.483603596687317,2.6108107566833496,0.14010370669378802,2.56080892030929,1.002,9
5318474941990522368,1.568201724066995,1.3799999952316284,1.346806526184082,2.208828926086426,0.3936936855316162,2.200540542602539,-0.18820172883536657,1.3419417660653392,0.5269,9
435509516316497920,1.8325089127062364,1.4214414358139038,1.3686221837997437,0.0,0.32738739252090454,2.246126174926758,-0.4110674768923326,1.6019061301864514,1.3278,9
71351883668034048,2.1051694279993316,1.9726126194000244,1.7462278604507446,2.299999952316284,0.7086486220359802,2.5486485958099365,-0.13255680859930719,1.68570618453585,8.2106,9
6051847312228778752,1.1020905255118367,1.7488288879394531,1.9906678199768066,3.5100901126861572,0.3563964068889618,3.617837905883789,0.6467383624276164,3.020759953623926,4.8332,5
66739982146803456,2.1051694279993316,1.1727927923202515,1.2314982414245605,0.8661261200904846,0.4517117142677307,2.0347747802734375,-0.9323766356790801,1.8320555547848263,5.4754,3
68152820227358720,1.9867717342662448,1.931171178817749,1.9332772493362427,1.6576576232910156,1.3219820261001587,2.602522611618042,-0.055600555448495736,2.716705430747167,1.4551,2
6244007138353080704,1.0064660422492318,1.3178378343582153,1.6887626647949219,2.958918809890747,0.4972972869873047,3.045945882797241,0.3113717921089836,3.0298774433478988,2.0838,5
51212713298684928,2.1051694279993316,2.208828926086426,2.0778346061706543,2.701982021331787,1.1645045280456543,2.958918809890747,0.10365949808709418,3.0870449550199672,1.0466,3
68233531252642432,1.9867717342662448,2.101081132888794,1.9614685773849487,2.275135040283203,1.3882882595062256,2.469909906387329,0.11430939862254919,2.9715398519907037,0.823,4
6243130106031671168,1.0064660422492318,1.375855803489685,1.5488063097000122,1.1437838077545166,0.522162139415741,2.5942342281341553,0.3693897612404533,2.373582949605805,3.9968,5
661460083533415040,2.8561244442423,2.9879279136657715,3.071268320083618,2.954774856567383,2.797297239303589,3.36090087890625,0.13180346942347132,1.9179525705986185,15.6025,7
68310359628169472,1.9867717342662448,1.5167567729949951,1.3669718503952026,1.9436036348342896,0.6174774765968323,1.968468427658081,-0.47001496127124964,1.3563114985951188,0.4119,2
659388466187693440,2.8561244442423,3.178558588027954,3.2065725326538086,3.054234266281128,3.004504442214966,3.4064865112304688,0.32243414378565394,1.3902082618702467,13.5984,0
435672999950860160,1.8325089127062364,0.6174774765968323,0.751041054725647,0.5677477717399597,0.20720720291137695,1.0981981754302979,-1.2150314361094041,1.087444776988531,1.5102,9
6041810385980367616,1.1020905255118367,1.454594612121582,1.6239420175552368,1.123063087463379,0.5304504632949829,2.859459400177002,0.3525040866097453,2.72719907315613,2.8756,5
661331028356266752,2.8129133566428557,1.9477477073669434,1.8993244171142578,1.7488288879394531,1.1479278802871704,2.6729729175567627,-0.8651656492759123,2.7135513085889875,1.2788,6
64066107307543296,2.1051694279993316,1.5250450372695923,1.527479887008667,1.5499099493026733,0.953153133392334,2.067927837371826,-0.5801243907297393,1.2672853281114262,5.3469,4
64864593265614464,1.9867717342662448,1.7488288879394531,1.738253116607666,1.752972960472107,1.5126125812530518,1.9643243551254272,-0.23794284632679163,2.2804538157405068,0.315,4
660751581432060800,2.8129133566428557,2.9879279136657715,2.3366193771362305,3.1205406188964844,0.5055856108665466,3.5598199367523193,0.1750145570229158,2.8886514265311023,7.4455,0
661458365546507776,2.8561244442423,2.8387386798858643,2.8851137161254883,2.8014414310455322,2.714414358139038,3.016937017440796,-0.017385764356435907,1.011909099728205,9.1693,0
5290717843964557056,2.419955748489758,1.069189190864563,1.0679676532745361,1.2971171140670776,0.38126125931739807,1.6783783435821533,-1.350766557625195,1.4044994434042333,3.9342,9
65211557904569856,2.1051694279993316,1.491891860961914,1.3716516494750977,0.0,0.24036036431789398,2.337297201156616,-0.6132775670374175,2.3424701456253776,2.2119,1
6245714095790758528,0.7781512503836436,2.030630588531494,1.7716182470321655,2.515495538711548,0.46000000834465027,2.813873767852783,1.2524793381478505,1.889744633824096,8.6387,5
659472235229782912,2.8561244442423,2.759999990463257,2.6953887939453125,2.6812613010406494,2.163243293762207,3.485225200653076,-0.09612445377904333,0.6980322938084202,4.0613,8
6046069030727803136,1.1367205671564067,1.3427027463912964,1.4661424160003662,1.3965765237808228,0.592612624168396,2.237837791442871,0.2059821792348897,1.6473736245728714,2.2675,5
659765220718853504,2.8561244442423,2.7931530475616455,2.8069519996643066,2.722702741622925,2.639819860458374,3.004504442214966,-0.06297139668065466,1.782752972347628,13.7064,6
3312575685471393664,2.88930170250631,3.5763964653015137,3.5380234718322754,3.9742343425750732,3.1122522354125977,3.961801767349243,0.6870947627952035,0.7859864000000005,8.3783,3
659661213791017600,2.8561244442423,2.8180179595947266,2.8501486778259277,2.7931530475616455,2.652252197265625,3.008648633956909,-0.0381064846475736,1.1183642144575026,9.691,0
48193213849576320,0.2380461031287954,0.8412612676620483,1.7740041017532349,3.5639638900756836,0.28594595193862915,3.663423538208008,0.603215164533253,3.353173192275567,2.8898,1
660913179577777152,2.8561244442423,2.0223424434661865,2.0040335655212402,2.1218018531799316,1.6949549913406372,2.3165764808654785,-0.8337820007761136,2.639109278154823,0.336,8
65269935099961600,2.1051694279993316,2.1052253246307373,1.9552485942840576,2.3248648643493652,1.3219820261001587,2.4864864349365234,5.589663140570522e-05,3.0263995797072107,0.8133,4
5321517672922567040,1.568201724066995,1.168648600578308,1.2471234798431396,0.6091892123222351,0.592612624168396,1.877297282218933,-0.3995531234886869,0.7586889376427834,1.5076,7
64009448097245440,2.1051694279993316,1.7198197841644287,1.6377731561660767,1.8731532096862793,1.2805405855178833,2.018198251724243,-0.3853496438349029,1.6089964939731998,0.3992,4
68390417818463872,2.1051694279993316,2.3124325275421143,2.3426883220672607,2.345585584640503,2.030630588531494,2.5983784198760986,0.20726309954278266,1.2449983937311238,8.1739,1
6242354361916950784,1.0064660422492318,1.7985585927963257,1.8433434963226318,1.6327928304672241,0.9365766048431396,2.772432327270508,0.7920925505470939,2.7852739805490723,1.893,5
69904101732529408,2.1051694279993316,1.247387409210205,1.311743974685669,1.1645045280456543,0.48486486077308655,2.1052253246307373,-0.8577820187891265,1.0065517202866583,0.6716,2
3311148828615843328,2.88930170250631,3.008648633956909,3.1279735565185547,2.921621561050415,2.8428828716278076,3.543243169784546,0.11934693145059905,1.013318,9.6803,3
64804360644343424,2.1051694279993316,1.831711769104004,1.8339413404464722,1.81513512134552,1.508468508720398,2.1798198223114014,-0.2734576588953277,3.1366035311448073,0.2957,4
444663603454525696,1.8325089127062364,1.131351351737976,1.2667583227157593,1.0733333826065063,0.3978378474712372,2.188108205795288,-0.7011575609682603,1.9047281795401092,5.1247,9
65125452399528320,1.9867717342662448,1.7198197841644287,1.6688945293426514,1.7198197841644287,0.7708107829093933,2.420180082321167,-0.26695195010181605,2.152081239692509,2.3452,4
662776439470251136,2.8129133566428557,1.4711711406707764,1.5238351821899414,0.0,0.4144144058227539,2.577657699584961,-1.3417422159720793,2.721937343437657,1.8549,6
5241082315708039168,1.568201724066995,1.0857657194137573,1.1016690731048584,1.3219820261001587,0.42684683203697205,1.607927918434143,-0.48243600465323766,1.0687940837902086,3.4495,9
68170721650939264,2.1051694279993316,1.9767568111419678,1.9042145013809204,2.067927837371826,1.4670270681381226,2.3745946884155273,-0.12841261685736383,2.92322032656199,0.67,4
3304337251002413952,2.88930170250631,2.946486473083496,3.003791332244873,2.884324312210083,2.7931530475616455,3.273873805999756,0.05718477057718596,1.6431819999999997,14.2104,3
6243230848785006208,1.0064660422492318,1.81513512134552,1.9824695587158203,2.8801801204681396,0.9697297215461731,3.008648633956909,0.8086690790962883,3.258944442879775,1.4353,5
65012408860856832,1.9867717342662448,1.8731532096862793,1.8271863460540771,1.9104504585266113,1.3592792749404907,2.333153247833252,-0.11361852457996546,3.0108283065990813,0.4458,1
661006019590629760,2.8561244442423,1.483603596687317,1.7173300981521606,2.8428828716278076,0.6920720934867859,2.9257657527923584,-1.3725208475549833,3.066947915078736,1.2964,6
249009220140976128,1.8976270912904414,1.0360360145568848,1.1271681785583496,0.0,0.1574774831533432,2.018198251724243,-0.8615910767335566,1.5174272346139026,1.5324,9
452387638277527168,1.8325089127062364,2.113513469696045,1.973330020904541,2.5942342281341553,0.9655855894088745,2.9050450325012207,0.28100455698980853,2.88292807292989,1.2722,9
67747615832673408,2.1051694279993316,2.043063163757324,1.9694111347198486,2.602522611618042,1.429729700088501,2.540360450744629,-0.06210626424200738,3.0024934673376156,0.4489,4
69932276717968512,2.1051694279993316,1.6245044469833374,1.342342734336853,0.0,0.14504504203796387,2.2336935997009277,-0.4806649810159942,2.0787074739461335,1.7946,1
47881811540636800,2.88930170250631,1.0236035585403442,1.4184298515319824,0.8039639592170715,0.3522522449493408,3.054234266281128,-1.865698143965966,3.045612,2.4196,2
69854348831573504,2.1051694279993316,1.3468468189239502,1.3476276397705078,0.21135134994983673,0.31081080436706543,2.358017921447754,-0.7583226090753814,2.395374825579053,2.6849,1
146277553787186048,0.6532125137753437,0.273513525724411,0.3516595661640167,0.0,0.07045044749975204,0.6423423290252686,-0.3796989880509327,4.480368955261211,3.3764,0
65062917675789184,1.9867717342662448,1.9477477073669434,1.8981852531433105,2.2046847343444824,1.4794594049453735,2.3165764808654785,-0.0390240268993014,3.075756688522787,0.3139,3
6052226540660625024,1.1020905255118367,2.478198289871216,2.019136905670166,2.7641441822052,0.40198197960853577,3.3277478218078613,1.376107764359379,2.3649243190198206,9.0912,5
5321176205843037440,1.568201724066995,1.2515314817428589,1.1871176958084106,1.636936902999878,0.5677477717399597,1.6866666078567505,-0.3166702423241361,1.162284714667594,4.3716,8
64899017426872960,1.9867717342662448,1.7985585927963257,1.7236194610595703,2.018198251724243,1.0857657194137573,2.1176576614379883,-0.18821314146991908,0.7807002688198059,3.0147,1
661412495295816960,2.8561244442423,0.8329729437828064,1.0915590524673462,0.19063062965869904,0.24450451135635376,2.1425225734710693,-2.0231515004594938,0.5170173721733041,0.5869,6
65078929312363392,2.1051694279993316,1.7571171522140503,1.7612512111663818,1.7322522401809692,1.4670270681381226,2.076216220855713,-0.3480522757852813,2.8258781300671645,0.269,1
65673593307063552,2.1051694279993316,1.8358558416366577,1.750531792640686,2.21297287940979,1.338558554649353,2.22540545463562,-0.2693135863626739,2.022816618987257,0.4478,1
69878503727603072,2.1051694279993316,1.0484684705734253,1.1682302951812744,0.0,0.2942342460155487,2.1093692779541016,-1.0567009574259063,2.296414245845089,4.0968,0
64900739711320960,2.1051694279993316,1.9518918991088867,1.9109069108963013,1.9891891479492188,1.483603596687317,2.3621621131896973,-0.15327752889044488,3.0599157382972724,0.4569,2
664379974100333568,2.8561244442423,2.1549549102783203,1.850773811340332,0.7169369459152222,0.48486486077308655,3.1951351165771484,-0.7011695339639799,2.46624421735922,9.797,8
68162028637205888,1.9867717342662448,2.005765676498413,1.9534820318222046,2.0472071170806885,1.4670270681381226,2.457477569580078,0.018993942232168326,3.090131421946337,0.4253,0
66821655244731264,2.1051694279993316,2.026486396789551,1.9178427457809448,2.125946044921875,1.3427027463912964,2.5113513469696045,-0.07868303120978082,2.771815978222414,0.925,0
66809491897360896,1.9867717342662448,1.7032432556152344,1.7018846273422241,1.7819819450378418,1.0981981754302979,2.1093692779541016,-0.2835284786510104,0.8051894702387153,3.1316,0
661111538347104512,2.8561244442423,3.016937017440796,3.0407562255859375,2.7061262130737305,2.6812613010406494,3.680000066757202,0.16081257319849573,0.7469301859654949,6.0153,0
661189706753828608,2.8129133566428557,1.363423466682434,1.4707965850830078,0.0,0.4102702736854553,2.577657699584961,-1.4494898899604216,2.741388238189329,1.9605,6
65299965511216384,1.9867717342662448,1.9187387228012085,1.8606268167495728,1.9145946502685547,1.2971171140670776,2.490630626678467,-0.06803301146503626,2.7139491428004328,0.6076,4
64600813554014592,2.1051694279993316,1.8192793130874634,1.808523178100586,1.831711769104004,1.363423466682434,2.299999952316284,-0.2858901149118682,2.5209895600706846,1.0801,2
5251340930976542976,1.568201724066995,1.0774774551391602,1.2905949354171753,1.0277477502822876,0.38540539145469666,2.420180082321167,-0.49072426892783483,2.54940143564485,3.7572,9
66642641008348416,1.9867717342662448,1.9767568111419678,1.9028874635696411,2.0845046043395996,1.1520720720291138,2.664684772491455,-0.010014923124276986,2.9883297699554627,0.5971,3
70310027681371648,1.9867717342662448,1.284684658050537,1.3608611822128296,1.1520720720291138,0.5594594478607178,2.200540542602539,-0.7020870762157077,1.7597502736322552,6.9821,3
6243564481845094784,1.0064660422492318,1.284684658050537,1.3018739223480225,1.2183784246444702,0.5760360360145569,1.893873929977417,0.27821861580130536,1.2138037845009262,4.6755,5
68653201097557888,2.1051694279993316,2.0223424434661865,1.9768610000610352,2.1466667652130127,1.4048649072647095,2.590090036392212,-0.08282698453314508,2.683462185567034,1.1872,3
64050645425295872,2.1051694279993316,1.284684658050537,1.189530611038208,0.0,0.22378379106521606,1.9643243551254272,-0.8204847699487945,1.8860046842235427,3.4106,4
6052094358748726656,1.1020905255118367,1.2722522020339966,1.5591797828674316,0.8785585761070251,0.4517117142677307,2.7807207107543945,0.17016167652215985,2.37927154954096,5.655,5
6044045727482009472,1.1367205671564067,1.8897297382354736,1.7762123346328735,2.1052253246307373,1.1437838077545166,2.3290090560913086,0.753009171079067,3.102697506839432,0.4049,5
664297064051880832,2.8561244442423,2.8014414310455322,2.809021472930908,2.735135078430176,2.602522611618042,3.0956757068634033,-0.05468301319676794,1.5556474352493634,12.4249,0
6237085506495967872,1.0064660422492318,1.4463063478469849,1.6529476642608643,1.123063087463379,0.5304504632949829,2.9174773693084717,0.4398403055977531,2.8136463883104375,2.5293,5
66741116018188416,2.1051694279993316,1.869009017944336,1.8433438539505005,1.893873929977417,1.4090089797973633,2.345585584640503,-0.23616041005499566,2.9262649958442974,0.5186,4
5251888522138694656,1.568201724066995,0.5718919038772583,0.9647122025489807,0.0,0.13261261582374573,2.1922521591186523,-0.9963098201897367,1.0423719502065942,0.7864,9
664446666352164224,2.8129133566428557,2.0347747802734375,1.9375187158584595,2.051351308822632,1.2929729223251343,2.577657699584961,-0.7781385763694182,2.6623198844879297,0.9029,8
661311752544249088,2.8561244442423,2.48234224319458,2.133011817932129,2.5237836837768555,0.9448648691177368,2.8387386798858643,-0.3737822010477201,0.6662168186590265,2.8685,6
64066107307543296,1.9867717342662448,1.5250450372695923,1.527479887008667,1.5499099493026733,0.953153133392334,2.067927837371826,-0.4617266969966525,1.2672853281114262,5.3469,4
6049061214183490560,0.568201724066995,1.9270269870758057,1.8418030738830566,2.370450496673584,1.1354955434799194,2.4616215229034424,1.3588252630088107,1.910059734934324,0.7122,5
5241398562739279104,1.568201724066995,1.2059459686279297,1.2007757425308228,1.7073873281478882,0.4724324345588684,1.8524324893951416,-0.3622557554390653,1.4530455972587235,4.7592,9
63102694601689728,2.1051694279993316,1.723963975906372,1.6698611974716187,2.337297201156616,0.6672071814537048,2.5486485958099365,-0.38120545209295953,1.9147722026351408,8.878,3
69906571336964608,1.9867717342662448,2.0099098682403564,2.0300939083099365,1.931171178817749,1.7446846961975098,2.370450496673584,0.023138133974111685,1.2318376263773425,6.9985,4
64941211186036352,1.9867717342662448,1.7861261367797852,1.6393609046936035,2.1300899982452393,0.9987387657165527,2.175675630569458,-0.2006455974864596,0.7652699761285023,2.8213,2
65084358152509440,2.1051694279993316,1.1893693208694458,1.1528546810150146,0.0,0.2776576578617096,1.9104504585266113,-0.9158001071298858,1.7977086082807991,3.0322,3
6049828471443543424,1.0064660422492318,1.3261260986328125,1.4204442501068115,2.2336935997009277,0.4558558464050293,2.3538739681243896,0.31966005638358075,1.7890690519951944,6.3727,5
64979732749686016,2.1051694279993316,2.246126174926758,2.2319748401641846,2.3745946884155273,1.985045075416565,2.4367568492889404,0.1409567469274262,0.9762331198706686,6.1018,4
66802207632871808,2.0492180226701815,2.1052253246307373,1.9771220684051514,2.101081132888794,1.2681081295013428,2.664684772491455,0.05600730196055581,2.532388375076885,0.8546,4
65677098000371712,2.1051694279993316,1.9767568111419678,1.9012091159820557,2.030630588531494,1.1645045280456543,2.6356756687164307,-0.12841261685736383,2.904634597645992,0.579,3
50706216395526144,1.9867717342662448,1.8482882976531982,1.8498835563659668,1.8648648262023926,1.5540540218353271,2.1590991020202637,-0.13848343661304652,3.1620590137755955,0.2534,1
661293812462666240,2.8561244442423,2.958918809890747,2.9716360569000244,2.946486473083496,2.859459400177002,3.116396427154541,0.1027943656484469,1.0382874744166073,9.9173,8
65190220507070208,1.8976270912904414,1.3344143629074097,1.3632440567016602,1.301261305809021,0.6547747850418091,2.043063163757324,-0.5632127283830317,1.5165113632115186,6.2622,4
6042154464397991936,1.0107238653917732,1.893873929977417,1.841933250427246,2.2792792320251465,1.1810810565948486,2.4989190101623535,0.8831500645856438,2.7004297526831817,1.0226,5
6049478414428226688,0.568201724066995,2.0720720291137695,1.9910104274749756,3.460360288619995,0.3315315246582031,3.592972993850708,1.5038703050467745,3.077876136711416,3.7829,5
5241160037439849856,1.568201724066995,1.2556756734848022,1.299692153930664,1.3054053783416748,0.4102702736854553,2.1839640140533447,-0.31252605058219274,2.110320357244164,3.8086,9
3410944730200538496,2.88930170250631,1.9353153705596924,1.8765062093734741,2.088648557662964,1.520900845527649,2.2792792320251465,-0.9539863319466177,3.689290999999999,0.2118,3
6235765852024356352,1.2730012720637376,2.0927927494049072,1.7910864353179932,2.2792792320251465,0.476576566696167,2.7185585498809814,0.8197914773411696,1.6568952043435288,8.8717,5
6049047921261602560,0.568201724066995,1.106486439704895,1.6318228244781494,3.203423500061035,0.36468467116355896,3.286306381225586,0.5382847156379,3.1606689665390095,2.7296,5
66523103479455232,2.1051694279993316,1.9477477073669434,1.9536712169647217,2.689549446105957,0.9821621775627136,2.9506306648254395,-0.15742172063238824,2.9058937948485717,1.3551,3
6237403127916146432,1.0,2.018198251724243,1.9247894287109375,2.457477569580078,1.0609009265899658,2.6978378295898438,1.0181982517242432,2.7332755045096615,1.3878,5
67618285777617664,2.1051694279993316,2.3745946884155273,2.2738218307495117,2.532072067260742,1.0733333826065063,3.655135154724121,0.26942526041619574,0.6848232171369352,2.8913,4
66747816167123712,1.9867717342662448,2.295855760574341,2.3031506538391113,2.370450496673584,2.043063163757324,2.515495538711548,0.30908402630809606,1.1667559202131434,7.7641,1
64804841680675200,2.1051694279993316,2.237837791442871,2.2186319828033447,2.287567615509033,2.0140540599823,2.432612657546997,0.1326683634435395,0.9900908954098008,6.3367,2
6237354371447090560,1.0064660422492318,2.246126174926758,2.115478515625,2.420180082321167,1.4794594049453735,2.747567653656006,1.239660132677526,3.0346228776333617,1.0006,5
68506347575444096,2.0492180226701815,1.985045075416565,1.9332695007324219,2.043063163757324,1.7115315198898315,2.1839640140533447,-0.06417294725361655,2.473986264356284,0.208,0
64990349908937984,2.1051694279993316,1.8109910488128662,1.7403686046600342,1.7819819450378418,1.1769369840621948,2.3290090560913086,-0.2941783791864654,2.6882230629967845,0.5572,1
65058760147520000,2.1051694279993316,1.8358558416366577,1.805586576461792,1.906306266784668,1.429729700088501,2.1963963508605957,-0.2693135863626739,2.995863063904599,0.5153,2
53251517094713728,2.1051694279993316,1.761261224746704,1.7551298141479492,1.8358558416366577,1.4794594049453735,2.030630588531494,-0.3439082032526275,3.1854742923567647,0.2419,1
64990586130069504,2.0492180226701815,2.1176576614379883,1.943556547164917,2.246126174926758,1.123063087463379,2.445044994354248,0.06843963876780679,1.547288206911442,8.4684,2
66581961710329984,1.9867717342662448,0.1947747766971588,0.34982624650001526,0.0,0.04972973093390465,0.5801801681518555,-1.791996957569086,0.9431384679593352,0.6915,4
5586717403640706304,1.6532125137753437,0.8536936640739441,0.9219436049461365,0.3771171271800995,0.26936936378479004,1.5374774932861328,-0.7995188497013996,-0.1941590571738027,1.234,8
5239086805168167168,1.7201593034059568,1.044324278831482,1.2347322702407837,0.8909909725189209,0.3398198187351227,2.3165764808654785,-0.6758350245744749,2.258484570380609,5.5697,9
660298621296880256,2.8561244442423,1.044324278831482,1.5510382652282715,0.6340540647506714,0.40198197960853577,3.008648633956909,-1.8118001654108182,2.7447959927787853,5.9375,0
65167577439502592,2.1051694279993316,1.9187387228012085,1.8020977973937988,2.3870270252227783,1.0401802062988281,2.544504404067993,-0.1864307051981231,2.517667144129197,1.6588,1
6049818232241303040,1.0,1.429729700088501,1.617515206336975,1.106486439704895,0.522162139415741,2.8636035919189453,0.429729700088501,2.727439426034046,2.8345,5
149369139966814976,0.19589965240923377,0.7625225186347961,1.7933874130249023,0.4144144058227539,0.2362162172794342,3.7670271396636963,0.5666228662255623,3.2980035620368087,3.927,1
64967569402404480,2.1051694279993316,1.9726126194000244,1.9029489755630493,2.358017921447754,1.3261260986328125,2.5030629634857178,-0.13255680859930719,2.9301386639423184,0.8823,2
6245656199631207808,0.7781512503836436,1.2598198652267456,1.7610877752304077,0.8329729437828064,0.3936936855316162,3.36090087890625,0.48166861484310197,2.780710150031703,5.1268,5
6042231292774456320,1.0107238653917732,3.505945920944214,2.634380340576172,3.8416216373443604,0.40198197960853577,3.9286487102508545,2.495222055552441,3.253304850767076,5.0707,5
65147438335354624,1.9867717342662448,1.8648648262023926,1.8350605964660645,2.1549549102783203,1.1976577043533325,2.5237836837768555,-0.12190690806385218,3.067346227968361,0.5156,3
38354680725946240,2.88930170250631,2.996216297149658,3.042668342590332,2.9630630016326904,2.735135078430176,3.385765790939331,0.10691459464334807,1.286308,11.4424,9
66832100605159424,2.1051694279993316,1.9436036348342896,1.883305311203003,1.95603609085083,1.4628828763961792,2.2171170711517334,-0.16156579316504205,0.8964729476187393,4.448,0
661401122222444288,2.8561244442423,2.9133334159851074,2.8507144451141357,2.8055856227874756,2.7061262130737305,3.4272072315216064,0.05720897174280726,0.7489852353810452,6.1573,8
66452047540860160,2.1051694279993316,2.001621723175049,1.9607188701629639,2.1673874855041504,1.5540540218353271,2.3745946884155273,-0.10354770482428277,3.0912443036769295,0.3014,1
69873418486230272,2.1051694279993316,1.0733333826065063,1.1399097442626953,0.4972972869873047,0.36882883310317993,1.931171178817749,-1.0318360453928253,1.8299291218362943,4.3341,3
6041765409082144640,1.1020905255118367,1.4090089797973633,1.3729658126831055,0.0,0.31081080436706543,2.275135040283203,0.30691845428552655,2.0122106203484775,3.5983,7
6242453768937886080,1.0064660422492318,1.367567539215088,1.7513177394866943,0.7873873710632324,0.4144144058227539,3.2572972774505615,0.36110149696585614,2.626768765784671,5.4392,5
6248988029100509824,0.8573324964312685,2.1590991020202637,1.845505952835083,2.5362162590026855,0.4517117142677307,2.8304505348205566,1.3017666055889952,1.741096917456403,8.966,5
3314251749212034816,0.2380461031287954,1.4131531715393066,1.3448325395584106,1.54576575756073,0.36468467116355896,2.026486396789551,1.1751070684105112,1.5505975712272675,2.4209,2
5239736204230183680,1.7201593034059568,1.7861261367797852,1.8051426410675049,0.0,0.48072072863578796,3.0500900745391846,0.06596683337382836,0.5463716646971014,0.8599,9
64250477365329536,1.9867717342662448,1.8441441059112549,1.6622300148010254,1.968468427658081,0.4392792880535126,2.639819860458374,-0.14262762835498988,2.0523568153531557,1.7243,4
66787119410915072,1.9867717342662448,2.018198251724243,1.8882861137390137,2.200540542602539,1.1437838077545166,2.4243242740631104,0.031426517457998404,1.4828451534181053,7.6104,1
63449521800719488,1.9867717342662448,1.9228829145431519,1.912053108215332,1.9436036348342896,1.4172972440719604,2.432612657546997,-0.0638888197230929,3.173098375826189,0.4332,4
45022222315428608,2.1051694279993316,1.2556756734848022,1.180102825164795,0.0,0.26936936378479004,1.9353153705596924,-0.8494937545145294,1.0851665107651558,0.531,4
441781955276048256,1.8976270912904414,1.6286486387252808,1.7471364736557007,1.429729700088501,0.745945930480957,2.722702741622925,-0.2689784525651606,2.7204568501242004,1.7607,9
435326859946780800,1.8976270912904414,2.0099098682403564,1.9650789499282837,2.345585584640503,1.54576575756073,2.382882833480835,0.11228277694991506,2.371330197577865,0.343,9
3310903740601986432,2.88930170250631,2.7931530475616455,2.881485939025879,2.7682883739471436,2.6439640522003174,3.2075674533843994,-0.09614865494466462,1.0889230000000012,9.1776,3
66581549393480704,1.9867717342662448,1.2681081295013428,1.2957861423492432,0.7666666507720947,0.6133333444595337,2.001621723175049,-0.718663604764902,1.766093273702381,4.6678,1
69857235049588736,2.1051694279993316,1.5001801252365112,1.4015827178955078,1.645225167274475,0.861981987953186,1.7488288879394531,-0.6049893027628204,1.0614349675684078,4.11,2
63585036608738048,2.1051694279993316,1.8897297382354736,1.8442811965942383,1.9394594430923462,1.5416215658187866,2.1798198223114014,-0.21543968976385797,3.207019050351687,0.2493,3
3309970392669539584,0.5145477526602861,1.1769369840621948,1.2475405931472778,0.0,0.30666667222976685,2.1922521591186523,0.6623892314019088,2.4333537726671843,3.0792,0
66482868226100096,1.9867717342662448,1.1893693208694458,1.218754768371582,0.1367567628622055,0.29009008407592773,2.1052253246307373,-0.797402413396799,2.016959762156071,4.5487,4
6245859403122312704,0.8573324964312685,1.313693642616272,1.8401095867156982,3.2448649406433105,0.592612624168396,3.3401801586151123,0.45636114618500345,3.5798200309386212,1.7888,5
6049357811742191104,0.568201724066995,3.7794594764709473,2.81791090965271,4.139999866485596,0.3729729652404785,4.048828601837158,3.2112577524039523,3.5273199083517635,6.1463,5
5239766333394663296,1.568201724066995,1.0774774551391602,1.2558549642562866,0.861981987953186,0.3522522449493408,2.308288335800171,-0.49072426892783483,2.06659836784513,6.2749,9
65588484235454592,2.1051694279993316,1.1893693208694458,1.2681679725646973,1.1396396160125732,0.6091892123222351,1.9601801633834839,-0.9158001071298858,1.537115122918458,5.4925,4
245357913824994560,1.8325089127062364,1.1189188957214355,1.1122113466262817,1.3302702903747559,0.476576566696167,1.607927918434143,-0.7135900169848008,1.0942313195791529,3.4588,9
661470460174102144,2.8561244442423,2.847027063369751,2.917335033416748,2.8014414310455322,2.7309908866882324,3.054234266281128,-0.009097380872549188,0.9589728949896604,8.8686,0
64891634380723712,1.9867717342662448,1.0774774551391602,1.2695883512496948,0.9821621775627136,0.3771171271800995,2.345585584640503,-0.9092942791270846,2.194270562055873,8.1946,2
66507469798631808,1.9867717342662448,1.1727927923202515,1.1836295127868652,1.2059459686279297,0.9365766048431396,1.4048649072647095,-0.8139789419459933,0.0344939958877451,3.1659,4
3312709379213017728,2.88930170250631,3.2821621894836426,3.3301990032196045,3.066666603088379,2.9754955768585205,3.762882947921753,0.39286048697733245,0.6894735999999995,5.7507,1
69811948914407168,2.1051694279993316,1.3219820261001587,1.359720230102539,1.8814414739608765,0.5138738751411438,2.043063163757324,-0.7831874018991729,0.6774441580745141,1.9507,3
436477017829810944,1.8976270912904414,2.175675630569458,2.2214925289154053,2.2419819831848145,1.6203603744506836,2.8387386798858643,0.2780485392790166,0.8009599563942409,4.2238,9
63449521800719488,2.1051694279993316,1.9228829145431519,1.912053108215332,1.9436036348342896,1.4172972440719604,2.432612657546997,-0.18228651345617974,3.173098375826189,0.4332,4
435680765247601536,1.8325089127062364,1.985045075416565,2.0183615684509277,2.088648557662964,1.5664864778518677,2.382882833480835,0.15253616271032855,0.9424758320483054,4.861,9
65296357738731008,1.9867717342662448,1.8275675773620605,2.02935528755188,4.139999866485596,0.30666667222976685,3.8291893005371094,-0.1592041569041842,0.4544071183966106,0.328,4
53174379482675456,2.1051694279993316,1.6866666078567505,1.628335952758789,1.761261224746704,1.2432432174682617,2.0223424434661865,-0.4185028201425811,3.1167084019688973,0.2202,3
5251242937001076992,1.568201724066995,1.491891860961914,1.576511025428772,1.4504504203796387,0.4724324345588684,2.6190991401672363,-0.07630986310508092,2.650627995554895,2.1378,9
69649736589001600,1.9867717342662448,1.2018017768859863,1.2042248249053955,1.0816216468811035,0.5014414191246033,1.840000033378601,-0.7849699573802584,1.4186691384747498,4.8531,3
66808869124393600,1.9867717342662448,2.3165764808654785,2.301813840866089,2.49477481842041,2.063783884048462,2.527927875518799,0.32980474659923376,1.0880450402070112,7.2862,4
664456733755404928,2.8129133566428557,1.0236035585403442,1.6296288967132568,3.0252251625061035,0.2983783781528473,3.1868467330932617,-1.7893097981025115,2.820809836506519,5.3043,6
64857721317916032,2.1051694279993316,1.893873929977417,1.8496592044830322,1.993333339691162,1.4255856275558472,2.2917118072509766,-0.2112954980219146,2.9694739976221403,0.5739,4
69294319455655808,1.9867717342662448,1.968468427658081,1.9535986185073853,2.299999952316284,1.645225167274475,2.2668468952178955,-0.018303306608163705,2.475968319409047,0.3662,0
441430214633926272,1.8976270912904414,1.4338738918304443,1.4446589946746826,2.5237836837768555,0.4558558464050293,2.420180082321167,-0.46375319945999705,1.597626053984559,0.6425,9
443632055387911936,1.8976270912904414,1.9726126194000244,1.947653889656067,2.3497297763824463,1.520900845527649,2.382882833480835,0.07498552810958303,2.540031872719922,0.3246,9
660981349298550272,2.8129133566428557,2.4367568492889404,1.935551643371582,2.9423422813415527,0.3936936855316162,3.215855836868286,-0.37615650735391526,2.576620065561854,8.8709,6
68300326584600448,2.1051694279993316,2.001621723175049,1.8991717100143433,2.2295496463775635,1.3302702903747559,2.457477569580078,-0.10354770482428277,3.0977277611746437,0.5785,1
664453778817920256,2.8129133566428557,1.9021621942520142,1.8129688501358032,1.7695496082305908,1.2639639377593994,2.3787386417388916,-0.9107511623908415,2.2670209147159865,1.8391,0
65226092073881856,1.9867717342662448,1.7944144010543823,1.7381339073181152,2.1093692779541016,1.1976577043533325,2.2212612628936768,-0.19235733321186244,2.7490600096029585,0.3916,2
66742765285619584,2.1051694279993316,1.95603609085083,1.875747799873352,1.9518918991088867,1.363423466682434,2.457477569580078,-0.14913333714850152,2.4132429687388623,1.4155,0
66289044940711168,1.9867717342662448,1.9643243551254272,1.8990734815597534,2.0472071170806885,1.1935135126113892,2.627387285232544,-0.022447379140817514,2.9848901056912016,0.5676,3
145664777917536512,2.88930170250631,1.7405405044555664,1.6626373529434204,2.1342341899871826,1.0028828382492065,2.262702703475952,-1.1487611980507437,1.5751280000000012,7.0844,3
6248889038693959808,0.7781512503836436,1.1769369840621948,2.1117067337036133,3.9410810470581055,0.24036036431789398,3.9783782958984375,0.3987857336785512,3.7631210478412167,3.9198,5
66665902550940800,1.9867717342662448,1.985045075416565,1.9263594150543213,2.3994593620300293,1.4504504203796387,2.3870270252227783,-0.0017266588496798185,2.7295242320021584,0.4313,4
661358241268943616,2.8561244442423,1.27639639377594,1.6312042474746704,1.1810810565948486,0.5553153157234192,3.029369354248047,-1.5797280504663602,3.031306041219183,1.6781,7
68147391388599808,1.9867717342662448,2.0140540599823,1.9014344215393066,2.590090036392212,1.3344143629074097,2.507207155227661,0.027282325716055045,2.960697550139829,0.3848,1
63953819680971008,1.9867717342662448,2.063783884048462,1.9709603786468506,2.163243293762207,1.5043243169784546,2.469909906387329,0.07701214978221715,2.9395087549957823,0.736,4
664437320503310336,2.8561244442423,2.946486473083496,2.977964401245117,2.9050450325012207,2.784864902496338,3.1827027797698975,0.09036202884119593,1.885426147076051,15.7246,6
6045872806564888192,0.568201724066995,1.6245044469833374,1.9162261486053467,3.029369354248047,0.8163964152336121,3.1246845722198486,1.0563027229163424,3.3216105281358854,1.6898,5
659415129344636544,2.8129133566428557,2.0223424434661865,1.8291940689086914,0.7252252101898193,0.6216216087341309,2.971351385116577,-0.7905709131766692,2.431043971404458,8.9984,0
6235465925869396736,1.2730012720637376,2.1342341899871826,2.0454649925231934,2.6439640522003174,1.2059459686279297,2.834594488143921,0.861232917923445,3.016055050584771,1.3633,5
664309296118640128,2.8129133566428557,1.81513512134552,1.8403180837631226,1.6535135507583618,1.0236035585403442,2.689549446105957,-0.9977782352973357,2.6938643009023195,1.7844,8
661137789187132288,2.8561244442423,1.015315294265747,1.561366319656372,0.5263063311576843,0.319099098443985,3.298738718032837,-1.840809149976553,2.96126850857983,3.2452,7
6243216761292430080,1.0064660422492318,1.5333333015441895,1.6571245193481445,1.2432432174682617,0.5884684920310974,2.7890090942382812,0.5268672592949577,2.682526471460788,2.3841,5
66886011036187392,2.1051694279993316,2.0803604125976562,1.9685721397399902,2.138378381729126,1.4504504203796387,2.540360450744629,-0.02480901540167535,2.932746255974625,0.7121,1
66539252556578816,1.9867717342662448,1.2598198652267456,1.3288459777832031,0.9697297215461731,0.6299099326133728,2.067927837371826,-0.7269518690394992,1.7077188762673248,6.3581,4
3312644885984344704,2.88930170250631,3.336035966873169,3.3839104175567627,3.09153151512146,3.008648633956909,3.825045108795166,0.4467342643668588,0.9044513999999992,9.3095,3
6042459132190170496,1.2041199826559248,1.454594612121582,1.5465116500854492,1.4255856275558472,0.63819819688797,2.420180082321167,0.25047462946565724,0.3866965402638357,2.7172,8
435701003137104896,1.8976270912904414,1.1810810565948486,1.3633434772491455,1.1810810565948486,0.4144144058227539,2.4491891860961914,-0.7165460346955927,2.4474648586371774,3.0826,9
5239637763586175232,1.568201724066995,1.2515314817428589,1.8847498893737793,3.750450372695923,0.3729729652404785,3.7711710929870605,-0.3166702423241361,0.1216424074681912,1.0996,7
6049049811047121536,0.568201724066995,3.655135154724121,2.8573250770568848,4.139999866485596,0.3398198187351227,4.0281081199646,3.086933430657126,3.310806100679753,10.4673,5
6245733612121878400,0.7781512503836436,1.1976577043533325,1.8713141679763794,3.236576557159424,0.4682883024215698,3.3567566871643066,0.4195064539696889,3.54972660731445,1.7123,5
664401964332947584,2.8561244442423,2.3870270252227783,2.235591173171997,0.9904504418373108,1.0194594860076904,3.443783760070801,-0.46909741901952184,2.3461549556598524,8.7869,7
68268165869533568,2.1051694279993316,1.840000033378601,1.837677240371704,1.8192793130874634,1.4172972440719604,2.270991086959839,-0.2651693946207305,3.151410423638276,0.3659,4
68323485048225152,2.0492180226701815,1.4090089797973633,1.299164056777954,0.0,0.2983783781528473,1.9891891479492188,-0.6402090428728182,1.819071055449223,2.9958,4
6045068475146180096,1.0107238653917732,1.1810810565948486,1.2796343564987183,1.607927918434143,0.42684683203697205,1.9187387228012085,0.17035719120307546,1.439422845012963,2.708,5
5239723525484923904,1.568201724066995,2.3248648643493652,2.379032611846924,2.3663063049316406,1.993333339691162,2.75171160697937,0.7566631402823703,0.9648630521120504,6.2209,9
6242786955320131456,0.8948696567452525,1.7944144010543823,1.878623366355896,2.735135078430176,0.978018045425415,2.8263063430786133,0.8995447443091298,2.983209730009839,1.5467,5
5251380307238001664,1.568201724066995,1.985045075416565,1.957436442375183,2.163243293762207,1.3592792749404907,2.6066665649414062,0.41684335134956996,2.6310596945093954,1.4123,9
661189706753828608,2.8561244442423,1.363423466682434,1.4707965850830078,0.0,0.4102702736854553,2.577657699584961,-1.492700977559866,2.741388238189329,1.9605,6
6245656199631207808,0.8573324964312685,1.2598198652267456,1.7610877752304077,0.8329729437828064,0.3936936855316162,3.36090087890625,0.4024873687954771,2.780710150031703,5.1268,5
664453778817920256,2.8561244442423,1.9021621942520142,1.8129688501358032,1.7695496082305908,1.2639639377593994,2.3787386417388916,-0.953962249990286,2.2670209147159865,1.8391,0
65151531440914560,2.0492180226701815,2.5030629634857178,2.367379903793335,2.515495538711548,1.2681081295013428,3.1744143962860107,0.4538449408155363,1.867185018767329,10.9024,1
6237403127916146432,1.0064660422492318,2.018198251724243,1.9247894287109375,2.457477569580078,1.0609009265899658,2.6978378295898438,1.0117322094750114,2.7332755045096615,1.3878,5
5241132584007693312,1.568201724066995,1.8731532096862793,1.7366695404052734,2.0140540599823,0.9904504418373108,2.3290090560913086,0.3049514856192843,0.5006864695013419,0.4144,7
65298483745290368,1.9867717342662448,0.978018045425415,1.4311354160308838,0.8578378558158875,0.34396395087242126,3.0335135459899902,-1.0087536888408297,2.910899218999517,2.7571,1
6242670647606717952,1.0064660422492318,1.7985585927963257,1.8145817518234253,1.5333333015441895,1.0484684705734253,2.5983784198760986,0.7920925505470939,2.796408685251067,1.2346,5
3312564037520033792,2.88930170250631,2.6563963890075684,2.714892864227295,2.6190991401672363,2.4616215229034424,2.983783721923828,-0.23290531349874177,1.5730050000000002,11.5387,1
50427387118457984,2.88930170250631,1.4338738918304443,1.614806890487671,1.2349549531936646,0.6796396374702454,2.8428828716278076,-1.4554278106758658,3.004494000000001,1.8673,4
6041765409082144640,1.0,1.4090089797973633,1.3729658126831055,0.0,0.31081080436706543,2.275135040283203,0.4090089797973633,2.0122106203484775,3.5983,7
6243172677747745664,1.0064660422492318,1.9228829145431519,1.93242609500885,1.993333339691162,1.5374774932861328,2.262702703475952,0.9164168722939201,0.019907041322082,0.2552,5
244961093205959424,1.8325089127062364,1.1189188957214355,1.3124723434448242,1.0816216468811035,0.40612611174583435,2.3994593620300293,-0.7135900169848008,2.414091686537268,3.7066,9
66887660303617408,2.1051694279993316,2.051351308822632,1.9497053623199463,2.246126174926758,1.3302702903747559,2.5735135078430176,-0.053818119176699764,3.1992737655062364,0.5091,0
65237911823760640,2.1051694279993316,1.993333339691162,1.8844654560089111,2.188108205795288,1.3344143629074097,2.358017921447754,-0.11183608830816949,2.9022354028867308,0.7703,4
66793583338514816,2.1051694279993316,1.301261305809021,1.581568956375122,1.0028828382492065,0.7127928137779236,2.677117109298706,-0.8039081221903106,2.1185705503148484,7.8537,1
661413800965826688,2.8561244442423,1.031891942024231,1.3281971216201782,0.7873873710632324,0.4144144058227539,2.664684772491455,-1.8242325022180692,2.617467224070297,3.8082,6
148450085683504896,0.4132997640812518,3.3070271015167236,2.2294139862060547,3.6509909629821777,0.3605405390262604,3.775315284729004,2.8937273374354717,3.2858189686990973,4.5123,0
3409319342777158272,0.2380461031287954,1.2971171140670776,1.826062560081482,3.045945882797241,0.6216216087341309,3.178558588027954,1.0590710109382822,3.1172282603512227,1.6177,0
6244944678168071296,1.2730012720637376,1.6742342710494995,1.7681307792663574,1.483603596687317,0.754234254360199,2.8553152084350586,0.4012329989857619,2.8097333968778835,2.3567,5
64974574492213248,1.9867717342662448,2.101081132888794,1.9822934865951538,2.370450496673584,1.4131531715393066,2.515495538711548,0.11430939862254919,3.221311011306269,0.5772,2
49520255665123328,2.88930170250631,2.018198251724243,1.935533881187439,2.0845046043395996,1.3841441869735718,2.527927875518799,-0.871103450782067,2.5429759999999995,1.1576,3
65750627840192256,1.9867717342662448,0.7500900626182556,0.9550522565841675,0.10774774849414825,0.18648648262023926,1.777837872505188,-1.2366816716479891,1.6967618330782628,3.0116,4
149327461604162688,2.88930170250631,3.6717116832733154,3.6095807552337646,3.713153123855591,3.373333215713501,3.9535136222839355,0.7824099807670053,3.056060000000002,20.2742,0
68303487680516224,2.1051694279993316,0.2610810697078705,0.5407987236976624,0.0,0.05387387424707413,1.1893693208694458,-1.8440883582914611,1.0502695729188178,0.8448,4
441358776436543488,1.8976270912904414,1.723963975906372,1.733241319656372,1.8565765619277954,1.2971171140670776,2.1300899982452393,-0.1736631153840693,0.9852078051312536,4.2764,9
435096924580530176,1.8976270912904414,1.8192793130874634,1.8523468971252441,1.5250450372695923,0.9987387657165527,2.6978378295898438,-0.078347778202978,2.713597709711353,1.6102,9
65125864716379264,1.9867717342662448,2.188108205795288,2.122945785522461,2.2419819831848145,1.761261224746704,2.4864864349365234,0.20133647152904333,1.340018457042715,8.06,3
66798977817468288,2.1051694279993316,1.931171178817749,1.910151481628418,2.250270366668701,1.363423466682434,2.4864864349365234,-0.17399824918158258,2.736918887470581,1.1456,2
662677758301970688,2.8129133566428557,1.2515314817428589,1.5767422914505005,1.1106306314468384,0.5428828597068787,2.9174773693084717,-1.5613818748999968,2.889397999172224,2.1936,2
5317884439832479872,1.568201724066995,1.4960360527038574,1.4905810356140137,1.8027026653289795,0.9034234285354614,1.9767568111419678,-0.07216567136313756,0.8937587991102608,3.1416,9
6050271368466947200,0.568201724066995,1.4214414358139038,1.508457064628601,1.185225248336792,0.5304504632949829,2.4284684658050537,0.8532397117469088,2.241688223166459,2.9214,5
3406128761895775872,0.2380461031287954,0.8702702522277832,2.0154404640197754,4.086126327514648,0.3978378474712372,4.065405368804932,0.6322241490989878,3.925733599549588,2.223,1
5318182648001349248,1.568201724066995,2.337297201156616,2.0725958347320557,2.3911712169647217,1.4131531715393066,2.4657657146453857,0.7690954770896212,0.8482283717819153,5.0055,8
6043944057017964672,1.1020905255118367,1.5126125812530518,1.7274303436279297,1.6783783435821533,0.48072072863578796,3.3070271015167236,0.41052205574121503,0.6518983311623039,0.9296,8
66791659193405952,2.1051694279993316,1.9228829145431519,1.9160611629486084,2.1715314388275146,1.583063006401062,2.2212612628936768,-0.18228651345617974,3.186037535466485,0.2811,4
66799768088857856,1.9867717342662448,1.9891891479492188,1.9327036142349243,2.1342341899871826,1.54576575756073,2.320720672607422,0.00241741368297399,1.4086033615703133,7.4313,4
66511970924353792,1.9867717342662448,2.113513469696045,2.010462522506714,2.1798198223114014,1.5167567729949951,2.55279278755188,0.12674173542980016,2.889815714591605,0.779,4
65244749411766528,2.1051694279993316,2.018198251724243,1.7176969051361084,2.246126174926758,0.6216216087341309,2.5818018913269043,-0.08697117627508844,1.7647484528839668,9.1439,3
64974338270788864,1.9867717342662448,1.906306266784668,1.82317054271698,2.0927927494049072,1.2556756734848022,2.3911712169647217,-0.08046546748157679,2.8382261146138856,0.7485,1
66694455493470464,2.1051694279993316,1.3427027463912964,1.2294762134552002,0.0,0.17405405640602112,2.138378381729126,-0.7624666816080352,1.8353637743664155,2.4823,4
664407427531262464,2.8129133566428557,3.0252251625061035,3.0462019443511963,2.946486473083496,2.7890090942382812,3.4023423194885254,0.21231180586324783,1.8563738238391805,15.4831,0
66482868226100096,2.1051694279993316,1.1893693208694458,1.218754768371582,0.1367567628622055,0.29009008407592773,2.1052253246307373,-0.9158001071298858,2.016959762156071,4.5487,4
66521179334108928,1.9867717342662448,1.9974775314331055,1.900497317314148,2.1425225734710693,1.392432451248169,2.3994593620300293,0.010705797166860709,3.0571786955550806,0.6212,4
65750627840192256,2.1051694279993316,0.7500900626182556,0.9550522565841675,0.10774774849414825,0.18648648262023926,1.777837872505188,-1.355079365381076,1.6967618330782628,3.0116,4
5538598823442709760,1.6532125137753437,2.370450496673584,2.2271201610565186,2.577657699584961,1.338558554649353,2.896756649017334,0.7172379828982403,0.0403951499066777,0.2387,7
5239770563969875456,1.568201724066995,1.6866666078567505,1.6721652746200562,1.570630669593811,0.592612624168396,2.5486485958099365,0.1184648837897555,2.5290193074166867,2.0769,9
3419631520599185664,1.0413926851582251,1.2100900411605835,1.6754984855651855,0.8122522234916687,0.6133333444595337,3.0335135459899902,0.16869735600235836,2.1942779860557224,8.5117,1
661321304551503616,2.8561244442423,3.522522449493408,3.463888168334961,3.5266666412353516,3.203423500061035,3.862342357635498,0.666398005251108,2.8810815390735622,19.7596,0
459980556340904192,1.8325089127062364,3.7421622276306152,3.6684107780456543,3.9742343425750732,3.3401801586151123,4.011531352996826,1.9096533149243788,1.7210602820101235,21.215,9
65282098447322752,1.9867717342662448,1.9353153705596924,1.8675580024719238,2.055495500564575,1.3551350831985474,2.4491891860961914,-0.05145636370655238,2.7472521313947103,0.9419,0
3281064262038614912,2.88930170250631,3.215855836868286,3.221039056777954,3.2200000286102295,2.9133334159851074,3.5390992164611816,0.326554134361976,1.5498569999999994,14.6527,9
45567511362945152,2.88930170250631,2.921621561050415,2.936394691467285,2.9299099445343018,2.8263063430786133,3.0252251625061035,0.03231985854410491,1.2108910000000002,11.0554,2
3409290995993067648,2.8750612633917,0.8163964152336121,1.2632675170898438,0.16162161529064178,0.20306305587291718,2.8428828716278076,-2.058664848158088,2.7226610000000004,6.045,3
65153833543386624,2.1051694279993316,0.9987387657165527,1.204408884048462,0.2196396440267563,0.2983783781528473,2.262702703475952,-1.1064306622827789,1.9075484564143543,7.9533,2
664352761187716352,2.8561244442423,2.9796395301818848,2.9946634769439697,2.9506306648254395,2.8180179595947266,3.2655856609344482,0.1235150859395846,1.8180526998416515,15.5814,8
5514629534372854272,1.505149978319906,1.031891942024231,1.0322155952453613,1.1189188957214355,0.3729729652404785,1.570630669593811,-0.4732580362956751,0.1144900664209428,1.7179,9
3314258591096887552,0.2380461031287954,2.22540545463562,1.8999158143997192,2.4616215229034424,0.7418017983436584,2.7434234619140625,1.9873593515068246,1.7730987246428014,9.1295,0
68051390279853824,1.9867717342662448,2.0347747802734375,1.8146394491195679,2.22540545463562,0.9448648691177368,2.4740540981292725,0.04800304600719274,1.6197945657075772,8.5147,3
53251929411490688,1.9867717342662448,1.1645045280456543,1.3535892963409424,0.9697297215461731,0.38540539145469666,2.395315408706665,-0.8222672062205905,2.4638907440174247,4.0484,4
6245721929810787456,0.7781512503836436,1.1893693208694458,1.7192413806915283,0.799819827079773,0.38540539145469666,3.3940539360046387,0.41121807048580217,2.949437011872273,4.4393,5
664309296118640128,2.8561244442423,1.81513512134552,1.8403180837631226,1.6535135507583618,1.0236035585403442,2.689549446105957,-1.0409893228967801,2.6938643009023195,1.7844,8
6235872882612575232,1.1367205671564067,1.3302702903747559,1.4287344217300415,1.168648600578308,0.5055856108665466,2.2336935997009277,0.19354972321834918,1.9628265135085912,4.4578,5
66521179334108928,2.1051694279993316,1.9974775314331055,1.900497317314148,2.1425225734710693,1.392432451248169,2.3994593620300293,-0.10769189656622613,3.0571786955550806,0.6212,4
65212932294091264,1.9867717342662448,1.8565765619277954,1.8526636362075806,1.877297282218933,1.6245044469833374,2.088648557662964,-0.13019517233844935,2.5410067076258933,0.2679,2
6248787436949193344,0.7781512503836436,1.0236035585403442,1.791496992111206,3.568108081817627,0.3936936855316162,3.6468467712402344,0.2454523081567006,3.8625042507105145,2.1816,5
64960663095015680,1.9867717342662448,1.931171178817749,1.7776232957839966,1.968468427658081,0.7583783864974976,2.590090036392212,-0.055600555448495736,2.1874169125351743,1.208,2
5239414803234249216,1.568201724066995,1.8524324893951416,1.7579841613769531,2.1300899982452393,0.9282882809638977,2.3994593620300293,0.2842307653281466,1.5530734131854804,7.0678,7
248043574053255680,1.8325089127062364,1.9974775314331055,1.9493523836135864,2.358017921447754,1.5167567729949951,2.3745946884155273,0.16496861872686908,2.240847643572161,0.3604,9
6245838065724966784,0.8948696567452525,2.4409008026123047,2.0810434818267822,2.639819860458374,0.44342342019081116,3.3691892623901367,1.5460311458670521,2.199654236167158,7.0825,5
68168419548529920,2.1051694279993316,1.9767568111419678,1.9368774890899658,1.9974775314331055,1.3551350831985474,2.544504404067993,-0.12841261685736383,3.1599444826574907,0.3866,3
65101606741121792,2.1051694279993316,1.8855855464935303,1.8504927158355713,2.208828926086426,1.1645045280456543,2.5818018913269043,-0.21958388150580133,3.0871563956865016,0.5383,3
6248748266847062912,1.0,2.5237836837768555,2.0382535457611084,2.7890090942382812,0.38540539145469666,3.4272072315216064,1.5237836837768555,2.4738153619085215,8.6813,5
150908490604475520,0.19589965240923377,0.38126125931739807,0.7598918676376343,0.012432432733476162,0.11189189553260803,0.9200000166893005,0.1853616069081643,3.771774426523452,2.6692,3
3314309890186259712,0.2380461031287954,3.505945920944214,2.285999059677124,3.812612533569336,0.4517117142677307,3.932792901992798,3.2678998178154184,3.556552987720291,2.6259,1
65270450496044416,2.1051694279993316,1.723963975906372,1.6711668968200684,1.6742342710494995,0.8785585761070251,2.4160361289978027,-0.38120545209295953,2.453403000321485,2.1803,0
50327297200978176,2.88930170250631,1.8897297382354736,1.8449246883392334,1.931171178817749,1.5499099493026733,2.1590991020202637,-0.9995719642708365,1.2687779999999993,6.5282,2
6242663981816768640,1.0064660422492318,1.6535135507583618,1.7377564907073975,1.4172972440719604,0.7832432389259338,2.739279270172119,0.6470475085091301,2.7330276309176034,1.9762,5
6243914916810909568,0.8948696567452525,1.2639639377593994,1.6735286712646484,0.8578378558158875,0.42684683203697205,3.1827027797698975,0.3690942810141469,2.723174685135465,3.9821,5
64346070453848320,1.9867717342662448,1.8358558416366577,1.7565886974334717,1.840000033378601,0.6879279017448425,2.652252197265625,-0.15091589262958705,2.3667030701257334,2.1182,4
6242552862422389888,1.0064660422492318,1.6825225353240967,1.8052959442138672,1.4255856275558472,0.8454053997993469,2.8304505348205566,0.6760564930748649,2.9059456234559997,1.7983,5
3308851433430549632,2.88930170250631,2.1715314388275146,2.0185253620147705,2.287567615509033,1.3219820261001587,2.6605405807495117,-0.7177702636787955,3.225569000000002,0.4737,1
5318069604459639552,1.568201724066995,0.3356756865978241,0.8178824186325073,0.1781982034444809,0.12018018215894699,1.869009017944336,-1.2325260374691709,0.7237971598013798,0.6567,7
5239723525484923904,1.7201593034059568,2.3248648643493652,2.379032611846924,2.3663063049316406,1.993333339691162,2.75171160697937,0.6047055609434084,0.9648630521120504,6.2209,9
6043193910901304832,1.1367205671564067,1.3841441869735718,1.4658024311065674,1.1893693208694458,0.5553153157234192,2.2668468952178955,0.2474236198171651,2.0782371750327076,4.2197,5
51365476695288064,2.1051694279993316,2.0347747802734375,1.988032341003418,2.2046847343444824,1.4131531715393066,2.602522611618042,-0.0703946477258941,2.7277727937933167,1.1209,3
64964717544035200,2.1051694279993316,1.0899099111557007,1.2216628789901733,1.094054102897644,0.40612611174583435,2.1715314388275146,-1.015259516843631,1.988355257163158,6.8448,4
242053950101197184,1.8325089127062364,1.5789189338684082,1.6719343662261963,1.4463063478469849,0.6091892123222351,2.6481080055236816,-0.2535899788378282,2.6358008288344412,1.9644,9
65823676643738368,1.9867717342662448,1.8565765619277954,1.8688935041427612,1.7115315198898315,1.1354955434799194,2.6605405807495117,-0.13019517233844935,2.6922189217892196,1.8199,2
47982794811614080,2.8750612633917,2.076216220855713,1.9759618043899536,2.1798198223114014,1.1023423671722412,2.813873767852783,-0.7988450425359872,3.058339,0.6337,3
5251379203409512576,1.568201724066995,0.8827027082443237,0.9188573360443115,0.9324324131011963,0.2983783781528473,1.4877477884292603,-0.6854990158226713,1.3355142275650378,3.1565,9
6245680560685776768,1.0,1.3261260986328125,1.529179573059082,0.978018045425415,0.476576566696167,2.614954948425293,0.3261260986328125,2.335651330191834,4.1533,5
64818203322590208,2.1051694279993316,1.9021621942520142,1.86997389793396,2.063783884048462,1.4090089797973633,2.3414413928985596,-0.20300723374731744,3.1596074040572257,0.503,4
6245739521996902656,1.0064660422492318,1.2432432174682617,1.4816358089447021,0.915855884552002,0.46414414048194885,2.5610811710357666,0.23677717521902997,2.2707402325548305,5.1524,5
661326011834490496,2.8129133566428557,3.09153151512146,3.0215654373168945,3.0708107948303223,2.896756649017334,3.3816215991973877,0.27861815847860427,2.612954610452515,21.4631,8
5253760234532237696,1.568201724066995,1.3302702903747559,1.3781921863555908,2.067927837371826,0.5718919038772583,2.1466667652130127,-0.23793143369223912,1.614908414046419,6.2635,9
66655560269868544,1.9867717342662448,1.3799999952316284,1.3779186010360718,1.8441441059112549,0.40612611174583435,2.0720720291137695,-0.6067717390346163,0.6200103643052094,0.7493,1
65677372878285312,2.1051694279993316,2.250270366668701,2.2334089279174805,2.382882833480835,1.9601801633834839,2.48234224319458,0.14510093866936957,1.22873925343637,7.9082,4
67331381964358656,2.1051694279993316,1.7405405044555664,1.6473546028137207,1.8814414739608765,1.185225248336792,2.055495500564575,-0.3646289235437652,0.8349799780705894,3.4283,2
6237173192548569600,1.0,2.2917118072509766,2.1845977306365967,2.4616215229034424,1.5291892290115356,2.834594488143921,1.2917118072509766,3.732481412225421,0.6196,5
66781316909399424,2.0492180226701815,1.2100900411605835,1.2901288270950317,0.6174774765968323,0.5055856108665466,2.138378381729126,-0.839127981509598,1.9414666106497456,5.109,1
5590172614629134336,1.5276299008713388,2.1715314388275146,2.162783145904541,0.0,0.3605405390262604,3.7463064193725586,0.6439015379561759,-0.2349036982769687,0.7023,7
63826448131945984,2.1051694279993316,2.055495500564575,1.9687635898590088,2.1093692779541016,1.4753153324127197,2.544504404067993,-0.049673927434756404,2.7420549340985,0.8127,4
6242837120538124160,0.7781512503836436,2.1590991020202637,2.0484542846679688,2.320720672607422,1.4504504203796387,2.6605405807495117,1.38094785163662,2.9575606630262814,0.925,5
65506467539939584,2.1051694279993316,1.9809008836746216,1.9418785572052002,2.0099098682403564,1.4711711406707764,2.420180082321167,-0.12426854432471002,3.057051872332037,0.4122,2
6237410102943031680,1.0064660422492318,1.3717117309570312,1.6611595153808594,0.9614414572715759,0.476576566696167,3.0583784580230713,0.3652456887077995,2.698536468637058,3.8538,5
6245428463284702592,0.7781512503836436,1.5789189338684082,1.712613821029663,1.2432432174682617,0.6713513731956482,2.8180179595947266,0.8007676834847646,2.7789694506879328,2.0993,5
64843805623922688,1.9867717342662448,2.138378381729126,2.056033134460449,2.8387386798858643,0.9945945739746094,3.1205406188964844,0.15160664746288122,3.089167359257666,1.2523,3
65072435323295872,2.1051694279993316,0.9863063097000122,1.0082292556762695,0.9200000166893005,0.6091892123222351,1.3882882595062256,-1.1188631182993194,1.0164524470764966,2.5329,1
660158674082552320,2.8129133566428557,1.2100900411605835,1.3530164957046509,1.247387409210205,0.42270269989967346,2.4160361289978027,-1.6028233154822722,2.227876751492431,6.6068,8
53892669813156736,1.9867717342662448,2.043063163757324,2.0334508419036865,2.0140540599823,1.661801815032959,2.420180082321167,0.05629142949107946,3.0515271409671985,0.308,0
6038851737631487616,1.1568519010700111,0.4102702736854553,0.6570603847503662,0.23207207024097443,0.1574774831533432,1.1810810565948486,-0.7465816273845558,0.9330471431398596,1.1486,7
6249000566108106112,1.0,1.313693642616272,1.5369716882705688,0.7873873710632324,0.46000000834465027,2.6481080055236816,0.313693642616272,2.1960314181304303,6.1369,5
6236307705101184128,1.0064660422492318,1.1976577043533325,1.6378471851348877,3.1371171474456787,0.430990993976593,3.1951351165771484,0.19119166210410077,3.174036067975632,2.4138,5
65000863988835200,2.1051694279993316,2.1342341899871826,1.984066367149353,2.2917118072509766,1.4007207155227661,2.5113513469696045,0.029064761987851018,3.06948236424283,0.7507,4
64999588381514496,1.9867717342662448,1.5126125812530518,1.4831364154815674,1.9394594430923462,0.6133333444595337,2.1218018531799316,-0.474159153013193,0.7000746681077935,2.4132,3
6245756049031523072,0.7781512503836436,1.3965765237808228,1.7424607276916504,0.7832432389259338,0.4185585677623749,3.203423500061035,0.6184252733971791,2.5617919678659673,5.2346,5
66280248847432192,2.1051694279993316,1.9974775314331055,1.8886662721633911,2.076216220855713,1.031891942024231,2.652252197265625,-0.10769189656622613,2.7165202402414894,0.7778,3
65282098447322752,2.1051694279993316,1.9353153705596924,1.8675580024719238,2.055495500564575,1.3551350831985474,2.4491891860961914,-0.16985405743963922,2.7472521313947103,0.9419,0
664281494793527936,2.8561244442423,1.8109910488128662,1.5619697570800781,0.0,0.18234233558177948,2.747567653656006,-1.045133395429434,0.317754743688782,0.1219,7
661253272269624576,2.8561244442423,1.8109910488128662,1.7710574865341187,1.7363964319229126,1.0526126623153687,2.5113513469696045,-1.045133395429434,2.605165978736864,1.8959,0
5239401432972879872,1.568201724066995,1.4214414358139038,1.410048007965088,1.9436036348342896,0.63819819688797,2.0845046043395996,-0.14676028825309118,1.4876038582419728,5.87,9
660066349465717504,2.8561244442423,1.520900845527649,1.821245551109314,1.2100900411605835,0.8246846795082092,2.983783721923828,-1.3352235987146512,3.036029626809841,1.5405,8
69898810332838400,1.9867717342662448,1.4628828763961792,1.5348032712936401,1.0774774551391602,0.8329729437828064,2.262702703475952,-0.5238888578700656,1.7386948929382864,6.8807,1
149943428633879296,1.9867717342662448,2.8263063430786133,2.903207540512085,2.6729729175567627,2.5362162590026855,3.485225200653076,0.8395346088123685,1.779598285905615,15.6412,3
249584539600350720,1.8325089127062364,1.5913513898849487,1.569602608680725,1.483603596687317,0.4558558464050293,2.457477569580078,-0.24115752282128766,2.4037726902985557,2.4075,9
64894623677888640,1.9867717342662448,1.9394594430923462,1.8926198482513428,2.0969369411468506,1.2515314817428589,2.5818018913269043,-0.04731229117389857,3.075282835635775,0.5168,3
68261053403709312,1.9867717342662448,1.931171178817749,1.8643310070037842,2.22540545463562,1.1106306314468384,2.627387285232544,-0.055600555448495736,3.0729910520971253,0.6034,3
64401389632616960,1.9867717342662448,2.4864864349365234,2.060920000076294,2.5818018913269043,0.9863063097000122,2.8014414310455322,0.4997147006702787,3.223339376890692,0.7454,1
676256486390524288,2.8561244442423,1.392432451248169,1.5928688049316406,0.6340540647506714,0.6423423290252686,2.7061262130737305,-1.4636919929941312,0.5994754061527928,1.4243,7
3306922958753764992,2.88930170250631,2.884324312210083,2.943203926086426,2.6688287258148193,2.48234224319458,3.675855875015259,-0.004977390296227124,0.7133623,5.2056,3
6050295282845046272,1.1367205671564067,1.2556756734848022,1.542426347732544,0.8785585761070251,0.4517117142677307,2.7641441822052,0.11895510632839557,2.400623285588752,5.0314,5
65701527774387840,2.1051694279993316,1.5167567729949951,1.7522393465042114,1.313693642616272,0.8992792963981628,2.82216215133667,-0.5884126550043365,2.935680697558459,1.5478,0
6242558153822184576,1.0064660422492318,1.491891860961914,1.7965812683105469,2.9299099445343018,0.7045044898986816,3.008648633956909,0.4854258187126823,3.137509710672293,1.7355,5
49809495943068288,2.1051694279993316,2.0845046043395996,2.0807247161865234,2.1093692779541016,1.699099063873291,2.4160361289978027,-0.02066482365973199,1.0015130328446364,5.8066,3
65027905102436608,1.9867717342662448,1.069189190864563,1.1323459148406982,0.4972972869873047,0.36468467116355896,1.9145946502685547,-0.9175825434016818,1.8027148020932704,4.2605,3
61554650949438208,2.1051694279993316,2.0845046043395996,2.0771918296813965,2.1218018531799316,1.6908107995986938,2.4118919372558594,-0.02066482365973199,0.9861068841984074,5.6881,3
50976077779666688,1.9867717342662448,1.031891942024231,1.1183149814605713,0.7749549746513367,0.4890090227127075,1.7654054164886475,-0.9548797922420138,1.4731542735984418,4.293,4
664343896375336320,2.8129133566428557,2.0347747802734375,1.8921284675598145,2.1093692779541016,1.0650449991226196,2.6605405807495117,-0.7781385763694182,2.6991775473932416,0.7393,7
3308269757418376576,2.88930170250631,3.199279308319092,3.2592737674713135,3.153693675994873,2.8387386798858643,3.7711710929870605,0.30997760581278166,2.7295369999999988,14.3761,7
6247083125210430080,1.0064660422492318,2.043063163757324,2.0281505584716797,2.0803604125976562,1.6866666078567505,2.370450496673584,1.0365971215080925,3.4851851239246523,0.2638,5
66452734735432192,1.9867717342662448,1.9353153705596924,1.8873751163482666,1.985045075416565,1.3551350831985474,2.469909906387329,-0.05145636370655238,2.461747587748074,1.3411,3
6049795245575761280,1.0064660422492318,1.7032432556152344,1.784224033355713,1.483603596687317,0.8495495319366455,2.772432327270508,0.6967772133660026,2.7977309311900114,1.9168,5
6235428336315960576,1.0064660422492318,2.1590991020202637,2.011392593383789,2.345585584640503,1.301261305809021,2.6066665649414062,1.152633059771032,3.2749361704814333,0.5203,5
148450085683504896,0.6532125137753437,3.3070271015167236,2.2294139862060547,3.6509909629821777,0.3605405390262604,3.775315284729004,2.6538145877413797,3.2858189686990973,4.5123,0
65053915424355584,2.1051694279993316,2.4243242740631104,2.018735408782959,2.6066665649414062,1.069189190864563,2.7558557987213135,0.31915484606377875,3.155594329525729,1.0121,4
64438841747360768,2.1051694279993316,1.3427027463912964,1.4066787958145142,1.1354955434799194,0.7293693423271179,2.1176576614379883,-0.7624666816080352,1.678698358766163,6.9233,4
65270450496044416,2.0492180226701815,1.723963975906372,1.6711668968200684,1.6742342710494995,0.8785585761070251,2.4160361289978027,-0.3252540467638094,2.453403000321485,2.1803,0
66788253282520192,1.9867717342662448,0.8744144439697266,1.769093632698059,0.6630630493164062,0.3149549663066864,3.5639638900756836,-1.1123572902965182,3.2133025966963986,3.0693,1
53864804065393536,1.9867717342662448,1.9601801633834839,1.9163825511932373,2.0596396923065186,1.3841441869735718,2.5030629634857178,-0.026591570882760873,2.594048384503172,1.1256,3
6049774457933432448,1.0107238653917732,1.9187387228012085,1.7843494415283203,2.6356756687164307,0.4144144058227539,2.9879279136657715,0.9080148574094353,2.2250528746397173,8.7755,5
442417954031852032,1.8325089127062364,1.699099063873291,1.7389061450958252,1.4463063478469849,0.8246846795082092,2.5983784198760986,-0.13340984883294538,2.5286798222742326,1.9386,9
3313463953428629632,0.2380461031287954,0.8868468403816223,2.0608177185058594,4.0156755447387695,0.28594595193862915,4.011531352996826,0.6488007372528269,3.5854245461456684,4.5978,1
69811364798863744,1.9867717342662448,1.831711769104004,1.6690614223480225,2.4533333778381348,0.8122522234916687,2.4284684658050537,-0.15505996516224085,2.198971779402312,0.7636,1
65089473457126784,2.1051694279993316,1.2598198652267456,1.4598017930984497,2.287567615509033,0.3563964068889618,2.4616215229034424,-0.845349562772586,1.6341149221768696,9.014,2
658445218353519488,2.8561244442423,2.75171160697937,2.7132654190063477,2.747567653656006,2.6605405807495117,2.8636035919189453,-0.10441283726293005,0.9503562183622724,8.2716,8
65419434321982464,1.9867717342662448,1.893873929977417,1.8240740299224854,1.9021621942520142,1.4007207155227661,2.3621621131896973,-0.09289780428882777,2.6068064765125007,0.959,2
70121805035254144,1.9867717342662448,1.607927918434143,1.6329560279846191,1.5913513898849487,1.1272071599960327,2.1549549102783203,-0.3788438158321017,1.3376252517881977,5.9388,4
661767293953914240,2.8561244442423,2.884324312210083,2.8909730911254883,2.8760359287261963,2.7890090942382812,3.045945882797241,0.028199867967782843,0.9685022690494852,9.0925,8
247999421789789952,1.8325089127062364,1.81513512134552,1.7966896295547485,1.7985585927963257,1.599639654159546,2.0223424434661865,-0.017373791360716373,2.016110776422816,0.2644,9
64168705486089216,2.1051694279993316,2.001621723175049,1.9019837379455566,2.0472071170806885,1.3841441869735718,2.4616215229034424,-0.10354770482428277,3.0015894258860953,0.5606,1
6247575465899922432,1.0064660422492318,1.840000033378601,1.8715152740478516,2.614954948425293,1.0401802062988281,2.722702741622925,0.8335339911293693,2.8848876686242155,1.4203,5
6242599763466335104,1.0064660422492318,1.7944144010543823,1.8168845176696777,1.6120721101760864,0.9572973251342773,2.6812613010406494,0.7879483588051506,2.6865603932103017,1.7329,5
53140397701490176,2.1051694279993316,1.906306266784668,1.8509399890899658,2.1425225734710693,1.3965765237808228,2.3290090560913086,-0.19886316121466363,2.879899923839407,0.7526,2
5239637763586175232,1.7201593034059568,1.2515314817428589,1.8847498893737793,3.750450372695923,0.3729729652404785,3.7711710929870605,-0.4686278216630979,0.1216424074681912,1.0996,7
3288784006192725248,2.88930170250631,2.9257657527923584,3.0222830772399902,2.871891975402832,2.7434234619140625,3.323603630065918,0.036464050286048266,1.762042000000001,14.1207,7
6242620825986034432,0.8948696567452525,1.4090089797973633,1.6517198085784912,1.0981981754302979,0.5180180072784424,2.9754955768585205,0.5141393230521107,2.8777691251827107,2.6406,5
66729674225341696,2.1051694279993316,1.9601801633834839,1.9189937114715576,2.6066665649414062,1.106486439704895,2.7185585498809814,-0.1449892646158477,3.0414704843849876,1.1947,4
5239660372284736896,1.568201724066995,1.7488288879394531,1.7128939628601074,1.9436036348342896,1.1935135126113892,2.138378381729126,0.18062716387245814,0.8935096120032167,3.6061,9
64962174923490304,1.9867717342662448,1.906306266784668,1.8714491128921509,2.519639730453491,1.1935135126113892,2.5859458446502686,-0.08046546748157679,2.8577578939075297,1.2506,4
64103009666497024,1.9867717342662448,1.106486439704895,1.1047083139419556,0.11603603512048721,0.24450451135635376,1.8897297382354736,-0.8802852945613497,1.7958189585893207,3.6187,4
6049244351589198208,1.0107238653917732,1.8607207536697388,2.0614235401153564,3.4189188480377197,0.5801801681518555,3.5473873615264893,0.8499968882779656,0.90551725030536,1.37,5
68296650092601088,2.0492180226701815,0.9200000166893005,1.2379021644592285,0.522162139415741,0.32738739252090454,2.5362162590026855,-1.129218005980881,2.4581929576667108,3.9343,3
6242145626506129664,1.0064660422492318,2.1093692779541016,2.049004077911377,2.2046847343444824,1.5416215658187866,2.6108107566833496,1.1029032357048698,3.234669628999845,0.642,5
67085641114472320,2.1051694279993316,1.9436036348342896,1.9164721965789795,1.9270269870758057,1.375855803489685,2.4989190101623535,-0.16156579316504205,3.070036624795892,0.4729,4
67368868438779392,1.9867717342662448,1.7861261367797852,1.7908329963684082,1.5954954624176025,1.0733333826065063,2.540360450744629,-0.2006455974864596,2.6083683159566435,1.6808,3
69854348831573504,2.1051694279993316,1.3468468189239502,1.3476276397705078,0.21135134994983673,0.31081080436706543,2.358017921447754,-0.7583226090753814,2.395374825579053,2.6849,1
64840541448791424,2.1051694279993316,1.9394594430923462,1.911940336227417,2.138378381729126,1.5374774932861328,2.270991086959839,-0.1657099849069854,3.0540465300795394,0.3057,2
65281239453865856,2.1051694279993316,1.6203603744506836,1.446328043937683,0.0,0.24036036431789398,2.3248648643493652,-0.484809053548648,2.2515536282733004,2.201,1
63627264728628224,1.9867717342662448,1.869009017944336,1.8471869230270386,1.8897297382354736,1.3592792749404907,2.407747745513916,-0.11776271632190882,2.862076528092325,0.4746,4
3314326829537259648,0.2380461031287954,1.6949549913406372,1.6553548574447632,1.5789189338684082,1.0733333826065063,2.2792792320251465,1.4569088882118417,2.201681151418005,2.1455,0
6247726545668907776,1.0064660422492318,1.906306266784668,1.7879700660705566,1.95603609085083,0.7583783864974976,2.7185585498809814,0.8998402245354362,2.0619517592472323,1.3833,5
65289588870240384,1.9867717342662448,1.893873929977417,1.8179893493652344,2.150810718536377,1.3054053783416748,2.3994593620300293,-0.09289780428882777,2.47800699934679,1.237,1
248889442093277696,1.8325089127062364,1.9477477073669434,1.9089415073394775,2.250270366668701,1.570630669593811,2.250270366668701,0.11523879466070697,2.1282003931971754,0.3256,9
53563915834929024,1.9867717342662448,0.8246846795082092,1.3726861476898193,0.0,0.22378379106521606,2.946486473083496,-1.1620870547580355,2.6394437444041694,5.159,3
65023232178029440,1.9867717342662448,1.8482882976531982,1.8028922080993652,2.0099098682403564,1.5333333015441895,2.076216220855713,-0.13848343661304652,2.042118527636683,0.3251,1
144833998098820992,2.88930170250631,2.1590991020202637,2.060997486114502,2.250270366668701,1.4670270681381226,2.6232433319091797,-0.7302026004860465,3.1361669999999986,0.5153,0
64936508198907904,2.1051694279993316,0.9697297215461731,1.0605038404464722,0.6754955053329468,0.44342342019081116,1.699099063873291,-1.1354397064531585,1.483769965290091,3.9273,4
64836349560719232,1.9867717342662448,1.9643243551254272,1.8481645584106445,1.9726126194000244,1.222522497177124,2.4616215229034424,-0.022447379140817514,2.680803999635966,0.7768,1
661292511090872960,2.8561244442423,2.9299099445343018,2.959172487258911,2.896756649017334,2.834594488143921,3.066666603088379,0.0737855002920016,0.8570442890944925,8.4811,7
63547378335443200,1.9867717342662448,2.308288335800171,2.3144078254699707,2.3497297763824463,2.0347747802734375,2.55279278755188,0.32151660153392614,1.3128474865362476,8.4214,1
5239748023979938432,1.568201724066995,1.4172972440719604,1.4121824502944946,1.4587386846542358,0.3729729652404785,2.358017921447754,-0.15090447999503454,2.3774874921920572,2.7958,9
442265087555890176,1.8325089127062364,0.9034234285354614,1.0873366594314575,0.0,0.24036036431789398,1.840000033378601,-0.929085484170775,0.6714078114889414,0.6246,9
68444878003882240,2.1051694279993316,1.7819819450378418,1.7164217233657837,1.8855855464935303,1.0650449991226196,2.1549549102783203,-0.3231874829614898,0.7697136779747431,2.9789,4
274848568032380032,1.8976270912904414,1.7198197841644287,1.6204075813293457,2.333153247833252,0.9241441488265991,2.295855760574341,-0.17780730712601267,1.6200181085131122,0.4962,9
69834866859848192,2.1051694279993316,1.0981981754302979,1.1853781938552856,0.5387387275695801,0.3771171271800995,2.026486396789551,-1.0069712525690337,1.7515975595770523,5.6688,2
64064011363520512,1.9867717342662448,1.429729700088501,1.7332432270050049,1.044324278831482,0.7500900626182556,2.909189224243164,-0.5570420341777438,2.851861398575744,1.792,3
6245905067214867968,1.0064660422492318,2.983783721923828,2.337996482849121,3.6841442584991455,0.36468467116355896,3.7587387561798096,1.9773176796745964,2.813622659963758,7.478,5
662632987562951808,2.8561244442423,3.1122522354125977,2.771477460861206,3.0708107948303223,0.9863063097000122,3.800180196762085,0.2561277911702975,2.894091934271538,6.9189,7
3312520946111619072,2.88930170250631,2.8055856227874756,2.825345993041992,2.7061262130737305,2.602522611618042,3.199279308319092,-0.08371607971883455,1.9621145,14.2698,3
6049076646002793856,0.568201724066995,3.704864978790283,2.5180087089538574,4.139999866485596,0.1989189237356186,4.057116985321045,3.136663254723288,3.6300421327923975,8.0224,5
64884624994048256,2.1051694279993316,2.0472071170806885,1.9435874223709106,2.076216220855713,1.2888288497924805,2.5942342281341553,-0.05796231091864312,2.809254378058899,0.6967,4
610136701814354560,2.8561244442423,2.3994593620300293,2.3627536296844482,2.55279278755188,2.0596396923065186,2.6066665649414062,-0.45666508221227087,1.0947144608510513,7.5636,7
65223515093523328,1.9867717342662448,1.9104504585266113,1.8214577436447144,2.043063163757324,1.239099144935608,2.407747745513916,-0.07632127573963343,3.0402535206653285,0.468,0
66489259137570816,1.9867717342662448,1.301261305809021,1.2858035564422607,1.1727927923202515,0.5801801681518555,1.9228829145431519,-0.6855104284572238,1.4522872676152974,5.2593,3
6052043815573779072,1.1020905255118367,1.1935135126113892,1.6843628883361816,0.7045044898986816,0.3936936855316162,3.240720748901367,0.09142298709955243,2.9804976318149548,2.9541,5
664286446892777472,2.8561244442423,1.0194594860076904,1.1961019039154053,0.5677477717399597,0.3315315246582031,2.21297287940979,-1.8366649582346097,2.567471032180368,4.2059,0
242053950101197184,1.8976270912904414,1.5789189338684082,1.6719343662261963,1.4463063478469849,0.6091892123222351,2.6481080055236816,-0.3187081574220332,2.6358008288344412,1.9644,9
63547270960574336,2.1051694279993316,0.7956756949424744,0.9680811762809753,0.0,0.10360360145568848,2.001621723175049,-1.3094937330568572,1.3214912669333776,0.9898,4
5239819389159663616,1.568201724066995,1.645225167274475,1.6956415176391602,1.5126125812530518,0.6299099326133728,2.639819860458374,0.07702344320748011,2.6496241369444515,1.9167,9
53341642688604416,2.1051694279993316,2.0140540599823,1.8582903146743774,2.1093692779541016,1.1272071599960327,2.507207155227661,-0.0911153680170318,2.896149292076186,0.56,1
6245680560685776768,0.7781512503836436,1.3261260986328125,1.529179573059082,0.978018045425415,0.476576566696167,2.614954948425293,0.5479748482491689,2.335651330191834,4.1533,5
65107860213588096,2.1051694279993316,1.9394594430923462,1.6776282787322998,2.0927927494049072,0.7500900626182556,2.4284684658050537,-0.1657099849069854,1.6695890958289057,8.6033,4
65000863988835200,1.9867717342662448,2.1342341899871826,1.984066367149353,2.2917118072509766,1.4007207155227661,2.5113513469696045,0.14746245572093786,3.06948236424283,0.7507,4
661233137463057152,2.8561244442423,1.6700900793075562,1.7162694931030273,1.7446846961975098,0.9863063097000122,2.5610811710357666,-1.186034364934744,0.2734546344848244,0.1265,6
146675954953119104,0.19589965240923377,1.2018017768859863,1.2725582122802734,1.0194594860076904,0.44342342019081116,2.1466667652130127,1.0059021244767525,1.997028454400592,6.1961,3
68045583484082048,1.9867717342662448,1.9145946502685547,1.7276569604873657,2.026486396789551,0.7003603577613831,2.569369316101074,-0.07217708399769007,2.262599221872666,1.2277,1
69840879814047872,1.9867717342662448,1.831711769104004,1.7860157489776611,1.9518918991088867,1.4007207155227661,2.1218018531799316,-0.15505996516224085,0.8462235273065679,3.7849,4
65134592089910656,1.9867717342662448,1.338558554649353,1.3566949367523193,0.13261261582374573,0.3149549663066864,2.3497297763824463,-0.6482131796168917,2.281605995029738,3.0053,1
53335045618385536,2.0492180226701815,1.6245044469833374,1.600718379020691,1.570630669593811,1.044324278831482,2.2792792320251465,-0.4247135756868441,1.776711138123488,1.8712,4
6235197541948646656,1.0064660422492318,1.3178378343582153,1.5907909870147705,0.978018045425415,0.4682883024215698,2.8926126956939697,0.3113717921089836,2.6766713749072544,2.7218,5
6246938127111232640,1.0064660422492318,1.7363964319229126,1.67653226852417,1.9809008836746216,1.2266666889190674,2.1052253246307373,0.7299303896736808,2.480714631387241,0.383,5
64818203322590208,1.9867717342662448,1.9021621942520142,1.86997389793396,2.063783884048462,1.4090089797973633,2.3414413928985596,-0.0846095400142306,3.1596074040572257,0.503,4
68348155340347776,2.0492180226701815,1.1727927923202515,1.3443561792373657,0.8661261200904846,0.5014414191246033,2.4118919372558594,-0.87642523034993,2.423052931462257,4.3907,1
64671903852618624,1.9867717342662448,1.6866666078567505,1.6783806085586548,2.21297287940979,0.9200000166893005,2.2544143199920654,-0.30010512640949427,0.7199489260100878,2.2633,4
3313285110990793472,2.88930170250631,3.435495376586914,3.4575321674346924,3.298738718032837,3.1246845722198486,3.8954954147338867,0.5461936740806039,2.760940999999999,21.281,3
6044816725648477952,1.1020905255118367,1.2598198652267456,1.5893052816390991,0.8744144439697266,0.44342342019081116,2.9133334159851074,0.15772933971490888,2.471890528190907,5.2039,5
65257187636977536,2.1051694279993316,2.0347747802734375,1.9021103382110596,2.2917118072509766,1.247387409210205,2.478198289871216,-0.0703946477258941,3.16309793283207,0.5625,1
66452734735432192,2.0492180226701815,1.9353153705596924,1.8873751163482666,1.985045075416565,1.3551350831985474,2.469909906387329,-0.11390265211048911,2.461747587748074,1.3411,3
67998201404864896,1.9867717342662448,1.906306266784668,1.8780913352966309,1.993333339691162,1.4255856275558472,2.3745946884155273,-0.08046546748157679,3.113748044460267,0.4987,4
67074096242336384,1.9867717342662448,1.3717117309570312,1.5303027629852295,1.3468468189239502,0.4682883024215698,2.701982021331787,-0.6150600033092135,2.689849015437378,2.4559,2
4087782677845919744,3.490000641890952,3.045945882797241,3.065685510635376,3.0335135459899902,2.9257657527923584,3.190990924835205,-0.44405475909371095,0.8541600000683262,9.4787,7
659680072990872704,2.8129133566428557,1.1479278802871704,1.4079928398132324,0.9738738536834717,0.4724324345588684,2.7558557987213135,-1.6649854763556853,2.8351912670024384,2.7199,6
68323485048225152,2.1051694279993316,1.4090089797973633,1.299164056777954,0.0,0.2983783781528473,1.9891891479492188,-0.6961604482019683,1.819071055449223,2.9958,4
6245859403122312704,1.0,1.313693642616272,1.8401095867156982,3.2448649406433105,0.592612624168396,3.3401801586151123,0.313693642616272,3.5798200309386212,1.7888,5
146709146460303744,0.6532125137753437,2.9381980895996094,2.369152545928955,3.1619820594787598,1.0484684705734253,3.4396395683288574,2.2849855758242654,3.894954152697704,0.6635,3
6048990849739063936,1.0107238653917732,1.2556756734848022,1.3457568883895874,1.123063087463379,0.46414414048194885,2.0596396923065186,0.24495180809302908,1.679889199643707,3.7314,5
3312882483575093760,2.88930170250631,1.0111712217330933,1.3894615173339844,0.46000000834465027,0.32324323058128357,2.9174773693084717,-1.8781304807732169,2.755012500000001,5.9788,2
69829541100441600,1.9867717342662448,1.2432432174682617,1.3712120056152344,0.8454053997993469,0.5718919038772583,2.308288335800171,-0.743528516797983,2.439886664841701,3.9411,1
6242623299886328320,1.0064660422492318,1.4090089797973633,2.0378525257110596,3.3318917751312256,0.7376576662063599,3.4520721435546875,0.40254293754813153,3.8482602974220015,1.5587,5
6243154501445899264,1.0064660422492318,0.7749549746513367,0.9404336810112,0.319099098443985,0.24864864349365234,1.4587386846542358,-0.23151106759789508,1.1334009754144423,2.4263,5
66940299422471296,2.0492180226701815,1.840000033378601,1.7342615127563477,1.9394594430923462,1.0774774551391602,2.320720672607422,-0.20921798929158042,2.204352404560921,1.6319,3
441378159630386816,1.8976270912904414,1.2266666889190674,1.2183970212936401,1.3344143629074097,0.3978378474712372,1.9643243551254272,-0.670960402371374,1.8129573977490925,3.8912,9
66747816167123712,2.1051694279993316,2.295855760574341,2.3031506538391113,2.370450496673584,2.043063163757324,2.515495538711548,0.19068633257500922,1.1667559202131434,7.7641,1
66799768088857856,2.1051694279993316,1.9891891479492188,1.9327036142349243,2.1342341899871826,1.54576575756073,2.320720672607422,-0.11598028005011285,1.4086033615703133,7.4313,4
57036757670988288,1.9867717342662448,0.9448648691177368,1.2198150157928467,0.791531503200531,0.3605405390262604,2.3290090560913086,-1.041906865148508,1.9581582512646216,7.6435,4
51874997255145728,2.1051694279993316,1.9477477073669434,1.849987268447876,2.0099098682403564,1.2639639377593994,2.4491891860961914,-0.15742172063238824,2.8856726360899234,0.6818,0
64456262134709376,2.1051694279993316,1.4131531715393066,1.7297179698944092,1.2100900411605835,0.7583783864974976,2.8926126956939697,-0.692016256460025,2.8523718436246637,1.9683,2
6248987273186258176,0.7781512503836436,3.116396427154541,2.637998580932617,3.1122522354125977,1.2308107614517212,3.481081008911133,2.338245176770897,4.212538989716336,0.9084,5
6045982792082523136,1.1367205671564067,1.968468427658081,1.9619195461273193,2.6439640522003174,1.123063087463379,2.7890090942382812,0.8317478605016744,2.9923522166162013,1.3454,5
233593860965180928,1.8976270912904414,1.9145946502685547,1.921086311340332,1.4131531715393066,0.9863063097000122,2.8263063430786133,0.016967558978113306,2.8492819145825643,1.3598,9
664325170317925120,2.8561244442423,1.2266666889190674,1.275413155555725,0.24036036431789398,0.3398198187351227,2.21297287940979,-1.6294577553232328,2.0722937758584257,4.1804,8
5241171994629953920,1.568201724066995,1.8565765619277954,1.8608582019805908,1.5374774932861328,1.0650449991226196,2.652252197265625,0.2883748378608004,2.6481567461244886,1.6241,9
6049891517263095168,1.0107238653917732,0.6879279017448425,0.7847719788551331,0.42270269989967346,0.24036036431789398,1.3592792749404907,-0.32279596364693064,-0.0819428294858674,1.6968,5
65787289680918528,2.1051694279993316,2.3414413928985596,2.369380235671997,2.395315408706665,2.026486396789551,2.6356756687164307,0.23627196489922797,1.1041857441010057,7.5358,3
147790202612482560,0.6532125137753437,2.407747745513916,1.9316322803497314,2.7102701663970947,0.476576566696167,3.2117116451263428,1.7545352317385723,2.3484709507252415,6.938,0
65717814290369920,1.9867717342662448,1.9104504585266113,1.844176173210144,2.0845046043395996,1.1396396160125732,2.5486485958099365,-0.07632127573963343,2.923789883688569,0.6774,3
65502206932420224,2.8750612633917,1.4628828763961792,1.503359317779541,1.7115315198898315,0.46000000834465027,2.627387285232544,-1.412178386995521,3.066152999999998,1.3181,1
657708824736752896,2.8561244442423,3.045945882797241,3.048642635345459,3.016937017440796,2.8801801204681396,3.36090087890625,0.18982143855494105,2.0802620282478532,18.8608,8
6237173192548569600,1.0064660422492318,2.2917118072509766,2.1845977306365967,2.4616215229034424,1.5291892290115356,2.834594488143921,1.2852457650017448,3.732481412225421,0.6196,5
66821655244731264,1.9867717342662448,2.026486396789551,1.9178427457809448,2.125946044921875,1.3427027463912964,2.5113513469696045,0.03971466252330602,2.771815978222414,0.925,0
66926211929978880,2.1051694279993316,1.9974775314331055,1.9482383728027344,2.051351308822632,1.4131531715393066,2.4740540981292725,-0.10769189656622613,2.9366269826865543,0.4999,2
6237045614838931328,1.2730012720637376,1.2556756734848022,1.703340768814087,0.7625225186347961,0.40612611174583435,3.2117116451263428,-0.01732559857893534,2.632922174042692,4.4775,5
66887660303617408,1.9867717342662448,2.051351308822632,1.9497053623199463,2.246126174926758,1.3302702903747559,2.5735135078430176,0.06457957455638708,3.1992737655062364,0.5091,0
6050322633200555904,1.0064660422492318,2.3663063049316406,2.161759853363037,2.9257657527923584,1.1272071599960327,3.1246845722198486,1.3598402626824089,3.4742068369002106,1.2387,5
6235126962747635712,1.0064660422492318,2.49477481842041,2.0360426902770996,2.784864902496338,0.3978378474712372,3.29045033454895,1.4883087761711784,2.281574970904116,9.7332,5
65247704349267584,1.9867717342662448,2.076216220855713,2.0732061862945557,2.125946044921875,1.7985585927963257,2.3041441440582275,0.08944448658946813,0.9914829882662596,5.8027,1
661353224747228544,2.8561244442423,1.1645045280456543,1.3874073028564453,0.9034234285354614,0.40612611174583435,2.5735135078430176,-1.6916199161966459,2.597813835250828,3.9975,8
65153833543386624,1.9867717342662448,0.9987387657165527,1.204408884048462,0.2196396440267563,0.2983783781528473,2.262702703475952,-0.988032968549692,1.9075484564143543,7.9533,2
5290730385268977536,2.419955748489758,1.3344143629074097,1.2917284965515137,1.5043243169784546,0.7086486220359802,1.7073873281478882,-1.0855413855823484,0.9841172640043218,0.1662,8
66658996243552000,1.9867717342662448,1.3095495700836182,1.292270302772522,1.4255856275558472,0.8371171355247498,1.7073873281478882,-0.6772221641826266,1.2069588308732084,4.1734,1
664477968073854720,2.8129133566428557,1.599639654159546,1.7580598592758179,1.375855803489685,0.8412612676620483,2.813873767852783,-1.2132737024833098,2.862501125860761,1.7591,8
5586717403640706304,1.6857417386022637,0.8536936640739441,0.9219436049461365,0.3771171271800995,0.26936936378479004,1.5374774932861328,-0.8320480745283196,-0.1941590571738027,1.234,8
66539252556578816,2.1051694279993316,1.2598198652267456,1.3288459777832031,0.9697297215461731,0.6299099326133728,2.067927837371826,-0.845349562772586,1.7077188762673248,6.3581,4
66897933865345920,1.9867717342662448,1.1354955434799194,1.2239586114883423,0.8536936640739441,0.5345945954322815,1.9436036348342896,-0.8512761907863253,1.6134436078957175,5.2432,4
6235133014360031232,1.0064660422492318,2.1176576614379883,2.0251874923706055,2.5610811710357666,1.239099144935608,2.7682883739471436,1.1111916191887565,2.9594363151528444,1.2668,5
64864593265614464,2.0492180226701815,1.7488288879394531,1.738253116607666,1.752972960472107,1.5126125812530518,1.9643243551254272,-0.30038913473072837,2.2804538157405068,0.315,4
70426507196531456,2.1051694279993316,1.3427027463912964,1.4040260314941406,1.239099144935608,0.745945930480957,2.0969369411468506,-0.7624666816080352,1.6631896053446704,6.7214,4
664402170491377920,2.8561244442423,1.131351351737976,1.5937933921813965,0.8868468403816223,0.4682883024215698,2.9050450325012207,-1.724773092504324,2.3805289614616107,8.6934,8
6049610080944881408,1.0107238653917732,1.9809008836746216,1.894392490386963,2.088648557662964,1.3468468189239502,2.4243242740631104,0.9701770182828484,3.089428064552479,0.5778,5
64884899871954176,2.1051694279993316,1.7115315198898315,1.722264289855957,1.5374774932861328,0.9117116928100586,2.5859458446502686,-0.39363790810950006,2.6803682295063416,1.7147,4
6244705293871433856,1.1020905255118367,1.160360336303711,1.8625335693359375,3.4645044803619385,0.3315315246582031,3.5722522735595703,0.05826981079187421,3.2014738007863364,3.7149,5
51609980593783424,1.9867717342662448,1.9145946502685547,1.8694956302642822,2.258558511734009,1.4048649072647095,2.333153247833252,-0.07217708399769007,3.037342919476401,0.3228,3
6243130106031671168,1.0,1.375855803489685,1.5488063097000122,1.1437838077545166,0.522162139415741,2.5942342281341553,0.37585580348968506,2.373582949605805,3.9968,5
6043191956700760320,1.0107238653917732,2.200540542602539,2.0936501026153564,2.320720672607422,1.5416215658187866,2.689549446105957,1.189816677210766,3.081144858254214,0.8382,5
64938569783224960,2.1051694279993316,1.8897297382354736,1.6983156204223633,2.308288335800171,0.4185585677623749,2.4864864349365234,-0.21543968976385797,2.613656035202452,1.3656,1
6051578408618448256,0.568201724066995,1.54576575756073,1.5960451364517212,1.599639654159546,0.8205405473709106,2.382882833480835,0.977564033493735,2.116195410008141,1.7455,5
441493780152662144,1.8976270912904414,0.9614414572715759,1.1152241230010986,0.0,0.26936936378479004,1.8358558416366577,-0.9361856340188655,0.6667004331251207,0.6784,9
6242887732432964864,1.0064660422492318,1.1810810565948486,1.739757776260376,3.2075674533843994,0.4517117142677307,3.3028829097747803,0.17461501434561688,3.43347031583007,1.9535,5
68296650092601088,1.9867717342662448,0.9200000166893005,1.2379021644592285,0.522162139415741,0.32738739252090454,2.5362162590026855,-1.0667717175769442,2.4581929576667108,3.9343,3
6245700145736963072,0.7781512503836436,1.1893693208694458,1.9831228256225586,3.5100901126861572,0.4931531548500061,3.6136937141418457,0.41121807048580217,3.896091718368011,1.8526,5
66789872486779520,2.1051694279993316,1.8814414739608765,1.8818398714065552,2.051351308822632,0.9614414572715759,2.726846933364868,-0.22372795403845513,-0.0109497085365036,0.3435,3
6042459132197205504,1.2730012720637376,1.831711769104004,1.6541528701782227,2.175675630569458,0.9200000166893005,2.200540542602539,0.5587104970402663,0.7676712434869225,2.7172,8
65223515093523328,2.1051694279993316,1.9104504585266113,1.8214577436447144,2.043063163757324,1.239099144935608,2.407747745513916,-0.19471896947272027,3.0402535206653285,0.468,0
6243156528670527744,1.0064660422492318,1.2929729223251343,1.6205655336380005,0.9697297215461731,0.4558558464050293,3.0708107948303223,0.2865068800759025,2.8689547838234444,3.1228,5
65211145587780992,2.1051694279993316,1.0981981754302979,1.1638504266738892,1.0981981754302979,0.36468467116355896,2.001621723175049,-1.0069712525690337,1.7938773963740118,5.2913,4
6243147492050772864,1.0,1.5623422861099243,1.7971543073654175,2.921621561050415,0.7210810780525208,2.9879279136657715,0.5623422861099243,3.0568412854904943,1.9375,5
66800180408292992,1.9867717342662448,1.840000033378601,1.8124066591262817,1.8855855464935303,1.3095495700836182,2.370450496673584,-0.14677170088764369,2.424991883950972,1.1283,3
53758254515062784,1.9867717342662448,1.0194594860076904,1.2554244995117188,0.791531503200531,0.3563964068889618,2.2917118072509766,-0.9673122482585543,1.9063952820370729,6.8065,3
66897933865345920,2.1051694279993316,1.1354955434799194,1.2239586114883423,0.8536936640739441,0.5345945954322815,1.9436036348342896,-0.9696738845194122,1.6134436078957175,5.2432,4
65213172812266240,1.9867717342662448,1.869009017944336,1.847920298576355,1.9643243551254272,1.2971171140670776,2.469909906387329,-0.11776271632190882,3.0384679256507465,0.4613,3
64941211186036352,2.1051694279993316,1.7861261367797852,1.6393609046936035,2.1300899982452393,0.9987387657165527,2.175675630569458,-0.31904329121954644,0.7652699761285023,2.8213,2
66831069813319936,1.9867717342662448,1.9145946502685547,1.8639159202575684,2.001621723175049,1.5540540218353271,2.2046847343444824,-0.07217708399769007,2.6416170125503164,0.3368,3
659439078082230016,2.8561244442423,2.859459400177002,2.7373669147491455,2.859459400177002,2.6481080055236816,3.041801691055298,0.0033349559347017887,0.6908675937560239,4.2606,7
70121805035254144,2.1051694279993316,1.607927918434143,1.6329560279846191,1.5913513898849487,1.1272071599960327,2.1549549102783203,-0.49724150956518853,1.3376252517881977,5.9388,4
664634820279791488,2.8561244442423,2.0596396923065186,1.9726247787475586,2.1300899982452393,1.2681081295013428,2.6066665649414062,-0.7964847519357816,2.798645058813391,0.6684,2
6045047760525893504,1.1020905255118367,1.645225167274475,1.7227952480316162,1.4338738918304443,0.754234254360199,2.735135078430176,0.5431346417626384,2.701092224788439,2.0817,5
66811450402457216,1.9867717342662448,1.4628828763961792,1.4981778860092163,1.2681081295013428,0.8495495319366455,2.163243293762207,-0.5238888578700656,1.670042763566598,6.2766,1
66451497784867712,1.9867717342662448,1.9518918991088867,1.9141359329223633,2.138378381729126,1.5913513898849487,2.2171170711517334,-0.03487983515735804,2.757854068456767,0.3389,4
661251966599576576,2.8561244442423,2.954774856567383,2.946831226348877,2.9630630016326904,2.8055856227874756,3.0956757068634033,0.09865041232508265,1.401481729450651,12.6761,8
66960743466922624,2.1051694279993316,2.0472071170806885,1.9786250591278076,2.445044994354248,1.429729700088501,2.569369316101074,-0.05796231091864312,3.143828650002434,0.6648,2
248238187611328768,1.8325089127062364,1.0111712217330933,1.2408175468444824,0.319099098443985,0.32738739252090454,2.395315408706665,-0.8213376909731431,2.3048578874153787,6.0719,9
53335045618385536,1.9867717342662448,1.6245044469833374,1.600718379020691,1.570630669593811,1.044324278831482,2.2792792320251465,-0.36226728728290736,1.776711138123488,1.8712,4
66509771901085696,1.9867717342662448,2.051351308822632,1.9705092906951904,2.101081132888794,1.4214414358139038,2.544504404067993,0.06457957455638708,3.194106487588731,0.3562,1
5318316096918509568,1.568201724066995,1.6576576232910156,1.5294504165649414,0.40198197960853577,0.430990993976593,2.3787386417388916,0.08945589922402064,0.6251626370593508,0.9474,7
65783029073414144,1.9867717342662448,1.9353153705596924,1.7583280801773071,2.030630588531494,0.7832432389259338,2.5818018913269043,-0.05145636370655238,2.314644475699492,1.1322,1
664506173122311936,2.8561244442423,2.784864902496338,2.8830204010009766,2.776576519012451,2.6936936378479004,2.9381980895996094,-0.07125954174596227,0.9784910662729734,8.5169,6
661295672186702336,2.8561244442423,1.3799999952316284,1.5965838432312012,1.1976577043533325,0.6133333444595337,2.809729814529419,-1.4761244490106717,2.860237231884781,2.0971,8
660751581432060800,2.8561244442423,2.9879279136657715,2.3366193771362305,3.1205406188964844,0.5055856108665466,3.5598199367523193,0.13180346942347132,2.8886514265311023,7.4455,0
64272128296706432,1.9867717342662448,2.200540542602539,2.2103323936462402,2.188108205795288,1.9436036348342896,2.445044994354248,0.2137688083362943,1.187690729343017,7.4311,1
6242374604106794496,0.8948696567452525,1.0650449991226196,1.1565134525299072,0.7790991067886353,0.3605405390262604,1.8648648262023926,0.1701753423773671,1.5272362820896772,4.387,5
51257621476724096,2.1051694279993316,2.001621723175049,1.9170314073562622,2.49477481842041,1.3509910106658936,2.469909906387329,-0.10354770482428277,2.65511165147639,0.5153,4
68174191984522368,2.1051694279993316,2.038918972015381,1.9394023418426514,2.2212612628936768,1.4131531715393066,2.4989190101623535,-0.06625045598395074,2.8982053841573787,0.7729,1
66782897460055424,2.1051694279993316,1.9974775314331055,1.966806173324585,2.4243242740631104,1.2639639377593994,2.6812613010406494,-0.10769189656622613,2.8338020117755063,1.1036,3
64930495244783616,2.1051694279993316,1.6120721101760864,1.6000711917877197,2.043063163757324,0.5345945954322815,2.4118919372558594,-0.4930973178232452,0.5535857375827349,0.5207,1
50248991357476736,2.88930170250631,2.088648557662964,2.010080337524414,2.3041441440582275,1.3882882595062256,2.6356756687164307,-0.8006531448433463,3.060380499999999,0.8024,3
64964717544035200,1.9867717342662448,1.0899099111557007,1.2216628789901733,1.094054102897644,0.40612611174583435,2.1715314388275146,-0.8968618231105441,1.988355257163158,6.8448,4
66960262430594816,1.9867717342662448,2.1052253246307373,2.0258305072784424,2.3165764808654785,0.8578378558158875,3.261441469192505,0.11845359036449254,0.6413496420720666,1.8984,1
661422837576998784,2.8561244442423,2.921621561050415,2.9704136848449707,2.8760359287261963,2.797297239303589,3.103963851928711,0.06549711680811487,1.005925392600492,9.5417,0
6245845586211677312,1.0,1.6576576232910156,1.6992180347442627,1.5954954624176025,0.8163964152336121,2.590090036392212,0.6576576232910156,2.466501414901397,2.0828,5
45022222315428608,1.9867717342662448,1.2556756734848022,1.180102825164795,0.0,0.26936936378479004,1.9353153705596924,-0.7310960607814425,1.0851665107651558,0.531,4
65042439271761280,1.9867717342662448,1.9187387228012085,1.8966906070709229,1.9104504585266113,1.508468508720398,2.2917118072509766,-0.06803301146503626,3.209877810269189,0.2943,0
67732257029618048,2.0492180226701815,1.094054102897644,1.1632362604141235,0.2527928054332733,0.31081080436706543,2.030630588531494,-0.9551639197725375,2.104937868435058,3.7815,3
64959662365552384,2.1051694279993316,1.6245044469833374,1.4713293313980103,1.906306266784668,0.8992792963981628,1.9767568111419678,-0.4806649810159942,1.5644890117203822,0.3888,1
68323966084583680,2.1051694279993316,1.9601801633834839,1.8461812734603882,2.0099098682403564,1.2100900411605835,2.457477569580078,-0.1449892646158477,2.915710486612056,0.5751,0
664477968073854720,2.8561244442423,1.599639654159546,1.7580598592758179,1.375855803489685,0.8412612676620483,2.813873767852783,-1.2564847900827543,2.862501125860761,1.7591,8
66719194505127168,1.9867717342662448,1.9104504585266113,1.871559977531433,1.9809008836746216,1.4255856275558472,2.337297201156616,-0.07632127573963343,3.1930459132744216,0.4114,1
64981137202021376,2.1051694279993316,1.520900845527649,1.4359784126281738,1.9353153705596924,0.6091892123222351,2.1218018531799316,-0.5842685824716827,1.3401214160913733,0.5807,3
453287657264888192,1.8325089127062364,1.168648600578308,1.357996940612793,1.1727927923202515,0.4144144058227539,2.4657657146453857,-0.6638603121279283,2.492642131546182,3.0332,9
664437286143573760,2.8561244442423,2.7641441822052,2.798642873764038,2.735135078430176,2.6066665649414062,2.9506306648254395,-0.09198026203709997,1.0670449852865194,9.1006,0
65284228751087872,2.0492180226701815,1.3344143629074097,1.46254563331604,1.3219820261001587,0.4102702736854553,2.5983784198760986,-0.7148036597627718,2.593500946627984,2.4433,1
664594585026149504,2.8561244442423,1.8275675773620605,1.7781140804290771,1.877297282218933,1.4877477884292603,2.0720720291137695,-1.0285568668802396,1.2115319983052693,6.028,2
661353224747228544,2.8129133566428557,1.1645045280456543,1.3874073028564453,0.9034234285354614,0.40612611174583435,2.5735135078430176,-1.6484088285972014,2.597813835250828,3.9975,8
6242564166776356864,0.8948696567452525,0.8246846795082092,0.9524528980255127,0.522162139415741,0.30666667222976685,1.491891860961914,-0.07018497723704331,1.1867223900200403,2.9508,5
661407375694800000,2.8561244442423,2.49477481842041,1.9235444068908691,3.0998198986053467,0.3398198187351227,3.36090087890625,-0.36134962582189,2.837364938697008,6.4138,6
68183331674900864,2.1051694279993316,1.9726126194000244,1.8963006734848022,2.113513469696045,1.4090089797973633,2.395315408706665,-0.13255680859930719,3.05359874749037,0.6059,4
244961093205959424,1.8976270912904414,1.1189188957214355,1.3124723434448242,1.0816216468811035,0.40612611174583435,2.3994593620300293,-0.7787081955690058,2.414091686537268,3.7066,9
66899239535574400,2.0492180226701815,1.95603609085083,1.7754449844360352,2.208828926086426,0.7252252101898193,2.5030629634857178,-0.09318193181935142,2.6268650786782475,1.2287,1
659329126920001408,2.8561244442423,2.0099098682403564,1.8854275941848755,2.043063163757324,1.0733333826065063,2.6563963890075684,-0.8462145760019437,2.5687880330533117,0.8984,7
6039044255241799808,1.0107238653917732,2.1839640140533447,2.042847156524658,2.2917118072509766,1.4048649072647095,2.627387285232544,1.1732401486615716,3.3241909816783606,0.6262,5
664310601788795392,2.8561244442423,2.026486396789551,1.9380539655685425,2.200540542602539,1.4048649072647095,2.490630626678467,-0.8296380474527494,3.067714200279412,0.5777,8
6050242300128148736,0.568201724066995,2.150810718536377,2.0662102699279785,2.138378381729126,1.4628828763961792,2.6439640522003174,1.582608994469382,3.604177768860375,0.5236,5
342869957955643264,3.0800128471079278,3.6012613773345947,3.591318368911743,3.5888288021087646,3.3318917751312256,3.8789188861846924,0.521248530226667,1.3507849992545728,14.8649,9
664446700711823616,2.8129133566428557,3.398198127746582,3.3540496826171875,3.373333215713501,3.054234266281128,3.7794594764709473,0.5852847711037263,2.7315596435413445,19.6205,0
63826070174824192,2.1051694279993316,2.0596396923065186,1.9540936946868896,2.1963963508605957,1.4628828763961792,2.4409008026123047,-0.045529735692813045,2.9076424286365654,0.8126,4
5241172303867599488,1.568201724066995,3.2324323654174805,3.189537525177002,3.240720748901367,2.8553152084350586,3.6136937141418457,1.6642306413504855,2.5247505566126778,18.6712,9
65289279632598016,2.1051694279993316,1.1023423671722412,1.934678554534912,3.5390992164611816,0.22378379106521606,3.6592793464660645,-1.0028270608270904,3.0560521185480476,5.5274,4
65233788655261568,1.9867717342662448,1.8192793130874634,1.801579236984253,1.9145946502685547,1.0526126623153687,2.320720672607422,-0.16749242117878138,0.9814774963005862,5.3716,3
69906472554465792,2.1051694279993316,1.8855855464935303,1.82962965965271,1.9726126194000244,1.5126125812530518,2.1839640140533447,-0.21958388150580133,2.4116298381815797,0.3522,3
6050017587444232448,1.0107238653917732,1.6825225353240967,1.7863807678222656,1.4338738918304443,0.8536936640739441,2.7807207107543945,0.6717986699323235,2.840227453446275,1.7949,5
65275089060719104,2.1051694279993316,2.055495500564575,2.021904230117798,2.138378381729126,1.8027026653289795,2.28342342376709,-0.049673927434756404,0.980950572268516,5.5359,2
65819965792011904,2.1051694279993316,1.1437838077545166,1.1859252452850342,0.0,0.29009008407592773,1.8897297382354736,-0.961385620244815,0.6719272289840518,0.8813,1
6050957498083223936,0.568201724066995,1.931171178817749,1.8707475662231445,1.931171178817749,1.247387409210205,2.5569369792938232,1.362969454750754,2.5404824340141996,0.7203,5
6245819786343951744,0.7781512503836436,2.614954948425293,2.160940647125244,2.9754955768585205,1.0401802062988281,3.1868467330932617,1.8368036980416493,3.5848558675527182,1.184,5
66885942316710784,2.1051694279993316,2.0223424434661865,1.9228793382644653,2.1549549102783203,1.4007207155227661,2.4409008026123047,-0.08282698453314508,3.065746980124212,0.6339,4
3307489031146701696,2.88930170250631,3.0625224113464355,3.1401493549346924,3.045945882797241,2.809729814529419,3.518378496170044,0.17322070884012541,2.3424750000000003,17.5418,7
64990586130069504,2.1051694279993316,2.1176576614379883,1.943556547164917,2.246126174926758,1.123063087463379,2.445044994354248,0.012488233438656682,1.547288206911442,8.4684,2
151037064744973696,1.0413926851582251,2.3745946884155273,1.9778081178665161,2.9796395301818848,0.7666666507720947,3.1329729557037354,1.3332020032573022,3.1378105213688463,1.4626,1
66694455493470464,1.9867717342662448,1.3427027463912964,1.2294762134552002,0.0,0.17405405640602112,2.138378381729126,-0.6440689878749484,1.8353637743664155,2.4823,4
66997817623367296,1.9867717342662448,0.9282882809638977,0.9584400653839111,0.0,0.18648648262023926,1.7405405044555664,-1.058483453302347,1.686461355288742,3.3025,0
3312602348628348032,2.88930170250631,2.735135078430176,2.788665294647217,2.735135078430176,2.5942342281341553,2.9050450325012207,-0.15416662407613435,1.085056999999999,9.0911,1
3411758128287351808,2.88930170250631,1.4172972440719604,1.480290174484253,1.6535135507583618,0.44756758213043213,2.627387285232544,-1.4720044584343497,3.0233859999999986,1.4377,1
67352066526730240,1.9867717342662448,2.030630588531494,1.9069900512695312,2.577657699584961,1.1893693208694458,2.6232433319091797,0.04385885426524938,2.8979213218826083,1.0564,1
44388010264995200,2.88930170250631,2.1052253246307373,2.0702309608459473,2.345585584640503,1.5664864778518677,2.490630626678467,-0.7840763778755728,3.645363999999999,0.3127,4
5239086805168167168,1.568201724066995,1.044324278831482,1.2347322702407837,0.8909909725189209,0.3398198187351227,2.3165764808654785,-0.523877445235513,2.258484570380609,5.5697,9
65787289680918528,1.9867717342662448,2.3414413928985596,2.369380235671997,2.395315408706665,2.026486396789551,2.6356756687164307,0.3546696586323148,1.1041857441010057,7.5358,3
5240343817519314944,1.568201724066995,1.5126125812530518,1.43865168094635,2.3124325275421143,0.4558558464050293,2.28342342376709,-0.055589142813943226,1.3061156054141043,0.5375,9
3410390468964390400,2.8750612633917,2.6481080055236816,2.3542239665985107,2.6563963890075684,0.9324324131011963,3.141261339187622,-0.22695325786801845,2.322266000000001,10.9622,3
66665902550940800,2.1051694279993316,1.985045075416565,1.9263594150543213,2.3994593620300293,1.4504504203796387,2.3870270252227783,-0.12012435258276666,2.7295242320021584,0.4313,4
64938569783224960,1.9867717342662448,1.8897297382354736,1.6983156204223633,2.308288335800171,0.4185585677623749,2.4864864349365234,-0.09704199603077113,2.613656035202452,1.3656,1
45367056650753280,2.88930170250631,3.3774774074554443,3.4084384441375732,3.286306381225586,3.0500900745391846,3.7918918132781982,0.4881757049491342,0.7535939999999997,7.5793,1
5290767459427547136,2.419955748489758,1.8482882976531982,1.728066086769104,1.8275675773620605,1.1976577043533325,2.1425225734710693,-0.5716674508365598,1.0837911160297264,5.946,8
70252681278085376,2.1051694279993316,2.125946044921875,2.0718278884887695,2.270991086959839,1.8068468570709229,2.337297201156616,0.0207766169225434,0.8894511191082363,4.8566,4
659532399131904768,2.8561244442423,1.993333339691162,1.8520808219909668,2.018198251724243,0.9282882809638977,2.6605405807495117,-0.862791104551138,2.4068058678836457,0.9003,8
6235806259081172736,1.2730012720637376,1.0236035585403442,1.1381988525390625,0.0,0.26522523164749146,1.7902703285217285,-0.24939771352339335,1.4603068999088795,3.0902,5
6049168008547148416,0.568201724066995,0.46414414048194885,1.3114309310913086,0.0,0.10774774849414825,3.9908108711242676,-0.10405758358504613,4.033926229925327,7.0185,5
45968901826385024,2.88930170250631,2.8055856227874756,2.845806837081909,2.726846933364868,2.6356756687164307,3.1495494842529297,-0.08371607971883455,1.8004464999999996,13.8645,3
5241540812064026368,1.568201724066995,1.00702702999115,1.2312899827957153,0.8578378558158875,0.319099098443985,2.3745946884155273,-0.5611746940758451,2.3153877741516826,5.6648,9
66738023641737088,1.9867717342662448,1.9974775314331055,1.9288184642791748,2.445044994354248,1.3509910106658936,2.55279278755188,0.010705797166860709,3.0148773993216733,0.8225,2
6243349046284338432,0.8948696567452525,2.005765676498413,1.9198235273361206,2.515495538711548,1.1645045280456543,2.5859458446502686,1.1108960197531605,1.8843627956881652,0.8949,5
64174546641593984,2.1051694279993316,2.1093692779541016,1.9744431972503662,2.113513469696045,1.2598198652267456,2.677117109298706,0.004199849954769963,2.532728508334991,0.8902,4
45404199528067200,2.88930170250631,2.101081132888794,2.0977468490600586,2.2668468952178955,1.723963975906372,2.4284684658050537,-0.7882205696175162,3.6208979999999986,0.2966,4
251087228398581120,1.8976270912904414,1.363423466682434,1.4715490341186523,2.125946044921875,0.4144144058227539,2.3663063049316406,-0.5342036246080073,0.6160200370367319,0.917,9
6050514120021417728,1.1020905255118367,1.3592792749404907,1.664940595626831,0.8909909725189209,0.476576566696167,3.029369354248047,0.257188749428654,2.6282546606956014,3.2786,5
610194902914961664,2.8561244442423,2.8926126956939697,2.847705364227295,2.8760359287261963,2.75171160697937,3.054234266281128,0.03648825145166956,0.7389066313733851,5.6429,7
63849572235829248,1.9867717342662448,1.6120721101760864,1.627495527267456,1.599639654159546,1.0774774551391602,2.1798198223114014,-0.37469962409015833,1.3819219633297892,6.2131,4
661243273585807872,2.8561244442423,2.954774856567383,2.9235424995422363,2.9381980895996094,2.813873767852783,3.1205406188964844,0.09865041232508265,0.7375497957995202,6.0115,7
65161976802151680,1.9867717342662448,1.106486439704895,1.1995911598205566,0.6506306529045105,0.42684683203697205,2.0140540599823,-0.8802852945613497,1.702617348779947,5.8021,2
69807963184755840,2.1051694279993316,1.9518918991088867,1.8457727432250977,1.9891891479492188,1.239099144935608,2.457477569580078,-0.15327752889044488,2.9663016439586674,0.5884,0
65419434321982464,2.1051694279993316,1.893873929977417,1.8240740299224854,1.9021621942520142,1.4007207155227661,2.3621621131896973,-0.2112954980219146,2.6068064765125007,0.959,2
65078929312363392,1.9867717342662448,1.7571171522140503,1.7612512111663818,1.7322522401809692,1.4670270681381226,2.076216220855713,-0.22965458205219447,2.8258781300671645,0.269,1
6049095612578393856,0.568201724066995,1.5374774932861328,2.2547576427459717,3.6344144344329834,0.799819827079773,3.7587387561798096,0.9692757692191378,4.292597584931858,1.6268,5
66507469798631808,2.1051694279993316,1.1727927923202515,1.1836295127868652,1.2059459686279297,0.9365766048431396,1.4048649072647095,-0.9323766356790801,0.0344939958877451,3.1659,4
65163110673516928,2.1051694279993316,2.018198251724243,1.9036153554916382,2.188108205795288,1.3717117309570312,2.3745946884155273,-0.08697117627508844,2.9269436233271,0.7575,4
6050559852833452160,1.1020905255118367,1.0236035585403442,1.112514615058899,0.8122522234916687,0.4144144058227539,1.7446846961975098,-0.07848696697149249,1.3272767279734337,4.0019,5
150908490604475520,0.6532125137753437,0.38126125931739807,0.7598918676376343,0.012432432733476162,0.11189189553260803,0.9200000166893005,-0.27195125445794566,3.771774426523452,2.6692,3
65079788307324672,1.9867717342662448,2.1466667652130127,1.9419876337051392,1.1976577043533325,1.0194594860076904,2.8387386798858643,0.15989503094676794,2.819911497571357,1.55,2
659665096441437184,2.8561244442423,3.1329729557037354,3.1513686180114746,3.1122522354125977,3.0003602504730225,3.3028829097747803,0.2768485114614352,0.7486707521967362,7.4308,7
68150861722174848,2.1051694279993316,2.0472071170806885,2.044741153717041,2.0969369411468506,1.7488288879394531,2.3041441440582275,-0.05796231091864312,1.030881175325379,5.7773,1
64963377514329984,2.1051694279993316,1.931171178817749,1.8870009183883667,1.9145946502685547,1.3261260986328125,2.457477569580078,-0.17399824918158258,3.035021870013816,0.3688,3
65175480179315840,1.9867717342662448,1.7571171522140503,1.7556607723236084,1.7902703285217285,1.3799999952316284,2.1549549102783203,-0.22965458205219447,3.0683696195401615,0.2961,4
145668974102570624,2.88930170250631,3.4893693923950195,3.4912798404693604,3.3650450706481934,3.1744143962860107,3.89963960647583,0.6000676898887094,2.848229,20.532,3
53174379482675456,1.9867717342662448,1.6866666078567505,1.628335952758789,1.761261224746704,1.2432432174682617,2.0223424434661865,-0.30010512640949427,3.1167084019688973,0.2202,3
64905618794174720,2.1051694279993316,1.7695496082305908,1.7190864086151123,1.7736936807632446,1.491891860961914,2.0099098682403564,-0.3356198197687408,2.430564800131219,0.2845,3
66511970924353792,2.1051694279993316,2.113513469696045,2.010462522506714,2.1798198223114014,1.5167567729949951,2.55279278755188,0.008344041696713322,2.889815714591605,0.779,4
6247520627757618176,0.8948696567452525,2.714414358139038,2.1815195083618164,2.8387386798858643,0.38540539145469666,3.5971171855926514,1.8195447013937855,2.582798733383981,7.5222,5
65225611037551360,2.1051694279993316,1.5250450372695923,1.6111586093902588,2.0596396923065186,0.48072072863578796,2.7434234619140625,-0.5801243907297393,0.5886447629678871,0.8548,1
64977705525131904,2.1051694279993316,1.6949549913406372,1.6272028684616089,2.275135040283203,0.8288288116455078,2.3621621131896973,-0.4102144366586944,1.9477411808994785,0.7432,3
53892669813156736,2.1051694279993316,2.043063163757324,2.0334508419036865,2.0140540599823,1.661801815032959,2.420180082321167,-0.06210626424200738,3.0515271409671985,0.308,0
68183125516472320,1.9867717342662448,1.931171178817749,1.7576744556427002,2.005765676498413,0.8371171355247498,2.5113513469696045,-0.055600555448495736,2.5280419748267433,0.7656,0
69917635172718720,1.9867717342662448,2.2544143199920654,2.2497971057891846,2.2668468952178955,1.9477477073669434,2.544504404067993,0.26764258572582067,1.1235948586795708,7.0525,0
53227396558316416,2.1051694279993316,2.49477481842041,2.0728368759155273,2.6439640522003174,1.1520720720291138,2.82216215133667,0.38960539042107856,3.2806064501949033,0.9533,4
6049175121012992256,0.568201724066995,0.34396395087242126,0.429193377494812,0.0,0.10360360145568848,0.6920720934867859,-0.22423777319457372,4.391053905481708,4.1716,5
659488349947010176,2.8129133566428557,1.607927918434143,1.8165571689605713,1.2805405855178833,0.8785585761070251,2.8636035919189453,-1.2049854382087126,2.92062477219438,1.5717,8
71371262561007232,2.1051694279993316,1.6908107995986938,1.908174991607666,4.139999866485596,0.48486486077308655,3.837477445602417,-0.41435862840063775,0.6387052916908845,0.7764,0
145668974102570624,2.8750612633917,3.4893693923950195,3.4912798404693604,3.3650450706481934,3.1744143962860107,3.89963960647583,0.6143081290033194,2.848229,20.532,3
251087228398581120,1.8976270912904414,1.363423466682434,1.4715490341186523,2.125946044921875,0.4144144058227539,2.3663063049316406,-0.5342036246080073,0.6160200370367319,0.917,9
6235371780185722880,1.0064660422492318,1.7736936807632446,1.6708794832229614,1.9518918991088867,0.6257657408714294,2.6812613010406494,0.7672276385140129,1.8444139713836545,1.5212,5
5239734932919731456,1.568201724066995,1.1769369840621948,1.2934372425079346,0.40612611174583435,0.3978378474712372,2.0720720291137695,-0.39126474000480016,-0.1035445963298443,0.5491,9
64103009666497024,2.1051694279993316,1.106486439704895,1.1047083139419556,0.11603603512048721,0.24450451135635376,1.8897297382354736,-0.9986829882944366,1.7958189585893207,3.6187,4
67756789882795008,2.1051694279993316,1.9891891479492188,1.893491268157959,2.0720720291137695,1.363423466682434,2.4740540981292725,-0.11598028005011285,2.7584345083189987,0.8986,0
43789772861265792,2.88930170250631,0.1947747766971588,0.48468005657196045,0.0,0.04144144058227539,1.2598198652267456,-2.6945269258091513,1.0801160000000003,0.5207,4
6049604308508263296,1.0107238653917732,2.5818018913269043,2.1233837604522705,2.75171160697937,0.4102702736854553,3.485225200653076,1.5710780259351311,2.4085334901244995,7.7732,5
67069835634816896,2.1051694279993316,1.95603609085083,1.7601020336151123,2.3911712169647217,0.5345945954322815,2.527927875518799,-0.14913333714850152,2.7149665626088177,1.1846,1
661326011834490496,2.8561244442423,3.09153151512146,3.0215654373168945,3.0708107948303223,2.896756649017334,3.3816215991973877,0.2354070708791598,2.612954610452515,21.4631,8
68254245878512384,1.9867717342662448,1.8068468570709229,1.6254388093948364,2.1549549102783203,0.9241441488265991,2.175675630569458,-0.1799248771953219,0.7445562169054365,2.7139,2
3311906770084019712,2.8750612633917,1.429729700088501,1.4584559202194214,0.08288288116455078,0.319099098443985,2.5610811710357666,-1.4453315633031991,2.593903000000001,2.3639,7
6245739521996902656,1.0,1.2432432174682617,1.4816358089447021,0.915855884552002,0.46414414048194885,2.5610811710357666,0.24324321746826172,2.2707402325548305,5.1524,5
6048853410786597504,1.0107238653917732,1.9891891479492188,1.8494255542755127,2.333153247833252,1.0774774551391602,2.5030629634857178,0.9784652825574456,3.0184078485298853,0.7477,5
66818322350220416,1.9867717342662448,1.6493693590164185,1.7449005842208862,1.3427027463912964,0.9448648691177368,2.627387285232544,-0.3374023752498263,2.659276118158614,1.7231,3
63146743786148992,1.9867717342662448,2.5610811710357666,2.1776485443115234,2.7641441822052,1.1272071599960327,3.029369354248047,0.5743094367695218,3.183795163471364,0.9179,3
665650425426585344,2.8561244442423,2.4036035537719727,1.9444708824157715,2.859459400177002,0.4392792880535126,3.298738718032837,-0.4525208904703275,2.5363809595186444,9.3845,8
69807963184755840,1.9867717342662448,1.9518918991088867,1.8457727432250977,1.9891891479492188,1.239099144935608,2.457477569580078,-0.03487983515735804,2.9663016439586674,0.5884,0
70158977974956672,2.1051694279993316,1.9974775314331055,1.9238660335540771,2.101081132888794,1.4380179643630981,2.337297201156616,-0.10769189656622613,1.2755049787254606,6.9616,3
65471729844532864,1.9867717342662448,1.5789189338684082,1.4616963863372803,1.8109910488128662,0.7873873710632324,2.038918972015381,-0.40785280039783656,1.4627585253798938,0.4422,3
6049818232241303040,1.1367205671564067,1.429729700088501,1.617515206336975,1.106486439704895,0.522162139415741,2.8636035919189453,0.2930091329320943,2.727439426034046,2.8345,5
661438913637806208,2.8561244442423,3.5515315532684326,3.5002012252807617,4.09855842590332,2.954774856567383,4.007387161254883,0.6954071090261325,0.8798965522815978,8.7691,6
661264439184662016,2.8561244442423,3.0749549865722656,3.090517997741699,2.7434234619140625,2.7185585498809814,3.680000066757202,0.21883054232996546,0.7398916864137371,6.0977,0
249368141968881152,1.8325089127062364,2.005765676498413,2.022500514984131,1.8814414739608765,1.491891860961914,2.6481080055236816,0.1732567637921767,2.929610057874579,0.6547,9
6050956604730019072,0.568201724066995,2.250270366668701,1.9165632724761963,2.5818018913269043,0.4144144058227539,3.228288173675537,1.6820686426017062,2.2965487081991034,6.7211,5
65199222758514048,1.9867717342662448,1.8482882976531982,1.8288745880126953,1.8855855464935303,1.4753153324127197,2.200540542602539,-0.13848343661304652,2.8420714715393793,0.3256,1
68162921990400256,1.9867717342662448,1.993333339691162,1.903139352798462,2.0803604125976562,1.3965765237808228,2.457477569580078,0.0065616054249173494,2.8850272344085255,0.7308,1
5252077672499805440,1.568201724066995,1.5167567729949951,1.5105476379394531,1.752972960472107,1.0194594860076904,1.9270269870758057,-0.05144495107199987,0.987047595597802,3.7395,9
69906571336964608,2.1051694279993316,2.0099098682403564,2.0300939083099365,1.931171178817749,1.7446846961975098,2.370450496673584,-0.09525955975897515,1.2318376263773425,6.9985,4
67998201404864896,2.1051694279993316,1.906306266784668,1.8780913352966309,1.993333339691162,1.4255856275558472,2.3745946884155273,-0.19886316121466363,3.113748044460267,0.4987,4
66522107047046656,2.1051694279993316,2.051351308822632,1.9447753429412842,2.4367568492889404,1.3509910106658936,2.5569369792938232,-0.053818119176699764,2.841218329958196,0.9636,1
147232651433766528,2.88930170250631,1.8068468570709229,1.749450922012329,1.7819819450378418,0.9904504418373108,2.4616215229034424,-1.0824548454353873,2.5290149999999993,1.8271,3
5241109872219554816,1.568201724066995,1.9518918991088867,1.9439585208892822,2.0927927494049072,1.4090089797973633,2.3165764808654785,0.38369017504189173,0.8536773671830765,3.9618,9
64980278208557696,2.1051694279993316,1.338558554649353,1.2665822505950928,2.0596396923065186,0.4392792880535126,2.0099098682403564,-0.7666108733499786,1.37994261743687,0.5239,1
147441558642852736,0.6532125137753437,0.26522523164749146,0.3254755735397339,0.0,0.0787387415766716,0.5138738751411438,-0.3879872821278523,3.9390729320924143,4.3927,3
65084358152509440,1.9867717342662448,1.1893693208694458,1.1528546810150146,0.0,0.2776576578617096,1.9104504585266113,-0.797402413396799,1.7977086082807991,3.0322,3
6237092000486483968,1.0064660422492318,2.3911712169647217,2.202691078186035,2.5113513469696045,1.454594612121582,2.8760359287261963,1.38470517471549,3.697650273095306,0.6519,5
66729674225341696,1.9867717342662448,1.9601801633834839,1.9189937114715576,2.6066665649414062,1.106486439704895,2.7185585498809814,-0.026591570882760873,3.0414704843849876,1.1947,4
6243216486414537600,1.0064660422492318,1.8855855464935303,1.7609410285949707,2.3290090560913086,1.0774774551391602,2.337297201156616,0.8791195042442985,2.4633898036893145,0.4961,5
5251903880939228544,1.568201724066995,1.2308107614517212,1.2806004285812378,1.2929729223251343,0.4102702736854553,2.1590991020202637,-0.3373909626152738,2.1016129634485003,3.9962,9
245261878355732096,1.8325089127062364,1.7363964319229126,1.8629512786865234,1.4048649072647095,0.8702702522277832,2.8511712551116943,-0.0961124807833238,2.8790155988037065,1.4551,9
6237136599427052544,1.0064660422492318,0.6754955053329468,0.9257965683937073,0.28594595193862915,0.2154954969882965,1.4007207155227661,-0.330970536916285,0.9891651480129924,1.7727,5
652996141805564288,2.8561244442423,2.772432327270508,2.7731997966766357,2.8014414310455322,2.6356756687164307,2.8926126956939697,-0.08369211697179235,1.2769096314588018,10.7748,2
6044184815698273280,1.1020905255118367,1.27639639377594,1.5991966724395752,0.9200000166893005,0.4517117142677307,3.008648633956909,0.17430586826410321,2.6451533046034212,4.5463,5
6245781097280740864,0.7781512503836436,1.2639639377593994,1.6462363004684448,0.8163964152336121,0.42684683203697205,3.066666603088379,0.4858126873757558,2.5314471649409978,4.205,5
64967569402404480,1.9867717342662448,1.9726126194000244,1.9029489755630493,2.358017921447754,1.3261260986328125,2.5030629634857178,-0.014159114866220346,2.9301386639423184,0.8823,2
6237179480381070720,1.0064660422492318,2.150810718536377,2.084434986114502,2.250270366668701,1.5333333015441895,2.664684772491455,1.1443446762871452,3.5166547947291047,0.5731,5
66788291938818304,1.9867717342662448,1.7819819450378418,1.6436258554458618,2.030630588531494,1.0484684705734253,2.0969369411468506,-0.20478978922840296,0.7877115885621245,3.0745,2
65084358152509440,2.0492180226701815,1.1893693208694458,1.1528546810150146,0.0,0.2776576578617096,1.9104504585266113,-0.8598487018007357,1.7977086082807991,3.0322,3
69834763780636672,1.9867717342662448,1.5664864778518677,1.447991132736206,2.163243293762207,0.5884684920310974,2.1425225734710693,-0.4202852564143771,1.673670735793159,0.527,1
6043120797681507584,1.2730012720637376,1.3965765237808228,1.615605115890503,1.1023423671722412,0.5055856108665466,2.921621561050415,0.12357525171708517,2.782364558261462,3.0473,5
442265087555890176,1.8976270912904414,0.9034234285354614,1.0873366594314575,0.0,0.24036036431789398,1.840000033378601,-0.99420366275498,0.6714078114889414,0.6246,9
6049842146619350656,1.0107238653917732,1.5789189338684082,1.7218445539474487,1.2556756734848022,0.6754955053329468,2.8387386798858643,0.568195068476635,2.8067409789586493,2.1139,5
65062917675789184,2.1051694279993316,1.9477477073669434,1.8981852531433105,2.2046847343444824,1.4794594049453735,2.3165764808654785,-0.15742172063238824,3.075756688522787,0.3139,3
249764790788074624,1.8976270912904414,1.81513512134552,1.7887225151062012,1.893873929977417,1.583063006401062,2.026486396789551,-0.08249196994492136,1.911831212677259,0.29,9
65201039527567232,1.9867717342662448,1.1106306314468384,1.1609572172164917,0.6174774765968323,0.44342342019081116,1.8855855464935303,-0.8761411028194064,1.6815527174552098,3.9578,1
436456264547458560,1.8325089127062364,1.1023423671722412,1.2249778509140015,0.0,0.32324323058128357,2.026486396789551,-0.7301665455339952,0.6593935853091146,0.7599,9
69988489250631680,2.1051694279993316,1.4048649072647095,1.4223474264144897,1.2639639377593994,0.6754955053329468,2.1673874855041504,-0.7003045207346221,1.7097984770832526,6.644,3
6242134670047297408,1.0064660422492318,1.8607207536697388,1.9284032583236694,2.735135078430176,1.0277477502822876,2.8511712551116943,0.854254711420507,3.0530058069977692,1.4334,5
65181527493208192,1.9867717342662448,2.076216220855713,1.9124062061309814,2.320720672607422,1.1272071599960327,2.590090036392212,0.08944448658946813,2.731810334767407,0.9179,3
65213172812266240,1.9867717342662448,1.869009017944336,1.847920298576355,1.9643243551254272,1.2971171140670776,2.469909906387329,-0.11776271632190882,3.0384679256507465,0.4613,3
5321172323192731008,1.568201724066995,2.113513469696045,2.0154128074645996,2.1549549102783203,1.4380179643630981,2.5818018913269043,0.5453117456290499,2.829811687865387,0.9426,8
64990586130069504,1.9867717342662448,2.1176576614379883,1.943556547164917,2.246126174926758,1.123063087463379,2.445044994354248,0.13088592717174352,1.547288206911442,8.4684,2
53864804065393536,2.1051694279993316,1.9601801633834839,1.9163825511932373,2.0596396923065186,1.3841441869735718,2.5030629634857178,-0.1449892646158477,2.594048384503172,1.1256,3
664914164952043008,2.8561244442423,1.0816216468811035,1.4043874740600586,0.861981987953186,0.3978378474712372,2.7558557987213135,-1.7745027973611966,2.7146133836153163,3.9657,8
661295324291154816,2.8561244442423,2.627387285232544,2.6535253524780273,2.5859458446502686,2.490630626678467,2.813873767852783,-0.22873715900975622,0.9726264647119623,7.8215,0
659772195745778688,2.8561244442423,2.1218018531799316,2.071086883544922,1.9974775314331055,1.4711711406707764,2.7185585498809814,-0.7343225910623685,2.4964333674629477,0.9513,6
64889126119831040,2.0492180226701815,1.9891891479492188,1.8237327337265015,2.076216220855713,0.915855884552002,2.590090036392212,-0.060028874720962744,2.4732292380385426,1.1421,1
659436153207801344,2.8561244442423,2.784864902496338,2.8266584873199463,2.7558557987213135,2.6439640522003174,2.971351385116577,-0.07125954174596227,1.0492819554700514,9.1114,0
64943758103791104,1.9867717342662448,1.9891891479492188,1.9435398578643799,2.1590991020202637,1.4711711406707764,2.445044994354248,0.00241741368297399,3.094833895411273,0.3932,4
6048846573197632128,1.0107238653917732,1.9021621942520142,1.858616590499878,1.968468427658081,1.375855803489685,2.3911712169647217,0.891438328860241,3.1759238330678055,0.499,5
439718962223158016,1.8325089127062364,1.1023423671722412,1.2735735177993774,1.044324278831482,0.3895495533943176,2.3248648643493652,-0.7301665455339952,2.395464910529201,4.1405,9
63547270960574336,1.9867717342662448,0.7956756949424744,0.9680811762809753,0.0,0.10360360145568848,2.001621723175049,-1.1910960393237704,1.3214912669333776,0.9898,4
664446666352164224,2.8561244442423,2.0347747802734375,1.9375187158584595,2.051351308822632,1.2929729223251343,2.577657699584961,-0.8213496639688627,2.6623198844879297,0.9029,8
5590172614629134336,1.414973347970818,2.1715314388275146,2.162783145904541,0.0,0.3605405390262604,3.7463064193725586,0.7565580908566967,-0.2349036982769687,0.7023,7
664446700711823616,2.8561244442423,3.398198127746582,3.3540496826171875,3.373333215713501,3.054234266281128,3.7794594764709473,0.5420736835042819,2.7315596435413445,19.6205,0
68051390279853824,2.0492180226701815,2.0347747802734375,1.8146394491195679,2.22540545463562,0.9448648691177368,2.4740540981292725,-0.014443242396743994,1.6197945657075772,8.5147,3
6243135156913242496,1.0064660422492318,1.5664864778518677,1.811284065246582,2.9299099445343018,0.7376576662063599,3.0003602504730225,0.5600204356026359,3.0928982119893504,1.8677,5
66809491897360896,2.1051694279993316,1.7032432556152344,1.7018846273422241,1.7819819450378418,1.0981981754302979,2.1093692779541016,-0.4019261723840972,0.8051894702387153,3.1316,0
6049078741946841856,0.568201724066995,2.515495538711548,2.307806968688965,2.9630630016326904,1.4877477884292603,3.045945882797241,1.9472938146445529,3.977937341787726,0.6683,5
68265279651517056,2.1051694279993316,1.9767568111419678,1.9086387157440186,2.345585584640503,1.392432451248169,2.4989190101623535,-0.12841261685736383,2.8711501822274745,0.9509,2
146758796282263040,0.3961993470957364,2.627387285232544,2.1528992652893066,2.834594488143921,1.1479278802871704,3.0003602504730225,2.2311879381368076,3.6620521306422726,0.5184,1
70108473456817280,1.9867717342662448,1.2556756734848022,1.34794020652771,1.0733333826065063,0.6133333444595337,1.9021621942520142,-0.7310960607814425,0.7377595122961964,1.647,1
6042702605304672896,1.0107238653917732,1.3344143629074097,1.7847614288330078,0.547027051448822,0.3771171271800995,3.286306381225586,0.3236904975156365,2.7112745971853833,3.3877,5
6049011053265501056,1.1020905255118367,0.9324324131011963,1.3611420392990112,0.9117116928100586,0.319099098443985,3.43135142326355,-0.16965811241064044,0.9047342543653054,1.5817,5
65224442806459008,2.0492180226701815,1.6037837266921997,1.4345574378967285,1.7363964319229126,0.3605405390262604,2.3497297763824463,-0.4454342959779818,1.769526964733937,1.3905,1
64985127228608128,1.9867717342662448,1.0899099111557007,1.16497802734375,0.6962162256240845,0.46414414048194885,1.9021621942520142,-0.8968618231105441,1.5445104065881727,5.1969,4
145238687096970496,0.19589965240923377,0.6464864611625671,1.0229140520095825,0.7376576662063599,0.273513525724411,1.222522497177124,0.45058680875333335,3.972697953770693,1.4979,3
70313016978627584,2.0492180226701815,2.3787386417388916,2.1819252967834473,2.4118919372558594,1.094054102897644,2.739279270172119,0.3295206190687101,1.6312305873684037,9.326,0
64040818540162304,1.9867717342662448,1.6866666078567505,1.5054118633270264,1.840000033378601,0.319099098443985,2.4367568492889404,-0.30010512640949427,1.8403404169621584,1.8992,4
6044150662120075136,1.1020905255118367,1.2515314817428589,1.6896107196807861,0.7666666507720947,0.4144144058227539,3.1454052925109863,0.14944095623102216,2.803558299135992,2.8854,5
6236150955972919936,1.0064660422492318,1.1893693208694458,1.3040930032730103,0.7376576662063599,0.42684683203697205,2.0969369411468506,0.18290327862021405,1.5468189850734957,4.3235,5
6049686973740646400,1.0107238653917732,0.34810811281204224,0.6101571321487427,0.24864864349365234,0.11189189553260803,1.015315294265747,-0.6626157525797309,0.2700499589222849,6.2275,5
68294554148575232,2.0492180226701815,1.636936902999878,1.4803695678710938,1.7198197841644287,0.44342342019081116,2.3497297763824463,-0.41228111967030356,1.7908144300165705,1.3533,1
65010239900405504,1.9867717342662448,2.2917118072509766,2.3145198822021484,2.3124325275421143,1.9436036348342896,2.6481080055236816,0.3049400729847318,1.1826345158057,7.9415,3
65056526764528128,1.9867717342662448,1.3592792749404907,1.568277359008789,1.2432432174682617,0.522162139415741,2.6978378295898438,-0.627492459325754,2.612100763882093,2.3177,1
5318283012799031808,1.568201724066995,1.7115315198898315,1.5962589979171753,1.7115315198898315,0.4890090227127075,2.3497297763824463,0.14332979582283656,2.257732162259515,2.3449,9
68620868583787904,1.9867717342662448,1.168648600578308,1.28426992893219,0.90756756067276,0.4972972869873047,2.138378381729126,-0.8181231336879367,1.7742502342061517,6.7653,2
65257187636977536,1.9867717342662448,2.0347747802734375,1.9021103382110596,2.2917118072509766,1.247387409210205,2.478198289871216,0.04800304600719274,3.16309793283207,0.5625,1
65280071222749824,2.1051694279993316,1.9228829145431519,1.8583660125732422,2.3290090560913086,1.338558554649353,2.3787386417388916,-0.18228651345617974,2.8534975419932955,0.3748,3
64555694921236352,2.1051694279993316,1.9145946502685547,1.790861964225769,1.9643243551254272,0.8827027082443237,2.6108107566833496,-0.1905747777307769,2.410031231454436,0.8277,3
664989722016905728,2.8561244442423,3.1578378677368164,2.5739083290100098,3.3194594383239746,0.2362162172794342,3.6841442584991455,0.30171342349451624,2.7576856664756675,15.6546,6
65281166437426176,2.1051694279993316,1.6866666078567505,1.5914711952209473,1.8358558416366577,1.2100900411605835,1.9974775314331055,-0.4185028201425811,1.571177420921234,0.3976,4
47982794811614080,2.88930170250631,2.076216220855713,1.9759618043899536,2.1798198223114014,1.1023423671722412,2.813873767852783,-0.8130854816505972,3.058339,0.6337,3
64073597730589952,1.9867717342662448,1.5789189338684082,1.3326876163482666,0.0,0.17405405640602112,2.295855760574341,-0.40785280039783656,2.316903896940517,1.7637,1
5318607540527504768,1.568201724066995,1.9145946502685547,1.9265687465667725,1.570630669593811,1.123063087463379,2.735135078430176,0.3463929262015597,2.7908425493833837,1.4424,9
65254576296865152,2.1051694279993316,1.8068468570709229,1.7919923067092896,1.8897297382354736,1.3799999952316284,2.1922521591186523,-0.29832257092840875,3.0983556256445057,0.4436,4
65134592089910656,2.1051694279993316,1.338558554649353,1.3566949367523193,0.13261261582374573,0.3149549663066864,2.3497297763824463,-0.7666108733499786,2.281605995029738,3.0053,1
6045854286665108480,0.568201724066995,2.3414413928985596,1.9622761011123657,0.3936936855316162,0.3978378474712372,3.3899099826812744,1.7732396688315646,2.517588286839939,3.8113,5
68363411064150272,2.0492180226701815,1.5747747421264648,1.437204122543335,0.0,0.3356756865978241,2.163243293762207,-0.47444328054371665,1.872611318261671,2.9659,2
6235408338948338432,1.1367205671564067,1.752972960472107,1.8404924869537354,1.5872071981430054,0.8536936640739441,2.884324312210083,0.6162523933157003,2.9000002218145355,2.1226,5
65717814290369920,2.1051694279993316,1.9104504585266113,1.844176173210144,2.0845046043395996,1.1396396160125732,2.5486485958099365,-0.19471896947272027,2.923789883688569,0.6774,3
65042439271761280,2.1051694279993316,1.9187387228012085,1.8966906070709229,1.9104504585266113,1.508468508720398,2.2917118072509766,-0.1864307051981231,3.209877810269189,0.2943,0
5538619026966459008,1.6857417386022637,2.967207193374634,2.4152679443359375,4.04054069519043,0.522162139415741,3.9576575756073,1.28146545477237,0.3290705929026727,0.6695,9
66728265476081408,2.1051694279993316,1.9270269870758057,1.9184681177139282,1.9394594430923462,1.5126125812530518,2.3165764808654785,-0.17814244092352594,3.546682635196995,0.2396,2
6049107428032112384,0.568201724066995,1.9891891479492188,1.9396545886993408,2.026486396789551,1.4587386846542358,2.507207155227661,1.4209874238822238,2.8573077539802583,0.694,5
6247526228394968320,0.8948696567452525,1.906306266784668,1.8404773473739624,2.5030629634857178,1.0609009265899658,2.540360450744629,1.0114366100394154,2.113815101963182,0.7728,5
64985127228608128,2.0492180226701815,1.0899099111557007,1.16497802734375,0.6962162256240845,0.46414414048194885,1.9021621942520142,-0.9593081115144808,1.5445104065881727,5.1969,4
689132145504296064,2.8561244442423,1.094054102897644,1.4018170833587646,0.9945945739746094,0.319099098443985,2.8884685039520264,-1.7620703413446561,2.930218180954203,2.0964,7
66719228864863360,1.9867717342662448,1.9601801633834839,1.8862791061401367,2.308288335800171,1.4172972440719604,2.3787386417388916,-0.026591570882760873,2.594138457634608,0.4114,3
68398732874994944,1.9867717342662448,2.1342341899871826,2.1543612480163574,2.1798198223114014,1.7488288879394531,2.527927875518799,0.14746245572093786,1.1334994580798503,7.0917,3
249208987660681216,1.8976270912904414,1.367567539215088,1.2804110050201416,1.8234233856201172,0.6299099326133728,1.8482882976531982,-0.5300595520753535,1.269355901624754,0.3609,9
67756789882795008,1.9867717342662448,1.9891891479492188,1.893491268157959,2.0720720291137695,1.363423466682434,2.4740540981292725,0.00241741368297399,2.7584345083189987,0.8986,0
5536809162106730112,1.6857417386022637,0.9945945739746094,1.2313027381896973,0.24864864349365234,0.31081080436706543,2.407747745513916,-0.6911471646276544,2.4356778035419624,5.5299,9
65089336018173440,1.9867717342662448,1.968468427658081,1.921689510345459,2.175675630569458,1.4960360527038574,2.2295496463775635,-0.018303306608163705,0.8458465240915763,4.0664,1
64971177174850304,1.9867717342662448,1.5540540218353271,1.4829667806625366,1.8855855464935303,0.6713513731956482,2.0720720291137695,-0.4327177124309176,0.7908783764798499,2.9041,3
69876712724339456,2.1051694279993316,0.5097297430038452,0.7966991066932678,0.0,0.06630630791187286,1.7571171522140503,-1.5954396849954864,1.0778781266718878,0.475,4
66823132713476480,1.9867717342662448,1.8855855464935303,1.8420153856277466,1.9145946502685547,1.375855803489685,2.345585584640503,-0.10118618777271449,3.0527610621917725,0.417,1
64962892180951936,2.88930170250631,3.045945882797241,3.156099319458008,2.896756649017334,2.8760359287261963,3.555675745010376,0.15664418029093108,2.3922600000000003,20.4067,4
659713303154300288,2.8129133566428557,1.4131531715393066,1.5499238967895508,1.4421621561050415,0.4517117142677307,2.726846933364868,-1.399760185103549,2.7917122897364393,1.9649,7
65712488530853120,1.9867717342662448,1.123063087463379,1.2134817838668823,0.5677477717399597,0.40198197960853577,2.063783884048462,-0.8637086468028659,1.8189860632495924,5.9686,2
66942910762588928,1.9867717342662448,1.906306266784668,1.8819485902786255,1.906306266784668,1.3717117309570312,2.4533333778381348,-0.08046546748157679,2.9651695873993176,0.4809,4
68308882159427840,2.1051694279993316,2.0140540599823,1.8354449272155762,2.3248648643493652,0.9034234285354614,2.544504404067993,-0.0911153680170318,2.7362868067667474,1.0798,1
441510822581504512,1.8325089127062364,1.4711711406707764,1.4309513568878174,2.2917118072509766,0.3729729652404785,2.3248648643493652,-0.36133777203546,1.1777908573288214,0.5655,9
6237167282673719296,1.0064660422492318,1.6949549913406372,1.6246545314788818,2.4036035537719727,0.5138738751411438,2.565225124359131,0.6884889490914055,1.7459438772950726,8.2536,5
659411796450014464,2.8561244442423,1.81513512134552,1.7241623401641846,1.9643243551254272,0.9863063097000122,2.370450496673584,-1.0409893228967801,2.1691355092388016,2.0877,8
459980556340904192,1.8976270912904414,3.7421622276306152,3.6684107780456543,3.9742343425750732,3.3401801586151123,4.011531352996826,1.8445351363401739,1.7210602820101235,21.215,9
3405297324946333440,2.88930170250631,3.0127928256988525,3.0339138507843018,3.0127928256988525,2.9257657527923584,3.1122522354125977,0.1234911231925424,1.2043169999999996,11.6162,2
63959351598814336,2.1051694279993316,1.6245044469833374,1.5028960704803467,0.0,0.30666667222976685,2.4533333778381348,-0.4806649810159942,2.6128558391793617,1.6693,1
661358241268943616,2.8129133566428557,1.27639639377594,1.6312042474746704,1.1810810565948486,0.5553153157234192,3.029369354248047,-1.5365169628669157,3.031306041219183,1.6781,7
66821655244731264,2.1051694279993316,2.026486396789551,1.9178427457809448,2.125946044921875,1.3427027463912964,2.5113513469696045,-0.07868303120978082,2.771815978222414,0.925,0
64998905483757568,2.1051694279993316,1.9353153705596924,1.7327802181243896,2.018198251724243,0.6050450205802917,2.5362162590026855,-0.16985405743963922,2.408235461349826,1.0334,2
441774911528969088,1.8976270912904414,1.3261260986328125,1.3764898777008057,1.3799999952316284,0.3936936855316162,2.345585584640503,-0.5715009926576289,2.344547317668126,3.013,9
67667935599570432,2.1051694279993316,1.9104504585266113,1.8614387512207031,1.8814414739608765,1.3551350831985474,2.370450496673584,-0.19471896947272027,2.995489554072879,0.3741,1
66489259137570816,2.1051694279993316,1.301261305809021,1.2858035564422607,1.1727927923202515,0.5801801681518555,1.9228829145431519,-0.8039081221903106,1.4522872676152974,5.2593,3
5241109872219554816,1.7201593034059568,1.9518918991088867,1.9439585208892822,2.0927927494049072,1.4090089797973633,2.3165764808654785,0.23173259570292992,0.8536773671830765,3.9618,9
664359942372888448,2.8561244442423,1.284684658050537,1.6964030265808105,1.1520720720291138,0.592612624168396,2.9754955768585205,-1.571439786191763,2.958059784256885,1.7615,0
50427387118457984,2.88930170250631,1.4338738918304443,1.614806890487671,1.2349549531936646,0.6796396374702454,2.8428828716278076,-1.4554278106758658,3.004494000000001,1.8673,4
6049623103285036032,0.8948696567452525,1.1354955434799194,1.618016004562378,3.0003602504730225,0.38126125931739807,3.103963851928711,0.2406258867346669,2.995376697221049,2.2645,5
3412878010943270784,0.7937903846908186,0.34396395087242126,0.7619211673736572,0.029009008780121803,0.09531531482934952,1.8275675773620605,-0.4498264338183974,1.1566643960433978,0.9171,0
6051951353517249408,1.1020905255118367,1.54576575756073,1.7959094047546387,2.9133334159851074,0.7210810780525208,2.983783721923828,0.44367523204889325,3.07074911965893,1.8477,5
3411811317161811328,2.88930170250631,2.051351308822632,1.8835463523864746,2.138378381729126,1.0236035585403442,2.602522611618042,-0.8379503936836783,2.683378000000001,0.9817,1
66452769091505024,1.9867717342662448,2.457477569580078,2.4316675662994385,2.5237836837768555,2.237837791442871,2.590090036392212,0.47070583531383337,0.9883463091578012,6.8531,4
6242110583872432384,1.0064660422492318,1.4007207155227661,1.5407191514968872,1.1396396160125732,0.522162139415741,2.590090036392212,0.39425467327353436,2.414689283161696,3.2323,5
664453778817920256,2.8561244442423,1.9021621942520142,1.8129688501358032,1.7695496082305908,1.2639639377593994,2.3787386417388916,-0.953962249990286,2.2670209147159865,1.8391,0
664281018054115968,2.8561244442423,2.726846933364868,2.7308359146118164,2.75171160697937,2.5859458446502686,2.859459400177002,-0.129277510877432,1.501213273704249,11.7257,6
441573048067694592,1.8325089127062364,1.044324278831482,1.2758662700653076,0.46414414048194885,0.3605405390262604,2.420180082321167,-0.7881846338747545,2.1679617336477355,6.7868,9
6049632071176914304,1.0107238653917732,1.1147748231887817,1.7102998495101929,3.004504442214966,0.3398198187351227,3.153693675994873,0.10405095779700857,3.0906837877031887,1.8155,5
5239088316996695808,1.568201724066995,2.018198251724243,1.9788659811019897,2.018198251724243,1.4670270681381226,2.5030629634857178,0.4499965276572482,2.629938128587638,0.395,9
65267078945207296,1.9867717342662448,1.645225167274475,1.6950843334197998,1.4504504203796387,0.8992792963981628,2.590090036392212,-0.34154656699176966,2.6888427819858345,1.7763,4
66451497784867712,2.1051694279993316,1.9518918991088867,1.9141359329223633,2.138378381729126,1.5913513898849487,2.2171170711517334,-0.15327752889044488,2.757854068456767,0.3389,4
3314267593348429952,0.2380461031287954,0.9448648691177368,1.6344804763793945,0.8163964152336121,0.34396395087242126,3.385765790939331,0.7068187659889414,3.248408722102429,2.278,1
50905056201179520,1.9867717342662448,1.429729700088501,1.4685163497924805,1.7654054164886475,0.8039639592170715,1.9518918991088867,-0.5570420341777438,0.7641982528560611,2.4733,4
68294554148575232,1.9867717342662448,1.636936902999878,1.4803695678710938,1.7198197841644287,0.44342342019081116,2.3497297763824463,-0.34983483126636683,1.7908144300165705,1.3533,1
4323936442393063424,1.2730012720637376,1.6410810947418213,1.7530786991119385,1.367567539215088,0.8039639592170715,2.759999990463257,0.3680798226780837,2.805531876023578,1.7966,5
5251765686069259392,1.568201724066995,0.8536936640739441,0.9059170484542847,0.6796396374702454,0.30666667222976685,1.4255856275558472,-0.7145080599930509,1.0521482445397998,2.7051,9
64924413571101952,1.9867717342662448,1.3427027463912964,1.3468546867370605,1.8192793130874634,0.5553153157234192,1.9809008836746216,-0.6440689878749484,0.7251919952535892,2.1822,3
65289004754691200,1.9867717342662448,2.0969369411468506,1.9942355155944824,2.208828926086426,1.508468508720398,2.490630626678467,0.11016520688060583,2.9590267222377884,0.7719,4
435166503048736000,1.8976270912904414,1.9104504585266113,1.9166805744171143,1.4463063478469849,1.0194594860076904,2.7890090942382812,0.012823367236169947,2.8148764905439383,1.3909,9
65175480179315840,2.1051694279993316,1.7571171522140503,1.7556607723236084,1.7902703285217285,1.3799999952316284,2.1549549102783203,-0.3480522757852813,3.0683696195401615,0.2961,4
69811364798863744,2.1051694279993316,1.831711769104004,1.6690614223480225,2.4533333778381348,0.8122522234916687,2.4284684658050537,-0.2734576588953277,2.198971779402312,0.7636,1
6042119554910549120,1.1367205671564067,1.7405405044555664,1.7869905233383179,1.5747747421264648,0.8495495319366455,2.739279270172119,0.6038199372991597,2.639239564260179,2.2428,5
68595751615127296,2.0492180226701815,1.5789189338684082,1.836631417274475,0.8951351642608643,0.7666666507720947,3.0873873233795166,-0.4702990888017733,2.4213055069818856,7.7792,1
65281239453865856,2.1051694279993316,1.6203603744506836,1.446328043937683,0.0,0.24036036431789398,2.3248648643493652,-0.484809053548648,2.2515536282733004,2.201,1
6051432006070978048,0.568201724066995,1.3054053783416748,1.8066623210906982,0.6216216087341309,0.38126125931739807,3.385765790939331,0.7372036542746798,2.7797562396547817,4.3926,5
65807218329068544,1.9867717342662448,2.0347747802734375,1.9356944561004639,2.1342341899871826,1.3427027463912964,2.5362162590026855,0.04800304600719274,3.142651438490555,0.5028,0
148354733113981696,0.3010299956639812,0.28594595193862915,0.3477889597415924,0.0,0.07459459453821182,0.6340540647506714,-0.015084043725352048,4.722147780193601,3.1305,2
50101210121892992,2.1051694279993316,1.9809008836746216,1.9057766199111938,2.088648557662964,1.4421621561050415,2.3911712169647217,-0.12426854432471002,2.977713742889978,0.644,4
64967603762044928,2.1051694279993316,1.81513512134552,1.7980155944824219,1.8980180025100708,1.3965765237808228,2.200540542602539,-0.2900343066538116,3.0378330653461068,0.4739,4
5239895633422585856,1.568201724066995,3.1702702045440674,2.988866090774536,3.435495376586914,2.652252197265625,3.410630702972412,1.6020684804770724,-0.1187551219186387,0.1527,9
6237180545533200640,1.0,2.1798198223114014,2.0660297870635986,2.3911712169647217,1.4007207155227661,2.6439640522003174,1.1798198223114014,3.6169551590622584,0.5112,5
6242393708121584000,1.0064660422492318,1.338558554649353,1.5262577533721924,0.6962162256240845,0.46000000834465027,2.6190991401672363,0.3320925124001213,2.153039147844076,6.7921,5
147232651433766528,2.8750612633917,1.8068468570709229,1.749450922012329,1.7819819450378418,0.9904504418373108,2.4616215229034424,-1.0682144063207772,2.5290149999999993,1.8271,3
65298483745290368,2.1051694279993316,0.978018045425415,1.4311354160308838,0.8578378558158875,0.34396395087242126,3.0335135459899902,-1.1271513825739166,2.910899218999517,2.7571,1
243105942211695232,1.8976270912904414,1.5747747421264648,1.6789647340774536,1.4214414358139038,0.63819819688797,2.6481080055236816,-0.32285234916397654,2.6199900716604825,1.9617,9
244858082709373312,1.8976270912904414,2.051351308822632,2.104177474975586,1.906306266784668,1.6866666078567505,2.490630626678467,0.15372421753219045,1.0076199220085755,5.6138,9
662632540886348928,2.8561244442423,2.6729729175567627,2.6723990440368652,2.6978378295898438,2.3538739681243896,2.9174773693084717,-0.18315152668553747,1.3517035780879847,10.2325,7
148381984682184192,0.4132997640812518,0.8039639592170715,1.4247698783874512,0.5138738751411438,0.26936936378479004,3.141261339187622,0.39066419513581974,2.843371762301512,3.3177,3
66537981246228096,2.1051694279993316,2.2792792320251465,2.2303805351257324,2.2917118072509766,1.9767568111419678,2.5030629634857178,0.17410980402581488,0.9954698466783284,6.5244,0
66665902550940672,2.1051694279993316,1.9436036348342896,1.8260037899017334,2.4367568492889404,1.3219820261001587,2.4118919372558594,-0.16156579316504205,2.6267171380978387,0.4313,1
64037588724758400,1.9867717342662448,2.063783884048462,1.9444799423217773,2.3787386417388916,1.3468468189239502,2.5237836837768555,0.07701214978221715,2.7077025663697567,1.0947,4
6245601945603400960,0.7781512503836436,1.392432451248169,2.043386697769165,3.2821621894836426,0.683783769607544,3.4147746562957764,0.6142812008645253,3.781629288287456,1.5141,5
65819965792011904,1.9867717342662448,1.1437838077545166,1.1859252452850342,0.0,0.29009008407592773,1.8897297382354736,-0.8429879265117282,0.6719272289840518,0.8813,1
66997817623367296,2.1051694279993316,0.9282882809638977,0.9584400653839111,0.0,0.18648648262023926,1.7405405044555664,-1.176881147035434,1.686461355288742,3.3025,0
65844361206181376,2.1051694279993316,1.7405405044555664,1.6072134971618652,1.9518918991088867,0.4351351261138916,2.5362162590026855,-0.3646289235437652,2.021682594877508,2.115,4
66597767189992832,2.1051694279993316,1.9891891479492188,1.936467170715332,0.9282882809638977,0.8371171355247498,3.1371171474456787,-0.11598028005011285,2.3764842771626187,8.3172,1
65005262035285888,1.9867717342662448,1.4380179643630981,1.5029305219650269,1.2681081295013428,0.6879279017448425,2.3414413928985596,-0.5487537699031466,2.4116105663987715,2.469,4
64346070453848320,2.1051694279993316,1.8358558416366577,1.7565886974334717,1.840000033378601,0.6879279017448425,2.652252197265625,-0.2693135863626739,2.3667030701257334,2.1182,4
53258732639653760,2.1051694279993316,1.9270269870758057,1.8701863288879395,2.043063163757324,1.1810810565948486,2.5942342281341553,-0.17814244092352594,2.964352709542091,0.5736,3
64768763955442944,1.9867717342662448,1.9353153705596924,1.9194653034210205,1.6162161827087402,1.3468468189239502,2.5237836837768555,-0.05145636370655238,2.7418765777347582,1.2094,2
663055818503513088,2.8561244442423,2.6936936378479004,2.691836357116699,2.735135078430176,2.540360450744629,2.8263063430786133,-0.16243080639439977,1.2614509127998383,10.2632,2
65289588870240384,2.0492180226701815,1.893873929977417,1.8179893493652344,2.150810718536377,1.3054053783416748,2.3994593620300293,-0.1553440926927645,2.47800699934679,1.237,1
3308269757418376576,2.88930170250631,3.199279308319092,3.2592737674713135,3.153693675994873,2.8387386798858643,3.7711710929870605,0.30997760581278166,2.7295369999999988,14.3761,7
65289004754691200,2.1051694279993316,2.0969369411468506,1.9942355155944824,2.208828926086426,1.508468508720398,2.490630626678467,-0.008232486852481014,2.9590267222377884,0.7719,4
68236795427794816,1.9867717342662448,1.9353153705596924,1.8528972864151,2.001621723175049,1.3054053783416748,2.4409008026123047,-0.05145636370655238,2.863228483310915,0.7197,0
51365476695288064,1.9867717342662448,2.0347747802734375,1.988032341003418,2.2046847343444824,1.4131531715393066,2.602522611618042,0.04800304600719274,2.7277727937933167,1.1209,3
651837948040931840,2.8561244442423,3.1827027797698975,3.12341570854187,3.199279308319092,2.8387386798858643,3.5846846103668213,0.3265783355275973,2.494711664433456,19.5422,6
249182461943340032,1.8325089127062364,1.1437838077545166,1.1474496126174927,1.491891860961914,0.4102702736854553,1.7654054164886475,-0.6887251049517198,1.3124029702766422,4.2949,9
3406444051151221504,0.5145477526602861,1.3302702903747559,1.3303320407867432,1.3427027463912964,0.8288288116455078,1.8234233856201172,0.8157225377144698,1.3985577959876108,4.7062,1
441358776436543488,1.8325089127062364,1.723963975906372,1.733241319656372,1.8565765619277954,1.2971171140670776,2.1300899982452393,-0.10854493679986432,0.9852078051312536,4.2764,9
435369843979002880,1.8325089127062364,1.9601801633834839,1.9509717226028442,1.931171178817749,1.54576575756073,2.3621621131896973,0.1276712506772475,2.9102443872764674,0.2606,9
6043472710118959232,1.1367205671564067,2.9630630016326904,2.3380284309387207,3.6261260509490967,0.38126125931739807,3.738018035888672,1.8263424344762837,2.8148627682055456,6.4175,5
68129764842889600,1.9867717342662448,1.9601801633834839,1.916914701461792,2.0803604125976562,1.6245044469833374,2.21297287940979,-0.026591570882760873,0.88659258349031,4.422,4
65151531440914560,1.9867717342662448,2.5030629634857178,2.367379903793335,2.515495538711548,1.2681081295013428,3.1744143962860107,0.516291229219473,1.867185018767329,10.9024,1
69294319455655808,2.0492180226701815,1.968468427658081,1.9535986185073853,2.299999952316284,1.645225167274475,2.2668468952178955,-0.08074959501210044,2.475968319409047,0.3662,0
65199222758514048,2.1051694279993316,1.8482882976531982,1.8288745880126953,1.8855855464935303,1.4753153324127197,2.200540542602539,-0.25688113034613336,2.8420714715393793,0.3256,1
69932276717968512,2.0492180226701815,1.6245044469833374,1.342342734336853,0.0,0.14504504203796387,2.2336935997009277,-0.4247135756868441,2.0787074739461335,1.7946,1
6050008653912337280,1.0064660422492318,2.051351308822632,2.069589138031006,1.9601801633834839,1.6783783435821533,2.4616215229034424,1.0448852665734,4.047987073825529,0.2845,5
65229184450247296,2.1051694279993316,2.1963963508605957,1.9944324493408203,2.3911712169647217,1.2888288497924805,2.565225124359131,0.0912269228612641,3.18895826470699,0.7277,4
68303659479211776,1.9867717342662448,0.7666666507720947,1.1224946975708008,0.7335135340690613,0.2569369375705719,2.6356756687164307,-1.22010508349415,2.6799366705692553,3.8673,0
68348155340347776,1.9867717342662448,1.1727927923202515,1.3443561792373657,0.8661261200904846,0.5014414191246033,2.4118919372558594,-0.8139789419459933,2.423052931462257,4.3907,1
46458115782368384,2.88930170250631,1.8731532096862793,1.8512600660324097,2.7102701663970947,0.8288288116455078,2.735135078430176,-1.0161484928200308,3.001825999999999,1.2784,4
63775355201110016,1.9867717342662448,1.777837872505188,1.6742186546325684,2.3290090560913086,1.0733333826065063,2.3248648643493652,-0.20893386176105677,2.0199669683973167,0.553,1
64856312568645248,2.1051694279993316,1.9394594430923462,1.8091728687286377,2.0472071170806885,1.0277477502822876,2.457477569580078,-0.1657099849069854,1.752162458656929,8.8566,4
249859692385393408,1.8976270912904414,1.645225167274475,1.5654151439666748,1.6037837266921997,0.6174774765968323,2.2544143199920654,-0.2524019240159663,2.059484527996145,2.5212,9
6243166527355588608,1.0064660422492318,1.5664864778518677,1.9135544300079346,3.041801691055298,0.7873873710632324,3.153693675994873,0.5600204356026359,3.375422636779552,1.6257,5
6044734537153386368,1.0107238653917732,1.4587386846542358,1.631803035736084,1.0650449991226196,0.5428828597068787,2.7682883739471436,0.44801481926246267,2.6469716607742315,2.0822,5
6242758849054325632,1.1020905255118367,1.9477477073669434,1.822479486465454,2.4118919372558594,1.1189188957214355,2.4118919372558594,0.8456571818551066,2.733905860391612,0.4785,5
47715063730746880,2.8750612633917,1.0484684705734253,1.4256010055541992,0.8288288116455078,0.36468467116355896,2.9754955768585205,-1.8265927928182748,3.0282445000000013,2.3328,3
68296650092601088,2.1051694279993316,0.9200000166893005,1.2379021644592285,0.522162139415741,0.32738739252090454,2.5362162590026855,-1.185169411310031,2.4581929576667108,3.9343,3
66802207632871808,1.9867717342662448,2.1052253246307373,1.9771220684051514,2.101081132888794,1.2681081295013428,2.664684772491455,0.11845359036449254,2.532388375076885,0.8546,4
65213172812266240,2.1051694279993316,1.869009017944336,1.847920298576355,1.9643243551254272,1.2971171140670776,2.469909906387329,-0.23616041005499566,3.0384679256507465,0.4613,3
6245779276214380928,1.0,2.001621723175049,1.8512909412384033,2.627387285232544,0.40198197960853577,3.261441469192505,1.0016217231750488,2.4741824923230373,6.3401,5
342907478789972864,3.0800128471079278,3.5142343044281006,3.5106968879699707,3.505945920944214,3.2448649406433105,3.8043243885040283,0.4342214573201728,1.383985422081167,14.7871,9
6243357704940135424,1.0064660422492318,1.4172972440719604,1.817915439605713,3.029369354248047,0.6630630493164062,3.128828763961792,0.4108312018227287,3.297001634300541,1.7162,5
6043830390694963328,1.1367205671564067,1.2639639377593994,1.4677767753601074,0.8827027082443237,0.4682883024215698,2.507207155227661,0.12724337060299273,2.13257475566759,5.9667,5
6245316377520263296,1.1020905255118367,1.2556756734848022,1.6282309293746948,0.8495495319366455,0.430990993976593,3.045945882797241,0.15358514797296552,2.764216348646722,2.847,5
5239304542829302400,1.568201724066995,1.4587386846542358,1.4566214084625244,1.7446846961975098,0.8992792963981628,1.9187387228012085,-0.10946303941275914,0.931395774429106,3.3312,9
6245582734212097024,0.8948696567452525,1.106486439704895,1.1927151679992676,0.7790991067886353,0.38540539145469666,1.9145946502685547,0.21161678295964248,1.514737172343585,4.187,5
68262973252098304,2.1051694279993316,1.8980180025100708,1.7982218265533447,2.125946044921875,1.168648600578308,2.4284684658050537,-0.2071514254892608,3.0095287849258434,0.5148,0
66804406656115328,1.9867717342662448,1.8980180025100708,1.8673112392425537,1.9643243551254272,1.5001801252365112,2.258558511734009,-0.08875373175617396,2.8347355309925932,0.3333,1
68162921990400256,2.0492180226701815,1.993333339691162,1.903139352798462,2.0803604125976562,1.3965765237808228,2.457477569580078,-0.055884682979019384,2.8850272344085255,0.7308,1
6039021028058583040,1.1020905255118367,2.4367568492889404,2.1184353828430176,2.6729729175567627,1.2059459686279297,2.9009008407592773,1.3346663237771037,3.3488117647062716,0.9497,5
5239851962193200896,1.568201724066995,2.200540542602539,2.195852756500244,2.3165764808654785,1.6659458875656128,2.55279278755188,0.6323388185355441,0.8267092767570376,4.2588,9
6249313690700531328,1.0,1.367567539215088,1.75357985496521,0.6464864611625671,0.42684683203697205,3.1619820594787598,0.3675675392150879,2.70598562246148,2.9032,5
64998905483757568,2.1051694279993316,1.9353153705596924,1.7327802181243896,2.018198251724243,0.6050450205802917,2.5362162590026855,-0.16985405743963922,2.408235461349826,1.0334,2
64770241424108032,2.1051694279993316,1.7281081676483154,1.6380459070205688,1.869009017944336,0.8412612676620483,2.150810718536377,-0.37706126035101617,0.8950103764897608,4.1107,3
664344824088164352,2.8561244442423,3.1702702045440674,3.282362461090088,3.0127928256988525,2.971351385116577,3.70072078704834,0.3141457603017672,0.8574413719603101,9.0575,0
6242769672371612672,0.8948696567452525,2.038918972015381,1.9796547889709473,1.9891891479492188,1.4007207155227661,2.5610811710357666,1.1440493152701283,3.1409096670042507,0.5679,5
660158674082552320,2.8561244442423,1.2100900411605835,1.3530164957046509,1.247387409210205,0.42270269989967346,2.4160361289978027,-1.6460344030817167,2.227876751492431,6.6068,8
6243685084521547008,1.0064660422492318,1.3054053783416748,1.420844316482544,0.7293693423271179,0.46414414048194885,2.370450496673584,0.29893933609244305,1.8634987945622925,6.5899,5
3410529355323453312,2.8750612633917,3.041801691055298,3.1618282794952393,2.9630630016326904,2.772432327270508,3.762882947921753,0.16674042766359776,2.3746460000000003,18.0517,1
65169943964429952,1.9867717342662448,1.9477477073669434,1.890697717666626,1.8109910488128662,1.2308107614517212,2.55279278755188,-0.0390240268993014,3.3967209716615225,0.3336,3
65284228751087872,1.9867717342662448,1.3344143629074097,1.46254563331604,1.3219820261001587,0.4102702736854553,2.5983784198760986,-0.6523573713588351,2.593500946627984,2.4433,1
3311120722349948672,2.88930170250631,1.7115315198898315,1.9795950651168823,1.1935135126113892,0.9738738536834717,3.1329729557037354,-1.1777701826164786,3.1471790000000013,1.378,3
6235201905635519744,1.0064660422492318,2.2917118072509766,1.999245524406433,2.701982021331787,1.0111712217330933,2.884324312210083,1.2852457650017448,3.2829143462609354,1.0311,5
434698385971110400,1.8325089127062364,1.1727927923202515,1.2266087532043457,1.1893693208694458,0.3978378474712372,2.055495500564575,-0.6597161203859849,1.8611024733169743,4.7356,9
6243719100662064000,1.0064660422492318,1.5250450372695923,1.7691746950149536,2.9050450325012207,0.6796396374702454,2.971351385116577,0.5185789950203605,3.022457232288341,1.9508,5
439722604355413504,1.8976270912904414,1.9601801633834839,1.98292875289917,1.8441441059112549,1.4670270681381226,2.6108107566833496,0.0625530720930425,2.8294988181112233,0.6849,9
6048885983817467136,1.0107238653917732,1.3261260986328125,1.4881596565246582,0.745945930480957,0.4517117142677307,2.478198289871216,0.31540223324103933,1.9582436364395797,4.8634,5
6050232400229317248,1.1020905255118367,0.34810811281204224,0.4773387610912323,0.0,0.10360360145568848,0.7666666507720947,-0.7539824126997945,0.2540787896564962,4.1282,5
6242670269649588992,0.8948696567452525,2.1549549102783203,2.029242515563965,2.2668468952178955,1.27639639377594,2.726846933364868,1.2600852535330678,2.713426087700495,1.1446,5
50298125783225088,2.8750612633917,2.8801801204681396,2.9633188247680664,2.8263063430786133,2.701982021331787,3.2324323654174805,0.0051188570764395536,1.659732,14.1349,1
5602638606886943360,1.414973347970818,2.7807207107543945,2.500546932220459,3.1122522354125977,1.5043243169784546,3.323603630065918,1.3657473627835766,0.2927498029820841,0.4248,9
249182461943340032,1.8976270912904414,1.1437838077545166,1.1474496126174927,1.491891860961914,0.4102702736854553,1.7654054164886475,-0.7538432835359248,1.3124029702766422,4.2949,9
664586476127906560,2.8561244442423,1.3427027463912964,1.6299290657043457,1.2183784246444702,0.6299099326133728,2.871891975402832,-1.5134216978510038,2.8481746155317715,2.1329,2
144833998098820992,2.8750612633917,2.1590991020202637,2.060997486114502,2.250270366668701,1.4670270681381226,2.6232433319091797,-0.7159621613714364,3.1361669999999986,0.5153,0
5565538267065698048,1.414973347970818,0.9448648691177368,1.302661418914795,0.7832432389259338,0.32738739252090454,2.8014414310455322,-0.47010847885308116,2.8242372495967945,3.1389,9
6245669050173379328,1.0064660422492318,1.5747747421264648,1.7033984661102295,1.247387409210205,0.6754955053329468,2.784864902496338,0.5683086998772331,2.749662238683086,2.0298,5
664401960036152960,2.8561244442423,2.8511712551116943,2.877514362335205,2.834594488143921,2.7641441822052,2.971351385116577,-0.0049531891306058284,0.9306755351933882,8.7215,7
6245812811317070976,0.7781512503836436,1.1976577043533325,1.781980276107788,3.2572972774505615,0.4931531548500061,3.348468542098999,0.4195064539696889,3.5430028206757656,1.8783,5
65084358152509440,2.1051694279993316,1.1893693208694458,1.1528546810150146,0.0,0.2776576578617096,1.9104504585266113,-0.9158001071298858,1.7977086082807991,3.0322,3
661401225301656192,2.8561244442423,2.9754955768585205,3.077782392501831,2.896756649017334,2.8511712551116943,3.3443243503570557,0.11937113261622034,0.9269596363855248,9.1911,0
6049117843329171968,0.568201724066995,1.4960360527038574,1.9188072681427002,3.0583784580230713,0.754234254360199,3.1868467330932617,0.9278343286368624,3.4523680213127927,1.5365,5
65298483745290368,2.1051694279993316,0.978018045425415,1.4311354160308838,0.8578378558158875,0.34396395087242126,3.0335135459899902,-1.1271513825739166,2.910899218999517,2.7571,1
65017906418989312,2.1051694279993316,1.95603609085083,1.8603551387786865,2.527927875518799,1.160360336303711,2.544504404067993,-0.14913333714850152,2.6099922570669456,0.5328,3
50298125783225088,2.88930170250631,2.8801801204681396,2.9633188247680664,2.8263063430786133,2.701982021331787,3.2324323654174805,-0.009121582038170484,1.659732,14.1349,1
70426507196531456,1.9867717342662448,1.3427027463912964,1.4040260314941406,1.239099144935608,0.745945930480957,2.0969369411468506,-0.6440689878749484,1.6631896053446704,6.7214,4
6237359937724828672,1.0064660422492318,1.3841441869735718,1.58609938621521,1.0857657194137573,0.5014414191246033,2.8180179595947266,0.37767814472434,2.6368962550190416,3.0062,5
64934893291213952,2.1051694279993316,0.8909909725189209,0.8903180360794067,1.3302702903747559,0.319099098443985,1.429729700088501,-1.2141784554804107,1.2976161186144903,0.2352,3
3309956850635519488,2.88930170250631,2.9009008407592773,2.990002393722534,2.8677477836608887,2.759999990463257,3.286306381225586,0.011599138252967212,1.028226,9.3919,3
440958249267343232,1.8325089127062364,2.0347747802734375,1.9616210460662842,2.3745946884155273,1.1396396160125732,2.75171160697937,0.2022658675672011,2.75921413305751,1.2402,9
68233531252642432,2.1051694279993316,2.101081132888794,1.9614685773849487,2.275135040283203,1.3882882595062256,2.469909906387329,-0.004088295110537654,2.9715398519907037,0.823,4
435369843979002880,1.8976270912904414,1.9601801633834839,1.9509717226028442,1.931171178817749,1.54576575756073,2.3621621131896973,0.0625530720930425,2.9102443872764674,0.2606,9
443396210143348864,1.8325089127062364,1.1645045280456543,1.199567198753357,1.1645045280456543,0.3978378474712372,1.968468427658081,-0.6680043846605821,1.7153730794175284,4.7555,9
661459774295767936,2.8129133566428557,2.030630588531494,1.89718496799469,2.076216220855713,1.1354955434799194,2.5859458446502686,-0.7822827681113615,2.727502455987378,0.7425,8
51534045572176896,2.88930170250631,1.2515314817428589,2.039289712905884,3.5018017292022705,0.48072072863578796,3.6012613773345947,-1.6377702207634512,3.7404094999999984,1.1176,1
65807218329068544,2.1051694279993316,2.0347747802734375,1.9356944561004639,2.1342341899871826,1.3427027463912964,2.5362162590026855,-0.0703946477258941,3.142651438490555,0.5028,0
6048703877204665600,1.2730012720637376,2.1052253246307373,1.987943172454834,2.5237836837768555,1.0899099111557007,2.772432327270508,0.8322240525669997,2.8111827464503283,1.4394,5
66960743466922624,1.9867717342662448,2.0472071170806885,1.9786250591278076,2.445044994354248,1.429729700088501,2.569369316101074,0.06043538281444372,3.143828650002434,0.6648,2
150908490604475520,0.19589965240923377,0.38126125931739807,0.7598918676376343,0.012432432733476162,0.11189189553260803,0.9200000166893005,0.1853616069081643,3.771774426523452,2.6692,3
64884899871954176,1.9867717342662448,1.7115315198898315,1.722264289855957,1.5374774932861328,0.9117116928100586,2.5859458446502686,-0.2752402143764132,2.6803682295063416,1.7147,4
69829541100441600,2.1051694279993316,1.2432432174682617,1.3712120056152344,0.8454053997993469,0.5718919038772583,2.308288335800171,-0.8619262105310699,2.439886664841701,3.9411,1
5239421503382925568,1.568201724066995,1.877297282218933,1.8420706987380981,1.6410810947418213,1.131351351737976,2.5569369792938232,0.3090955581519381,2.52134458893444,1.7575,9
664456733755404928,2.8561244442423,1.0236035585403442,1.6296288967132568,3.0252251625061035,0.2983783781528473,3.1868467330932617,-1.832520885701956,2.820809836506519,5.3043,6
65226092073881856,2.1051694279993316,1.7944144010543823,1.7381339073181152,2.1093692779541016,1.1976577043533325,2.2212612628936768,-0.3107550269449493,2.7490600096029585,0.3916,2
661154522379748480,2.8561244442423,1.6576576232910156,1.913729190826416,1.375855803489685,1.0567567348480225,2.934054136276245,-1.1984668209512845,3.0959595833453086,1.1906,0
5239525196750143616,1.568201724066995,1.2018017768859863,1.1535873413085938,1.520900845527649,0.6257657408714294,1.6203603744506836,-0.36639994718100866,1.1980060729361257,0.3134,9
245073999307152384,1.8976270912904414,1.9518918991088867,1.9313831329345703,2.275135040283203,1.54576575756073,2.3290090560913086,0.05426480781844534,2.5437306171637752,0.3037,9
442601194515899264,1.8325089127062364,1.9145946502685547,1.9237685203552246,1.8027026653289795,1.4421621561050415,2.519639730453491,0.0820857375623183,2.7797604898901493,0.4528,9
249111302925370368,1.8325089127062364,1.7736936807632446,1.8001165390014648,1.483603596687317,0.9365766048431396,2.6356756687164307,-0.058815231942991764,2.601355751110058,1.7676,9
6050939459221779968,0.568201724066995,2.4036035537719727,2.00675630569458,2.652252197265625,0.4185585677623749,3.3028829097747803,1.8354018297049777,2.291470054881325,7.6402,5
661320067600915328,2.8561244442423,2.9754955768585205,2.8311784267425537,2.958918809890747,2.747567653656006,3.311171054840088,0.11937113261622034,2.5618824195162397,19.4777,8
661267325402674048,2.8129133566428557,1.607927918434143,1.8105344772338867,1.508468508720398,0.9365766048431396,2.834594488143921,-1.2049854382087126,2.959142655032299,1.2746,7
661391157898332160,2.8561244442423,3.041801691055298,3.0706593990325928,3.02108097076416,2.9009008407592773,3.2200000286102295,0.1856772468129977,1.2355632077721044,11.7799,7
66802276352348416,2.1051694279993316,1.0236035585403442,1.0816740989685059,0.32738739252090454,0.3315315246582031,1.840000033378601,-1.0815658694589874,1.6830936402762553,4.3961,0
69898810332838400,2.1051694279993316,1.4628828763961792,1.5348032712936401,1.0774774551391602,0.8329729437828064,2.262702703475952,-0.6422865516031524,1.7386948929382864,6.8807,1
660981349298550272,2.8561244442423,2.4367568492889404,1.935551643371582,2.9423422813415527,0.3936936855316162,3.215855836868286,-0.41936759495335973,2.576620065561854,8.8709,6
441850842251784448,1.8325089127062364,1.583063006401062,1.7769932746887207,1.3427027463912964,0.7293693423271179,2.8304505348205566,-0.24944590630517438,2.828080339600995,1.6142,9
3314109916508904064,2.88930170250631,3.1744143962860107,3.2264280319213867,3.0625224113464355,2.884324312210083,3.617837905883789,0.2851126937797006,0.769565,7.3432,2
664310601788795392,2.8129133566428557,2.026486396789551,1.9380539655685425,2.200540542602539,1.4048649072647095,2.490630626678467,-0.7864269598533049,3.067714200279412,0.5777,8
64574352259640192,1.9867717342662448,2.0099098682403564,1.9228962659835815,2.3165764808654785,1.301261305809021,2.4864864349365234,0.023138133974111685,3.3288129005290177,0.5601,4
63884584809145600,2.1051694279993316,1.9436036348342896,1.8049639463424683,2.026486396789551,1.0567567348480225,2.478198289871216,-0.16156579316504205,2.4712236474642757,1.2852,1
53335045618385536,2.1051694279993316,1.6245044469833374,1.600718379020691,1.570630669593811,1.044324278831482,2.2792792320251465,-0.4806649810159942,1.776711138123488,1.8712,4
659713303154300288,2.8561244442423,1.4131531715393066,1.5499238967895508,1.4421621561050415,0.4517117142677307,2.726846933364868,-1.4429712727029935,2.7917122897364393,1.9649,7
5239293101036428928,1.568201724066995,1.9767568111419678,1.9950660467147827,1.9021621942520142,1.4960360527038574,2.6356756687164307,0.4085550870749728,2.677249568644272,0.8169,9
53098994216894208,0.7937903846908186,1.0650449991226196,1.2181425094604492,0.20306305587291718,0.32324323058128357,2.250270366668701,0.271254614431801,2.506881576066416,3.4396,3
66745754582838272,1.9867717342662448,2.0347747802734375,2.0024712085723877,2.076216220855713,1.5374774932861328,2.4616215229034424,0.04800304600719274,3.030469631600427,0.3889,2
6049065307289238528,0.568201724066995,3.3567566871643066,2.530515670776367,3.8789188861846924,0.34810811281204224,3.9162161350250244,2.7885549630973117,3.1081956822301837,7.5346,5
66782897460055424,1.9867717342662448,1.9974775314331055,1.966806173324585,2.4243242740631104,1.2639639377593994,2.6812613010406494,0.010705797166860709,2.8338020117755063,1.1036,3
70234882933734400,1.9867717342662448,2.333153247833252,2.3159937858581543,2.4616215229034424,2.051351308822632,2.5569369792938232,0.3463815135670072,1.2678371682785097,8.6399,4
69918086146123520,1.9867717342662448,1.2349549531936646,1.296750783920288,0.2196396440267563,0.3398198187351227,2.345585584640503,-0.7518167810725802,2.4089312362210955,3.2024,1
64215125490886656,1.9867717342662448,2.3538739681243896,2.0428128242492676,3.5598199367523193,0.23207207024097443,3.8209009170532227,0.3671022338581449,2.9722265414637437,3.7522,3
69838302833692160,2.1051694279993316,1.3551350831985474,1.331468105316162,1.2059459686279297,0.6216216087341309,1.9767568111419678,-0.7500343448007842,1.48410362397934,5.521,3
65712488530853120,2.1051694279993316,1.123063087463379,1.2134817838668823,0.5677477717399597,0.40198197960853577,2.063783884048462,-0.9821063405359527,1.8189860632495924,5.9686,2
6043809710435404032,1.0107238653917732,1.761261224746704,1.8245315551757812,1.968468427658081,0.5760360360145569,3.4520721435546875,0.7505373593549309,0.7682708213705374,2.5291,5
63592767549850112,1.9867717342662448,2.038918972015381,1.8795489072799683,2.258558511734009,1.1354955434799194,2.345585584640503,0.0521472377491361,0.7378214222905473,2.932,1
5241131003459519488,1.568201724066995,1.8648648262023926,1.8326560258865356,1.7819819450378418,1.3054053783416748,2.4409008026123047,0.2966631021353976,2.2624576076818603,1.6462,9
148354733113981696,0.4132997640812518,0.28594595193862915,0.3477889597415924,0.0,0.07459459453821182,0.6340540647506714,-0.12735381214262265,4.722147780193601,3.1305,2
3419656057748048512,2.8750612633917,3.1495494842529297,3.2161614894866943,3.1246845722198486,2.8801801204681396,3.5971171855926514,0.2744882208612296,2.673521000000001,19.5479,1
6051938674773689088,1.1367205671564067,1.2888288497924805,1.7043408155441284,2.996216297149658,0.4931531548500061,3.09153151512146,0.1521082826360738,3.1084113702511047,2.0044,5
6242157965949992192,1.2730012720637376,2.420180082321167,2.214223861694336,2.532072067260742,1.5043243169784546,2.8677477836608887,1.1471788102574294,3.3887449670448793,0.8127,5
69834866859848192,2.0492180226701815,1.0981981754302979,1.1853781938552856,0.5387387275695801,0.3771171271800995,2.026486396789551,-0.9510198472398836,1.7515975595770523,5.6688,2
65151531440914560,2.1051694279993316,2.5030629634857178,2.367379903793335,2.515495538711548,1.2681081295013428,3.1744143962860107,0.3978935354863862,1.867185018767329,10.9024,1
64999558318784768,1.9867717342662448,1.2266666889190674,1.4269323348999023,1.044324278831482,0.4890090227127075,2.6356756687164307,-0.7601050453471774,2.772678106048946,2.4091,4
6237403127916146432,1.0064660422492318,2.018198251724243,1.9247894287109375,2.457477569580078,1.0609009265899658,2.6978378295898438,1.0117322094750114,2.7332755045096615,1.3878,5
65241313435901568,1.9867717342662448,3.054234266281128,2.9973134994506836,2.934054136276245,2.590090036392212,3.692432403564453,1.0674625320148832,2.1577166483155015,14.5389,0
6248952432411647488,0.7781512503836436,3.103963851928711,2.3668251037597656,3.2075674533843994,0.9945945739746094,3.4645044803619385,2.325812601545067,3.999315887344768,1.1563,5
452553355299049984,1.8976270912904414,0.8868468403816223,1.2108319997787476,0.0,0.2776576578617096,2.5735135078430176,-1.010780250908819,2.496973475890561,5.4558,9
659714024708794240,2.8561244442423,2.946486473083496,2.945704221725464,2.8553152084350586,2.6978378295898438,3.3194594383239746,0.09036202884119593,1.86104899363678,14.7285,0
664444914005442304,2.8561244442423,2.954774856567383,3.0333313941955566,2.9050450325012207,2.7682883739471436,3.286306381225586,0.09865041232508265,1.6813767686330183,14.1202,7
64980832261312640,1.9867717342662448,1.27639639377594,1.6073698997497559,1.1147748231887817,0.5967567563056946,2.9299099445343018,-0.7103753404903048,2.907345133446772,2.1351,2
6045809722084340480,1.1020905255118367,1.2308107614517212,1.3386118412017822,0.9282882809638977,0.4558558464050293,2.138378381729126,0.12872023593988446,1.7865138835758352,4.6946,5
6237088289634813056,1.0064660422492318,1.6410810947418213,1.7158437967300415,1.4711711406707764,0.7293693423271179,2.747567653656006,0.6346150524925895,2.6616223562110535,2.3649,5
453287657264888192,1.8976270912904414,1.168648600578308,1.357996940612793,1.1727927923202515,0.4144144058227539,2.4657657146453857,-0.7289784907121333,2.492642131546182,3.0332,9
64064011363520512,2.1051694279993316,1.429729700088501,1.7332432270050049,1.044324278831482,0.7500900626182556,2.909189224243164,-0.6754397279108306,2.851861398575744,1.792,3
6051764573978499200,1.1020905255118367,1.239099144935608,1.621171236038208,0.8785585761070251,0.430990993976593,3.079099178314209,0.13700861942377118,2.8508306122041223,2.8671,5
64913452814489216,2.1051694279993316,3.3774774074554443,3.4020416736602783,3.286306381225586,3.0749549865722656,3.7463064193725586,1.2723079794561127,0.9206396965969824,10.1197,1
5586717403640706304,1.6532125137753437,0.8536936640739441,0.9219436049461365,0.3771171271800995,0.26936936378479004,1.5374774932861328,-0.7995188497013996,-0.1941590571738027,1.234,8
68167835432980480,1.9867717342662448,1.877297282218933,1.8318439722061157,2.2295496463775635,1.3302702903747559,2.2917118072509766,-0.10947445204731165,2.9533442712232003,0.3592,2
66783584654831872,2.1051694279993316,1.9974775314331055,1.9129207134246826,2.1466667652130127,1.454594612121582,2.407747745513916,-0.10769189656622613,2.744684982814166,0.9135,4
63838886357191936,2.1051694279993316,1.1106306314468384,1.144887924194336,0.0,0.12432432174682617,2.175675630569458,-0.9945387965524932,2.171745605168023,1.9981,1
664495457180572288,2.8561244442423,1.0236035585403442,1.1991901397705078,0.5138738751411438,0.32738739252090454,2.22540545463562,-1.832520885701956,2.621314454509765,3.7946,0
6245253606576210944,1.2730012720637376,1.2598198652267456,1.6233551502227783,0.8371171355247498,0.4351351261138916,3.02108097076416,-0.013181406836991982,2.524049841126363,4.431,5
64840541448791424,1.9867717342662448,1.9394594430923462,1.911940336227417,2.138378381729126,1.5374774932861328,2.270991086959839,-0.04731229117389857,3.0540465300795394,0.3057,2
70461554129560448,1.9867717342662448,1.2183784246444702,1.2692770957946777,0.8536936640739441,0.683783769607544,1.893873929977417,-0.7683933096217745,1.623183930031869,4.5466,1
65079788307324672,2.1051694279993316,2.1466667652130127,1.9419876337051392,1.1976577043533325,1.0194594860076904,2.8387386798858643,0.041497337213681096,2.819911497571357,1.55,2
6245845586211677312,0.7781512503836436,1.6576576232910156,1.6992180347442627,1.5954954624176025,0.8163964152336121,2.590090036392212,0.879506372907372,2.466501414901397,2.0828,5
659321499058103424,2.8561244442423,3.1619820594787598,2.5345702171325684,3.240720748901367,0.5511711835861206,3.704864978790283,0.3058576152364596,2.9505691361519037,7.3887,0
65013474012743936,2.1051694279993316,1.7736936807632446,1.5876288414001465,2.4243242740631104,0.5594594478607178,2.3870270252227783,-0.33147574723608697,1.625945412016613,0.7815,2
147232651433766528,2.88930170250631,1.8068468570709229,1.749450922012329,1.7819819450378418,0.9904504418373108,2.4616215229034424,-1.0824548454353873,2.5290149999999993,1.8271,3
5239652675713372032,1.568201724066995,0.9407207369804382,1.2283076047897339,0.754234254360199,0.2983783781528473,2.519639730453491,-0.6274809870865568,2.61151439831212,4.5942,9
435096924580530176,1.8325089127062364,1.8192793130874634,1.8523468971252441,1.5250450372695923,0.9987387657165527,2.6978378295898438,-0.013229599618773014,2.713597709711353,1.6102,9
6052223688802577664,1.1020905255118367,2.6688287258148193,2.0930252075195312,0.0,0.3729729652404785,3.6219820976257324,1.5667382003029826,2.8188919133468784,6.6847,5
145950895754320384,0.5185139398778874,1.0526126623153687,1.7590625286102295,0.7708107829093933,0.38540539145469666,3.3070271015167236,0.5340987224374812,2.928044734925958,2.4762,2
6049107020011536000,0.568201724066995,2.308288335800171,2.1727943420410156,2.639819860458374,1.4131531715393066,2.7641441822052,1.740086611733176,4.187288198710462,0.4821,5
662925629454594944,2.8561244442423,2.8387386798858643,2.9497222900390625,2.7641441822052,2.6812613010406494,3.410630702972412,-0.017385764356435907,0.7749362854647637,6.4283,2
65129506848731136,2.1051694279993316,1.3841441869735718,1.213775396347046,1.607927918434143,0.4185585677623749,1.7281081676483154,-0.7210252410257598,1.342292563693319,0.3385,4
660995230632845184,2.8561244442423,0.7127928137779236,0.831052303314209,0.6174774765968323,0.2942342460155487,1.3219820261001587,-2.1433316304643766,1.232597453850737,2.4113,6
663140171661012480,2.8561244442423,1.9228829145431519,1.8198397159576416,1.9436036348342896,0.90756756067276,2.6605405807495117,-0.9332415296991483,2.0278726589440508,1.5603,2
3406943091991364608,2.88930170250631,1.7571171522140503,1.646174430847168,1.8607207536697388,1.0526126623153687,2.0927927494049072,-1.1321845502922598,1.271184,5.9853,0
6050318269513902976,0.568201724066995,0.7583783864974976,0.9109160304069519,0.3729729652404785,0.2569369375705719,1.429729700088501,0.19017666243050257,1.1563978569095854,2.6276,5
66839591028151552,1.9867717342662448,1.968468427658081,1.9079574346542358,2.358017921447754,1.4007207155227661,2.4118919372558594,-0.018303306608163705,3.0286457213267055,0.3487,3
67736070960579072,1.9867717342662448,1.877297282218933,1.8616480827331543,1.8897297382354736,1.483603596687317,2.2668468952178955,-0.10947445204731165,2.917637212352709,0.3579,4
243800008926727936,1.8325089127062364,1.0194594860076904,1.3324836492538452,0.9034234285354614,0.36882883310317993,2.7061262130737305,-0.813049426698546,2.724277128479673,2.9901,9
6237347843096792192,1.0064660422492318,1.3509910106658936,1.7779390811920166,3.0708107948303223,0.5884684920310974,3.1578378677368164,0.3445249684166618,3.2914064116628037,1.8361,5
6242726993278898688,1.0064660422492318,1.5499099493026733,1.771153450012207,2.8263063430786133,0.7376576662063599,2.896756649017334,0.5434439070534416,2.986128557521431,1.7381,5
435621494703658240,1.8325089127062364,1.8565765619277954,1.8771618604660034,1.9477477073669434,1.3965765237808228,2.2668468952178955,0.024067649221559018,0.9438732216045852,4.497,9
3410505784542875008,2.88930170250631,2.0099098682403564,1.8529422283172607,2.0845046043395996,0.9200000166893005,2.5942342281341553,-0.8793918342659537,2.5011340000000004,0.9152,3
659253638574908672,2.8561244442423,2.8677477836608887,2.9949591159820557,2.797297239303589,2.75171160697937,3.3401801586151123,0.011623339418588507,0.9080481526467732,8.5306,0
661295672186702336,2.8129133566428557,1.3799999952316284,1.5965838432312012,1.1976577043533325,0.6133333444595337,2.809729814529419,-1.4329133614112273,2.860237231884781,2.0971,8
661319483485360000,2.8561244442423,3.0832431316375732,3.1172845363616943,2.8926126956939697,2.8760359287261963,3.4769370555877686,0.22711868739527308,0.8004743441468521,7.8678,8
661239390935361024,2.8561244442423,2.7931530475616455,2.1559808254241943,3.0252251625061035,0.40612611174583435,3.4645044803619385,-0.06297139668065466,2.7386552731834737,9.4751,8
69904101732529408,1.9867717342662448,1.247387409210205,1.311743974685669,1.1645045280456543,0.48486486077308655,2.1052253246307373,-0.7393843250560397,1.0065517202866583,0.6716,2
68303728198686080,2.1051694279993316,1.9601801633834839,1.8968220949172974,2.038918972015381,1.4753153324127197,2.3621621131896973,-0.1449892646158477,2.87514971504758,0.6814,4
69643757994608512,1.9867717342662448,1.7198197841644287,1.6736459732055664,1.8482882976531982,1.106486439704895,2.051351308822632,-0.26695195010181605,0.8330182443634406,3.2482,1
661142393392058752,2.8561244442423,0.8495495319366455,1.4999239444732666,0.12846846878528595,0.24036036431789398,3.153693675994873,-2.0065749123056547,2.8290324948274286,5.9553,8
49809495943068288,1.9867717342662448,2.0845046043395996,2.0807247161865234,2.1093692779541016,1.699099063873291,2.4160361289978027,0.09773287007335485,1.0015130328446364,5.8066,3
6050335140145464832,1.1020905255118367,1.6825225353240967,1.8231562376022339,1.4172972440719604,0.8288288116455078,2.896756649017334,0.58043200981226,2.9684866770036775,1.8825,5
441640668031763584,1.8325089127062364,1.8897297382354736,1.901456356048584,1.4048649072647095,0.9697297215461731,2.8055856227874756,0.05722082552923724,2.813473670389574,1.4132,9
6044259857366814848,1.0107238653917732,1.284684658050537,1.7681512832641602,0.6340540647506714,0.38126125931739807,3.29045033454895,0.27396079265876394,2.717871143488238,3.615,5
6243553211849342464,1.0064660422492318,1.429729700088501,1.7460014820098877,2.958918809890747,0.6050450205802917,3.029369354248047,0.4232636578392692,3.076867198253484,1.9675,5
661311443306610688,2.8561244442423,2.6812613010406494,2.5242433547973633,2.7890090942382812,1.9145946502685547,3.008648633956909,-0.17486314320165075,0.3471552581170431,0.1101,0
664453778817920256,2.8129133566428557,1.9021621942520142,1.8129688501358032,1.7695496082305908,1.2639639377593994,2.3787386417388916,-0.9107511623908415,2.2670209147159865,1.8391,0
6049842146619350656,1.0,1.5789189338684082,1.7218445539474487,1.2556756734848022,0.6754955053329468,2.8387386798858643,0.5789189338684082,2.8067409789586493,2.1139,5
249208987660681216,1.8325089127062364,1.367567539215088,1.2804110050201416,1.8234233856201172,0.6299099326133728,1.8482882976531982,-0.4649413734911485,1.269355901624754,0.3609,9
5253452062000579200,1.7201593034059568,1.5623422861099243,1.5630483627319336,1.9021621942520142,0.8412612676620483,2.0969369411468506,-0.15781701729603248,0.8120309923036431,2.8379,9
65275089060719104,1.9867717342662448,2.055495500564575,2.021904230117798,2.138378381729126,1.8027026653289795,2.28342342376709,0.06872376629833044,0.980950572268516,5.5359,2
65010239900405504,2.1051694279993316,2.2917118072509766,2.3145198822021484,2.3124325275421143,1.9436036348342896,2.6481080055236816,0.18654237925164496,1.1826345158057,7.9415,3
65014195567317504,2.1051694279993316,1.9974775314331055,1.9025633335113525,2.5486485958099365,1.284684658050537,2.5030629634857178,-0.10769189656622613,2.774588083761613,0.5149,4
661325908755275648,2.8561244442423,2.8553152084350586,2.883513927459717,2.8387386798858643,2.772432327270508,2.9754955768585205,-0.0008092358072415706,0.919630210628979,8.6678,7
3309969804256882688,1.2469906992415498,0.791531503200531,0.8818143606185913,0.584324300289154,0.3563964068889618,1.4172972440719604,-0.4554591960410188,1.2526848690890493,2.5321,1
441662349026548224,1.8976270912904414,1.9228829145431519,1.9228218793869019,2.0347747802734375,1.483603596687317,2.275135040283203,0.025255823252710474,0.9276711599097016,4.3697,9
64979732749686016,1.9867717342662448,2.246126174926758,2.2319748401641846,2.3745946884155273,1.985045075416565,2.4367568492889404,0.25935444066051305,0.9762331198706686,6.1018,4
661004713920630656,2.8561244442423,1.0028828382492065,1.395599126815796,0.6506306529045105,0.4185585677623749,2.921621561050415,-1.8532416059930936,2.8983027372878123,3.1041,6
435509516316497920,1.8976270912904414,1.4214414358139038,1.3686221837997437,0.0,0.32738739252090454,2.246126174926758,-0.4761856554765376,1.6019061301864514,1.3278,9
3409290995993067648,2.88930170250631,0.8163964152336121,1.2632675170898438,0.16162161529064178,0.20306305587291718,2.8428828716278076,-2.072905287272698,2.7226610000000004,6.045,3
64963377514329984,1.9867717342662448,1.931171178817749,1.8870009183883667,1.9145946502685547,1.3261260986328125,2.457477569580078,-0.055600555448495736,3.035021870013816,0.3688,3
6048976762246802944,0.568201724066995,1.4048649072647095,1.4865676164627075,1.5250450372695923,0.5884684920310974,2.3041441440582275,0.8366631831977145,1.6932849390975142,2.3375,5
447440007751299072,1.8976270912904414,1.7073873281478882,1.7072429656982422,1.723963975906372,1.2059459686279297,2.188108205795288,-0.1902397631425532,1.189017130997392,5.305,9
146989143968434688,2.8750612633917,1.454594612121582,1.5491831302642822,2.3787386417388916,0.6547747850418091,2.4491891860961914,-1.420466651270118,1.9648179999999993,8.2441,3
66652467893487488,2.0492180226701815,1.8980180025100708,1.8808494806289673,2.1715314388275146,1.5913513898849487,2.1715314388275146,-0.1512000201601107,2.1879342474830232,0.3646,0
6245601945603400960,1.0,1.392432451248169,2.043386697769165,3.2821621894836426,0.683783769607544,3.4147746562957764,0.39243245124816895,3.781629288287456,1.5141,5
65671634801986048,2.1051694279993316,1.9767568111419678,1.8968433141708374,2.188108205795288,1.3592792749404907,2.5030629634857178,-0.12841261685736383,2.823872692941233,0.9247,0
5565569740585544704,1.414973347970818,1.031891942024231,1.1616106033325195,0.0,0.26936936378479004,1.95603609085083,-0.383081405946587,0.6581204067595524,0.6252,9
64798038452412928,1.9867717342662448,1.985045075416565,1.9203150272369385,2.0720720291137695,1.5001801252365112,2.3870270252227783,-0.0017266588496798185,2.8083308664259756,0.7674,4
6049554108931809152,1.0107238653917732,1.5250450372695923,1.783278465270996,2.896756649017334,0.7127928137779236,2.967207193374634,0.5143211718778191,3.0547281480033854,1.8163,5
5239770048573739520,1.568201724066995,2.038918972015381,1.9446781873703003,2.1549549102783203,1.3178378343582153,2.5362162590026855,0.4707172479483859,2.4485961876842737,0.5972,9
6242894054624897152,1.0064660422492318,1.2888288497924805,1.6985515356063843,2.9630630016326904,0.4931531548500061,3.0583784580230713,0.2823628075432487,3.075366539544453,1.954,5
70313016978627584,1.9867717342662448,2.3787386417388916,2.1819252967834473,2.4118919372558594,1.094054102897644,2.739279270172119,0.39196690747264684,1.6312305873684037,9.326,0
64870296982175488,2.0492180226701815,1.8192793130874634,1.6806788444519043,2.3538739681243896,1.0567567348480225,2.3414413928985596,-0.22993870958271811,2.1829651590036776,0.574,1
6248952432411647488,1.0,3.103963851928711,2.3668251037597656,3.2075674533843994,0.9945945739746094,3.4645044803619385,2.103963851928711,3.999315887344768,1.1563,5
68398732874994944,2.1051694279993316,2.1342341899871826,2.1543612480163574,2.1798198223114014,1.7488288879394531,2.527927875518799,0.029064761987851018,1.1334994580798503,7.0917,3
6242529875758506880,1.0064660422492318,1.636936902999878,1.8036119937896729,1.367567539215088,0.791531503200531,2.9009008407592773,0.6304708607506462,2.969858334627107,1.877,5
661259525741991808,2.8561244442423,2.150810718536377,2.062617063522339,2.490630626678467,1.4628828763961792,2.5610811710357666,-0.7053137257059232,2.7371112861567037,0.5186,6
66832100605159424,1.9867717342662448,1.9436036348342896,1.883305311203003,1.95603609085083,1.4628828763961792,2.2171170711517334,-0.04316809943195521,0.8964729476187393,4.448,0
6042179203410212864,1.1020905255118367,1.2100900411605835,1.7278461456298828,0.7708107829093933,0.3936936855316162,3.3401801586151123,0.10799951564874677,2.816315451056739,4.599,5
659755630055476992,2.8561244442423,1.6535135507583618,1.5524868965148926,1.777837872505188,1.0277477502822876,1.8814414739608765,-1.2026108934839383,1.0673151126107805,4.7497,6
68267680536205440,1.9867717342662448,1.2266666889190674,1.2684693336486816,0.6299099326133728,0.5138738751411438,2.0472071170806885,-0.7601050453471774,1.7980247654133836,4.8731,1
47019347749289216,2.88930170250631,2.8055856227874756,2.8848469257354736,2.8014414310455322,2.6854054927825928,3.0003602504730225,-0.08371607971883455,1.049381499999999,9.2711,1
65150947325369600,2.1051694279993316,2.200540542602539,2.170747756958008,2.3414413928985596,1.9104504585266113,2.3870270252227783,0.09537111460320746,0.933450382138412,5.562,4
65779971056668032,2.1051694279993316,1.094054102897644,1.427156686782837,0.9614414572715759,0.4351351261138916,2.934054136276245,-1.0111153251016876,3.0012669617543435,2.1878,4
3411128795318922496,2.88930170250631,3.311171054840088,3.1524648666381836,3.7918918132781982,2.6854054927825928,3.7836036682128906,0.42186935233377776,2.6846300000000003,10.6529,1
435320915712179840,1.8325089127062364,2.0223424434661865,1.9643714427947998,2.457477569580078,1.491891860961914,2.4367568492889404,0.18983353075995013,2.194922403065404,0.396,9
65213172812266752,1.9867717342662448,1.8814414739608765,1.870310664176941,1.9187387228012085,1.429729700088501,2.3497297763824463,-0.1053302603053683,3.14378780646929,0.4612,4
66737576965143296,2.1051694279993316,2.1218018531799316,1.9964479207992554,2.6315314769744873,1.1769369840621948,2.776576519012451,0.01663242518060004,3.211896052211913,0.7538,1
661219290488437632,2.8561244442423,0.915855884552002,1.282496690750122,0.953153133392334,0.2818017899990082,2.8511712551116943,-1.9402685596902982,2.846896619674669,2.6249,0
43538293935879680,2.88930170250631,2.8760359287261963,2.9459171295166016,2.8677477836608887,2.8014414310455322,3.0956757068634033,-0.013265773780113843,1.0601149999999997,9.7063,4
69583456653826048,2.0492180226701815,1.831711769104004,1.7066333293914795,1.95603609085083,0.63819819688797,2.469909906387329,-0.2175062535661776,2.174671744890868,2.4106,2
66820590092840960,1.9867717342662448,1.5581982135772705,1.5789611339569092,1.4628828763961792,0.63819819688797,2.469909906387329,-0.42857352068897425,2.5466285307023693,2.3241,4
436456264547458560,1.8976270912904414,1.1023423671722412,1.2249778509140015,0.0,0.32324323058128357,2.026486396789551,-0.7952847241182002,0.6593935853091146,0.7599,9
64971933089093760,2.1051694279993316,0.9945945739746094,1.0644049644470215,0.24864864349365234,0.29009008407592773,1.8234233856201172,-1.1105748540247222,1.6121104563081714,3.943,4
6242970711201462144,1.0064660422492318,1.3219820261001587,1.4076839685440063,2.208828926086426,0.46414414048194885,2.3165764808654785,0.31551598385092694,1.7362366995585208,6.3646,5
3288784006192725248,2.8750612633917,2.9257657527923584,3.0222830772399902,2.871891975402832,2.7434234619140625,3.323603630065918,0.050704489400658304,1.762042000000001,14.1207,7
662776439470251136,2.8561244442423,1.4711711406707764,1.5238351821899414,0.0,0.4144144058227539,2.577657699584961,-1.3849533035715238,2.721937343437657,1.8549,6
664407427531262464,2.8561244442423,3.0252251625061035,3.0462019443511963,2.946486473083496,2.7890090942382812,3.4023423194885254,0.16910071826380335,1.8563738238391805,15.4831,0
5538619026966459008,1.6532125137753437,2.967207193374634,2.4152679443359375,4.04054069519043,0.522162139415741,3.9576575756073,1.31399467959929,0.3290705929026727,0.6695,9
63627264728628224,2.1051694279993316,1.869009017944336,1.8471869230270386,1.8897297382354736,1.3592792749404907,2.407747745513916,-0.23616041005499566,2.862076528092325,0.4746,4
66749121837171840,2.1051694279993316,1.8482882976531982,1.7478474378585815,1.7032432556152344,0.6920720934867859,2.569369316101074,-0.25688113034613336,2.5690495748032314,1.5889,4
660134446170679040,2.8561244442423,2.9299099445343018,2.9504897594451904,2.9174773693084717,2.7890090942382812,3.103963851928711,0.0737855002920016,1.2225024273707197,10.8862,7
5253511951059697152,1.568201724066995,1.0194594860076904,1.234902262687683,0.8992792963981628,0.32738739252090454,2.358017921447754,-0.5487422380593046,2.392185917047521,5.2195,9
65800930496992512,1.9867717342662448,0.953153133392334,1.0406626462936401,0.0,0.12432432174682617,1.8855855464935303,-1.0336186008739108,1.682158984695102,3.0944,2
230530071809812480,1.8976270912904414,1.95603609085083,1.9299917221069336,2.1590991020202637,1.6659458875656128,2.2046847343444824,0.0584089995603887,2.2557266837469987,0.2938,9
5565971096690260992,1.5276299008713388,0.8495495319366455,1.213027000427246,0.5428828597068787,0.273513525724411,2.6688287258148193,-0.6780803689346933,2.709965149889138,5.2915,9
147796013704189440,0.19589965240923377,3.3774774074554443,3.3748443126678467,3.373333215713501,3.016937017440796,3.7960360050201416,3.1815777550462108,2.907507828084095,19.1141,1
64913452814489216,1.9867717342662448,3.3774774074554443,3.4020416736602783,3.286306381225586,3.0749549865722656,3.7463064193725586,1.3907056731891996,0.9206396965969824,10.1197,1
68444878003882240,2.1051694279993316,1.7819819450378418,1.7164217233657837,1.8855855464935303,1.0650449991226196,2.1549549102783203,-0.3231874829614898,0.7697136779747431,2.9789,4
65677098000371712,1.9867717342662448,1.9767568111419678,1.9012091159820557,2.030630588531494,1.1645045280456543,2.6356756687164307,-0.010014923124276986,2.904634597645992,0.579,3
149005270337201792,2.88930170250631,3.460360288619995,3.461089611053467,3.3070271015167236,3.0500900745391846,3.9037837982177734,0.571058586113685,0.8128849999999996,8.3774,3
64797523056344064,2.1051694279993316,1.8731532096862793,1.8593695163726807,1.8897297382354736,1.392432451248169,2.3870270252227783,-0.2320162183130523,2.975834938261446,0.4622,4
64874454510493440,1.9867717342662448,2.005765676498413,1.9265718460083008,2.3497297763824463,1.1147748231887817,2.739279270172119,0.018993942232168326,3.2207605684554075,0.5889,3
6042481225509025408,1.1020905255118367,1.2515314817428589,1.3735547065734863,0.7873873710632324,0.46414414048194885,2.28342342376709,0.14944095623102216,1.8096585837477457,6.1569,5
64895139073954944,1.9867717342662448,1.8731532096862793,1.7645732164382935,1.985045075416565,0.7832432389259338,2.540360450744629,-0.11361852457996546,2.481592566746369,1.5594,4
6242363231033352448,0.8948696567452525,1.985045075416565,2.0595908164978027,2.8553152084350586,1.0816216468811035,3.008648633956909,1.0901754186713124,3.2889982679104497,1.3507,5
70190249631846272,1.9867717342662448,2.030630588531494,2.023838996887207,2.1590991020202637,1.4960360527038574,2.3787386417388916,0.04385885426524938,0.8489457946904735,4.0806,9
64988322684358144,2.1051694279993316,1.9187387228012085,1.8777551651000977,2.1218018531799316,1.5001801252365112,2.2544143199920654,-0.1864307051981231,3.134062717485411,0.2928,3
243800008926727936,1.8976270912904414,1.0194594860076904,1.3324836492538452,0.9034234285354614,0.36882883310317993,2.7061262130737305,-0.878167605282751,2.724277128479673,2.9901,9
661031480156796544,2.8561244442423,3.041801691055298,3.081434726715088,3.0335135459899902,2.954774856567383,3.1744143962860107,0.1856772468129977,1.3996751102742997,13.411,6
6048585473549289472,1.0107238653917732,1.3095495700836182,1.5791511535644531,0.8909909725189209,0.4558558464050293,2.797297239303589,0.298825704691845,2.3473891011851205,3.7554,5
6235490458724550272,1.0107238653917732,2.4160361289978027,2.150531768798828,2.664684772491455,1.2971171140670776,2.9050450325012207,1.4053122636060296,3.3009956597276258,1.0108,5
661360268493494528,2.8561244442423,2.5942342281341553,2.5798938274383545,2.544504404067993,2.3663063049316406,2.8801801204681396,-0.2618902161081449,1.42362858217577,10.6174,0
664319329162317568,2.8561244442423,1.8027026653289795,1.907779574394226,1.5126125812530518,1.1562162637710571,2.8014414310455322,-1.0534217789133207,3.057901631281834,1.0892,0
65136791113382912,2.1051694279993316,1.993333339691162,1.9116981029510498,2.28342342376709,1.3841441869735718,2.4284684658050537,-0.11183608830816949,3.0377407999879305,0.6808,2
6247083125210430080,1.0,2.043063163757324,2.0281505584716797,2.0803604125976562,1.6866666078567505,2.370450496673584,1.0430631637573242,3.4851851239246523,0.2638,5
661150124333238656,2.8561244442423,2.9423422813415527,2.976722478866577,2.9009008407592773,2.7807207107543945,3.190990924835205,0.08621783709925257,1.9090579164158823,15.8023,6
659411796450014464,2.8129133566428557,1.81513512134552,1.7241623401641846,1.9643243551254272,0.9863063097000122,2.370450496673584,-0.9977782352973357,2.1691355092388016,2.0877,8
6044225119671978752,1.1020905255118367,1.2142342329025269,1.3676373958587646,1.131351351737976,0.4102702736854553,2.432612657546997,0.11214370739069013,2.366707661118334,4.2456,8
441663998293948544,1.8325089127062364,2.0140540599823,1.979766607284546,2.018198251724243,1.4587386846542358,2.515495538711548,0.1815451472760634,2.575324510607765,0.4041,9
5538408195612899584,1.6857417386022637,0.9282882809638977,1.04221510887146,0.4972972869873047,0.5180180072784424,1.4421621561050415,-0.757453457638366,-0.203908076745354,2.4162,7
66729261908482048,2.1051694279993316,1.4794594049453735,1.4589672088623047,1.893873929977417,0.3978378474712372,2.0596396923065186,-0.6257100230539581,0.611933599745559,0.7721,4
66652467893487488,1.9867717342662448,1.8980180025100708,1.8808494806289673,2.1715314388275146,1.5913513898849487,2.1715314388275146,-0.08875373175617396,2.1879342474830232,0.3646,0
6050297206990387840,0.568201724066995,1.0360360145568848,1.6252307891845703,3.253153085708618,0.3315315246582031,3.336035966873169,0.4678342904898898,3.293680055067598,2.4895,5
661282031370596608,2.8561244442423,2.8304505348205566,2.830091953277588,2.82216215133667,2.664684772491455,3.0127928256988525,-0.025673909421743524,1.4692241264575627,12.3703,8
69811948914407168,1.9867717342662448,1.3219820261001587,1.359720230102539,1.8814414739608765,0.5138738751411438,2.043063163757324,-0.6647897081660861,0.6774441580745141,1.9507,3
68363411064150272,2.1051694279993316,1.5747747421264648,1.437204122543335,0.0,0.3356756865978241,2.163243293762207,-0.5303946858728668,1.872611318261671,2.9659,2
6243128456764157952,1.0064660422492318,2.0803604125976562,1.9548885822296143,2.3124325275421143,1.2888288497924805,2.527927875518799,1.0738943703484245,3.2841892789014917,0.4836,5
6234768006561947520,1.1367205671564067,2.1673874855041504,2.14412260055542,2.175675630569458,1.645225167274475,2.6315314769744873,1.0306669183477437,1.239957445236529,7.4371,5
65680499614460800,2.1051694279993316,1.9436036348342896,1.9151194095611572,1.8192793130874634,1.5126125812530518,2.333153247833252,-0.16156579316504205,1.4385601896519669,7.4639,4
3405561727429486592,0.7937903846908186,0.8578378558158875,0.9165016412734985,0.46414414048194885,0.3771171271800995,1.4587386846542358,0.06404747112506881,1.2566591919210013,3.0928,0
661211727047722752,2.8561244442423,2.735135078430176,2.722646474838257,2.75171160697937,2.590090036392212,2.8387386798858643,-0.12098936581212438,1.228083405129724,9.9326,6
6248748266847062912,0.7781512503836436,2.5237836837768555,2.0382535457611084,2.7890090942382812,0.38540539145469666,3.4272072315216064,1.7456324333932118,2.4738153619085215,8.6813,5
68317609532996480,2.1051694279993316,2.188108205795288,2.1810243129730225,2.1963963508605957,1.8855855464935303,2.478198289871216,0.08293877779595649,1.0919450247475917,6.6664,0
65013474012743936,2.1051694279993316,1.7736936807632446,1.5876288414001465,2.4243242740631104,0.5594594478607178,2.3870270252227783,-0.33147574723608697,1.625945412016613,0.7815,2
64982344089813248,2.1051694279993316,1.9187387228012085,1.839695930480957,2.076216220855713,1.3717117309570312,2.262702703475952,-0.1864307051981231,2.8621022988525926,0.684,4
6049551016555492096,1.0064660422492318,1.2349549531936646,1.6947940587997437,0.683783769607544,0.3978378474712372,3.153693675994873,0.2284889109444328,2.8227987685296174,2.7389,5
65293368441513344,1.9867717342662448,1.715675711631775,1.6729934215545654,1.7736936807632446,1.4255856275558472,1.9643243551254272,-0.27109602263446986,2.561925841915014,0.2749,3
5318296275658773888,1.568201724066995,0.3936936855316162,0.8242511749267578,0.2610810697078705,0.19063062965869904,1.7944144010543823,-1.1745080385353788,0.7541884796359829,0.7625,7
659765598675979904,2.8561244442423,2.48234224319458,1.96082603931427,2.971351385116577,0.40612611174583435,3.2572972774505615,-0.3737822010477201,2.638373303080385,8.1378,6
66745754582838272,2.1051694279993316,2.0347747802734375,2.0024712085723877,2.076216220855713,1.5374774932861328,2.4616215229034424,-0.0703946477258941,3.030469631600427,0.3889,2
4087782677845919744,3.3898745583909853,3.045945882797241,3.065685510635376,3.0335135459899902,2.9257657527923584,3.190990924835205,-0.34392867559374407,0.8541600000683262,9.4787,7
435320915712179840,1.8976270912904414,2.0223424434661865,1.9643714427947998,2.457477569580078,1.491891860961914,2.4367568492889404,0.12471535217574514,2.194922403065404,0.396,9
66774513683782912,2.1051694279993316,1.4007207155227661,1.2647221088409424,2.076216220855713,0.28594595193862915,2.076216220855713,-0.7044487124765655,1.3429132286382996,0.5616,0
145950895754320384,0.30319605742048883,1.0526126623153687,1.7590625286102295,0.7708107829093933,0.38540539145469666,3.3070271015167236,0.7494166048948798,2.928044734925958,2.4762,2
6242721152123092608,1.0107238653917732,1.239099144935608,1.7598601579666138,3.103963851928711,0.5014414191246033,3.2075674533843994,0.22837527954383474,3.350572938035262,1.7976,5
68595751615127296,1.9867717342662448,1.5789189338684082,1.836631417274475,0.8951351642608643,0.7666666507720947,3.0873873233795166,-0.40785280039783656,2.4213055069818856,7.7792,1
66783584654831872,1.9867717342662448,1.9974775314331055,1.9129207134246826,2.1466667652130127,1.454594612121582,2.407747745513916,0.010705797166860709,2.744684982814166,0.9135,4
64974574492213248,2.1051694279993316,2.101081132888794,1.9822934865951538,2.370450496673584,1.4131531715393066,2.515495538711548,-0.004088295110537654,3.221311011306269,0.5772,2
5239242660940082432,1.568201724066995,1.0360360145568848,1.2430915832519531,0.8578378558158875,0.3356756865978241,2.3538739681243896,-0.5321657095101102,2.2127508213037035,6.1499,9
64999558318784768,2.1051694279993316,1.2266666889190674,1.4269323348999023,1.044324278831482,0.4890090227127075,2.6356756687164307,-0.8785027390802642,2.772678106048946,2.4091,4
3410390468964390400,2.88930170250631,2.6481080055236816,2.3542239665985107,2.6563963890075684,0.9324324131011963,3.141261339187622,-0.2411936969826285,2.322266000000001,10.9622,3
63395989328447232,2.8750612633917,3.0873873233795166,2.9048256874084473,2.9754955768585205,2.6563963890075684,3.655135154724121,0.2123260599878165,2.691217999999999,12.3416,3
67270462147226880,2.88930170250631,2.8263063430786133,2.860959529876709,2.7309908866882324,2.6439640522003174,3.1951351165771484,-0.06299535942769685,1.889234,14.4063,3
659489518178180864,2.8561244442423,2.9133334159851074,2.949720859527588,2.909189224243164,2.82216215133667,3.02108097076416,0.05720897174280726,1.2244989268673103,11.069,6
5538682214525847808,1.6857417386022637,1.8482882976531982,1.761718988418579,1.877297282218933,1.0899099111557007,2.4036035537719727,0.1625465590509345,2.26019395613877,1.9518,9
659370461684793216,2.8561244442423,2.001621723175049,1.9525545835494995,2.420180082321167,1.2722522020339966,2.6232433319091797,-0.8545027210672513,2.767891171567167,1.3335,8
66161020555461120,2.1051694279993316,1.9228829145431519,1.8733577728271484,2.043063163757324,1.222522497177124,2.5735135078430176,-0.18228651345617974,3.004357998409237,0.5421,3
66734725106867968,2.1051694279993316,1.9601801633834839,1.931304693222046,1.9477477073669434,1.454594612121582,2.3994593620300293,-0.1449892646158477,3.254944005573569,0.3094,1
68254245878512384,2.1051694279993316,1.8068468570709229,1.6254388093948364,2.1549549102783203,0.9241441488265991,2.175675630569458,-0.29832257092840875,0.7445562169054365,2.7139,2
66581549393480704,2.1051694279993316,1.2681081295013428,1.2957861423492432,0.7666666507720947,0.6133333444595337,2.001621723175049,-0.8370612984979888,1.766093273702381,4.6678,1
50427387118457984,2.8750612633917,1.4338738918304443,1.614806890487671,1.2349549531936646,0.6796396374702454,2.8428828716278076,-1.4411873715612558,3.004494000000001,1.8673,4
6048846573197632128,1.0492180226701815,1.9021621942520142,1.858616590499878,1.968468427658081,1.375855803489685,2.3911712169647217,0.8529441715818327,3.1759238330678055,0.499,5
249584539600350720,1.8976270912904414,1.5913513898849487,1.569602608680725,1.483603596687317,0.4558558464050293,2.457477569580078,-0.30627570140549265,2.4037726902985557,2.4075,9
49124190961270656,2.88930170250631,2.1590991020202637,2.0307881832122803,2.689549446105957,1.429729700088501,2.6605405807495117,-0.7302026004860465,3.1887929999999987,0.3258,1
68262973252098304,1.9867717342662448,1.8980180025100708,1.7982218265533447,2.125946044921875,1.168648600578308,2.4284684658050537,-0.08875373175617396,3.0095287849258434,0.5148,0
53341642688604416,1.9867717342662448,2.0140540599823,1.8582903146743774,2.1093692779541016,1.1272071599960327,2.507207155227661,0.027282325716055045,2.896149292076186,0.56,1
63632178171114624,2.1051694279993316,2.0720720291137695,1.961411714553833,2.2295496463775635,1.4587386846542358,2.4616215229034424,-0.03309739888556207,2.900216952741418,0.8537,4
66957994687842176,1.9867717342662448,1.2266666889190674,1.1153123378753662,1.6245044469833374,0.4144144058227539,1.6659458875656128,-0.7601050453471774,1.180742686588358,0.3144,0
661337247468928768,2.8561244442423,2.9257657527923584,2.9407706260681152,2.8926126956939697,2.7682883739471436,3.1454052925109863,0.06964130855005823,1.6157209548020182,13.8655,8
65289279632598016,1.9867717342662448,1.1023423671722412,1.934678554534912,3.5390992164611816,0.22378379106521606,3.6592793464660645,-0.8844293670940035,3.0560521185480476,5.5274,4
660700561516668288,2.8561244442423,2.519639730453491,2.4625773429870605,2.577657699584961,2.2792792320251465,2.677117109298706,-0.33648471378880895,1.1143451349546882,8.4292,8
250324854522686848,1.8976270912904414,1.3054053783416748,1.5204589366912842,0.5055856108665466,0.4144144058227539,2.6481080055236816,-0.5922217129487666,0.7106575759640941,1.8093,9
68186114813689344,2.1051694279993316,1.931171178817749,1.865624189376831,2.1093692779541016,1.3551350831985474,2.3787386417388916,-0.17399824918158258,3.104489012900006,0.5212,1
6052113222245376512,1.0107238653917732,1.367567539215088,1.805198311805725,0.6091892123222351,0.38126125931739807,3.3443243503570557,0.3568436738233147,2.713441413446748,4.1252,5
661258872906952320,2.8561244442423,2.847027063369751,2.8859050273895264,2.847027063369751,2.75171160697937,2.9506306648254395,-0.009097380872549188,1.0984678425810694,9.6778,6
661408818803811200,2.8561244442423,2.614954948425293,2.6705005168914795,2.5983784198760986,2.337297201156616,2.992072105407715,-0.2411694958170072,1.556752045318632,10.4687,7
3314328822401984768,0.2380461031287954,2.457477569580078,2.043944835662842,3.041801691055298,0.6796396374702454,3.373333215713501,2.2194314664512826,3.0454659885666224,1.5983,3
664438248216250880,2.8561244442423,2.726846933364868,2.4432578086853027,2.8553152084350586,0.9655855894088745,3.692432403564453,-0.129277510877432,2.6474072905574846,7.3074,7
443512071181546880,1.8325089127062364,1.5167567729949951,1.7835772037506104,1.301261305809021,0.6630630493164062,2.9299099445343018,-0.3157521397112413,2.9445839836789927,1.5151,9
5239414803234249216,1.7201593034059568,1.8524324893951416,1.7579841613769531,2.1300899982452393,0.9282882809638977,2.3994593620300293,0.1322731859891848,1.5530734131854804,7.0678,7
3406734906335151872,2.88930170250631,2.113513469696045,2.069490432739258,2.1342341899871826,1.4670270681381226,2.6729729175567627,-0.7757882328102652,3.5687569999999997,0.3344,3
660194820527281792,2.8561244442423,2.5859458446502686,1.9298615455627441,3.2117116451263428,0.28594595193862915,3.4396395683288574,-0.2701785995920316,2.9473412102570133,5.6803,6
64078167575681152,1.9867717342662448,1.6576576232910156,1.6515984535217285,1.5126125812530518,0.861981987953186,2.4243242740631104,-0.32911411097522913,2.4714916236558624,1.992,3
6050385511522948096,1.1367205671564067,1.9518918991088867,1.8360581398010254,2.0223424434661865,0.8329729437828064,2.722702741622925,0.81517133195248,2.163191572982462,1.2712,5
68175806892217216,1.9867717342662448,1.9353153705596924,1.8569481372833252,2.2171170711517334,1.3509910106658936,2.4160361289978027,-0.05145636370655238,2.5878607763772346,1.1373,4
69575313395795584,1.9867717342662448,2.395315408706665,2.408409595489502,2.4160361289978027,2.138378381729126,2.664684772491455,0.4085436744404203,1.4178819379900474,9.2262,1
5538425822158520576,1.6532125137753437,2.001621723175049,1.9465440511703491,2.026486396789551,1.3427027463912964,2.569369316101074,0.3484092093997051,2.3199873156891524,0.5212,9
453287657264888192,1.8325089127062364,1.168648600578308,1.357996940612793,1.1727927923202515,0.4144144058227539,2.4657657146453857,-0.6638603121279283,2.492642131546182,3.0332,9
6249313690700531328,0.8948696567452525,1.367567539215088,1.75357985496521,0.6464864611625671,0.42684683203697205,3.1619820594787598,0.47269788246983535,2.70598562246148,2.9032,5
68291977168100480,2.1051694279993316,1.6825225353240967,1.6380116939544678,1.6327928304672241,0.799819827079773,2.407747745513916,-0.4226468926752349,2.452001853535628,2.2549,0
65086591535491584,2.1051694279993316,1.761261224746704,1.749050498008728,1.8275675773620605,1.3302702903747559,2.113513469696045,-0.3439082032526275,0.9278737238472572,4.1495,4
3412605297699792512,2.88930170250631,2.4989190101623535,2.4940707683563232,2.5362162590026855,2.295855760574341,2.677117109298706,-0.3903826923439566,1.2474030000000005,9.3605,2
664380111539399552,2.8561244442423,2.8553152084350586,2.888427734375,2.8263063430786133,2.6936936378479004,3.045945882797241,-0.0008092358072415706,1.126613941882275,9.918,0
66462939577861248,1.9867717342662448,1.4628828763961792,1.5106010437011719,1.9643243551254272,0.8288288116455078,2.0596396923065186,-0.5238888578700656,0.7520895866067269,2.1687,4
6042192500629108352,1.0107238653917732,2.9050450325012207,2.3427634239196777,3.5846846103668213,0.42684683203697205,3.704864978790283,1.8943211671094475,2.7535613127608314,4.3758,5
3313259169388356608,2.88930170250631,2.8926126956939697,2.9125592708587646,2.9050450325012207,2.8014414310455322,2.996216297149658,0.0033109931876595944,1.0530230000000014,9.7031,2
441430214633926272,1.8325089127062364,1.4338738918304443,1.4446589946746826,2.5237836837768555,0.4558558464050293,2.420180082321167,-0.39863502087579206,1.597626053984559,0.6425,9
65167577439502592,1.9867717342662448,1.9187387228012085,1.8020977973937988,2.3870270252227783,1.0401802062988281,2.544504404067993,-0.06803301146503626,2.517667144129197,1.6588,1
66737405166459264,1.9867717342662448,1.4504504203796387,1.381874918937683,0.0,0.26936936378479004,2.250270366668701,-0.5363213138866061,2.313189217469052,2.7806,0
65056526764528128,2.1051694279993316,1.3592792749404907,1.568277359008789,1.2432432174682617,0.522162139415741,2.6978378295898438,-0.7458901530588409,2.612100763882093,2.3177,1
6043799849190451456,1.0107238653917732,2.1798198223114014,2.06681489944458,2.590090036392212,1.2929729223251343,2.8014414310455322,1.1690959569196282,3.0594171669777896,1.1769,5
65169943964429952,1.9867717342662448,1.9477477073669434,1.890697717666626,1.8109910488128662,1.2308107614517212,2.55279278755188,-0.0390240268993014,3.3967209716615225,0.3336,3
3304478125929665152,2.88930170250631,3.3443243503570557,2.6437888145446777,3.3940539360046387,1.00702702999115,3.717297315597534,0.45502264785074553,3.7861520000000017,0.898,3
342869957955643264,3.1099158630237933,3.6012613773345947,3.591318368911743,3.5888288021087646,3.3318917751312256,3.8789188861846924,0.4913455143108014,1.3507849992545728,14.8649,9
65674383581036800,2.1051694279993316,1.993333339691162,1.8471977710723877,2.0347747802734375,1.0609009265899658,2.5610811710357666,-0.11183608830816949,2.5984498968222995,0.8691,1
66793583338514816,2.0492180226701815,1.301261305809021,1.581568956375122,1.0028828382492065,0.7127928137779236,2.677117109298706,-0.7479567168611605,2.1185705503148484,7.8537,1
6249285859313790336,0.8948696567452525,1.5540540218353271,1.746828317642212,0.7003603577613831,0.4185585677623749,3.1122522354125977,0.6591843650900746,2.4431764127859203,6.2621,5
68303487680516224,1.9867717342662448,0.2610810697078705,0.5407987236976624,0.0,0.05387387424707413,1.1893693208694458,-1.7256906645583743,1.0502695729188178,0.8448,4
70190249631846272,2.1051694279993316,2.030630588531494,2.023838996887207,2.1590991020202637,1.4960360527038574,2.3787386417388916,-0.07453883946783746,0.8489457946904735,4.0806,9
66597767189992832,2.0492180226701815,1.9891891479492188,1.936467170715332,0.9282882809638977,0.8371171355247498,3.1371171474456787,-0.060028874720962744,2.3764842771626187,8.3172,1
66765751950550144,2.1051694279993316,2.0099098682403564,1.9198015928268433,2.370450496673584,1.3799999952316284,2.527927875518799,-0.09525955975897515,2.9444301777377686,0.8847,2
64215125490886656,2.1051694279993316,2.3538739681243896,2.0428128242492676,3.5598199367523193,0.23207207024097443,3.8209009170532227,0.24870454012505805,2.9722265414637437,3.7522,3
665555175934680320,2.8561244442423,0.9904504418373108,1.6445817947387695,0.7045044898986816,0.32324323058128357,3.385765790939331,-1.8656740024049894,3.0181203526443365,3.0544,2
147790202612482560,0.19589965240923377,2.407747745513916,1.9316322803497314,2.7102701663970947,0.476576566696167,3.2117116451263428,2.2118480931046824,2.3484709507252415,6.938,0
66749121837171840,2.0492180226701815,1.8482882976531982,1.7478474378585815,1.7032432556152344,0.6920720934867859,2.569369316101074,-0.20092972501698325,2.5690495748032314,1.5889,4
685747814353991296,2.8561244442423,3.016937017440796,2.902740001678467,2.996216297149658,2.8180179595947266,3.3028829097747803,0.16081257319849573,2.518134513556566,20.0719,8
6245739521996902272,1.0,1.2598198652267456,1.4740428924560547,0.8163964152336121,0.46000000834465027,2.49477481842041,0.2598198652267456,2.083728875404536,5.146,5
3410529355323453312,2.88930170250631,3.041801691055298,3.1618282794952393,2.9630630016326904,2.772432327270508,3.762882947921753,0.15249998854898772,2.3746460000000003,18.0517,1
66792999222948992,2.1051694279993316,1.9974775314331055,1.928135633468628,2.519639730453491,1.2515314817428589,2.6563963890075684,-0.10769189656622613,2.9302925265196738,0.9824,0
5239135492911437568,1.568201724066995,2.2046847343444824,2.1914336681365967,2.1839640140533447,1.8565765619277954,2.532072067260742,0.6364830102774874,3.091879888296482,0.2898,7
64600813554014592,1.9867717342662448,1.8192793130874634,1.808523178100586,1.831711769104004,1.363423466682434,2.299999952316284,-0.16749242117878138,2.5209895600706846,1.0801,2
6049045000683707392,0.568201724066995,1.284684658050537,1.6339154243469238,0.791531503200531,0.430990993976593,2.996216297149658,0.7164829339835421,2.4676318620673348,5.2058,5
68186114813689344,1.9867717342662448,1.931171178817749,1.865624189376831,2.1093692779541016,1.3551350831985474,2.3787386417388916,-0.055600555448495736,3.104489012900006,0.5212,1
5538694068636369280,1.6857417386022637,1.4794594049453735,1.344425916671753,1.5581982135772705,0.7045044898986816,1.777837872505188,-0.2062823336568902,1.450010485254878,0.2739,9
6248889038693959808,1.0,1.1769369840621948,2.1117067337036133,3.9410810470581055,0.24036036431789398,3.9783782958984375,0.17693698406219482,3.7631210478412167,3.9198,5
50101210121892992,1.9867717342662448,1.9809008836746216,1.9057766199111938,2.088648557662964,1.4421621561050415,2.3911712169647217,-0.005870850591623178,2.977713742889978,0.644,4
661331028356266752,2.8561244442423,1.9477477073669434,1.8993244171142578,1.7488288879394531,1.1479278802871704,2.6729729175567627,-0.9083767368753568,2.7135513085889875,1.2788,6
66763965244167808,2.1051694279993316,1.9809008836746216,1.8816347122192383,2.1922521591186523,1.3054053783416748,2.457477569580078,-0.12426854432471002,2.9362225236217685,0.716,1
68175806892217216,2.1051694279993316,1.9353153705596924,1.8569481372833252,2.2171170711517334,1.3509910106658936,2.4160361289978027,-0.16985405743963922,2.5878607763772346,1.1373,4
63892006512622848,2.1051694279993316,2.0347747802734375,1.9332621097564697,2.3911712169647217,1.363423466682434,2.507207155227661,-0.0703946477258941,2.7411875993384416,1.1109,4
659680072990872704,2.8561244442423,1.1479278802871704,1.4079928398132324,0.9738738536834717,0.4724324345588684,2.7558557987213135,-1.7081965639551298,2.8351912670024384,2.7199,6
66517468482370176,2.1051694279993316,1.2142342329025269,1.1828327178955078,0.273513525724411,0.2776576578617096,1.985045075416565,-0.8909351950968047,1.8907897148320243,4.0671,4
6049053143941850496,1.2730012720637376,2.262702703475952,2.1704635620117188,2.358017921447754,1.6203603744506836,2.772432327270508,0.9897014314122146,3.1532199656214353,0.8811,5
64770241424108032,1.9867717342662448,1.7281081676483154,1.6380459070205688,1.869009017944336,0.8412612676620483,2.150810718536377,-0.25866356661792933,0.8950103764897608,4.1107,3
661402084295115904,2.8129133566428557,1.0981981754302979,1.6794350147247314,0.0,0.319099098443985,3.410630702972412,-1.7147151812125578,2.8206865557770815,4.3898,7
689060883406994048,2.8561244442423,1.168648600578308,1.3888962268829346,0.9034234285354614,0.4102702736854553,2.569369316101074,-1.687475843663992,2.588836929425211,4.0466,8
65014985841292032,1.9867717342662448,1.95603609085083,1.8779528141021729,2.018198251724243,1.3344143629074097,2.4409008026123047,-0.030735643415414682,2.953209350084674,0.4916,0
65026839950559744,2.0492180226701815,2.3041441440582275,1.9041047096252441,2.420180082321167,0.745945930480957,2.6936936378479004,0.25492612138804605,1.8674146843872204,10.7782,2
664438248216250880,2.8129133566428557,2.726846933364868,2.4432578086853027,2.8553152084350586,0.9655855894088745,3.692432403564453,-0.08606642327798752,2.6474072905574846,7.3074,7
5251802519709841280,1.568201724066995,1.752972960472107,1.664011001586914,1.7198197841644287,0.8163964152336121,2.3290090560913086,0.18477123640511195,1.9205472969521755,1.2462,9
64936508198907904,1.9867717342662448,0.9697297215461731,1.0605038404464722,0.6754955053329468,0.44342342019081116,1.699099063873291,-1.0170420127200717,1.483769965290091,3.9273,4
65179946945247488,1.9867717342662448,0.8495495319366455,1.362623929977417,0.6962162256240845,0.32324323058128357,3.008648633956909,-1.1372222023295993,2.6838574348512063,4.4326,1
6243844822944577536,0.8948696567452525,1.3592792749404907,1.8206756114959717,3.0873873233795166,0.6216216087341309,3.190990924835205,0.4644096181952382,3.382806658820491,1.714,5
664344274332354304,2.8129133566428557,2.063783884048462,1.9775586128234863,2.0927927494049072,1.4255856275558472,2.540360450744629,-0.7491294725943938,2.725970751460093,0.9732,8
68267680536205440,2.0492180226701815,1.2266666889190674,1.2684693336486816,0.6299099326133728,0.5138738751411438,2.0472071170806885,-0.8225513337511141,1.7980247654133836,4.8731,1
6242770836302870784,1.0064660422492318,2.7185585498809814,2.811448097229004,2.4036035537719727,2.1715314388275146,3.605405330657959,1.7120925076317497,0.280596681778328,0.1349,5
5239653255497968384,1.568201724066995,1.3427027463912964,1.4004802703857422,2.088648557662964,0.5718919038772583,2.1798198223114014,-0.2254989776756986,1.610683910864448,6.4702,9
65211557904569856,2.1051694279993316,1.491891860961914,1.3716516494750977,0.0,0.24036036431789398,2.337297201156616,-0.6132775670374175,2.3424701456253776,2.2119,1
68162028637205888,2.1051694279993316,2.005765676498413,1.9534820318222046,2.0472071170806885,1.4670270681381226,2.457477569580078,-0.09940375150091851,3.090131421946337,0.4253,0
5251880516319380480,1.7201593034059568,1.1935135126113892,1.312581181526184,0.6464864611625671,0.42684683203697205,2.0140540599823,-0.5266457907945676,0.7627175948671544,1.8932,9
6243171440797135232,1.0064660422492318,2.2419819831848145,2.1331400871276855,2.8014414310455322,1.222522497177124,2.9879279136657715,1.2355159409355827,3.277218137629383,1.2891,5
69990241597280640,1.9867717342662448,1.9726126194000244,1.9171409606933594,2.2419819831848145,1.5416215658187866,2.2668468952178955,-0.014159114866220346,2.4599695426478916,0.4037,4
6242206207022808320,1.0064660422492318,1.4007207155227661,1.5588011741638184,2.4491891860961914,0.4392792880535126,2.6563963890075684,0.39425467327353436,2.105512357986703,7.2846,5
6048853410786597504,1.0492180226701815,1.9891891479492188,1.8494255542755127,2.333153247833252,1.0774774551391602,2.5030629634857178,0.9399711252790373,3.0184078485298853,0.7477,5
66280248847432192,2.1051694279993316,1.9974775314331055,1.8886662721633911,2.076216220855713,1.031891942024231,2.652252197265625,-0.10769189656622613,2.7165202402414894,0.7778,3
664409175581692288,2.8561244442423,2.75171160697937,2.7491073608398438,2.776576519012451,2.6232433319091797,2.8677477836608887,-0.10441283726293005,1.1843003717170109,9.874,2
251179484294840960,1.8325089127062364,1.1935135126113892,1.3210251331329346,1.284684658050537,0.4102702736854553,2.3248648643493652,-0.6389954000948472,2.337930773283751,3.5191,9
6049324620234856320,0.568201724066995,1.2183784246444702,1.6054415702819824,0.8868468403816223,0.42270269989967346,2.9879279136657715,0.6501767005774752,2.8532764744647765,2.292,5
661216743570426240,2.8561244442423,2.5486485958099365,2.208211898803711,2.5735135078430176,0.9738738536834717,2.9050450325012207,-0.30747584843236364,0.6680241543767452,3.0979,6
66804406656115328,2.1051694279993316,1.8980180025100708,1.8673112392425537,1.9643243551254272,1.5001801252365112,2.258558511734009,-0.2071514254892608,2.8347355309925932,0.3333,1
664495457180572288,2.8129133566428557,1.0236035585403442,1.1991901397705078,0.5138738751411438,0.32738739252090454,2.22540545463562,-1.7893097981025115,2.621314454509765,3.7946,0
659766114072052608,2.8561244442423,3.029369354248047,3.3342373371124268,2.9630630016326904,2.9050450325012207,4.044684886932373,0.1732449100057467,1.0857675912716098,10.4003,6
6049064551374989312,0.568201724066995,1.5001801252365112,1.8164654970169067,3.054234266281128,0.3936936855316162,3.240720748901367,0.9319784011695162,2.758974699670957,2.8047,5
69917635172718720,2.1051694279993316,2.2544143199920654,2.2497971057891846,2.2668468952178955,1.9477477073669434,2.544504404067993,0.14924489199273383,1.1235948586795708,7.0525,0
66523103479455744,2.1051694279993316,1.9436036348342896,1.8627573251724243,1.993333339691162,1.367567539215088,2.3994593620300293,-0.16156579316504205,3.005321504847768,0.4898,1
65125864716379264,2.1051694279993316,2.188108205795288,2.122945785522461,2.2419819831848145,1.761261224746704,2.4864864349365234,0.08293877779595649,1.340018457042715,8.06,3
66280248847432192,1.9867717342662448,1.9974775314331055,1.8886662721633911,2.076216220855713,1.031891942024231,2.652252197265625,0.010705797166860709,2.7165202402414894,0.7778,3
6242916354095163648,1.0064660422492318,1.4255856275558472,1.5693002939224243,2.382882833480835,0.4392792880535126,2.6481080055236816,0.4191195853066154,2.06766692420641,6.5049,5
3288784006192725248,2.8750612633917,2.9257657527923584,3.0222830772399902,2.871891975402832,2.7434234619140625,3.323603630065918,0.050704489400658304,1.762042000000001,14.1207,7
65004437401569664,1.9867717342662448,1.968468427658081,1.8957589864730835,2.246126174926758,1.4172972440719604,2.457477569580078,-0.018303306608163705,2.858866314634147,0.9125,2
664573793087543936,2.8561244442423,2.043063163757324,2.000136375427246,2.125946044921875,1.5291892290115356,2.507207155227661,-0.813061280484976,3.084111461035036,0.4832,6
65004712279475712,2.1051694279993316,1.8192793130874634,1.677262306213379,2.051351308822632,0.791531503200531,2.2419819831848145,-0.2858901149118682,0.7947564408288141,3.6032,3
50248991357476736,2.8750612633917,2.088648557662964,2.010080337524414,2.3041441440582275,1.3882882595062256,2.6356756687164307,-0.7864127057287362,3.060380499999999,0.8024,3
64798038452412928,2.1051694279993316,1.985045075416565,1.9203150272369385,2.0720720291137695,1.5001801252365112,2.3870270252227783,-0.12012435258276666,2.8083308664259756,0.7674,4
5538547283835168000,1.6532125137753437,1.3799999952316284,1.3936843872070312,2.4036035537719727,0.36468467116355896,2.3663063049316406,-0.2732125185437153,1.4000147779174037,0.6257,9
6050561914417776256,1.2730012720637376,2.1093692779541016,1.973879098892212,2.308288335800171,1.2308107614517212,2.5610811710357666,0.836368005890364,3.432530773056562,0.4763,5
6038156159083776896,0.568201724066995,1.9891891479492188,1.9002636671066284,2.038918972015381,1.3302702903747559,2.49477481842041,1.4209874238822238,2.3095251170716846,1.5244,8
66746441777612416,1.9867717342662448,2.382882833480835,2.3463964462280273,2.432612657546997,1.4214414358139038,3.3277478218078613,0.3961110992145902,0.0871053123294011,0.2652,3
66280248847432192,2.0492180226701815,1.9974775314331055,1.8886662721633911,2.076216220855713,1.031891942024231,2.652252197265625,-0.051740491237076025,2.7165202402414894,0.7778,3
65184894747573376,2.1051694279993316,2.001621723175049,1.985365629196167,2.0140540599823,1.5581982135772705,2.4243242740631104,-0.10354770482428277,3.0315098150191666,0.3659,0
66793583338514816,2.1051694279993316,1.301261305809021,1.581568956375122,1.0028828382492065,0.7127928137779236,2.677117109298706,-0.8039081221903106,2.1185705503148484,7.8537,1
69819027020489088,2.1051694279993316,1.7115315198898315,1.8383941650390625,0.8371171355247498,0.8246846795082092,3.1454052925109863,-0.39363790810950006,0.6500594561502397,1.804,0
6242196070900653952,1.0107238653917732,2.1549549102783203,2.2364611625671387,1.5167567729949951,1.4877477884292603,3.0376577377319336,1.1442310448865471,0.4727070185396692,0.4516,5
64856312568645248,1.9867717342662448,1.9394594430923462,1.8091728687286377,2.0472071170806885,1.0277477502822876,2.457477569580078,-0.04731229117389857,1.752162458656929,8.8566,4
65297594689312768,2.1051694279993316,1.9891891479492188,1.923257827758789,2.3248648643493652,1.5581982135772705,2.3290090560913086,-0.11598028005011285,2.694274952343344,0.3473,1
661305838371084288,2.8561244442423,1.761261224746704,1.7070972919464111,2.664684772491455,0.2818017899990082,2.7931530475616455,-1.094863219495596,0.4716831477951942,0.7605,7
65211145587780992,1.9867717342662448,1.0981981754302979,1.1638504266738892,1.0981981754302979,0.36468467116355896,2.001621723175049,-0.8885735588359469,1.7938773963740118,5.2913,4
434759065273696256,1.8325089127062364,1.9394594430923462,1.8916382789611816,1.9021621942520142,1.3095495700836182,2.565225124359131,0.1069505303861098,2.3007679380323083,1.0039,9
662932260884134272,2.8561244442423,3.02108097076416,3.0807676315307617,2.8636035919189453,2.834594488143921,3.3526124954223633,0.16495652652186,0.8292544055962531,8.1285,2
63395989328447232,2.88930170250631,3.0873873233795166,2.9048256874084473,2.9754955768585205,2.6563963890075684,3.655135154724121,0.19808562087320647,2.691217999999999,12.3416,3
6260471775219740288,1.2730012720637376,1.7944144010543823,1.7047460079193115,1.9436036348342896,0.6257657408714294,2.6356756687164307,0.5214131289906447,2.122271761971031,1.5284,5
6244712990449721216,1.1020905255118367,3.70072078704834,2.734610080718994,4.139999866485596,0.30666667222976685,4.044684886932373,2.598630261536503,3.4270448555413746,7.6823,5
65147438335354624,2.1051694279993316,1.8648648262023926,1.8350605964660645,2.1549549102783203,1.1976577043533325,2.5237836837768555,-0.24030460179693902,3.067346227968361,0.5156,3
65280071222749824,1.9867717342662448,1.9228829145431519,1.8583660125732422,2.3290090560913086,1.338558554649353,2.3787386417388916,-0.0638888197230929,2.8534975419932955,0.3748,3
68152820227358720,2.1051694279993316,1.931171178817749,1.9332772493362427,1.6576576232910156,1.3219820261001587,2.602522611618042,-0.17399824918158258,2.716705430747167,1.4551,2
68303659479211776,2.1051694279993316,0.7666666507720947,1.1224946975708008,0.7335135340690613,0.2569369375705719,2.6356756687164307,-1.3385027772272369,2.6799366705692553,3.8673,0
70044628765739776,1.9867717342662448,1.6493693590164185,1.6945679187774658,0.7583783864974976,0.7045044898986816,2.6605405807495117,-0.3374023752498263,1.9708773088623188,9.1581,0
146989143968434688,2.88930170250631,1.454594612121582,1.5491831302642822,2.3787386417388916,0.6547747850418091,2.4491891860961914,-1.434707090384728,1.9648179999999993,8.2441,3
6245756049031523072,0.8573324964312685,1.3965765237808228,1.7424607276916504,0.7832432389259338,0.4185585677623749,3.203423500061035,0.5392440273495542,2.5617919678659673,5.2346,5
66727234683931520,2.1051694279993316,1.7405405044555664,1.7259799242019653,1.9145946502685547,1.5001801252365112,1.95603609085083,-0.3646289235437652,1.8507557814185505,0.3022,0
664608638159278080,2.8561244442423,3.253153085708618,3.2426414489746094,3.141261339187622,2.9009008407592773,3.675855875015259,0.397028641466318,2.425928377291942,19.9245,0
68045583484082048,2.0492180226701815,1.9145946502685547,1.7276569604873657,2.026486396789551,0.7003603577613831,2.569369316101074,-0.1346233724016268,2.262599221872666,1.2277,1
6235871095906436608,1.1367205671564067,1.583063006401062,1.7943408489227295,0.0,0.3978378474712372,3.240720748901367,0.44634243924465533,2.549159982518393,7.2436,5
151037064744973696,0.3961993470957364,2.3745946884155273,1.9778081178665161,2.9796395301818848,0.7666666507720947,3.1329729557037354,1.978395341319791,3.1378105213688463,1.4626,1
65196370900147968,1.9867717342662448,0.8081080913543701,0.8806183338165283,1.429729700088501,0.28594595193862915,1.4504504203796387,-1.1786636429118746,0.93393449722034,2.3523,2
65675895409522048,2.1051694279993316,2.101081132888794,2.074906826019287,2.3290090560913086,1.7032432556152344,2.4409008026123047,-0.004088295110537654,3.1496648612221696,0.3186,2
146989143968434688,2.88930170250631,1.454594612121582,1.5491831302642822,2.3787386417388916,0.6547747850418091,2.4491891860961914,-1.434707090384728,1.9648179999999993,8.2441,3
66480944080770176,1.9867717342662448,2.395315408706665,2.410820245742798,2.4284684658050537,2.0845046043395996,2.6812613010406494,0.4085436744404203,1.2046871256565812,8.3426,3
6042205763488144768,1.1367205671564067,1.2929729223251343,1.2125910520553589,1.5872071981430054,0.5345945954322815,1.723963975906372,0.1562523551687276,1.1348196352243902,4.2635,8
66754241438299520,2.1051694279993316,1.5043243169784546,1.461742639541626,1.8855855464935303,0.7956756949424744,2.0472071170806885,-0.600845111020877,1.4012788057180483,5.8824,0
6243731848125035520,1.0064660422492318,1.4214414358139038,1.5340445041656494,1.1810810565948486,0.5304504632949829,2.527927875518799,0.41497539356467206,2.3746301074673517,3.2665,5
66802276352348416,1.9867717342662448,1.0236035585403442,1.0816740989685059,0.32738739252090454,0.3315315246582031,1.840000033378601,-0.9631681757259005,1.6830936402762553,4.3961,0
63849572235829248,2.1051694279993316,1.6120721101760864,1.627495527267456,1.599639654159546,1.0774774551391602,2.1798198223114014,-0.4930973178232452,1.3819219633297892,6.2131,4
249293478258283904,1.8976270912904414,1.123063087463379,1.311163067817688,1.1023423671722412,0.40612611174583435,2.3994593620300293,-0.7745640038270625,2.476241808161615,3.5469,9
441662349026548224,1.8325089127062364,1.9228829145431519,1.9228218793869019,2.0347747802734375,1.483603596687317,2.275135040283203,0.09037400183691546,0.9276711599097016,4.3697,9
148381984682184192,0.6532125137753437,0.8039639592170715,1.4247698783874512,0.5138738751411438,0.26936936378479004,3.141261339187622,0.1507514454417278,2.843371762301512,3.3177,3
147232651433766528,2.8750612633917,1.8068468570709229,1.749450922012329,1.7819819450378418,0.9904504418373108,2.4616215229034424,-1.0682144063207772,2.5290149999999993,1.8271,3
5239665320086649472,1.568201724066995,2.138378381729126,2.171963930130005,2.2419819831848145,1.761261224746704,2.5113513469696045,0.570176657662131,0.9457734941506336,5.331,9
64804360644343424,1.9867717342662448,1.831711769104004,1.8339413404464722,1.81513512134552,1.508468508720398,2.1798198223114014,-0.15505996516224085,3.1366035311448073,0.2957,4
434759065273696256,1.8976270912904414,1.9394594430923462,1.8916382789611816,1.9021621942520142,1.3095495700836182,2.565225124359131,0.04183235180190481,2.3007679380323083,1.0039,9
6243504627178052480,1.0064660422492318,1.367567539215088,1.5864742994308472,1.044324278831482,0.5055856108665466,2.797297239303589,0.36110149696585614,2.496652975929662,3.4006,5
6241636694357891584,0.8948696567452525,1.0111712217330933,1.724410057067871,3.4520721435546875,0.36882883310317993,3.5266666412353516,0.11630156498784072,3.702386600426608,2.1474,5
69829541100441600,2.1051694279993316,1.2432432174682617,1.3712120056152344,0.8454053997993469,0.5718919038772583,2.308288335800171,-0.8619262105310699,2.439886664841701,3.9411,1
65244646332548352,1.9867717342662448,2.001621723175049,1.9499131441116333,2.407747745513916,1.4711711406707764,2.382882833480835,0.014849988908804068,2.775952116617543,0.4139,2
53251929411490688,2.1051694279993316,1.1645045280456543,1.3535892963409424,0.9697297215461731,0.38540539145469666,2.395315408706665,-0.9406648999536773,2.4638907440174247,4.0484,4
663782904926907392,2.8561244442423,2.9133334159851074,2.933133125305176,2.8677477836608887,2.772432327270508,3.0832431316375732,0.05720897174280726,1.6752175571760168,14.28,6
435211342506946688,1.8976270912904414,0.7210810780525208,1.203486442565918,0.0,0.2196396440267563,2.909189224243164,-1.1765460132379206,2.844816029924947,4.6603,9
6050378089819434368,1.0107238653917732,1.3261260986328125,1.5968297719955444,1.0028828382492065,0.4724324345588684,2.9133334159851074,0.31540223324103933,2.7233299052500732,2.7397,5
6049015313873042432,0.568201724066995,1.3054053783416748,1.5963562726974487,0.9448648691177368,0.46000000834465027,2.921621561050415,0.7372036542746798,2.6693336357188167,2.8408,5
3308269757418376576,2.8750612633917,3.199279308319092,3.2592737674713135,3.153693675994873,2.8387386798858643,3.7711710929870605,0.3242180449273917,2.7295369999999988,14.3761,7
67085641114472320,1.9867717342662448,1.9436036348342896,1.9164721965789795,1.9270269870758057,1.375855803489685,2.4989190101623535,-0.04316809943195521,3.070036624795892,0.4729,4
3419656057748048512,2.88930170250631,3.1495494842529297,3.2161614894866943,3.1246845722198486,2.8801801204681396,3.5971171855926514,0.26024778174661956,2.673521000000001,19.5479,1
