{
  "n_samples": 2494,
  "mae_dex": 0.14739269770148972,
  "median_ae_dex": 0.0070370004217013005,
  "rmse_dex": 0.3783870105821261,
  "bias_dex": -0.006195113445579036,
  "scatter_dex": 0.37833629266391355,
  "correlation": 0.8773129159347808
}