{
  "n_samples": 2494,
  "mae_myr": 87.44016568658824,
  "median_ae_myr": 16.771728515625,
  "rmse_myr": 207.52576938603806,
  "log_mae_dex": 0.18750290092729524,
  "log_bias_dex": 0.006086742024838762,
  "log_scatter_dex": 0.3383084356763574,
  "correlation": 0.8098815749521372
}