{
  "n_samples": 2494,
  "mae_dex": 0.5242320120467928,
  "median_ae_dex": 0.3683213630687032,
  "rmse_dex": 0.7365710630835371,
  "bias_dex": 0.03096581979471313,
  "scatter_dex": 0.7359198658661509,
  "correlation": 0.653222110728108
}