{
  "n_samples": 2494,
  "mae_dex": 0.2956853205492242,
  "median_ae_dex": 0.17373310358475236,
  "rmse_dex": 0.47469561849815456,
  "bias_dex": -0.00501213100889379,
  "scatter_dex": 0.47466915716538305,
  "correlation": 0.8281036884144679
}