{"fold_0": {"train_nll": [4.422690800053323, 3.4092145639813256, 3.0222898360961423, 2.7902019133787594, 2.6786073214544324, 2.5447696702991554, 2.5263657022812565, 2.345304653496446, 2.275916205140536, 2.2848823108749543, 2.1821941214955163, 2.124125052430109, 2.1195581374999755, 2.094634248641784, 2.0771511284287323, 2.038783366551141, 2.0291046084526307, 2.00084954392695, 1.977831973102623, 1.93711191332173, 1.9636422768384516, 1.9508203270440112, 1.9181286481793276, 1.8895107801548225, 1.8847405642928008, 1.8847059472529348, 1.875696975386931, 1.8670287982734268, 1.8624675402899304, 1.8547413850833991, 1.8751366444245607, 1.8476652138696643, 1.8434513441785303, 1.8380303932335191, 1.833326225529214, 1.8261600563186922, 1.829682298557075, 1.8174329859938076, 1.8185538513388089, 1.8167938531520134, 1.8186117819172587, 1.8119037036666412, 1.8096991201679788, 1.8110990849862953, 1.8081321656584501, 1.8074609268165542, 1.80664474370783, 1.8072005393270978, 1.8051966020243917, 1.8051792368860187, 1.8039938094381818, 1.8036577324112335, 1.8027920837631684, 1.8029172907850308, 1.80161764530954, 1.8018100154184864, 1.801790251043851, 1.8013307092662805, 1.8013074235591238, 1.8010316563990407, 1.800896974747071, 1.8007745288894745, 1.8008189769928344, 1.8005576195841084, 1.8006288302924207, 1.8004125941970306, 1.8004755971426953, 1.8003986445600857, 1.8003674439772337, 1.8003451582902896, 1.80033061571255, 1.8003014753720086, 1.800291687070965, 1.8002865519934523, 1.800281900322748, 1.8002687996040605, 1.8002654130090932, 1.8002611755846976, 1.800259162404972, 1.800259142457125], "val_nll": [3.913341999053955, 3.406881809234619, 3.0616512298583984, 3.1791152954101562, 3.0470833778381348, 2.8411645889282227, 2.7177751064300537, 2.7724227905273438, 2.7621378898620605, 2.5800023078918457, 2.4948930740356445, 2.51625394821167, 2.501640796661377, 2.611121416091919, 2.4602437019348145, 2.5459656715393066, 2.423543691635132, 2.456282138824463, 2.4239561557769775, 2.444504976272583, 2.4462690353393555, 2.4453306198120117, 2.413233995437622, 2.4280567169189453, 2.421869993209839, 2.4511590003967285, 2.4182491302490234, 2.3923075199127197, 2.4136080741882324, 2.4057226181030273, 2.4120829105377197, 2.3978469371795654, 2.4006457328796387, 2.3950605392456055, 2.3949499130249023, 2.3998470306396484, 2.3931190967559814, 2.391953229904175, 2.4040699005126953, 2.3884029388427734, 2.3966877460479736, 2.399879217147827, 2.3928279876708984, 2.4020698070526123, 2.395115375518799, 2.3919191360473633, 2.4005510807037354, 2.3968305587768555, 2.3932571411132812, 2.393982410430908, 2.395007371902466, 2.3944597244262695, 2.3944787979125977, 2.3945324420928955, 2.394131660461426, 2.393829822540283, 2.3937013149261475, 2.395427703857422, 2.3952770233154297, 2.3948259353637695, 2.394646406173706, 2.3950111865997314, 2.395138740539551, 2.3948347568511963, 2.3948416709899902, 2.3948910236358643, 2.3948974609375, 2.3947927951812744, 2.3948068618774414, 2.394758701324463, 2.394766092300415, 2.394752025604248, 2.3947763442993164, 2.3947455883026123, 2.394737482070923, 2.394761085510254, 2.394752025604248, 2.3947553634643555, 2.3947556018829346, 2.394756317138672]}, "fold_1": {"train_nll": [4.5528490567255115, 3.547253812721115, 3.0730776476238915, 2.7945772292379867, 2.696393583962817, 2.56426461497863, 2.5022346481292663, 2.355837149706059, 2.3365733711896297, 2.274122030797129, 2.2371998999066247, 2.1891038083435896, 2.1616029059719706, 2.135217596868236, 2.093812924587655, 2.1318820934735223, 2.0235770040141317, 2.0043144364634116, 2.0166443192170473, 1.9904534902744637, 2.040253843238693, 1.9612323220124943, 1.9335258557705697, 1.9285663359150857, 1.9273566475851025, 1.9168415055246295, 1.9310239436989556, 1.8943775760864685, 1.8802330876161197, 1.875963179286353, 1.869239992034698, 1.8710974837113956, 1.874921701953024, 1.8672981912005162, 1.8593993934696327, 1.8571443339149079, 1.8513870645381645, 1.848891678219568, 1.8510907740296725, 1.8419874957902638, 1.8390310708888786, 1.8396634197904018, 1.838995234044138, 1.8356172574426464, 1.8339255515463606, 1.8343938720489075, 1.8335055650355583, 1.8316846388375354, 1.8307012995641552, 1.8296455505615723, 1.8300501354232819, 1.8286970301954923, 1.8279191845643497, 1.827533973720604, 1.8274579657342487, 1.8270134049092601, 1.826830463144249, 1.826355678882293, 1.8264551040882577, 1.826445577139845, 1.8259550258965196, 1.825818166943017, 1.8259359500212278, 1.8256343858753272, 1.8255893989412006, 1.8254991984797384, 1.8254852096637886, 1.8254378458302103, 1.8254540544712472, 1.8253960461320284, 1.8253631013667655, 1.8253463881765912, 1.8253358828280875, 1.8253129681269964, 1.8253022907731051, 1.8252928296406428, 1.825285255849242, 1.825283918208732, 1.8252819731144723, 1.8252811006649223], "val_nll": [3.764049530029297, 3.527109384536743, 2.9104526042938232, 2.8633556365966797, 2.7533376216888428, 2.6313605308532715, 2.519162893295288, 2.4674553871154785, 2.4043922424316406, 2.3648102283477783, 2.2946901321411133, 2.3454792499542236, 2.266691207885742, 2.2017152309417725, 2.442425489425659, 2.1919093132019043, 2.2229363918304443, 2.179490804672241, 2.203611373901367, 2.221179723739624, 2.1929843425750732, 2.124267101287842, 2.1666533946990967, 2.150376081466675, 2.171171188354492, 2.1560239791870117, 2.118320941925049, 2.1189637184143066, 2.105581283569336, 2.113767385482788, 2.1412765979766846, 2.109950065612793, 2.1139626502990723, 2.110577344894409, 2.1107587814331055, 2.1075897216796875, 2.111504077911377, 2.103236675262451, 2.1010069847106934, 2.1043107509613037, 2.1093101501464844, 2.103043556213379, 2.1047160625457764, 2.1048743724823, 2.1010608673095703, 2.103693723678589, 2.1043357849121094, 2.1008574962615967, 2.101611375808716, 2.1010613441467285, 2.1007397174835205, 2.100466251373291, 2.1007497310638428, 2.099959373474121, 2.101632595062256, 2.1008124351501465, 2.1007118225097656, 2.1003129482269287, 2.1007091999053955, 2.100715160369873, 2.1007778644561768, 2.101118803024292, 2.10089111328125, 2.101024627685547, 2.100795269012451, 2.100658416748047, 2.1007230281829834, 2.1007344722747803, 2.100783586502075, 2.100797414779663, 2.1008570194244385, 2.100825071334839, 2.1007840633392334, 2.1008036136627197, 2.1008141040802, 2.1008121967315674, 2.1008152961730957, 2.100813865661621, 2.100813150405884, 2.1008141040802]}, "fold_2": {"train_nll": [4.556923701911269, 3.4961987177212395, 3.0831569148925597, 2.8943445880809624, 2.817764281270977, 2.6809993936924754, 2.5911640306274015, 2.457847350584959, 2.410722317342051, 2.3959353371469194, 2.3980508560169196, 2.332152354215572, 2.2726659915729135, 2.2640991664840606, 2.220805580964786, 2.2061620707024554, 2.1812591146610543, 2.1900739187229132, 2.149648663037287, 2.129839959746611, 2.1144406066867774, 2.1690756567494427, 2.082629078136895, 2.0772660980840962, 2.0716892483239184, 2.0604625307247493, 2.0558261276485923, 2.033270808164486, 2.034322547291467, 2.031676482103153, 2.019077494531452, 2.0115370074350514, 2.0184800144665704, 2.0035077753907933, 2.004297774635957, 2.0001428136844672, 1.9930102804261363, 1.9913367350736935, 2.0006012467439764, 1.9915291414948886, 1.988380352337518, 1.9851370545809637, 1.986867216641535, 1.9836573767996504, 1.98155097684306, 1.9809928597333675, 1.979828102555208, 1.977918433044143, 1.9772795737386943, 1.9771246009455894, 1.9761547476112962, 1.9761100321828962, 1.9749402213908867, 1.9751229477310945, 1.974952651885803, 1.9744139706682347, 1.9739122549613157, 1.9740392354303944, 1.973830377948069, 1.9733672165918446, 1.9732532071207234, 1.9732881215865723, 1.9729830258356067, 1.9731464776581895, 1.9731257004823857, 1.972929686964872, 1.9728477493316712, 1.9728256643176796, 1.9728035296132427, 1.97271860864215, 1.9727270655737132, 1.9727240540460498, 1.9726838150578654, 1.9726658722680652, 1.9726681680621987, 1.9726546928734483, 1.9726517260194063, 1.9726463303059518, 1.972644826931084, 1.9726442151174755],