{
  "n_samples": 7156,
  "mae_myr": 143.39303740808856,
  "median_ae_myr": 35.326066970825195,
  "rmse_myr": 268.6791347123784,
  "log_mae_dex": 0.288954754912251,
  "log_bias_dex": 0.0034945696136938144,
  "log_scatter_dex": 0.44745810687281234,
  "correlation": 0.6496492160563352
}