{
  "n_samples": 7156,
  "mae_myr": 156.16272154739545,
  "median_ae_myr": 44.243812561035156,
  "rmse_myr": 280.17999310327434,
  "log_mae_dex": 0.3190215653979658,
  "log_bias_dex": 0.005160227687853189,
  "log_scatter_dex": 0.47364699196765164,
  "correlation": 0.6151218025779348
}