{
  "n_samples": 2494,
  "mae_myr": 168.76838235415357,
  "median_ae_myr": 50.1064567565918,
  "rmse_myr": 301.43511982898855,
  "log_mae_dex": 0.45402259710490284,
  "log_bias_dex": 0.00873199380656968,
  "log_scatter_dex": 0.6162729505690376,
  "correlation": 0.6139271373528413
}