{
  "n_samples": 2494,
  "mae_myr": 169.5170102534145,
  "median_ae_myr": 50.89413093566894,
  "rmse_myr": 302.5456938991089,
  "log_mae_dex": 0.4533999842339297,
  "log_bias_dex": 0.008688905891615065,
  "log_scatter_dex": 0.6157102704928532,
  "correlation": 0.610946455575424
}