{
  "n_samples": 7154,
  "mae_myr": 111.34110902871971,
  "median_ae_myr": 22.940994262695312,
  "rmse_myr": 234.4752563652415,
  "log_mae_dex": 0.2366197925184612,
  "log_bias_dex": 0.00487062075669431,
  "log_scatter_dex": 0.4124922844814342,
  "correlation": 0.7357709861107133
}