{
  "n_samples": 7156,
  "mae_myr": 141.87598308217133,
  "median_ae_myr": 33.93842315673828,
  "rmse_myr": 267.88657332710267,
  "log_mae_dex": 0.28524914548380864,
  "log_bias_dex": 0.005650463048882269,
  "log_scatter_dex": 0.44439711271711047,
  "correlation": 0.6506606032795332
}