gaia_id,log_true_c1,log_c1,log_true_c2,log_c2,log_true_c3,log_c3,log_true
117709729140216320,1.9867717,2.519639730453491,2.1051694279993316,2.200540542602539,1.9867717,2.432612657546997,1.9867717
144171233106399104,2.8893018,2.75171160697937,2.88930170250631,3.398198127746582,2.8893018,2.735135078430176,2.8893018
144833998098820992,2.8893018,2.0720720291137695,2.88930170250631,2.1590991020202637,2.8893018,2.28342342376709,2.8893018
145034968209407232,0.79379034,0.6340540647506714,0.7937903846908186,1.0028828382492063,0.79379034,0.9034234285354614,0.79379034
145133786815830784,0.30319604,0.2900900840759277,0.3031960574204888,2.983783721923828,0.30319604,0.1699099093675613,0.30319604
145210099794710272,0.30319604,0.6009008884429932,0.3031960574204888,0.791531503200531,0.30319604,0.8536936640739441,0.30319604
145238687096970496,0.19589967,1.7985585927963257,0.6532125137753437,0.6464864611625671,0.19589967,1.8855855464935305,0.19589967
145325548516513280,2.8893018,0.7169369459152222,2.88930170250631,3.008648633956909,2.8893018,2.9174773693084717,2.8893018
145664777917536512,2.8893018,2.138378381729126,2.88930170250631,1.7405405044555664,2.8893018,2.8428828716278076,2.8893018
145668974102570624,2.8893018,2.6190991401672363,2.88930170250631,3.4893693923950195,2.8893018,2.859459400177002,2.8893018
145950895754320384,0.30319604,1.8731532096862793,0.5185139398778874,1.0526126623153689,0.30319604,1.7654054164886477,0.30319604
145982742935380096,0.30319604,1.9187387228012085,0.3031960574204888,3.3899099826812744,0.30319604,1.2183784246444702,0.30319604
146277553787186048,0.19589967,0.5263063311576843,0.1958996524092337,0.273513525724411,0.19589967,0.4517117142677307,0.19589967
146592838746224384,2.8893018,2.2295496463775635,2.88930170250631,3.3526124954223633,2.8893018,2.3745946884155273,2.8893018
146675954953119104,0.19589967,0.861981987953186,0.1958996524092337,1.2018017768859863,0.19589967,0.8744144439697266,0.19589967
146709146460303744,0.19589967,0.2818017899990082,0.1958996524092337,2.93819808959961,0.19589967,0.8371171355247498,0.19589967
146727391481452544,2.8893018,2.5237836837768555,2.88930170250631,2.5942342281341553,2.8893018,2.569369316101074,2.8893018
146758796282263040,0.39619935,2.7807207107543945,0.3961993470957364,2.627387285232544,0.39619935,2.4118919372558594,0.39619935
146758968080949504,0.19589967,0.1574774831533432,0.6532125137753437,2.262702703475952,0.19589967,1.0774774551391602,0.19589967
146989143968434688,2.8893018,2.8180179595947266,2.8750612633917,1.454594612121582,2.8893018,3.199279308319092,2.8893018
147232651433766528,2.8893018,1.7363964319229126,2.88930170250631,1.8068468570709229,2.8893018,2.250270366668701,2.8893018
147441558642852736,0.41329974,0.5014414191246033,0.4132997640812518,0.2652252316474914,0.41329974,0.4558558464050293,0.41329974
147469115153030528,2.8893018,1.089909911155701,2.88930170250631,2.0223424434661865,2.8893018,1.599639654159546,2.8893018
147790202612482560,0.19589967,0.0663063079118728,0.6532125137753437,2.407747745513916,0.19589967,0.4890090227127075,0.19589967
147796013704189440,0.19589967,0.5097297430038452,0.6532125137753437,3.3774774074554443,0.19589967,0.1699099093675613,0.19589967
147908438767993216,2.8893018,2.005765676498413,2.88930170250631,2.113513469696045,2.8893018,2.28342342376709,2.8893018
148112913570653568,0.41329974,0.2320720702409744,0.4132997640812518,0.8909909725189209,0.41329974,0.4392792880535126,0.41329974
148354733113981696,0.41329974,0.3315315246582031,0.6532125137753437,0.2859459519386291,0.41329974,0.953153133392334,0.41329974
148381984682184192,0.41329974,0.2983783781528473,0.4132997640812518,0.8039639592170715,0.41329974,0.2072072029113769,0.41329974
148420639387738112,0.41329974,1.2100900411605835,0.4132997640812518,0.9407207369804382,0.41329974,0.6672071814537048,0.41329974
148450085683504896,0.41329974,0.2445045113563537,0.4132997640812518,3.3070271015167236,0.41329974,0.1574774831533432,0.41329974
148599305732728320,0.39619935,0.3398198187351227,0.3961993470957364,0.6920720934867859,0.39619935,0.4931531548500061,0.39619935
149005270337201792,2.8893018,2.4367568492889404,2.88930170250631,3.460360288619995,2.8893018,0.3149549663066864,2.8893018
149327461604162688,2.8893018,1.5416215658187866,2.88930170250631,3.671711683273315,2.8893018,1.5747747421264648,2.8893018
149369139966814976,0.19589967,0.2569369375705719,0.6532125137753437,0.7625225186347961,0.19589967,0.1201801821589469,0.19589967
149943428633879296,1.9867717,3.2945945262908936,1.9867717342662448,2.8263063430786133,1.9867717,3.3816215991973877,1.9867717
149956519694104704,2.8893018,2.038918972015381,2.88930170250631,2.188108205795288,2.8893018,2.1549549102783203,2.8893018
150073682105601408,0.39619935,0.6920720934867859,0.3961993470957364,0.7790991067886353,0.39619935,0.4061261117458343,0.39619935
150908490604475520,0.19589967,2.080360412597656,0.6532125137753437,0.381261259317398,0.19589967,2.1466667652130127,0.19589967
151037064744973696,0.39619935,0.3605405390262604,1.0413926851582251,2.3745946884155273,0.39619935,0.4600000083446502,0.39619935
151312419393052032,2.8893018,2.958918809890747,2.88930170250631,2.7807207107543945,2.8893018,2.8677477836608887,2.8893018
154422804645274368,2.8893018,1.599639654159546,2.88930170250631,1.483603596687317,2.8893018,1.6949549913406372,2.8893018
230530071809812480,1.8325089,1.5126125812530518,1.8325089127062364,1.95603609085083,1.8325089,1.429729700088501,1.8325089
232162125023265152,1.8325089,1.1479278802871704,1.8325089127062364,1.1520720720291138,1.8325089,1.4338738918304443,1.8325089
233593860965180928,1.8325089,1.491891860961914,1.8325089127062364,1.914594650268555,1.8325089,1.910450458526611,1.8325089
241699529401329408,1.8325089,0.754234254360199,1.8325089127062364,1.5043243169784546,1.8325089,1.6700900793075562,1.8325089
242053950101197184,1.8325089,1.3095495700836182,1.8325089127062364,1.5789189338684082,1.8325089,2.005765676498413,1.8325089
243086494599578240,1.8325089,1.3261260986328125,1.8976270912904416,1.9726126194000244,1.8325089,1.9270269870758057,1.8325089
243105942211695232,1.8325089,0.9821621775627136,1.8325089127062364,1.5747747421264648,1.8325089,1.5374774932861328,1.8325089
243171706750419200,1.8325089,1.0111712217330933,1.8325089127062364,2.088648557662964,1.8325089,2.992072105407715,1.8325089
243800008926727936,1.8325089,1.363423466682434,1.8325089127062364,1.0194594860076904,1.8325089,1.8234233856201172,1.8325089
244664259425318784,1.8325089,0.5263063311576843,1.8325089127062364,1.6576576232910156,1.8325089,0.9863063097000122,1.8325089
244858082709373312,1.8325089,0.9200000166893004,1.8325089127062364,2.051351308822632,1.8325089,1.5416215658187866,1.8325089
244961093205959424,1.8325089,0.8744144439697266,1.8325089127062364,1.1189188957214355,1.8325089,1.1479278802871704,1.8325089
245073999307152384,1.8325089,1.222522497177124,1.8325089127062364,1.9518918991088867,1.8325089,1.2515314817428589,1.8325089
245261878355732096,1.8325089,1.6120721101760864,1.8976270912904416,1.7363964319229126,1.8325089,2.797297239303589,1.8325089
245357913824994560,1.8325089,0.4972972869873047,1.8976270912904416,1.1189188957214355,1.8325089,0.8205405473709106,1.8325089
245406807732412160,1.8325089,1.0526126623153689,1.8325089127062364,2.3290090560913086,1.8325089,1.5913513898849487,1.8325089
246596891631623168,1.8325089,0.7293693423271179,1.8325089127062364,1.3261260986328125,1.8325089,1.313693642616272,1.8325089
247999421789789952,1.8325089,2.28342342376709,1.8976270912904416,1.81513512134552,1.8325089,2.1963963508605957,1.8325089
248043574053255680,1.8325089,0.5304504632949829,1.8325089127062364,1.9974775314331057,1.8325089,0.861981987953186,1.8325089
248045876155738240,1.8325089,1.284684658050537,1.8325089127062364,2.1673874855041504,1.8325089,2.21297287940979,1.8325089
248238187611328768,1.8325089,1.7736936807632446,1.8976270912904416,1.0111712217330933,1.8325089,3.0127928256988525,1.8325089
248334085642021888,1.8325089,1.123063087463379,1.8325089127062364,1.8607207536697388,1.8325089,1.777837872505188,1.8325089
248624665950977536,1.8325089,0.8785585761070251,1.8325089127062364,1.0650449991226196,1.8325089,1.1023423671722412,1.8325089
248889442093277696,1.8325089,0.8412612676620483,1.8325089127062364,1.9477477073669431,1.8325089,1.678378343582153,1.8325089
249009220140976128,1.8325089,0.9324324131011964,1.8325089127062364,1.0360360145568848,1.8325089,1.1520720720291138,1.8325089
249111302925370368,1.8325089,0.9572973251342772,1.8976270912904416,1.7736936807632446,1.8325089,2.005765676498413,1.8325089
249182461943340032,1.8325089,0.547027051448822,1.8325089127062364,1.1437838077545166,1.8325089,1.4172972440719604,1.8325089
249205036290763136,1.8325089,0.7045044898986816,1.8325089127062364,1.9809008836746216,1.8325089,1.2183784246444702,1.8325089
249208987660681216,1.8325089,0.7790991067886353,1.8976270912904416,1.367567539215088,1.8325089,1.5291892290115356,1.8325089
249216168846376448,1.8325089,1.1562162637710571,1.8325089127062364,1.1437838077545166,1.8325089,1.699099063873291,1.8325089
249267124338789248,1.8325089,0.5677477717399597,1.8325089127062364,0.9655855894088744,1.8325089,1.7115315198898315,1.8325089
249277810217226752,1.8325089,1.9726126194000244,1.8325089127062364,1.131351351737976,1.8325089,2.871891975402832,1.8325089
249293478258283904,1.8325089,1.5664864778518677,1.8325089127062364,1.123063087463379,1.8325089,2.0140540599823,1.8325089
249368141968881152,1.8325089,0.961441457271576,1.8325089127062364,2.005765676498413,1.8325089,1.7736936807632446,1.8325089
249584539600350720,1.8325089,1.2432432174682615,1.8325089127062364,1.5913513898849487,1.8325089,1.7571171522140503,1.8325089
249764790788074624,1.8325089,0.7708107829093933,1.8325089127062364,1.81513512134552,1.8325089,1.1354955434799194,1.8325089
249859692385393408,1.8325089,0.5345945954322815,1.8325089127062364,1.645225167274475,1.8325089,0.7376576662063599,1.8325089
250324854522686848,1.8325089,2.080360412597656,1.8325089127062364,1.3054053783416748,1.8325089,3.4147746562957764,1.8325089
251087228398581120,1.8325089,1.8192793130874632,1.8325089127062364,1.363423466682434,1.8325089,3.0252251625061035,1.8325089
251179484294840960,1.8325089,1.906306266784668,1.8976270912904416,1.1935135126113892,1.8325089,2.490630626678467,1.8325089
251365954596999296,1.8325089,0.8744144439697266,1.8976270912904416,1.6700900793075562,1.8325089,1.9021621942520144,1.8325089
274848568032380032,1.8325089,1.089909911155701,1.8325089127062364,1.7198197841644287,1.8325089,0.961441457271576,1.8325089
3281064262038614912,2.8893018,3.050090074539185,2.88930170250631,3.215855836868286,2.8893018,3.78360366821289,2.8893018
3288784006192725248,2.8893018,1.520900845527649,2.88930170250631,2.9257657527923584,2.8893018,1.661801815032959,2.8893018
3304337251002413952,2.8893018,2.308288335800171,2.88930170250631,2.946486473083496,2.8893018,3.178558588027954,2.8893018
3304478125929665152,2.8893018,2.7641441822052,2.88930170250631,3.3443243503570557,2.8893018,2.179819822311402,2.8893018
3306922958753764992,2.8893018,1.1810810565948486,2.88930170250631,2.884324312210083,2.8893018,0.5097297430038452,2.8893018
3307489031146701696,2.8893018,2.48234224319458,2.88930170250631,3.0625224113464355,2.8893018,2.1466667652130127,2.8893018
3307992336891315968,2.8893018,2.6356756687164307,2.88930170250631,2.759999990463257,2.8893018,3.286306381225586,2.8893018
3308269757418376576,2.8893018,2.4989190101623535,2.8750612633917,3.199279308319092,2.8893018,2.171531438827514,2.8893018
3308501926171656832,2.8893018,2.4657657146453857,2.88930170250631,1.0360360145568848,2.8893018,3.787747859954834,2.8893018
3308851433430549632,2.8893018,2.519639730453491,2.88930170250631,2.171531438827514,2.8893018,2.490630626678467,2.8893018
3309956850635519488,2.8893018,1.7944144010543823,2.88930170250631,2.9009008407592773,2.8893018,0.5428828597068787,2.8893018
3309969804256882688,1.2469907,1.7488288879394531,1.2469906992415498,0.791531503200531,1.2469907,1.375855803489685,1.2469907
3309970392669539584,0.51454777,0.5760360360145569,0.5145477526602861,1.1769369840621948,0.51454777,0.8868468403816223,0.51454777
3309974344039455488,2.8893018,2.262702703475952,2.8750612633917,1.6245044469833374,2.8893018,2.82216215133667,2.8893018
3310131711641618816,2.8893018,2.337297201156616,2.88930170250631,1.0609009265899658,2.8893018,2.063783884048462,2.8893018
3310903740601986432,2.8893018,2.3414413928985596,2.88930170250631,2.7931530475616455,2.8893018,2.8055856227874756,2.8893018
3311102820926310784,2.8893018,1.7488288879394531,2.88930170250631,0.9117116928100586,2.8893018,1.6535135507583618,2.8893018
3311120722349948672,2.8893018,2.2336935997009277,2.88930170250631,1.7115315198898315,2.8893018,2.5486485958099365,2.8893018
3311148828615843328,2.8893018,2.457477569580078,2.88930170250631,3.008648633956909,2.8893018,0.754234254360199,2.8893018
3311492803955469696,2.8893018,2.295855760574341,2.88930170250631,2.8884685039520264,2.8893018,2.22540545463562,2.8893018
3311514210073309056,2.8893018,1.2556756734848022,2.88930170250631,2.9174773693084717,2.8893018,0.6920720934867859,2.8893018
3311906770084019712,2.8893018,1.6245044469833374,2.88930170250631,1.429729700088501,2.8893018,1.0526126623153689,2.8893018
3311934086075988864,2.8893018,1.0484684705734253,2.88930170250631,1.317837834358215,2.8893018,3.0708107948303223,2.8893018
3312281669189449472,2.8893018,3.5142343044281006,2.88930170250631,2.8304505348205566,2.8893018,2.834594488143921,2.8893018
3312520946111619072,2.8893018,2.3745946884155273,2.88930170250631,2.8055856227874756,2.8893018,3.680000066757202,2.8893018
3312564037520033792,2.8893018,1.454594612121582,2.88930170250631,2.6563963890075684,2.8893018,2.0845046043395996,2.8893018
3312575685471393664,2.8893018,0.9241441488265992,2.88930170250631,3.5763964653015137,2.8893018,2.577657699584961,2.8893018
3312602348628348032,2.8893018,1.185225248336792,2.88930170250631,2.735135078430176,2.8893018,3.3899099826812744,2.8893018
3312644885984344704,2.8893018,2.813873767852783,2.88930170250631,3.336035966873169,2.8893018,3.0998198986053467,2.8893018
3312709379213017728,2.8893018,1.2598198652267456,2.88930170250631,3.2821621894836426,2.8893018,2.8926126956939697,2.8893018
3312882483575093760,2.8893018,2.0347747802734375,2.88930170250631,1.0111712217330933,2.8893018,1.7073873281478882,2.8893018
3312921378798754304,2.8893018,2.291711807250977,2.88930170250631,1.508468508720398,2.8893018,3.447927951812744,2.8893018
3312951748510907648,2.8893018,0.2072072029113769,2.88930170250631,2.8387386798858643,2.8893018,0.3149549663066864,2.8893018
3312960205303089664,2.8893018,2.0845046043395996,2.88930170250631,1.4463063478469849,2.8893018,2.2668468952178955,2.8893018
3313259169388356608,2.8893018,2.6936936378479004,2.88930170250631,2.8926126956939697,2.8893018,1.4048649072647097,2.8893018
3313285110990793472,2.8893018,2.590090036392212,2.8750612633917,3.435495376586914,2.8893018,2.4409008026123047,2.8893018
3313386605360382720,0.23804611,0.1657657623291015,0.2380461031287954,1.8648648262023928,0.23804611,0.3854053914546966,0.23804611
3313463953428629632,0.23804611,1.2556756734848022,0.2380461031287954,0.8868468403816223,0.23804611,2.6190991401672363,0.23804611
3313689422030650496,2.8893018,0.5428828597068787,2.88930170250631,2.018198251724243,2.8893018,0.7708107829093933,2.8893018
3313759000500605056,2.8893018,1.9891891479492188,2.88930170250631,3.0832431316375732,2.8893018,2.080360412597656,2.8893018
3314079508140198528,2.8893018,2.4616215229034424,2.88930170250631,2.967207193374634,2.8893018,3.505945920944214,2.8893018
3314109916508904064,2.8893018,2.701982021331787,2.88930170250631,3.1744143962860107,2.8893018,0.2154954969882965,2.8893018
3314213025787054592,2.8893018,2.6066665649414062,2.88930170250631,2.9879279136657715,2.8893018,2.8511712551116943,2.8893018
3314248558053305216,2.8893018,1.1935135126113892,2.88930170250631,1.715675711631775,2.8893018,1.2971171140670776,2.8893018
3314251749212034816,0.23804611,0.1699099093675613,0.2380461031287954,1.4131531715393066,0.23804611,0.2776576578617096,0.23804611
3314258591096887552,0.23804611,0.2320720702409744,0.2380461031287954,2.22540545463562,0.23804611,0.430990993976593,0.23804611
3314261649113588608,0.23804611,0.273513525724411,0.2380461031287954,1.031891942024231,0.23804611,1.1769369840621948,0.23804611
3314267593348429952,0.23804611,1.317837834358215,0.2380461031287954,0.9448648691177368,0.23804611,2.0472071170806885,0.23804611
3314294771901304192,2.8893018,1.7363964319229126,2.88930170250631,1.7322522401809692,2.8893018,2.0927927494049072,2.8893018
3314309890186259712,0.23804611,0.3895495533943176,0.2380461031287954,3.505945920944214,0.23804611,0.1491891890764236,0.23804611
3314326829537259648,0.23804611,0.3771171271800995,0.2380461031287954,1.6949549913406372,0.23804611,0.273513525724411,0.23804611
3314328822401984768,0.23804611,1.6700900793075562,0.2380461031287954,2.457477569580078,0.23804611,2.076216220855713,0.23804611
3314351053152780032,0.23804611,0.1409008949995041,0.2380461031287954,1.1354955434799194,0.23804611,0.1201801821589469,0.23804611
3314352530621527296,0.23804611,0.63819819688797,0.2380461031287954,1.3592792749404907,0.23804611,0.4434234201908111,0.23804611
3314376204481063680,0.79379034,0.3273873925209045,0.7937903846908186,1.1189188957214355,0.79379034,0.3522522449493408,0.79379034
3314581984953794816,2.8893018,0.2154954969882965,2.88930170250631,2.0347747802734375,2.8893018,0.2652252316474914,2.8893018
3314597408180024960,2.8893018,0.861981987953186,2.88930170250631,1.015315294265747,2.8893018,1.570630669593811,2.8893018
3391712038447198080,2.8893018,2.287567615509033,2.88930170250631,2.9174773693084717,2.8893018,1.367567539215088,2.8893018
3392323607430380416,2.8893018,2.0969369411468506,2.88930170250631,0.978018045425415,2.8893018,2.1963963508605957,2.8893018
3392664627834274688,2.8893018,1.6120721101760864,2.88930170250631,1.429729700088501,2.8893018,2.345585584640503,2.8893018
3392806018157943040,0.79379034,0.5428828597068787,0.7937903846908186,1.5913513898849487,0.79379034,0.7790991067886353,0.79379034
3393315298200049536,2.8893018,2.1093692779541016,2.88930170250631,1.367567539215088,2.8893018,2.0140540599823,2.8893018
3404930023639393920,0.51454777,1.0484684705734253,0.5145477526602861,1.4131531715393066,0.51454777,1.2805405855178833,0.51454777
3405297324946333440,2.8893018,3.190990924835205,2.88930170250631,3.0127928256988525,2.8893018,2.3621621131896973,2.8893018
3405307396646220416,0.51454777,0.9365766048431396,0.5145477526602861,1.3095495700836182,0.51454777,0.6299099326133728,0.51454777
3405561727429486592,0.79379034,1.1147748231887815,0.7937903846908186,0.8578378558158875,0.79379034,1.1189188957214355,0.79379034
3405909374965722368,2.8893018,2.407747745513916,2.88930170250631,2.813873767852783,2.8893018,2.1549549102783203,2.8893018
3405952363294872960,2.8893018,1.752972960472107,2.88930170250631,1.3054053783416748,2.8893018,1.8648648262023928,2.8893018
3405988677241799040,2.8893018,1.840000033378601,2.88930170250631,2.3497297763824463,2.8893018,3.5971171855926514,2.8893018
3406087053469332352,0.51454777,2.320720672607422,0.5145477526602861,3.675855875015259,0.51454777,1.3427027463912964,0.51454777
3406094750050845696,2.8893018,0.592612624168396,2.88930170250631,1.7073873281478882,2.8893018,1.3344143629074097,2.8893018
3406128761895775872,0.23804611,0.8039639592170715,0.2380461031287954,0.8702702522277832,0.23804611,0.3688288331031799,0.23804611
3406444051151221504,0.51454777,0.6589189171791077,0.5145477526602861,1.330270290374756,0.51454777,0.6589189171791077,0.51454777
3406734906335151872,2.8893018,2.6315314769744873,2.88930170250631,2.113513469696045,2.8893018,2.652252197265625,2.8893018
3406943091991364608,2.8893018,0.2527928054332733,2.88930170250631,1.7571171522140503,2.8893018,0.8081080913543701,2.8893018
3407257105639932032,2.8893018,2.2212612628936768,2.88930170250631,0.7003603577613831,2.8893018,2.735135078430176,2.8893018
3408234502757515648,2.8893018,2.726846933364868,2.88930170250631,2.150810718536377,2.8893018,2.519639730453491,2.8893018
3408923003195121024,0.53147894,1.6908107995986938,0.5314789170422551,2.1922521591186523,0.53147894,1.5416215658187866,0.53147894
3409290995993067648,2.8893018,2.3124325275421143,2.88930170250631,0.8163964152336121,2.8893018,2.3787386417388916,2.8893018
3409319342777158272,0.23804611,0.476576566696167,0.2380461031287954,1.2971171140670776,0.23804611,1.5581982135772705,0.23804611
3409356726172456960,2.8893018,2.171531438827514,2.88930170250631,2.080360412597656,2.8893018,2.3165764808654785,2.8893018
3410076150374417408,2.8893018,2.602522611618042,2.88930170250631,2.2046847343444824,2.8893018,2.7434234619140625,2.8893018
3410154456217987584,2.8893018,2.6481080055236816,2.88930170250631,3.141261339187622,2.8893018,2.540360450744629,2.8893018
3410390468964390400,2.8893018,2.519639730453491,2.8750612633917,2.6481080055236816,2.8893018,2.726846933364868,2.8893018
3410400884263390720,0.51454777,0.3605405390262604,0.5145477526602861,1.123063087463379,0.51454777,0.4724324345588684,0.51454777
3410439745127430016,2.8893018,0.1491891890764236,2.88930170250631,0.9572973251342772,2.8893018,0.1781982034444809,2.8893018
3410505784542875008,2.8893018,0.2320720702409744,2.88930170250631,2.0099098682403564,2.8893018,0.7418017983436584,2.8893018
3410529355323453312,2.8893018,1.7363964319229126,2.8750612633917,3.041801691055298,2.8893018,2.0347747802734375,2.8893018
3410633602770942464,0.51454777,0.8371171355247498,0.5145477526602861,0.5014414191246033,0.51454777,1.1810810565948486,0.51454777
3410944730200538496,2.8893018,2.3745946884155273,2.88930170250631,1.9353153705596924,2.8893018,3.054234266281128,2.8893018
3411128795318922496,2.8893018,2.3165764808654785,2.88930170250631,3.311171054840088,2.8893018,2.871891975402832,2.8893018
3411274308810562688,2.8893018,1.9353153705596924,2.8750612633917,3.4023423194885254,2.8893018,1.9270269870758057,2.8893018
3411758128287351808,2.8893018,2.6481080055236816,2.88930170250631,1.4172972440719604,2.8893018,3.4064865112304688,2.8893018
3411781729134007424,2.8893018,2.22540545463562,2.88930170250631,1.9187387228012085,2.8893018,2.5569369792938232,2.8893018
3411811317161811328,2.8893018,0.2776576578617096,2.88930170250631,2.051351308822632,2.8893018,0.3688288331031799,2.8893018
3412249541265750912,0.53147894,0.8454053997993469,0.5314789170422551,1.0816216468811035,0.53147894,0.745945930480957,0.53147894
3412605297699792512,2.8893018,2.0845046043395996,2.88930170250631,2.4989190101623535,2.8893018,1.363423466682434,2.8893018
3412878010943270784,0.79379034,0.2818017899990082,0.7937903846908186,0.3439639508724212,0.79379034,0.4972972869873047,0.79379034
3413082661841179520,2.8893018,2.6439640522003174,2.88930170250631,2.0969369411468506,2.8893018,3.5349550247192383,2.8893018
3413860050922284672,2.8893018,1.645225167274475,2.88930170250631,1.1479278802871704,2.8893018,1.7654054164886477,2.8893018
3419526585958441216,2.8893018,1.7944144010543823,2.88930170250631,2.171531438827514,2.8893018,1.632792830467224,2.8893018
3419631520599185664,0.53147894,1.0650449991226196,0.5314789170422551,1.2100900411605835,0.53147894,0.8371171355247498,0.53147894
3419656057748048512,2.8893018,2.6315314769744873,2.8750612633917,3.1495494842529297,2.8893018,2.739279270172119,2.8893018
3419944920068400000,0.53147894,1.3219820261001587,0.5314789170422551,0.8495495319366455,0.53147894,1.392432451248169,0.53147894
342854392994216064,3.109916,2.585945844650269,3.1099158630237933,2.859459400177002,3.109916,2.291711807250977,3.109916
342869957955643264,3.109916,2.486486434936523,3.080012847107928,3.6012613773345947,3.109916,2.602522611618042,3.109916
342907478789972864,3.109916,2.382882833480835,3.1099158630237933,3.5142343044281006,3.109916,1.910450458526611,3.109916
38329666836450304,2.8893018,2.8553152084350586,2.88930170250631,2.175675630569458,2.8893018,2.8055856227874756,2.8893018
38354680725946240,2.8893018,2.030630588531494,2.88930170250631,2.996216297149658,2.8893018,2.8760359287261963,2.8893018
4087782677845919744,3.3898745,2.772432327270508,3.490000641890952,3.045945882797241,3.3898745,2.8304505348205566,3.3898745
4130917073061865088,1.1020905,0.426846832036972,1.1020905255118367,1.438017964363098,1.1020905,0.5055856108665466,1.1020905
4130947859386102016,0.5682017,0.4061261117458343,0.568201724066995,2.101081132888794,0.5682017,0.4807207286357879,0.5682017
4323607276100307584,1.2730013,0.3398198187351227,1.2730012720637376,1.2349549531936646,1.2730013,0.3646846711635589,1.2730013
4323936442393063424,1.2730013,0.8785585761070251,1.2730012720637376,1.6410810947418213,1.2730013,0.8909909725189209,1.2730013
4324709330348851968,1.1020905,0.7873873710632324,1.1020905255118367,1.6742342710494995,1.1020905,0.381261259317398,1.1020905
434698385971110400,1.8325089,1.2722522020339966,1.8976270912904416,1.1727927923202517,1.8325089,2.333153247833252,1.8325089
434759065273696256,1.8325089,1.5954954624176023,1.8325089127062364,1.9394594430923464,1.8325089,2.246126174926758,1.8325089
435096924580530176,1.8325089,1.4670270681381226,1.8976270912904416,1.8192793130874632,1.8325089,2.0472071170806885,1.8325089
435166503048736000,1.8325089,2.3663063049316406,1.8325089127062364,1.910450458526611,1.8325089,1.877297282218933,1.8325089
435211342506946688,1.8325089,1.089909911155701,1.8325089127062364,0.7210810780525208,1.8325089,1.5789189338684082,1.8325089
435289613991362304,1.8325089,1.1810810565948486,1.8325089127062364,1.1272071599960327,1.8325089,1.607927918434143,1.8325089
435320915712179840,1.8325089,0.4061261117458343,1.8325089127062364,2.0223424434661865,1.8325089,1.5167567729949951,1.8325089
435326859946780800,1.8325089,0.9200000166893004,1.8325089127062364,2.0099098682403564,1.8325089,1.454594612121582,1.8325089
435369843979002880,1.8325089,1.3799999952316284,1.8325089127062364,1.960180163383484,1.8325089,1.7944144010543823,1.8325089
43538293935879680,2.8893018,2.9050450325012207,2.88930170250631,2.8760359287261963,2.8893018,3.311171054840088,2.8893018
435509516316497920,1.8325089,0.6962162256240845,1.8325089127062364,1.4214414358139038,1.8325089,1.429729700088501,1.8325089
435621494703658240,1.8325089,0.8122522234916687,1.8976270912904416,1.8565765619277952,1.8325089,1.5872071981430054,1.8325089
435672999950860160,1.8325089,0.5967567563056946,1.8976270912904416,0.6174774765968323,1.8325089,1.2805405855178833,1.8325089
435680765247601536,1.8325089,0.8744144439697266,1.8976270912904416,1.985045075416565,1.8325089,1.363423466682434,1.8325089
435701003137104896,1.8325089,1.1189188957214355,1.8325089127062364,1.1810810565948486,1.8325089,1.520900845527649,1.8325089
436253851328943104,1.8325089,0.9448648691177368,1.8976270912904416,1.1810810565948486,1.8325089,2.1218018531799316,1.8325089
436309342307271808,1.8325089,2.2419819831848145,1.8325089127062364,1.2432432174682615,1.8325089,2.2419819831848145,1.8325089
436456264547458560,1.8325089,1.520900845527649,1.8325089127062364,1.1023423671722412,1.8325089,1.6203603744506836,1.8325089
436477017829810944,1.8325089,0.9282882809638976,1.8325089127062364,2.175675630569458,1.8325089,1.3841441869735718,1.8325089
436536254019633664,1.8325089,1.6245044469833374,1.8325089127062364,1.607927918434143,1.8325089,1.367567539215088,1.8325089
43789772861265792,2.8893018,0.5097297430038452,2.88930170250631,0.1947747766971588,2.8893018,3.286306381225586,2.8893018
439718962223158016,1.8325089,1.123063087463379,1.8325089127062364,1.1023423671722412,1.8325089,2.101081132888794,1.8325089
439722604355413504,1.8325089,1.2722522020339966,1.8325089127062364,1.960180163383484,1.8325089,2.22540545463562,1.8325089
440522052390302464,1.8325089,0.4931531548500061,1.8976270912904416,1.6659458875656128,1.8325089,1.8980180025100708,1.8325089
440958249267343232,1.8325089,1.239099144935608,1.8325089127062364,2.0347747802734375,1.8325089,2.5113513469696045,1.8325089
441358776436543488,1.8325089,0.6216216087341309,1.8976270912904416,1.723963975906372,1.8325089,1.7115315198898315,1.8325089
441370600488018048,1.8325089,2.299999952316284,1.8325089127062364,2.0347747802734375,1.8325089,2.150810718536377,1.8325089
441378159630386816,1.8325089,0.6050450205802917,1.8325089127062364,1.2266666889190674,1.8325089,1.752972960472107,1.8325089
441394789743992064,1.8325089,1.0567567348480225,1.8976270912904416,1.95603609085083,1.8325089,1.6700900793075562,1.8325089
441429733597631232,1.8325089,1.3095495700836182,1.8976270912904416,1.910450458526611,1.8325089,1.5043243169784546,1.8325089
441430214633926272,1.8325089,0.5718919038772583,1.8976270912904416,1.4338738918304443,1.8325089,1.6037837266921997,1.8325089
441493780152662144,1.8325089,0.7045044898986816,1.8325089127062364,0.961441457271576,1.8325089,1.723963975906372,1.8325089
441510822581504512,1.8325089,0.6091892123222351,1.8325089127062364,1.4711711406707764,1.8325089,1.1520720720291138,1.8325089
441558445178565120,1.8325089,0.6423423290252686,1.8325089127062364,2.0347747802734375,1.8325089,2.9299099445343018,1.8325089
441573048067694592,1.8325089,3.29045033454895,1.8976270912904416,1.044324278831482,1.8325089,2.7807207107543945,1.8325089
441609194512096768,1.8325089,0.7873873710632324,1.8325089127062364,1.993333339691162,1.8325089,1.7281081676483154,1.8325089
441640668031763584,1.8325089,1.985045075416565,1.8325089127062364,1.8897297382354736,1.8325089,2.1176576614379883,1.8325089
441662349026548224,1.8325089,0.5718919038772583,1.8976270912904416,1.922882914543152,1.8325089,1.1272071599960327,1.8325089
441663998293948544,1.8325089,0.9572973251342772,1.8976270912904416,2.0140540599823,1.8325089,1.4255856275558472,1.8325089
441715915858562944,1.8325089,0.547027051448822,1.8976270912904416,2.005765676498413,1.8325089,1.7571171522140503,1.8325089
441774911528969088,1.8325089,0.7625225186347961,1.8325089127062364,1.3261260986328125,1.8325089,1.491891860961914,1.8325089
441781955276048256,1.8325089,1.1520720720291138,1.8325089127062364,1.6286486387252808,1.8325089,1.1769369840621948,1.8325089
441833975919663232,1.8325089,0.4517117142677307,1.8325089127062364,1.1354955434799194,1.8325089,0.8744144439697266,1.8325089
441850842251784448,1.8325089,1.4421621561050415,1.8976270912904416,1.583063006401062,1.8325089,1.599639654159546,1.8325089
441883419583084160,1.8325089,1.0609009265899658,1.8325089127062364,1.098198175430298,1.8325089,2.478198289871216,1.8325089
441937295652064896,1.8325089,3.91207218170166,1.8976270912904416,1.0484684705734253,1.8325089,3.2945945262908936,1.8325089
442036938892925824,1.8325089,1.0277477502822876,1.8325089127062364,1.723963975906372,1.8325089,2.4491891860961914,1.8325089
442049377118210688,1.8325089,1.27639639377594,1.8325089127062364,1.9270269870758057,1.8325089,2.7185585498809814,1.8325089
442084561489950720,1.8325089,0.7749549746513367,1.8325089127062364,1.0526126623153689,1.8325089,1.363423466682434,1.8325089
442265087555890176,1.8325089,2.080360412597656,1.8325089127062364,0.9034234285354614,1.8325089,2.9174773693084717,1.8325089
442417954031852032,1.8325089,0.961441457271576,1.8976270912904416,1.699099063873291,1.8325089,1.4753153324127195,1.8325089
442555358625377024,1.8325089,0.63819819688797,1.8976270912904416,1.2183784246444702,1.8325089,1.8358558416366575,1.8325089
442601194515899264,1.8325089,0.4890090227127075,1.8976270912904416,1.914594650268555,1.8325089,2.2046847343444824,1.8325089
442671563260694016,1.8325089,1.7861261367797852,1.8325089127062364,1.085765719413757,1.8325089,2.2668468952178955,1.8325089
443227881784657536,1.8325089,0.6050450205802917,1.8976270912904416,1.877297282218933,1.8325089,1.2515314817428589,1.8325089
443396210143348864,1.8325089,0.8578378558158875,1.8976270912904416,1.1645045280456543,1.8325089,1.81513512134552,1.8325089
443512071181546880,1.8325089,1.7902703285217283,1.8976270912904416,1.5167567729949951,1.8325089,2.9423422813415527,1.8325089
443632055387911936,1.8325089,1.2059459686279297,1.8325089127062364,1.9726126194000244,1.8325089,2.101081132888794,1.8325089
44388010264995200,2.8893018,2.125946044921875,2.88930170250631,2.1052253246307373,2.8893018,2.7558557987213135,2.8893018
444663603454525696,1.8325089,0.6216216087341309,1.8976270912904416,1.131351351737976,1.8325089,0.8288288116455078,1.8325089
447440007751299072,1.8325089,0.6050450205802917,1.8325089127062364,1.7073873281478882,1.8325089,1.8565765619277952,1.8325089
45022222315428608,1.9867717,1.7322522401809692,2.1051694279993316,1.2556756734848022,1.9867717,2.722702741622925,1.9867717
452387638277527168,1.8325089,1.1354955434799194,1.8976270912904416,2.113513469696045,1.8325089,2.308288335800171,1.8325089
452553355299049984,1.8325089,1.5872071981430054,1.8325089127062364,0.8868468403816223,1.8325089,2.2295496463775635,1.8325089
453287657264888192,1.8325089,1.454594612121582,1.8976270912904416,1.168648600578308,1.8325089,2.21297287940979,1.8325089
45367056650753280,2.8893018,0.1616216152906417,2.88930170250631,3.3774774074554443,2.8893018,0.4848648607730865,2.8893018
45404199528067200,2.8893018,2.859459400177002,2.88930170250631,2.101081132888794,2.8893018,2.3663063049316406,2.8893018
45567511362945152,2.8893018,1.914594650268555,2.88930170250631,2.921621561050415,2.8893018,1.098198175430298,2.8893018
45968901826385024,2.8893018,2.275135040283203,2.88930170250631,2.8055856227874756,2.8893018,1.699099063873291,2.8893018
459980556340904192,1.8325089,3.373333215713501,1.8325089127062364,3.7421622276306152,1.8325089,2.171531438827514,1.8325089
46458115782368384,2.8893018,2.6356756687164307,2.88930170250631,1.8731532096862793,2.8893018,2.813873767852783,2.8893018
46517523769932288,1.9867717,0.8661261200904846,2.1051694279993316,1.4960360527038574,1.9867717,1.2142342329025269,1.9867717
47019347749289216,2.8893018,0.1243243217468261,2.88930170250631,2.8055856227874756,2.8893018,0.1781982034444809,2.8893018
47345009348203392,2.8893018,0.8454053997993469,2.88930170250631,3.265585660934448,2.8893018,0.2818017899990082,2.8893018
47715063730746880,2.8893018,1.993333339691162,2.88930170250631,1.0484684705734253,2.8893018,2.113513469696045,2.8893018
47881811540636800,2.8893018,0.6672071814537048,2.88930170250631,1.0236035585403442,2.8893018,0.1326126158237457,2.8893018
47982794811614080,2.8893018,2.1300899982452393,2.8750612633917,2.076216220855713,2.8893018,2.614954948425293,2.8893018
48193213849576320,0.23804611,0.7045044898986816,0.2380461031287954,0.8412612676620483,0.23804611,0.4890090227127075,0.23804611
48203487411427456,2.8893018,2.8636035919189453,2.88930170250631,2.992072105407715,2.8893018,2.8926126956939697,2.8893018
49005581144118784,2.8893018,1.0650449991226196,2.88930170250631,3.3401801586151123,2.8893018,1.8897297382354736,2.8893018
49124190961270656,2.8893018,2.22540545463562,2.88930170250631,2.1590991020202637,2.8893018,2.652252197265625,2.8893018
49131681384221184,2.8893018,2.5942342281341553,2.88930170250631,2.395315408706665,2.8893018,2.1425225734710693,2.8893018
49520255665123328,2.8893018,0.3563964068889618,2.88930170250631,2.018198251724243,2.8893018,3.128828763961792,2.8893018
49662092665424896,1.9867717,2.088648557662964,1.9867717342662448,1.8524324893951416,1.9867717,1.7985585927963257,1.9867717
49809495943068288,1.9867717,1.8275675773620603,2.1051694279993316,2.0845046043395996,1.9867717,1.508468508720398,1.9867717
49968306654050944,2.8893018,2.9050450325012207,2.88930170250631,3.09153151512146,2.8893018,3.2200000286102295,2.8893018
50101210121892992,1.9867717,2.171531438827514,2.1051694279993316,1.9809008836746216,1.9867717,2.7061262130737305,1.9867717
50248991357476736,2.8893018,2.055495500564575,2.88930170250631,2.088648557662964,2.8893018,2.4491891860961914,2.8893018
50298125783225088,2.8893018,2.179819822311402,2.8750612633917,2.8801801204681396,2.8893018,3.286306381225586,2.8893018
50327297200978176,2.8893018,2.9133334159851074,2.88930170250631,1.8897297382354736,2.8893018,3.336035966873169,2.8893018
50427387118457984,2.8893018,1.8234233856201172,2.8750612633917,1.4338738918304443,2.8893018,2.005765676498413,2.8893018
50706216395526144,1.9867717,1.7363964319229126,2.1051694279993316,1.8482882976531985,1.9867717,2.3621621131896973,1.9867717
50905056201179520,1.9867717,1.7446846961975098,1.9867717342662448,1.429729700088501,1.9867717,0.9117116928100586,1.9867717
50976077779666688,1.9867717,1.4711711406707764,2.1051694279993316,1.031891942024231,1.9867717,1.6286486387252808,1.9867717
51212713298684928,1.9867717,2.627387285232544,1.9867717342662448,2.208828926086426,1.9867717,3.141261339187622,1.9867717
51257621476724096,1.9867717,1.985045075416565,1.9867717342662448,2.001621723175049,1.9867717,2.6108107566833496,1.9867717
51365476695288064,1.9867717,1.95603609085083,2.1051694279993316,2.0347747802734375,1.9867717,2.076216220855713,1.9867717
51492264130122496,1.9867717,2.6356756687164307,1.9867717342662448,1.9477477073669431,1.9867717,3.2324323654174805,1.9867717
51505217751483392,1.9867717,1.968468427658081,1.9867717342662448,1.9726126194000244,1.9867717,2.275135040283203,1.9867717
51534045572176896,2.8893018,2.1963963508605957,2.88930170250631,1.2515314817428589,2.8893018,1.8814414739608765,2.8893018
51609980593783424,1.9867717,2.0927927494049072,1.9867717342662448,1.914594650268555,1.9867717,3.1495494842529297,1.9867717
51616268426009472,1.9867717,1.636936902999878,1.9867717342662448,1.3261260986328125,1.9867717,1.5664864778518677,1.9867717
51622315739944704,1.9867717,3.423063039779663,1.9867717342662448,1.906306266784668,1.9867717,3.800180196762085,1.9867717
51674920499533184,1.9867717,2.2544143199920654,1.9867717342662448,2.101081132888794,1.9867717,2.1590991020202637,1.9867717
51677669278703104,1.9867717,1.6576576232910156,1.9867717342662448,1.968468427658081,1.9867717,1.7488288879394531,1.9867717
51861425158394624,1.9867717,1.0236035585403442,1.9867717342662448,1.632792830467224,1.9867717,1.6908107995986938,1.9867717
51874997255145728,1.9867717,1.2929729223251345,1.9867717342662448,1.9477477073669431,1.9867717,1.3717117309570312,1.9867717
5238615870594344960,1.5682018,0.4351351261138916,1.568201724066995,1.840000033378601,1.5682018,0.8827027082443237,1.5682018
5238790177556654208,1.5682018,0.4848648607730865,1.568201724066995,1.1023423671722412,1.5682018,1.2018017768859863,1.5682018
5239086805168167168,1.5682018,1.015315294265747,1.7201593034059568,1.044324278831482,1.5682018,1.7902703285217283,1.5682018
5239088316996695808,1.5682018,0.4351351261138916,1.568201724066995,2.018198251724243,1.5682018,0.5055856108665466,1.5682018
5239135492911437568,1.5682018,2.532072067260742,1.7201593034059568,2.2046847343444824,1.5682018,3.240720748901367,1.5682018
5239242660940082432,1.5682018,0.6506306529045105,1.568201724066995,1.0360360145568848,1.5682018,1.1976577043533323,1.5682018
5239278085831538816,1.5682018,0.8909909725189209,1.568201724066995,2.001621723175049,1.5682018,2.358017921447754,1.5682018
5239293101036428928,1.5682018,0.3895495533943176,1.568201724066995,1.976756811141968,1.5682018,0.4019819796085357,1.5682018
5239304542829302400,1.5682018,0.8536936640739441,1.568201724066995,1.4587386846542358,1.5682018,2.3248648643493652,1.5682018
5239324810756011776,1.5682018,1.968468427658081,1.568201724066995,1.3592792749404907,1.5682018,2.859459400177002,1.5682018
5239401402934120960,1.5682018,1.2100900411605835,1.568201724066995,1.429729700088501,1.5682018,2.188108205795288,1.5682018
5239401432972879872,1.5682018,0.9282882809638976,1.568201724066995,1.4214414358139038,1.5682018,1.4214414358139038,1.5682018
5239414803234249216,1.5682018,2.1922521591186523,1.568201724066995,1.8524324893951416,1.5682018,2.3290090560913086,1.5682018
5239419957194688768,1.5682018,0.4227026998996734,1.568201724066995,2.0223424434661865,1.5682018,0.4890090227127075,1.5682018
5239421503382925568,1.5682018,2.237837791442871,1.568201724066995,1.877297282218933,1.5682018,3.265585660934448,1.5682018
5239479880579918208,1.5682018,0.4351351261138916,1.568201724066995,2.030630588531494,1.5682018,0.3149549663066864,1.5682018
5239498744077038976,1.5682018,0.683783769607544,1.7201593034059568,0.7086486220359802,1.5682018,1.098198175430298,1.5682018
5239505341147028736,1.5682018,0.5428828597068787,1.568201724066995,1.0236035585403442,1.5682018,2.5362162590026855,1.5682018
5239525196750143616,1.5682018,0.6796396374702454,1.7201593034059568,1.2018017768859863,1.5682018,1.869009017944336,1.5682018
5239626420542800512,1.5682018,2.515495538711548,1.568201724066995,0.3936936855316162,1.5682018,2.246126174926758,1.5682018
5239637763586175232,1.5682018,1.840000033378601,1.568201724066995,1.2515314817428589,1.5682018,2.333153247833252,1.5682018
5239652675713372032,1.5682018,0.5511711835861206,1.568201724066995,0.9407207369804382,1.5682018,1.931171178817749,1.5682018
5239653255497968384,1.5682018,0.8163964152336121,1.568201724066995,1.3427027463912964,1.5682018,1.877297282218933,1.5682018
5239660372284736896,1.5682018,0.9945945739746094,1.7201593034059568,1.7488288879394531,1.5682018,1.330270290374756,1.5682018
5239665320086648704,1.5682018,0.6423423290252686,1.568201724066995,1.0526126623153689,1.5682018,1.2100900411605835,1.5682018
5239665320086649472,1.5682018,0.7376576662063599,1.568201724066995,2.138378381729126,1.5682018,1.910450458526611,1.5682018
5239701569617071872,1.5682018,0.4144144058227539,1.568201724066995,0.7210810780525208,1.5682018,1.8068468570709229,1.5682018
5239723525484923904,1.5682018,1.098198175430298,1.568201724066995,2.3248648643493652,1.5682018,2.055495500564575,1.5682018
5239734932919731456,1.5682018,0.8371171355247498,1.568201724066995,1.1769369840621948,1.5682018,2.0140540599823,1.5682018
5239736204230183680,1.5682018,1.1354955434799194,1.568201724066995,1.7861261367797852,1.5682018,1.0360360145568848,1.5682018
5239746271633131904,1.5682018,0.6299099326133728,1.568201724066995,1.1935135126113892,1.5682018,1.089909911155701,1.5682018
5239748023979938432,1.5682018,0.8827027082443237,1.568201724066995,1.4172972440719604,1.5682018,2.585945844650269,1.5682018
5239758155778687360,1.5682018,1.8109910488128664,1.568201724066995,0.4558558464050293,1.5682018,1.1976577043533323,1.5682018
5239766333394663296,1.5682018,0.861981987953186,1.568201724066995,1.0774774551391602,1.5682018,1.8524324893951416,1.5682018
5239770048573739520,1.5682018,1.1147748231887815,1.568201724066995,2.038918972015381,1.5682018,1.3965765237808228,1.5682018
5239770563969875456,1.5682018,0.953153133392334,1.568201724066995,1.6866666078567505,1.5682018,2.0347747802734375,1.5682018
5239819389159663616,1.5682018,1.5333333015441897,1.568201724066995,1.645225167274475,1.5682018,2.4657657146453857,1.5682018
5239848453168695040,1.5682018,0.6174774765968323,1.568201724066995,1.583063006401062,1.5682018,1.8855855464935305,1.5682018
5239851962193200896,1.5682018,0.5718919038772583,1.568201724066995,2.200540542602539,1.5682018,1.2639639377593994,1.5682018
5239852133998530560,1.5682018,1.831711769104004,1.568201724066995,1.7032432556152344,1.5682018,3.29045033454895,1.5682018
5239868587976272896,1.5682018,0.3149549663066864,1.568201724066995,1.1479278802871704,1.5682018,0.7003603577613831,1.5682018
5239891682052584832,1.5682018,1.7363964319229126,1.7201593034059568,1.5250450372695925,1.5682018,1.599639654159546,1.5682018
5239895633422585856,1.5682018,0.6713513731956482,1.568201724066995,3.1702702045440674,1.5682018,0.7832432389259338,1.5682018
5239897931195331328,1.5682018,0.4351351261138916,1.568201724066995,0.9738738536834716,1.5682018,0.7169369459152222,1.5682018
5239921914293886336,1.5682018,0.754234254360199,1.568201724066995,1.8980180025100708,1.5682018,1.6659458875656128,1.5682018
5239921918625122560,1.5682018,0.6796396374702454,1.568201724066995,1.914594650268555,1.5682018,1.520900845527649,1.5682018
5239935525081853312,1.5682018,1.301261305809021,1.568201724066995,1.069189190864563,1.5682018,3.1951351165771484,1.5682018
5240343817519314944,1.5682018,0.430990993976593,1.568201724066995,1.5126125812530518,1.5682018,0.6257657408714294,1.5682018
5241082315708039168,1.5682018,0.6340540647506714,1.568201724066995,1.085765719413757,1.5682018,1.1437838077545166,1.5682018
5241109872219554816,1.5682018,1.247387409210205,1.568201724066995,1.9518918991088867,1.5682018,1.9021621942520144,1.5682018
5241131003459519488,1.5682018,0.3522522449493408,1.568201724066995,1.8648648262023928,1.5682018,0.799819827079773,1.5682018
5241132584007693312,1.5682018,2.6936936378479004,1.7201593034059568,1.8731532096862793,1.5682018,1.960180163383484,1.5682018
5241160037439849856,1.5682018,0.4144144058227539,1.568201724066995,1.2556756734848022,1.5682018,2.1052253246307373,1.5682018
5241171994629953920,1.5682018,1.098198175430298,1.568201724066995,1.8565765619277952,1.5682018,2.93819808959961,1.5682018
5241172303867599488,1.5682018,1.185225248336792,1.568201724066995,3.2324323654174805,1.5682018,3.4147746562957764,1.5682018
5241350287303624832,1.5682018,0.4641441404819488,1.568201724066995,1.3427027463912964,1.5682018,0.6920720934867859,1.5682018
5241398562739279104,1.5682018,0.3646846711635589,1.568201724066995,1.2059459686279297,1.5682018,0.63819819688797,1.5682018
5241540812064026368,1.5682018,0.7708107829093933,1.568201724066995,1.00702702999115,1.5682018,2.569369316101074,1.5682018
5242010093028921856,1.5682018,0.7873873710632324,1.568201724066995,0.8246846795082092,1.5682018,1.301261305809021,1.5682018
5251242937001076992,1.5682018,0.9117116928100586,1.568201724066995,1.491891860961914,1.5682018,2.871891975402832,1.5682018
5251269909397054464,1.5682018,1.106486439704895,1.568201724066995,1.7902703285217283,1.5682018,3.0583784580230713,1.5682018
5251340930976542976,1.5682018,1.3717117309570312,1.568201724066995,1.0774774551391602,1.5682018,2.258558511734009,1.5682018
5251379203409512576,1.5682018,0.5180180072784424,1.568201724066995,0.8827027082443237,1.5682018,0.799819827079773,1.5682018
5251380307238001664,1.5682018,0.4102702736854553,1.568201724066995,1.985045075416565,1.5682018,1.1976577043533323,1.5682018
5251455520707702016,1.5682018,0.8246846795082092,1.568201724066995,1.363423466682434,1.5682018,1.5872071981430054,1.5682018
5251765686069259392,1.5682018,0.9117116928100586,1.568201724066995,0.8536936640739441,1.5682018,1.4711711406707764,1.5682018
5251802519709841280,1.5682018,0.5801801681518555,1.568201724066995,1.752972960472107,1.5682018,1.106486439704895,1.5682018
5251838356918566656,1.5682018,0.4848648607730865,1.568201724066995,1.960180163383484,1.5682018,0.7293693423271179,1.5682018
5251845950420988672,1.5682018,2.358017921447754,1.568201724066995,1.682522535324097,1.5682018,2.0927927494049072,1.5682018
5251880516319380480,1.5682018,0.7376576662063599,1.568201724066995,1.1935135126113892,1.5682018,1.2183784246444702,1.5682018
5251888522138694656,1.5682018,0.683783769607544,1.568201724066995,0.5718919038772583,1.5682018,1.1810810565948486,1.5682018
5251903880939228544,1.5682018,0.5180180072784424,1.568201724066995,1.2308107614517212,1.5682018,0.978018045425415,1.5682018
5251906595358394496,1.5682018,0.6589189171791077,1.568201724066995,1.9353153705596924,1.5682018,2.1466667652130127,1.5682018
5251991360838624128,1.5682018,2.5113513469696045,1.7201593034059568,1.906306266784668,1.5682018,1.777837872505188,1.5682018
5252077672499805440,1.5682018,0.5636035799980164,1.568201724066995,1.5167567729949951,1.5682018,1.375855803489685,1.5682018
5253049778187504128,1.5682018,0.4061261117458343,1.568201724066995,2.2336935997009277,1.5682018,1.1106306314468384,1.5682018
5253053725257383424,1.5682018,0.5014414191246033,1.568201724066995,1.131351351737976,1.5682018,0.90756756067276,1.5682018
5253452062000579200,1.5682018,0.5553153157234192,1.568201724066995,1.5623422861099243,1.5682018,1.0816216468811035,1.5682018
5253511951059697152,1.5682018,0.7376576662063599,1.568201724066995,1.0194594860076904,1.5682018,2.345585584640503,1.5682018
5253575241700335360,1.5682018,0.8371171355247498,1.568201724066995,1.284684658050537,1.5682018,2.478198289871216,1.5682018
5253603103116099712,1.5682018,0.8868468403816223,1.568201724066995,0.7583783864974976,1.5682018,1.9643243551254272,1.5682018
5253732368782478720,1.5682018,0.4972972869873047,1.568201724066995,0.9365766048431396,1.5682018,0.9200000166893004,1.5682018
5253760234532237696,1.5682018,0.4724324345588684,1.568201724066995,1.330270290374756,1.5682018,0.7127928137779236,1.5682018
5253965774497322240,1.5682018,1.6535135507583618,1.568201724066995,1.6286486387252808,1.5682018,1.8524324893951416,1.5682018
5290667541308087168,2.4199557,3.008648633956909,2.419955748489758,1.840000033378601,2.4199557,0.7956756949424744,2.4199557
5290670393166282496,2.4199557,2.6936936378479004,2.419955748489758,2.150810718536377,2.4199557,2.8926126956939697,2.4199557
5290717534726987136,2.4199557,2.4989190101623535,2.419955748489758,2.250270366668701,2.4199557,2.6812613010406494,2.4199557
5290717843964557056,2.4199557,1.2598198652267456,2.419955748489758,1.069189190864563,2.4199557,2.602522611618042,2.4199557
5290725781064133760,2.4199557,1.094054102897644,2.419955748489758,1.6203603744506836,2.4199557,1.607927918434143,2.4199557
5290730385268977536,2.4199557,2.4740540981292725,2.419955748489758,1.3344143629074097,2.4199557,1.3095495700836182,2.4199557
5290732721731067136,2.4199557,1.2308107614517212,2.419955748489758,0.8329729437828064,2.4199557,0.7418017983436584,2.4199557
5290767459427547136,2.4199557,2.6108107566833496,2.419955748489758,1.8482882976531985,2.4199557,1.8648648262023928,2.4199557
5290772029272852864,2.4199557,1.2888288497924805,2.419955748489758,2.101081132888794,2.4199557,2.784864902496338,2.4199557
53029278307021696,1.9867717,0.8163964152336121,1.9867717342662448,2.2336935997009277,1.9867717,1.284684658050537,1.9867717
53098994216894208,0.79379034,1.5291892290115356,0.7937903846908186,1.0650449991226196,0.79379034,1.8855855464935305,0.79379034
53105728725582976,1.9867717,1.6700900793075562,1.9867717342662448,1.6659458875656128,1.9867717,2.6356756687164307,1.9867717
53140397701490176,1.9867717,2.320720672607422,1.9867717342662448,1.906306266784668,1.9867717,2.569369316101074,1.9867717
53174379482675456,1.9867717,2.3165764808654785,2.1051694279993316,1.6866666078567505,1.9867717,3.3401801586151123,1.9867717
5317884439832479872,1.5682018,1.5291892290115356,1.568201724066995,1.4960360527038574,1.5682018,2.407747745513916,1.5682018
5317906155187202176,1.5682018,1.5374774932861328,1.568201724066995,1.607927918434143,1.5682018,2.051351308822632,1.5682018
5318069604459639552,1.5682018,1.2681081295013428,1.568201724066995,0.3356756865978241,1.5682018,1.4753153324127195,1.5682018
5318093243960659456,1.5682018,1.5913513898849487,1.568201724066995,1.0236035585403442,1.5682018,1.877297282218933,1.5682018
5318162238316886528,1.5682018,2.478198289871216,1.568201724066995,1.106486439704895,1.5682018,2.515495538711548,1.5682018
5318182648001349248,1.5682018,1.1769369840621948,1.568201724066995,2.337297201156616,1.5682018,1.089909911155701,1.5682018
5318186221414047104,1.5682018,1.2929729223251345,1.568201724066995,2.001621723175049,1.5682018,1.8441441059112549,1.5682018
5318229274167094656,1.5682018,0.683783769607544,1.568201724066995,0.8454053997993469,1.5682018,1.9974775314331057,1.5682018
5318283012799031808,1.5682018,0.4848648607730865,1.568201724066995,1.7115315198898315,1.5682018,0.3481081128120422,1.5682018
5318296275658773888,1.5682018,1.1189188957214355,1.568201724066995,0.3936936855316162,1.5682018,0.9572973251342772,1.5682018
5318316096918509568,1.5682018,2.407747745513916,1.568201724066995,1.6576576232910156,1.5682018,2.270991086959839,1.5682018
5318474941990522368,1.5682018,1.2681081295013428,1.568201724066995,1.3799999952316284,1.5682018,1.8482882976531985,1.5682018
5318476423763513344,1.5682018,1.0360360145568848,1.568201724066995,1.0774774551391602,1.5682018,1.00702702999115,1.5682018
5318549678727766656,1.5682018,2.188108205795288,1.568201724066995,1.6700900793075562,1.5682018,2.515495538711548,1.5682018
5318569195058991616,1.5682018,1.1147748231887815,1.568201724066995,1.8358558416366575,1.5682018,1.6949549913406372,1.5682018
5318607540527504768,1.5682018,1.7322522401809692,1.568201724066995,1.914594650268555,1.5682018,3.580540657043457,1.5682018
5321172323192731008,1.5682018,2.4118919372558594,1.568201724066995,2.113513469696045,1.5682018,3.166126012802124,1.5682018
5321176205843037440,1.5682018,1.893873929977417,1.568201724066995,1.2515314817428589,1.5682018,1.1520720720291138,1.5682018
5321275295028390912,1.5682018,1.636936902999878,1.568201724066995,2.208828926086426,1.5682018,1.1562162637710571,1.5682018
5321517672922567040,1.5682018,1.0360360145568848,1.568201724066995,1.168648600578308,1.5682018,0.9282882809638976,1.5682018
53227396558316416,1.9867717,2.1673874855041504,1.9867717342662448,2.49477481842041,1.9867717,2.299999952316284,1.9867717
53251517094713728,1.9867717,2.639819860458374,1.9867717342662448,1.761261224746704,1.9867717,2.4409008026123047,1.9867717
53251929411490688,1.9867717,2.0927927494049072,1.9867717342662448,1.1645045280456543,1.9867717,2.2046847343444824,1.9867717
53255434104774272,1.9867717,2.067927837371826,1.9867717342662448,2.0472071170806885,1.9867717,2.7558557987213135,1.9867717
53258732639653760,1.9867717,2.287567615509033,1.9867717342662448,1.9270269870758057,1.9867717,2.8636035919189453,1.9867717
53335045618385536,1.9867717,1.2432432174682615,2.0492180226701815,1.6245044469833374,1.9867717,2.0223424434661865,1.9867717
53341642688604416,1.9867717,2.026486396789551,2.1051694279993316,2.0140540599823,1.9867717,1.985045075416565,1.9867717
53515017631040384,0.79379034,0.4475675821304321,0.7937903846908186,1.636936902999878,0.79379034,1.910450458526611,0.79379034
53563915834929024,1.9867717,2.299999952316284,2.1051694279993316,0.8246846795082092,1.9867717,2.515495538711548,1.9867717
53758254515062784,1.9867717,0.4890090227127075,1.9867717342662448,1.0194594860076904,1.9867717,0.9241441488265992,1.9867717
53864804065393536,1.9867717,2.4160361289978027,1.9867717342662448,1.960180163383484,1.9867717,2.6936936378479004,1.9867717
53892669813156736,1.9867717,2.291711807250977,1.9867717342662448,2.043063163757324,1.9867717,2.262702703475952,1.9867717
53942250914697472,2.8893018,0.3605405390262604,2.88930170250631,2.7641441822052,2.8893018,0.6672071814537048,2.8893018
5514361910673123840,1.50515,1.27639639377594,1.505149978319906,1.877297282218933,1.50515,3.443783760070801,1.50515
5514366102561164160,1.50515,3.1951351165771484,1.505149978319906,1.7736936807632446,1.50515,2.0927927494049072,1.50515
5514542127499951360,1.50515,2.420180082321167,1.505149978319906,2.7558557987213135,1.50515,1.6535135507583618,1.50515
5514629534372854272,1.50515,3.0956757068634033,1.505149978319906,1.031891942024231,1.50515,1.831711769104004,1.50515
5536809162106730112,1.6532125,3.43135142326355,1.6532125137753435,0.9945945739746094,1.6532125,3.5100901126861572,1.6532125
5538408195612899584,1.6532125,0.6174774765968323,1.6532125137753435,0.9282882809638976,1.6532125,1.0111712217330933,1.6532125
5538425822158520576,1.6532125,2.246126174926758,1.6857417386022635,2.001621723175049,1.6532125,2.527927875518799,1.6532125
5538547283835168000,1.6532125,0.5304504632949829,1.6857417386022635,1.3799999952316284,1.6532125,0.8951351642608643,1.6532125
5538547421274143488,1.6532125,1.1479278802871704,1.6857417386022635,0.8702702522277832,1.6532125,1.2515314817428589,1.6532125
5538598823442709760,1.6532125,2.739279270172119,1.6857417386022635,2.370450496673584,1.6532125,1.4131531715393066,1.6532125
5538619026966459008,1.6532125,2.246126174926758,1.6857417386022635,2.967207193374634,1.6532125,1.7654054164886477,1.6532125
5538682214525847808,1.6532125,1.7819819450378418,1.6532125137753435,1.8482882976531985,1.6532125,1.8565765619277952,1.6532125
5538694068636369280,1.6532125,2.0223424434661865,1.6532125137753435,1.4794594049453735,1.6532125,1.9436036348342896,1.6532125
5561614350584396800,1.4149734,2.6605405807495117,1.414973347970818,1.363423466682434,1.4149734,3.692432403564453,1.4149734
5565538267065698048,1.4149734,2.043063163757324,1.5276299008713388,0.9448648691177368,1.4149734,3.845765829086304,1.4149734
5565569740585544704,1.4149734,0.8909909725189209,1.5276299008713388,1.031891942024231,1.4149734,1.0816216468811035,1.4149734
5565971096690260992,1.4149734,2.275135040283203,1.414973347970818,0.8495495319366455,1.4149734,3.754594564437866,1.4149734
5586717403640706304,1.6532125,2.4616215229034424,1.6857417386022635,0.8536936640739441,1.6532125,2.6688287258148193,1.6532125
5586843022846201856,1.6532125,1.3717117309570312,1.6857417386022635,2.1963963508605957,1.6532125,2.3870270252227783,1.6532125
5590172614629134336,1.4149734,1.7488288879394531,1.414973347970818,2.171531438827514,1.4149734,3.178558588027954,1.4149734
5602638606886943360,1.4149734,2.3870270252227783,1.5276299008713388,2.7807207107543945,1.4149734,3.02108097076416,1.4149734
57036757670988288,1.9867717,1.922882914543152,2.1051694279993316,0.9448648691177368,1.9867717,2.1922521591186523,1.9867717
6032550707068257024,1.0107238,0.4890090227127075,1.0107238653917732,1.570630669593811,1.0107238,0.8081080913543701,1.0107238
6038156159083776896,0.5682017,1.3882882595062256,0.568201724066995,1.9891891479492188,0.5682017,1.27639639377594,0.5682017
6038192099370792960,1.1020905,0.3563964068889618,1.1020905255118367,0.8536936640739441,1.1020905,0.3936936855316162,1.1020905
6038851737631487616,1.1568519,0.6589189171791077,1.0,0.4102702736854553,1.1568519,0.6423423290252686,1.1568519
6039021028058583040,1.1020905,0.7832432389259338,1.1020905255118367,2.4367568492889404,1.1020905,0.7418017983436584,1.1020905
6039044255241799808,1.0107238,0.3895495533943176,1.0107238653917732,2.1839640140533447,1.0107238,0.63819819688797,1.0107238
6039089403939706752,1.1367205,0.5097297430038452,1.136720567156407,1.985045075416565,1.1367205,0.7045044898986816,1.1367205
6039272266464602624,1.0107238,0.4185585677623749,1.0107238653917732,2.163243293762207,1.0107238,0.4102702736854553,1.0107238
6041765409082144640,1.1020905,1.0526126623153689,1.1020905255118367,1.4090089797973633,1.1020905,0.7790991067886353,1.1020905
6041810385980367616,1.1020905,0.9365766048431396,1.1020905255118367,1.454594612121582,1.1020905,0.9945945739746094,1.1020905
6042069458410390784,1.1367205,0.6091892123222351,1.136720567156407,2.2336935997009277,1.1367205,0.6713513731956482,1.1367205
6042119554910549120,1.1367205,0.8744144439697266,1.136720567156407,1.7405405044555664,1.1367205,1.0111712217330933,1.1367205
6042154464397991936,1.0107238,0.4144144058227539,1.0107238653917732,1.893873929977417,1.0107238,0.319099098443985,1.0107238
6042167280580578560,1.1020905,1.2349549531936646,1.1020905255118367,1.4090089797973633,1.1020905,1.098198175430298,1.1020905
6042179203410212864,1.1020905,0.6713513731956482,1.1020905255118367,1.2100900411605835,1.1020905,0.5428828597068787,1.1020905
6042192500629108352,1.0107238,0.5345945954322815,1.0107238653917732,2.9050450325012207,1.0107238,0.8909909725189209,1.0107238
6042205763488144768,1.1367205,1.6700900793075562,1.136720567156407,1.2929729223251345,1.1367205,1.9187387228012085,1.1367205
6042231292774456320,1.0107238,0.3605405390262604,1.0107238653917732,3.505945920944214,1.0107238,0.2527928054332733,1.0107238
6042231292774457216,1.1367205,0.2818017899990082,1.136720567156407,1.9477477073669431,1.1367205,0.2652252316474914,1.1367205
6042334475066418688,1.1020905,0.3315315246582031,1.1020905255118367,1.4214414358139038,1.1020905,0.6340540647506714,1.1020905
6042353544720473216,0.5682017,0.2527928054332733,0.568201724066995,1.2929729223251345,0.5682017,0.3232432305812835,0.5682017
6042454356193228672,1.0107238,0.2859459519386291,1.0107238653917732,1.931171178817749,1.0107238,0.3356756865978241,1.0107238
6042459132190170496,1.2730013,0.6879279017448425,1.2730012720637376,1.454594612121582,1.2730013,1.7363964319229126,1.2730013
6042459132197205504,1.2730013,0.7956756949424744,1.0,1.831711769104004,1.2730013,1.5540540218353271,1.2730013
6042481225509025408,1.1020905,0.7210810780525208,1.1020905255118367,1.2515314817428589,1.1020905,1.0733333826065063,1.1020905
6042654501670349568,1.006466,1.3427027463912964,1.0064660422492318,1.5623422861099243,1.006466,1.00702702999115,1.006466
6042702605304672896,1.0107238,0.5263063311576843,1.0107238653917732,1.3344143629074097,1.0107238,0.8661261200904846,1.0107238
6042985076719595904,1.2730013,1.5250450372695925,1.2730012720637376,1.6162161827087402,1.2730013,1.4421621561050415,1.2730013
6043120797681507584,1.2730013,0.7500900626182556,1.2730012720637376,1.3965765237808228,1.2730013,0.6630630493164062,1.2730013
6043191956700760320,1.0107238,0.4351351261138916,1.0107238653917732,2.200540542602539,1.0107238,0.5304504632949829,1.0107238
6043193910901304832,1.1367205,0.5138738751411438,1.136720567156407,1.3841441869735718,1.1367205,0.6091892123222351,1.1367205
6043201405629261696,1.1367205,0.754234254360199,1.136720567156407,1.5789189338684082,1.1367205,0.6174774765968323,1.1367205
6043472710118959232,1.1367205,0.4475675821304321,1.136720567156407,2.9630630016326904,1.1367205,0.4682883024215698,1.1367205
6043528716493686400,1.006466,0.522162139415741,1.0064660422492318,2.1466667652130127,1.006466,0.799819827079773,1.006466
6043652067960564224,1.2730013,0.7790991067886353,1.2730012720637376,1.7654054164886477,1.2730013,0.6091892123222351,1.2730013
6043699587472262144,1.0107238,0.5677477717399597,1.0107238653917732,2.0927927494049072,1.0107238,0.5387387275695801,1.0107238
6043799849190451456,1.0107238,0.5553153157234192,1.0107238653917732,2.179819822311402,1.0107238,0.5387387275695801,1.0107238
6043809710435404032,1.0107238,3.16198205947876,1.0107238653917732,1.761261224746704,1.0107238,2.772432327270508,1.0107238
6043830390694963328,1.1367205,0.6009008884429932,1.136720567156407,1.2639639377593994,1.1367205,0.8578378558158875,1.1367205
6043944057017964672,1.1020905,1.3054053783416748,1.0,1.5126125812530518,1.1020905,1.168648600578308,1.1020905
6043990236502849536,0.5682017,1.284684658050537,1.0,2.909189224243164,0.5682017,2.407747745513916,0.5682017
6044021602639044736,1.0107238,0.7625225186347961,1.0107238653917732,1.0733333826065063,1.0107238,0.8495495319366455,1.0107238
6044045727482009472,1.1367205,0.5055856108665466,1.136720567156407,1.8897297382354736,1.1367205,0.5345945954322815,1.1367205
6044150662120075136,1.1020905,0.754234254360199,1.1020905255118367,1.2515314817428589,1.1020905,1.031891942024231,1.1020905
6044184815698273280,1.1020905,1.636936902999878,1.1020905255118367,1.27639639377594,1.1020905,1.491891860961914,1.1020905
6044225119671978752,1.1020905,0.8744144439697266,1.1020905255118367,1.2142342329025269,1.1020905,0.8992792963981628,1.1020905
6044230960827500032,1.1020905,1.094054102897644,1.1020905255118367,1.392432451248169,1.1020905,1.160360336303711,1.1020905
6044259857366814848,1.0107238,0.9655855894088744,1.0107238653917732,1.284684658050537,1.0107238,1.2639639377593994,1.0107238
6044388500228587776,1.1020905,0.6009008884429932,1.1020905255118367,2.5113513469696045,1.1020905,0.8909909725189209,1.1020905
6044389805898446592,1.1020905,0.6547747850418091,1.1020905255118367,0.8744144439697266,1.1020905,0.6174774765968323,1.1020905
6044636130868878208,1.0107238,1.5001801252365112,1.0107238653917732,1.1023423671722412,1.0107238,2.0347747802734375,1.0107238
6044734537153386368,1.0107238,0.5304504632949829,1.0107238653917732,1.4587386846542358,1.0107238,1.0111712217330933,1.0107238
6044816725648477952,1.1020905,0.9365766048431396,1.1020905255118367,1.2598198652267456,1.1020905,0.6091892123222351,1.1020905
6044817687721168768,1.1020905,1.2598198652267456,1.1020905255118367,1.375855803489685,1.1020905,1.599639654159546,1.1020905
6045047760525893504,1.1020905,0.7086486220359802,1.1020905255118367,1.645225167274475,1.1020905,0.7708107829093933,1.1020905
6045068475146180096,1.0107238,0.6879279017448425,1.0107238653917732,1.1810810565948486,1.0107238,0.522162139415741,1.0107238
6045116583082509824,1.1020905,1.1769369840621948,1.1020905255118367,1.6410810947418213,1.1020905,2.5030629634857178,1.1020905
6045118919544743424,1.1020905,0.9407207369804382,1.1020905255118367,2.200540542602539,1.1020905,0.9738738536834716,1.1020905
6045138569012464640,1.0107238,1.3095495700836182,1.0107238653917732,0.7293693423271179,1.0107238,2.0099098682403564,1.0107238
6045178224453388928,1.0107238,0.4434234201908111,1.0107238653917732,1.313693642616272,1.0107238,0.7625225186347961,1.0107238
6045183378414231552,1.1367205,0.7625225186347961,1.136720567156407,1.5167567729949951,1.1367205,1.5954954624176023,1.1367205
6045252922524333056,1.0107238,0.8951351642608643,1.0107238653917732,1.5872071981430054,1.0107238,1.4090089797973633,1.0107238
6045521787478534912,1.0107238,0.4641441404819488,1.0107238653917732,1.2598198652267456,1.0107238,0.7956756949424744,1.0107238
6045528109670542720,1.1020905,0.4517117142677307,1.0969100130080565,1.7944144010543823,1.1020905,0.6713513731956482,1.1020905
6045531202046880256,1.0107238,0.7210810780525208,1.0107238653917732,2.4367568492889404,1.0107238,1.8027026653289795,1.0107238
6045809722084340480,1.1020905,1.2515314817428589,1.1020905255118367,1.2308107614517212,1.1020905,0.9945945739746094,1.1020905
6045817934061844736,1.0107238,0.3936936855316162,1.0107238653917732,1.968468427658081,1.0107238,0.6009008884429932,1.0107238
6045854286665108480,0.5682017,0.2362162172794342,0.568201724066995,2.3414413928985596,0.5682017,0.2320720702409744,0.5682017
6045872806564888192,0.5682017,0.4890090227127075,0.568201724066995,1.6245044469833374,0.5682017,0.4848648607730865,0.5682017
6045897992252725632,1.1020905,0.5884684920310974,1.1020905255118367,1.454594612121582,1.1020905,0.522162139415741,1.1020905
6045932936106756864,0.5682017,0.522162139415741,0.568201724066995,2.809729814529419,0.5682017,0.2445045113563537,0.5682017
6045982792082523136,1.1367205,1.661801815032959,1.136720567156407,1.968468427658081,1.1367205,1.8524324893951416,1.1367205
6046062364938324608,0.5682017,0.4641441404819488,0.568201724066995,1.960180163383484,0.5682017,0.3563964068889618,0.5682017
6046069030727803136,1.1367205,0.4185585677623749,1.136720567156407,1.3427027463912964,1.1367205,0.5014414191246033,1.1367205
6048521530075334144,1.2730013,0.3854053914546966,1.2730012720637376,1.375855803489685,1.2730013,0.7666666507720947,1.2730013
6048585473549289472,1.0107238,1.015315294265747,1.0107238653917732,1.3095495700836182,1.0107238,1.699099063873291,1.0107238
6048612514663537280,0.5682017,0.5718919038772583,0.568201724066995,2.3994593620300293,0.5682017,0.7127928137779236,0.5682017
6048621310753968256,1.0107238,1.085765719413757,1.0107238653917732,2.4989190101623535,1.0107238,2.067927837371826,1.0107238
6048657594638674944,1.0107238,0.6340540647506714,1.0107238653917732,2.722702741622925,1.0107238,0.3978378474712372,1.0107238
6048676389414212224,1.1020905,0.5304504632949829,1.1020905255118367,2.113513469696045,1.1020905,0.3439639508724212,1.1020905
6048703877204665600,1.2730013,0.3522522449493408,1.2730012720637376,2.1052253246307373,1.2730013,0.8246846795082092,1.2730013
6048714494364240000,1.0107238,0.6050450205802917,1.0107238653917732,1.4587386846542358,1.0107238,1.168648600578308,1.0107238
6048717277503393792,1.0107238,0.3895495533943176,1.0107238653917732,1.6203603744506836,1.0107238,0.5718919038772583,1.0107238
6048732223989166464,1.0107238,0.7956756949424744,1.0107238653917732,1.3841441869735718,1.0107238,1.910450458526611,1.0107238
6048740470326476032,1.2730013,0.9407207369804382,1.2730012720637376,1.1810810565948486,1.2730013,0.7210810780525208,1.2730013
6048756275806209664,1.0107238,0.8039639592170715,1.0107238653917732,1.3841441869735718,1.0107238,0.7252252101898193,1.0107238
6048846573197632128,1.0107238,0.584324300289154,1.0107238653917732,1.9021621942520144,1.0107238,0.8288288116455078,1.0107238
6048853410786597504,1.0107238,0.3356756865978241,1.0107238653917732,1.9891891479492188,1.0107238,0.3149549663066864,1.0107238
6048885983817467136,1.0107238,1.0526126623153689,1.0107238653917732,1.3261260986328125,1.0107238,1.6908107995986938,1.0107238
6048948759059667712,0.5682017,0.5138738751411438,0.568201724066995,1.2722522020339966,0.5682017,0.7790991067886353,0.5682017
6048958689024157568,1.1020905,0.9904504418373108,1.1020905255118367,1.6162161827087402,1.1020905,0.6920720934867859,1.1020905
6048976762246802944,0.5682017,0.6672071814537048,0.568201724066995,1.4048649072647097,0.5682017,0.5594594478607178,0.5682017
6048990849739063936,1.0107238,0.7832432389259338,1.0107238653917732,1.2556756734848022,1.0107238,1.0360360145568848,1.0107238
6049011053265501056,1.1020905,0.7045044898986816,1.1020905255118367,0.9324324131011964,1.1020905,3.592972993850708,1.1020905
6049015313873042432,0.5682017,0.273513525724411,0.568201724066995,1.3054053783416748,0.5682017,0.2859459519386291,0.5682017
6049045000683707392,0.5682017,0.5345945954322815,0.568201724066995,1.284684658050537,0.5682017,0.3149549663066864,0.5682017
6049047921261602560,0.5682017,0.9863063097000122,0.568201724066995,1.106486439704895,0.5682017,0.9490090012550354,0.5682017
6049049811047121536,0.5682017,0.7583783864974976,0.568201724066995,3.655135154724121,0.5682017,0.9241441488265992,0.5682017
6049050257723722752,0.5682017,0.5304504632949829,0.568201724066995,1.2059459686279297,0.5682017,0.584324300289154,0.5682017
6049053143941850496,1.2730013,1.1437838077545166,1.2730012720637376,2.262702703475952,1.2730013,1.508468508720398,1.2730013
6049061214183490560,0.5682017,0.7045044898986816,0.568201724066995,1.9270269870758057,0.5682017,0.5345945954322815,0.5682017
6049064551374989312,0.5682017,0.2486486434936523,0.568201724066995,1.5001801252365112,0.5682017,0.223783791065216,0.5682017
6049065307289238528,0.5682017,0.319099098443985,0.568201724066995,3.356756687164306,0.5682017,0.3729729652404785,0.5682017
6049076646002793856,0.5682017,0.6299099326133728,0.568201724066995,3.704864978790283,0.5682017,0.3066666722297668,0.5682017
6049078741946841856,0.5682017,0.4600000083446502,0.568201724066995,2.515495538711548,0.5682017,0.4972972869873047,0.5682017
6049094032030421504,0.5682017,1.0111712217330933,0.568201724066995,1.160360336303711,0.5682017,0.6879279017448425,0.5682017
6049095612578393856,0.5682017,0.4724324345588684,0.568201724066995,1.5374774932861328,0.5682017,0.3439639508724212,0.5682017
6049107020011536000,0.5682017,0.3729729652404785,0.568201724066995,2.308288335800171,0.5682017,0.3066666722297668,0.5682017
6049107428032112384,0.5682017,0.319099098443985,0.568201724066995,1.9891891479492188,0.5682017,0.5387387275695801,0.5682017
6049107535407613184,0.5682017,0.4600000083446502,0.568201724066995,1.1023423671722412,0.5682017,0.5345945954322815,0.5682017
6049114922751320960,0.5682017,0.791531503200531,0.568201724066995,1.4628828763961792,0.5682017,0.4061261117458343,0.5682017
6049117843329171968,0.5682017,0.4144144058227539,0.568201724066995,1.4960360527038574,0.5682017,0.2445045113563537,0.5682017
6049122310095142656,0.5682017,0.4517117142677307,0.568201724066995,1.1769369840621948,0.5682017,0.6257657408714294,0.5682017
6049135813472323072,0.5682017,0.4600000083446502,0.568201724066995,3.543243169784546,0.5682017,0.2859459519386291,0.5682017
6049136569386567296,0.5682017,0.3315315246582031,0.568201724066995,0.273513525724411,0.5682017,0.2652252316474914,0.5682017
6049152267490979072,0.5682017,0.3273873925209045,0.568201724066995,1.450450420379639,0.5682017,0.4972972869873047,0.5682017
6049165500286247040,0.5682017,0.430990993976593,0.568201724066995,1.4711711406707764,0.5682017,0.3895495533943176,0.5682017
6049165706444676992,0.5682017,0.7127928137779236,0.568201724066995,1.583063006401062,0.5682017,0.5801801681518555,0.5682017
6049166805956306944,0.5682017,0.4641441404819488,0.568201724066995,3.6012613773345947,0.5682017,0.5594594478607178,0.5682017
6049168008547148416,0.5682017,0.4517117142677307,0.568201724066995,0.4641441404819488,0.5682017,0.190630629658699,0.5682017
6049174914854560640,0.5682017,0.5511711835861206,0.568201724066995,3.476937055587769,0.5682017,0.5055856108665466,0.5682017
6049175121012992256,0.5682017,0.7418017983436584,0.568201724066995,0.3439639508724212,0.5682017,0.6423423290252686,0.5682017
6049244351589198208,1.0107238,0.3771171271800995,1.0107238653917732,1.8607207536697388,1.0107238,1.040180206298828,1.0107238
6049324620234856320,0.5682017,0.3398198187351227,0.568201724066995,1.2183784246444702,0.5682017,0.3605405390262604,0.5682017
6049357433785068672,0.5682017,0.5760360360145569,0.568201724066995,2.246126174926758,0.5682017,0.683783769607544,0.5682017
6049357811742191104,0.5682017,1.2142342329025269,0.568201724066995,3.7794594764709473,0.5682017,1.044324278831482,0.5682017
6049456183673228416,0.5682017,0.4061261117458343,0.568201724066995,1.106486439704895,0.5682017,0.381261259317398,0.5682017
6049456183673228672,0.5682017,0.5097297430038452,0.568201724066995,1.2432432174682615,0.5682017,0.4931531548500061,0.5682017
6049478414428226688,0.5682017,0.3771171271800995,0.568201724066995,2.0720720291137695,0.5682017,0.7127928137779236,0.5682017
6049551016555492096,1.006466,0.5263063311576843,1.0064660422492318,1.2349549531936646,1.006466,1.4255856275558472,1.006466
6049554108931809152,1.0107238,0.6257657408714294,1.0107238653917732,1.5250450372695925,1.0107238,0.7956756949424744,1.0107238
6049578607425858048,1.0107238,0.9241441488265992,1.0107238653917732,1.840000033378601,1.0107238,0.961441457271576,1.0107238
6049581734162072832,1.0107238,0.4227026998996734,1.0107238653917732,1.3965765237808228,1.0107238,0.6589189171791077,1.0107238
6049604308508263296,1.0107238,0.6754955053329468,1.0107238653917732,2.5818018913269043,1.0107238,1.392432451248169,1.0107238
6049610080944881408,1.0107238,0.7500900626182556,1.0492180226701815,1.9809008836746216,1.0107238,0.7708107829093933,1.0107238
6049614307192716288,1.0107238,1.5291892290115356,1.0107238653917732,0.9945945739746094,1.0107238,2.333153247833252,1.0107238
6049623103285036032,0.8948696,0.7873873710632324,0.8948696567452525,1.1354955434799194,0.8948696,0.8536936640739441,0.8948696
6049632071176914304,1.0107238,1.098198175430298,1.0107238653917732,1.1147748231887815,1.0107238,1.4960360527038574,1.0107238
6049686973740646400,1.0107238,0.9241441488265992,1.0107238653917732,0.3481081128120422,1.0107238,3.64270281791687,1.0107238
6049690070415179008,1.1367205,0.6133333444595337,1.136720567156407,2.0596396923065186,1.1367205,1.4421621561050415,1.1367205
6049695877210987776,1.0107238,0.3978378474712372,1.0107238653917732,1.330270290374756,1.0107238,0.5801801681518555,1.0107238
6049751196390570880,1.0107238,0.7045044898986816,1.0107238653917732,1.4587386846542358,1.0107238,0.6506306529045105,1.0107238
6049774457933432448,1.0107238,0.7500900626182556,1.0107238653917732,1.9187387228012085,1.0107238,1.4670270681381226,1.0107238
6049793768107019008,1.1367205,0.754234254360199,1.136720567156407,2.759999990463257,1.1367205,1.5540540218353271,1.1367205
6049795245575761280,1.006466,1.0194594860076904,1.0064660422492318,1.7032432556152344,1.006466,1.4421621561050415,1.006466
6049818232241303040,1.1367205,0.5055856108665466,1.0,1.429729700088501,1.1367205,0.547027051448822,1.1367205
6049821633855485440,1.006466,0.6589189171791077,1.0064660422492318,2.1590991020202637,1.006466,0.6050450205802917,1.006466
6049828471443543424,1.006466,0.4475675821304321,1.0064660422492318,1.3261260986328125,1.006466,0.4144144058227539,1.006466
6049830876625048320,1.0107238,1.00702702999115,1.0107238653917732,1.9477477073669431,1.0107238,1.1893693208694458,1.0107238
6049842146619350656,1.0107238,0.5263063311576843,1.0107238653917732,1.5789189338684082,1.0107238,1.094054102897644,1.0107238
6049891517263095168,1.0107238,0.7293693423271179,1.0107238653917732,0.6879279017448425,1.0107238,1.317837834358215,1.0107238
6050008653912337280,1.006466,0.7210810780525208,1.0,2.051351308822632,1.006466,0.6547747850418091,1.006466
6050017587444232448,1.0107238,0.7086486220359802,1.0107238653917732,1.682522535324097,1.0107238,1.3427027463912964,1.0107238
6050205878805898240,0.5682017,0.6050450205802917,0.568201724066995,3.224144220352173,0.5682017,0.7252252101898193,0.5682017
6050232400229317248,1.1020905,0.7873873710632324,1.1020905255118367,0.3481081128120422,1.1020905,1.8524324893951416,1.1020905
6050242300128148736,0.5682017,0.6009008884429932,0.568201724066995,2.150810718536377,0.5682017,0.7169369459152222,0.5682017
6050271368466947200,0.5682017,0.3646846711635589,0.568201724066995,1.4214414358139038,0.5682017,0.3688288331031799,0.5682017
6050295282845046272,1.1367205,0.6672071814537048,1.136720567156407,1.2556756734848022,1.1367205,0.4475675821304321,1.1367205
6050297206990387840,0.5682017,0.5055856108665466,0.568201724066995,1.0360360145568848,0.5682017,0.430990993976593,0.5682017
6050308988082736896,1.1367205,0.5055856108665466,1.136720567156407,1.3882882595062256,1.1367205,0.5967567563056946,1.1367205
6050318269513902976,0.5682017,0.4641441404819488,0.568201724066995,0.7583783864974976,0.5682017,0.4351351261138916,0.5682017
6050322633200555904,1.006466,0.5967567563056946,1.0064660422492318,2.3663063049316406,1.006466,0.8081080913543701,1.006466
6050333112920811776,1.006466,0.5553153157234192,1.0064660422492318,2.287567615509033,1.006466,1.00702702999115,1.006466
6050335140145464832,1.1020905,0.6879279017448425,1.1020905255118367,1.682522535324097,1.1020905,0.7376576662063599,1.1020905
6050345001390940160,1.1367205,0.3978378474712372,1.136720567156407,1.4172972440719604,1.1367205,0.2445045113563537,1.1367205
6050346856816823552,1.006466,0.5014414191246033,1.0064660422492318,2.6854054927825928,1.006466,0.7045044898986816,1.006466
6050363830527408384,1.0107238,1.7902703285217283,1.0107238653917732,2.4160361289978027,1.0107238,1.9518918991088867,1.0107238
6050364449002909824,1.1367205,0.4641441404819488,1.209515014542631,2.067927837371826,1.1367205,0.7873873710632324,1.1367205
6050378089819434368,1.0107238,0.5511711835861206,1.0107238653917732,1.3261260986328125,1.0107238,0.7625225186347961,1.0107238
6050385511522948096,1.1367205,0.3356756865978241,1.136720567156407,1.9518918991088867,1.1367205,0.4890090227127075,1.1367205
6050388913137070848,1.006466,1.3095495700836182,1.0064660422492318,1.375855803489685,1.006466,1.6203603744506836,1.006466
6050444163597305856,1.0107238,1.2100900411605835,1.0107238653917732,2.3994593620300293,1.0107238,1.1354955434799194,1.0107238
6050492439026465280,0.5682017,0.4475675821304321,0.568201724066995,2.3787386417388916,0.5682017,0.430990993976593,0.5682017
6050514120021417728,1.1020905,0.3895495533943176,1.1020905255118367,1.3592792749404907,1.1020905,0.7335135340690613,1.1020905
6050517727793292672,1.1020905,1.869009017944336,1.1020905255118367,1.8565765619277952,1.1020905,2.200540542602539,1.1020905
6050538893392363136,1.1020905,0.8205405473709106,1.1020905255118367,2.200540542602539,1.1020905,1.0816216468811035,1.1020905
6050550129026873344,0.8948696,0.6050450205802917,0.8948696567452525,1.2929729223251345,0.8948696,0.9324324131011964,0.8948696
6050559852833452160,1.1020905,0.9572973251342772,1.1020905255118367,1.0236035585403442,1.1020905,0.9863063097000122,1.1020905
6050561914417776256,1.2730013,0.6009008884429932,1.2730012720637376,2.1093692779541016,1.2730013,0.6299099326133728,1.2730013
6050939459221779968,0.5682017,0.9324324131011964,0.568201724066995,2.4036035537719727,0.5682017,0.6299099326133728,0.5682017
6050956604730019072,0.5682017,0.6091892123222351,0.568201724066995,2.250270366668701,0.5682017,0.5428828597068787,0.5682017
6050957498083223936,0.5682017,0.592612624168396,0.568201724066995,1.931171178817749,0.5682017,0.7583783864974976,0.5682017
6050996118429316352,1.1020905,0.4392792880535126,1.1020905255118367,1.2722522020339966,1.1020905,0.791531503200531,1.1020905
6051432006070978048,0.5682017,0.3854053914546966,0.568201724066995,1.3054053783416748,0.5682017,0.7086486220359802,0.5682017
6051578408618448256,0.5682017,0.3605405390262604,0.568201724066995,1.54576575756073,0.5682017,0.3646846711635589,0.5682017
6051726499090111616,1.1020905,0.3978378474712372,1.1020905255118367,1.4628828763961792,1.1020905,0.6299099326133728,1.1020905
6051728977289000064,1.1020905,0.6091892123222351,1.1020905255118367,2.287567615509033,1.1020905,0.4144144058227539,1.1020905
6051735162041951616,0.5682017,0.7873873710632324,0.568201724066995,1.1935135126113892,0.5682017,0.7583783864974976,0.5682017
6051764573978499200,1.1020905,0.4848648607730865,1.1020905255118367,1.239099144935608,1.1020905,0.6050450205802917,1.1020905
6051788728874166528,0.5682017,0.3729729652404785,0.568201724066995,2.030630588531494,0.5682017,0.3232432305812835,0.5682017
6051847312228778752,1.1020905,0.8909909725189209,1.1020905255118367,1.7488288879394531,1.1020905,1.4877477884292605,1.1020905
6051921597984230656,1.1020905,0.6299099326133728,1.1020905255118367,1.2515314817428589,1.1020905,0.9987387657165528,1.1020905
6051937300384164992,1.1020905,0.6879279017448425,1.1020905255118367,1.8565765619277952,1.1020905,0.5180180072784424,1.1020905
6051938674773689088,1.1367205,0.6216216087341309,1.136720567156407,1.2888288497924805,1.1367205,0.6713513731956482,1.1367205
6051951353517249408,1.1020905,0.6299099326133728,1.1020905255118367,1.54576575756073,1.1020905,0.8246846795082092,1.1020905
6052023234089878528,1.1020905,0.3854053914546966,1.1020905255118367,2.1218018531799316,1.1020905,0.7666666507720947,1.1020905
6052043815573779072,1.1020905,0.4890090227127075,1.1020905255118367,1.1935135126113892,1.1020905,0.6796396374702454,1.1020905
6052068657664195072,1.1020905,0.8578378558158875,1.1020905255118367,2.772432327270508,1.1020905,1.00702702999115,1.1020905
6052083879028407808,1.2730013,0.5097297430038452,1.2730012720637376,1.95603609085083,1.2730013,0.9282882809638976,1.2730013
6052094358748726656,1.1020905,0.799819827079773,1.1020905255118367,1.2722522020339966,1.1020905,0.6133333444595337,1.1020905
6052101746092248960,1.1020905,0.4061261117458343,1.1020905255118367,1.4463063478469849,1.1020905,0.4682883024215698,1.1020905
6052113222245376512,1.0107238,0.8951351642608643,1.0107238653917732,1.367567539215088,1.0107238,1.8027026653289795,1.0107238
6052165620844261760,1.1020905,0.8122522234916687,1.1020905255118367,1.1645045280456543,1.1020905,0.9034234285354614,1.1020905
6052205478141290240,1.1020905,0.3854053914546966,1.1020905255118367,1.085765719413757,1.1020905,0.4890090227127075,1.1020905
6052217985085648256,0.5682017,0.5967567563056946,0.568201724066995,1.3427027463912964,0.5682017,0.6091892123222351,0.5682017
6052223688802577664,1.1020905,0.4227026998996734,1.1020905255118367,2.6688287258148193,1.1020905,0.4061261117458343,1.1020905
6052226540660625024,1.1020905,0.90756756067276,1.1020905255118367,2.478198289871216,1.1020905,0.8205405473709106,1.1020905
6052227537093294976,1.1020905,0.4600000083446502,1.1020905255118367,1.392432451248169,1.1020905,0.5387387275695801,1.1020905
610136701814354560,2.8561244,2.101081132888794,2.8561244442423,2.3994593620300293,2.8561244,2.8263063430786133,2.8561244
610194902914961664,2.8561244,1.3468468189239502,2.8561244442423,2.8926126956939697,2.8561244,1.3095495700836182,2.8561244
61554650949438208,1.9867717,2.921621561050415,1.9867717342662448,2.0845046043395996,1.9867717,3.920360326766968,1.9867717
6234036526393328256,1.2730013,0.4931531548500061,1.2730012720637376,1.044324278831482,1.2730013,0.8288288116455078,1.2730013
6234768006561947520,1.1367205,0.8702702522277832,1.136720567156407,2.1673874855041504,1.1367205,1.0194594860076904,1.1367205
6234771790431102336,1.1367205,1.0650449991226196,1.136720567156407,1.367567539215088,1.1367205,1.015315294265747,1.1367205
6235126962747635712,1.006466,0.584324300289154,1.0064660422492318,2.49477481842041,1.006466,1.1520720720291138,1.006466
6235131880488892160,1.2730013,0.5387387275695801,1.2730012720637376,1.1935135126113892,1.2730013,0.8205405473709106,1.2730013
6235133014360031232,1.006466,0.5801801681518555,1.0064660422492318,2.1176576614379883,1.006466,0.6672071814537048,1.006466
6235147441152850176,1.006466,0.8578378558158875,1.0064660422492318,1.2515314817428589,1.006466,1.4960360527038574,1.006466
6235197541948646656,1.006466,0.3273873925209045,1.0064660422492318,1.317837834358215,1.006466,0.3936936855316162,1.006466
6235199156856442368,1.006466,0.2859459519386291,1.0064660422492318,1.5250450372695925,1.006466,0.4144144058227539,1.006466
6235201905635519744,1.006466,0.8868468403816223,1.0064660422492318,2.291711807250977,1.006466,1.0236035585403442,1.006466
6235371780185722880,1.006466,0.4102702736854553,1.0064660422492318,1.7736936807632446,1.006466,0.4600000083446502,1.006466
6235408338948338432,1.1367205,1.284684658050537,1.136720567156407,1.752972960472107,1.1367205,1.5540540218353271,1.1367205
6235428336315960576,1.006466,0.6009008884429932,1.0064660422492318,2.1590991020202637,1.006466,0.4931531548500061,1.006466
6235465925869396736,1.2730013,0.7169369459152222,1.2730012720637376,2.1342341899871826,1.2730013,1.6245044469833374,1.2730013
6235490458724550272,1.0107238,0.4807207286357879,1.0107238653917732,2.4160361289978027,1.0107238,0.6133333444595337,1.0107238
6235737573959159808,1.006466,1.1147748231887815,1.0064660422492318,1.222522497177124,1.006466,1.777837872505188,1.006466
6235742349962813824,1.006466,1.375855803489685,1.0064660422492318,1.4877477884292605,1.006466,1.2515314817428589,1.006466
6235765852024356352,1.2730013,0.754234254360199,1.2730012720637376,2.0927927494049072,1.2730013,1.3799999952316284,1.2730013
6235805984203260160,1.0107238,0.381261259317398,1.0107238653917732,1.5374774932861328,1.0107238,0.7500900626182556,1.0107238
6235806259081172736,1.2730013,1.040180206298828,1.2730012720637376,1.0236035585403442,1.2730013,0.6630630493164062,1.2730013
6235871095906436608,1.1367205,0.6962162256240845,1.136720567156407,1.583063006401062,1.1367205,0.8163964152336121,1.1367205
6235872882612575232,1.1367205,0.6174774765968323,1.136720567156407,1.330270290374756,1.1367205,0.3273873925209045,1.1367205
6235901779153736064,1.1367205,1.0111712217330933,1.136720567156407,2.0927927494049072,1.1367205,1.2598198652267456,1.1367205
6235935073740051968,1.006466,0.5967567563056946,1.0064660422492318,2.138378381729126,1.006466,0.8909909725189209,1.006466
6236015784767404160,1.006466,0.5180180072784424,1.0064660422492318,1.7405405044555664,1.006466,0.6547747850418091,1.006466
6236109243250504576,1.006466,0.9241441488265992,1.0064660422492318,0.7210810780525208,1.006466,1.723963975906372,1.006466
6236150955972919936,1.006466,0.3149549663066864,1.0064660422492318,1.1893693208694458,1.006466,0.3149549663066864,1.006466
6236283859443275904,1.006466,0.5967567563056946,1.0064660422492318,2.333153247833252,1.006466,0.3895495533943176,1.006466
6236307705101184128,1.006466,1.0360360145568848,1.0064660422492318,1.1976577043533323,1.006466,1.1437838077545166,1.006466
6236353334834635648,1.006466,0.5428828597068787,1.0064660422492318,1.1396396160125732,1.006466,0.2776576578617096,1.006466
6236381200578851968,1.006466,0.5055856108665466,1.0064660422492318,1.2308107614517212,1.006466,0.6216216087341309,1.006466
6236545302689568384,1.2730013,1.160360336303711,1.2730012720637376,1.599639654159546,1.2730013,3.286306381225586,1.2730013
6236682294963608448,1.006466,1.2598198652267456,1.0064660422492318,2.258558511734009,1.006466,1.015315294265747,1.006466
6236695420383405056,1.006466,0.7749549746513367,1.0064660422492318,1.5374774932861328,1.006466,0.6547747850418091,1.006466
6236718475767921664,1.006466,0.9945945739746094,1.0064660422492318,1.089909911155701,1.006466,0.8744144439697266,1.006466
6236927005021230464,1.1020905,1.089909911155701,1.1020905255118367,2.063783884048462,1.1020905,1.3592792749404907,1.1020905
6236968305427505408,1.0107238,0.7873873710632324,1.0107238653917732,2.8055856227874756,1.0107238,0.7873873710632324,1.0107238
6237029328322362880,1.2730013,0.5884684920310974,1.2730012720637376,1.976756811141968,1.2730013,1.9021621942520144,1.2730013
6237045614838931328,1.2730013,0.4475675821304321,1.2730012720637376,1.2556756734848022,1.2730013,0.3108108043670654,1.2730013
6237085506495967872,1.006466,0.7293693423271179,1.0064660422492318,1.4463063478469849,1.006466,0.476576566696167,1.006466
6237088289634813056,1.006466,0.5594594478607178,1.0064660422492318,1.6410810947418213,1.006466,0.7832432389259338,1.006466
6237092000486483968,1.006466,0.5014414191246033,1.0064660422492318,2.3911712169647217,1.006466,0.6423423290252686,1.006466
6237118216966975360,1.006466,0.8205405473709106,1.0086001717619175,2.001621723175049,1.006466,0.3066666722297668,1.006466
6237136599427052544,1.006466,1.301261305809021,1.0064660422492318,0.6754955053329468,1.006466,1.1727927923202517,1.006466
6237145429879858688,1.006466,0.5801801681518555,1.0064660422492318,1.2556756734848022,1.006466,1.1189188957214355,1.006466
6237148384817472256,1.006466,1.4960360527038574,1.0064660422492318,2.3165764808654785,1.006466,1.5374774932861328,1.006466
6237167282673719296,1.006466,1.040180206298828,1.0064660422492318,1.6949549913406372,1.006466,0.7500900626182556,1.006466
6237173192548569600,1.006466,0.5180180072784424,1.0,2.291711807250977,1.006466,0.6962162256240845,1.006466
6237175185413794176,1.006466,1.3799999952316284,1.0064660422492318,1.2432432174682615,1.006466,0.8039639592170715,1.006466
6237176662882197248,1.006466,0.4475675821304321,1.0064660422492318,1.367567539215088,1.006466,0.3481081128120422,1.006466
6237179480381070720,1.006466,0.592612624168396,1.0064660422492318,2.150810718536377,1.006466,0.8122522234916687,1.006466
6237180545533200640,0.8948696,0.3439639508724212,0.8948696567452525,2.179819822311402,0.8948696,0.6506306529045105,0.8948696
6237347843096792192,1.006466,1.5374774932861328,1.0064660422492318,1.3509910106658936,1.006466,1.7073873281478882,1.006466
6237354371447090560,1.006466,0.3729729652404785,1.0064660422492318,2.246126174926758,1.006466,0.6257657408714294,1.006466
6237359937724828672,1.006466,0.4227026998996734,1.0,1.3841441869735718,1.006466,0.6920720934867859,1.006466
6237360212602676736,1.006466,0.6091892123222351,1.0064660422492318,1.7985585927963257,1.006466,0.4931531548500061,1.006466
6237394537981424896,1.006466,1.3427027463912964,1.0064660422492318,1.3551350831985474,1.006466,1.6203603744506836,1.006466
6237403127916146432,1.006466,0.4890090227127075,1.0,2.018198251724243,1.006466,0.5138738751411438,1.006466
6237410102943031680,1.006466,0.754234254360199,1.0,1.3717117309570312,1.006466,1.2266666889190674,1.006466
6237413813794817024,1.2730013,1.4090089797973633,1.2730012720637376,1.8980180025100708,1.2730013,1.8814414739608765,1.2730013
6241544575898956032,1.006466,0.3563964068889618,1.0064660422492318,2.6605405807495117,1.006466,0.4227026998996734,1.006466
6241636694357891584,0.8948696,0.6754955053329468,0.8948696567452525,1.0111712217330933,0.8948696,0.5097297430038452,0.8948696
6242110583872432384,1.006466,0.26936936378479,1.0064660422492318,1.400720715522766,1.006466,0.2776576578617096,1.006466
6242134670047297408,1.006466,0.4392792880535126,1.0064660422492318,1.8607207536697388,1.006466,0.8412612676620483,1.006466
6242145626506129664,1.006466,0.4641441404819488,1.0064660422492318,2.1093692779541016,1.006466,0.319099098443985,1.006466
6242146146199950592,1.006466,0.3522522449493408,1.0064660422492318,1.2142342329025269,1.006466,0.4600000083446502,1.006466
6242151708178669056,1.006466,0.4807207286357879,1.0064660422492318,1.508468508720398,1.006466,0.3729729652404785,1.006466
6242151918636039296,1.006466,1.0733333826065063,1.0064660422492318,1.8441441059112549,1.006466,1.3261260986328125,1.006466
6242157965949992192,1.2730013,0.7045044898986816,1.2730012720637376,2.420180082321167,1.2730013,0.8992792963981628,1.2730013
6242196070900653952,1.0107238,1.678378343582153,1.0107238653917732,2.1549549102783203,1.0107238,2.9879279136657715,1.0107238
6242206207022808320,1.006466,0.2652252316474914,1.0064660422492318,1.400720715522766,1.006466,0.3936936855316162,1.006466
6242207821930501504,1.006466,0.5097297430038452,1.0064660422492318,1.2556756734848022,1.006466,0.8951351642608643,1.006466
6242237165147341184,1.006466,0.4641441404819488,1.0064660422492318,2.0140540599823,1.006466,0.3771171271800995,1.006466
6242260220531843968,1.006466,1.0650449991226196,1.0064660422492318,1.429729700088501,1.006466,0.7500900626182556,1.006466
6242294648994625408,1.006466,1.1935135126113892,1.0,1.2598198652267456,1.006466,1.599639654159546,1.006466
6242295885945197312,1.006466,0.3605405390262604,1.0064660422492318,1.8109910488128664,1.006466,0.5138738751411438,1.006466
6242354361916950784,1.006466,0.5180180072784424,1.0064660422492318,1.7985585927963257,1.006466,0.8039639592170715,1.006466
6242363231033352448,0.8948696,0.6423423290252686,0.8948696567452525,1.985045075416565,0.8948696,1.0028828382492063,0.8948696
6242374604106794496,0.8948696,0.6340540647506714,0.8948696567452525,1.0650449991226196,0.8948696,0.7666666507720947,0.8948696
6242393708121584000,1.006466,0.4890090227127075,1.0064660422492318,1.338558554649353,1.006466,0.6423423290252686,1.006466
6242453425339902464,1.0107238,0.8288288116455078,1.0107238653917732,1.313693642616272,1.0107238,0.915855884552002,1.0107238
6242453768937886080,1.006466,0.8536936640739441,1.0064660422492318,1.367567539215088,1.006466,0.9034234285354614,1.006466
6242463973780507136,1.006466,0.9324324131011964,1.0064660422492318,1.2018017768859863,1.006466,1.400720715522766,1.006466
6242464283017261184,1.006466,0.6133333444595337,1.0064660422492318,1.715675711631775,1.006466,0.4475675821304321,1.006466
6242526989540469248,1.0107238,0.5097297430038452,1.0107238653917732,1.2681081295013428,1.0107238,0.8909909725189209,1.0107238
6242529875758506880,1.006466,0.6962162256240845,1.0064660422492318,1.636936902999878,1.006466,0.4102702736854553,1.006466
6242532590177846400,1.006466,1.7115315198898315,1.0064660422492318,1.375855803489685,1.006466,0.4392792880535126,1.006466
6242552862422389888,1.006466,0.5428828597068787,1.0064660422492318,1.682522535324097,1.006466,0.7045044898986816,1.006466
6242554649124043520,1.006466,1.069189190864563,1.0064660422492318,0.9200000166893004,1.006466,0.5055856108665466,1.006466
6242558153822184576,1.006466,0.547027051448822,1.0064660422492318,1.491891860961914,1.006466,1.015315294265747,1.006466
6242564166776356864,0.8948696,0.4641441404819488,0.8948696567452525,0.8246846795082092,0.8948696,0.9821621775627136,0.8948696
6242578696645925504,1.006466,0.5677477717399597,1.0064660422492318,1.2308107614517212,1.006466,0.5511711835861206,1.006466
6242595262340274688,0.8948696,1.1023423671722412,0.8948696567452525,1.2100900411605835,0.8948696,1.4463063478469849,0.8948696
6242599763466335104,1.006466,0.7790991067886353,1.0064660422492318,1.7944144010543823,1.006466,1.3468468189239502,1.006466
6242620825986034432,0.8948696,0.476576566696167,0.8948696567452525,1.4090089797973633,0.8948696,0.8661261200904846,0.8948696
6242623299886328320,1.006466,1.00702702999115,1.0064660422492318,1.4090089797973633,1.006466,0.8827027082443237,1.006466
6242630893388639872,1.0107238,0.7625225186347961,1.0107238653917732,1.317837834358215,1.0107238,1.6162161827087402,1.0107238
6242661336116811648,1.0107238,0.4434234201908111,1.0107238653917732,1.3468468189239502,1.0107238,0.584324300289154,1.0107238
6242663981816768640,1.006466,0.8371171355247498,1.0064660422492318,1.6535135507583618,1.006466,0.9117116928100586,1.006466
6242665356206286848,1.006466,0.4517117142677307,1.0064660422492318,1.400720715522766,1.006466,0.5428828597068787,1.006466
6242670269649588992,0.8948696,0.7956756949424744,0.8948696567452525,2.1549549102783203,0.8948696,1.317837834358215,0.8948696
6242670647606717952,1.006466,0.4144144058227539,1.0064660422492318,1.7985585927963257,1.006466,0.6672071814537048,1.006466
6242721152123092608,1.0107238,0.6920720934867859,1.0107238653917732,1.239099144935608,1.0107238,0.6713513731956482,1.0107238
6242726993278898688,1.006466,1.7571171522140503,1.0064660422492318,1.5499099493026731,1.006466,1.8482882976531985,1.006466
6242758849054325632,1.1020905,0.3646846711635589,1.1020905255118367,1.9477477073669431,1.1020905,0.3854053914546966,1.1020905
6242769672371612672,0.8948696,0.5636035799980164,0.8948696567452525,2.038918972015381,0.8948696,0.63819819688797,0.8948696
6242770836302870784,1.006466,1.1935135126113892,1.0064660422492318,2.7185585498809814,1.006466,2.6688287258148193,1.006466
6242772421150585344,1.0107238,1.723963975906372,1.0107238653917732,1.6120721101760864,1.0107238,2.0472071170806885,1.0107238
6242786955320131456,0.8948696,0.5263063311576843,0.8948696567452525,1.7944144010543823,0.8948696,0.8992792963981628,0.8948696
6242822277131230592,0.7781513,0.6009008884429932,0.7781512503836436,1.2556756734848022,0.7781513,1.031891942024231,0.7781513
6242829355237317504,0.8948696,0.8827027082443237,0.8948696567452525,2.1176576614379883,0.8948696,0.8868468403816223,0.8948696
6242837120538124160,0.7781513,0.3895495533943176,0.7781512503836436,2.1590991020202637,0.7781513,0.4517117142677307,0.7781513
6242857942539775232,1.006466,0.8578378558158875,1.0064660422492318,2.2668468952178955,1.006466,1.9353153705596924,1.006466
6242873885459459968,1.006466,0.7708107829093933,1.0064660422492318,1.5789189338684082,1.006466,1.2100900411605835,1.006466
6242887732432964864,1.006466,0.6754955053329468,1.0064660422492318,1.1810810565948486,1.006466,0.8205405473709106,1.006466
6242888007310865280,1.006466,0.8163964152336121,1.0064660422492318,1.2059459686279297,1.006466,0.861981987953186,1.006466
6242894054624897152,1.006466,0.3232432305812835,1.0064660422492318,1.2888288497924805,1.006466,0.1864864826202392,1.006466
6242908790652919040,1.006466,0.4600000083446502,1.0064660422492318,1.3054053783416748,1.006466,0.2196396440267563,1.006466
6242912505804505984,1.006466,0.6713513731956482,1.0064660422492318,1.2018017768859863,1.006466,0.8785585761070251,1.006466
6242916354095163648,1.006466,1.0733333826065063,1.0064660422492318,1.4255856275558472,1.006466,0.4392792880535126,1.006466
6242917865923662336,1.006466,0.3646846711635589,1.0064660422492318,1.375855803489685,1.006466,0.4434234201908111,1.006466
6242964045412203776,0.7781513,0.4890090227127075,0.7781512503836436,2.7890090942382812,0.7781513,0.6423423290252686,0.7781513
6242970711201462144,1.006466,1.0567567348480225,1.0064660422492318,1.3219820261001587,1.006466,0.7708107829093933,1.006466
6243128456764157952,1.006466,0.4682883024215698,1.0,2.080360412597656,1.006466,0.8371171355247498,1.006466
6243130106031671168,1.006466,0.8951351642608643,1.0064660422492318,1.375855803489685,1.006466,0.3729729652404785,1.006466
6243135156913242496,1.006466,0.4227026998996734,1.0064660422492318,1.5664864778518677,1.006466,0.7127928137779236,1.006466
6243142063220661504,1.006466,1.1106306314468384,1.0064660422492318,1.247387409210205,1.006466,0.8827027082443237,1.006466
6243147492050772864,1.006466,0.7956756949424744,1.0064660422492318,1.5623422861099243,1.006466,1.27639639377594,1.006466
6243154501445899264,1.006466,0.5180180072784424,1.0064660422492318,0.7749549746513367,1.006466,0.4682883024215698,1.006466
6243156528670527744,1.006466,0.4600000083446502,1.0064660422492318,1.2929729223251345,1.006466,0.9738738536834716,1.006466
6243166527355588608,1.006466,0.4227026998996734,1.0064660422492318,1.5664864778518677,1.006466,0.8702702522277832,1.006466
6243171440797135232,1.006466,0.7127928137779236,1.0064660422492318,2.2419819831848145,1.006466,0.6547747850418091,1.006466
6243172677747745664,1.006466,1.0650449991226196,1.0064660422492318,1.922882914543152,1.006466,3.029369354248047,1.006466
6243179240458354560,1.2730013,0.426846832036972,1.2730012720637376,1.8441441059112549,1.2730013,0.6174774765968323,1.2730013
6243216486414537600,1.006466,0.5760360360145569,1.0064660422492318,1.8855855464935305,1.006466,0.2486486434936523,1.006466
6243216761292430080,1.006466,0.791531503200531,1.0064660422492318,1.5333333015441897,1.006466,0.592612624168396,1.006466
6243230848785006208,1.006466,1.2598198652267456,1.0064660422492318,1.81513512134552,1.006466,1.5499099493026731,1.006466
6243300461614372992,1.006466,0.5055856108665466,1.0064660422492318,1.5126125812530518,1.006466,0.8039639592170715,1.006466
6243349046284338432,0.8948696,0.4848648607730865,0.8948696567452525,2.005765676498413,0.8948696,0.8122522234916687,0.8948696
6243355780793634432,1.006466,0.381261259317398,1.0064660422492318,1.239099144935608,1.006466,0.6216216087341309,1.006466
6243357704940135424,1.006466,0.4558558464050293,1.0064660422492318,1.4172972440719604,1.006466,0.683783769607544,1.006466
6243446387421336064,0.8948696,1.2639639377593994,0.8948696567452525,0.7500900626182556,0.8948696,0.6423423290252686,0.8948696
6243459409762251648,1.006466,0.4392792880535126,1.0064660422492318,1.454594612121582,1.006466,0.7376576662063599,1.006466
6243487069351330304,1.006466,0.3605405390262604,1.0064660422492318,2.6190991401672363,1.006466,0.2527928054332733,1.006466
6243504627178052480,1.006466,1.089909911155701,1.0064660422492318,1.367567539215088,1.006466,1.2432432174682615,1.006466
6243507856993984000,1.006466,0.584324300289154,1.0,1.2971171140670776,1.006466,0.799819827079773,1.006466
6243553211849342464,1.006466,0.4682883024215698,1.0064660422492318,1.429729700088501,1.006466,0.592612624168396,1.006466
6243564481845094784,1.006466,1.2308107614517212,1.0064660422492318,1.284684658050537,1.006466,0.6091892123222351,1.006466
6243566509068156928,0.7781513,0.7625225186347961,0.7781512503836436,1.4131531715393066,0.7781513,0.9697297215461732,0.7781513
6243685084521547008,1.006466,1.6245044469833374,1.0064660422492318,1.3054053783416748,1.006466,1.330270290374756,1.006466
6243694052412741120,1.006466,0.3854053914546966,1.0064660422492318,1.4048649072647097,1.006466,0.7003603577613831,1.006466
6243719100662064000,1.006466,0.7169369459152222,1.0064660422492318,1.5250450372695925,1.006466,0.8412612676620483,1.006466
6243731848125035520,1.006466,0.5760360360145569,1.0064660422492318,1.4214414358139038,1.006466,0.6133333444595337,1.006466
6243844822944577536,0.8948696,0.7625225186347961,0.8948696567452525,1.3592792749404907,0.8948696,0.7790991067886353,0.8948696
6243908319741005568,1.006466,0.4890090227127075,1.0064660422492318,1.9477477073669431,1.006466,0.4227026998996734,1.006466
6243914916810909568,0.8948696,0.4931531548500061,0.8948696567452525,1.2639639377593994,0.8948696,1.0609009265899658,0.8948696
6244006451158294016,1.006466,0.5967567563056946,1.0064660422492318,1.3799999952316284,1.006466,0.7045044898986816,1.006466
6244007138353080704,1.006466,0.9448648691177368,1.0064660422492318,1.317837834358215,1.006466,1.2266666889190674,1.006466
6244007516310200192,1.006466,1.0774774551391602,1.0064660422492318,2.4616215229034424,1.006466,1.3882882595062256,1.006466
6244239238381084544,0.7781513,0.799819827079773,0.7781512503836436,0.9821621775627136,0.7781513,0.9407207369804382,0.7781513
6244253635112032384,1.1020905,1.0277477502822876,1.1020905255118367,1.95603609085083,1.1020905,1.1023423671722412,1.1020905
6244278305404148352,1.1020905,0.5180180072784424,1.1020905255118367,1.4255856275558472,1.1020905,0.9448648691177368,1.1020905
6244705293871433856,1.1020905,0.5304504632949829,1.1020905255118367,1.160360336303711,1.1020905,0.3398198187351227,1.1020905
6244712990449721216,1.1020905,0.5967567563056946,1.1020905255118367,3.70072078704834,1.1020905,0.8039639592170715,1.1020905
6244725050721030528,1.1020905,1.00702702999115,1.1020905255118367,0.3729729652404785,1.1020905,1.3095495700836182,1.1020905
6244914750835629312,1.1020905,0.6713513731956482,1.1020905255118367,1.2681081295013428,1.1020905,0.4931531548500061,1.1020905
6244944678168071296,1.2730013,1.6410810947418213,1.2730012720637376,1.6742342710494995,1.2730013,1.715675711631775,1.2730013
6245253606576210944,1.2730013,0.430990993976593,1.2730012720637376,1.2598198652267456,1.2730013,0.5263063311576843,1.2730013
6245316377520263296,1.1020905,0.4475675821304321,1.1020905255118367,1.2556756734848022,1.1020905,1.031891942024231,1.1020905
6245428463284702592,0.7781513,0.426846832036972,0.8573324964312685,1.5789189338684082,0.7781513,0.4600000083446502,0.7781513
6245495705292935424,0.7781513,0.3522522449493408,0.7781512503836436,2.478198289871216,0.7781513,0.4144144058227539,0.7781513
6245582734212097024,0.8948696,0.953153133392334,0.8948696567452525,1.106486439704895,0.8948696,0.7045044898986816,0.8948696
6245595108015533824,0.7781513,0.3895495533943176,0.7781512503836436,1.960180163383484,0.7781513,0.5014414191246033,0.7781513
6245601945603400960,0.7781513,0.430990993976593,0.7781512503836436,1.392432451248169,0.7781513,0.547027051448822,0.7781513
6245656199631207808,0.7781513,0.4351351261138916,0.7781512503836436,1.2598198652267456,0.7781513,0.6091892123222351,0.7781513
6245669050173379328,1.006466,0.8951351642608643,1.0,1.5747747421264648,1.006466,0.8992792963981628,1.006466
6245672383068041344,0.7781513,1.2018017768859863,0.7781512503836436,1.3551350831985474,0.7781513,1.632792830467224,0.7781513
6245680560685776768,0.7781513,0.4475675821304321,0.8573324964312685,1.3261260986328125,0.7781513,0.6216216087341309,0.7781513
6245698084152661888,0.7781513,0.5138738751411438,0.7781512503836436,1.2059459686279297,0.7781513,0.6796396374702454,0.7781513
6245700145736963072,0.7781513,0.584324300289154,0.7781512503836436,1.1893693208694458,0.7781513,0.5801801681518555,0.7781513
6245714095790758528,0.7781513,1.0360360145568848,0.7781512503836436,2.030630588531494,0.7781513,0.8454053997993469,0.7781513
6245721929810787456,0.7781513,0.4890090227127075,0.7781512503836436,1.1893693208694458,0.7781513,0.8288288116455078,0.7781513
6245733612121878400,0.7781513,0.5594594478607178,0.7781512503836436,1.1976577043533323,0.7781513,0.7832432389259338,0.7781513
6245739521996902272,1.006466,0.7708107829093933,1.0064660422492318,1.2598198652267456,1.006466,0.4144144058227539,1.006466
6245739521996902656,1.006466,0.7749549746513367,1.0064660422492318,1.2432432174682615,1.006466,0.3646846711635589,1.006466
6245756049031523072,0.7781513,1.1396396160125732,0.7781512503836436,1.3965765237808228,0.7781513,1.5001801252365112,0.7781513
6245779276214380928,0.7781513,0.426846832036972,0.7781512503836436,2.001621723175049,0.7781513,0.6133333444595337,0.7781513
6245781097280740864,0.7781513,0.5345945954322815,0.7781512503836436,1.2639639377593994,0.7781513,0.7418017983436584,0.7781513
6245811780524907392,0.8948696,0.6672071814537048,0.8948696567452525,1.8731532096862793,0.8948696,0.2983783781528473,0.8948696
6245812811317070976,0.7781513,0.6216216087341309,0.7781512503836436,1.1976577043533323,0.7781513,0.8951351642608643,0.7781513
6245812948756034816,1.006466,0.547027051448822,1.0064660422492318,1.0236035585403442,1.006466,0.5760360360145569,1.006466
6245819786343951744,0.7781513,0.8785585761070251,0.7781512503836436,2.614954948425293,0.7781513,0.7252252101898193,0.7781513
6245821092014031616,0.7781513,0.7956756949424744,0.7781512503836436,1.3551350831985474,0.7781513,0.3439639508724212,0.7781513
6245821126373768832,0.5682017,1.094054102897644,0.568201724066995,1.3261260986328125,0.5682017,0.4517117142677307,0.5682017
6245826349054119552,0.7781513,0.3481081128120422,0.7781512503836436,1.160360336303711,0.7781513,0.3605405390262604,0.7781513
6245835179506936704,0.8948696,0.4807207286357879,0.8948696567452525,1.1189188957214355,0.8948696,0.5138738751411438,0.8948696
6245838065724966784,0.8948696,0.9738738536834716,0.8948696567452525,2.4409008026123047,0.8948696,1.2308107614517212,0.8948696
6245845586211677312,0.7781513,0.7418017983436584,1.0,1.6576576232910156,0.7781513,0.8702702522277832,0.7781513
6245859403122312704,0.7781513,0.7956756949424744,0.7781512503836436,1.313693642616272,0.7781513,0.8412612676620483,0.7781513
6245861602145571072,1.006466,0.9200000166893004,1.0064660422492318,2.043063163757324,1.006466,2.664684772491455,1.006466
6245905067214867968,1.006466,0.592612624168396,1.0064660422492318,2.983783721923828,1.006466,0.953153133392334,1.006466
6246043846200149376,1.2730013,0.5180180072784424,1.2730012720637376,1.2598198652267456,1.2730013,0.3978378474712372,1.2730013
6246706714275425024,1.006466,0.5594594478607178,1.0064660422492318,1.3799999952316284,1.006466,0.4185585677623749,1.006466
6246938127111232640,1.006466,0.7708107829093933,1.0064660422492318,1.7363964319229126,1.006466,0.4682883024215698,1.006466
6247083125210430080,1.006466,0.3232432305812835,1.0064660422492318,2.043063163757324,1.006466,0.2900900840759277,1.006466
6247520627757618176,0.8948696,0.4351351261138916,0.8948696567452525,2.714414358139038,0.8948696,0.5760360360145569,0.8948696
6247526228394968320,0.8948696,0.5801801681518555,0.8948696567452525,1.906306266784668,0.8948696,0.3108108043670654,0.8948696
6247541621557778304,0.8948696,0.6216216087341309,0.8948696567452525,2.067927837371826,0.8948696,0.7418017983436584,0.8948696
6247575465899922432,1.006466,0.953153133392334,1.0064660422492318,1.840000033378601,1.006466,1.0194594860076904,1.006466
6247585189705806720,1.006466,0.5263063311576843,1.0064660422492318,2.4657657146453857,1.006466,1.0774774551391602,1.006466
6247585189706073216,1.006466,0.791531503200531,1.0064660422492318,1.5664864778518677,1.006466,1.367567539215088,1.006466
6247726545668907776,1.006466,0.7003603577613831,1.0064660422492318,1.906306266784668,1.006466,1.044324278831482,1.006466
6248748266847062912,0.7781513,0.5387387275695801,1.0,2.5237836837768555,0.7781513,0.6340540647506714,0.7781513
6248755825989499904,0.7781513,0.4434234201908111,0.7781512503836436,2.1922521591186523,0.7781513,0.5677477717399597,0.7781513
6248761151748998400,0.7781513,1.0111712217330933,0.7781512503836436,1.098198175430298,0.7781513,0.5801801681518555,0.7781513
6248787436949193344,0.7781513,0.4475675821304321,1.0,1.0236035585403442,0.7781513,0.683783769607544,0.7781513
6248889038693959808,0.7781513,0.7500900626182556,0.8573324964312685,1.1769369840621948,0.7781513,0.7749549746513367,0.7781513
6248952432411647488,0.7781513,0.6672071814537048,0.7781512503836436,3.103963851928711,0.7781513,0.7666666507720947,0.7781513
6248987273186258176,0.7781513,0.547027051448822,1.0,3.116396427154541,0.7781513,0.476576566696167,0.7781513
6248988029100509824,0.7781513,1.0733333826065063,0.7781512503836436,2.1590991020202637,0.7781513,0.6547747850418091,0.7781513
6248997237510309120,0.7781513,0.5263063311576843,0.7781512503836436,1.1810810565948486,0.7781513,0.9241441488265992,0.7781513
6249000566108106112,0.7781513,0.6713513731956482,0.8573324964312685,1.313693642616272,0.7781513,0.6962162256240845,0.7781513
6249285859313790336,0.8948696,0.3439639508724212,0.8948696567452525,1.5540540218353271,0.8948696,0.3273873925209045,0.8948696
6249299770708343808,0.8948696,0.9655855894088744,0.8948696567452525,1.4794594049453735,0.8948696,0.5345945954322815,0.8948696
6249306612595902592,0.8948696,0.6050450205802917,0.8948696567452525,1.438017964363098,0.8948696,1.2805405855178833,0.8948696
6249313690700531328,0.8948696,0.5428828597068787,1.0,1.367567539215088,0.8948696,0.8578378558158875,0.8948696
6249361382017953408,1.2730013,0.754234254360199,1.2730012720637376,1.678378343582153,1.2730013,1.2018017768859863,1.2730013
6250495528262288512,1.006466,0.9572973251342772,1.0064660422492318,1.7115315198898315,1.006466,1.2805405855178833,1.006466
6260471775219740288,1.2730013,1.094054102897644,1.2730012720637376,1.7944144010543823,1.2730013,0.7293693423271179,1.2730013
63102694601689728,1.9867717,2.055495500564575,1.9867717342662448,1.723963975906372,1.9867717,2.4533333778381348,1.9867717
63146743786148992,1.9867717,2.8884685039520264,1.9867717342662448,2.5610811710357666,1.9867717,3.0749549865722656,1.9867717
63296380446670080,1.9867717,2.4160361289978027,2.1051694279993316,1.9643243551254272,1.9867717,2.337297201156616,1.9867717
63327682168301952,1.9867717,2.1052253246307373,2.1051694279993316,2.0099098682403564,1.9867717,2.3124325275421143,1.9867717
63340154753661440,1.9867717,2.726846933364868,1.9867717342662448,1.985045075416565,1.9867717,2.992072105407715,1.9867717
63395989328447232,2.8893018,1.7446846961975098,2.8750612633917,3.0873873233795166,2.8893018,1.6203603744506836,2.8893018
63436396380626688,1.9867717,1.8731532096862793,1.9867717342662448,2.0140540599823,1.9867717,2.175675630569458,1.9867717
63449521800719488,1.9867717,2.486486434936523,1.9867717342662448,1.922882914543152,1.9867717,2.49477481842041,1.9867717
63485427727244544,1.9867717,2.49477481842041,1.9867717342662448,1.9353153705596924,1.9867717,2.4740540981292725,1.9867717
63547270960574336,1.9867717,1.222522497177124,2.1051694279993316,0.7956756949424744,1.9867717,1.9477477073669431,1.9867717
63547378335443200,1.9867717,2.6315314769744873,2.1051694279993316,2.308288335800171,1.9867717,2.598378419876098,1.9867717
63585036608738048,1.9867717,2.1342341899871826,1.9867717342662448,1.8897297382354736,1.9867717,3.004504442214966,1.9867717
63592767549850112,1.9867717,1.9353153705596924,2.1051694279993316,2.038918972015381,1.9867717,0.9655855894088744,1.9867717
63593798341985152,1.9867717,2.3414413928985596,2.1051694279993316,1.8234233856201172,1.9867717,2.1218018531799316,1.9867717
63627264728628224,1.9867717,1.8980180025100708,1.9867717342662448,1.869009017944336,1.9867717,2.4409008026123047,1.9867717
63632178171114624,1.9867717,2.0720720291137695,1.9867717342662448,2.0720720291137695,1.9867717,3.771171092987061,1.9867717
63677326867342464,1.9867717,1.8855855464935305,1.9867717342662448,1.7488288879394531,1.9867717,1.9809008836746216,1.9867717
63693785181958912,1.9867717,1.7032432556152344,1.9867717342662448,1.9021621942520144,1.9867717,1.6245044469833374,1.9867717
63705433133130368,1.9867717,2.0223424434661865,1.9867717342662448,1.9809008836746216,1.9867717,2.28342342376709,1.9867717
63773774653147904,1.9867717,1.6535135507583618,1.9867717342662448,2.0099098682403564,1.9867717,1.8275675773620603,1.9867717
63775355201110016,1.9867717,2.3290090560913086,1.9867717342662448,1.777837872505188,1.9867717,2.175675630569458,1.9867717
63795455648004608,1.9867717,1.9726126194000244,1.9867717342662448,1.3882882595062256,1.9867717,2.246126174926758,1.9867717
63826070174824192,1.9867717,0.4517117142677307,1.9867717342662448,2.0596396923065186,1.9867717,0.5553153157234192,1.9867717
63826448131945984,1.9867717,1.3717117309570312,1.9867717342662448,2.055495500564575,1.9867717,1.1272071599960327,1.9867717
63838886357191936,1.9867717,1.831711769104004,1.9867717342662448,1.1106306314468384,1.9867717,2.3124325275421143,1.9867717
63849572235829248,1.9867717,2.237837791442871,1.9867717342662448,1.6120721101760864,1.9867717,2.6190991401672363,1.9867717
63876402894075904,1.9867717,1.7405405044555664,1.9867717342662448,1.8275675773620603,1.9867717,1.8731532096862793,1.9867717
63884584809145600,1.9867717,1.81513512134552,1.9867717342662448,1.9436036348342896,1.9867717,2.2544143199920654,1.9867717
63892006512622848,1.9867717,3.435495376586914,1.9867717342662448,2.0347747802734375,1.9867717,3.6261260509490967,1.9867717
63916431989200256,1.9867717,2.080360412597656,1.9867717342662448,2.2171170711517334,1.9867717,1.9021621942520144,1.9867717
63953819680971008,1.9867717,2.138378381729126,2.1051694279993316,2.063783884048462,1.9867717,2.701982021331787,1.9867717
63959351598814336,1.9867717,1.985045075416565,1.9867717342662448,1.6245044469833374,1.9867717,2.2792792320251465,1.9867717
64006905476619776,1.9867717,1.7985585927963257,1.9867717342662448,1.123063087463379,1.9867717,1.7073873281478882,1.9867717
64009448097245440,1.9867717,2.565225124359131,1.9867717342662448,1.7198197841644287,1.9867717,3.116396427154541,1.9867717
64037588724758400,1.9867717,2.337297201156616,2.1051694279993316,2.063783884048462,1.9867717,2.8387386798858643,1.9867717
64040818540162304,1.9867717,1.893873929977417,1.9867717342662448,1.6866666078567505,1.9867717,2.5569369792938232,1.9867717
64050645425295872,1.9867717,1.893873929977417,1.9867717342662448,1.284684658050537,1.9867717,2.4616215229034424,1.9867717
64064011363520512,1.9867717,1.8068468570709229,1.9867717342662448,1.429729700088501,1.9867717,2.2668468952178955,1.9867717
64066107307543296,1.9867717,0.8329729437828064,2.1051694279993316,1.5250450372695925,1.9867717,1.3882882595062256,1.9867717
64073597730589952,1.9867717,2.1425225734710693,2.1051694279993316,1.5789189338684082,1.9867717,2.2046847343444824,1.9867717
64078167575681152,1.9867717,1.893873929977417,2.0492180226701815,1.6576576232910156,1.9867717,2.246126174926758,1.9867717
64103009666497024,1.9867717,1.8731532096862793,1.9867717342662448,1.106486439704895,1.9867717,2.420180082321167,1.9867717
64131150292139648,1.9867717,1.239099144935608,1.9867717342662448,1.2266666889190674,1.9867717,1.5043243169784546,1.9867717
64168705486089216,1.9867717,2.188108205795288,1.9867717342662448,2.001621723175049,1.9867717,2.3165764808654785,1.9867717
64174546641593984,1.9867717,3.2572972774505615,1.9867717342662448,2.1093692779541016,1.9867717,3.485225200653076,1.9867717
64215125490886656,1.9867717,1.7695496082305908,1.9867717342662448,2.3538739681243896,1.9867717,2.1673874855041504,1.9867717
64250477365329536,1.9867717,2.0223424434661865,2.1051694279993316,1.8441441059112549,1.9867717,2.739279270172119,1.9867717
64272128296706432,1.9867717,2.5030629634857178,2.1051694279993316,2.200540542602539,1.9867717,2.179819822311402,1.9867717
64317998547641344,1.9867717,2.200540542602539,2.1051694279993316,1.520900845527649,1.9867717,2.2792792320251465,1.9867717
64346070453848320,1.9867717,1.8565765619277952,1.9867717342662448,1.8358558416366575,1.9867717,1.9974775314331057,1.9867717
64401389632616960,1.9867717,1.3882882595062256,2.1051694279993316,2.486486434936523,1.9867717,1.9643243551254272,1.9867717
64438841747360768,1.9867717,2.4740540981292725,1.9867717342662448,1.3427027463912964,1.9867717,2.784864902496338,1.9867717
64445988572906752,1.9867717,2.0099098682403564,2.1051694279993316,1.877297282218933,1.9867717,2.1466667652130127,1.9867717
64456262134709376,1.9867717,2.6232433319091797,1.9867717342662448,1.4131531715393066,1.9867717,2.7682883739471436,1.9867717
64555694921236352,1.9867717,1.831711769104004,1.9867717342662448,1.914594650268555,1.9867717,1.960180163383484,1.9867717
64574352259640192,1.9867717,1.2929729223251345,2.1051694279993316,2.0099098682403564,1.9867717,1.831711769104004,1.9867717
64589062523316736,1.9867717,1.968468427658081,1.9867717342662448,1.5333333015441897,1.9867717,2.005765676498413,1.9867717
64600813554014592,1.9867717,2.018198251724243,1.9867717342662448,1.8192793130874632,1.9867717,2.4118919372558594,1.9867717
64653383953596032,1.9867717,2.0969369411468506,2.1051694279993316,1.8731532096862793,1.9867717,2.291711807250977,1.9867717
64671903852618624,1.9867717,1.1562162637710571,2.1051694279993316,1.6866666078567505,1.9867717,1.1520720720291138,1.9867717
64768763955442944,1.9867717,1.723963975906372,2.1051694279993316,1.9353153705596924,1.9867717,1.3261260986328125,1.9867717
64770241424108032,1.9867717,2.7682883739471436,2.1051694279993316,1.7281081676483154,1.9867717,3.050090074539185,1.9867717
64796045587678208,1.9867717,2.3621621131896973,1.9867717342662448,2.080360412597656,1.9867717,2.262702703475952,1.9867717
64797523056344064,1.9867717,1.7944144010543823,1.9867717342662448,1.8731532096862793,1.9867717,2.370450496673584,1.9867717
64798038452412928,1.9867717,2.179819822311402,1.9867717342662448,1.985045075416565,1.9867717,2.9299099445343018,1.9867717
64804360644343424,1.9867717,1.968468427658081,2.1051694279993316,1.831711769104004,1.9867717,2.3290090560913086,1.9867717
64804841680675200,1.9867717,1.450450420379639,1.9867717342662448,2.237837791442871,1.9867717,1.0526126623153689,1.9867717
64808483812941440,1.9867717,1.4960360527038574,2.1051694279993316,1.5167567729949951,1.9867717,1.7819819450378418,1.9867717
64818203322590208,1.9867717,1.7819819450378418,2.1051694279993316,1.9021621942520144,1.9867717,1.6493693590164185,1.9867717
64836349560719232,1.9867717,2.175675630569458,2.1051694279993316,1.9643243551254272,1.9867717,2.6356756687164307,1.9867717
64840541448791424,1.9867717,1.922882914543152,2.1051694279993316,1.9394594430923464,1.9867717,1.7902703285217283,1.9867717
64843805623922688,1.9867717,1.7322522401809692,2.1051694279993316,2.138378381729126,1.9867717,2.270991086959839,1.9867717
64856312568645248,1.9867717,3.199279308319092,2.1051694279993316,1.9394594430923464,1.9867717,3.5349550247192383,1.9867717
64857721317916032,1.9867717,2.179819822311402,1.9867717342662448,1.893873929977417,1.9867717,2.246126174926758,1.9867717
64864593265614464,1.9867717,1.5954954624176023,2.1051694279993316,1.7488288879394531,1.9867717,2.080360412597656,1.9867717
64870296982175488,1.9867717,2.113513469696045,1.9867717342662448,1.8192793130874632,1.9867717,2.150810718536377,1.9867717
64871740091177600,1.9867717,0.3729729652404785,1.9867717342662448,2.001621723175049,1.9867717,0.3398198187351227,1.9867717
64874454510493440,1.9867717,2.0969369411468506,2.1051694279993316,2.005765676498413,1.9867717,2.996216297149658,1.9867717
64884624994048256,1.9867717,2.2668468952178955,1.9867717342662448,2.0472071170806885,1.9867717,3.5722522735595703,1.9867717
64884899871954176,1.9867717,1.7819819450378418,2.1051694279993316,1.7115315198898315,1.9867717,1.910450458526611,1.9867717
64889126119831040,1.9867717,2.0927927494049072,1.9867717342662448,1.9891891479492188,1.9867717,2.188108205795288,1.9867717
64891634380723712,1.9867717,2.1300899982452393,2.0492180226701815,1.0774774551391602,1.9867717,2.4740540981292725,1.9867717
64894623677888640,1.9867717,1.7446846961975098,2.1051694279993316,1.9394594430923464,1.9867717,1.906306266784668,1.9867717
64895139073954944,1.9867717,1.338558554649353,2.1051694279993316,1.8731532096862793,1.9867717,0.9945945739746094,1.9867717
64899017426872960,1.9867717,1.5043243169784546,1.9867717342662448,1.7985585927963257,1.9867717,1.7073873281478882,1.9867717
64900739711320960,1.9867717,2.3745946884155273,1.9867717342662448,1.9518918991088867,1.9867717,2.5818018913269043,1.9867717
64905618794174720,1.9867717,1.8358558416366575,1.9867717342662448,1.7695496082305908,1.9867717,2.0140540599823,1.9867717
64909153549943296,1.9867717,2.0223424434661865,1.9867717342662448,1.8648648262023928,1.9867717,1.9436036348342896,1.9867717
64912009705490304,1.9867717,2.3041441440582275,1.9867717342662448,1.6245044469833374,1.9867717,3.505945920944214,1.9867717
64913452814489216,1.9867717,2.859459400177002,2.1051694279993316,3.3774774074554443,1.9867717,2.7061262130737305,1.9867717
64915754917051520,1.9867717,2.333153247833252,1.9867717342662448,1.8524324893951416,1.9867717,2.295855760574341,1.9867717
64917094946846848,1.9867717,2.0720720291137695,2.1051694279993316,2.026486396789551,1.9867717,2.080360412597656,1.9867717
64922283267331968,1.9867717,2.1093692779541016,1.9867717342662448,1.131351351737976,1.9867717,1.9891891479492188,1.9867717
64924413571101952,1.9867717,2.457477569580078,2.1051694279993316,1.3427027463912964,1.9867717,2.420180082321167,1.9867717
64930495244783616,1.9867717,3.1246845722198486,1.9867717342662448,1.6120721101760864,1.9867717,2.1093692779541016,1.9867717
64933621980897536,1.9867717,1.976756811141968,1.9867717342662448,1.9436036348342896,1.9867717,2.3994593620300293,1.9867717
64934893291213952,1.9867717,1.450450420379639,1.9867717342662448,0.8909909725189209,1.9867717,1.8192793130874632,1.9867717
64936508198907904,1.9867717,1.5001801252365112,2.0492180226701815,0.9697297215461732,1.9867717,1.678378343582153,1.9867717
64938569783224960,1.9867717,1.7446846961975098,2.1051694279993316,1.8897297382354736,1.9867717,2.490630626678467,1.9867717
64941211186036352,1.9867717,2.2212612628936768,1.9867717342662448,1.7861261367797852,1.9867717,1.7819819450378418,1.9867717
64943758103791104,1.9867717,2.48234224319458,2.1051694279993316,1.9891891479492188,1.9867717,2.1176576614379883,1.9867717
64946025846426752,1.9867717,2.275135040283203,2.1051694279993316,1.8814414739608765,1.9867717,2.407747745513916,1.9867717
64959662365552384,1.9867717,1.239099144935608,1.9867717342662448,1.6245044469833374,1.9867717,0.9241441488265992,1.9867717
64960663095015680,1.9867717,2.1549549102783203,2.1051694279993316,1.931171178817749,1.9867717,2.544504404067993,1.9867717
64962174923490304,1.9867717,1.914594650268555,2.1051694279993316,1.906306266784668,1.9867717,2.0596396923065186,1.9867717
64962892180951936,2.8893018,2.4616215229034424,2.88930170250631,3.045945882797241,2.8893018,2.4491891860961914,2.8893018
64963377514329984,1.9867717,1.9974775314331057,2.1051694279993316,1.931171178817749,1.9867717,2.1052253246307373,1.9867717
64964717544035200,1.9867717,2.1922521591186523,2.1051694279993316,1.089909911155701,1.9867717,2.4036035537719727,1.9867717
64967569402404480,1.9867717,1.8897297382354736,2.1051694279993316,1.9726126194000244,1.9867717,1.922882914543152,1.9867717
64967603762044928,1.9867717,2.1590991020202637,1.9867717342662448,1.81513512134552,1.9867717,2.6854054927825928,1.9867717
64971177174850304,1.9867717,1.6908107995986938,2.1051694279993316,1.5540540218353271,1.9867717,0.8329729437828064,1.9867717
64971933089093760,1.9867717,2.8801801204681396,1.9867717342662448,0.9945945739746094,1.9867717,2.896756649017334,1.9867717
64974338270788864,1.9867717,0.978018045425415,2.1051694279993316,1.906306266784668,1.9867717,0.7045044898986816,1.9867717
64974574492213248,1.9867717,2.3165764808654785,1.9867717342662448,2.101081132888794,1.9867717,2.4657657146453857,1.9867717
64977705525131904,1.9867717,1.599639654159546,1.9867717342662448,1.6949549913406372,1.9867717,1.7073873281478882,1.9867717
64979732749686016,1.9867717,1.8027026653289795,2.1051694279993316,2.246126174926758,1.9867717,1.95603609085083,1.9867717
64980278208557696,1.9867717,0.2900900840759277,1.9867717342662448,1.338558554649353,1.9867717,0.8039639592170715,1.9867717
64980832261312640,1.9867717,1.6535135507583618,2.1051694279993316,1.27639639377594,1.9867717,1.8275675773620603,1.9867717
64981137202021376,1.9867717,0.5553153157234192,1.9867717342662448,1.520900845527649,1.9867717,1.3219820261001587,1.9867717
64981863053470592,1.9867717,1.7446846961975098,1.9867717342662448,1.8234233856201172,1.9867717,1.6659458875656128,1.9867717
64982344089813248,1.9867717,1.4670270681381226,1.9867717342662448,1.9187387228012085,1.9867717,2.4989190101623535,1.9867717
64985127228608128,1.9867717,1.9809008836746216,2.1051694279993316,1.089909911155701,1.9867717,1.976756811141968,1.9867717
64988322684358144,1.9867717,2.1300899982452393,1.9867717342662448,1.9187387228012085,1.9867717,2.0347747802734375,1.9867717
64990349908937984,1.9867717,2.0140540599823,1.9867717342662448,1.8109910488128664,1.9867717,2.7682883739471436,1.9867717
64990586130069504,1.9867717,2.055495500564575,2.0492180226701815,2.1176576614379883,1.9867717,2.337297201156616,1.9867717
64998905483757568,1.9867717,1.8607207536697388,1.9867717342662448,1.9353153705596924,1.9867717,2.0845046043395996,1.9867717
64999558318784768,1.9867717,2.8760359287261963,2.1051694279993316,1.2266666889190674,1.9867717,2.2212612628936768,1.9867717
64999588381514496,1.9867717,2.246126174926758,1.9867717342662448,1.5126125812530518,1.9867717,2.407747745513916,1.9867717
65000863988835200,1.9867717,2.0472071170806885,2.1051694279993316,2.1342341899871826,1.9867717,1.9891891479492188,1.9867717
65004437401569664,1.9867717,2.179819822311402,2.1051694279993316,1.968468427658081,1.9867717,3.116396427154541,1.9867717
65004712279475712,1.9867717,2.934054136276245,1.9867717342662448,1.8192793130874632,1.9867717,2.8553152084350586,1.9867717
65005262035285888,1.9867717,2.026486396789551,2.1051694279993316,1.438017964363098,1.9867717,2.1549549102783203,1.9867717
65008010814357248,1.9867717,1.9394594430923464,2.1051694279993316,1.9518918991088867,1.9867717,1.81513512134552,1.9867717
65010239900405504,1.9867717,2.270991086959839,1.9867717342662448,2.291711807250977,1.9867717,2.2046847343444824,1.9867717
65010519075247616,1.9867717,2.030630588531494,1.9867717342662448,1.9974775314331057,1.9867717,3.767027139663696,1.9867717
65012408860856832,1.9867717,2.627387285232544,2.1051694279993316,1.8731532096862793,1.9867717,3.3194594383239746,1.9867717
65013474012743936,1.9867717,2.1176576614379883,1.9867717342662448,1.7736936807632446,1.9867717,3.286306381225586,1.9867717
65014195567317504,1.9867717,2.7309908866882324,1.9867717342662448,1.9974775314331057,1.9867717,3.0335135459899902,1.9867717
65014985841292032,1.9867717,2.515495538711548,2.1051694279993316,1.95603609085083,1.9867717,2.3745946884155273,1.9867717
65017906418989312,1.9867717,2.0845046043395996,1.9867717342662448,1.95603609085083,1.9867717,2.4367568492889404,1.9867717
65023232178029440,1.9867717,1.914594650268555,1.9867717342662448,1.8482882976531985,1.9867717,1.976756811141968,1.9867717
65026839950559744,1.9867717,2.055495500564575,2.1051694279993316,2.3041441440582275,1.9867717,2.4616215229034424,1.9867717
65027905102436608,1.9867717,1.6286486387252808,2.1051694279993316,1.069189190864563,1.9867717,1.6576576232910156,1.9867717
65038281743395584,1.9867717,2.005765676498413,2.1051694279993316,1.9353153705596924,1.9867717,2.0927927494049072,1.9867717
65040686925109760,1.9867717,1.607927918434143,2.1051694279993316,0.9117116928100586,1.9867717,1.7861261367797852,1.9867717
65042439271761280,1.9867717,2.739279270172119,1.9867717342662448,1.9187387228012085,1.9867717,2.527927875518799,1.9867717
65047043476608128,1.9867717,2.0140540599823,2.1051694279993316,2.345585584640503,1.9867717,2.3497297763824463,1.9867717
65053915424355584,1.9867717,2.4284684658050537,1.9867717342662448,2.4243242740631104,1.9867717,2.954774856567383,1.9867717
65056526764528128,1.9867717,1.2432432174682615,2.0492180226701815,1.3592792749404907,1.9867717,1.6286486387252808,1.9867717
65058760147520000,1.9867717,2.2171170711517334,1.9867717342662448,1.8358558416366575,1.9867717,2.2668468952178955,1.9867717
65062917675789184,1.9867717,2.1425225734710693,1.9867717342662448,1.9477477073669431,1.9867717,2.6315314769744873,1.9867717
65072435323295872,1.9867717,1.7736936807632446,1.9867717342662448,0.9863063097000122,1.9867717,1.914594650268555,1.9867717
65078929312363392,1.9867717,1.6908107995986938,2.1051694279993316,1.7571171522140503,1.9867717,2.001621723175049,1.9867717
65079788307324672,1.9867717,1.8234233856201172,1.9867717342662448,2.1466667652130127,1.9867717,1.6866666078567505,1.9867717
65084358152509440,1.9867717,1.8027026653289795,2.1051694279993316,1.1893693208694458,1.9867717,1.7902703285217283,1.9867717
65086591535491584,1.9867717,0.8536936640739441,1.9867717342662448,1.761261224746704,1.9867717,1.5789189338684082,1.9867717
65089336018173440,1.9867717,0.5718919038772583,2.1051694279993316,1.968468427658081,1.9867717,0.7583783864974976,1.9867717
65089473457126784,1.9867717,2.001621723175049,1.9867717342662448,1.2598198652267456,1.9867717,2.1176576614379883,1.9867717
65101606741121792,1.9867717,1.6576576232910156,1.9867717342662448,1.8855855464935305,1.9867717,2.001621723175049,1.9867717
65107860213588096,1.9867717,2.6108107566833496,2.0492180226701815,1.9394594430923464,1.9867717,2.7061262130737305,1.9867717
65119164567417856,1.9867717,1.95603609085083,2.1051694279993316,2.005765676498413,1.9867717,1.8897297382354736,1.9867717
65125452399528320,1.9867717,2.22540545463562,2.0492180226701815,1.7198197841644287,1.9867717,2.544504404067993,1.9867717
65125864716379264,1.9867717,1.168648600578308,1.9867717342662448,2.188108205795288,1.9867717,0.9945945739746094,1.9867717
65129506848731136,1.9867717,0.5055856108665466,1.9867717342662448,1.3841441869735718,1.9867717,1.0111712217330933,1.9867717
65134592089910656,1.9867717,1.599639654159546,2.1051694279993316,1.338558554649353,1.9867717,1.976756811141968,1.9867717
65136791113382912,1.9867717,2.0140540599823,1.9867717342662448,1.993333339691162,1.9867717,2.3994593620300293,1.9867717
65147438335354624,1.9867717,1.976756811141968,1.9867717342662448,1.8648648262023928,1.9867717,2.291711807250977,1.9867717
65150947325369600,1.9867717,1.95603609085083,1.9867717342662448,2.200540542602539,1.9867717,1.682522535324097,1.9867717
65151531440914560,1.9867717,3.004504442214966,2.0492180226701815,2.5030629634857178,1.9867717,2.486486434936523,1.9867717
65153833543386624,1.9867717,2.051351308822632,2.1051694279993316,0.9987387657165528,1.9867717,2.0596396923065186,1.9867717
65161976802151680,1.9867717,1.869009017944336,2.1051694279993316,1.106486439704895,1.9867717,1.5789189338684082,1.9867717
65163110673516928,1.9867717,0.9738738536834716,1.9867717342662448,2.018198251724243,1.9867717,1.094054102897644,1.9867717
65165653294149760,1.9867717,1.570630669593811,2.1051694279993316,1.7322522401809692,1.9867717,1.985045075416565,1.9867717
65167577439502592,1.9867717,1.8027026653289795,2.1051694279993316,1.9187387228012085,1.9867717,3.008648633956909,1.9867717
65169943964429952,1.9867717,2.113513469696045,2.1051694279993316,1.9477477073669431,1.9867717,2.113513469696045,1.9867717
65170016980919808,1.9867717,1.699099063873291,2.1051694279993316,1.960180163383484,1.9867717,2.0472071170806885,1.9867717
65175480179315840,1.9867717,2.3165764808654785,1.9867717342662448,1.7571171522140503,1.9867717,2.6066665649414062,1.9867717
65179946945247488,1.9867717,1.9436036348342896,2.1051694279993316,0.8495495319366455,1.9867717,2.270991086959839,1.9867717
65181527493208192,1.9867717,1.2888288497924805,2.1051694279993316,2.076216220855713,1.9867717,1.4338738918304443,1.9867717
651837948040931840,2.8561244,2.5818018913269043,2.8561244442423,3.1827027797698975,2.8561244,2.171531438827514,2.8561244
65184894747573376,1.9867717,2.958918809890747,1.9867717342662448,2.001621723175049,1.9867717,1.3551350831985474,1.9867717
65190220507070208,1.9867717,2.018198251724243,1.9867717342662448,1.3344143629074097,1.9867717,2.063783884048462,1.9867717
65194584193758336,1.9867717,2.333153247833252,2.1051694279993316,2.2668468952178955,1.9867717,2.101081132888794,1.9867717
65196370900147968,1.9867717,1.8980180025100708,1.9867717342662448,0.8081080913543701,1.9867717,2.246126174926758,1.9867717
65196405259884544,1.9867717,0.4102702736854553,2.1051694279993316,1.7571171522140503,1.9867717,0.8992792963981628,1.9867717
65199222758514048,1.9867717,1.247387409210205,1.9867717342662448,1.8482882976531985,1.9867717,3.754594564437866,1.9867717
65201039527567232,1.9867717,1.168648600578308,1.9867717342662448,1.1106306314468384,1.9867717,1.5291892290115356,1.9867717
65202830531043968,1.9867717,1.7032432556152344,2.0492180226701815,1.2888288497924805,1.9867717,0.9365766048431396,1.9867717
65208396808627840,1.9867717,2.457477569580078,1.9867717342662448,1.6245044469833374,1.9867717,2.515495538711548,1.9867717
65211145587780992,1.9867717,1.7861261367797852,2.1051694279993316,1.098198175430298,1.9867717,2.445044994354248,1.9867717
65211557904569856,1.9867717,1.8275675773620603,1.9867717342662448,1.491891860961914,1.9867717,2.3870270252227783,1.9867717
65212932294091264,1.9867717,2.0472071170806885,2.1051694279993316,1.8565765619277952,1.9867717,2.639819860458374,1.9867717
65213172812266240,1.9867717,2.1300899982452393,2.1051694279993316,1.869009017944336,1.9867717,2.7434234619140625,1.9867717
65213172812266752,1.9867717,2.3621621131896973,2.1051694279993316,1.8814414739608765,1.9867717,2.3124325275421143,1.9867717
65214856439472640,1.9867717,1.5333333015441897,1.9867717342662448,1.284684658050537,1.9867717,1.5167567729949951,1.9867717
65216643145862144,1.9867717,1.8482882976531985,1.9867717342662448,1.9021621942520144,1.9867717,2.6232433319091797,1.9867717
652212469190268928,2.8561244,2.4616215229034424,2.8561244442423,3.1081080436706543,2.8561244,2.809729814529419,2.8561244
65222518661019520,1.9867717,1.777837872505188,2.0492180226701815,1.0484684705734253,1.9867717,1.993333339691162,1.9867717
65223515093523328,1.9867717,2.088648557662964,1.9867717342662448,1.910450458526611,1.9867717,2.1963963508605957,1.9867717
65223618172733952,1.9867717,2.2544143199920654,1.9867717342662448,1.8814414739608765,1.9867717,2.3290090560913086,1.9867717
65224442806459008,1.9867717,1.9187387228012085,1.9867717342662448,1.6037837266921997,1.9867717,2.585945844650269,1.9867717
65225611037551360,1.9867717,2.9506306648254395,1.9867717342662448,1.5250450372695925,1.9867717,3.286306381225586,1.9867717
65226092073881856,1.9867717,2.445044994354248,1.9867717342662448,1.7944144010543823,1.9867717,2.527927875518799,1.9867717
65229184450247296,1.9867717,2.486486434936523,1.9867717342662448,2.1963963508605957,1.9867717,2.445044994354248,1.9867717
65232757863112192,1.9867717,2.1963963508605957,2.1051694279993316,1.9436036348342896,1.9867717,2.291711807250977,1.9867717
65233788655261568,1.9867717,2.287567615509033,2.1051694279993316,1.8192793130874632,1.9867717,2.527927875518799,1.9867717
65237911823760640,1.9867717,0.4434234201908111,1.9867717342662448,1.993333339691162,1.9867717,0.522162139415741,1.9867717
65241313435901568,1.9867717,2.1673874855041504,1.9867717342662448,3.054234266281128,1.9867717,2.4409008026123047,1.9867717
65241863193865856,1.9867717,1.7363964319229126,1.9867717342662448,1.906306266784668,1.9867717,2.527927875518799,1.9867717
65244646332548352,1.9867717,2.179819822311402,2.1051694279993316,2.001621723175049,1.9867717,2.5362162590026855,1.9867717
65244749411766528,1.9867717,2.2668468952178955,1.9867717342662448,2.018198251724243,1.9867717,2.834594488143921,1.9867717
65245539685760640,1.9867717,1.752972960472107,1.9867717342662448,2.030630588531494,1.9867717,1.906306266784668,1.9867717
65247704349267584,1.9867717,1.313693642616272,2.1051694279993316,2.076216220855713,1.9867717,1.1023423671722412,1.9867717
65254576296865152,1.9867717,1.9518918991088867,1.9867717342662448,1.8068468570709229,1.9867717,2.1218018531799316,1.9867717
65257187636977536,1.9867717,1.632792830467224,2.1051694279993316,2.0347747802734375,1.9867717,2.005765676498413,1.9867717
65267078945207296,1.9867717,2.2668468952178955,1.9867717342662448,1.645225167274475,1.9867717,2.8387386798858643,1.9867717
65269935099961600,1.9867717,2.1218018531799316,1.9867717342662448,2.1052253246307373,1.9867717,2.088648557662964,1.9867717
65270450496044416,1.9867717,2.382882833480835,1.9867717342662448,1.723963975906372,1.9867717,2.420180082321167,1.9867717
65275020341243520,1.9867717,1.8482882976531985,2.1051694279993316,2.0596396923065186,1.9867717,2.420180082321167,1.9867717
65275089060719104,1.9867717,1.284684658050537,2.1051694279993316,2.055495500564575,1.9867717,1.4463063478469849,1.9867717
65280071222749824,1.9867717,2.2792792320251465,2.1051694279993316,1.922882914543152,1.9867717,2.9754955768585205,1.9867717
65280552259109760,1.9867717,2.7185585498809814,2.1051694279993316,1.0733333826065063,1.9867717,2.590090036392212,1.9867717
65281166437426176,1.9867717,0.6257657408714294,1.9867717342662448,1.6866666078567505,1.9867717,1.015315294265747,1.9867717
65281239453865856,1.9867717,1.6908107995986938,1.9867717342662448,1.6203603744506836,1.9867717,1.8897297382354736,1.9867717
65282098447322752,1.9867717,2.2792792320251465,1.9867717342662448,1.9353153705596924,1.9867717,3.3277478218078613,1.9867717
65284228751087872,1.9867717,0.791531503200531,2.0492180226701815,1.3344143629074097,1.9867717,0.3066666722297668,1.9867717
65284469269256704,1.9867717,2.080360412597656,1.9867717342662448,1.9974775314331057,1.9867717,1.4753153324127195,1.9867717
65285633203088768,1.9867717,2.188108205795288,2.1051694279993316,1.8565765619277952,1.9867717,2.4491891860961914,1.9867717
65289004754691200,1.9867717,1.9436036348342896,1.9867717342662448,2.0969369411468506,1.9867717,2.1176576614379883,1.9867717
65289279632598016,1.9867717,1.960180163383484,2.1051694279993316,1.1023423671722412,1.9867717,0.4517117142677307,1.9867717
65289588870240384,1.9867717,1.7032432556152344,1.9867717342662448,1.893873929977417,1.9867717,1.8109910488128664,1.9867717
65289623229979136,1.9867717,1.1520720720291138,1.9867717342662448,1.81513512134552,1.9867717,1.2805405855178833,1.9867717
65293368441513344,1.9867717,1.7985585927963257,2.1051694279993316,1.715675711631775,1.9867717,2.0927927494049072,1.9867717
65296357738731008,1.9867717,3.116396427154541,1.9867717342662448,1.8275675773620603,1.9867717,3.050090074539185,1.9867717
65297594689312768,1.9867717,1.8814414739608765,1.9867717342662448,1.9891891479492188,1.9867717,2.395315408706665,1.9867717
65298483745290368,1.9867717,1.8234233856201172,1.9867717342662448,0.978018045425415,1.9867717,0.4890090227127075,1.9867717
65299381395665664,1.9867717,2.237837791442871,2.1051694279993316,1.9477477073669431,1.9867717,2.701982021331787,1.9867717
652996141805564288,2.8561244,2.457477569580078,2.8561244442423,2.772432327270508,2.8561244,2.8055856227874756,2.8561244
65299965511216384,1.9867717,1.914594650268555,2.1051694279993316,1.9187387228012085,1.9867717,2.179819822311402,1.9867717
653021709747963520,2.8561244,2.4409008026123047,2.8561244442423,2.569369316101074,2.8561244,2.208828926086426,2.8561244
65419434321982464,1.9867717,1.7073873281478882,1.9867717342662448,1.893873929977417,1.9867717,1.5499099493026731,1.9867717
65467778474649856,1.9867717,2.3994593620300293,2.1051694279993316,1.9021621942520144,1.9867717,2.747567653656006,1.9867717
65471729844532864,1.9867717,2.1093692779541016,2.1051694279993316,1.5789189338684082,1.9867717,1.6286486387252808,1.9867717
65486951208575488,1.9867717,1.960180163383484,1.9867717342662448,1.9643243551254272,1.9867717,3.273873805999756,1.9867717
65502206932420224,2.8893018,2.275135040283203,2.88930170250631,1.4628828763961792,2.8893018,2.5735135078430176,2.8893018
65506467539939584,1.9867717,1.9891891479492188,1.9867717342662448,1.9809008836746216,1.9867717,2.478198289871216,1.9867717
65588484235454592,1.9867717,1.8980180025100708,1.9867717342662448,1.1893693208694458,1.9867717,2.333153247833252,1.9867717
65671634801986048,1.9867717,1.7944144010543823,1.9867717342662448,1.976756811141968,1.9867717,1.869009017944336,1.9867717
65673593307063552,1.9867717,0.9365766048431396,2.0492180226701815,1.8358558416366575,1.9867717,1.123063087463379,1.9867717
65674383581036800,1.9867717,1.8482882976531985,1.9867717342662448,1.993333339691162,1.9867717,2.030630588531494,1.9867717
65675895409522048,1.9867717,2.262702703475952,1.9867717342662448,2.101081132888794,1.9867717,2.138378381729126,1.9867717
65677098000371712,1.9867717,2.179819822311402,2.1051694279993316,1.976756811141968,1.9867717,3.273873805999756,1.9867717
65677372878285312,1.9867717,2.5030629634857178,1.9867717342662448,2.250270366668701,1.9867717,2.1093692779541016,1.9867717
65680499614460800,1.9867717,0.7418017983436584,1.9867717342662448,1.9436036348342896,1.9867717,0.8992792963981628,1.9867717
65701527774387840,1.9867717,2.171531438827514,1.9867717342662448,1.5167567729949951,1.9867717,2.2212612628936768,1.9867717
65712488530853120,1.9867717,1.8731532096862793,1.9867717342662448,1.123063087463379,1.9867717,1.4628828763961792,1.9867717
65717814290369920,1.9867717,2.188108205795288,1.9867717342662448,1.910450458526611,1.9867717,2.4533333778381348,1.9867717
65750627840192256,1.9867717,1.7446846961975098,1.9867717342662448,0.7500900626182556,1.9867717,2.2668468952178955,1.9867717
65768151306811904,1.9867717,1.3799999952316284,2.1051694279993316,1.7944144010543823,1.9867717,1.7363964319229126,1.9867717
657708824736752896,2.8561244,2.8636035919189453,2.8561244442423,3.045945882797241,2.8561244,3.008648633956909,2.8561244
65775195052996608,1.9867717,1.632792830467224,2.1051694279993316,2.051351308822632,1.9867717,1.9394594430923464,1.9867717
65779971056668032,1.9867717,2.445044994354248,1.9867717342662448,1.094054102897644,1.9867717,2.395315408706665,1.9867717
65781345446197504,1.9867717,2.0472071170806885,1.9867717342662448,2.043063163757324,1.9867717,2.3414413928985596,1.9867717
65783029073414144,1.9867717,1.9809008836746216,2.0492180226701815,1.9353153705596924,1.9867717,2.3041441440582275,1.9867717
65787289680918528,1.9867717,2.6066665649414062,2.1051694279993316,2.3414413928985596,1.9867717,3.0956757068634033,1.9867717
65800930496992512,1.9867717,2.171531438827514,1.9867717342662448,0.953153133392334,1.9867717,1.6659458875656128,1.9867717
658033215026842368,2.8561244,2.896756649017334,2.8561244442423,2.8760359287261963,2.8561244,2.958918809890747,2.8561244
65807218329068544,1.9867717,2.1673874855041504,1.9867717342662448,2.0347747802734375,1.9867717,2.49477481842041,1.9867717
65819965792011904,1.9867717,2.287567615509033,2.1051694279993316,1.1437838077545166,1.9867717,2.6605405807495117,1.9867717
65823676643738368,1.9867717,2.2171170711517334,2.1051694279993316,1.8565765619277952,1.9867717,2.590090036392212,1.9867717
65830548591559936,1.9867717,2.677117109298706,1.9867717342662448,1.9974775314331057,1.9867717,3.0625224113464355,1.9867717
658436014239681536,2.8561244,2.8926126956939697,2.8561244442423,1.4255856275558472,2.8561244,2.8884685039520264,2.8561244
65844361206181376,1.9867717,1.7861261367797852,2.0492180226701815,1.7405405044555664,1.9867717,2.038918972015381,1.9867717
658445218353519488,2.8561244,2.9050450325012207,2.8561244442423,2.75171160697937,2.8561244,2.5610811710357666,2.8561244
65864427293364864,1.9867717,1.7281081676483154,2.1051694279993316,2.0845046043395996,1.9867717,1.8524324893951416,1.9867717
658776313088864896,2.8561244,2.859459400177002,2.8561244442423,3.3318917751312256,2.8561244,2.5942342281341553,2.8561244
659253638574908672,2.8561244,1.931171178817749,2.8561244442423,2.8677477836608887,2.8561244,2.275135040283203,2.8561244
659285833649720064,2.8561244,1.6700900793075562,2.8561244442423,3.423063039779663,2.8561244,1.869009017944336,2.8561244
659321499058103424,2.8561244,2.6481080055236816,2.8561244442423,3.16198205947876,2.8561244,2.432612657546997,2.8561244
659329126920001408,2.8561244,2.9009008407592773,2.8561244442423,2.0099098682403564,2.8561244,2.0099098682403564,2.8561244
659370461684793216,2.8561244,2.519639730453491,2.8561244442423,2.001621723175049,2.8561244,3.1702702045440674,2.8561244
659388466187693440,2.8561244,2.697837829589844,2.8561244442423,3.178558588027954,2.8561244,2.967207193374634,2.8561244
659411796450014464,2.8561244,1.6535135507583618,2.8561244442423,1.81513512134552,2.8561244,1.960180163383484,2.8561244
659415129344636544,2.8561244,2.652252197265625,2.8561244442423,2.0223424434661865,2.8561244,2.507207155227661,2.8561244
659436153207801344,2.8561244,1.8855855464935305,2.8561244442423,2.784864902496338,2.8561244,2.6232433319091797,2.8561244
659439078082230016,2.8561244,2.2336935997009277,2.8561244442423,2.859459400177002,2.8561244,2.0347747802734375,2.8561244
659472235229782912,2.8561244,2.2336935997009277,2.8561244442423,2.759999990463257,2.8561244,1.636936902999878,2.8561244
659488349947010176,2.8561244,1.7736936807632446,2.8561244442423,1.607927918434143,2.8561244,2.067927837371826,2.8561244
659489518178180864,2.8561244,1.6949549913406372,2.8561244442423,2.9133334159851074,2.8561244,1.085765719413757,2.8561244
659532399131904768,2.8561244,2.490630626678467,2.8561244442423,1.993333339691162,2.8561244,1.7115315198898315,2.8561244
659661213791017600,2.8561244,2.3787386417388916,2.8561244442423,2.8180179595947266,2.8561244,2.9299099445343018,2.8561244
659665096441437184,2.8561244,2.262702703475952,2.8561244442423,3.1329729557037354,2.8561244,1.8192793130874632,2.8561244
659674614089017984,2.8561244,3.215855836868286,2.8561244442423,1.9394594430923464,2.8561244,2.1052253246307373,2.8561244
659680072990872704,2.8561244,2.5362162590026855,2.8129133566428557,1.1479278802871704,2.8561244,2.3745946884155273,2.8561244
659687498990893056,2.8561244,1.6700900793075562,2.8561244442423,3.43135142326355,2.8561244,0.7625225186347961,2.8561244
659696982278606080,2.8561244,2.21297287940979,2.8561244442423,1.3551350831985474,2.8561244,2.4284684658050537,2.8561244
659713303154300288,2.8561244,2.6605405807495117,2.8129133566428557,1.4131531715393066,2.8561244,2.75171160697937,2.8561244
659714024708794240,2.8561244,2.801441431045532,2.8561244442423,2.946486473083496,2.8561244,2.101081132888794,2.8561244
659716601689157760,2.8561244,2.287567615509033,2.8561244442423,2.677117109298706,2.8561244,2.884324312210083,2.8561244
659755630055476992,2.8561244,1.7073873281478882,2.8561244442423,1.6535135507583618,2.8561244,1.2266666889190674,2.8561244
659758967246506880,2.8561244,1.1354955434799194,2.8561244442423,3.3526124954223633,2.8561244,0.4641441404819488,2.8561244
659765220718853504,2.8561244,2.9133334159851074,2.8561244442423,2.7931530475616455,2.8561244,2.5362162590026855,2.8561244
659765598675979904,2.8561244,2.469909906387329,2.8561244442423,2.48234224319458,2.8561244,2.5486485958099365,2.8561244
659766114072052608,2.8561244,1.5126125812530518,2.8561244442423,3.029369354248047,2.8561244,0.7335135340690613,2.8561244
659770340319909760,2.8561244,3.0625224113464355,2.8561244442423,3.617837905883789,2.8561244,2.2046847343444824,2.8561244
659772195745778688,2.8561244,2.747567653656006,2.8561244442423,2.1218018531799316,2.8561244,2.4657657146453857,2.8561244
659774394768991744,2.8561244,2.018198251724243,2.8561244442423,2.080360412597656,2.8561244,1.0526126623153689,2.8561244
660066349465717504,2.8561244,2.55279278755188,2.8561244442423,1.520900845527649,2.8561244,3.0998198986053467,2.8561244
660118473188717824,2.8561244,2.544504404067993,2.8561244442423,2.6439640522003174,2.8561244,2.469909906387329,2.8561244
660134446170679040,2.8561244,2.585945844650269,2.8561244442423,2.9299099445343018,2.8561244,2.759999990463257,2.8561244
660158674082552320,2.8561244,2.382882833480835,2.8129133566428557,1.2100900411605835,2.8561244,2.75171160697937,2.8561244
660194820527281792,2.8561244,2.7102701663970947,2.8561244442423,2.585945844650269,2.8561244,3.0873873233795166,2.8561244
660225916090501376,2.8561244,1.4463063478469849,2.8561244442423,1.7073873281478882,2.8561244,1.0526126623153689,2.8561244
660295357121694080,2.8561244,2.577657699584961,2.8561244442423,3.423063039779663,2.8561244,2.996216297149658,2.8561244
660298621296880256,2.8561244,2.772432327270508,2.8561244442423,1.044324278831482,2.8561244,2.697837829589844,2.8561244
660700561516668288,2.8561244,2.585945844650269,2.8561244442423,2.519639730453491,2.8561244,3.4064865112304688,2.8561244
660751581432060800,2.8561244,2.150810718536377,2.8129133566428557,2.9879279136657715,2.8561244,3.883063077926636,2.8561244
660878991637884672,2.8561244,3.273873805999756,2.8561244442423,3.709008932113647,2.8561244,3.373333215713501,2.8561244
660913179577777152,2.8561244,0.1864864826202392,2.8561244442423,2.0223424434661865,2.8561244,3.16198205947876,2.8561244
660939258619177984,2.8561244,2.697837829589844,2.8129133566428557,2.507207155227661,2.8561244,2.598378419876098,2.8561244
660962863759344768,2.8561244,1.5291892290115356,2.8561244442423,2.809729814529419,2.8561244,1.069189190864563,2.8561244
660981349298550272,2.8561244,2.884324312210083,2.8129133566428557,2.4367568492889404,2.8561244,2.967207193374634,2.8561244
660995230632845184,2.8561244,1.5001801252365112,2.8561244442423,0.7127928137779236,2.8561244,1.6908107995986938,2.8561244
661001243587055616,2.8561244,2.82216215133667,2.8129133566428557,2.038918972015381,2.8561244,2.4740540981292725,2.8561244
661004713920630656,2.8561244,2.4491891860961914,2.8129133566428557,1.0028828382492063,2.8561244,2.208828926086426,2.8561244
661006019590629760,2.8561244,2.9506306648254395,2.8129133566428557,1.483603596687317,2.8561244,3.1122522354125977,2.8561244
661031480156796544,2.8561244,2.759999990463257,2.8561244442423,3.041801691055298,2.8561244,2.067927837371826,2.8561244
661049862616788992,2.8561244,2.9796395301818848,2.8561244442423,2.9009008407592773,2.8561244,3.311171054840088,2.8561244
661079652509975936,2.8561244,2.527927875518799,2.8561244442423,3.141261339187622,2.8561244,2.4118919372558594,2.8561244
661111538347104512,2.8561244,1.607927918434143,2.8561244442423,3.016937017440796,2.8561244,2.308288335800171,2.8561244
661137789187132288,2.8561244,2.9506306648254395,2.8129133566428557,1.015315294265747,2.8561244,2.3745946884155273,2.8561244
661142393392058752,2.8561244,2.358017921447754,2.8561244442423,0.8495495319366455,2.8561244,2.8263063430786133,2.8561244
661150124333238656,2.8561244,3.0832431316375732,2.8561244442423,2.9423422813415527,2.8561244,3.0127928256988525,2.8561244
661154522379748480,2.8561244,2.1963963508605957,2.8129133566428557,1.6576576232910156,2.8561244,1.7944144010543823,2.8561244
661189706753828608,2.8561244,2.801441431045532,2.8129133566428557,1.363423466682434,2.8561244,2.299999952316284,2.8561244
661190153430426880,2.8561244,1.1976577043533323,2.8561244442423,1.400720715522766,2.8561244,0.4807207286357879,2.8561244
661207024061875456,2.8561244,2.2171170711517334,2.8561244442423,2.9050450325012207,2.8561244,2.358017921447754,2.8561244
661210734913600000,2.8561244,1.6162161827087402,2.8561244442423,1.6659458875656128,2.8561244,1.632792830467224,2.8561244
661211727047722752,2.8561244,2.759999990463257,2.8561244442423,2.735135078430176,2.8561244,1.8565765619277952,2.8561244
661212933936844416,2.8561244,1.9021621942520144,2.8561244442423,3.481081008911133,2.8561244,1.6908107995986938,2.8561244
661216743570426240,2.8561244,1.8814414739608765,2.8561244442423,2.5486485958099365,2.8561244,1.1189188957214355,2.8561244
661219290488437632,2.8561244,1.877297282218933,2.8129133566428557,0.915855884552002,2.8561244,2.101081132888794,2.8561244
661220969817342848,2.8561244,1.508468508720398,2.8561244442423,1.906306266784668,2.8561244,1.239099144935608,2.8561244
661221828810801408,2.8561244,2.6481080055236816,2.8561244442423,2.6854054927825928,2.8561244,3.278017997741699,2.8561244
661233137463057152,2.8561244,3.4064865112304688,2.8561244442423,1.6700900793075562,2.8561244,2.299999952316284,2.8561244
661239390935360512,2.8561244,1.5623422861099243,2.8561244442423,2.8926126956939697,2.8561244,2.8884685039520264,2.8561244
661239390935361024,2.8561244,2.3041441440582275,2.8129133566428557,2.7931530475616455,2.8561244,1.1562162637710571,2.8561244
661243273585807872,2.8561244,2.847027063369751,2.8561244442423,2.954774856567383,2.8561244,3.3526124954223633,2.8561244
661244270018200192,2.8561244,1.7281081676483154,2.8561244442423,2.577657699584961,2.8561244,1.8482882976531985,2.8561244
661246022364851072,2.8561244,1.3882882595062256,2.8561244442423,1.7405405044555664,2.8561244,1.2929729223251345,2.8561244
661247671632285312,2.8561244,3.286306381225586,2.8561244442423,2.813873767852783,2.8561244,3.4023423194885254,2.8561244
661251966599576576,2.8561244,2.8180179595947266,2.8561244442423,2.954774856567383,2.8561244,3.1454052925109863,2.8561244
661253027453650432,2.8561244,2.9754955768585205,2.8129133566428557,3.029369354248047,2.8561244,2.934054136276245,2.8561244
661253272269624576,2.8561244,1.7654054164886477,2.8129133566428557,1.8109910488128664,2.8561244,3.920360326766968,2.8561244
661253478428045568,2.8561244,1.5913513898849487,2.8561244442423,3.1578378677368164,2.8561244,2.0099098682403564,2.8561244
661258872906952320,2.8561244,1.7322522401809692,2.8561244442423,2.847027063369751,2.8561244,1.1810810565948486,2.8561244
661259525741991808,2.8561244,2.4367568492889404,2.8129133566428557,2.150810718536377,2.8561244,2.113513469696045,2.8561244
661264439184662016,2.8561244,2.565225124359131,2.8561244442423,3.0749549865722656,2.8561244,2.469909906387329,2.8561244
661267325402674048,2.8561244,2.4409008026123047,2.8561244442423,1.607927918434143,2.8561244,2.0099098682403564,2.8561244
661268940310277888,2.8561244,1.5789189338684082,2.8561244442423,2.287567615509033,2.8561244,1.3219820261001587,2.8561244
661269043386545536,2.8561244,2.921621561050415,2.8561244442423,2.9506306648254395,2.8561244,2.726846933364868,2.8561244
661277461525418752,2.8561244,1.9187387228012085,2.8561244442423,2.921621561050415,2.8561244,1.6037837266921997,2.8561244
661277908202012672,2.8561244,2.577657699584961,2.8561244442423,1.8109910488128664,2.8561244,2.48234224319458,2.8561244
661279042073291776,2.8561244,2.6688287258148193,2.8561244442423,3.029369354248047,2.8561244,2.445044994354248,2.8561244
661282031370596608,2.8561244,2.8677477836608887,2.8561244442423,2.8304505348205566,2.8561244,3.3443243503570557,2.8561244
661292511090872960,2.8561244,2.1300899982452393,2.8561244442423,2.9299099445343018,2.8561244,1.9518918991088867,2.8561244
661293812462666240,2.8561244,2.652252197265625,2.8561244442423,2.958918809890747,2.8561244,2.7682883739471436,2.8561244
661294705815866240,2.8561244,3.029369354248047,2.8561244442423,2.8428828716278076,2.8561244,2.75171160697937,2.8561244
661295324291154816,2.8561244,1.6410810947418213,2.8561244442423,2.627387285232544,2.8561244,2.5362162590026855,2.8561244
661295672186702336,2.8561244,2.639819860458374,2.8561244442423,1.3799999952316284,2.8561244,3.5100901126861572,2.8561244
661296290661998208,2.8561244,3.128828763961792,2.8561244442423,1.317837834358215,2.8561244,2.4533333778381348,2.8561244
661300993647979776,2.8561244,2.3787386417388916,2.8561244442423,2.8428828716278076,2.8561244,1.5043243169784546,2.8561244
661305838371084288,2.8561244,0.6174774765968323,2.8561244442423,1.761261224746704,2.8561244,1.6162161827087402,2.8561244
661311443306610688,2.8561244,1.031891942024231,2.8561244442423,2.6812613010406494,2.8561244,3.041801691055298,2.8561244
661311752544249088,2.8561244,2.175675630569458,2.8561244442423,2.48234224319458,2.8561244,1.9436036348342896,2.8561244
661314570042801280,2.8561244,2.8055856227874756,2.8561244442423,3.02108097076416,2.8561244,2.4243242740631104,2.8561244
661314638762274176,2.8561244,2.7682883739471436,2.8561244442423,2.8801801204681396,2.8561244,3.410630702972412,2.8561244
661315837054947840,2.8561244,3.0127928256988525,2.8561244442423,3.692432403564453,2.8561244,2.9050450325012207,2.8561244
661319483485360000,2.8561244,2.0845046043395996,2.8561244442423,3.0832431316375732,2.8561244,1.6949549913406372,2.8561244
661319547906688896,2.8561244,1.8524324893951416,2.8561244442423,2.834594488143921,2.8561244,1.570630669593811,2.8561244
661320067600915328,2.8561244,2.652252197265625,2.8129133566428557,2.9754955768585205,2.8561244,2.6232433319091797,2.8561244
661321304551503616,2.8561244,2.958918809890747,2.8129133566428557,3.522522449493408,2.8561244,1.5333333015441897,2.8561244
661325187202016512,2.8561244,2.5030629634857178,2.8561244442423,2.067927837371826,2.8561244,2.320720672607422,2.8561244
661325908755275648,2.8561244,2.250270366668701,2.8561244442423,2.8553152084350586,2.8561244,2.1425225734710693,2.8561244
661326011834490496,2.8561244,2.8511712551116943,2.8129133566428557,3.09153151512146,2.8561244,2.320720672607422,2.8561244
661331028356266752,2.8561244,3.02108097076416,2.8129133566428557,1.9477477073669431,2.8561244,2.4118919372558594,2.8561244
661337247468928768,2.8561244,2.954774856567383,2.8561244442423,2.9257657527923584,2.8561244,3.166126012802124,2.8561244
661342710667273856,2.8561244,3.0708107948303223,2.8561244442423,2.992072105407715,2.8561244,2.171531438827514,2.8561244
661353224747228544,2.8561244,2.590090036392212,2.8561244442423,1.1645045280456543,2.8561244,2.735135078430176,2.8561244
661358241268943616,2.8561244,2.3911712169647217,2.8561244442423,1.27639639377594,2.8561244,2.490630626678467,2.8561244
661360268493494528,2.8561244,2.540360450744629,2.8561244442423,2.5942342281341553,2.8561244,2.772432327270508,2.8561244
661391157898332160,2.8561244,2.5942342281341553,2.8561244442423,3.041801691055298,2.8561244,2.457477569580078,2.8561244
661401122222444288,2.8561244,1.3799999952316284,2.8561244442423,2.9133334159851074,2.8561244,2.038918972015381,2.8561244
661401225301656192,2.8561244,2.420180082321167,2.8561244442423,2.9754955768585205,2.8561244,3.0873873233795166,2.8561244
661401431460014976,2.8561244,2.5237836837768555,2.8561244442423,2.9299099445343018,2.8561244,2.2171170711517334,2.8561244
661402084295115904,2.8561244,2.4409008026123047,2.8561244442423,1.098198175430298,2.8561244,2.1549549102783203,2.8561244
661407375694800000,2.8561244,3.4520721435546875,2.8561244442423,2.49477481842041,2.8561244,2.8760359287261963,2.8561244
661408818803811200,2.8561244,2.237837791442871,2.8561244442423,2.614954948425293,2.8561244,3.02108097076416,2.8561244
661410360695218048,2.8561244,2.4243242740631104,2.8561244442423,1.8565765619277952,2.8561244,2.639819860458374,2.8561244
661412495295816960,2.8561244,3.236576557159424,2.8561244442423,0.8329729437828064,2.8561244,3.4189188480377197,2.8561244
661413800965826688,2.8561244,2.639819860458374,2.8561244442423,1.031891942024231,2.8561244,2.5610811710357666,2.8561244
661422837576998784,2.8561244,1.893873929977417,2.8561244442423,2.921621561050415,2.8561244,3.704864978790283,2.8561244
661438913637806208,2.8561244,2.540360450744629,2.8561244442423,3.5515315532684326,2.8561244,2.067927837371826,2.8561244
661458365546507776,2.8561244,1.7322522401809692,2.8561244442423,2.8387386798858643,2.8561244,1.7405405044555664,2.8561244
661459774295767936,2.8561244,2.6812613010406494,2.8561244442423,2.030630588531494,2.8561244,2.8180179595947266,2.8561244
661459774295768960,2.8561244,3.4976577758789062,2.8561244442423,2.018198251724243,2.8561244,2.909189224243164,2.8561244
661460083533415040,2.8561244,3.4064865112304688,2.8561244442423,2.9879279136657715,2.8561244,2.6688287258148193,2.8561244
661470460174102144,2.8561244,2.0140540599823,2.8561244442423,2.847027063369751,2.8561244,1.9809008836746216,2.8561244
661528184534528896,2.8561244,3.278017997741699,2.8561244442423,3.041801691055298,2.8561244,3.36090087890625,2.8561244
66161020555461120,1.9867717,2.270991086959839,1.9867717342662448,1.922882914543152,1.9867717,3.323603630065918,1.9867717
661767293953914240,2.8561244,2.1218018531799316,2.8561244442423,2.884324312210083,2.8561244,2.067927837371826,2.8561244
661829588159547392,2.8561244,2.747567653656006,2.8561244442423,2.954774856567383,2.8561244,2.49477481842041,2.8561244
662632540886348928,2.8561244,3.2324323654174805,2.8561244442423,2.6729729175567627,2.8561244,3.5100901126861572,2.8561244
662632987562951808,2.8561244,2.714414358139038,2.8561244442423,3.1122522354125977,2.8561244,2.3870270252227783,2.8561244
662633743477189632,2.8561244,3.1951351165771484,2.8561244442423,3.862342357635498,2.8561244,2.983783721923828,2.8561244
662677758301970688,2.8561244,2.9133334159851074,2.8561244442423,1.2515314817428589,2.8561244,2.7309908866882324,2.8561244
662776439470251136,2.8561244,2.275135040283203,2.8129133566428557,1.4711711406707764,2.8561244,2.018198251724243,2.8561244
662797806930496256,2.8561244,2.457477569580078,2.8561244442423,2.7931530475616455,2.8561244,3.166126012802124,2.8561244
662800456927247744,2.8561244,2.5486485958099365,2.8561244442423,2.909189224243164,2.8561244,3.153693675994873,2.8561244
66280248847432192,1.9867717,2.7102701663970947,1.9867717342662448,1.9974775314331057,1.9867717,3.5390992164611816,1.9867717
662811653905586176,2.8561244,2.532072067260742,2.8561244442423,2.7434234619140625,2.8561244,2.739279270172119,2.8561244
66289044940711168,1.9867717,1.632792830467224,2.1051694279993316,1.9643243551254272,1.9867717,1.869009017944336,1.9867717
662925629454594944,2.8561244,2.179819822311402,2.8561244442423,2.8387386798858643,2.8561244,2.188108205795288,2.8561244
662932260884134272,2.8561244,2.051351308822632,2.8561244442423,3.02108097076416,2.8561244,2.262702703475952,2.8561244
663002663987903872,2.8561244,3.3194594383239746,2.8561244442423,2.9423422813415527,2.8561244,3.323603630065918,2.8561244
663055818503513088,2.8561244,3.153693675994873,2.8561244442423,2.6936936378479004,2.8561244,2.82216215133667,2.8561244
663140171661012480,2.8561244,1.9477477073669431,2.8129133566428557,1.922882914543152,2.8561244,1.2971171140670776,2.8561244
663782904926907392,2.8561244,2.967207193374634,2.8561244442423,2.9133334159851074,2.8561244,2.909189224243164,2.8561244
663991846495546496,2.8561244,3.1329729557037354,2.8561244442423,3.2075674533843994,2.8561244,2.7434234619140625,2.8561244
664281018054115968,2.8561244,2.8884685039520264,2.8561244442423,2.726846933364868,2.8561244,1.9436036348342896,2.8561244
664281396011231744,2.8561244,1.5581982135772705,2.8129133566428557,1.914594650268555,2.8561244,1.4960360527038574,2.8561244
664281494793527936,2.8561244,0.6009008884429932,2.8561244442423,1.8109910488128664,2.8561244,1.3261260986328125,2.8561244
664286446892777472,2.8561244,2.577657699584961,2.8561244442423,1.0194594860076904,2.8561244,2.664684772491455,2.8561244
664290948018472064,2.8561244,3.004504442214966,2.8561244442423,3.1122522354125977,2.8561244,2.188108205795288,2.8561244
66429232674604544,1.9867717,1.893873929977417,1.9867717342662448,2.038918972015381,1.9867717,2.0347747802734375,1.9867717
664293387559886464,2.8561244,3.050090074539185,2.8561244442423,2.921621561050415,2.8561244,3.166126012802124,2.8561244
664297064051880832,2.8561244,2.813873767852783,2.8561244442423,2.801441431045532,2.8561244,4.036396503448486,2.8561244
664302424170984576,2.8561244,2.697837829589844,2.8561244442423,2.8801801204681396,2.8561244,2.515495538711548,2.8561244
664309296118640128,2.8561244,2.445044994354248,2.8129133566428557,1.81513512134552,2.8561244,2.847027063369751,2.8561244
664310601788795392,2.8561244,2.6108107566833496,2.8561244442423,2.026486396789551,2.8561244,2.4409008026123047,2.8561244
664311392062657920,2.8561244,1.976756811141968,2.8561244442423,3.045945882797241,2.8561244,2.82216215133667,2.8561244
664319329162317568,2.8561244,2.5030629634857178,2.8129133566428557,1.8027026653289795,2.8561244,2.2792792320251465,2.8561244
664325170317925120,2.8561244,1.3841441869735718,2.8129133566428557,1.2266666889190674,2.8561244,1.6162161827087402,2.8561244
664343896375336320,2.8561244,2.896756649017334,2.8561244442423,2.0347747802734375,2.8561244,3.116396427154541,2.8561244
664344274332354304,2.8561244,2.6605405807495117,2.8561244442423,2.063783884048462,2.8561244,2.295855760574341,2.8561244
664344824088164352,2.8561244,1.723963975906372,2.8561244442423,3.1702702045440674,2.8561244,3.447927951812744,2.8561244
664352761187716352,2.8561244,2.8180179595947266,2.8561244442423,2.9796395301818848,2.8561244,3.3899099826812744,2.8561244
664353860699329920,2.8561244,2.871891975402832,2.8561244442423,2.689549446105957,2.8561244,3.1744143962860107,2.8561244
664359942372888448,2.8561244,2.250270366668701,2.8129133566428557,1.284684658050537,2.8561244,3.3526124954223633,2.8561244
664366779961036288,2.8561244,1.6742342710494995,2.8561244442423,3.054234266281128,2.8561244,2.150810718536377,2.8561244
664379974100333568,2.8561244,2.8760359287261963,2.8129133566428557,2.1549549102783203,2.8561244,2.4367568492889404,2.8561244
664380111539399552,2.8561244,2.0845046043395996,2.8561244442423,2.8553152084350586,2.8561244,2.038918972015381,2.8561244
664387808120781440,2.8561244,2.101081132888794,2.8561244442423,2.8180179595947266,2.8561244,1.5747747421264648,2.8561244
664401960036152960,2.8561244,2.507207155227661,2.8561244442423,2.8511712551116943,2.8561244,2.2336935997009277,2.8561244
664401964332947584,2.8561244,2.3787386417388916,2.8561244442423,2.3870270252227783,2.8561244,1.2639639377593994,2.8561244
664402170491377920,2.8561244,2.4491891860961914,2.8561244442423,1.131351351737976,2.8561244,3.663423538208008,2.8561244
664403991557398784,2.8561244,2.614954948425293,2.8561244442423,2.9423422813415527,2.8561244,2.2046847343444824,2.8561244
664407427531262464,2.8561244,2.8387386798858643,2.8129133566428557,3.0252251625061035,2.8561244,3.054234266281128,2.8561244
664409175581692288,2.8561244,2.6812613010406494,2.8561244442423,2.75171160697937,2.8561244,3.385765790939331,2.8561244
664419556518886272,2.8561244,2.9009008407592773,2.8129133566428557,1.2681081295013428,2.8561244,2.051351308822632,2.8561244
664422683254834304,2.8561244,2.486486434936523,2.8561244442423,2.7931530475616455,2.8561244,2.6936936378479004,2.8561244
664437286143573760,2.8561244,2.0845046043395996,2.8561244442423,2.7641441822052,2.8561244,1.2971171140670776,2.8561244
664437320503310336,2.8561244,3.29045033454895,2.8561244442423,2.946486473083496,2.8561244,3.066666603088379,2.8561244
664438248216250880,2.8561244,2.847027063369751,2.8561244442423,2.726846933364868,2.8561244,2.6688287258148193,2.8561244
664444914005442304,2.8561244,2.9796395301818848,2.8561244442423,2.954774856567383,2.8561244,1.8565765619277952,2.8561244
664446666352164224,2.8561244,2.82216215133667,2.8129133566428557,2.0347747802734375,2.8561244,2.8926126956939697,2.8561244
664446700711823616,2.8561244,2.7309908866882324,2.8129133566428557,3.398198127746582,2.8561244,2.2295496463775635,2.8561244
664453778817920256,2.8561244,1.752972960472107,2.8129133566428557,1.9021621942520144,2.8561244,2.8884685039520264,2.8561244
664455118847781760,2.8561244,2.7558557987213135,2.8561244442423,2.954774856567383,2.8561244,3.02108097076416,2.8561244
664456733755404928,2.8561244,2.3994593620300293,2.8129133566428557,1.0236035585403442,2.8561244,2.150810718536377,2.8561244
664463502623929088,2.8561244,2.639819860458374,2.8561244442423,2.9630630016326904,2.8561244,2.0720720291137695,2.8561244
664477968073854720,2.8561244,2.486486434936523,2.8129133566428557,1.599639654159546,2.8561244,3.0252251625061035,2.8561244
664495457180572288,2.8561244,2.921621561050415,2.8561244442423,1.0236035585403442,2.8561244,3.045945882797241,2.8561244
664497209527231872,2.8561244,1.4960360527038574,2.8561244442423,2.8180179595947266,2.8561244,2.1052253246307373,2.8561244
664506173122311936,2.8561244,2.3290090560913086,2.8561244442423,2.784864902496338,2.8561244,1.910450458526611,2.8561244
664513049366544256,2.8561244,2.847027063369751,2.8561244442423,2.9754955768585205,2.8561244,3.0956757068634033,2.8561244
664513594826132480,2.8561244,2.5486485958099365,2.8561244442423,1.015315294265747,2.8561244,2.577657699584961,2.8561244
66451497784867712,1.9867717,2.1466667652130127,1.9867717342662448,1.9518918991088867,1.9867717,2.8511712551116943,1.9867717
66452047540860160,1.9867717,2.250270366668701,1.9867717342662448,2.001621723175049,1.9867717,2.370450496673584,1.9867717
66452734735432192,1.9867717,2.21297287940979,1.9867717342662448,1.9353153705596924,1.9867717,2.515495538711548,1.9867717
66452769091505024,1.9867717,3.045945882797241,2.1051694279993316,2.457477569580078,1.9867717,2.677117109298706,1.9867717
664573793087543936,2.8561244,2.871891975402832,2.8561244442423,2.043063163757324,2.8561244,2.0720720291137695,2.8561244
664586476127906560,2.8561244,2.9630630016326904,2.8561244442423,1.3427027463912964,2.8561244,2.6108107566833496,2.8561244
664591595728990336,2.8561244,3.016937017440796,2.8561244442423,3.2821621894836426,2.8561244,2.8760359287261963,2.8561244
664594585026149504,2.8561244,2.9133334159851074,2.8561244442423,1.8275675773620603,2.8561244,2.6439640522003174,2.8561244
664600804138934400,2.8561244,2.258558511734009,2.8561244442423,2.8055856227874756,2.8561244,2.22540545463562,2.8561244
664600907218072064,2.8561244,2.8304505348205566,2.8561244442423,2.8263063430786133,2.8561244,3.16198205947876,2.8561244
664605270904832768,2.8561244,2.8636035919189453,2.8129133566428557,3.16198205947876,2.8561244,3.1122522354125977,2.8561244
664608638159278080,2.8561244,2.9009008407592773,2.8561244442423,3.253153085708618,2.8561244,2.896756649017334,2.8561244
664625302630788608,2.8561244,2.063783884048462,2.8561244442423,0.2610810697078705,2.8561244,1.960180163383484,2.8561244
66462939577861248,1.9867717,2.532072067260742,2.1051694279993316,1.4628828763961792,1.9867717,2.076216220855713,1.9867717
664634820279791488,2.8561244,2.759999990463257,2.8561244442423,2.0596396923065186,2.8561244,2.747567653656006,2.8561244
664641348629985280,2.8561244,2.8263063430786133,2.8561244442423,2.776576519012451,2.8561244,3.0252251625061035,2.8561244
664683130072400384,2.8561244,2.6563963890075684,2.8561244442423,3.153693675994873,2.8561244,3.045945882797241,2.8561244
66471220274934272,1.9867717,2.590090036392212,2.1051694279993316,2.590090036392212,1.9867717,3.224144220352173,1.9867717
66480944080770176,1.9867717,2.3124325275421143,2.1051694279993316,2.395315408706665,1.9867717,2.345585584640503,1.9867717
66482868226100096,1.9867717,2.291711807250977,1.9867717342662448,1.1893693208694458,1.9867717,2.859459400177002,1.9867717
664845308036464256,2.8561244,1.6162161827087402,2.8561244442423,2.1300899982452393,2.8561244,1.960180163383484,2.8561244
66485582645439104,1.9867717,2.1590991020202637,2.1051694279993316,2.005765676498413,1.9867717,2.726846933364868,1.9867717
66489259137570816,1.9867717,2.0472071170806885,1.9867717342662448,1.301261305809021,1.9867717,1.976756811141968,1.9867717
664914164952043008,2.8561244,2.6688287258148193,2.8561244442423,1.0816216468811035,2.8561244,2.3787386417388916,2.8561244
664963024499946496,2.8561244,1.8648648262023928,2.8561244442423,3.1371171474456787,2.8561244,2.809729814529419,2.8561244
664989722016905728,2.8561244,3.02108097076416,2.8561244442423,3.1578378677368164,2.8561244,2.5942342281341553,2.8561244
664991817960938112,2.8561244,2.8263063430786133,2.8561244442423,1.3344143629074097,2.8561244,2.4989190101623535,2.8561244
66501181966524800,1.9867717,2.2171170711517334,2.1051694279993316,2.1549549102783203,1.9867717,2.598378419876098,1.9867717
66507469798631808,1.9867717,3.228288173675537,1.9867717342662448,1.1727927923202517,1.9867717,3.8333332538604736,1.9867717
66509634462127360,1.9867717,1.869009017944336,1.9867717342662448,1.9518918991088867,1.9867717,2.345585584640503,1.9867717
66509771901085696,1.9867717,2.258558511734009,2.1051694279993316,2.051351308822632,1.9867717,1.338558554649353,1.9867717
66511970924353792,1.9867717,1.9270269870758057,1.9867717342662448,2.113513469696045,1.9867717,2.1922521591186523,1.9867717
66515922294233728,1.9867717,1.8524324893951416,1.9867717342662448,1.976756811141968,1.9867717,2.3248648643493652,1.9867717
66517468482370176,1.9867717,3.775315284729004,1.9867717342662448,1.2142342329025269,1.9867717,3.961801767349243,1.9867717
66517468482370304,1.9867717,2.051351308822632,1.9867717342662448,2.030630588531494,1.9867717,2.2792792320251465,1.9867717
66521179334108928,1.9867717,2.5942342281341553,1.9867717342662448,1.9974775314331057,1.9867717,2.577657699584961,1.9867717
66522107047046656,1.9867717,1.8648648262023928,1.9867717342662448,2.051351308822632,1.9867717,2.0099098682403564,1.9867717
66522381924952704,1.9867717,2.051351308822632,2.1051694279993316,1.9436036348342896,1.9867717,2.1673874855041504,1.9867717
66523103479455232,1.9867717,2.291711807250977,1.9867717342662448,1.9477477073669431,1.9867717,3.1454052925109863,1.9867717
66523103479455744,1.9867717,2.0720720291137695,1.9867717342662448,1.9436036348342896,1.9867717,3.0832431316375732,1.9867717
66523893753437824,1.9867717,3.2200000286102295,2.1051694279993316,1.869009017944336,1.9867717,2.813873767852783,1.9867717
66537981246228096,1.9867717,2.22540545463562,1.9867717342662448,2.2792792320251465,1.9867717,1.9436036348342896,1.9867717
66539252556578816,1.9867717,2.515495538711548,2.0492180226701815,1.2598198652267456,1.9867717,2.4160361289978027,1.9867717
665417157162598144,2.8561244,2.088648557662964,2.8561244442423,2.801441431045532,2.8561244,1.968468427658081,2.8561244
66542551091588352,1.9867717,2.0720720291137695,2.1051694279993316,1.106486439704895,1.9867717,2.6108107566833496,1.9867717
665450383029558016,2.8561244,2.5486485958099365,2.8561244442423,1.363423466682434,2.8561244,1.931171178817749,2.8561244
665454368759275520,2.8561244,3.0956757068634033,2.8561244442423,1.7322522401809692,2.8561244,2.6190991401672363,2.8561244
66553443128503552,1.9867717,2.0596396923065186,2.1051694279993316,2.067927837371826,1.9867717,2.275135040283203,1.9867717
665555175934680320,2.8561244,2.934054136276245,2.8561244442423,0.9904504418373108,2.8561244,3.128828763961792,2.8561244
66556535504958848,1.9867717,1.7032432556152344,1.9867717342662448,2.051351308822632,1.9867717,1.570630669593811,1.9867717
665650425426585344,2.8561244,2.677117109298706,2.8561244442423,2.4036035537719727,2.8561244,2.9133334159851074,2.8561244
66565365957676416,1.9867717,1.9187387228012085,1.9867717342662448,2.080360412597656,1.9867717,2.188108205795288,1.9867717
66570554277316992,1.9867717,1.1106306314468384,2.1051694279993316,1.54576575756073,1.9867717,0.961441457271576,1.9867717
66581549393480704,1.9867717,1.3717117309570312,1.9867717342662448,1.2681081295013428,1.9867717,1.3095495700836182,1.9867717
66581961710329984,1.9867717,0.3646846711635589,1.9867717342662448,0.1947747766971588,1.9867717,1.0733333826065063,1.9867717
66597767189992832,1.9867717,2.1093692779541016,1.9867717342662448,1.9891891479492188,1.9867717,2.701982021331787,1.9867717
66612473157921024,1.9867717,3.0998198986053467,2.1051694279993316,2.067927837371826,1.9867717,2.043063163757324,1.9867717
666354800062502784,2.8561244,2.8180179595947266,2.8561244442423,2.797297239303589,2.8561244,2.9050450325012207,2.8561244
66642641008348416,1.9867717,2.2046847343444824,2.1051694279993316,1.976756811141968,1.9867717,2.299999952316284,1.9867717
66648001127514368,1.9867717,2.1839640140533447,2.1051694279993316,2.063783884048462,1.9867717,2.9506306648254395,1.9867717
66652467893487488,1.9867717,2.4243242740631104,2.1051694279993316,1.8980180025100708,1.9867717,1.632792830467224,1.9867717
66655560269868544,1.9867717,2.237837791442871,2.1051694279993316,1.3799999952316284,1.9867717,3.456216335296631,1.9867717
66658996243552000,1.9867717,0.8329729437828064,2.1051694279993316,1.3095495700836182,1.9867717,1.0733333826065063,1.9867717
66665902550940672,1.9867717,1.840000033378601,1.9867717342662448,1.9436036348342896,1.9867717,2.9754955768585205,1.9867717
66665902550940800,1.9867717,2.1300899982452393,1.9867717342662448,1.985045075416565,1.9867717,1.9477477073669431,1.9867717
66694455493470464,1.9867717,1.5913513898849487,2.1051694279993316,1.3427027463912964,1.9867717,2.2544143199920654,1.9867717
66719194505127168,1.9867717,1.6037837266921997,2.1051694279993316,1.910450458526611,1.9867717,1.9643243551254272,1.9867717
66719228864863360,1.9867717,1.869009017944336,2.1051694279993316,1.960180163383484,1.9867717,1.715675711631775,1.9867717
66727234683931520,1.9867717,2.639819860458374,1.9867717342662448,1.7405405044555664,1.9867717,2.544504404067993,1.9867717
66728265476081408,1.9867717,2.208828926086426,1.9867717342662448,1.9270269870758057,1.9867717,2.1342341899871826,1.9867717
66729261908482048,1.9867717,2.5113513469696045,1.9867717342662448,1.4794594049453735,1.9867717,2.5362162590026855,1.9867717
66729674225341696,1.9867717,2.735135078430176,2.1051694279993316,1.960180163383484,1.9867717,2.150810718536377,1.9867717
66732423004453376,1.9867717,1.7405405044555664,1.9867717342662448,1.9726126194000244,1.9867717,1.7446846961975098,1.9867717
66733763034205696,1.9867717,2.150810718536377,1.9867717342662448,1.699099063873291,1.9867717,2.478198289871216,1.9867717
66734725106867968,1.9867717,1.869009017944336,1.9867717342662448,1.960180163383484,1.9867717,2.2171170711517334,1.9867717
66737095928811648,1.9867717,0.9697297215461732,2.1051694279993316,1.682522535324097,1.9867717,2.5113513469696045,1.9867717
66737405166459264,1.9867717,2.49477481842041,2.1051694279993316,1.450450420379639,1.9867717,2.6232433319091797,1.9867717
66737576965143296,1.9867717,2.171531438827514,1.9867717342662448,2.1218018531799316,1.9867717,2.150810718536377,1.9867717
66738023641737088,1.9867717,1.9518918991088867,2.1051694279993316,1.9974775314331057,1.9867717,2.0472071170806885,1.9867717
66739982146803456,1.9867717,1.5581982135772705,1.9867717342662448,1.1727927923202517,1.9867717,1.4255856275558472,1.9867717
66740497542906368,1.9867717,2.1963963508605957,1.9867717342662448,1.8814414739608765,1.9867717,2.407747745513916,1.9867717
66741116018188416,1.9867717,2.043063163757324,1.9867717342662448,1.869009017944336,1.9867717,2.0927927494049072,1.9867717
66742765285619584,1.9867717,2.577657699584961,1.9867717342662448,1.95603609085083,1.9867717,2.9506306648254395,1.9867717
66745170467302656,1.9867717,1.520900845527649,1.9867717342662448,1.27639639377594,1.9867717,1.6908107995986938,1.9867717
66745754582838272,1.9867717,2.2419819831848145,1.9867717342662448,2.0347747802734375,1.9867717,3.249008893966675,1.9867717
66746441777612416,1.9867717,2.7434234619140625,2.1051694279993316,2.382882833480835,1.9867717,2.8180179595947266,1.9867717
66747816167123712,1.9867717,0.3605405390262604,1.9867717342662448,2.295855760574341,1.9867717,2.9050450325012207,1.9867717
66749121837171840,1.9867717,2.055495500564575,1.9867717342662448,1.8482882976531985,1.9867717,2.5818018913269043,1.9867717
66754241438299520,1.9867717,2.171531438827514,1.9867717342662448,1.5043243169784546,1.9867717,1.9477477073669431,1.9867717
66763965244167808,1.9867717,2.3124325275421143,1.9867717342662448,1.9809008836746216,1.9867717,1.9974775314331057,1.9867717
66765751950550144,1.9867717,2.4616215229034424,1.9867717342662448,2.0099098682403564,1.9867717,3.6385586261749263,1.9867717
66774513683782912,1.9867717,0.6340540647506714,1.9867717342662448,1.400720715522766,1.9867717,0.8827027082443237,1.9867717
66781316909399424,1.9867717,1.2722522020339966,2.1051694279993316,1.2100900411605835,1.9867717,1.6949549913406372,1.9867717
66781832308018176,1.9867717,1.0277477502822876,1.9867717342662448,0.3563964068889618,1.9867717,1.2183784246444702,1.9867717
66782897460055424,1.9867717,1.6535135507583618,2.1051694279993316,1.9974775314331057,1.9867717,1.6576576232910156,1.9867717
66783584654831872,1.9867717,1.6535135507583618,2.1051694279993316,1.9974775314331057,1.9867717,1.7861261367797852,1.9867717
66786539592171392,1.9867717,2.2171170711517334,2.1051694279993316,1.960180163383484,1.9867717,2.088648557662964,1.9867717
66787119410915072,1.9867717,1.906306266784668,2.1051694279993316,2.018198251724243,1.9867717,1.9477477073669431,1.9867717
66788253282520192,1.9867717,1.7363964319229126,2.1051694279993316,0.8744144439697266,1.9867717,0.522162139415741,1.9867717
66788291938818304,1.9867717,2.0472071170806885,2.1051694279993316,1.7819819450378418,1.9867717,2.21297287940979,1.9867717
66788669895935616,1.9867717,2.2336935997009277,2.1051694279993316,2.0223424434661865,1.9867717,3.103963851928711,1.9867717
66789872486779520,1.9867717,2.5486485958099365,1.9867717342662448,1.8814414739608765,1.9867717,3.249008893966675,1.9867717
66791659193405952,1.9867717,2.308288335800171,1.9867717342662448,1.922882914543152,1.9867717,2.602522611618042,1.9867717
66792999222948992,1.9867717,2.0927927494049072,1.9867717342662448,1.9974775314331057,1.9867717,2.954774856567383,1.9867717
66793583338514816,1.9867717,1.7902703285217283,1.9867717342662448,1.301261305809021,1.9867717,1.7695496082305908,1.9867717
66798977817468288,1.9867717,1.9518918991088867,1.9867717342662448,1.931171178817749,1.9867717,3.0003602504730225,1.9867717
66799763794633856,1.9867717,2.0720720291137695,2.1051694279993316,2.125946044921875,1.9867717,2.1093692779541016,1.9867717
66799768088857856,1.9867717,3.3318917751312256,1.9867717342662448,1.9891891479492188,1.9867717,3.4023423194885254,1.9867717
66800180408292992,1.9867717,1.8109910488128664,1.9867717342662448,1.840000033378601,1.9867717,2.055495500564575,1.9867717
66802207632871808,1.9867717,1.7488288879394531,2.1051694279993316,2.1052253246307373,1.9867717,1.993333339691162,1.9867717
66802276352348416,1.9867717,2.0720720291137695,1.9867717342662448,1.0236035585403442,1.9867717,1.6535135507583618,1.9867717
66804406656115328,1.9867717,1.7198197841644287,1.9867717342662448,1.8980180025100708,1.9867717,2.138378381729126,1.9867717
66807464672814336,1.9867717,2.295855760574341,2.1051694279993316,0.961441457271576,1.9867717,3.0376577377319336,1.9867717
66808869124393600,1.9867717,2.971351385116577,2.1051694279993316,2.3165764808654785,1.9867717,2.55279278755188,1.9867717
66809491897360896,1.9867717,2.4118919372558594,1.9867717342662448,1.7032432556152344,1.9867717,3.4520721435546875,1.9867717
66811450402457216,1.9867717,3.3318917751312256,2.1051694279993316,1.4628828763961792,1.9867717,2.8926126956939697,1.9867717
66816295125702144,1.9867717,1.9477477073669431,1.9867717342662448,2.2668468952178955,1.9867717,1.976756811141968,1.9867717
66818322350220416,1.9867717,1.6700900793075562,2.1051694279993316,1.6493693590164185,1.9867717,2.258558511734009,1.9867717
66820590092840960,1.9867717,1.7695496082305908,2.1051694279993316,1.5581982135772705,1.9867717,2.1590991020202637,1.9867717
66821655244731264,1.9867717,2.540360450744629,2.1051694279993316,2.026486396789551,1.9867717,2.3911712169647217,1.9867717
66823132713476480,1.9867717,2.2336935997009277,2.1051694279993316,1.8855855464935305,1.9867717,2.469909906387329,1.9867717
66831069813319936,1.9867717,2.026486396789551,1.9867717342662448,1.914594650268555,1.9867717,2.291711807250977,1.9867717
66832100605159424,1.9867717,2.1590991020202637,2.1051694279993316,1.9436036348342896,1.9867717,1.6493693590164185,1.9867717
66838452861270272,1.9867717,2.55279278755188,2.1051694279993316,1.520900845527649,1.9867717,1.160360336303711,1.9867717
66839591028151552,1.9867717,2.5030629634857178,1.9867717342662448,1.968468427658081,1.9867717,3.190990924835205,1.9867717
66846291177113088,1.9867717,1.6286486387252808,1.9867717342662448,1.4048649072647097,1.9867717,1.2888288497924805,1.9867717
66867800374681344,1.9867717,2.076216220855713,2.1051694279993316,1.015315294265747,1.9867717,2.2792792320251465,1.9867717
66885942316710784,1.9867717,2.445044994354248,1.9867717342662448,2.0223424434661865,1.9867717,2.4989190101623535,1.9867717
66886011036187392,1.9867717,2.3745946884155273,1.9867717342662448,2.080360412597656,1.9867717,3.008648633956909,1.9867717
66887660303617408,1.9867717,2.4160361289978027,2.1051694279993316,2.051351308822632,1.9867717,2.5237836837768555,1.9867717
66897933865345920,1.9867717,2.051351308822632,1.9867717342662448,1.1354955434799194,1.9867717,2.3165764808654785,1.9867717
66899239535574400,1.9867717,1.54576575756073,2.1051694279993316,1.95603609085083,1.9867717,1.6120721101760864,1.9867717
66911231083913600,1.9867717,1.636936902999878,1.9867717342662448,1.9643243551254272,1.9867717,1.7654054164886477,1.9867717
66926211929978880,1.9867717,2.179819822311402,1.9867717342662448,1.9974775314331057,1.9867717,2.308288335800171,1.9867717
66940299422471296,1.9867717,1.8441441059112549,2.1051694279993316,1.840000033378601,1.9867717,2.113513469696045,1.9867717
66942910762588928,1.9867717,3.0252251625061035,2.1051694279993316,1.906306266784668,1.9867717,3.7587387561798096,1.9867717
66957994687842176,1.9867717,0.4061261117458343,2.1051694279993316,1.2266666889190674,1.9867717,1.483603596687317,1.9867717
66960262430594816,1.9867717,2.797297239303589,2.1051694279993316,2.1052253246307373,1.9867717,2.7102701663970947,1.9867717
66960743466922624,1.9867717,2.2046847343444824,2.1051694279993316,2.0472071170806885,1.9867717,2.664684772491455,1.9867717
66974453002505088,1.9867717,1.8565765619277952,1.9867717342662448,1.4587386846542358,1.9867717,1.877297282218933,1.9867717
66997817623367296,1.9867717,1.0360360145568848,1.9867717342662448,0.9282882809638976,1.9867717,1.5291892290115356,1.9867717
67034994860213888,1.9867717,2.3414413928985596,1.9867717342662448,1.906306266784668,1.9867717,2.4243242740631104,1.9867717
67054305033161344,1.9867717,1.777837872505188,1.9867717342662448,1.9477477073669431,1.9867717,1.8565765619277952,1.9867717
67069835634816896,1.9867717,1.7571171522140503,1.9867717342662448,1.95603609085083,1.9867717,2.3165764808654785,1.9867717
67074096242336384,1.9867717,1.6866666078567505,2.1051694279993316,1.3717117309570312,1.9867717,1.6908107995986938,1.9867717
67085641114472320,1.9867717,2.043063163757324,2.1051694279993316,1.9436036348342896,1.9867717,2.6315314769744873,1.9867717
67103405099117568,1.9867717,2.5030629634857178,1.9867717342662448,2.026486396789551,1.9867717,2.614954948425293,1.9867717
67270462147226880,2.8893018,2.0099098682403564,2.88930170250631,2.8263063430786133,2.8893018,1.968468427658081,2.8893018
67281869581448704,1.9867717,1.678378343582153,2.1051694279993316,1.8814414739608765,1.9867717,2.1052253246307373,1.9867717
67331381964358656,1.9867717,2.3041441440582275,1.9867717342662448,1.7405405044555664,1.9867717,1.910450458526611,1.9867717
67352066526730240,1.9867717,1.4421621561050415,2.1051694279993316,2.030630588531494,1.9867717,1.5126125812530518,1.9867717
67368868438779392,1.9867717,2.299999952316284,2.0492180226701815,1.7861261367797852,1.9867717,2.486486434936523,1.9867717
67618285777617664,1.9867717,2.992072105407715,1.9867717342662448,2.3745946884155273,1.9867717,3.518378496170044,1.9867717
676256486390524288,2.8561244,1.8068468570709229,2.8561244442423,1.392432451248169,2.8561244,1.893873929977417,2.8561244
67656665605333888,1.9867717,2.747567653656006,1.9867717342662448,1.9518918991088867,1.9867717,2.946486473083496,1.9867717
67667935599570432,1.9867717,2.735135078430176,1.9867717342662448,1.910450458526611,1.9867717,2.9257657527923584,1.9867717
67732257029618048,1.9867717,2.0099098682403564,2.1051694279993316,1.094054102897644,1.9867717,2.527927875518799,1.9867717
67736070960579072,1.9867717,2.1963963508605957,2.1051694279993316,1.877297282218933,1.9867717,2.8760359287261963,1.9867717
67747615832673408,1.9867717,2.4118919372558594,1.9867717342662448,2.043063163757324,1.9867717,3.16198205947876,1.9867717
67756789882795008,1.9867717,3.4064865112304688,2.1051694279993316,1.9891891479492188,1.9867717,3.692432403564453,1.9867717
67832346947351424,1.9867717,1.8565765619277952,1.9867717342662448,2.076216220855713,1.9867717,1.9436036348342896,1.9867717
67878663874731136,1.9867717,1.8524324893951416,2.1051694279993316,1.931171178817749,1.9867717,1.4172972440719604,1.9867717
67899520235887616,1.9867717,1.6410810947418213,1.9867717342662448,1.922882914543152,1.9867717,1.2598198652267456,1.9867717
67998201404864896,1.9867717,2.1549549102783203,1.9867717342662448,1.906306266784668,1.9867717,2.5237836837768555,1.9867717
68014964661425280,1.9867717,2.652252197265625,1.9867717342662448,2.0969369411468506,1.9867717,2.7102701663970947,1.9867717
68045583484082048,1.9867717,1.7902703285217283,1.9867717342662448,1.914594650268555,1.9867717,1.6742342710494995,1.9867717
68046133239891584,1.9867717,2.1300899982452393,1.9867717342662448,1.960180163383484,1.9867717,1.723963975906372,1.9867717
68051390279853824,1.9867717,1.723963975906372,2.1051694279993316,2.0347747802734375,1.9867717,1.317837834358215,1.9867717
68129764842889600,1.9867717,1.831711769104004,2.1051694279993316,1.960180163383484,1.9867717,1.723963975906372,1.9867717
68147391388599808,1.9867717,1.6245044469833374,2.1051694279993316,2.0140540599823,1.9867717,1.7736936807632446,1.9867717
68150861722174848,1.9867717,2.9796395301818848,1.9867717342662448,2.0472071170806885,1.9867717,2.5486485958099365,1.9867717
68152820227358720,1.9867717,1.7363964319229126,1.9867717342662448,1.931171178817749,1.9867717,1.7198197841644287,1.9867717
68162028637205888,1.9867717,2.0845046043395996,1.9867717342662448,2.005765676498413,1.9867717,1.583063006401062,1.9867717
68162921990400256,1.9867717,1.5872071981430054,2.1051694279993316,1.993333339691162,1.9867717,2.2212612628936768,1.9867717
68167835432980480,1.9867717,1.869009017944336,1.9867717342662448,1.877297282218933,1.9867717,2.043063163757324,1.9867717
68168419548529920,1.9867717,1.9021621942520144,1.9867717342662448,1.976756811141968,1.9867717,3.0625224113464355,1.9867717
68170721650939264,1.9867717,1.8192793130874632,1.9867717342662448,1.976756811141968,1.9867717,1.313693642616272,1.9867717
68174191984522368,1.9867717,1.0774774551391602,1.9867717342662448,2.038918972015381,1.9867717,1.1479278802871704,1.9867717
68175806892217216,1.9867717,1.5374774932861328,1.9867717342662448,1.9353153705596924,1.9867717,1.5913513898849487,1.9867717
68183125516472320,1.9867717,1.985045075416565,2.1051694279993316,1.931171178817749,1.9867717,1.7819819450378418,1.9867717
68183331674900864,1.9867717,2.067927837371826,1.9867717342662448,1.9726126194000244,1.9867717,2.291711807250977,1.9867717
68186114813689344,1.9867717,2.030630588531494,2.1051694279993316,1.931171178817749,1.9867717,2.2295496463775635,1.9867717
68233531252642432,1.9867717,1.6576576232910156,1.9867717342662448,2.101081132888794,1.9867717,1.9021621942520144,1.9867717
68236795427794816,1.9867717,2.101081132888794,2.1051694279993316,1.9353153705596924,1.9867717,1.8855855464935305,1.9867717
68254245878512384,1.9867717,2.3497297763824463,1.9867717342662448,1.8068468570709229,1.9867717,3.1246845722198486,1.9867717
68261053403709312,1.9867717,2.4284684658050537,2.1051694279993316,1.931171178817749,1.9867717,2.4989190101623535,1.9867717
68262973252098304,1.9867717,2.697837829589844,1.9867717342662448,1.8980180025100708,1.9867717,1.6742342710494995,1.9867717
68265279651517056,1.9867717,1.5872071981430054,1.9867717342662448,1.976756811141968,1.9867717,0.9407207369804382,1.9867717
68265588889169664,1.9867717,1.81513512134552,1.9867717342662448,1.8648648262023928,1.9867717,2.175675630569458,1.9867717
68267680536205440,1.9867717,1.317837834358215,2.0492180226701815,1.2266666889190674,1.9867717,1.2681081295013428,1.9867717
68268165869533568,1.9867717,2.3538739681243896,1.9867717342662448,1.840000033378601,1.9867717,3.16198205947876,1.9867717
68291977168100480,1.9867717,2.540360450744629,2.1051694279993316,1.682522535324097,1.9867717,2.569369316101074,1.9867717
68294554148575232,1.9867717,0.9697297215461732,2.1051694279993316,1.636936902999878,1.9867717,1.5540540218353271,1.9867717
68295481861500928,1.9867717,1.7985585927963257,1.9867717342662448,1.3344143629074097,1.9867717,0.8744144439697266,1.9867717
68296650092601088,1.9867717,2.3538739681243896,2.0492180226701815,0.9200000166893004,1.9867717,2.5113513469696045,1.9867717
68300326584600448,1.9867717,2.1425225734710693,1.9867717342662448,2.001621723175049,1.9867717,2.569369316101074,1.9867717
68303487680516224,1.9867717,2.3870270252227783,2.1051694279993316,0.2610810697078705,1.9867717,2.9423422813415527,1.9867717
68303659479211776,1.9867717,2.080360412597656,1.9867717342662448,0.7666666507720947,1.9867717,2.030630588531494,1.9867717
68303728198686080,1.9867717,1.8192793130874632,1.9867717342662448,1.960180163383484,1.9867717,2.3248648643493652,1.9867717
68308882159427840,1.9867717,1.7861261367797852,2.0492180226701815,2.0140540599823,1.9867717,2.48234224319458,1.9867717
68310359628169472,1.9867717,1.0567567348480225,2.1051694279993316,1.5167567729949951,1.9867717,1.222522497177124,1.9867717
68314414077327744,1.9867717,1.069189190864563,2.1051694279993316,1.7902703285217283,1.9867717,0.7045044898986816,1.9867717
68317609532996480,1.9867717,2.043063163757324,1.9867717342662448,2.188108205795288,1.9867717,1.6576576232910156,1.9867717
68322145018429952,1.9867717,2.0223424434661865,2.1051694279993316,1.9187387228012085,1.9867717,1.6037837266921997,1.9867717
68322454256073344,1.9867717,1.6576576232910156,2.1051694279993316,1.8234233856201172,1.9867717,1.6700900793075562,1.9867717
68323485048225152,1.9867717,1.761261224746704,1.9867717342662448,1.4090089797973633,1.9867717,2.478198289871216,1.9867717
68323966084583680,1.9867717,2.1176576614379883,2.1051694279993316,1.960180163383484,1.9867717,2.0472071170806885,1.9867717
68348155340347776,1.9867717,2.0969369411468506,2.1051694279993316,1.1727927923202517,1.9867717,2.7061262130737305,1.9867717
68363411064150272,1.9867717,1.7944144010543823,2.1051694279993316,1.5747747421264648,1.9867717,1.106486439704895,1.9867717
68390417818463872,1.9867717,1.8109910488128664,1.9867717342662448,2.3124325275421143,1.9867717,1.7819819450378418,1.9867717
68398732874994944,1.9867717,2.299999952316284,1.9867717342662448,2.1342341899871826,1.9867717,2.275135040283203,1.9867717
68444878003882240,1.9867717,1.3717117309570312,1.9867717342662448,1.7819819450378418,1.9867717,1.5374774932861328,1.9867717
68506347575444096,1.9867717,2.469909906387329,2.1051694279993316,1.985045075416565,1.9867717,2.6481080055236816,1.9867717
685747814353991296,2.8561244,2.8553152084350586,2.8561244442423,3.016937017440796,2.8561244,2.6481080055236816,2.8561244
68595751615127296,1.9867717,1.8109910488128664,2.1051694279993316,1.5789189338684082,1.9867717,1.985045075416565,1.9867717
68620868583787904,1.9867717,2.055495500564575,2.1051694279993316,1.168648600578308,1.9867717,1.8607207536697388,1.9867717
68653201097557888,1.9867717,1.7819819450378418,1.9867717342662448,2.0223424434661865,1.9867717,1.6245044469833374,1.9867717
689060883406994048,2.8561244,2.7185585498809814,2.8561244442423,1.168648600578308,2.8561244,2.6854054927825928,2.8561244
689130461877120256,2.8561244,2.739279270172119,2.8561244442423,3.103963851928711,2.8561244,2.4740540981292725,2.8561244
689132145504296064,2.8561244,2.677117109298706,2.8561244442423,1.094054102897644,2.8561244,2.6605405807495117,2.8561244
69250235911393408,1.9867717,1.5540540218353271,1.9867717342662448,2.038918972015381,1.9867717,0.7708107829093933,1.9867717
69294319455655808,1.9867717,2.179819822311402,2.1051694279993316,1.968468427658081,1.9867717,2.262702703475952,1.9867717
69575313395795584,1.9867717,2.5113513469696045,2.1051694279993316,2.395315408706665,1.9867717,2.565225124359131,1.9867717
69583456653826048,1.9867717,2.2419819831848145,2.1051694279993316,1.831711769104004,1.9867717,1.8648648262023928,1.9867717
69585140280997760,1.9867717,1.3344143629074097,1.9867717342662448,1.7985585927963257,1.9867717,1.583063006401062,1.9867717
69643757994608512,1.9867717,0.9034234285354614,2.1051694279993316,1.7198197841644287,1.9867717,2.3414413928985596,1.9867717
69649736589001600,1.9867717,2.0927927494049072,2.1051694279993316,1.2018017768859863,1.9867717,2.1590991020202637,1.9867717
69807963184755840,1.9867717,2.6066665649414062,2.1051694279993316,1.9518918991088867,1.9867717,2.921621561050415,1.9867717
69811364798863744,1.9867717,1.6908107995986938,1.9867717342662448,1.831711769104004,1.9867717,1.6286486387252808,1.9867717
69811639676769536,1.9867717,1.6037837266921997,2.1051694279993316,0.6630630493164062,1.9867717,1.1396396160125732,1.9867717
69811948914407168,1.9867717,2.4491891860961914,2.1051694279993316,1.3219820261001587,1.9867717,2.48234224319458,1.9867717
69814388455816960,1.9867717,1.6286486387252808,1.9867717342662448,1.2349549531936646,1.9867717,1.6576576232910156,1.9867717
69819027020489088,1.9867717,2.9796395301818848,1.9867717342662448,1.7115315198898315,1.9867717,3.5266666412353516,1.9867717
69829541100441600,1.9867717,1.5872071981430054,2.0492180226701815,1.2432432174682615,1.9867717,1.9643243551254272,1.9867717
69834763780636672,1.9867717,2.813873767852783,2.1051694279993316,1.5664864778518677,1.9867717,2.490630626678467,1.9867717
69834866859848192,1.9867717,1.5499099493026731,1.9867717342662448,1.098198175430298,1.9867717,1.2515314817428589,1.9867717
69838302833692160,1.9867717,2.3248648643493652,2.0492180226701815,1.3551350831985474,1.9867717,2.701982021331787,1.9867717
69840879814047872,1.9867717,0.2072072029113769,2.1051694279993316,1.831711769104004,1.9867717,1.4670270681381226,1.9867717
69847610026687104,1.9867717,2.043063163757324,1.9867717342662448,1.8980180025100708,1.9867717,1.9021621942520144,1.9867717
69854348831573504,1.9867717,2.051351308822632,1.9867717342662448,1.3468468189239502,1.9867717,2.055495500564575,1.9867717
69857235049588736,1.9867717,2.0472071170806885,1.9867717342662448,1.5001801252365112,1.9867717,1.6659458875656128,1.9867717
69873418486230272,1.9867717,2.0720720291137695,1.9867717342662448,1.0733333826065063,1.9867717,1.9477477073669431,1.9867717
69876712724339456,1.9867717,0.6506306529045105,1.9867717342662448,0.5097297430038452,1.9867717,2.4989190101623535,1.9867717
69878503727603072,1.9867717,2.5942342281341553,2.0492180226701815,1.0484684705734253,1.9867717,2.1218018531799316,1.9867717
69898810332838400,1.9867717,2.577657699584961,2.0492180226701815,1.4628828763961792,1.9867717,2.4284684658050537,1.9867717
69904101732529408,1.9867717,1.9518918991088867,2.1051694279993316,1.247387409210205,1.9867717,2.0347747802734375,1.9867717
69906472554465792,1.9867717,2.088648557662964,1.9867717342662448,1.8855855464935305,1.9867717,2.478198289871216,1.9867717
69906571336964608,1.9867717,2.0140540599823,1.9867717342662448,2.0099098682403564,1.9867717,1.9477477073669431,1.9867717
69917635172718720,1.9867717,1.7363964319229126,1.9867717342662448,2.2544143199920654,1.9867717,0.90756756067276,1.9867717
69918086146123520,1.9867717,1.699099063873291,2.0492180226701815,1.2349549531936646,1.9867717,1.914594650268555,1.9867717
69932276717968512,1.9867717,1.95603609085083,1.9867717342662448,1.6245044469833374,1.9867717,2.8801801204681396,1.9867717
69945814454871680,1.9867717,2.1590991020202637,1.9867717342662448,2.150810718536377,1.9867717,2.697837829589844,1.9867717
69988489250631680,1.9867717,2.001621723175049,1.9867717342662448,1.4048649072647097,1.9867717,1.9518918991088867,1.9867717
69990241597280640,1.9867717,1.8482882976531985,1.9867717342662448,1.9726126194000244,1.9867717,2.0845046043395996,1.9867717
70044628765739776,1.9867717,2.4989190101623535,2.1051694279993316,1.6493693590164185,1.9867717,2.5113513469696045,1.9867717
70108473456817280,1.9867717,1.5416215658187866,2.1051694279993316,1.2556756734848022,1.9867717,2.0596396923065186,1.9867717
70121805035254144,1.9867717,0.8412612676620483,1.9867717342662448,1.607927918434143,1.9867717,1.1147748231887815,1.9867717
70125000491024128,1.9867717,0.8868468403816223,1.9867717342662448,2.1052253246307373,1.9867717,1.1893693208694458,1.9867717
70132658415356672,1.9867717,0.9407207369804382,1.9867717342662448,1.6245044469833374,1.9867717,1.6245044469833374,1.9867717
70158977974956672,1.9867717,2.5942342281341553,1.9867717342662448,1.9974775314331057,1.9867717,2.6190991401672363,1.9867717
70190249631846272,1.9867717,1.4131531715393066,2.1051694279993316,2.030630588531494,1.9867717,1.914594650268555,1.9867717
70234882933734400,1.9867717,1.7819819450378418,2.1051694279993316,2.333153247833252,1.9867717,2.018198251724243,1.9867717
70242785673539712,1.9867717,1.6493693590164185,1.9867717342662448,1.9891891479492188,1.9867717,2.001621723175049,1.9867717
70252681278085376,1.9867717,1.869009017944336,1.9867717342662448,2.125946044921875,1.9867717,2.001621723175049,1.9867717
70310027681371648,1.9867717,2.0347747802734375,2.1051694279993316,1.284684658050537,1.9867717,2.0140540599823,1.9867717
70313016978627584,1.9867717,2.3290090560913086,2.1051694279993316,2.3787386417388916,1.9867717,1.95603609085083,1.9867717
70426507196531456,1.9867717,1.8068468570709229,2.1051694279993316,1.3427027463912964,1.9867717,2.1093692779541016,1.9867717
70461554129560448,1.9867717,3.2117116451263428,2.1051694279993316,1.2183784246444702,1.9867717,2.8428828716278076,1.9867717
70462688000922880,1.9867717,2.772432327270508,1.9867717342662448,2.208828926086426,1.9867717,3.580540657043457,1.9867717
71021927100882560,1.9867717,2.0596396923065186,2.0492180226701815,1.893873929977417,1.9867717,2.478198289871216,1.9867717
71042439864623104,1.9867717,1.906306266784668,1.9867717342662448,1.094054102897644,1.9867717,1.840000033378601,1.9867717
71351883668034048,1.9867717,1.098198175430298,1.9867717342662448,1.9726126194000244,1.9867717,1.5540540218353271,1.9867717
71371262561007232,1.9867717,1.3799999952316284,1.9867717342662448,1.6908107995986938,1.9867717,1.6120721101760864,1.9867717
