{
  "n_samples": 2494,
  "mae_dex": 0.2913203110711508,
  "median_ae_dex": 0.17054514034418422,
  "rmse_dex": 0.4682962477859641,
  "bias_dex": -0.01325887629576018,
  "scatter_dex": 0.46810851080682875,
  "correlation": 0.8347564982471521
}