{"fold_0": {"train_nll": [4.594644982255772, 3.545603926530582, 3.1398269494693123, 2.914154641375035, 2.817796443411726, 2.6612555672506053, 2.568488206557616, 2.486143886206862, 2.353771133986647, 2.2955720133198527, 2.3086132644890305, 2.254576171089509, 2.221805803522557, 2.166819760937968, 2.1200785302446934, 2.106404735234553, 2.09562282619591, 2.099511307083772, 2.018087256647542, 2.008520200400649, 1.9907800733206984, 1.9598825364886878, 1.9462883892900242, 1.927600428790511, 1.9142816673538727, 1.9058118931993933, 1.8820673272700492, 1.8848606680103677, 1.880547680214555, 1.8542485939476916, 1.8605738066002457, 1.8414643006716558, 1.8375038974031896, 1.822881837646087, 1.821094249436755, 1.83780794917701, 1.8076658251290332, 1.8062290208850929, 1.8199446941903215, 1.7997421047730533, 1.80077140746948, 1.793536627698757, 1.791060979476195, 1.7853921379498345, 1.792730500798426, 1.786221738210422, 1.7844915817639153, 1.7821376595295264, 1.7743349068150491, 1.7711008395365102, 1.773919012837993, 1.7690799367690613, 1.7653401089096834, 1.7655651442751379, 1.7669131450041502, 1.7629789231057635, 1.763533892755757, 1.761737355727232, 1.7621759591933959, 1.7602741594066122, 1.7610507226420309, 1.7589557553102115, 1.7584412468220285, 1.7582753638705175, 1.7579632474329763, 1.7578184069516902, 1.7573876880213828, 1.7565930529921232, 1.7563914927786481, 1.7563199203812287, 1.7560311241713698, 1.7560579060074801, 1.755710737021987, 1.7556074427698323, 1.7556084855524954, 1.7555603751677549, 1.7550753369360028, 1.755068713295197, 1.7550142397861443, 1.7549251587930805, 1.754893808183307, 1.7549975345989983, 1.7548238418861954, 1.7547684500557565, 1.7547605317197965, 1.7547269444427414, 1.7546858610753306, 1.7546589579993117, 1.754639393342043, 1.7546382495062145, 1.7546102200338023, 1.75459538791366, 1.754587247280893, 1.754588469235835, 1.7545870248683708, 1.7545792932261923, 1.7545763352113162, 1.7545724113384087, 1.7545719137172662, 1.754571358522098], "val_nll": [4.144378662109375, 3.4940812587738037, 3.1573286056518555, 3.1853408813476562, 3.2700819969177246, 3.0062460899353027, 2.7423481941223145, 2.6084861755371094, 2.699237823486328, 2.8465070724487305, 2.629009246826172, 2.627009391784668, 2.4885573387145996, 2.4957008361816406, 2.467277765274048, 2.490900754928589, 2.449326276779175, 2.5349807739257812, 2.4503562450408936, 2.4727625846862793, 2.4457075595855713, 2.4032039642333984, 2.4509174823760986, 2.380568265914917, 2.405034303665161, 2.39996600151062, 2.380797863006592, 2.4175026416778564, 2.362720489501953, 2.3480308055877686, 2.3411691188812256, 2.3566484451293945, 2.329411745071411, 2.338975667953491, 2.348196506500244, 2.346738338470459, 2.3322298526763916, 2.3326351642608643, 2.3363890647888184, 2.3406314849853516, 2.3322415351867676, 2.3448522090911865, 2.3386874198913574, 2.354041576385498, 2.3551506996154785, 2.3319709300994873, 2.325826406478882, 2.333435535430908, 2.335395336151123, 2.3374431133270264, 2.342801094055176, 2.3361403942108154, 2.329780101776123, 2.3345704078674316, 2.3333518505096436, 2.334965705871582, 2.3329484462738037, 2.3362414836883545, 2.331692934036255, 2.3374838829040527, 2.3310248851776123, 2.333359718322754, 2.332188844680786, 2.333021402359009, 2.334155797958374, 2.332612991333008, 2.3322396278381348, 2.3326241970062256, 2.33298397064209, 2.332735061645508, 2.332808017730713, 2.332721471786499, 2.3324568271636963, 2.3327219486236572, 2.333324909210205, 2.3325014114379883, 2.332423448562622, 2.3318543434143066, 2.3321306705474854, 2.3321831226348877, 2.3323917388916016, 2.33203387260437, 2.332059860229492, 2.3324179649353027, 2.3322231769561768, 2.332305431365967, 2.332326889038086, 2.332357168197632, 2.332306385040283, 2.3323628902435303, 2.3323912620544434, 2.3324265480041504, 2.332414150238037, 2.3324320316314697, 2.3324313163757324, 2.3324480056762695, 2.332441806793213, 2.332441806793213, 2.332442045211792, 2.332442045211792]}, "fold_1": {"train_nll": [4.337830663921838, 3.392946283898516, 3.0411968465319617, 2.7886235623178117, 2.588952276654138, 2.4867239834550388, 2.3770959085835246, 2.4127421675320857, 2.1950906699071666, 2.158947280748096, 2.1971211839534477, 2.1297063299553667, 2.0944817431704075, 2.0787733972430944, 1.9974818468571665, 2.0336754723397905, 1.9182034095446905, 1.9441744459415964, 1.903032278250119, 1.8635394147976128, 1.8413155203114053, 1.8445375336852963, 1.826727434962928, 1.8004303355971893, 1.8037265689674027, 1.7864321694823209, 1.8004860877393483, 1.751294143527806, 1.749706105144325, 1.7384348374330447, 1.721311331243219, 1.7134367588287842, 1.702741331471231, 1.706005981785501, 1.6882854812369796, 1.6804445805196055, 1.6812911086187572, 1.6777919963270964, 1.6706938939486333, 1.6654352100196488, 1.6664471057708374, 1.6593814039517023, 1.6487380882542215, 1.649534606981373, 1.6479769135285953, 1.6525941036029426, 1.6409305052790708, 1.6373010160688886, 1.6345536207149407, 1.6300526121575274, 1.6286880496986404, 1.626729080576696, 1.6276320737445045, 1.6241004636626921, 1.6249482478789672, 1.622939403405887, 1.6229112353735793, 1.6222616013639675, 1.6234377960045496, 1.6206711685968067, 1.6201471130929155, 1.6174813431495416, 1.6173071060964244, 1.6170930185155543, 1.6162863840798816, 1.6168628517754808, 1.615598266731522, 1.615179105921236, 1.6148946263747128, 1.6148755077519015, 1.6148872571383306, 1.6144202873857323, 1.614215974817295, 1.6138673191796802, 1.613869527776638, 1.6135848734326257, 1.6134894276429752, 1.6133286387385253, 1.6133175285641321, 1.6132137808866636, 1.6132785077085476, 1.6130852995511287, 1.6131044622055275, 1.6130135522815652, 1.613015088385236, 1.613003509316989, 1.61294355922806, 1.6128754548892708, 1.6128886085235046, 1.6128711860500022, 1.6128555674830036, 1.6128378706370183, 1.6128347547116404, 1.6128331750093816, 1.6128292630812926, 1.6128187588078227, 1.6128182972600322, 1.6128151376166182, 1.6128141760587213, 1.6128141015230535], "val_nll": [3.765441656112671, 3.1711783409118652, 2.98606276512146, 2.723769426345825, 2.7242324352264404, 2.446000814437866, 2.62371563911438, 2.309772253036499, 2.288358211517334, 2.383329391479492, 2.3570780754089355, 2.103970527648926, 2.1675312519073486, 2.0576560497283936, 2.1894896030426025, 2.0514602661132812, 2.0813682079315186, 2.0303966999053955, 1.9677505493164062, 2.0117602348327637, 1.9569123983383179, 1.9598957300186157, 1.9384888410568237, 1.9787653684616089, 1.9644557237625122, 2.0323774814605713, 1.9335912466049194, 1.9464384317398071, 1.9872350692749023, 1.9211764335632324, 1.9507288932800293, 1.9245284795761108, 1.9111477136611938, 1.9091674089431763, 1.9046605825424194, 1.9103055000305176, 1.904380202293396, 1.8915735483169556, 1.908499002456665, 1.9053367376327515, 1.9012912511825562, 1.8935832977294922, 1.8939428329467773, 1.8958362340927124, 1.896549105644226, 1.891178846359253, 1.893782377243042, 1.8910126686096191, 1.8919060230255127, 1.8873817920684814, 1.8879728317260742, 1.8903870582580566, 1.8847160339355469, 1.8855797052383423, 1.8848623037338257, 1.8850181102752686, 1.8857694864273071, 1.8850308656692505, 1.8854068517684937, 1.8862566947937012, 1.8846409320831299, 1.8869192600250244, 1.8849297761917114, 1.8862757682800293, 1.8870301246643066, 1.8869105577468872, 1.8854124546051025, 1.8853540420532227, 1.8849862813949585, 1.8857033252716064, 1.885792851448059, 1.8849714994430542, 1.8850998878479004, 1.8854920864105225, 1.8852856159210205, 1.8857120275497437, 1.8852959871292114, 1.885798692703247, 1.885954737663269, 1.8857440948486328, 1.885473370552063, 1.8857085704803467, 1.8856641054153442, 1.8858896493911743, 1.885770320892334, 1.8859113454818726, 1.8858883380889893, 1.8857710361480713, 1.8857030868530273, 1.8856781721115112, 1.8856889009475708, 1.8856467008590698, 1.885640263557434, 1.8856459856033325, 1.8856360912322998, 1.8856314420700073, 1.8856332302093506, 1.8856338262557983, 1.8856337070465088, 1.8856340646743774]},