{
  "n_samples": 7156,
  "mae_myr": 142.9569496718174,
  "median_ae_myr": 34.43497085571289,
  "rmse_myr": 267.93570542474527,
  "log_mae_dex": 0.2886810235511208,
  "log_bias_dex": 0.005698373558731651,
  "log_scatter_dex": 0.44751277215114926,
  "correlation": 0.6509471981998023
}