GaiaDR3_ID,sector,fold,y_true_raw,y_pred_raw,y_true_transformed,y_pred_transformed
2903814611300494720,5,3,0.842,0.7609268654740567,-0.07468790850035051,-0.11865708231925964
2903814611300494720,6,3,0.842,0.8030776315575184,-0.07468790850035051,-0.0952424705028534
2903814611300494720,32,3,0.842,0.9604924752139681,-0.07468790850035051,-0.017506033182144165
2903814611300494720,33,3,0.842,0.8819874503671196,-0.07468790850035051,-0.05453759431838989
2903814611300494720,87,3,0.842,0.8165313252110056,-0.07468790850035051,-0.08802714943885803
2903814611300494720,98,3,0.842,0.7931793798075116,-0.07468790850035051,-0.10062858462333679
6666178680963755008,13,0,0.838,0.7272159591158502,-0.07675598136972352,-0.13833659887313843
6666178680963755008,67,0,0.838,0.7777315943216632,-0.07675598136972352,-0.10917025804519653
6666178680963755008,94,0,0.838,0.8604422714933179,-0.07675598136972352,-0.06527826189994812
6192641081831733760,10,3,2.01,2.198730479750142,0.30319605742048883,0.3421719968318939
6192641081831733760,37,3,2.01,1.540236603112157,0.30319605742048883,0.1875874400138855
6192641081831733760,64,3,2.01,1.3673674540384977,0.30319605742048883,0.13588523864746094
1533184169394818304,22,4,10.08,9.547849081885584,1.0034605321095065,0.9799055457115173
1533184169394818304,49,4,10.08,6.73139340388621,1.0034605321095065,0.8281049728393555
5176144780975494144,4,0,1.437,1.6393721104442063,0.15745676813422568,0.21467754244804382
5176144780975494144,97,0,1.437,2.485102390718498,0.15745676813422568,0.3953442871570587
249009220140976128,59,2,1.519,1.2751629391133696,0.18155777386278632,0.10556568205356598
249009220140976128,86,2,1.519,1.8218501386803176,0.18155777386278632,0.26051265001296997
442084561489950720,86,4,3.84,4.725585689753237,0.5843312243675308,0.6744556427001953
6742986538895222144,13,3,0.41,2.187954116345055,-0.38721614328026455,0.3400382101535797
6742986538895222144,27,3,0.41,0.3482885274840618,-0.38721614328026455,-0.4580608308315277
6742986538895222144,67,3,0.41,0.8506669539854733,-0.38721614328026455,-0.07024043798446655
6742986538895222144,94,3,0.41,1.8424087408976968,-0.38721614328026455,0.2653859853744507
2851052759133803776,57,3,3.211,2.8292102488127333,0.5066403055665025,0.4516652226448059
67724697887107200,42,0,0.304,0.5032400803453302,-0.5171264163912462,-0.2982247769832611
67724697887107200,43,0,0.304,0.45749663434706206,-0.5171264163912462,-0.33961209654808044
67724697887107200,44,0,0.304,0.439679093715499,-0.5171264163912462,-0.35686418414115906
67724697887107200,70,0,0.304,0.5280895813501895,-0.5171264163912462,-0.277292400598526
67724697887107200,71,0,0.304,0.40792699023513324,-0.5171264163912462,-0.3894175589084625
64272128296706432,42,3,7.262,6.068672356681606,0.8610562445768735,0.7830936908721924
64272128296706432,43,3,7.262,6.183786978409025,0.8610562445768735,0.7912545204162598
64272128296706432,44,3,7.262,6.975910004607953,0.8610562445768735,0.843600869178772
64272128296706432,70,3,7.262,7.1059922131795945,0.8610562445768735,0.8516247272491455
64272128296706432,71,3,7.262,6.80549181735043,0.8610562445768735,0.8328595161437988
67747615832673408,42,0,0.44885,0.7267605346268531,-0.3478987704805362,-0.1386086642742157
67747615832673408,43,0,0.44885,0.6498331581456449,-0.3478987704805362,-0.18719813227653503
67747615832673408,44,0,0.44885,0.5375220699991338,-0.3478987704805362,-0.2696036994457245
67747615832673408,70,0,0.44885,0.8360120573973966,-0.3478987704805362,-0.07778745889663696
67747615832673408,71,0,0.44885,0.6283415935567218,-0.3478987704805362,-0.20180419087409973
68192093408157568,42,1,0.302,0.4617508782090981,-0.5199930570428494,-0.33559226989746094
68192093408157568,43,1,0.302,0.3994524654592473,-0.5199930570428494,-0.398534893989563
68192093408157568,44,1,0.302,0.5276376237821472,-0.5199930570428494,-0.2776642441749573
68192093408157568,70,1,0.302,0.4503969568906248,-0.5199930570428494,-0.3464045524597168
68192093408157568,71,1,0.302,0.5437892254017409,-0.5199930570428494,-0.26456940174102783
67736070960579072,42,0,0.358,0.5998616643022755,-0.44611697335612566,-0.22194889187812805
67736070960579072,43,0,0.358,0.7885993725540881,-0.44611697335612566,-0.10314357280731201
67736070960579072,44,0,0.358,0.6867264840258404,-0.44611697335612566,-0.16321620345115662
64574352259640192,42,3,0.5601,0.8116422398776426,-0.2517344273312592,-0.09063535928726196
64574352259640192,43,3,0.5601,0.3726580356343583,-0.2517344273312592,-0.42868950963020325
64574352259640192,44,3,0.5601,0.3936799963310766,-0.2517344273312592,-0.4048566520214081
64574352259640192,70,3,0.5601,0.4444131950792108,-0.2517344273312592,-0.352213054895401
64574352259640192,71,3,0.5601,0.417469212651849,-0.2517344273312592,-0.37937554717063904
64250477365329536,42,0,1.726,1.3324574650342063,0.2370407913791908,0.12465335428714752
64250477365329536,43,0,1.726,1.5921876655727043,0.2370407913791908,0.20199425518512726
64250477365329536,44,0,1.726,1.7586550017372573,0.2370407913791908,0.2451806515455246
64250477365329536,70,0,1.726,1.618612013488149,0.2370407913791908,0.2091427594423294
64250477365329536,71,0,1.726,0.9202752288657463,0.2370407913791908,-0.03608226776123047
64671903852618624,42,3,2.1114,2.4473687614725796,0.32457051721883534,0.38869941234588623
64671903852618624,43,3,2.1114,2.575559723222177,0.32457051721883534,0.41087162494659424
64671903852618624,44,3,2.1114,2.5113332139698383,0.32457051721883534,0.3999043405056
64671903852618624,70,3,2.1114,2.349333539431878,0.32457051721883534,0.37094467878341675
64671903852618624,71,3,2.1114,2.2687206223190386,0.32457051721883534,0.35578101873397827
67732257029618048,42,1,3.755267,3.9258855573389324,0.5746408208353415,0.5939376354217529
67732257029618048,43,1,3.755267,2.842719707148409,0.5746408208353415,0.45373404026031494
67732257029618048,44,1,3.755267,5.615510339278881,0.5746408208353415,0.7493892312049866
67732257029618048,70,1,3.755267,4.182964896859989,0.5746408208353415,0.6214842200279236
67732257029618048,71,1,3.755267,4.818678002618103,0.5746408208353415,0.6829279065132141
67756789882795008,42,4,0.896933,1.0062708043084436,-0.047239997108690715,0.002714872360229492
67756789882795008,43,4,0.896933,0.7968209613223076,-0.047239997108690715,-0.09863924980163574
67756789882795008,44,4,0.896933,0.7298348975122094,-0.047239997108690715,-0.13677537441253662
67756789882795008,70,4,0.896933,0.6225254168949018,-0.047239997108690715,-0.20584291219711304
67756789882795008,71,4,0.896933,0.6342718238494303,-0.047239997108690715,-0.1977245807647705
68174191984522368,42,2,0.773267,1.4960449386935932,-0.11167052341009166,0.17494463920593262
68174191984522368,43,2,0.773267,0.683274203520028,-0.11167052341009166,-0.16540497541427612
68174191984522368,44,2,0.773267,0.60566302686101,-0.11167052341009166,-0.21776893734931946
68147391388599808,42,4,0.3847,0.5761672011175227,-0.41487781369318455,-0.23945146799087524
68147391388599808,43,4,0.3847,0.643173425607059,-0.41487781369318455,-0.19167190790176392
68147391388599808,44,4,0.3847,0.4556764010219703,-0.41487781369318455,-0.3413434624671936
68145707761492608,42,3,0.5571,0.38924307821560555,-0.25406684154055714,-0.4097791016101837
68145707761492608,43,3,0.5571,0.39472427600152926,-0.25406684154055714,-0.4037061631679535
68145707761492608,44,3,0.5571,0.432156518585911,-0.25406684154055714,-0.36435893177986145
68145707761492608,70,3,0.5571,0.44786509515461437,-0.25406684154055714,-0.3488527834415436
68145707761492608,71,3,0.5571,0.4481080791838221,-0.25406684154055714,-0.34861722588539124
64656201452146304,42,1,0.69605,0.543690794406138,-0.15735956219382066,-0.2646480202674866
64656201452146304,43,1,0.69605,0.6673856758493749,-0.15735956219382066,-0.1756231188774109
64656201452146304,44,1,0.69605,0.7131789209589446,-0.15735956219382066,-0.14680150151252747
64656201452146304,70,1,0.69605,0.4879834538344135,-0.15735956219382066,-0.3115949034690857
64656201452146304,71,1,0.69605,0.4767107026110349,-0.15735956219382066,-0.3217450976371765
64600813554014592,42,0,1.0805,1.3661795409758044,0.03362477121926014,0.13550777733325958
64600813554014592,43,0,1.0805,0.9171450303461095,0.03362477121926014,-0.03756198287010193
64600813554014592,44,0,1.0805,1.1910959099855696,0.03362477121926014,0.07594673335552216
64600813554014592,70,0,1.0805,1.2131488786578617,0.03362477121926014,0.08391410112380981
64600813554014592,71,0,1.0805,1.1477758965099552,0.03362477121926014,0.05985710024833679
64653383953596032,42,2,0.482,0.4097568364681526,-0.31695296176115045,-0.38747379183769226
64653383953596032,43,2,0.482,0.4724580201506709,-0.31695296176115045,-0.32563677430152893
64653383953596032,44,2,0.482,0.4128092203205819,-0.31695296176115045,-0.38425061106681824
68170721650939264,42,4,0.670467,0.5784022571005938,-0.1736225930108856,-0.23777002096176147
68170721650939264,43,4,0.670467,0.6038283120397425,-0.1736225930108856,-0.21908652782440186
68170721650939264,44,4,0.670467,0.4293451873560966,-0.1736225930108856,-0.36719340085983276
68129764842889600,42,4,4.535133,5.830121840052919,0.6565900279604174,0.7656776309013367
68129764842889600,43,4,4.535133,5.266673526876002,0.6565900279604174,0.72153639793396
68129764842889600,44,4,4.535133,5.39870148437382,0.6565900279604174,0.7322893142700195
68129764842889600,70,4,4.535133,4.0942177300836455,0.6565900279604174,0.612170934677124
68129764842889600,71,4,4.535133,4.403651020750634,0.6565900279604174,0.643812894821167
65125864716379264,42,1,8.3038,7.524109861858885,0.9192768804920529,0.8764551281929016
65125864716379264,43,1,8.3038,5.491024088607851,0.9192768804920529,0.7396533489227295
65125864716379264,44,1,8.3038,5.4300391566605155,0.9192768804920529,0.7348029613494873
65125864716379264,70,1,8.3038,6.301649904804041,0.9192768804920529,0.7994542717933655
65125864716379264,71,1,8.3038,7.191956431601824,0.9192768804920529,0.8568470478057861
65125452399528320,42,1,2.3335,3.5305360861997106,0.3680078052211747,0.5478406548500061
65125452399528320,43,1,2.3335,2.986928677550682,0.3680078052211747,0.4752248525619507
65125452399528320,44,1,2.3335,3.2579364766790975,0.3680078052211747,0.5129426121711731
65119469509073152,42,2,0.3272,0.5041598571960769,-0.48518670500071465,-0.29743173718452454
65119469509073152,43,2,0.3272,0.3757095704320406,-0.48518670500071465,-0.42514774203300476
65119469509073152,44,2,0.3272,0.571090213424949,-0.48518670500071465,-0.24329528212547302
65119469509073152,70,2,0.3272,0.6958891822038697,-0.48518670500071465,-0.15745991468429565
65119469509073152,71,2,0.3272,0.7212620516571409,-0.48518670500071465,-0.14190691709518433
65119164567417856,42,3,4.389333,4.094420022665392,0.6423985301674797,0.6121923923492432
65119164567417856,43,3,4.389333,4.213182822217967,0.6423985301674797,0.6246103048324585
65119164567417856,44,3,4.389333,2.6932956105134864,0.6423985301674797,0.4302840232849121
65119164567417856,70,3,4.389333,5.1362422248725,0.6423985301674797,0.7106454968452454
65119164567417856,71,3,4.389333,5.298143492504398,0.6423985301674797,0.7241237163543701
64445988572906752,42,4,1.326,1.3902442178211363,0.12254352406875435,0.1430910974740982
64445988572906752,43,4,1.326,1.5146721447234208,0.12254352406875435,0.18031863868236542
64445988572906752,44,4,1.326,1.3747175296113001,0.12254352406875435,0.13821347057819366
64445988572906752,70,4,1.326,1.306213947247463,0.12254352406875435,0.11601431667804718
64445988572906752,71,4,1.326,0.6489277023484848,0.12254352406875435,-0.18780368566513062
64215125490886656,42,2,3.74105,0.47366250894525247,0.572993512683365,-0.3245309889316559
64215125490886656,43,2,3.74105,0.5032450531987483,0.572993512683365,-0.2982204854488373
64215125490886656,44,2,3.74105,0.520326589767606,0.572993512683365,-0.28372398018836975
64215125490886656,70,2,3.74105,1.996679580524624,0.572993512683365,0.30030837655067444
64215125490886656,71,2,3.74105,1.3712401674534171,0.572993512683365,0.1371135264635086
63436396380626688,42,4,0.534,1.7580068719380222,-0.27245874297144357,0.2450205683708191
63436396380626688,43,4,0.534,0.8420077626115581,-0.27245874297144357,-0.07468390464782715
63436396380626688,44,4,0.534,0.6209990553269037,-0.27245874297144357,-0.20690906047821045
63410622280810368,42,1,0.345067,0.4462981869386584,-0.46209657186811287,-0.35037487745285034
63410622280810368,44,1,0.345067,0.44080936257755593,-0.46209657186811287,-0.3557491898536682
63410622280810368,70,1,0.345067,0.3410129503417014,-0.46209657186811287,-0.46722912788391113
63410622280810368,71,1,0.345067,0.46637423586526694,-0.46209657186811287,-0.3312654495239258
57319916274721920,43,2,0.706,0.41461390493192685,-0.15119529894819625,-0.3823561370372772
57319916274721920,70,2,0.706,0.40593095555621556,-0.15119529894819625,-0.391547828912735
57319916274721920,71,2,0.706,0.35904878324059336,-0.15119529894819625,-0.4448465406894684
64401389632616960,42,1,0.7453,0.5844122911416089,-0.1276688787697494,-0.23328065872192383
64401389632616960,43,1,0.7453,0.49039473331340233,-0.1276688787697494,-0.30945420265197754
64401389632616960,44,1,0.7453,0.4897504508386224,-0.1276688787697494,-0.310025155544281
64401389632616960,70,1,0.7453,0.4334880563769655,-0.1276688787697494,-0.3630228638648987
64401389632616960,71,1,0.7453,0.7140539668714482,-0.1276688787697494,-0.14626896381378174
65047043476608128,42,2,0.83915,0.8977348748254323,-0.07616040109072414,-0.046851903200149536
65047043476608128,43,2,0.83915,0.4327474841072797,-0.07616040109072414,-0.3637654483318329
65047043476608128,44,2,0.83915,0.47793636421818425,-0.07616040109072414,-0.32062992453575134
65047043476608128,70,2,0.83915,0.40839658966053005,-0.07616040109072414,-0.3889178931713104
65047043476608128,71,2,0.83915,0.4370334131639993,-0.07616040109072414,-0.35948535799980164
65101606741121792,42,0,0.538267,0.8474125542385389,-0.26900224503517095,-0.07190510630607605
65101606741121792,43,0,0.538267,0.6064721147320047,-0.26900224503517095,-0.21718916296958923
65101606741121792,44,0,0.538267,0.6442465179193528,-0.26900224503517095,-0.19094792008399963
65101606741121792,70,0,0.538267,0.5966932757078994,-0.26900224503517095,-0.22424885630607605
65101606741121792,71,0,0.538267,0.48012262107223547,-0.26900224503517095,-0.3186478316783905
65107860213588096,42,4,10.067267,7.583280541542624,1.0029115869474337,0.8798571228981018
65107860213588096,43,4,10.067267,6.355531066402487,1.0029115869474337,0.8031518459320068
65107860213588096,44,4,10.067267,5.287083581217775,1.0029115869474337,0.72321617603302
65107860213588096,70,4,10.067267,9.04627848320162,1.0029115869474337,0.9564699530601501
65107860213588096,71,4,10.067267,8.210792564142446,1.0029115869474337,0.9143850803375244
65150947325369600,42,0,5.474867,4.22258270969101,0.738373573399338,0.6255781650543213
65150947325369600,43,0,5.474867,4.261867941001271,0.738373573399338,0.6295999884605408
65150947325369600,44,0,5.474867,5.195552329718621,0.738373573399338,0.7156317234039307
65150947325369600,70,0,5.474867,5.413262844178013,0.738373573399338,0.7334591150283813
65150947325369600,71,0,5.474867,4.0456711247783375,0.738373573399338,0.6069905757904053
68152820227358720,42,0,1.4564,1.1964199492337786,0.16328067026190615,0.07788364589214325
68152820227358720,43,0,1.4564,1.1287154488439453,0.16328067026190615,0.05258446931838989
68152820227358720,44,0,1.4564,1.1864682938888067,0.16328067026190615,0.07425613701343536
68152820227358720,70,0,1.4564,1.336411773653317,0.16328067026190615,0.12594029307365417
68152820227358720,71,0,1.4564,1.419181231269088,0.16328067026190615,0.1520378589630127
68156290560900480,42,4,0.344733,0.3778020489581907,-0.46251714121659526,-0.42273569107055664
68156290560900480,43,4,0.344733,0.37284437920072894,-0.46251714121659526,-0.4284723997116089
68156290560900480,44,4,0.344733,0.4434540432458618,-0.46251714121659526,-0.3531513810157776
68156290560900480,70,4,0.344733,0.34665179100025323,-0.46251714121659526,-0.4601065516471863
68156290560900480,71,4,0.344733,0.4838957509758343,-0.46251714121659526,-0.31524819135665894
68162028637205888,42,0,0.4251,0.48980688165809044,-0.3715088950328772,-0.30997511744499207
68162028637205888,43,0,0.4251,0.47194675535992386,-0.3715088950328772,-0.326106995344162
68162028637205888,44,0,0.4251,0.5475898442203734,-0.3715088950328772,-0.2615446150302887
68162028637205888,70,0,0.4251,0.5832758542504527,-0.3715088950328772,-0.2341260015964508
68162028637205888,71,0,0.4251,0.5790877752588439,-0.3715088950328772,-0.23725560307502747
68161921261591808,42,2,0.157,0.4953570682108597,-0.8041003475907662,-0.30508163571357727
68161921261591808,43,2,0.157,0.4102451517288399,-0.8041003475907662,-0.3869565427303314
68161921261591808,44,2,0.157,0.42942288749961677,-0.8041003475907662,-0.3671148121356964
68161921261591808,70,2,0.157,0.5713243015088583,-0.8041003475907662,-0.2431173026561737
68161921261591808,71,2,0.157,0.4725220239251609,-0.8041003475907662,-0.3255779445171356
65151531440914560,42,4,11.00765,4.313967284635142,1.04169461225361,0.6348768472671509
65151531440914560,43,4,11.00765,9.088558790833401,1.04169461225361,0.958495020866394
65151531440914560,44,4,11.00765,5.6144129705619505,1.04169461225361,0.7493043541908264
65151531440914560,70,4,11.00765,7.585157274052112,1.04169461225361,0.8799645900726318
65151531440914560,71,4,11.00765,6.961231185224156,1.04169461225361,0.8426860570907593
65153833543386624,42,3,7.762533,6.601587516473156,0.8900034594567705,0.8196483850479126
65153833543386624,43,3,7.762533,6.145727008048282,0.8900034594567705,0.7885732650756836
65153833543386624,44,3,7.762533,8.406011727525936,0.8900034594567705,0.924589991569519
65153833543386624,70,3,7.762533,7.81955715705909,0.8900034594567705,0.8931821584701538
65153833543386624,71,3,7.762533,8.269046512552666,0.8900034594567705,0.9174554347991943
65147438335354624,42,2,0.516533,0.4145639465912234,-0.28690192727101255,-0.38240846991539
65147438335354624,43,2,0.516533,0.4736056956225561,-0.28690192727101255,-0.3245830833911896
65147438335354624,44,2,0.516533,0.338827183320104,-0.28690192727101255,-0.4700217545032501
65147438335354624,70,2,0.516533,0.3872185553173348,-0.28690192727101255,-0.41204383969306946
65147438335354624,71,2,0.516533,0.40464760356391133,-0.28690192727101255,-0.3929230272769928
65042439271761280,42,3,0.2942,0.46341115208963385,-0.5313573316084886,-0.3340335190296173
65042439271761280,43,3,0.2942,0.436296274774918,-0.5313573316084886,-0.36021849513053894
65042439271761280,44,3,0.2942,0.43971137875595745,-0.5313573316084886,-0.3568322956562042
65040686925109760,42,4,6.834667,3.474462224298588,0.8347173596374884,0.5408875942230225
65040686925109760,43,4,6.834667,4.756489098326313,0.8347173596374884,0.6772865056991577
65040686925109760,44,4,6.834667,3.3491825656017937,0.8347173596374884,0.5249388217926025
65026839950559744,42,3,2.104,7.6036642217105275,0.32304573548170146,0.8810229301452637
65026839950559744,43,3,2.104,8.022634769066247,0.32304573548170146,0.9043170213699341
65026839950559744,44,3,2.104,8.503341660232056,0.32304573548170146,0.9295896291732788
65026839950559744,70,3,2.104,13.584704731983216,0.32304573548170146,1.1330502033233643
65026839950559744,71,3,2.104,6.923711215680271,0.32304573548170146,0.840338945388794
63340154753661440,70,3,0.4653,0.43803311098500874,-0.33226694746673263,-0.35849305987358093
63340154753661440,71,3,0.4653,0.5528978182977903,-0.33226694746673263,-0.25735512375831604
64317998547641344,42,2,2.37935,2.5472290394332795,0.3764583310193463,0.40606799721717834
64317998547641344,43,2,2.37935,2.220308767926663,0.3764583310193463,0.34641337394714355
64317998547641344,44,2,2.37935,1.891442149160706,0.3764583310193463,0.27679306268692017
64317998547641344,70,2,2.37935,2.2065980879211615,0.3764583310193463,0.34372323751449585
64317998547641344,71,2,2.37935,2.4659110094334618,0.3764583310193463,0.3919773995876312
64456262134709376,42,0,1.9793,0.7712007686727982,0.2965116246612989,-0.11283254623413086
64456262134709376,43,0,1.9793,0.851631326430533,0.2965116246612989,-0.06974837183952332
64456262134709376,44,0,1.9793,1.0039980193162694,0.2965116246612989,0.001732856035232544
64456262134709376,70,0,1.9793,1.0627670650057037,0.2965116246612989,0.026438087224960327
64456262134709376,71,0,1.9793,0.7495496126149996,0.2965116246612989,-0.12519961595535278
65023232178029440,42,4,0.325,0.4526192173337602,-0.4881166390211256,-0.34426701068878174
65023232178029440,43,4,0.325,0.43044868440949796,-0.4881166390211256,-0.36607861518859863
65023232178029440,44,4,0.325,0.38161434070897654,-0.4881166390211256,-0.41837531328201294
65023232178029440,70,4,0.325,0.4113285455702001,-0.4881166390211256,-0.3858111500740051
65023232178029440,71,4,0.325,0.44837214780844004,-0.4881166390211256,-0.34836137294769287
65027905102436608,42,2,4.200933,4.52235294649087,0.6233457551008761,0.655364453792572
65027905102436608,43,2,4.200933,4.065366331813422,0.6233457551008761,0.6090996861457825
65027905102436608,44,2,4.200933,5.1113120166003885,0.6233457551008761,0.7085323929786682
65027905102436608,70,2,4.200933,5.53717233203369,0.6233457551008761,0.7432880401611328
65027905102436608,71,2,4.200933,5.049103668621356,0.6233457551008761,0.7032142877578735
65053915424355584,42,1,1.0169,0.440210710552772,0.00727824733424432,-0.35633939504623413
65053915424355584,43,1,1.0169,0.3374151861875493,0.00727824733424432,-0.4718353748321533
65053915424355584,44,1,1.0169,0.5182242272232194,0.00727824733424432,-0.2854822874069214
65053915424355584,70,1,1.0169,0.40991700256734037,0.00727824733424432,-0.38730406761169434
65053915424355584,71,1,1.0169,0.5402821219565129,0.00727824733424432,-0.26737940311431885
65134592089910656,42,4,3.0115835,2.961155448569024,0.4787949090428792,0.4714612066745758
65134592089910656,43,4,3.0115835,2.975729862054851,0.4787949090428792,0.47359350323677063
65134592089910656,44,4,3.0115835,3.4785951703816824,0.4787949090428792,0.5414038896560669
65134592089910656,70,4,3.0115835,2.321760549954375,0.4787949090428792,0.36581742763519287
65134592089910656,71,4,3.0115835,2.336538868639751,0.4787949090428792,0.36857300996780396
65156891560085504,42,3,0.495867,0.5367979686817888,-0.3046347930897751,-0.2701891362667084
65156891560085504,43,3,0.495867,0.3801480320993837,-0.3046347930897751,-0.42004725337028503
65156891560085504,44,3,0.495867,0.4205600000552848,-0.3046347930897751,-0.3761720359325409
65156891560085504,70,3,0.495867,0.4465821500512826,-0.3046347930897751,-0.3500986397266388
65156891560085504,71,3,0.495867,0.40694411304486466,-0.3046347930897751,-0.39046522974967957
65161250950264192,42,0,0.88845,0.7826813161808758,-0.051367008303375254,-0.1064150333404541
65161250950264192,43,0,0.88845,1.0306433430580961,-0.051367008303375254,0.013108402490615845
65161250950264192,44,0,0.88845,0.6291103452701663,-0.051367008303375254,-0.20127317309379578
65155856471318912,42,2,0.351933,0.4246502100307974,-0.45354000839653713,-0.37196865677833557
65155856471318912,43,2,0.351933,0.32280805448420147,-0.45354000839653713,-0.4910556375980377
65155856471318912,44,2,0.351933,0.3917096956317315,-0.45354000839653713,-0.4070356786251068
65155856471318912,70,2,0.351933,0.40725174459366964,-0.45354000839653713,-0.39013704657554626
65155856471318912,71,2,0.351933,0.41576871831405443,-0.45354000839653713,-0.38114818930625916
65136791113382912,42,3,0.6802,0.4877222948730351,-0.16736337240329666,-0.3118273913860321
65136791113382912,43,3,0.6802,0.6945685701894568,-0.16736337240329666,-0.15828487277030945
65136791113382912,44,3,0.6802,0.6043860097895564,-0.16736337240329666,-0.2186855971813202
65136791113382912,70,3,0.6802,0.4955781372977879,-0.16736337240329666,-0.3048878610134125
65136791113382912,71,3,0.6802,0.4624297518828824,-0.16736337240329666,-0.33495423197746277
65129506848731136,42,0,0.338,0.3948339390865128,-0.47108329972234525,-0.4035855233669281
65129506848731136,43,0,0.338,0.4131588218955117,-0.47108329972234525,-0.38388296961784363
65129506848731136,44,0,0.338,0.3728859579075036,-0.47108329972234525,-0.4284239709377289
65129506848731136,70,0,0.338,0.41456462935257044,-0.47108329972234525,-0.3824077546596527
65129506848731136,71,0,0.338,0.40022118883221,-0.47108329972234525,-0.39769992232322693
65079788307324672,42,0,1.549667,0.958062636621651,0.19023838488016698,-0.018606096506118774
65079788307324672,43,0,1.549667,1.1725178242060224,0.19023838488016698,0.06911945343017578
65079788307324672,44,0,1.549667,1.197531746127886,0.19023838488016698,0.0782870352268219
65079788307324672,70,0,1.549667,1.6334716794002455,0.19023838488016698,0.21311160922050476
65079788307324672,71,0,1.549667,1.7402097565570838,0.19023838488016698,0.24060159921646118
65038281743395584,42,4,0.4038,0.3563115776397173,-0.3938336853923795,-0.4481700658798218
65038281743395584,43,4,0.4038,0.4096423258591642,-0.3938336853923795,-0.38759517669677734
65038281743395584,44,4,0.4038,0.4290614376055884,-0.3938336853923795,-0.3674805164337158
65038281743395584,70,4,0.4038,0.4537484674903856,-0.3938336853923795,-0.34318482875823975
65038281743395584,71,4,0.4038,0.42827326083115336,-0.3938336853923795,-0.36827903985977173
65037731987586304,42,0,0.428867,0.5840437335007576,-0.36767737010338314,-0.2335546314716339
65037731987586304,43,0,0.428867,0.6368663893654416,-0.36767737010338314,-0.1959516704082489
65037731987586304,44,0,0.428867,0.5611803343187487,-0.36767737010338314,-0.2508975565433502
65037731987586304,70,0,0.428867,0.5250148657377831,-0.36767737010338314,-0.27982839941978455
65037731987586304,71,0,0.428867,0.5420572752448183,-0.36767737010338314,-0.2659548223018646
65029550073165184,42,1,0.593,0.4932943877296261,-0.22694530663573742,-0.30689382553100586
65029550073165184,43,1,0.593,0.3202705502366856,-0.22694530663573742,-0.49448299407958984
65029550073165184,44,1,0.593,0.39928331824337737,-0.22694530663573742,-0.39871883392333984
65029550073165184,70,1,0.593,0.3792376819101387,-0.22694530663573742,-0.4210885167121887
65029550073165184,71,1,0.593,0.4825084674285901,-0.22694530663573742,-0.31649506092071533
64438841747360768,42,3,6.512,12.81815496424311,0.8137143918811448,1.107825517654419
64438841747360768,43,3,6.512,8.741479526171547,0.8137143918811448,0.9415849447250366
64438841747360768,44,3,6.512,8.939814678503158,0.8137143918811448,0.9513285160064697
64438841747360768,70,3,6.512,11.911977980677612,0.8137143918811448,1.0759838819503784
64438841747360768,71,3,6.512,8.909565392023179,0.8137143918811448,0.9498565196990967
64346070453848320,42,4,2.114,2.293678701230849,0.32510498297140744,0.36053258180618286
64346070453848320,43,4,2.114,2.4440837947247083,0.32510498297140744,0.38811609148979187
64346070453848320,44,4,2.114,2.3159332437023634,0.32510498297140744,0.3647260367870331
64346070453848320,70,4,2.114,1.6652131030031858,0.32510498297140744,0.22146981954574585
64346070453848320,71,4,2.114,1.9597583895168724,0.32510498297140744,0.29220253229141235
63146743786148992,70,3,0.91495,0.43930488101997034,-0.03860263852089078,-0.3572339713573456
63146743786148992,71,3,0.91495,0.5205644464141322,-0.03860263852089078,-0.2835254967212677
63449521800719488,42,4,0.4334,0.8102709184934797,-0.3631110930162008,-0.09136974811553955
63449521800719488,43,4,0.4334,0.4627568129132876,-0.3631110930162008,-0.33464717864990234
63449521800719488,44,4,0.4334,0.3433403287982875,-0.3631110930162008,-0.46427518129348755
63449521800719488,70,4,0.4334,0.45006989089019567,-0.3631110930162008,-0.34672003984451294
63449521800719488,71,4,0.4334,0.5425899412045192,-0.3631110930162008,-0.26552826166152954
63547378335443200,42,1,4.035,7.524207963745051,0.6058435390580892,0.8764607906341553
63547378335443200,43,1,4.035,7.995266150139736,0.6058435390580892,0.9028329253196716
63547378335443200,44,1,4.035,7.748818641958202,0.6058435390580892,0.8892354965209961
63547378335443200,70,1,4.035,7.504354500361397,0.6058435390580892,0.8753133416175842
63547378335443200,71,1,4.035,6.79320750292933,0.6058435390580892,0.8320748805999756
64433924008996224,42,2,0.1749,0.4335112893936856,-0.7572101905213234,-0.3629995882511139
64433924008996224,43,2,0.1749,0.4763167062849838,-0.7572101905213234,-0.32210418581962585
64433924008996224,44,2,0.1749,0.3918203495556648,-0.7572101905213234,-0.40691301226615906
64433924008996224,70,2,0.1749,0.4141222651269409,-0.7572101905213234,-0.3828714191913605
64433924008996224,71,2,0.1749,0.4879312510367875,-0.7572101905213234,-0.3116413652896881
64818203322590208,42,4,0.50435,0.6989343376801063,-0.2972679748357351,-0.155563622713089
64818203322590208,43,4,0.50435,0.4603576400268547,-0.2972679748357351,-0.3369046449661255
64818203322590208,44,4,0.50435,0.6342342191532462,-0.2972679748357351,-0.19775032997131348
64836349560719232,42,3,0.777,0.7995172330818905,-0.10957898119908573,-0.09717217087745667
64836349560719232,43,3,0.777,0.7307911573460258,-0.10957898119908573,-0.136206716299057
64836349560719232,44,3,0.777,0.707391877420667,-0.10957898119908573,-0.15033993124961853
64836349560719232,70,3,0.777,0.9146232324447768,-0.10957898119908573,-0.038757771253585815
64836349560719232,71,3,0.777,0.7334501494692413,-0.10957898119908573,-0.13462939858436584
64840541448791424,42,3,0.3058,0.5215193943821287,-0.5145625189236986,-0.28272953629493713
64840541448791424,43,3,0.3058,0.47009441675477315,-0.5145625189236986,-0.32781490683555603
64840541448791424,44,3,0.3058,0.5393782750034909,-0.5145625189236986,-0.2681065499782562
64840541448791424,70,3,0.3058,0.5030489390119164,-0.5145625189236986,-0.2983897626399994
64840541448791424,71,3,0.3058,0.49104980387920416,-0.5145625189236986,-0.3088744580745697
64843805623922688,42,4,1.2522,0.6519525941173129,0.09767369944909765,-0.1857839822769165
64843805623922688,43,4,1.2522,0.6175548273557131,0.09767369944909765,-0.20932447910308838
64843805623922688,44,4,1.2522,0.6486643106247593,0.09767369944909765,-0.18797999620437622
64843805623922688,70,4,1.2522,0.7344110957584843,0.09767369944909765,-0.13406077027320862
64843805623922688,71,4,1.2522,0.6783671782072465,0.09767369944909765,-0.16853517293930054
65237911823760640,42,2,0.7702,0.8344466015935433,-0.1133964857132877,-0.07860144972801208
65237911823760640,43,2,0.7702,0.7811373514134711,-0.1133964857132877,-0.10727259516716003
65237911823760640,44,2,0.7702,0.6668587994055255,-0.1133964857132877,-0.17596611380577087
1401005829306968064,16,2,10.586,8.137863871674245,1.024731889655249,0.9105104207992554
1401005829306968064,23,2,10.586,10.120840916885037,1.024731889655249,1.0052165985107422
1401005829306968064,24,2,10.586,7.740294186126535,1.024731889655249,0.8887574672698975
1401005829306968064,50,2,10.586,5.283716304791886,1.024731889655249,0.7229394912719727
1401005829306968064,51,2,10.586,6.67167440197977,1.024731889655249,0.8242348432540894
440958249267343232,85,1,1.235,1.8637315534981755,0.09166695759568456,0.270383358001709
440958249267343232,86,1,1.235,1.2036543641406703,0.09166695759568456,0.08050179481506348
439722604355413504,58,4,0.684,3.9429780629226783,-0.16494389827988373,0.5958243608474731
439722604355413504,85,4,0.684,5.65292394343091,-0.16494389827988373,0.7522731423377991
439722604355413504,86,4,0.684,1.90908915690798,-0.16494389827988373,0.280826210975647
436253851328943104,58,2,3.516,3.1294843842005964,0.5460488664017343,0.49547278881073
436253851328943104,85,2,3.516,3.0611810597409352,0.5460488664017343,0.4858890175819397
439718962223158016,85,4,4.108,5.563412999655857,0.6136304349252405,0.7453413009643555
439718962223158016,86,4,4.108,4.490294106018393,0.6136304349252405,0.6522747874259949
1851787179879007232,55,2,8.05,6.956906511674245,0.9057958803678685,0.8424161672592163
436309342307271808,58,0,3.111,1.6633466206404306,0.4929000111087034,0.22098276019096375
436309342307271808,85,0,3.111,13.06520671165684,0.4929000111087034,1.1161162853240967
436309342307271808,86,0,3.111,1.905381878199428,0.4929000111087034,0.2799820303916931
436536254019633664,58,1,1.416,1.8009967246656229,0.15106325335375018,0.25551292300224304
436536254019633664,86,1,1.416,0.8843992371463147,0.15106325335375018,-0.053351640701293945
436456264547458560,58,4,0.758,0.7391062116067848,-0.12033079436794646,-0.1312931478023529
436456264547458560,86,4,0.758,0.8030064337552429,-0.12033079436794646,-0.0952809751033783
435680765247601536,58,3,4.821,4.261451498970364,0.6831371314830069,0.6295575499534607
435680765247601536,86,3,4.821,4.463886041819422,0.6831371314830069,0.6497130990028381
435672999950860160,58,4,1.514,1.6711007244792766,0.18012587516405396,0.223002627491951
435672999950860160,86,4,1.514,1.3131407717716406,0.18012587516405396,0.11831128597259521
435509516316497920,58,0,1.333,0.9924492404479179,0.1248301494138592,-0.003291696310043335
435509516316497920,86,0,1.333,1.371059323468923,0.1248301494138592,0.13705624639987946
442555358625377024,58,3,2.448,2.2592891108618884,0.38881141347352355,0.35397180914878845
436477017829810944,58,2,4.212,4.021620184962163,0.6244883625134489,0.6044010519981384
436477017829810944,86,2,4.212,4.443135125722322,0.6244883625134489,0.6476895213127136
5000558443376465408,2,2,6.314,5.891325356797282,0.8003045775561985,0.7702130079269409
5000558443376465408,29,2,6.314,2.022044839463049,0.8003045775561985,0.3057907819747925
5000558443376465408,69,2,6.314,5.173032141276316,0.8003045775561985,0.7137451767921448
1013652173512807040,47,0,8.81,5.54813782475493,0.9449759084120479,0.7441472411155701
6648834361774839040,13,2,6.9,5.894463380100918,0.8388490907372553,0.7704442739486694
6648834361774839040,39,2,6.9,3.4513458735422797,0.8388490907372553,0.5379884839057922
6648834361774839040,66,2,6.9,9.561490829406116,0.8388490907372553,0.9805256128311157
6648834361774839040,93,2,6.9,4.414130694161053,0.8388490907372553,0.644845187664032
6653162456161626368,13,4,1.2,1.3299597547242688,0.07918124604762482,0.12383849918842316
6653162456161626368,39,4,1.2,1.9264927958342521,0.07918124604762482,0.28476738929748535
6653162456161626368,66,4,1.2,1.175428566372611,0.07918124604762482,0.0701962411403656
6653162456161626368,93,4,1.2,1.8478104210174398,0.07918124604762482,0.26665741205215454
145982742935380096,43,3,2.177,1.0198576489472766,0.33785842904109437,0.008539557456970215
145982742935380096,44,3,2.177,0.9988994226956565,0.33785842904109437,-0.0004782378673553467
3410856112139584000,43,2,0.3695,0.8419297046671762,-0.43238555726915545,-0.07472416758537292
3410856112139584000,44,2,0.3695,0.5554803396107346,-0.43238555726915545,-0.2553313076496124
3410856112139584000,70,2,0.3695,0.39257144897652685,-0.43238555726915545,-0.40608128905296326
3410856112139584000,71,2,0.3695,0.49117247630801664,-0.43238555726915545,-0.3087659776210785
145238687096970496,43,1,1.496,0.8436244532209489,0.17493159352844256,-0.0738508403301239
145238687096970496,44,1,1.496,0.7497601177930469,0.17493159352844256,-0.12507766485214233
145238687096970496,70,1,1.496,0.8079539914210911,0.17493159352844256,-0.09261336922645569
145238687096970496,71,1,1.496,0.8066661185876146,0.17493159352844256,-0.09330618381500244
145210099794710272,70,3,4.974,4.942945474730628,0.6967057809339172,0.6939858198165894
145210099794710272,71,3,4.974,3.027914610675474,0.6967057809339172,0.48114362359046936
145157937416226176,70,3,1.926,1.7156502717440647,0.2846562827885157,0.2344287633895874
145157937416226176,71,3,1.926,2.4855396774624867,0.2846562827885157,0.39542070031166077
145133786815830784,70,4,0.688,1.0628276712386895,-0.16241156176448873,0.026462852954864502
145133786815830784,71,4,0.688,0.6899163493318088,-0.16241156176448873,-0.1612035632133484
5318069604459639552,35,4,0.66,0.6404875421326928,-0.1804560644581313,-0.19348931312561035
5318069604459639552,36,4,0.66,0.6888344480047315,-0.1804560644581313,-0.16188514232635498
5318069604459639552,61,4,0.66,0.6360415873038094,-0.1804560644581313,-0.19651448726654053
5318069604459639552,63,4,0.66,0.6218481739497692,-0.1804560644581313,-0.20631563663482666
3410466133403330944,43,4,13.07,11.703355032797703,1.1162755875805443,1.0683103799819946
3410466133403330944,44,4,13.07,11.4052880044837,1.1162755875805443,1.0571062564849854
146727391481452544,43,1,35.8,0.7729146852431514,1.5538830266438743,-0.11186844110488892
146727391481452544,44,1,35.8,0.6119036207058915,1.5538830266438743,-0.21331697702407837
146727391481452544,70,1,35.8,0.6182429219650482,1.5538830266438743,-0.20884084701538086
146727391481452544,71,1,35.8,0.7210177870855528,1.5538830266438743,-0.14205402135849
145217379763796992,70,4,0.966,0.5302972463534847,-0.015022873584506671,-0.27548062801361084
145217379763796992,71,4,0.966,0.8007589083546715,-0.015022873584506671,-0.09649822115898132
3411274308810562688,43,3,11.93,7.436448029719144,1.0766404436703418,0.8713655471801758
3411274308810562688,44,3,11.93,13.677360758660539,1.0766404436703418,1.1360023021697998
3410390468964390400,43,3,21.94,26.493936207784422,1.3412366232386923,1.4231464862823486
3410390468964390400,44,3,21.94,39.36165426006106,1.3412366232386923,1.5950733423233032
3410390468964390400,70,3,21.94,51.88603196955585,1.3412366232386923,1.715050458908081
3410390468964390400,71,3,21.94,16.065486227839273,1.3412366232386923,1.205893874168396
3410400884263390720,43,3,4.196,2.442764036068395,0.6228354795215202,0.3878815174102783
3410400884263390720,44,3,4.196,2.8010622208849987,0.6228354795215202,0.4473227560520172
146758796282263040,43,2,0.517,0.49162467409980065,-0.2865094569060575,-0.3083663284778595
146758796282263040,44,2,0.517,0.6879820928931114,-0.2865094569060575,-0.16242286562919617
3410505784542875008,43,1,0.92,0.8641081103924472,-0.036212172654444715,-0.06343191862106323
3410505784542875008,44,1,0.92,0.9150510037959829,-0.036212172654444715,-0.03855469822883606
3410505784542875008,70,1,0.92,0.9176645308865767,-0.036212172654444715,-0.03731605410575867
3410505784542875008,71,1,0.92,0.94559839482433,-0.036212172654444715,-0.02429327368736267
144833998098820992,43,0,0.514,0.8451802154175108,-0.28903688100472424,-0.07305067777633667
144833998098820992,44,0,0.514,1.0984880987260706,-0.28903688100472424,0.040795356035232544
146677879098433152,70,3,0.244,7.949685992328101,-0.6126101736612706,0.9003499746322632
146677879098433152,71,3,0.244,10.097354668715036,-0.6126101736612706,1.0042076110839844
146709146460303744,43,3,0.664,0.9042220752263498,-0.1778319206319825,-0.043724894523620605
146709146460303744,44,3,0.664,0.7769039492676174,-0.1778319206319825,-0.10963267087936401
146709146460303744,70,3,0.664,0.7442492006561101,-0.1778319206319825,-0.1282816231250763
146709146460303744,71,3,0.664,0.6719620946288155,-0.1778319206319825,-0.17265522480010986
146708734143437568,43,4,6.619,5.397945774875512,0.8207923810882037,0.7322285175323486
146708734143437568,44,4,6.619,6.769023070786185,0.8207923810882037,0.8305259943008423
146708734143437568,70,4,6.619,11.048540708813047,0.8207923810882037,1.0433049201965332
146708734143437568,71,4,6.619,6.019876295071949,0.8207923810882037,0.7795875668525696
146767764173923328,43,2,1.679,1.3723955158143795,0.2250506961380488,0.1374792903661728
146767764173923328,44,2,1.679,0.9448832617790933,0.2250506961380488,-0.02462184429168701
146767764173923328,70,2,1.679,1.3861584471485617,0.2250506961380488,0.14181287586688995
146767764173923328,71,2,1.679,1.1660309677396878,0.2250506961380488,0.06671008467674255
3410529355323453312,43,3,21.47,45.788983108031,1.3318320444362486,1.6607609987258911
3410529355323453312,44,3,21.47,13.282309966738868,1.3318320444362486,1.1232736110687256
3409356726172456960,43,2,0.8,0.6293569002738284,-0.09691001300805639,-0.20110300183296204
3409356726172456960,44,2,0.8,0.7034588369253569,-0.09691001300805639,-0.152761310338974
3409356726172456960,70,2,0.8,0.6201108818062203,-0.09691001300805639,-0.2075306475162506
3409356726172456960,71,2,0.8,0.5185405746635369,-0.09691001300805639,-0.2852172553539276
3410944730200538496,43,3,0.21,2.1273582225760603,-0.6777807052660807,0.3278406262397766
3410944730200538496,44,3,0.21,0.5310836037105501,-0.6777807052660807,-0.27483710646629333
3410944730200538496,70,3,0.21,0.40812774887263165,-0.6777807052660807,-0.38920387625694275
3410944730200538496,71,3,0.21,0.907480711379521,-0.6777807052660807,-0.04216259717941284
5439029627401396096,9,2,0.311,0.5409503749075062,-0.5072396109731625,-0.2668425738811493
5439029627401396096,35,2,0.311,0.4464378941930915,-0.5072396109731625,-0.35023894906044006
5439029627401396096,36,2,0.311,0.45329629908733743,-0.5072396109731625,-0.34361782670021057
4463908945532756992,79,1,0.72,0.8627786837685554,-0.14266750356873156,-0.06410059332847595
6649788119394186112,13,0,5.452,4.390271720815308,0.7365558471626359,0.6424914002418518
6649788119394186112,66,0,5.452,4.207506046890562,0.7365558471626359,0.6240247488021851
6649788119394186112,93,0,5.452,3.9708960331906473,0.7365558471626359,0.5988885164260864
5065500341757331712,3,0,0.524,0.7624206283887428,-0.28066871301627333,-0.1178053617477417
5065500341757331712,4,0,0.524,0.6624309528055695,-0.28066871301627333,-0.1788593828678131
5065500341757331712,30,0,0.524,0.48006371516666263,-0.28066871301627333,-0.3187011182308197
5065500341757331712,97,0,0.524,1.3808246197205627,-0.28066871301627333,0.14013852179050446
5050649616159457280,3,0,0.451,0.6029027173153476,-0.34582345812203946,-0.21975275874137878
5050649616159457280,4,0,0.451,0.6239949368569659,-0.34582345812203946,-0.2048189342021942
5050649616159457280,30,0,0.451,0.6956399054509045,-0.34582345812203946,-0.1576155126094818
5050649616159457280,31,0,0.451,0.5850624538206136,-0.34582345812203946,-0.232797771692276
5050649616159457280,97,0,0.451,1.050171292727953,-0.34582345812203946,0.02126014232635498
6237045614838931328,91,1,4.498,4.167283243121623,0.6530194510996133,0.6198530197143555
6237347499499399808,91,2,0.3471,2.407009327272747,-0.459545386328588,0.3814777731895447
6237354371447090560,91,1,0.9991,0.9512292438863195,-0.0003910410285829482,-0.02171480655670166
6237360212602676736,91,1,8.16695,4.8242549869502644,0.9120598967430797,0.6834302544593811
6237085506495967872,91,4,2.52875,3.173044542201018,0.4029058957788611,0.5014761686325073
70044628765739776,42,3,8.988,6.976612776845887,0.9536630637470913,0.8436446189880371
70044628765739776,43,3,8.988,8.479504515167653,0.9536630637470913,0.928370475769043
70044628765739776,44,3,8.988,7.259691474419742,0.9536630637470913,0.8609181642532349
70044628765739776,70,3,8.988,8.861369068462173,0.9536630637470913,0.9475008249282837
70044628765739776,71,3,8.988,9.378127064468522,0.9536630637470913,0.9721161127090454
69847610026687104,42,2,3.4241,4.2029633276018,0.5345464396540675,0.623555600643158
69847610026687104,43,2,3.4241,3.5625495374006544,0.5345464396540675,0.5517609119415283
69847610026687104,44,2,3.4241,5.773150230328732,0.5345464396540675,0.7614128589630127
69847610026687104,70,2,3.4241,4.081739905517973,0.5345464396540675,0.6108453273773193
69847610026687104,71,2,3.4241,4.449608563926087,0.5345464396540675,0.648321807384491
69841257769938944,42,1,0.67815,0.7148257920442688,-0.16867423391002448,-0.14579978585243225
69841257769938944,43,1,0.67815,0.58052869051917,-0.16867423391002448,-0.23617631196975708
69841257769938944,44,1,0.67815,0.7829802663889492,-0.16867423391002448,-0.10624918341636658
66838452861270272,42,2,2.3154,2.0576829226805886,0.36462602895504026,0.3133784532546997
66838452861270272,43,2,2.3154,2.1181985002520465,0.36462602895504026,0.32596665620803833
66838452861270272,44,2,2.3154,3.555519639612203,0.36462602895504026,0.5509030818939209
66838452861270272,70,2,2.3154,2.6761299094193336,0.36462602895504026,0.4275071918964386
66838452861270272,71,2,2.3154,2.466836629192953,0.36462602895504026,0.39214038848876953
66811450402457216,42,3,6.363533,9.509331997615982,0.8036983006155136,0.9781500101089478
66811450402457216,43,3,6.363533,6.200709253696425,0.8036983006155136,0.7924413681030273
66811450402457216,44,3,6.363533,9.313662632041662,0.8036983006155136,0.9691205024719238
66811450402457216,70,3,6.363533,8.961149638297458,0.8036983006155136,0.9523637294769287
66811450402457216,71,3,6.363533,5.195141622029564,0.8036983006155136,0.71559739112854
66808839062339712,42,0,1.343533,0.45147626418173237,0.1282483380873062,-0.34536507725715637
66808839062339712,43,0,1.343533,0.4195201405260465,0.1282483380873062,-0.3772471845149994
66808839062339712,44,0,1.343533,0.45457064461468905,0.1282483380873062,-0.34239861369132996
66808839062339712,70,0,1.343533,0.43684319627089596,0.1282483380873062,-0.3596744239330292
66808839062339712,71,0,1.343533,0.5121001549878257,0.1282483380873062,-0.2906450927257538
66808869124393600,42,1,7.14085,8.602688720424677,0.8537499104229712,0.9346342086791992
66808869124393600,43,1,7.14085,8.98185503106353,0.8537499104229712,0.9533660411834717
66808869124393600,44,1,7.14085,8.440657598844272,0.8537499104229712,0.9263762831687927
66808869124393600,70,1,7.14085,8.9415791963336,0.8537499104229712,0.9514142274856567
66808869124393600,71,1,7.14085,10.121874409791047,0.8537499104229712,1.005260944366455
66788669895935616,42,4,1.11265,0.6028449225336419,0.0463585722650485,-0.2197943925857544
66788669895935616,43,4,1.11265,0.6454000528905415,0.0463585722650485,-0.1901710033416748
66788669895935616,44,4,1.11265,0.7273033949398393,0.0463585722650485,-0.13828438520431519
66793583338514816,42,2,8.060246485,7.573230289639945,0.9063483228768757,0.8792811632156372
66793583338514816,43,2,8.060246485,7.515604647625416,0.9063483228768757,0.8759639263153076
66793583338514816,44,2,8.060246485,5.972316785073705,0.9063483228768757,0.7761428356170654
66793583338514816,70,2,8.060246485,6.316637708387872,0.9063483228768757,0.8004859685897827
66793583338514816,71,2,8.060246485,8.218501843331323,0.9063483228768757,0.9147926568984985
66788291938818304,42,2,3.164667,4.3478529619993145,0.500328018406776,0.6382748484611511
66788291938818304,43,2,3.164667,3.378718649142943,0.500328018406776,0.5287520289421082
66788291938818304,44,2,3.164667,2.6453062853376474,0.500328018406776,0.4224759638309479
66788291938818304,70,2,3.164667,3.46516177946751,0.500328018406776,0.5397235155105591
66788291938818304,71,2,3.164667,4.539082922614619,0.500328018406776,0.6569681167602539
66788253282520192,42,1,0.4398,0.5520382471073887,-0.3567447749752284,-0.25803083181381226
66788253282520192,43,1,0.4398,0.6393607317803524,-0.3567447749752284,-0.1942540407180786
66788253282520192,44,1,0.4398,0.6754379572391754,-0.3567447749752284,-0.170414537191391
66787119410915072,42,1,7.5044,6.905509519629334,0.8753159747797129,0.839195728302002
66787119410915072,43,1,7.5044,8.404615889278306,0.8753159747797129,0.9245178699493408
66787119410915072,44,1,7.5044,6.925932290049322,0.8753159747797129,0.840478241443634
66787119410915072,70,1,7.5044,8.937692319466008,0.8753159747797129,0.9512253999710083
66787119410915072,71,1,7.5044,7.501893363246894,0.8753159747797129,0.875170886516571
66786539592171392,42,0,0.891667,0.7712949220079369,-0.04979730600936819,-0.11277952790260315
66786539592171392,43,0,0.891667,1.014002633697427,-0.04979730600936819,0.006039083003997803
66786539592171392,44,0,0.891667,0.5122578241725377,-0.04979730600936819,-0.2905113995075226
66786539592171392,70,0,0.891667,0.7417035825328578,-0.04979730600936819,-0.12976962327957153
66786539592171392,71,0,0.891667,0.4529849078796983,-0.04979730600936819,-0.34391626715660095
66783584654831872,42,4,0.9145835,0.6442405496332495,-0.03877663799097066,-0.19095194339752197
66783584654831872,43,4,0.9145835,1.1635697217353376,-0.03877663799097066,0.06579241156578064
66783584654831872,44,4,0.9145835,0.8052547415157278,-0.03877663799097066,-0.09406670928001404
66783584654831872,70,4,0.9145835,1.0875651275799847,-0.03877663799097066,0.03645527362823486
66783584654831872,71,4,0.9145835,0.6187969050694869,-0.03877663799097066,-0.20845186710357666
66781832308018176,42,2,1.3123,1.5273762328116491,0.11803312882856692,0.18394602835178375
66781832308018176,43,2,1.3123,1.5837389279865384,0.11803312882856692,0.19968359172344208
66781832308018176,44,2,1.3123,1.7432740731405025,0.11803312882856692,0.24136567115783691
66781832308018176,70,2,1.3123,1.8089075338014515,0.11803312882856692,0.25741636753082275
66781832308018176,71,2,1.3123,1.2305603736942463,0.11803312882856692,0.09010292589664459
65225611037551360,42,4,0.870133,0.955987491214258,-0.06041436031073156,-0.01954779028892517
65225611037551360,43,4,0.870133,0.8608706358187869,-0.06041436031073156,-0.06506210565567017
65225611037551360,44,4,0.870133,1.1060188655266765,-0.06041436031073156,0.043762534856796265
65225611037551360,70,4,0.870133,1.1600338141041968,-0.06041436031073156,0.06447064876556396
65225611037551360,71,4,0.870133,0.988368606443382,-0.06041436031073156,-0.005081057548522949
65223515093523328,42,3,0.4679,0.47245231405474963,-0.3298469548078198,-0.32564201951026917
65223515093523328,43,3,0.4679,0.3152411632866847,-0.3298469548078198,-0.5013570785522461
65223515093523328,44,3,0.4679,0.6857701870118094,-0.3298469548078198,-0.16382139921188354
65223618172733952,42,1,6.1264,8.713489323255557,0.7872053490036124,0.9401921033859253
65223618172733952,43,1,6.1264,7.4162601884826715,0.7872053490036124,0.8701849579811096
65223618172733952,44,1,6.1264,8.851636491630247,0.7872053490036124,0.9470235705375671
65223618172733952,70,1,6.1264,6.847231673058528,0.7872053490036124,0.835515022277832
65223618172733952,71,1,6.1264,6.920943710697322,0.7872053490036124,0.8401653170585632
65211557904569856,42,2,2.2331665000000003,2.3545818430177414,0.3489211043233552,0.3719137907028198
65211557904569856,43,2,2.2331665000000003,1.7621569056547766,0.3489211043233552,0.2460445761680603
65211557904569856,44,2,2.2331665000000003,1.2862154630563676,0.3489211043233552,0.1093137264251709
65211557904569856,70,2,2.2331665000000003,3.350563662252753,0.3489211043233552,0.5251178741455078
65211557904569856,71,2,2.2331665000000003,1.911804749899733,0.3489211043233552,0.2814435362815857
65211145587780992,42,1,5.452,1.8984635747871748,0.7365558471626359,0.27840226888656616
65211145587780992,43,1,5.452,5.130522147695985,0.7365558471626359,0.710161566734314
65211145587780992,44,1,5.452,5.648435973248619,0.7365558471626359,0.7519282102584839
65211145587780992,70,1,5.452,0.9451377287528416,0.7365558471626359,-0.024504899978637695
65211145587780992,71,1,5.452,6.629313115510681,0.7365558471626359,0.8214685320854187
66823132713476480,42,3,0.208267,0.47428998848067916,-0.6813795387573738,-0.32395604252815247
66823132713476480,43,3,0.208267,0.6923453704581098,-0.6813795387573738,-0.15967720746994019
66823132713476480,44,3,0.208267,0.4377028284010173,-0.6813795387573738,-0.3588206470012665
66823132713476480,70,3,0.208267,0.5930464675817457,-0.6813795387573738,-0.2269112765789032
66823132713476480,71,3,0.208267,0.4337592849489355,-0.6813795387573738,-0.36275121569633484
66821655244731264,42,2,0.92525,1.061178752236739,-0.0337409062328506,0.025788545608520508
66821655244731264,43,2,0.92525,0.7884465108906191,-0.0337409062328506,-0.10322776436805725
66821655244731264,44,2,0.92525,0.8001148240050876,-0.0337409062328506,-0.09684768319129944
66821655244731264,70,2,0.92525,0.9035740104930081,-0.0337409062328506,-0.044036269187927246
66821655244731264,71,2,0.92525,0.8100246358736573,-0.0337409062328506,-0.09150177240371704
66820590092840960,42,1,2.3219165000000004,2.710552260316578,0.36584659772758493,0.4330577850341797
66820590092840960,43,1,2.3219165000000004,1.6167376317700042,0.36584659772758493,0.20863954722881317
66820590092840960,44,1,2.3219165000000004,2.173519633484929,0.36584659772758493,0.3371635675430298
66820590092840960,70,1,2.3219165000000004,2.3050415924072643,0.36584659772758493,0.36267876625061035
66820590092840960,71,1,2.3219165000000004,2.2479783635252706,0.36584659772758493,0.3517921268939972
66816295125702144,42,2,8.6208,5.284428462268378,0.9355475697068727,0.7229980230331421
66816295125702144,43,2,8.6208,7.56853164332924,0.9355475697068727,0.8790116310119629
66816295125702144,44,2,8.6208,8.44524277535942,0.9355475697068727,0.926612138748169
66816295125702144,70,2,8.6208,8.645832111887534,0.9355475697068727,0.9368067979812622
66816295125702144,71,2,8.6208,7.364047318916754,0.9355475697068727,0.8671165704727173
66792999222948992,42,1,0.9836,0.5184823277619582,-0.007181479933320441,-0.28526604175567627
66792999222948992,43,1,0.9836,0.6747453313301,-0.007181479933320441,-0.17086011171340942
66792999222948992,44,1,0.9836,0.5784034478420605,-0.007181479933320441,-0.23776912689208984
66792999222948992,70,1,0.9836,0.4739634926747513,-0.007181479933320441,-0.324255108833313
66792999222948992,71,1,0.9836,0.6689464941084875,-0.007181479933320441,-0.17460861802101135
66791659193405952,42,0,0.2962,0.6265964369493779,-0.5284149458148103,-0.20301207900047302
66791659193405952,43,0,0.2962,0.6410644931617111,-0.5284149458148103,-0.1930982768535614
66791659193405952,44,0,0.2962,0.6455943774989426,-0.5284149458148103,-0.19004026055335999
66791659193405952,70,0,0.2962,0.5620360517259757,-0.5284149458148103,-0.25023582577705383
66791659193405952,71,0,0.2962,0.5743746947909181,-0.5284149458148103,-0.24080470204353333
66742765285619584,42,3,1.4174165,1.0721918058217494,0.15149748403241378,0.030272483825683594
66742765285619584,43,3,1.4174165,1.5870556671613438,0.15149748403241378,0.20059216022491455
66742765285619584,44,3,1.4174165,1.4464911035782082,0.15149748403241378,0.16031576693058014
66742765285619584,70,3,1.4174165,0.8968403891722238,0.15149748403241378,-0.047284841537475586
66742765285619584,71,3,1.4174165,1.282826437508818,0.15149748403241378,0.10816790163516998
66741116018188416,42,4,0.519,0.5588231625538429,-0.28483264215154214,-0.25272560119628906
66741116018188416,43,4,0.519,1.4438368033572864,-0.28483264215154214,0.15951810777187347
66741116018188416,44,4,0.519,0.4921156833711877,-0.28483264215154214,-0.3079327940940857
66741116018188416,70,4,0.519,0.5850563111507293,-0.28483264215154214,-0.23280233144760132
66741116018188416,71,4,0.519,0.5702259933358508,-0.28483264215154214,-0.24395298957824707
66738023641737088,42,1,0.821733,0.5257236136542919,-0.08526927183114065,-0.27924251556396484
66738023641737088,43,1,0.821733,0.5788085215168972,-0.08526927183114065,-0.23746508359909058
66738023641737088,44,1,0.821733,0.5529825474129715,-0.08526927183114065,-0.2572885751724243
66738023641737088,70,1,0.821733,0.5312879128672644,-0.08526927183114065,-0.2746700644493103
66738023641737088,71,1,0.821733,0.583426891067249,-0.08526927183114065,-0.23401355743408203
66737576965143296,42,0,0.7539,0.5393379318815531,-0.12268625668776158,-0.2681390345096588
66737576965143296,43,0,0.7539,0.5796421524663062,-0.12268625668776158,-0.23684003949165344
66737576965143296,44,0,0.7539,0.37306757686393166,-0.12268625668776158,-0.4282124936580658
66737576965143296,70,0,0.7539,0.8010329358551975,-0.12268625668776158,-0.09634962677955627
66737576965143296,71,0,0.7539,0.49900115441138404,-0.12268625668776158,-0.30189844965934753
66740497542906368,42,1,0.3971,0.5304376585658832,-0.401100112936117,-0.2753656506538391
66740497542906368,43,1,0.3971,0.5989516854324983,-0.401100112936117,-0.22260820865631104
66740497542906368,44,1,0.3971,0.45744235646038267,-0.401100112936117,-0.33966362476348877
66737405166459264,42,4,2.77280608,2.938435110344946,0.4429194976590639,0.4681161046028137
66737405166459264,43,4,2.77280608,2.6990718875782496,0.4429194976590639,0.43121445178985596
66737405166459264,44,4,2.77280608,2.789688529679997,0.4429194976590639,0.445555716753006
66737405166459264,70,4,2.77280608,1.3617937756404985,0.4429194976590639,0.13411134481430054
66737405166459264,71,4,2.77280608,1.527462076413446,0.4429194976590639,0.18397043645381927
66737095928811648,42,3,3.252333,2.7547645602651984,0.5121950057592196,0.4400844871997833
66737095928811648,43,3,3.252333,3.038450652407382,0.5121950057592196,0.4826521873474121
66737095928811648,44,3,3.252333,3.0341291113083453,0.5121950057592196,0.4820340573787689
66737095928811648,70,3,3.252333,2.9903575403179086,0.5121950057592196,0.47572311758995056
66737095928811648,71,3,3.252333,3.2083693300917853,0.5121950057592196,0.5062843561172485
66729674225341696,42,1,1.18875,1.5797275864121234,0.07509052994547033,0.19858220219612122
66729674225341696,43,1,1.18875,0.396410588612372,0.07509052994547033,-0.4018547534942627
66729674225341696,44,1,1.18875,0.5949217391689744,0.07509052994547033,-0.2255401611328125
66729635568719872,42,2,0.174933,0.350039362699349,-0.757128255895686,-0.45588311553001404
66729635568719872,43,2,0.174933,0.4067571111934059,-0.757128255895686,-0.39066484570503235
66729635568719872,44,2,0.174933,0.3627822087324965,-0.757128255895686,-0.44035401940345764
66729635568719872,70,2,0.174933,0.37318372010541506,-0.757128255895686,-0.4280773103237152
66729635568719872,71,2,0.174933,0.35975360126737954,-0.757128255895686,-0.4439948499202728
66715827250786432,42,4,0.6539,0.49636628088025225,-0.18448866263723582,-0.3041977286338806
66715827250786432,43,4,0.6539,0.6130328563695054,-0.18448866263723582,-0.21251624822616577
66715827250786432,44,4,0.6539,0.5717352066425205,-0.18448866263723582,-0.24280506372451782
65208396808627840,42,2,0.483,0.5271719442663042,-0.31605286924848786,-0.27804771065711975
65208396808627840,43,2,0.483,0.593240701944818,-0.31605286924848786,-0.22676905989646912
65208396808627840,44,2,0.483,0.5552532766950686,-0.31605286924848786,-0.2555088698863983
65208396808627840,70,2,0.483,0.5061583045259832,-0.31605286924848786,-0.2957136332988739
65208396808627840,71,2,0.483,0.5762448193734585,-0.31605286924848786,-0.2393929660320282
67270462147226880,43,0,15.26,14.851618723221213,1.1835545336188618,1.1717737913131714
67270462147226880,44,0,15.26,10.695815561110708,1.1835545336188618,1.0292139053344727
67270462147226880,70,0,15.26,9.830352449086748,1.1835545336188618,0.992569088935852
67270462147226880,71,0,15.26,11.877408515402335,1.1835545336188618,1.0747216939926147
66280248847432192,43,0,0.7786,0.769266953441515,-0.10868560061785691,-0.11392292380332947
66280248847432192,44,0,0.7786,2.487544608617252,-0.10868560061785691,0.3957708775997162
66280248847432192,70,0,0.7786,1.1763401840644698,-0.10868560061785691,0.07053293287754059
66280248847432192,71,0,0.7786,0.9563393802386375,-0.10868560061785691,-0.01938796043395996
66161020555461120,43,4,0.5423,0.46866857437765114,-0.26576039556454495,-0.32913416624069214
66161020555461120,44,4,0.5423,0.5154641855219346,-0.26576039556454495,-0.28780150413513184
66161020555461120,70,4,0.5423,0.6109056544798185,-0.26576039556454495,-0.2140258550643921
66161020555461120,71,4,0.5423,0.5812182844075681,-0.26576039556454495,-0.23566073179244995
148420639387738112,43,2,0.664,0.4987254403191142,-0.1778319206319825,-0.30213847756385803
148420639387738112,44,2,0.664,1.010319407732749,-0.1778319206319825,0.004458695650100708
148450875956969344,43,3,5.957,0.99066093813482,0.7750276000988447,-0.004074960947036743
148450875956969344,44,3,5.957,0.39401285690750854,0.7750276000988447,-0.4044896066188812
147232651433766528,43,1,1.83,1.9457279160854584,0.26245108973042947,0.2890821099281311
147232651433766528,44,1,1.83,1.864195865460177,0.26245108973042947,0.2704915404319763
147232651433766528,70,1,1.83,1.7274723771608291,0.26245108973042947,0.23741111159324646
147232651433766528,71,1,1.83,1.3729931522033978,0.26245108973042947,0.13766837120056152
6242670647606717952,91,2,2.448,1.6674047169955966,0.38881141347352355,0.2220410257577896
147441558642852736,43,4,4.427,4.429958086256168,0.6461095219788479,0.6463996171951294
147441558642852736,44,4,4.427,4.416808608527199,0.6461095219788479,0.6451085805892944
147441558642852736,70,4,4.427,3.7899245718013734,0.6461095219788479,0.5786305665969849
147441558642852736,71,4,4.427,4.654045088575043,0.6461095219788479,0.6678305864334106
6237136599427052544,91,4,1.7209,2.3286441628904866,0.235755634586718,0.36710312962532043
6237148384817472256,91,2,15.5286,7.875504452055216,1.1911323031411865,0.8962783813476562
6237167282673719296,91,3,7.8627,6.068162647253417,0.8955717055492459,0.7830572128295898
6246706714275425024,91,0,7.1515,7.127752310076543,0.8543971429758167,0.8529525995254517
6243507856993984000,91,4,1.8469,1.350267935398835,0.2664433812962738,0.13041995465755463
6237190612936085120,91,4,2.56495,5.408729082934716,0.40907890358594723,0.7330952286720276
6237175185413794176,91,0,1.9908,1.08286503249742,0.2990276320719855,0.03457432985305786
6237088289634813056,91,0,2.3933,1.8949574120573673,0.37899714081085145,0.2775994539260864
6247143667069257472,91,3,0.507,1.046646599896234,-0.294992040666664,0.01980006694793701
6243504627178052480,91,3,3.3937,3.662986037668214,0.5306734484403821,0.5638352632522583
6243405701188867328,91,1,1.393,0.7924541615240445,0.1439511164239635,-0.10102584958076477
6237179480381070720,91,2,0.574,0.65027299489568,-0.2410881076020265,-0.18690428137779236
6237173192548569600,91,4,0.6198,0.6580122318473708,-0.20774842809673577,-0.18176603317260742
6237118216966975360,91,2,0.809,0.6280209614931551,-0.09205147838772766,-0.2020258605480194
6237092000486483968,91,1,0.652,1.215526220487062,-0.1857524042680798,0.08476433157920837
6237124539159376256,91,3,2.293,4.792996811312746,0.36040405472993886,0.6806071400642395
6580617125631533184,1,1,0.41,0.6983018542378385,-0.38721614328026455,-0.15595680475234985
6580617125631533184,27,1,0.41,0.4476760314144372,-0.38721614328026455,-0.34903615713119507
6580617125631533184,28,1,0.41,0.9603176943964542,-0.38721614328026455,-0.017585068941116333
6580617125631533184,68,1,0.41,0.5049953312805252,-0.38721614328026455,-0.29671263694763184
6580617125631533184,95,1,0.41,0.4631421671897638,-0.38721614328026455,-0.3342856764793396
6243186456003514112,91,2,0.506,0.868685539209788,-0.2958494831602009,-0.06113740801811218
6243216486414537600,91,3,0.4961,0.4628479283411381,-0.30443077296381443,-0.33456167578697205
6243216761292430080,91,4,2.37475,2.3241146503881303,0.37561789634603154,0.36625754833221436
6243459409762251648,91,4,2.8537,5.709263853295834,0.45540831524228564,0.756580114364624
6247575465899922432,91,4,1.422,1.6581836384476858,0.15289959639374748,0.21963262557983398
6243446387421336064,91,0,2.7236,2.7073979717680428,0.43514332550630536,0.4325520992279053
6237180545533200640,91,3,0.5123,0.49997555454150927,-0.2904756441236589,-0.30105122923851013
6236346909562823680,91,2,9.9332,6.779890088277661,0.9970891798613356,0.831222653388977
6243246070149361792,91,1,1.75595,0.8920621999755466,0.24451214537802712,-0.0496048629283905
4184144534049662720,54,0,23.61685,15.131464966646487,1.3732219712263845,1.179880976676941
4184157659469838592,54,4,6.901175,6.458659629433815,0.8389230403853787,0.8101423978805542
4184146900561610880,54,3,22.490225,12.800307751463587,1.3519938002897733,1.1072204113006592
4184167928723405312,54,3,31.182,4.516208154424276,1.493903967206503,0.6547739505767822
4183968401721906048,54,4,21.780375,11.11134396797132,1.3380653528774555,1.0457665920257568
5538547421274143488,34,2,2.21,2.82444562303702,0.3443922736851107,0.45093321800231934
5538547421274143488,35,2,2.21,2.982568867582908,0.3443922736851107,0.4745904803276062
5538547283835168000,34,2,0.63,0.7759391037629245,-0.2006594505464183,-0.11017236113548279
5538547283835168000,35,2,0.63,0.7734411198562255,-0.2006594505464183,-0.1115727424621582
6051432006070978048,91,4,4.4576,5.747173523819873,0.6491010947438695,0.7594543099403381
1115898478495886464,19,3,0.538,0.5307230741130521,-0.2692177243336108,-0.27513203024864197
1115898478495886464,20,3,0.538,0.5514766266073664,-0.2692177243336108,-0.25847288966178894
1115898478495886464,26,3,0.538,0.5574675665436617,-0.2692177243336108,-0.25378039479255676
1115898478495886464,40,3,0.538,0.47362097084612126,-0.2692177243336108,-0.32456907629966736
1115898478495886464,53,3,0.538,0.6052765401268594,-0.2692177243336108,-0.2180461585521698
1115898478495886464,59,3,0.538,0.5167296977454012,-0.2692177243336108,-0.2867365777492523
1115898478495886464,60,3,0.538,0.5690721542153271,-0.2692177243336108,-0.24483266472816467
3187406182253440384,5,4,2.76,2.6160137984030003,0.4409090820652177,0.4176400303840637
3187406182253440384,32,4,2.76,3.103302351345966,0.4409090820652177,0.49182409048080444
3187406182253440384,98,4,2.76,2.591063441229357,0.4409090820652177,0.4134780466556549
6527965293348044288,1,0,9.6,10.113292952470498,0.9822712330395684,1.0048925876617432
6527965293348044288,2,0,9.6,4.5377530863790945,0.9822712330395684,0.6568408608436584
6527965293348044288,28,0,9.6,1.2861068156825322,0.9822712330395684,0.10927703976631165
6562534626120396032,1,3,0.37,3.423744706296152,-0.431798275933005,0.5345013737678528
6562534626120396032,28,3,0.37,0.4270970507297626,-0.431798275933005,-0.3694734275341034
6558592945653864448,1,4,1.051,0.862368010798491,0.021602716028242194,-0.06430736184120178
6558592945653864448,28,4,1.051,1.033769886243071,0.021602716028242194,0.014423877000808716
6558592945653864448,68,4,1.051,1.2251901307376218,0.021602716028242194,0.08820348978042603
6558592945653864448,95,4,1.051,0.7365690863025444,0.021602716028242194,-0.13278651237487793
5890493602926306048,12,4,0.882,22.380509362858398,-0.054531414868180264,1.349869966506958
5890493602926306048,38,4,0.882,0.6816570808532767,-0.054531414868180264,-0.16643404960632324
5890493602926306048,65,4,0.882,1.0220666668909815,-0.054531414868180264,0.009479224681854248
4843589861294177536,4,4,3.9,1.7687024029282847,0.5910646070264992,0.2476547658443451
5321517672922567040,35,2,1.5,1.837251287966837,0.17609125905568124,0.26416856050491333
5321517672922567040,36,2,1.5,1.9023683417388475,0.17609125905568124,0.27929461002349854
5321517672922567040,61,2,1.5,1.8706439499687812,0.17609125905568124,0.27199113368988037
5321517672922567040,62,2,1.5,2.0594880072558124,0.17609125905568124,0.3137592673301697
5321517672922567040,63,2,1.5,1.512037314903728,0.17609125905568124,0.179562509059906
5015973252801591808,3,2,9.62,7.61995706308756,0.983175072037813,0.8819525241851807
5015973252801591808,30,2,9.62,8.557646270874361,0.983175072037813,0.9323543310165405
5015973252801591808,97,2,9.62,7.291252659791345,0.983175072037813,0.8628021478652954
50856471531291648,42,2,2.4328,1.4569985087954478,0.38610640713607575,0.16345910727977753
50856471531291648,43,2,2.4328,1.0835456174661664,0.38610640713607575,0.0348471999168396
50856471531291648,44,2,2.4328,1.6454216673177502,0.38610640713607575,0.21627721190452576
51750748145042176,42,4,0.415,0.4694401116204411,-0.3819519032879073,-0.3284198045730591
51750748145042176,43,4,0.415,0.4273524913287316,-0.3819519032879073,-0.3692137598991394
51750748145042176,44,4,0.415,0.406664870370703,-0.3819519032879073,-0.3907633423805237
51750748145042176,70,4,0.415,1.126374629018882,-0.3819519032879073,0.051682859659194946
51750748145042176,71,4,0.415,0.5962546950648223,-0.3819519032879073,-0.2245681881904602
65750627840192256,42,3,3.0237,3.1802006299553636,0.4805386999218561,0.5024545192718506
65750627840192256,43,3,3.0237,3.117545063585583,0.4805386999218561,0.4938127398490906
65750627840192256,44,3,3.0237,2.390073044100276,0.4805386999218561,0.3784111738204956
65750627840192256,71,3,3.0237,3.4536738440165546,0.4805386999218561,0.5382813215255737
51730755074345088,42,2,4.323,0.5483531119991868,0.6357852355336517,-0.26093968749046326
51674920499533184,70,3,5.5513,6.512641632745297,0.7443946978460069,0.8137571811676025
51674920499533184,71,3,5.5513,6.291267936557066,0.7443946978460069,0.7987381815910339
49968306654050944,42,3,23.12,16.878645770266306,1.3639878297484915,1.2273375988006592
49968306654050944,43,3,23.12,10.874627382413253,1.3639878297484915,1.036414384841919
49968306654050944,44,3,23.12,15.914065956455484,1.3639878297484915,1.201781153678894
49968306654050944,70,3,23.12,28.78351823394163,1.3639878297484915,1.459143877029419
49968306654050944,71,3,23.12,30.03179305258707,1.3639878297484915,1.477581262588501
51365476695288064,43,2,1.12045,1.370888192882871,0.04939248094372886,0.13700203597545624
51365476695288064,44,2,1.12045,1.2079085390190498,0.04939248094372886,0.08203405141830444
51365476695288064,70,2,1.12045,1.1750645203161745,0.04939248094372886,0.07006171345710754
51365476695288064,71,2,1.12045,0.926669832673029,0.04939248094372886,-0.03307497501373291
51677669278703104,71,4,0.612867,0.7198500643093151,-0.21263376272970363,-0.14275795221328735
50101210121892992,42,1,0.64395,0.5718527632885999,-0.19114785246487995,-0.2427157759666443
50101210121892992,43,1,0.64395,0.46056941051955835,-0.19114785246487995,-0.33670490980148315
50101210121892992,44,1,0.64395,0.8799981522687726,-0.19114785246487995,-0.05551823973655701
51257621476724096,42,1,1.0307,1.224316183845034,0.013132276046003283,0.08789359033107758
51257621476724096,43,1,1.0307,0.4527881520959154,0.013132276046003283,-0.34410494565963745
51257621476724096,44,1,1.0307,1.7040864583519824,0.013132276046003283,0.23149162530899048
65779971056668032,42,2,2.18565,0.6446470941495143,0.33958061724837985,-0.1906779706478119
65779971056668032,43,2,2.18565,0.6051829263077056,0.33958061724837985,-0.21811333298683167
65779971056668032,44,2,2.18565,0.471287575823638,0.33958061724837985,-0.32671400904655457
65768151306811904,42,1,1.6774,1.4698483291700735,0.22463663868144032,0.16727252304553986
65768151306811904,43,1,1.6774,1.481867499914034,0.22463663868144032,0.17080937325954437
65768151306811904,44,1,1.6774,1.458813624794275,0.22463663868144032,0.16399981081485748
65768151306811904,70,1,1.6774,1.6180845581677146,0.22463663868144032,0.20900121331214905
65768151306811904,71,1,1.6774,1.632587283158757,0.22463663868144032,0.21287640929222107
65419434321982464,42,3,0.9596,0.9555139610791064,-0.01790976070420698,-0.01976296305656433
65419434321982464,43,3,0.9596,0.8504926647084473,-0.01790976070420698,-0.07032942771911621
65419434321982464,44,3,0.9596,0.9646916739896071,-0.01790976070420698,-0.015611469745635986
65419434321982464,71,3,0.9596,0.8076719983966271,-0.01790976070420698,-0.0927649736404419
49809495943068288,42,0,5.631,6.250144999864023,0.7505855273410088,0.7958900928497314
49809495943068288,43,0,5.631,5.48863640410458,0.7505855273410088,0.7394644618034363
49809495943068288,44,0,5.631,4.621267055731628,0.7505855273410088,0.6647610664367676
49809495943068288,70,0,5.631,4.760902789126954,0.7505855273410088,0.6776893138885498
49809495943068288,71,0,5.631,5.263174778733146,0.7505855273410088,0.7212477922439575
53296592774129920,42,3,0.8016,0.6905863985372177,-0.09604229147682951,-0.16078197956085205
53296592774129920,43,3,0.8016,0.6082303369124117,-0.09604229147682951,-0.21593192219734192
53296592774129920,44,3,0.8016,1.4025534774578075,-0.09604229147682951,0.14691942930221558
53296592774129920,71,3,0.8016,1.3180307532975417,-0.09604229147682951,0.11992554366588593
65772789871345024,42,4,0.302133,0.9713059892963163,-0.519801837006777,-0.012643933296203613
65772789871345024,43,4,0.302133,0.36898724708077874,-0.519801837006777,-0.43298864364624023
65772789871345024,44,4,0.302133,0.45393651347026787,-0.519801837006777,-0.34300488233566284
65467778474649856,42,0,0.2922,0.49401346727772344,-0.534319788401722,-0.30626121163368225
65467778474649856,43,0,0.2922,0.3949000008715634,-0.534319788401722,-0.4035128653049469
65467778474649856,44,0,0.2922,0.8010066612049181,-0.534319788401722,-0.09636387228965759
65467778474649856,70,0,0.2922,0.8098784583556065,-0.534319788401722,-0.09158015251159668
65467778474649856,71,0,0.2922,0.5813453306904647,-0.534319788401722,-0.23556581139564514
65349684053273600,42,0,0.684067,0.5063292931111346,-0.16490135982188314,-0.29556694626808167
65349684053273600,43,0,0.684067,0.44284259161059625,-0.16490135982188314,-0.353750616312027
65349684053273600,44,0,0.684067,0.5579727580539912,-0.16490135982188314,-0.2533870041370392
5266270443442455040,1,3,2.666,1.9625779753374561,0.42586014507784037,0.29282692074775696
5266270443442455040,3,3,2.666,3.6035184809040515,0.42586014507784037,0.5567267537117004
5266270443442455040,4,3,2.666,2.3924051268808233,0.42586014507784037,0.37883472442626953
5266270443442455040,5,3,2.666,2.41522224966128,0.42586014507784037,0.3829571008682251
5266270443442455040,6,3,2.666,3.113856255213378,0.42586014507784037,0.49329856038093567
5266270443442455040,7,3,2.666,2.192683006636511,0.42586014507784037,0.3409758508205414
5266270443442455040,8,3,2.666,1.8670866637344679,0.42586014507784037,0.2711644768714905
5266270443442455040,9,3,2.666,2.5912129795060643,0.42586014507784037,0.41350311040878296
5266270443442455040,10,3,2.666,2.2951212323737384,0.42586014507784037,0.3608056306838989
5266270443442455040,11,3,2.666,2.5684854984629975,0.42586014507784037,0.409677118062973
5266270443442455040,13,3,2.666,2.729777285168097,0.42586014507784037,0.4361272156238556
5266270443442455040,27,3,2.666,2.817980795358997,0.42586014507784037,0.449938029050827
5266270443442455040,28,3,2.666,2.5301485984171546,0.42586014507784037,0.40314602851867676
5266270443442455040,30,3,2.666,2.5158550071255514,0.42586014507784037,0.4006856083869934
5266270443442455040,31,3,2.666,2.523577113502967,0.42586014507784037,0.4020165801048279
5266270443442455040,32,3,2.666,2.459019830525633,0.42586014507784037,0.3907620310783386
5266270443442455040,33,3,2.666,2.2339008999877756,0.42586014507784037,0.349063903093338
5266270443442455040,34,3,2.666,1.9662908855522185,0.42586014507784037,0.29364776611328125
5266270443442455040,35,3,2.666,2.5027798998458284,0.42586014507784037,0.3984226584434509
5266270443442455040,36,3,2.666,2.6672451957631553,0.42586014507784037,0.4260629415512085
5266270443442455040,37,3,2.666,2.281779714171132,0.42586014507784037,0.3582737147808075
5266270443442455040,38,3,2.666,2.040203219388826,0.42586014507784037,0.3096734285354614
5266270443442455040,61,3,2.666,2.486395201401283,0.42586014507784037,0.39557015895843506
5266270443442455040,62,3,2.666,2.3667880393769947,0.42586014507784037,0.3741593658924103
5266270443442455040,63,3,2.666,2.559013054656839,0.42586014507784037,0.40807250142097473
5266270443442455040,64,3,2.666,2.4183117629245294,0.42586014507784037,0.3835122883319855
5266270443442455040,65,3,2.666,2.6611277638798163,0.42586014507784037,0.4250657260417938
5266270443442455040,66,3,2.666,2.5492917787388083,0.42586014507784037,0.4064195454120636
5266270443442455040,67,3,2.666,2.680964985688982,0.42586014507784037,0.4282911419868469
5266270443442455040,68,3,2.666,2.283674976324489,0.42586014507784037,0.3586342930793762
5266270443442455040,69,3,2.666,2.0752888875843314,0.42586014507784037,0.317078560590744
5266270443442455040,87,3,2.666,2.3513468717776225,0.42586014507784037,0.37131670117378235
5266270443442455040,88,3,2.666,2.1707802439831414,0.42586014507784037,0.3366158604621887
5266270443442455040,89,3,2.666,2.5696668588104585,0.42586014507784037,0.40987682342529297
5266270443442455040,90,3,2.666,2.4588129593275427,0.42586014507784037,0.3907254934310913
5266270443442455040,93,3,2.666,2.5411252887575815,0.42586014507784037,0.40502607822418213
5266270443442455040,94,3,2.666,2.3308166586277776,0.42586014507784037,0.3675081133842468
5266270443442455040,95,3,2.666,2.413950874376569,0.42586014507784037,0.3827284276485443
5266270443442455040,96,3,2.666,2.429358840575988,0.42586014507784037,0.38549166917800903
5266270443442455040,97,3,2.666,3.437663842779779,0.42586014507784037,0.5362634062767029
5261761930366088320,1,4,1.15,1.2218524333072247,0.06069784035361165,0.08701875805854797
5261761930366088320,2,4,1.15,1.1475462462370054,0.06069784035361165,0.05977019667625427
5261761930366088320,3,4,1.15,1.1142970337120448,0.06069784035361165,0.04700097441673279
5261761930366088320,4,4,1.15,1.1625363228864456,0.06069784035361165,0.06540653109550476
5261761930366088320,5,4,1.15,1.1635912007570532,0.06069784035361165,0.06580042839050293
5261761930366088320,6,4,1.15,1.470143740526852,0.06069784035361165,0.16735979914665222
5261761930366088320,7,4,1.15,1.1805660718801694,0.06069784035361165,0.07209029793739319
5261761930366088320,8,4,1.15,1.134968075126165,0.06069784035361165,0.05498364567756653
5261761930366088320,9,4,1.15,1.3932278169628756,0.06069784035361165,0.144022136926651
5261761930366088320,10,4,1.15,1.2827407425748658,0.06069784035361165,0.10813888907432556
5261761930366088320,11,4,1.15,1.3107754673053784,0.06069784035361165,0.11752830445766449
5261761930366088320,12,4,1.15,1.212417172730397,0.06069784035361165,0.0836520791053772
5261761930366088320,13,4,1.15,1.3170982642498352,0.06069784035361165,0.11961817741394043
5261761930366088320,27,4,1.15,1.549012556412026,0.06069784035361165,0.19005493819713593
5261761930366088320,28,4,1.15,1.719468560584907,0.06069784035361165,0.23539423942565918
5261761930366088320,29,4,1.15,1.5167200106344558,0.06069784035361165,0.18090541660785675
5261761930366088320,30,4,1.15,1.67840382571545,0.06069784035361165,0.22489646077156067
5261761930366088320,31,4,1.15,1.466794404172641,0.06069784035361165,0.1663692444562912
5261761930366088320,32,4,1.15,2.086059105478393,0.06069784035361165,0.31932660937309265
5261761930366088320,33,4,1.15,2.1450174155885233,0.06069784035361165,0.3314308226108551
5261761930366088320,34,4,1.15,1.873477893550079,0.06069784035361165,0.27264857292175293
5261761930366088320,35,4,1.15,1.9169062777260926,0.06069784035361165,0.28260087966918945
5261761930366088320,36,4,1.15,1.8023887473808453,0.06069784035361165,0.2558484673500061
5261761930366088320,37,4,1.15,1.6223558316734326,0.06069784035361165,0.21014611423015594
5261761930366088320,38,4,1.15,2.690519931004671,0.06069784035361165,0.4298362135887146
5261761930366088320,61,4,1.15,1.207787194794649,0.06069784035361165,0.08199042081832886
5261761930366088320,62,4,1.15,1.2644167376015636,0.06069784035361165,0.10189023613929749
5261761930366088320,63,4,1.15,0.6498653997567828,0.06069784035361165,-0.18717658519744873
5261761930366088320,64,4,1.15,1.3887574120424464,0.06069784035361165,0.14262638986110687
5261761930366088320,65,4,1.15,1.5739108119086267,0.06069784035361165,0.19698011875152588
5261761930366088320,66,4,1.15,1.2760107477917582,0.06069784035361165,0.105854332447052
5261761930366088320,67,4,1.15,1.1452778897977007,0.06069784035361165,0.058910876512527466
5261761930366088320,68,4,1.15,1.0045382461259842,0.06069784035361165,0.0019664764404296875
5261761930366088320,69,4,1.15,1.5353547077538205,0.06069784035361165,0.18620872497558594
5261761930366088320,87,4,1.15,1.0740332356743034,0.06069784035361165,0.031017720699310303
5261761930366088320,88,4,1.15,0.9340542068921501,0.06069784035361165,-0.02962791919708252
5261761930366088320,90,4,1.15,1.2322263135330895,0.06069784035361165,0.090690478682518
5261761930366088320,93,4,1.15,1.0602585532264261,0.06069784035361165,0.025411784648895264
5261761930366088320,94,4,1.15,1.0802190881208176,0.06069784035361165,0.033511847257614136
5261761930366088320,95,4,1.15,1.201196129176614,0.06069784035361165,0.07961392402648926
5261761930366088320,96,4,1.15,0.9949985175957874,0.06069784035361165,-0.0021775662899017334
5261761930366088320,97,4,1.15,1.0141844711033476,0.06069784035361165,0.006116956472396851
4946633857666189952,3,0,8.8,7.964210246471894,0.9444826721501687,0.9011427164077759
4946633857666189952,30,0,8.8,7.09577298953362,0.9444826721501687,0.8509997129440308
4946633857666189952,97,0,8.8,6.651145990474484,0.9444826721501687,0.8228964805603027
65502206932420224,43,1,1.32,1.5896229496426661,0.12057393120584989,0.20129412412643433
65502206932420224,44,1,1.32,2.640420278364049,0.12057393120584989,0.421673059463501
65502206932420224,70,1,1.32,1.7660451885520057,0.12057393120584989,0.24700181186199188
65502206932420224,71,1,1.32,1.4337588453195411,0.12057393120584989,0.15647611021995544
65471729844532864,42,1,0.4422,0.44384665348358154,-0.3543812617573049,-0.35276705026626587
65471729844532864,43,1,0.4422,0.4313892684531634,-0.3543812617573049,-0.3651306629180908
65471729844532864,44,1,0.4422,0.48489761793038516,-0.3543812617573049,-0.3143499493598938
65471729844532864,70,1,0.4422,0.6247808790233649,-0.3543812617573049,-0.20427227020263672
65471729844532864,71,1,0.4422,0.5008795000557329,-0.3543812617573049,-0.30026674270629883
53335045618385536,42,1,1.884267,1.6894425071178651,0.27514244219930684,0.22774341702461243
53335045618385536,43,1,1.884267,1.6258279699934908,0.27514244219930684,0.2110745906829834
53335045618385536,44,1,1.884267,1.3190447760990043,0.27514244219930684,0.12025953829288483
53335045618385536,70,1,1.884267,1.621112697281938,0.27514244219930684,0.2098132073879242
53335045618385536,71,1,1.884267,1.9153670574515798,0.27514244219930684,0.2822520136833191
53251929411490688,42,2,4.0427,7.3271291800345075,0.6066715144777111,0.8649338483810425
53251929411490688,43,2,4.0427,4.566161446609787,0.6066715144777111,0.6595512628555298
53251929411490688,70,2,4.0427,1.9297810464311793,0.6066715144777111,0.28550803661346436
53251929411490688,71,2,4.0427,3.308668529891595,0.6066715144777111,0.5196532607078552
53227396558316416,42,3,0.9536,0.8432474321276704,-0.02063375760383879,-0.07404497265815735
53227396558316416,43,3,0.9536,0.5082976907298666,-0.02063375760383879,-0.2938818633556366
53227396558316416,44,3,0.9536,0.47699967888234673,-0.02063375760383879,-0.3214819133281708
53227396558316416,70,3,0.9536,0.7058313930062605,-0.02063375760383879,-0.15129902958869934
53227396558316416,71,3,0.9536,0.6130643659432086,-0.02063375760383879,-0.2124939262866974
51505217751483392,70,4,0.73245,0.8277333040551269,-0.13522201666019523,-0.08210957050323486
51505217751483392,71,4,0.73245,0.8592471336599862,-0.13522201666019523,-0.06588190793991089
51492264130122496,70,1,0.547,0.6375168951953873,-0.2620126736665692,-0.19550830125808716
51492264130122496,71,1,0.547,0.6402179986378083,-0.2620126736665692,-0.19367212057113647
50427387118457984,42,4,1.8625,1.491389947408435,0.2700962814203305,0.17359121143817902
50427387118457984,43,4,1.8625,1.7754622680156047,0.2700962814203305,0.2493114471435547
50427387118457984,44,4,1.8625,2.0083120901522244,0.2700962814203305,0.3028312027454376
50427387118457984,71,4,1.8625,2.1319238131251486,0.2700962814203305,0.3287716805934906
3466308095597260032,10,3,1.033,5.462380324643114,0.014100321519620545,0.7373819351196289
3466308095597260032,37,3,1.033,5.942138478188923,0.014100321519620545,0.773942768573761
3466308095597260032,63,3,1.033,5.831026884140218,0.014100321519620545,0.7657450437545776
3466308095597260032,90,3,1.033,7.075848618332476,0.014100321519620545,0.8497785329818726
53255434104774272,42,4,0.57985,0.7578428484242055,-0.2366843385018102,-0.12042084336280823
53255434104774272,43,4,0.57985,0.5413158090370261,-0.2366843385018102,-0.266549289226532
53255434104774272,44,4,0.57985,0.9425303593382498,-0.2366843385018102,-0.025704652070999146
53255434104774272,70,4,0.57985,0.7570418232729769,-0.2366843385018102,-0.120880126953125
53255434104774272,71,4,0.57985,0.6039761742805142,-0.2366843385018102,-0.21898019313812256
53258732639653760,42,3,0.57315,0.5463103441864384,-0.2417317032559099,-0.26256057620048523
53258732639653760,43,3,0.57315,0.4708018076482471,-0.2417317032559099,-0.32716187834739685
53258732639653760,44,3,0.57315,0.6172238161282381,-0.2417317032559099,-0.20955732464790344
53258732639653760,70,3,0.57315,0.664655099791297,-0.2417317032559099,-0.17740365862846375
53258732639653760,71,3,0.57315,0.5653901967069,-0.2417317032559099,-0.24765172600746155
65507807569730304,43,2,0.1296,0.628668515270996,-0.8873949984654255,-0.201578289270401
65507807569730304,44,2,0.1296,1.5082858269401778,-0.8873949984654255,0.17848365008831024
65506467539939584,43,2,0.4124,0.6088245617980905,-0.38468134338852106,-0.21550783514976501
65506467539939584,44,2,0.4124,0.5726925673604746,-0.38468134338852106,-0.24207845330238342
65506467539939584,70,2,0.4124,0.6653352222030674,-0.38468134338852106,-0.17695948481559753
65506467539939584,71,2,0.4124,0.43216055176772505,-0.38468134338852106,-0.3643548786640167
53014881576687872,70,0,1.852,0.676228736405146,0.26764098234591555,-0.1699063777923584
53014881576687872,71,0,1.852,0.6506952681981412,0.26764098234591555,-0.18662235140800476
65486951208575488,43,0,1.50715,1.606108749561634,0.178156477882264,0.2057749480009079
65486951208575488,44,0,1.50715,1.2125842477445379,0.178156477882264,0.08371192216873169
65486951208575488,70,0,1.50715,0.9080818495668288,0.178156477882264,-0.04187500476837158
65486951208575488,71,0,1.50715,0.5688254829214741,0.178156477882264,-0.24502095580101013
53251517094713728,43,2,0.24195,0.4357143960449556,-0.6162743735553572,-0.36079809069633484
53251517094713728,44,2,0.24195,0.4245400149240719,-0.6162743735553572,-0.37208136916160583
53029278307021696,70,1,1.198867,1.1557942140798372,0.07877100597630401,0.0628805160522461
53029278307021696,71,1,1.198867,1.371944011141053,0.07877100597630401,0.1373363882303238
53341642688604416,43,1,0.56005,0.5647755372609237,-0.25177319843175394,-0.2481241226196289
53341642688604416,44,1,0.56005,1.2752686054404674,-0.25177319843175394,0.10560166835784912
53341642688604416,70,1,0.56005,0.8007105538281478,-0.25177319843175394,-0.0965244472026825
53341642688604416,71,1,0.56005,0.7802659232129345,-0.25177319843175394,-0.10775735974311829
53465573967635456,43,3,0.2351,1.2316409708911322,-0.6287473708750606,0.0904841274023056
53465573967635456,44,3,0.2351,0.49309237226882924,-0.6287473708750606,-0.307071715593338
53465573967635456,70,3,0.2351,0.861736992738131,-0.6287473708750606,-0.06462526321411133
53465573967635456,71,3,0.2351,0.7343784895976466,-0.6287473708750606,-0.13408005237579346
65871501101936896,70,4,0.112,0.3544933653363804,-0.9507819773298184,-0.45039188861846924
65871501101936896,71,4,0.112,0.8739110995395504,-0.9507819773298184,-0.05853274464607239
50327297200978176,43,2,11.471,13.438313679357767,1.0596012797627539,1.1283447742462158
50327297200978176,44,2,11.471,9.496594869831988,1.0596012797627539,0.9775679111480713
50327297200978176,70,2,11.471,7.740364299225401,1.0596012797627539,0.8887614011764526
50327297200978176,71,2,11.471,6.87641644423699,1.0596012797627539,0.8373621702194214
53892669813156736,43,4,0.30805,0.6921594397646327,-0.5113787868705716,-0.15979385375976562
53892669813156736,44,4,0.30805,0.6352062149717672,-0.5113787868705716,-0.19708526134490967
50248991357476736,43,2,0.8,0.6417523591227262,-0.09691001300805639,-0.1926325261592865
50248991357476736,44,2,0.8,2.4475273060053686,-0.09691001300805639,0.3887275457382202
50248991357476736,70,2,0.8,0.8968304192090049,-0.09691001300805639,-0.04728966951370239
50248991357476736,71,2,0.8,1.3863010891709098,-0.09691001300805639,0.1418575644493103
6146107993101452160,10,2,8.4155,6.946989405931462,0.9250799243272926,0.8417966365814209
6146107993101452160,37,2,8.4155,5.225116979446493,0.9250799243272926,0.7180960178375244
6146107993101452160,64,2,8.4155,6.987891701491495,0.9250799243272926,0.8443461656570435
4031634570385585152,22,4,2.69,2.911076183869762,0.42975228000240795,0.46405357122421265
4031634570385585152,49,4,2.69,1.5089201180583736,0.42975228000240795,0.17866624891757965
5084713036143375744,4,1,0.2,0.7497665491114003,-0.6989700043360187,-0.12507393956184387
5084713036143375744,31,1,0.2,0.41682625157041625,-0.6989700043360187,-0.38004493713378906
5318296275658773888,35,3,0.76,0.7265081760570002,-0.11918640771920865,-0.13875949382781982
5318296275658773888,36,3,0.76,0.6611947520957415,-0.11918640771920865,-0.17967060208320618
5318296275658773888,62,3,0.76,0.6565484676646871,-0.11918640771920865,-0.1827332079410553
5318296275658773888,63,3,0.76,0.7818381562181395,-0.11918640771920865,-0.10688313841819763
5318229274167094656,62,1,0.89,0.9579693496593328,-0.05060999335508721,-0.018648386001586914
5318229274167094656,63,1,0.89,1.0563206831498153,-0.05060999335508721,0.023795783519744873
676256486390524288,44,3,1.488,1.33349457441937,0.1726029312098599,0.12499125301837921
676256486390524288,45,3,1.488,1.3440863257695475,0.1726029312098599,0.1284271627664566
676256486390524288,46,3,1.488,2.425553703877657,0.1726029312098599,0.3848108947277069
676256486390524288,71,3,1.488,1.1256086690795128,0.1726029312098599,0.05138742923736572
676256486390524288,72,3,1.488,0.6700467237227481,0.1726029312098599,-0.17389491200447083
663842755294579712,44,2,0.21895,0.8340163335156111,-0.6596550504718557,-0.078825443983078
663842755294579712,45,2,0.21895,0.6622124287608374,-0.6596550504718557,-0.17900267243385315
663842755294579712,46,2,0.21895,0.5301797552185108,-0.6596550504718557,-0.2755768597126007
663842755294579712,71,2,0.21895,0.7304585971691779,-0.6596550504718557,-0.1364043951034546
663842755294579712,72,2,0.21895,0.9142533784338044,-0.6596550504718557,-0.03893342614173889
663805754152866688,46,1,18.1002,11.060532476967468,1.2576833736767261,1.043776035308838
663805754152866688,71,1,18.1002,12.152604145341682,1.2576833736767261,1.0846693515777588
663805754152866688,72,1,18.1002,16.06100207921058,1.2576833736767261,1.2057726383209229
677917607937780224,44,1,13.622,42.85110849163166,1.1342408759465898,1.6319620609283447
677917607937780224,45,1,13.622,20.767056510386787,1.1342408759465898,1.3173749446868896
677917607937780224,46,1,13.622,26.240905080944163,1.1342408759465898,1.4189788103103638
663726280078225152,71,0,9.27625,4.279597935688393,0.9673724445969764,0.6314029693603516
663726280078225152,72,0,9.27625,5.76638923906416,0.9673724445969764,0.7609039545059204
2962658549474035584,5,0,13.3,7.732173864497592,1.1238516409670858,0.8883016109466553
2962658549474035584,32,0,13.3,11.417525945404691,1.1238516409670858,1.0575720071792603
4947259307983420928,3,0,2.387,3.0411438627194123,0.37785241900675454,0.48303696513175964
4947259307983420928,4,0,2.387,3.024372949342875,0.37785241900675454,0.4806353449821472
4947259307983420928,30,0,2.387,2.950287698453748,0.37785241900675454,0.4698643684387207
4947259307983420928,97,0,2.387,4.416798909595987,0.37785241900675454,0.645107626914978
663002663987903872,71,0,17.000533,18.484620402191794,1.2304625375741656,1.2668105363845825
663002663987903872,72,0,17.000533,12.732021985240992,1.2304625375741656,1.104897379875183
663755485855805568,71,1,10.62985,19.0974744576594,1.026527136147764,1.2809759378433228
663755485855805568,72,1,10.62985,11.787886032155376,1.026527136147764,1.0714359283447266
663782904926907392,44,4,14.3925,14.560616222124017,1.1581362381271716,1.1631797552108765
663782904926907392,45,4,14.3925,13.496817653525554,1.1581362381271716,1.1302313804626465
663782904926907392,46,4,14.3925,19.12276839146145,1.1581362381271716,1.2815507650375366
663782904926907392,71,4,14.3925,16.326093536178988,1.1581362381271716,1.2128822803497314
663782904926907392,72,4,14.3925,13.655914301090727,1.1581362381271716,1.135320782661438
663883132283474560,44,1,0.54,0.7730158907532337,-0.26760624017703144,-0.1118115782737732
663883132283474560,45,1,0.54,0.7619855098345034,-0.26760624017703144,-0.11805328726768494
663883132283474560,46,1,0.54,1.19788894272788,-0.26760624017703144,0.07841655611991882
663883132283474560,71,1,0.54,0.8474309303020074,-0.26760624017703144,-0.07189568877220154
663883132283474560,72,1,0.54,0.8339153820453217,-0.26760624017703144,-0.0788780152797699
662899481693765632,44,1,26.131,4.861963403744862,1.4171560299405614,0.6868116855621338
662899481693765632,45,1,26.131,10.582635310497354,1.4171560299405614,1.0245938301086426
662899481693765632,46,1,26.131,8.628745434933267,1.4171560299405614,0.9359476566314697
662899481693765632,71,1,26.131,1.6516853692544349,1.4171560299405614,0.21792732179164886
662899481693765632,72,1,26.131,4.084525036566664,1.4171560299405614,0.611141562461853
662932260884134272,71,1,8.03065,7.227596316808803,0.9047506984528539,0.8589938879013062
662932260884134272,72,1,8.03065,7.16310352335728,0.9047506984528539,0.8551012277603149
663991846495546496,44,4,12.108,16.685836155857988,1.0830724122845354,1.2223479747772217
663991846495546496,45,4,12.108,6.331531681074914,1.0830724122845354,0.8015087842941284
663991846495546496,46,4,12.108,1.1574900661047989,1.0830724122845354,0.06351727247238159
663991846495546496,71,4,12.108,6.120955464001341,1.0830724122845354,0.7868192195892334
663991846495546496,72,4,12.108,2.977732937551072,1.0830724122845354,0.47388574481010437
6577998398172195840,1,3,0.59,0.5385534329870123,-0.22914798835785583,-0.2687712013721466
6577998398172195840,28,3,0.59,0.6047759119927605,-0.22914798835785583,-0.21840551495552063
6577998398172195840,68,3,0.59,0.5889987756781627,-0.22914798835785583,-0.22988560795783997
6577998398172195840,95,3,0.59,0.7293783834615586,-0.22914798835785583,-0.13704711198806763
5569783309659510400,33,2,3.36,1.8053100596472609,0.526339277389844,0.2565518021583557
5569783309659510400,34,2,3.36,1.2359517382540568,0.526339277389844,0.09200151264667511
5569783309659510400,61,2,3.36,4.707326422816691,0.526339277389844,0.6727743148803711
65823676643738368,42,4,1.827333,0.9407181901025434,0.2618176972619052,-0.02654045820236206
65823676643738368,43,4,1.827333,0.7276761631212559,0.2618176972619052,-0.13806185126304626
65823676643738368,44,4,1.827333,1.0607416273198147,0.2618176972619052,0.025609612464904785
65823676643738368,71,4,1.827333,1.2335016895647508,0.2618176972619052,0.09113974869251251
66612473157921024,42,4,8.798,8.073640084447955,0.9443839576408442,0.9070693850517273
66612473157921024,43,4,8.798,8.771566232570684,0.9443839576408442,0.9430771470069885
66612473157921024,44,4,8.798,11.346051148528835,0.9443839576408442,1.0548447370529175
67069835634816896,42,4,1.1815,1.2936164909747745,0.07243372596838782,0.11180554330348969
67069835634816896,43,4,1.1815,0.960098604256706,0.07243372596838782,-0.01768416166305542
67069835634816896,44,4,1.1815,0.6436166163361331,0.07243372596838782,-0.19137275218963623
67069835634816896,71,4,1.1815,0.8061198909328081,0.07243372596838782,-0.09360036253929138
65807218329068544,42,2,0.50235,0.41347035703249363,-0.2989935934044519,-0.3835556209087372
65807218329068544,43,2,0.50235,0.49361699199699455,-0.2989935934044519,-0.3066098988056183
65807218329068544,44,2,0.50235,0.4582656920331837,-0.2989935934044519,-0.3388826549053192
65783029073414144,42,4,1.1343,1.1353530441869109,0.05472793208219808,0.05513092875480652
65783029073414144,43,4,1.1343,1.0159969006172311,0.05472793208219808,0.006892383098602295
65783029073414144,44,4,1.1343,1.2052408703184214,0.05472793208219808,0.08107385039329529
65783029073414144,71,4,1.1343,0.8651843712344887,0.05472793208219808,-0.06289133429527283
65864427293364864,42,1,7.231733,3.4094565535743997,0.859242383345731,0.5326851606369019
65864427293364864,43,1,7.231733,6.082723687474535,0.859242383345731,0.7840980887413025
65864427293364864,44,1,7.231733,6.142786535774894,0.859242383345731,0.7883654236793518
66997817623367296,42,2,3.3159,3.665039744783649,0.5206014247422135,0.564078688621521
66997817623367296,43,2,3.3159,4.824680738446781,0.5206014247422135,0.6834685802459717
66997817623367296,44,2,3.3159,3.4812410773037668,0.5206014247422135,0.5417340993881226
66997817623367296,70,2,3.3159,3.2479471827401802,0.5206014247422135,0.5116089582443237
66997817623367296,71,2,3.3159,3.7390106972734,0.5206014247422135,0.5727567076683044
67074096242336384,42,0,2.46035,2.315534535556448,0.39099689257348696,0.36465126276016235
67074096242336384,43,0,2.46035,1.963325977993698,0.39099689257348696,0.29299241304397583
67074096242336384,44,0,2.46035,1.6034592193400594,0.39099689257348696,0.20505791902542114
67074096242336384,70,0,2.46035,2.7305026993802595,0.39099689257348696,0.43624261021614075
67074096242336384,71,0,2.46035,2.3449515650757404,0.39099689257348696,0.3701338768005371
67103405099117568,42,2,0.469,0.46573380167263123,-0.32882715728491674,-0.3318622410297394
67103405099117568,43,2,0.469,0.5535258733924738,-0.32882715728491674,-0.256862074136734
67103405099117568,44,2,0.469,0.5713441399046847,-0.32882715728491674,-0.24310222268104553
67044198973423744,42,1,19.816,0.6093393711811823,1.2970159935777805,-0.21514075994491577
67044198973423744,43,1,19.816,0.49458349180139566,1.2970159935777805,-0.30576038360595703
67044198973423744,44,1,19.816,0.6687521159385892,1.2970159935777805,-0.17473483085632324
67044198973423744,70,1,19.816,0.5903193115292721,1.2970159935777805,-0.22891300916671753
67044198973423744,71,1,19.816,0.4728917228950343,1.2970159935777805,-0.32523828744888306
65844361206181376,42,2,2.1138,2.0166312586031925,0.32506389356488613,0.3046264946460724
65844361206181376,43,2,2.1138,2.1062497756680663,0.32506389356488613,0.3235098719596863
65844361206181376,44,2,2.1138,2.5328492102302755,0.32506389356488613,0.40360933542251587
65844361206181376,70,2,2.1138,2.020791276343407,0.32506389356488613,0.3055214583873749
65844361206181376,71,2,2.1138,1.7659868970135049,0.32506389356488613,0.2469874769449234
65830548591559936,42,2,0.455067,0.9307721936469011,-0.34192465699533275,-0.031156599521636963
65830548591559936,43,2,0.455067,0.41407929925410875,-0.34192465699533275,-0.38291648030281067
65830548591559936,44,2,0.455067,0.8642744549294208,-0.34192465699533275,-0.06334832310676575
65830548591559936,71,2,0.455067,1.340788386650679,-0.34192465699533275,0.1273602396249771
65781345446197504,42,3,7.300933,4.968869505191494,0.8633783629780016,0.6962575912475586
65781345446197504,43,3,7.300933,4.424107023821682,0.8633783629780016,0.6458256244659424
65781345446197504,44,3,7.300933,6.654447620951241,0.8633783629780016,0.8231120109558105
65781345446197504,70,3,7.300933,7.491566426621059,0.8633783629780016,0.8745726346969604
65781345446197504,71,3,7.300933,6.5174414584785625,0.8633783629780016,0.8140771389007568
67054305033161344,43,0,0.542067,0.5329864043222406,-0.265947030930322,-0.27328386902809143
67054305033161344,44,0,0.542067,0.44637160360699685,-0.265947030930322,-0.35030344128608704
67054305033161344,70,0,0.542067,0.7422662637728746,-0.265947030930322,-0.1294402778148651
67054305033161344,71,0,0.542067,0.6850711499328134,-0.265947030930322,-0.16426432132720947
67034994860213888,42,1,1.42215,1.6657904996286605,0.15294540563190012,0.2216203808784485
67034994860213888,43,1,1.42215,1.9672913877116358,0.15294540563190012,0.29386869072914124
67034994860213888,44,1,1.42215,3.9792507055803235,0.15294540563190012,0.5998013019561768
65787289680918528,42,0,7.772,8.4569435249647,0.8905327919277449,0.9272134304046631
65787289680918528,43,0,7.772,8.699265180712366,0.8905327919277449,0.939482569694519
65787289680918528,44,0,7.772,8.553062281632645,0.8905327919277449,0.9321216344833374
65787289680918528,70,0,7.772,9.249450904765185,0.8905327919277449,0.9661159515380859
65787289680918528,71,0,7.772,6.341220276504195,0.8905327919277449,0.802172839641571
65775195052996608,42,2,0.620933,0.5636321855230824,-0.2069552585997238,-0.24900421500205994
65775195052996608,43,2,0.620933,0.6316129277064272,-0.2069552585997238,-0.19954898953437805
65775195052996608,44,2,0.620933,0.5892204724430894,-0.2069552585997238,-0.22972217202186584
65775195052996608,70,2,0.620933,0.8329796449395127,-0.2069552585997238,-0.07936561107635498
65775195052996608,71,2,0.620933,0.4860879529788563,-0.2069552585997238,-0.31328514218330383
148449913884294528,43,1,8.89,5.062649832328194,0.9489017609702137,0.7043778896331787
148449913884294528,44,1,8.89,4.319445626233165,0.9489017609702137,0.6354280114173889
148449913884294528,70,1,8.89,4.0310015027056245,0.9489017609702137,0.6054129600524902
148449913884294528,71,1,8.89,4.37021447208339,0.9489017609702137,0.6405027508735657
148450085683504896,43,4,4.525,4.265034113596188,0.6556185835412222,0.6299225091934204
148450085683504896,44,4,4.525,4.430931582894751,0.6556185835412222,0.6464950442314148
148354733113981696,43,4,3.122,1.251264368106262,0.4944328987263987,0.09734907746315002
148354733113981696,44,4,3.122,0.7749325940815558,0.4944328987263987,-0.11073607206344604
148354733113981696,70,4,3.122,1.0042132068828997,0.4944328987263987,0.0018259286880493164
148354733113981696,71,4,3.122,1.3449687451742294,0.4944328987263987,0.12871219217777252
148400156688543104,43,1,2.962,0.9170221232505571,0.4715850541851897,-0.0376201868057251
148400156688543104,44,1,2.962,0.6182525101578178,0.4715850541851897,-0.20883411169052124
148184656704340352,43,3,5.0,51.07614340903252,0.6989700043360189,1.7082180976867676
148184656704340352,44,3,5.0,48.50358612776709,0.6989700043360189,1.6857738494873047
148184656704340352,70,3,5.0,38.96534919982748,0.6989700043360189,1.5906785726547241
148184656704340352,71,3,5.0,11.252243787533905,0.6989700043360189,1.0512391328811646
148381984682184192,43,0,3.329,3.2786610818203212,0.5223137951566674,0.5156965255737305
148381984682184192,44,0,3.329,3.26901111037569,0.5223137951566674,0.5144163966178894
148381984682184192,70,0,3.329,2.5462021397376016,0.5223137951566674,0.40589287877082825
148381984682184192,71,0,3.329,2.992070059657047,0.5223137951566674,0.4759717583656311
148196510814073728,43,1,3.911,3.75720682675495,0.5922878159521306,0.5748651027679443
148196510814073728,44,1,3.911,2.932577598034561,0.5922878159521306,0.4672495126724243
148196510814073728,70,1,3.911,5.187052456134438,0.5922878159521306,0.7149206399917603
148196510814073728,71,1,3.911,3.679123785048449,0.5922878159521306,0.5657444000244141
148384179410294272,43,2,6.682,1.888441588384885,0.8249064713021125,0.27610355615615845
148384179410294272,44,2,6.682,2.6492810841995156,0.8249064713021125,0.42312803864479065
148384179410294272,70,2,6.682,3.3432348251944197,0.8249064713021125,0.5241668820381165
148384179410294272,71,2,6.682,5.099574673460731,0.8249064713021125,0.7075339555740356
148599305732728320,43,3,0.982,0.9101123989256052,-0.00788851221305034,-0.04090496897697449
148599305732728320,44,3,0.982,1.1354745912781745,-0.00788851221305034,0.05517742037773132
148599305732728320,70,3,0.982,0.8921009501869944,-0.00788851221305034,-0.04958599805831909
148599305732728320,71,3,0.982,0.9073154525884655,-0.00788851221305034,-0.042241692543029785
148172179824515968,43,2,2.919,1.1179480462973508,0.4652340949880144,0.048421621322631836
148172179824515968,44,2,2.919,0.5553522003831354,0.4652340949880144,-0.25543150305747986
148172179824515968,70,2,2.919,0.6045928365708605,0.4652340949880144,-0.21853700280189514
148172179824515968,71,2,2.919,0.707337123130003,0.4652340949880144,-0.15037354826927185
148112913570653568,43,1,1.9045,2.4387670282103007,0.279780976996965,0.38717031478881836
148112913570653568,44,1,1.9045,1.2115372056701479,0.279780976996965,0.08333675563335419
148112913570653568,70,1,1.9045,2.0082433215638154,0.279780976996965,0.30281633138656616
148112913570653568,71,1,1.9045,2.665067812565781,0.279780976996965,0.42570826411247253
5978985558581221760,12,0,0.311,0.36917352845502127,-0.5072396109731625,-0.43276944756507874
5978985558581221760,39,0,0.311,0.3267410478190957,-0.5072396109731625,-0.4857963025569916
5978985558581221760,66,0,0.311,0.32532683840820875,-0.5072396109731625,-0.4876801073551178
4801730010515510784,5,0,4.162,7.553198753276091,0.6193020758756081,0.8781309127807617
4801730010515510784,6,0,4.162,6.4084708067854015,0.6193020758756081,0.8067544102668762
4801730010515510784,7,0,4.162,5.631212130103274,0.6193020758756081,0.7506018877029419
4801730010515510784,32,0,4.162,6.682023799066591,0.6193020758756081,0.8249080181121826
4801730010515510784,33,0,4.162,3.7019550316571372,0.6193020758756081,0.5684311389923096
5396105586807802880,10,3,3.30327,2.850686561223713,0.5189440731518296,0.4549494683742523
5396105586807802880,36,3,3.30327,2.9964606192621446,0.5189440731518296,0.4766085743904114
5396105586807802880,63,3,3.30327,1.3668721107505732,0.5189440731518296,0.1357278823852539
5396105586807802880,90,3,3.30327,1.803243979173563,0.5189440731518296,0.25605449080467224
4511540132852601984,40,0,0.567,0.36539674511867337,-0.24641694110709345,-0.4372353255748749
4511540132852601984,53,0,0.567,0.37804258615193576,-0.24641694110709345,-0.42245927453041077
4838601651916263040,4,2,0.778,0.7456585927464652,-0.10902040301031106,-0.12745997309684753
4838601651916263040,5,2,0.778,1.1071494071577912,-0.10902040301031106,0.04420623183250427
4838601651916263040,31,2,0.778,2.677942890223572,-0.10902040301031106,0.42780131101608276
4750820491845428480,3,1,4.88,4.719288461802828,0.6884198220027106,0.6738765239715576
4750820491845428480,4,1,4.88,4.445867856507607,0.6884198220027106,0.6479565501213074
4750820491845428480,30,1,4.88,5.194498530424959,0.6884198220027106,0.7155436277389526
4750820491845428480,31,1,4.88,4.6701551867625,0.6884198220027106,0.6693313121795654
4750820491845428480,97,1,4.88,6.491289244420539,0.6884198220027106,0.812330961227417
4926142568697429376,2,4,0.353,0.7387120761597331,-0.4522252946121775,-0.13152480125427246
4926142568697429376,29,4,0.353,0.30548038199507754,-0.4522252946121775,-0.5150166749954224
4926142568697429376,69,4,0.353,0.4346132361873942,-0.4522252946121775,-0.3618970513343811
4926142568697429376,96,4,0.353,0.45702881295939485,-0.4522252946121775,-0.3400564193725586
5565538267065698048,33,1,3.2,2.788779169881445,0.505149978319906,0.44541412591934204
5565538267065698048,34,1,3.2,2.2006987122105617,0.505149978319906,0.3425605893135071
53140397701490176,43,2,0.751733,0.6450097643829366,-0.12393638443086741,-0.19043371081352234
53140397701490176,44,2,0.751733,1.4532372233790993,-0.12393638443086741,0.16233651340007782
53140397701490176,70,2,0.751733,1.0495445841320281,-0.12393638443086741,0.02100089192390442
53140397701490176,71,2,0.751733,0.9328913780027982,-0.12393638443086741,-0.030168920755386353
53174379482675456,43,0,0.2252,0.42593812983681206,-0.6474316138206914,-0.3706534802913666
53174379482675456,44,0,0.2252,0.7137998976419136,-0.6474316138206914,-0.14642351865768433
53174379482675456,70,0,0.2252,1.2972436917005938,-0.6474316138206914,0.11302156746387482
53174379482675456,71,0,0.2252,0.8877624781743949,-0.6474316138206914,-0.05170321464538574
5565569740585544704,33,3,0.62,0.7101298373676165,-0.20760831050174613,-0.1486622393131256
5565569740585544704,34,3,0.62,0.6641974220825763,-0.20760831050174613,-0.17770281434059143
5565971096690260992,33,4,5.4,3.8648944647594594,0.7323937598229685,0.5871376395225525
5565971096690260992,34,4,5.4,4.724908639630933,0.7323937598229685,0.6743934154510498
50298125783225088,43,4,14.0475,8.673724022127416,1.1475990407669374,0.9382055997848511
50298125783225088,44,4,14.0475,10.450719804998911,1.1475990407669374,1.019146203994751
50298125783225088,70,4,14.0475,10.628826647223164,1.1475990407669374,1.0264853239059448
50298125783225088,71,4,14.0475,9.57377626272591,1.1475990407669374,0.9810832738876343
47019347749289216,43,4,9.1,8.494856853495252,0.9590413923210935,0.9291560649871826
47019347749289216,44,4,9.1,8.30797470048914,0.9590413923210935,0.919495165348053
47019347749289216,70,4,9.1,7.737745050291913,0.9590413923210935,0.8886144161224365
47019347749289216,71,4,9.1,9.120967892519857,0.9590413923210935,0.9600409269332886
52135925109792000,43,4,0.378,0.5360609743894481,-0.4225082001627747,-0.2707858085632324
52135925109792000,44,4,0.378,0.5165782026960029,-0.4225082001627747,-0.28686392307281494
52135925109792000,70,4,0.378,0.5920709268065533,-0.4225082001627747,-0.2276262640953064
52135925109792000,71,4,0.378,0.4981728623373369,-0.4225082001627747,-0.30261993408203125
53098994216894208,44,2,3.442,2.988715116602807,0.5368108659915415,0.4754845201969147
53098994216894208,70,2,3.442,1.565989921256348,0.5368108659915415,0.19478896260261536
53098994216894208,71,2,3.442,6.322721251262579,0.5368108659915415,0.8009040355682373
53563915834929024,44,4,5.2164,1.302245370242251,0.7173708862384619,0.114692822098732
53563915834929024,70,4,5.2164,0.8106306367207474,0.7173708862384619,-0.09117698669433594
53563915834929024,71,4,5.2164,0.7821221857035079,0.7173708862384619,-0.10672539472579956
51874997255145728,43,3,0.682,0.8133717955551895,-0.16621562534352105,-0.08971089124679565
51874997255145728,44,3,0.682,0.6438709331436546,-0.16621562534352105,-0.19120118021965027
53105728725582976,44,1,1.4106,1.4662616337651069,0.14940387950858303,0.16621147096157074
53105728725582976,70,1,1.4106,1.8510337248358852,0.14940387950858303,0.2674143314361572
53105728725582976,71,1,1.4106,2.8864569645331084,0.14940387950858303,0.46036508679389954
53515017631040384,44,1,0.135,0.5269086864074242,-0.8696662315049939,-0.2782646417617798
53515017631040384,70,1,0.135,0.44509027946623037,-0.8696662315049939,-0.35155189037323
53515017631040384,71,1,0.135,0.40887876648755356,-0.8696662315049939,-0.388405442237854
6904064446906104832,54,0,1.4,2.3637080650184057,0.146128035678238,0.37359383702278137
6904064446906104832,92,0,1.4,1.767160551322034,0.146128035678238,0.24727600812911987
51861425158394624,44,4,0.784,0.8216094594429257,-0.10568393731556154,-0.08533456921577454
53942250914697472,43,4,9.435,7.215545257520503,0.9747419045009502,0.8582691550254822
53942250914697472,44,4,9.435,8.677465138480855,0.9747419045009502,0.9383928775787354
53942250914697472,70,4,9.435,7.658723769608117,0.9747419045009502,0.8841564059257507
53942250914697472,71,4,9.435,5.525810623901842,0.9747419045009502,0.7423959970474243
2101992694430576256,14,0,15.65,14.216074749700521,1.1945143418824673,1.1527796983718872
2101992694430576256,40,0,15.65,9.47050626363763,1.1945143418824673,0.9763731956481934
2101992694430576256,41,0,15.65,40.817107753550204,1.1945143418824673,1.610842227935791
2101992694430576256,54,0,15.65,3.940325140974676,1.1945143418824673,0.5955320596694946
2101992694430576256,55,0,15.65,7.769804038721086,1.1945143418824673,0.8904100656509399
4853494193317166848,4,4,22.4,0.9965387893105188,1.3502480183341627,-0.0015057921409606934
4853494193317166848,30,4,22.4,0.4987392326723349,1.3502480183341627,-0.3021264672279358
4853494193317166848,31,4,22.4,1.149986698300711,1.3502480183341627,0.060692816972732544
4853494193317166848,97,4,22.4,0.8661378603901534,1.3502480183341627,-0.06241297721862793
4843859619599388928,4,3,3.275,3.0392645592436156,0.5152113043278018,0.4827685058116913
4843859619599388928,5,3,3.275,2.74846073328615,0.5152113043278018,0.4390895366668701
4843859619599388928,31,3,3.275,2.765244132622572,0.5152113043278018,0.4417334794998169
2886233695250041216,6,3,1.0145499999999998,1.2374204004434795,0.006273455202783869,0.09251727163791656
2886233695250041216,32,3,1.0145499999999998,1.1757445568382998,0.006273455202783869,0.0703129768371582
2886233695250041216,33,3,1.0145499999999998,1.2202881903720284,0.006273455202783869,0.08646240830421448
2886233695250041216,87,3,1.0145499999999998,1.1464568215014423,0.006273455202783869,0.05935770273208618
2886233695250041216,98,3,1.0145499999999998,0.8120125411193726,0.006273455202783869,-0.09043726325035095
149005270337201792,43,1,8.38,4.549888014944882,0.9232440186302765,0.6580007076263428
149005270337201792,44,1,8.38,5.654582920392235,0.9232440186302765,0.7524005770683289
149005270337201792,70,1,8.38,4.722962336718044,0.9232440186302765,0.6742144823074341
4786900240059859968,4,0,2.85,6.045744573998241,0.4548448600085102,0.7814497947692871
4786900240059859968,5,0,2.85,3.775247460328766,0.4548448600085102,0.576945424079895
4786900240059859968,31,0,2.85,9.234757409789827,0.4548448600085102,0.9654254913330078
4786900240059859968,32,0,2.85,4.014514641154902,0.4548448600085102,0.6036330461502075
4786900240059859968,98,0,2.85,3.2277941340242284,0.4548448600085102,0.508905827999115
6248770050921318656,91,1,2.29905,0.8044646565346051,0.3615484164576071,-0.09449303150177002
6248828733057741824,91,2,0.90615,1.019771500974074,-0.04279990521485233,0.008502870798110962
1901773452377248512,16,3,0.8538505000000001,0.939701557349183,-0.06861816292776683,-0.027010053396224976
2105033123258653056,14,1,0.54,0.7709477389339594,-0.26760624017703144,-0.11297506093978882
2105033123258653056,26,1,0.54,0.6652591621744887,-0.26760624017703144,-0.17700913548469543
2105033123258653056,40,1,0.54,0.6706994545491598,-0.26760624017703144,-0.17347204685211182
2105033123258653056,41,1,0.54,0.7353074496974329,-0.26760624017703144,-0.13353103399276733
2105033123258653056,53,1,0.54,0.5928528256918366,-0.26760624017703144,-0.22705310583114624
2105033123258653056,54,1,0.54,0.6596862432347734,-0.26760624017703144,-0.18066257238388062
2105033123258653056,74,1,0.54,0.7846857911734,-0.26760624017703144,-0.10530421137809753
2105033123258653056,80,1,0.54,0.5672443418746453,-0.26760624017703144,-0.24622982740402222
2105033123258653056,81,1,0.54,0.6034294966668947,-0.26760624017703144,-0.21937346458435059
5044769256174659456,3,0,0.689,0.8785289427609713,-0.1617807780923742,-0.05624392628669739
5044769256174659456,4,0,0.689,1.0655235074013905,-0.1617807780923742,0.027563035488128662
5044769256174659456,31,0,0.689,0.6533428032835829,-0.1617807780923742,-0.18485888838768005
5044769256174659456,97,0,0.689,1.0139030649163598,-0.1617807780923742,0.005996435880661011
5046815924054174848,4,1,0.66,0.8288885336314695,-0.1804560644581313,-0.08150386810302734
5046815924054174848,30,1,0.66,1.3643463092222803,-0.1804560644581313,0.13492462038993835
5046815924054174848,31,1,0.66,0.7110797481498493,-0.1804560644581313,-0.1480816900730133
5046815924054174848,97,1,0.66,4.960134575785668,-0.1804560644581313,0.6954934597015381
4944355154177076864,3,4,7.0,9.03657349596434,0.8450980400142568,0.9560037851333618
4944355154177076864,30,4,7.0,1.8479542191220655,0.8450980400142568,0.2666912078857422
4944355154177076864,97,4,7.0,3.209156740137136,0.8450980400142568,0.5063909292221069
4745459616746179200,2,4,0.461,0.6127502260887209,-0.33629907461035186,-0.21271651983261108
4745459616746179200,3,4,0.461,0.49357807325393105,-0.33629907461035186,-0.30664414167404175
4745459616746179200,29,4,0.461,0.5517917649217245,-0.33629907461035186,-0.2582247853279114
4745459616746179200,30,4,0.461,0.5699868010664062,-0.33629907461035186,-0.24413520097732544
4745459616746179200,69,4,0.461,0.8146644483859988,-0.33629907461035186,-0.089021235704422
4745459616746179200,96,4,0.461,0.5874029959341868,-0.33629907461035186,-0.2310638427734375
4745459616746179200,97,4,0.461,0.6158191762384794,-0.33629907461035186,-0.21054679155349731
4745195905754074496,2,1,0.739,0.7521404819111848,-0.13135556160517428,-0.12370103597640991
4745195905754074496,3,1,0.739,0.6126746277638039,-0.13135556160517428,-0.21277010440826416
4745195905754074496,29,1,0.739,0.6019638355177643,-0.13135556160517428,-0.22042959928512573
4745195905754074496,30,1,0.739,0.6789501095509496,-0.13135556160517428,-0.16816213726997375
4745195905754074496,69,1,0.739,0.6083585284786078,-0.13135556160517428,-0.2158403992652893
4745195905754074496,96,1,0.739,0.6410162364415237,-0.13135556160517428,-0.1931309700012207
4745195905754074496,97,1,0.739,1.3541607498629717,-0.13135556160517428,0.13167022168636322
4742040410461492096,2,0,0.56,0.6430927057580726,-0.25181197299379954,-0.191726416349411
4742040410461492096,3,0,0.56,0.7078972439860971,-0.25181197299379954,-0.15002977848052979
4742040410461492096,29,0,0.56,0.5816109211588779,-0.25181197299379954,-0.23536744713783264
4742040410461492096,30,0,0.56,0.6998999144175561,-0.25181197299379954,-0.15496405959129333
4742040410461492096,69,0,0.56,0.6111422650174019,-0.25181197299379954,-0.21385768055915833
4742040410461492096,97,0,0.56,0.8497725972470926,-0.25181197299379954,-0.07069727778434753
6104139604209342464,38,2,0.58,0.5590010862109924,-0.23657200643706275,-0.25258734822273254
5286760525517037568,27,2,3.915,3.1465788295853643,0.5927317663939622,0.4978386163711548
5286760525517037568,28,2,3.915,3.3841475025274095,0.5927317663939622,0.5294492840766907
5286760525517037568,29,2,3.915,3.685498114993094,0.5927317663939622,0.5664961934089661
5286760525517037568,30,2,3.915,4.663082488806999,0.5927317663939622,0.6686730980873108
5286760525517037568,31,2,3.915,4.27771412386042,0.5927317663939622,0.6312117576599121
5286760525517037568,32,2,3.915,3.716760365384636,0.5927317663939622,0.5701645612716675
5286760525517037568,33,2,3.915,5.570972688098573,0.5927317663939622,0.7459310293197632
5286760525517037568,34,2,3.915,5.316510881211481,0.5927317663939622,0.7256267070770264
5286760525517037568,36,2,3.915,4.852023114154038,0.5927317663939622,0.6859228610992432
5286760525517037568,37,2,3.915,4.552666409034461,0.5927317663939622,0.6582658290863037
5286760525517037568,38,2,3.915,4.436275940371952,0.5927317663939622,0.647018551826477
5286760525517037568,39,2,3.915,3.67019164438291,0.5927317663939622,0.5646887421607971
5286760525517037568,61,2,3.915,4.055320594861674,0.5927317663939622,0.6080251932144165
5286760525517037568,62,2,3.915,4.2768658573256095,0.5927317663939622,0.6311256289482117
5286760525517037568,63,2,3.915,4.048513322538994,0.5927317663939622,0.607295572757721
5286760525517037568,64,2,3.915,4.024816119495353,0.5927317663939622,0.6047460436820984
5286760525517037568,65,2,3.915,4.21886320354145,0.5927317663939622,0.6251954436302185
5286760525517037568,66,2,3.915,3.62887405271081,0.5927317663939622,0.5597718954086304
5286760525517037568,67,2,3.915,4.37099006815996,0.5927317663939622,0.6405798196792603
5286760525517037568,68,2,3.915,4.668204529190367,0.5927317663939622,0.6691498756408691
5286760525517037568,87,2,3.915,5.317551482894965,0.5927317663939622,0.7257117033004761
5286760525517037568,88,2,3.915,4.729693519553296,0.5927317663939622,0.6748329997062683
5286760525517037568,89,2,3.915,3.8103086313141254,0.5927317663939622,0.5809601545333862
5286760525517037568,90,2,3.915,4.335588004758348,0.5927317663939622,0.6370480060577393
5286760525517037568,93,2,3.915,4.143887701261945,0.5927317663939622,0.6174079775810242
5286760525517037568,94,2,3.915,4.372827334238439,0.5927317663939622,0.6407623291015625
5286760525517037568,95,2,3.915,4.091090210590188,0.5927317663939622,0.6118390560150146
5286760525517037568,97,2,3.915,5.342299695058153,0.5927317663939622,0.7277282476425171
5286760525517037568,98,2,3.915,5.325785685737283,0.5927317663939622,0.7263836860656738
6764421281858414208,13,0,1.6,3.8684048957351918,0.2041199826559248,0.5875319242477417
6764421281858414208,27,0,1.6,2.197873636275262,0.2041199826559248,0.3420027196407318
6764421281858414208,67,0,1.6,3.485294071603843,0.2041199826559248,0.5422394275665283
6764421281858414208,92,0,1.6,2.571133340128836,0.2041199826559248,0.41012459993362427
6764421281858414208,94,0,1.6,1.145028074038518,0.2041199826559248,0.05881613492965698
52548241968465408,70,4,10.26,6.757976839071666,1.0111473607757975,0.8298166990280151
47729215646206080,43,1,11.77,12.028207472601789,1.0707764628434346,1.0802009105682373
47729215646206080,44,1,11.77,7.338170038903742,1.0707764628434346,0.8655877709388733
47729215646206080,70,1,11.77,29.506367528537588,1.0707764628434346,1.469915747642517
47729215646206080,71,1,11.77,18.387615491147535,1.0707764628434346,1.2645254135131836
47715063730746880,43,3,2.336,1.5970054264831344,0.3684728384403618,0.2033063918352127
47715063730746880,44,3,2.336,3.7364006523781486,0.3684728384403618,0.5724534392356873
47715063730746880,70,3,2.336,3.798781570544291,0.3684728384403618,0.5796443223953247
49005581144118784,43,0,9.39,5.326715517760785,0.9726655922661109,0.7264595031738281
49005581144118784,44,0,9.39,5.531355708062714,0.9726655922661109,0.7428315877914429
49005581144118784,70,0,9.39,7.562129473417582,0.9726655922661109,0.8786441087722778
2895507384340007936,6,3,7.1,6.704522538426411,0.8512583487190752,0.8263678550720215
2895507384340007936,7,3,7.1,6.47742214411473,0.8512583487190752,0.8114022016525269
2895507384340007936,33,3,7.1,5.481827153914036,0.8512583487190752,0.7389253377914429
2895507384340007936,87,3,7.1,4.75942370097419,0.8512583487190752,0.6775543689727783
49520255665123328,44,0,0.58,1.3385508247801143,-0.23657200643706275,0.1266348659992218
49520255665123328,70,0,0.58,1.6960139645606223,-0.23657200643706275,0.2294294238090515
48203487411427456,43,3,5.45,6.036339249766078,0.7363965022766424,0.7807736396789551
48203487411427456,44,3,5.45,6.254783985719068,0.7363965022766424,0.7962123155593872
48203487411427456,70,3,5.45,5.814068893145835,0.7363965022766424,0.7644801735877991
47760521664503296,43,2,20.31,6.208373119981701,1.3077099234048066,0.7929778099060059
47760521664503296,44,2,20.31,4.543607905209477,1.3077099234048066,0.6574008464813232
49124190961270656,43,4,0.33,0.8198564798033632,-0.4814860601221125,-0.08626216650009155
49124190961270656,44,4,0.33,0.48081979442311934,-0.4814860601221125,-0.3180176615715027
49124190961270656,70,4,0.33,0.5815070407307299,-0.4814860601221125,-0.2354450225830078
49124190961270656,71,4,0.33,0.328417165150762,-0.4814860601221125,-0.48357415199279785
49131681384221952,43,2,0.65,0.523411417401494,-0.18708664335714442,-0.2811568081378937
49131681384221952,44,2,0.65,0.6585605890763039,-0.18708664335714442,-0.1814042627811432
49131681384221952,70,2,0.65,0.4849259356377063,-0.18708664335714442,-0.31432458758354187
49131681384221952,71,2,0.65,0.6197334621746634,-0.18708664335714442,-0.20779505372047424
49131681384221184,43,1,0.34,0.6393923221699276,-0.46852108295774486,-0.19423258304595947
49131681384221184,44,1,0.34,0.6484249644655183,-0.46852108295774486,-0.18814027309417725
48193213849576320,43,3,2.882,2.57453482912524,0.4596939764779705,0.4106987714767456
48193213849576320,44,3,2.882,2.7136390882191126,0.4596939764779705,0.433552086353302
48193316928788352,43,3,1.332,1.514734406310088,0.12450422483428228,0.18033649027347565
48193316928788352,44,3,1.332,1.5340427501530929,0.12450422483428228,0.18583746254444122
145325548516513280,43,2,9.161,9.895277230889729,0.9619428831413872,0.9954279661178589
145325548516513280,44,2,9.161,8.990937315451335,0.9619428831413872,0.9538049697875977
145325548516513280,71,2,9.161,8.31366751823048,0.9619428831413872,0.919792652130127
145668974102570624,70,0,21.94,2.508671897555259,1.3412366232386923,0.3994438648223877
145668974102570624,71,0,21.94,11.440254305036573,1.3412366232386923,1.0584356784820557
145664777917536512,70,0,13.01,9.352217582512322,1.1142772965615861,0.9709146022796631
145664777917536512,71,0,13.01,9.336087106422433,1.1142772965615861,0.9701648950576782
1941126622803033984,16,3,6.85,6.245219740066977,0.8356905714924255,0.7955477237701416
1941126622803033984,17,3,6.85,16.834583214887154,0.8356905714924255,1.226202368736267
47982794811614080,43,0,0.632,0.4016737047142055,-0.19928292171761497,-0.3961265981197357
47982794811614080,44,0,0.632,1.3781716966220103,-0.19928292171761497,0.1393033266067505
47982794811614080,70,0,0.632,0.836426709599054,-0.19928292171761497,-0.07757210731506348
47982794811614080,71,0,0.632,0.5266595101123347,-0.19928292171761497,-0.27847006916999817
47881811540636800,43,0,2.42,1.6656179568442342,0.38381536598043126,0.22157539427280426
47881811540636800,44,0,2.42,4.43910558579892,0.38381536598043126,0.6472954750061035
47881811540636800,70,0,2.42,2.280345881413766,0.38381536598043126,0.3580007255077362
47881811540636800,71,0,2.42,2.1405583318323327,0.38381536598043126,0.33052706718444824
3314079508140198528,43,1,11.4705,8.777180384416267,1.0595823492446113,0.9433550238609314
3314079508140198528,44,1,11.4705,7.28635394549894,1.0595823492446113,0.8625102639198303
3314079508140198528,70,1,11.4705,9.141834279659346,1.0595823492446113,0.9610333442687988
3314079508140198528,71,1,11.4705,5.905599036871082,1.0595823492446113,0.7712639570236206
47917816253918720,43,3,10.95,10.821363086833268,1.039414119176137,1.0342819690704346
47917816253918720,44,3,10.95,6.396081438278514,1.039414119176137,0.8059139847755432
47917816253918720,70,3,10.95,7.803929927759785,1.039414119176137,0.8923133611679077
47917816253918720,71,3,10.95,6.189406176245834,1.039414119176137,0.7916489839553833
145494460991086976,70,4,1.873,1.01388490562691,0.2725377773752374,0.005988657474517822
145494460991086976,71,4,1.873,0.5459165879946845,0.2725377773752374,-0.26287370920181274
5586843022846201856,8,3,5.24,5.7625822470565815,0.7193312869837266,0.7606171369552612
5586717403640706304,7,1,1.23,1.3976518996220963,0.08990511143939793,0.14539901912212372
5586717403640706304,8,1,1.23,1.4574262976183832,0.08990511143939793,0.1635866016149521
5586717403640706304,34,1,1.23,1.359117118028016,0.08990511143939793,0.13325688242912292
5586717403640706304,61,1,1.23,1.3071607516191188,0.08990511143939793,0.11632899940013885
5538682214525847808,8,1,1.95,1.9374369180816786,0.290034611362518,0.2872275710105896
5538682214525847808,34,1,1.95,1.8552760442853262,0.290034611362518,0.26840853691101074
5538682214525847808,35,1,1.95,3.514402255967117,0.290034611362518,0.545851469039917
5587582508831567488,7,0,0.53,0.4677751218598507,-0.27572413039921095,-0.3299628794193268
5587582508831567488,8,0,0.53,0.4366519834599445,-0.27572413039921095,-0.35986456274986267
5587582508831567488,34,0,0.53,0.49454327513152874,-0.27572413039921095,-0.30579569935798645
5587582508831567488,61,0,0.53,0.44201939266579565,-0.27572413039921095,-0.35455867648124695
5587582508831567488,88,0,0.53,0.41189902830583264,-0.27572413039921095,-0.38520923256874084
3314597408180024960,43,4,3.3,3.311760106435469,0.5185139398778874,0.5200588703155518
3314597408180024960,44,4,3.3,5.742129191650461,0.5185139398778874,0.7590729594230652
3314597408180024960,70,4,3.3,4.093753618766871,0.5185139398778874,0.6121217012405396
3314597408180024960,71,4,3.3,4.116111318571691,0.5185139398778874,0.6144871115684509
5538694068636369280,8,2,0.27,0.45366729980665293,-0.5686362358410126,-0.34326252341270447
665203233431193344,44,0,0.583,1.7235518649990513,-0.23433144524098595,0.23642435669898987
665203233431193344,45,0,0.583,0.5870902411260936,-0.23433144524098595,-0.2312951385974884
665203233431193344,46,0,0.583,0.9354567402981242,-0.23433144524098595,-0.02897629141807556
665203233431193344,72,0,0.583,0.900640903469972,-0.23433144524098595,-0.04544833302497864
664520294975172608,44,2,0.76915,4.606966080920271,-0.11398895562165254,0.6634150147438049
664520294975172608,45,2,0.76915,1.8173659588706816,-0.11398895562165254,0.25944238901138306
664520294975172608,46,2,0.76915,1.727308321063611,-0.11398895562165254,0.2373698651790619
664518856162322304,44,0,1.161967,1.0254872614556827,0.06519379421488669,0.010930269956588745
664518856162322304,45,0,1.161967,0.9138365778277501,0.06519379421488669,-0.03913146257400513
664518856162322304,46,0,1.161967,0.8028728722461089,0.06519379421488669,-0.09535321593284607
664518856162322304,72,0,1.161967,0.7773403320623322,0.06519379421488669,-0.1093887984752655
664513594826132480,44,3,2.2115,2.9740417973852447,0.3446869437056226,0.4733470678329468
664513594826132480,45,3,2.2115,3.3817132328441852,0.3446869437056226,0.5291367769241333
664513594826132480,46,3,2.2115,1.9148683187821196,0.3446869437056226,0.2821389138698578
664513594826132480,72,3,2.2115,2.259059046476401,0.3446869437056226,0.3539275825023651
664499954009909760,44,0,1.3456,1.490738268965038,0.12891597845383693,0.17340140044689178
664499954009909760,45,0,1.3456,0.9802619093716599,0.12891597845383693,-0.008657872676849365
664499954009909760,46,0,1.3456,0.8806473768559002,0.12891597845383693,-0.055197954177856445
664499954009909760,72,0,1.3456,1.026606565689714,0.12891597845383693,0.011404037475585938
664497209527231872,44,4,9.338067,8.789373598220745,0.9702569856395397,0.9439579248428345
664497209527231872,45,4,9.338067,9.278897880872773,0.9702569856395397,0.967496395111084
664497209527231872,46,4,9.338067,8.774872631962731,0.9702569856395397,0.9432408213615417
664497209527231872,72,4,9.338067,9.311929484348491,0.9702569856395397,0.9690396785736084
664344274332354304,44,3,0.970367,11.749557477539723,-0.013063981269260444,1.0700215101242065
664344274332354304,45,3,0.970367,2.3130021418393034,-0.013063981269260444,0.36417603492736816
664344274332354304,46,3,0.970367,4.252762887017386,-0.013063981269260444,0.6286711692810059
664344274332354304,72,3,0.970367,3.5498835914082068,-0.013063981269260444,0.5502141118049622
664343896375336320,44,2,0.7392,11.04852251257535,-0.13123804178794973,1.043304204940796
664343896375336320,45,2,0.7392,8.265849029611953,-0.13123804178794973,0.9172874689102173
664343896375336320,46,2,0.7392,5.233435013639062,-0.13123804178794973,0.7187868356704712
664343896375336320,72,2,0.7392,2.7250421041167163,-0.13123804178794973,0.4353732168674469
664323825990708352,72,4,0.697733,1.1272921792098396,-0.15631073613081636,0.05203649401664734
664322421538783104,44,3,0.051,0.34546307428506123,-1.2924298239020637,-0.46159836649894714
664322421538783104,45,3,0.051,0.2517080732490015,-1.2924298239020637,-0.5991028547286987
664322421538783104,46,3,0.051,0.23577638268580497,-1.2924298239020637,-0.6274996995925903
664322421538783104,72,3,0.051,0.21649686053168085,-1.2924298239020637,-0.664548397064209
664297064051880832,44,2,12.0432,9.609358308837647,1.0807418986901978,0.9826943874359131
664297064051880832,45,2,12.0432,11.355560195241239,1.0807418986901978,1.0552085638046265
664297064051880832,46,2,12.0432,16.24170911707334,1.0807418986901978,1.2106317281723022
664297064051880832,72,2,12.0432,12.207852830544999,1.0807418986901978,1.0866392850875854
664316644805338624,72,3,0.8125,0.8579681050243764,-0.09017663034908802,-0.06652885675430298
664316614743007360,44,3,33.4473,9.879454739771289,1.5243610655290092,0.9947329759597778
664316614743007360,45,3,33.4473,7.733895323141959,1.5243610655290092,0.888398289680481
664316614743007360,46,3,33.4473,4.2842170166606675,1.5243610655290092,0.6318714618682861
664316614743007360,72,3,33.4473,16.20970421660728,1.5243610655290092,1.2097750902175903
664316546023530368,44,1,1.698667,6.492253264902678,0.23010824983024525,0.812395453453064
664316546023530368,45,1,1.698667,1.9703801851122142,0.23010824983024525,0.2945500314235687
664316546023530368,46,1,1.698667,1.9957845127049536,0.23010824983024525,0.30011364817619324
664316546023530368,72,1,1.698667,2.9189862179187287,0.23010824983024525,0.4652320444583893
661283057865715456,72,2,0.608133,0.7957186151905755,-0.21600142919866838,-0.09924048185348511
661283199601699328,44,0,13.24945,14.164943221046235,1.1221978505805477,1.151214838027954
661283199601699328,45,0,13.24945,15.091607256611384,1.1221978505805477,1.1787354946136475
661283199601699328,46,0,13.24945,17.667330164215848,1.1221978505805477,1.2471709251403809
661283199601699328,72,0,13.24945,13.445028747678258,1.1221978505805477,1.1285617351531982
661281756492696448,44,0,0.595,0.7168513590043138,-0.22548303427145044,-0.14457088708877563
661281756492696448,46,0,0.595,0.6097602939987965,-0.22548303427145044,-0.2148408591747284
661281756492696448,72,0,0.595,0.5465339750440205,-0.22548303427145044,-0.262382835149765
661263305313199360,44,3,14.3491,12.256628942005898,1.1568246622343792,1.0883710384368896
661263305313199360,72,3,14.3491,11.217414891913151,1.1568246622343792,1.049892783164978
661263408392412928,44,4,21.5916,16.136016720120185,1.3342848260037272,1.207796335220337
661263408392412928,72,4,21.5916,13.926415849736825,1.3342848260037272,1.1438393592834473
661257154920147072,72,3,18.272767,18.201364250390963,1.2618043164736186,1.2601039409637451
661259525741991808,72,2,0.5193,2.81904630820892,-0.2845816774049437,0.45010221004486084
659705984528609024,72,2,1.6985,0.9013995594350206,0.23006555120604674,-0.045082658529281616
659698219229186688,72,1,24.51325,28.189225031348222,1.389400894422033,1.4500831365585327
659691656519169920,45,4,26.4555,10.769689874649167,1.4225159739644255,1.032203197479248
659680072990872704,72,3,2.7038,5.870747306313429,0.43197456370866033,0.7686933875083923
659649424103955200,44,2,1.395433,0.7661592812674968,0.14470898920958555,-0.11568093299865723
659649424103955200,45,2,1.395433,0.8998781311220699,0.14470898920958555,-0.04581630229949951
659649424103955200,46,2,1.395433,0.6598354222527392,0.14470898920958555,-0.18056437373161316
659649424103955200,72,2,1.395433,0.9705585599441089,0.14470898920958555,-0.01297825574874878
659440138937561344,72,1,1.27,0.9585945260632562,0.10380372095595687,-0.018365055322647095
659445743871414528,44,1,17.4905,19.83265261904114,1.242802224809559,1.297380805015564
659445743871414528,45,1,17.4905,15.644581558699743,1.242802224809559,1.1943639516830444
659445743871414528,46,1,17.4905,31.938405498849228,1.242802224809559,1.5043132305145264
659445743871414528,72,1,17.4905,21.69512333942385,1.242802224809559,1.3363621234893799
659427464490677632,44,3,21.129,7.745511909971772,1.3248789431119938,0.8890501260757446
659427464490677632,45,3,21.129,11.938207027759491,1.3248789431119938,1.0769391059875488
659427464490677632,46,3,21.129,1.5958872297569022,1.3248789431119938,0.2030021995306015
659426605497226880,44,1,0.3987,1.3270850977059074,-0.39935376433760555,0.12289877235889435
659426605497226880,45,1,0.3987,1.6211044095791691,-0.39935376433760555,0.2098109871149063
659426605497226880,46,1,0.3987,1.558067087807653,-0.39935376433760555,0.19258615374565125
659439078082230016,44,4,4.698,5.872584656671517,0.6719130124415871,0.7688292860984802
659439078082230016,45,4,4.698,7.807995615675228,0.6719130124415871,0.8925395607948303
659439078082230016,46,4,4.698,5.3057038919153525,0.6719130124415871,0.7247430086135864
659439078082230016,72,4,4.698,5.5233721843774655,0.6719130124415871,0.7422043085098267
659441242745739648,44,0,13.914,3.0768862169784654,1.143451999021631,0.4881114363670349
659441242745739648,45,0,13.914,2.806520880656371,1.143451999021631,0.4481682777404785
659441242745739648,46,0,13.914,6.497701511500283,1.143451999021631,0.8127597570419312
659441242745739648,72,0,13.914,3.6494881507660755,1.143451999021631,0.5622319579124451
659674197475355392,45,0,1.160267,0.7750025791230433,0.06455794033356264,-0.11069685220718384
659674197475355392,72,0,1.160267,1.4408072116513029,0.06455794033356264,0.15860587358474731
659674614089017984,45,4,20.47935,14.123990554095137,1.3113161683246402,1.1499574184417725
659674614089017984,72,4,20.47935,14.754704991342926,1.3113161683246402,1.1689305305480957
659685540485811072,72,1,0.8074,0.9143881501181371,-0.09291125492570443,-0.03886941075325012
659685231248166784,72,0,16.5145,8.300453755089814,1.2178654293427138,0.9191018342971802
661207024061875456,72,4,5.8872,8.019552380382173,0.7699087899179917,0.904150128364563
661257704675956480,72,4,17.75765,15.998794401896543,1.2493854918727227,1.204087257385254
661258872906952320,72,0,9.8605,8.694834446399948,0.993898937429586,0.9392613172531128
661259040408504064,72,1,1.845367,0.9433518776675807,0.26608275002068404,-0.025326281785964966
661259384005904256,44,4,0.5525,0.8735465588289478,-0.2576677176428517,-0.058713942766189575
661259384005904256,72,4,0.5525,0.9357251708699074,-0.2576677176428517,-0.028851687908172607
661262652478166528,44,3,2.3975,2.195279348299813,0.3797586158427012,0.3414897918701172
661268940310277888,44,3,3.9402,4.86639749178235,0.5955182666712378,0.6872075796127319
661268940310277888,46,3,3.9402,3.581479632339253,0.5955182666712378,0.5540624856948853
661268940310277888,72,3,3.9402,4.426210814565135,0.5955182666712378,0.6460320949554443
661269043386545536,44,1,10.1754,14.404669357069883,1.0075514905634249,1.1585032939910889
661269043386545536,46,1,10.1754,8.152133330901929,1.0075514905634249,0.9112712740898132
661269043386545536,72,1,10.1754,9.51690854472299,1.0075514905634249,0.9784958958625793
661282031370596608,44,4,12.672767,13.789841325802314,1.1028714500556387,1.139559268951416
661282031370596608,45,4,12.672767,11.867016209155311,1.1028714500556387,1.0743415355682373
661282031370596608,46,4,12.672767,11.014989342014543,1.1028714500556387,1.0419840812683105
661282031370596608,72,4,12.672767,13.211119239540661,1.1028714500556387,1.1209396123886108
661288628440350080,44,2,0.695,0.2436371027196486,-0.15801519540988615,-0.613256573677063
661288628440350080,45,2,0.695,0.2645834763862833,-0.15801519540988615,-0.5774372816085815
661288628440350080,46,2,0.695,0.2606275215862867,-0.15801519540988615,-0.5839797258377075
661288628440350080,72,2,0.695,0.24872088619391974,-0.15801519540988615,-0.6042877435684204
661313569312788096,44,3,1.008033,0.9096784465464323,0.0034747498508867795,-0.04111209511756897
661313569312788096,45,3,1.008033,0.7566911380266994,0.0034747498508867795,-0.12108135223388672
661313569312788096,46,3,1.008033,0.7157876330761819,0.0034747498508867795,-0.14521580934524536
661313569312788096,72,3,1.008033,0.581723961588585,0.0034747498508867795,-0.2352830469608307
661313917207778304,44,4,19.80235,14.3187860652729,1.296716732255058,1.1559062004089355
661313917207778304,45,4,19.80235,16.016589873021967,1.296716732255058,1.2045700550079346
661313917207778304,46,4,19.80235,7.087768501934827,1.296716732255058,0.850509524345398
661315837054947840,44,3,12.46945,9.544829105301034,1.0958472981270746,0.9797681570053101
661315837054947840,45,3,12.46945,10.496897190011694,1.0958472981270746,1.0210609436035156
661315837054947840,46,3,12.46945,8.737473371909434,1.0958472981270746,0.9413858652114868
661315837054947840,72,3,12.46945,9.778608342933735,1.0958472981270746,0.9902770519256592
664320497393421952,44,2,17.39775,12.309562685465533,1.2404930858821202,1.090242624282837
664320497393421952,45,2,17.39775,14.791541206893797,1.2404930858821202,1.170013427734375
664320497393421952,46,2,17.39775,14.733198915726621,1.2404930858821202,1.1682970523834229
664320497393421952,72,2,17.39775,18.50881304296802,1.2404930858821202,1.267378568649292
664323761568567808,44,0,13.51865,12.599217842337199,1.130933324236976,1.1003435850143433
664323761568567808,45,0,13.51865,12.603351252550333,1.130933324236976,1.1004860401153564
664323761568567808,46,0,13.51865,13.327416339660896,1.130933324236976,1.1247459650039673
664323761568567808,72,0,13.51865,9.432488898186174,1.130933324236976,0.9746263027191162
664329946321463168,44,0,12.7738,14.038050483630437,1.1063201121056396,1.1473067998886108
664329946321463168,45,0,12.7738,9.65517269306937,1.1063201121056396,0.984760046005249
664329946321463168,46,0,12.7738,13.332253405606165,1.1063201121056396,1.1249035596847534
664330839674663296,44,1,0.7863,0.6500310478554662,-0.1044117243337371,-0.18706589937210083
664330839674663296,45,1,0.7863,1.2256869072438028,-0.1044117243337371,0.08837954699993134
664330839674663296,46,1,0.7863,1.4043621049075898,-0.1044117243337371,0.1474791020154953
664330839674663296,72,1,0.7863,1.3281658286134235,-0.1044117243337371,0.12325230240821838
664344824088164352,44,1,8.09825,7.61447277487927,0.9083911796866028,0.881639838218689
664344824088164352,45,1,8.09825,10.013667931280228,0.9083911796866028,1.0005931854248047
664344824088164352,46,1,8.09825,8.07155276014391,0.9083911796866028,0.9069570899009705
664344824088164352,72,1,8.09825,7.504198982032292,0.9083911796866028,0.8753043413162231
664349874969575680,44,1,22.926,19.505033856462227,1.3603282880720524,1.2901467084884644
664349874969575680,45,1,22.926,16.099906319071895,1.3603282880720524,1.2068233489990234
664349874969575680,46,1,22.926,19.42654834562611,1.3603282880720524,1.288395643234253
664349874969575680,72,1,22.926,19.751753612830832,1.3603282880720524,1.2956056594848633
664444914005442304,44,0,13.772833,17.220465368938072,1.1390232815582757,1.2360448837280273
664444914005442304,45,0,13.772833,14.325842794223583,1.1390232815582757,1.1561201810836792
664444914005442304,46,0,13.772833,13.020380194904863,1.1390232815582757,1.1146236658096313
664444914005442304,72,0,13.772833,12.688202790891816,1.1390232815582757,1.1034001111984253
664444639127529728,44,4,4.7248,9.425610822117532,0.6743834296210033,0.974309504032135
664444639127529728,45,4,4.7248,8.037789805067739,0.6743834296210033,0.9051366448402405
664444639127529728,46,4,4.7248,6.07642821562221,0.6743834296210033,0.7836483716964722
664444639127529728,72,4,4.7248,11.485156417016018,0.6743834296210033,1.0601369142532349
664495457180572288,44,0,3.67895,16.550814829049212,0.5657238854468771,1.2188193798065186
664495457180572288,45,0,3.67895,9.307948045409326,0.5657238854468771,0.9688539505004883
664495457180572288,46,0,3.67895,27.256014751811865,0.5657238854468771,1.4354623556137085
664495457180572288,72,0,3.67895,17.17313924755116,0.5657238854468771,1.2348496913909912
664505898245002496,44,3,0.509367,0.8119163145201829,-0.29296919479082184,-0.0904887318611145
664505898245002496,45,3,0.509367,1.2520748501952395,-0.29296919479082184,0.09763029217720032
664505898245002496,46,3,0.509367,0.6692185806958136,-0.29296919479082184,-0.17443200945854187
664505898245002496,72,3,0.509367,1.0427952791152821,-0.29296919479082184,0.018199056386947632
664506143059189888,44,2,20.157333,10.989253193871688,1.304433070432005,1.0409681797027588
664506143059189888,45,2,20.157333,14.115816564388478,1.304433070432005,1.1497060060501099
664506143059189888,46,2,20.157333,12.902285053756723,1.304433070432005,1.1106666326522827
664506143059189888,72,2,20.157333,15.774188463741922,1.304433070432005,1.1979470252990723
664506173122311936,44,4,9.2024,7.407289262091758,0.9639011067832892,0.8696593046188354
664506173122311936,45,4,9.2024,7.535401001487139,0.9639011067832892,0.8771063685417175
664506173122311936,46,4,9.2024,8.215034140038416,0.9639011067832892,0.9146093726158142
664506173122311936,72,4,9.2024,7.580150564837778,0.9639011067832892,0.8796778321266174
664508616960346752,44,0,0.422967,2.060127752488786,-0.3736935150764246,0.3138941526412964
664508616960346752,45,0,0.422967,4.240947184534805,-0.3736935150764246,0.6274628639221191
664508616960346752,46,0,0.422967,2.363897201610439,-0.3736935150764246,0.3736285865306854
665212510560536960,44,1,18.579,5.63723279064484,1.2690223347292338,0.7510659694671631
665212510560536960,45,1,18.579,9.523838864674785,1.2690223347292338,0.978812038898468
665212510560536960,46,1,18.579,3.230643424062766,1.2690223347292338,0.509289026260376
664453778817920256,44,2,1.835067,3.0405806591103093,0.26365192537235255,0.48295652866363525
664453778817920256,45,2,1.835067,2.220951832383952,0.26365192537235255,0.34653913974761963
664453778817920256,46,2,1.835067,2.394729789549415,0.26365192537235255,0.3792565166950226
664452954184200704,44,2,1.5881,0.8738836337741788,0.2008778457490257,-0.05854639410972595
664452954184200704,45,2,1.5881,1.401190807292647,0.2008778457490257,0.14649727940559387
664452954184200704,46,2,1.5881,0.5053504861668747,0.2008778457490257,-0.2964073121547699
664452954184200704,72,2,1.5881,0.8794370287751184,0.2008778457490257,-0.055795252323150635
664446666352164224,44,4,0.901633,8.908561536987031,-0.04497020138117422,0.9498075842857361
664446666352164224,45,4,0.901633,4.8194260343324515,-0.04497020138117422,0.6829953193664551
664446666352164224,46,4,0.901633,5.1830431854364525,-0.04497020138117422,0.7145848274230957
664446666352164224,72,4,0.901633,7.5281775158160675,-0.04497020138117422,0.8766898512840271
664446700711823616,44,1,21.50895,15.794179046227214,1.3326192099999083,1.1984970569610596
664446700711823616,45,1,21.50895,12.328045320157232,1.3326192099999083,1.0908942222595215
664446700711823616,46,1,21.50895,6.477313687963351,1.3326192099999083,0.8113949298858643
664446700711823616,72,1,21.50895,11.144876790542368,1.3326192099999083,1.0470752716064453
664439416447387392,44,1,12.61445,2.2266200591143392,1.1008683196833788,0.3476461172103882
664439416447387392,45,1,12.61445,5.638633326657156,1.1008683196833788,0.7511738538742065
664439416447387392,46,1,12.61445,2.625361038842234,1.1008683196833788,0.4191890358924866
664329190407201280,44,0,0.887,0.7298511245878613,-0.0520763801682736,-0.136765718460083
664329190407201280,45,0,0.887,0.571867714647759,-0.0520763801682736,-0.24270442128181458
664329190407201280,46,0,0.887,0.49536148726630713,-0.0520763801682736,-0.30507776141166687
664329190407201280,72,0,0.887,0.6525553665255012,-0.0520763801682736,-0.1853826344013214
664325857512593920,44,2,17.547,15.320621703694407,1.2442028760829846,1.1852763891220093
664325857512593920,45,2,17.547,17.023447319173503,1.2442028760829846,1.231047511100769
664325857512593920,46,2,17.547,15.939032564822972,1.2442028760829846,1.2024619579315186
664325857512593920,72,2,17.547,17.433515935628392,1.2442028760829846,1.2413849830627441
664325616994522880,44,0,9.068533,14.583699668071654,0.9575370377178424,1.163867712020874
664325616994522880,45,0,9.068533,9.646645326002902,0.9575370377178424,0.9843763113021851
664325616994522880,46,0,9.068533,14.645992043517593,0.9575370377178424,1.1657187938690186
664325616994522880,72,0,9.068533,16.218324984628193,0.9575370377178424,1.2100059986114502
664325170317925120,44,4,4.1897,4.614554016220407,0.6221829267827502,0.6641297340393066
664325170317925120,45,4,4.1897,5.82178300622012,0.6221829267827502,0.7650560140609741
664325170317925120,46,4,4.1897,5.399846363497249,0.6221829267827502,0.7323814034461975
664325170317925120,72,4,4.1897,6.319384725415548,0.6221829267827502,0.8006747961044312
664319329162317568,44,4,1.1772,9.180253702739348,0.07085025342757334,0.9628546833992004
664319329162317568,45,4,1.1772,5.044701115962431,0.07085025342757334,0.7028354406356812
664319329162317568,46,4,1.1772,4.465212615315206,0.07085025342757334,0.6498421430587769
661314638762274176,44,0,10.4032,12.137652455206226,1.0171669478160326,1.0841346979141235
661314638762274176,45,0,10.4032,8.675674154568945,1.0171669478160326,0.9383032321929932
661314638762274176,46,0,10.4032,11.72316689040685,1.0171669478160326,1.0690449476242065
661314638762274176,72,0,10.4032,6.584186563101126,1.0171669478160326,0.8185021281242371
661314570042801280,44,4,16.048167,22.126465869302663,1.2054254350433113,1.344912052154541
661314570042801280,45,4,16.048167,16.54743970533426,1.2054254350433113,1.2187308073043823
661314570042801280,46,4,16.048167,16.8700305681324,1.2054254350433113,1.2271158695220947
661314570042801280,72,4,16.048167,15.919081491371115,1.2054254350433113,1.2019180059432983
661311443306610688,44,4,0.102,0.24525203242799934,-0.9913998282380825,-0.61038738489151
661311443306610688,45,4,0.102,0.26616941068298705,-0.9913998282380825,-0.5748418569564819
661311443306610688,46,4,0.102,0.2327677750749732,-0.9913998282380825,-0.6330771446228027
661311443306610688,72,4,0.102,0.17475291485966354,-0.9913998282380825,-0.7575755715370178
661308935045711872,44,0,1.4615,1.800946177601779,0.16479881969345522,0.2555007338523865
661308935045711872,45,0,1.4615,0.9544587417449139,0.16479881969345522,-0.020242840051651
661308935045711872,46,0,1.4615,2.6584855716793516,0.16479881969345522,0.42463430762290955
661308935045711872,72,0,1.4615,0.911311557156562,0.16479881969345522,-0.04033312201499939
661296290661998208,44,4,1.679,3.8670629670128633,0.2250506961380488,0.5873812437057495
661296290661998208,45,4,1.679,4.584894940895708,0.2250506961380488,0.6613293886184692
661296290661998208,46,4,1.679,3.915511085511353,0.2250506961380488,0.5927884578704834
661296290661998208,72,4,1.679,3.576701619203363,0.2250506961380488,0.553482711315155
661270486498500352,44,2,16.042533,11.342862479464376,1.2052729413216923,1.0547226667404175
661270486498500352,45,2,16.042533,11.808810124128973,1.2052729413216923,1.0722061395645142
661270486498500352,46,2,16.042533,13.771355615570828,1.2052729413216923,1.1389766931533813
661270486498500352,72,2,16.042533,7.054727199578434,1.2052729413216923,0.848480224609375
661267325402674048,44,3,1.270767,1.2697901245900804,0.10406592829550304,0.10373194515705109
661267325402674048,46,3,1.270767,2.7761550339749443,0.10406592829550304,0.4434437155723572
661267325402674048,72,3,1.270767,2.9258739023827394,0.10406592829550304,0.4662556052207947
661265951013145344,44,2,11.27665,12.59358890075861,1.0521801011900993,1.1001495122909546
661265951013145344,46,2,11.27665,11.500175544123978,1.0521801011900993,1.0607044696807861
661265951013145344,72,2,11.27665,10.002912758071453,1.0521801011900993,1.0001264810562134
661265229458645120,44,1,9.113367,10.083816083532387,0.9596788598889389,1.0036249160766602
661265229458645120,46,1,9.113367,7.72571915573274,0.9596788598889389,0.887938916683197
661265229458645120,72,1,9.113367,13.696412031263932,0.9596788598889389,1.1366068124771118
661264679702825344,44,1,14.11095,8.163076187852997,1.1495562530080203,0.9118538498878479
661264679702825344,46,1,14.11095,8.923394877639785,1.1495562530080203,0.9505301117897034
661264439184662016,44,0,5.841667,7.133861142277739,0.7665367967004586,0.8533246517181396
661264439184662016,72,0,5.841667,8.899483073467696,0.7665367967004586,0.9493647813796997
661216743570426240,72,4,3.10265,3.7890466648328847,0.49173278697899875,0.578529953956604
661210734913600000,72,4,0.102,0.11930035566475351,-0.9913998282380825,-0.9233582615852356
661209566682500736,72,2,16.06055,16.100737160593468,1.2057604137866869,1.206845760345459
661204167906246784,72,3,1.553033,0.9152488858713034,0.19118068403869135,-0.03846079111099243
661190290869387776,72,2,15.387133,12.261477880783811,1.187157707663135,1.0885428190231323
659689109602230272,72,3,1.040233,1.2973980169693555,0.01713062706866633,0.11307322978973389
659687498990893056,72,2,6.667967,6.136070978846932,0.8239934418228293,0.7878903746604919
659684264879024128,72,4,1.618467,0.9487899590443702,0.20910384870985466,-0.022829920053482056
659487039980639872,45,0,0.963167,0.9899895763429271,-0.016298405616375727,-0.004369378089904785
659487039980639872,72,0,0.963167,0.783679874344157,-0.016298405616375727,-0.10586130619049072
659485807326329600,45,4,1.416,4.592595274444456,0.15106325335375018,0.6620581746101379
659485807326329600,72,4,1.416,2.9562609185226143,0.15106325335375018,0.47074276208877563
659466222275521792,44,0,1.708,1.7356850745419161,0.23248786635298624,0.2394709289073944
659466222275521792,45,0,1.708,0.5732204459711394,0.23248786635298624,-0.24167832732200623
659466222275521792,46,0,1.708,0.8183909111237638,0.23248786635298624,-0.08703920245170593
659466222275521792,72,0,1.708,0.46169020265234095,0.23248786635298624,-0.3356493413448334
659436153207801344,44,0,9.5215,7.73429867959004,0.9787053717465206,0.8884209394454956
659436153207801344,45,0,9.5215,8.956312632134189,0.9787053717465206,0.9521292448043823
659436153207801344,46,0,9.5215,9.594398560396765,0.9787053717465206,0.9820177555084229
659388466187693440,44,3,12.078,10.143284749440037,1.081995025272298,1.006178617477417
659388466187693440,46,3,12.078,15.826327896430767,1.081995025272298,1.1993801593780518
659388466187693440,72,3,12.078,9.869992356174206,1.081995025272298,0.994316816329956
659388947224025856,44,3,16.595,19.534347199444216,1.2199772567446228,1.2907989025115967
659388947224025856,45,3,16.595,15.462485944321234,1.2199772567446228,1.189279317855835
659388947224025856,46,3,16.595,14.775759812353943,1.2199772567446228,1.169549822807312
659388947224025856,72,3,16.595,16.837055586953,1.2199772567446228,1.2262661457061768
659413750659083776,44,2,1.05,1.1077450611935342,0.021189299069938092,0.04443982243537903
659413750659083776,46,2,1.05,0.5834604022819299,0.021189299069938092,-0.23398861289024353
659413750659083776,72,2,1.05,0.9745999040277658,0.021189299069938092,-0.011173635721206665
659462855021155840,44,2,11.75,14.718707916419467,1.070037866607755,1.1678696870803833
659462855021155840,45,2,11.75,4.915046207107562,1.070037866607755,0.6915276050567627
659462855021155840,46,2,11.75,12.662014976826867,1.070037866607755,1.1025028228759766
659462855021155840,72,2,11.75,16.220804804765887,1.070037866607755,1.21007239818573
659488349947010176,45,4,1.583867,2.6340695407388766,0.19971871033985295,0.420627236366272
659488349947010176,72,4,1.583867,2.2121052021385594,0.19971871033985295,0.3448057770729065
661186373859208832,72,3,16.3091,15.694969949452476,1.2124299956314317,1.1957604885101318
661186202060520704,72,2,0.4187,0.86894321733738,-0.3780970391087695,-0.061008602380752563
661185755383916160,72,1,17.323733,18.747799127083173,1.238641481596696,1.272950291633606
661186683096853248,72,3,12.60795,15.238874093973395,1.100644477844786,1.182952880859375
661189706753828608,72,0,1.9666,3.3913593614166233,0.2937160348261091,0.5303738117218018
661190153430426880,72,1,4.6753,4.5293874914923915,0.6698094834789912,0.6560394763946533
661211147230556160,72,0,14.83555,16.715945302679664,1.17130365159909,1.2231309413909912
661211727047722752,72,1,10.7393,10.565748539972377,1.0309759744692302,1.0239002704620361
661215751435494144,72,3,18.154,5.12460306579491,1.2589723311093857,0.7096602320671082
661212933936844416,72,2,7.914,8.164504745683065,0.8983960459300089,0.9119298458099365
661219290488437632,44,2,2.619633,2.6316810282845093,0.41824045267890203,0.42023324966430664
661219290488437632,46,2,2.619633,2.346263237616606,0.41824045267890203,0.37037673592567444
661219290488437632,72,2,2.619633,4.324542744758136,0.41824045267890203,0.6359401941299438
661243273585807872,44,0,6.3585,11.689270503306945,0.8033546756239023,1.0677874088287354
661243273585807872,45,0,6.3585,7.692635221686062,0.8033546756239023,0.8860751390457153
661243273585807872,46,0,6.3585,8.65933660842518,0.8033546756239023,0.937484622001648
661243307945543936,44,1,1.782,6.338691691024459,0.25090769970085597,0.8019996285438538
661243307945543936,45,1,1.782,1.2799584419692975,0.25090769970085597,0.10719586908817291
661243307945543936,46,1,1.782,0.8844238167691543,0.25090769970085597,-0.05333957076072693
661243307945543936,72,1,1.782,1.2910605047019734,0.25090769970085597,0.11094659566879272
661294705815866240,44,2,10.662933,12.465530176725645,1.0278766803483774,1.0957107543945312
661294705815866240,45,2,10.662933,10.398070389809561,1.0278766803483774,1.0169527530670166
661294705815866240,46,2,10.662933,10.624547533889155,1.0278766803483774,1.0263104438781738
661295324291154816,44,3,7.911033,7.36236978627171,0.8982331961283175,0.8670176267623901
661295324291154816,45,3,7.911033,7.891448295745905,0.8982331961283175,0.8971567153930664
661295324291154816,46,3,7.911033,7.304170941777482,0.8982331961283175,0.8635709285736084
661295324291154816,72,3,7.911033,7.962857170259316,0.8982331961283175,0.901068925857544
661295672186702336,44,3,2.12,8.599772949875469,0.32633586092875144,0.934486985206604
661295672186702336,45,3,2.12,11.785838042787859,0.32633586092875144,1.071360468864441
661295672186702336,46,3,2.12,12.062639701992458,0.32633586092875144,1.0814423561096191
661296565539900544,44,4,8.674,6.338669942255239,0.9382194178127431,0.8019981384277344
661296565539900544,45,4,8.674,2.547122240749589,0.9382194178127431,0.40604978799819946
661296565539900544,46,4,8.674,4.236271263918319,0.9382194178127431,0.6269837617874146
661297493252924416,44,1,7.24,1.826447402764471,0.859738566197147,0.26160717010498047
661297493252924416,45,1,7.24,2.9680558693468146,0.859738566197147,0.47247207164764404
661297493252924416,46,1,7.24,2.0868106369944552,0.859738566197147,0.31948304176330566
661298833282624000,44,2,21.44,14.488367201878809,1.3312247810207325,1.1610194444656372
661298833282624000,45,2,21.44,14.061702662765896,1.3312247810207325,1.1480379104614258
661298833282624000,46,2,21.44,13.741302695294157,1.3312247810207325,1.1380279064178467
661298833282624000,72,2,21.44,16.26511357173999,1.3312247810207325,1.2112571001052856
661298897704486912,44,0,0.3512,0.8178632340862384,-0.45444549276593504,-0.08731931447982788
661298897704486912,45,0,0.3512,0.7592217132833449,-0.45444549276593504,-0.11963137984275818
661298897704486912,46,0,0.3512,0.4934555111204273,-0.45444549276593504,-0.3067519962787628
661298897704486912,72,0,0.3512,0.9142323613630586,-0.45444549276593504,-0.03894340991973877
661311752544249088,44,3,2.9816,2.9007841500370666,0.4744493797457832,0.4625154137611389
661311752544249088,45,3,2.9816,2.4637556236791203,0.4744493797457832,0.3915976285934448
661311752544249088,46,3,2.9816,2.526034607552995,0.4744493797457832,0.40243929624557495
661311752544249088,72,3,2.9816,3.297564089072253,0.4744493797457832,0.518193244934082
661321304551503616,44,3,1.37715,9.274327213146835,0.13898124644747245,0.9672824144363403
661321304551503616,45,3,1.37715,2.000274162538915,0.13898124644747245,0.3010895252227783
661321304551503616,46,3,1.37715,3.6183472538467907,0.13898124644747245,0.5585102438926697
661320067600915328,44,2,16.755,13.489402811222508,1.2241444321712902,1.1299927234649658
661320067600915328,45,2,16.755,8.141411853307238,1.2241444321712902,0.910699725151062
661320067600915328,46,2,16.755,10.05615569493661,1.2241444321712902,1.0024319887161255
661322060465742336,44,1,1.954,2.221322974455309,0.29092455938275424,0.34661170840263367
661322060465742336,45,1,1.954,1.211122207449764,0.29092455938275424,0.08318796753883362
661322060465742336,46,1,1.954,1.5341970832515073,0.29092455938275424,0.18588115274906158
661322060465742336,72,1,1.954,1.7346412383787975,0.29092455938275424,0.23920966684818268
661323641013704832,44,4,0.61095,0.4554790075301366,-0.21399433085832106,-0.3415316343307495
661323641013704832,45,4,0.61095,0.4122761777462193,-0.21399433085832106,-0.38481175899505615
661323641013704832,46,4,0.61095,0.5665550761622178,-0.21399433085832106,-0.2467578649520874
661323641013704832,72,4,0.61095,0.804014757078648,-0.21399433085832106,-0.09473598003387451
661325187202016512,44,4,0.8377,7.235647494310981,-0.07691148455760075,0.8594774007797241
661325187202016512,45,4,0.8377,6.110279106858387,-0.07691148455760075,0.7860610485076904
661325187202016512,46,4,0.8377,3.3640495412808225,-0.07691148455760075,0.526862382888794
661325393360354688,44,0,0.8827,4.071515125286778,-0.054186873412661526,0.6097560524940491
661325393360354688,45,0,0.8827,5.466703207748039,-0.054186873412661526,0.7377254962921143
661325393360354688,46,0,0.8827,2.125820832798557,-0.054186873412661526,0.32752665877342224
664328915529295232,44,4,1.17895,0.6643816315937893,0.07149538678757758,-0.17758238315582275
664328915529295232,45,4,1.17895,0.8465587976723129,0.07149538678757758,-0.0723428726196289
664328915529295232,46,4,1.17895,0.8848390424979061,0.07149538678757758,-0.05313572287559509
664328915529295232,72,4,1.17895,1.0806928648489589,0.07149538678757758,0.03370228409767151
664425054076741120,44,1,22.9602,21.920446675238182,1.3609756667624375,1.3408493995666504
664425054076741120,45,1,22.9602,12.488870597008479,1.3609756667624375,1.0965231657028198
664425054076741120,46,1,22.9602,13.254579414318158,1.3609756667624375,1.122365951538086
664425054076741120,72,1,22.9602,19.8768241851842,1.3609756667624375,1.298346996307373
664441615470632064,44,3,0.8704,0.998772002212347,-0.06028111764589534,-0.0005336403846740723
664441615470632064,45,3,0.8704,0.7414967640651431,-0.06028111764589534,-0.12989073991775513
664441615470632064,46,3,0.8704,0.509319671881448,-0.06028111764589534,-0.29300954937934875
664441615470632064,72,3,0.8704,0.4950067286310462,-0.06028111764589534,-0.3053888976573944
664442233945917440,44,0,19.1984,12.232020155458036,1.2832650359886737,1.0874981880187988
664442233945917440,45,0,19.1984,20.26719703771888,1.2832650359886737,1.3067936897277832
664442233945917440,46,0,19.1984,14.335999575864546,1.2832650359886737,1.1564279794692993
664442233945917440,72,0,19.1984,11.02511667035689,1.2832650359886737,1.0423831939697266
664455118847781760,44,3,14.8181,14.649417630197288,1.1707925212941206,1.1658203601837158
664455118847781760,45,3,14.8181,12.918451689262364,1.1707925212941206,1.1112104654312134
664455118847781760,46,3,14.8181,18.64083550199276,1.1707925212941206,1.27046537399292
664455118847781760,72,3,14.8181,14.455567080194543,1.1707925212941206,1.1600351333618164
664456626379853696,44,2,0.600033,0.5048768632100924,-0.221824864076698,-0.29681453108787537
664456626379853696,45,2,0.600033,0.7516108541229215,-0.221824864076698,-0.1240069568157196
664456626379853696,46,2,0.600033,0.5829166934808735,-0.221824864076698,-0.23439350724220276
664456626379853696,72,2,0.600033,0.818674230864805,-0.221824864076698,-0.0868888795375824
664456733755404928,44,4,5.316567,7.2874980512678444,0.7256312912774728,0.8625784516334534
664456733755404928,45,4,5.316567,9.035294917110793,0.7256312912774728,0.9559423327445984
664456733755404928,46,4,5.316567,6.5432194733546,0.7256312912774728,0.8157914876937866
664456733755404928,72,4,5.316567,4.651140990350515,0.7256312912774728,0.6675595045089722
665248446550953728,44,0,0.3894,0.8927624119171498,-0.4096040528159871,-0.049264103174209595
665248446550953728,45,0,0.3894,0.7650336750679017,-0.4096040528159871,-0.1163194477558136
665248446550953728,46,0,0.3894,1.159058275992905,-0.4096040528159871,0.06410527229309082
665248446550953728,72,0,0.3894,0.8723807507845163,-0.4096040528159871,-0.059293925762176514
664451609857973376,44,2,0.794667,0.8361325412720914,-0.09981482148099767,-0.0777248740196228
664451609857973376,45,2,0.794667,0.6407259369995596,-0.09981482148099767,-0.19332769513130188
664451609857973376,46,2,0.794667,0.6841622274490883,-0.09981482148099767,-0.1648409068584442
664451609857973376,72,2,0.794667,0.6075808199504391,-0.09981482148099767,-0.21639594435691833
664438248216250880,44,2,7.3915,21.080338144808437,0.8687325812389337,1.3238775730133057
664438248216250880,45,2,7.3915,7.4965238855034215,0.8687325812389337,0.8748599290847778
664438248216250880,46,2,7.3915,11.468116898354788,0.8687325812389337,1.0594921112060547
664437561021480192,44,3,0.230967,0.8894449855686397,-0.6364500666086974,-0.05088090896606445
664437561021480192,45,3,0.230967,0.8730545502463534,-0.6364500666086974,-0.058958619832992554
664437561021480192,46,3,0.230967,0.8662280301692937,-0.6364500666086974,-0.062367767095565796
664437561021480192,72,3,0.230967,0.5642969068011882,-0.6364500666086974,-0.24849233031272888
664429005446645376,44,3,15.819033,15.984712665581538,1.1991799320314638,1.203704833984375
664429005446645376,45,3,15.819033,17.235451233807463,1.1991799320314638,1.2364226579666138
664429005446645376,46,3,15.819033,12.412481084054171,1.1991799320314638,1.0938585996627808
664429005446645376,72,3,15.819033,16.70899539453353,1.1991799320314638,1.2229503393173218
661421939927520384,44,2,0.940433,0.9991991545234135,-0.02667213979119832,-0.0003479421138763428
661421939927520384,45,2,0.940433,0.8204764798460241,-0.02667213979119832,-0.0859338641166687
661421939927520384,46,2,0.940433,0.5485582300239676,-0.02667213979119832,-0.2607772648334503
661421939927520384,72,2,0.940433,0.812195609297275,-0.02667213979119832,-0.09033936262130737
664422683254834304,44,3,8.9618,8.186368724316175,0.9523952475589943,0.9130913019180298
664422683254834304,45,3,8.9618,8.079467283253088,0.9523952475589943,0.9073827266693115
664422683254834304,46,3,8.9618,5.7791885990853045,0.9523952475589943,0.7618668675422668
664422683254834304,72,3,8.9618,8.534975768257588,0.9523952475589943,0.9312022924423218
661418405170762368,44,3,20.4386,3.639715200058847,1.3104511442465325,0.5610674023628235
661418405170762368,45,3,20.4386,14.980851993324087,1.3104511442465325,1.1755365133285522
661418405170762368,46,3,20.4386,16.64370682606612,1.3104511442465325,1.221250057220459
661418405170762368,72,3,20.4386,10.576258242187448,1.3104511442465325,1.024332046508789
661319620924311296,44,1,26.14685,10.566125571059077,1.4174193754204953,1.0239157676696777
661319620924311296,45,1,26.14685,2.5008955175772045,1.4174193754204953,0.3980955481529236
661319620924311296,46,1,26.14685,7.61051098941588,1.4174193754204953,0.8814138174057007
661319547906688896,44,0,9.1032,3.844178816966308,0.9591940844143966,0.584803581237793
661319547906688896,45,0,9.1032,13.88510083325357,0.9591940844143966,1.1425490379333496
661319547906688896,46,0,9.1032,5.270915316070928,0.9591940844143966,0.7218860387802124
661319483485360000,44,0,7.919433,9.251253683425631,0.898694088939732,0.966200590133667
661319483485360000,45,0,7.919433,6.024050860463528,0.898694088939732,0.7798886299133301
661319483485360000,46,0,7.919433,5.973225867423254,0.898694088939732,0.7762089371681213
661319483485360000,72,0,7.919433,7.6067015968888825,0.898694088939732,0.8811963796615601
661317250102374528,44,2,8.400367,10.136137377718056,0.9242982601801117,1.0058724880218506
661317250102374528,45,2,8.400367,10.415223762684796,0.9242982601801117,1.017668604850769
661317250102374528,46,2,8.400367,7.717784658158664,0.9242982601801117,0.8874926567077637
661317250102374528,72,2,8.400367,9.428756126695822,0.9242982601801117,0.974454402923584
661300993647979776,44,2,9.089567,8.771935822785647,0.9585431952143049,0.9430954456329346
661300993647979776,45,2,9.089567,9.527296763941695,0.9585431952143049,0.9789696931838989
661300993647979776,46,2,9.089567,8.33468400915884,0.9585431952143049,0.920889139175415
661300993647979776,72,2,9.089567,8.876516100116643,0.9585431952143049,0.9482425451278687
661300551269631360,44,3,2.062,4.298607991623673,0.3142886609474977,0.633327841758728
661300551269631360,45,3,2.062,2.5256924526031947,0.3142886609474977,0.40238046646118164
661300551269631360,46,3,2.062,4.053280716853522,0.3142886609474977,0.6078066825866699
661300551269631360,72,3,2.062,2.6914018678741147,0.3142886609474977,0.42997854948043823
661293812462666240,44,4,9.60085,8.318425739038151,0.9823096844945673,0.9200411438941956
661293812462666240,45,4,9.60085,8.977426986572697,0.9823096844945673,0.9531518816947937
661293812462666240,46,4,9.60085,8.85248570607173,0.9823096844945673,0.9470652341842651
661293812462666240,72,4,9.60085,6.4817467566292555,0.9823096844945673,0.8116920590400696
661246022364851072,44,3,0.173,0.28486530250807623,-0.7619538968712046,-0.5453604459762573
661246022364851072,45,3,0.173,0.3117866408070969,-0.7619538968712046,-0.5061424970626831
661246022364851072,46,3,0.173,0.3344955234998424,-0.7619538968712046,-0.475609689950943
661246022364851072,72,3,0.173,0.2975385802124309,-0.7619538968712046,-0.5264567136764526
661292511090872960,44,0,8.272533,5.174880527467769,0.9176385082814907,0.7139003276824951
661292511090872960,45,0,8.272533,7.724963188467064,0.9176385082814907,0.8878964185714722
661292511090872960,46,0,8.272533,6.549621912911302,0.9176385082814907,0.816216230392456
661292511090872960,72,0,8.272533,5.00954023108727,0.9176385082814907,0.6997978687286377
661238635021126656,44,4,16.249667,16.164108780950208,1.210844465527552,1.2085517644882202
661238635021126656,46,4,16.249667,15.119727778072873,1.210844465527552,1.1795439720153809
661238635021126656,72,4,16.249667,15.360687910818852,1.210844465527552,1.186410665512085
661214136527890944,44,1,3.432,0.7996420601953295,0.5355472791766678,-0.09710437059402466
661214136527890944,46,1,3.432,1.4872139273859382,0.5355472791766678,0.1723734438419342
661214136527890944,72,1,3.432,2.71552816577241,0.5355472791766678,0.4338543117046356
661199911596105600,72,2,0.061,0.07454827460791623,-1.214670164989233,-1.127562403678894
661194856416193024,72,4,0.73,0.9725501366843651,-0.1366771398795441,-0.012088000774383545
660996020906770560,72,0,13.313,10.52589700512173,1.1242759320063376,1.0222591161727905
660992344414836992,72,3,1.399067,0.9114582167463172,0.14583851294325365,-0.040263235569000244
659489518178180864,72,2,10.793,9.452910645644115,1.0331421770606246,0.9755655527114868
659477217391773696,45,0,12.56595,11.533279829791626,1.0991953273226789,1.061952829360962
659477217391773696,72,0,12.56595,9.748228384554267,1.0991953273226789,0.9889256954193115
659467871542951552,44,1,24.9635,14.042443930620605,1.3973054754063783,1.1474426984786987
659467871542951552,46,1,24.9635,10.827596677748138,1.3973054754063783,1.034532070159912
659467871542951552,72,1,24.9635,14.559653040426296,1.3973054754063783,1.1631510257720947
659464122035016320,44,2,8.682,1.5863036754344841,0.9386197815026811,0.20038633048534393
659464122035016320,45,2,8.682,1.019484626814028,0.9386197815026811,0.008380681276321411
659464122035016320,46,2,8.682,2.126624631539028,0.9386197815026811,0.32769083976745605
659464122035016320,72,2,8.682,1.5425166970611144,0.9386197815026811,0.18822987377643585
659372518973185536,44,4,0.952,1.1147786423867552,-0.021363051615525673,0.047188639640808105
659372518973185536,45,4,0.952,0.7668222843640647,-0.021363051615525673,-0.11530527472496033
659372518973185536,46,4,0.952,0.7054250849262625,-0.021363051615525673,-0.1515491008758545
659372518973185536,72,4,0.952,0.8167835656609621,-0.021363051615525673,-0.08789300918579102
659409764929410048,44,2,1.229,0.891052655776543,0.08955188288645412,-0.05009663105010986
659409764929410048,45,2,1.229,0.7904968329730125,0.08955188288645412,-0.10209986567497253
659409764929410048,46,2,1.229,0.818736030511762,0.08955188288645412,-0.08685609698295593
659409764929410048,72,2,1.229,0.8876787166077389,0.08955188288645412,-0.05174419283866882
659411796450014464,44,0,2.092,4.310780760256453,0.3205616801952366,0.6345559358596802
659411796450014464,45,0,2.092,3.6516575760503462,0.3205616801952366,0.5624900460243225
659411796450014464,46,0,2.092,4.692165346010327,0.3205616801952366,0.6713733077049255
659411796450014464,72,0,2.092,2.4718127239412238,0.3205616801952366,0.3930155634880066
659415129344636544,44,2,9.2655,8.975742857201983,0.966868860393375,0.9530704021453857
659415129344636544,45,2,9.2655,8.372612274685517,0.966868860393375,0.9228609800338745
659415129344636544,46,2,9.2655,9.995255201984893,0.966868860393375,0.9997938871383667
659415129344636544,72,2,9.2655,11.758917307347136,0.966868860393375,1.0703673362731934
659472235229782912,45,1,3.9855,5.0540066823760466,0.6004828134659588,0.7036358118057251
659472235229782912,72,1,3.9855,3.594102928680404,0.6004828134659588,0.5555905103683472
660981619879849728,72,0,0.8622,0.685604888021439,-0.06439198148213073,-0.16392609477043152
660995230632845184,72,4,2.4247,2.3290198762076857,0.38465801246227893,0.3671731948852539
660999491240341888,72,1,12.4455,9.593047638216591,1.095012349147017,0.9819566011428833
661004713920630656,72,1,3.131433,7.168855974878396,0.49574312399147885,0.8554498553276062
661006019590629760,72,0,1.2931,11.10379791115882,0.11163211170860017,1.0454715490341187
661194310958749696,72,3,21.48645,19.837236875156677,1.3321646671076535,1.2974811792373657
661195788427497472,72,1,0.859233,0.8418667320293957,-0.06588905166001678,-0.07475665211677551
661195303092794624,72,0,0.292,0.9053925964176489,-0.5346171485515817,-0.04316306114196777
661200663212002304,72,3,5.1621,0.8996795593033075,0.7128264134251168,-0.04591214656829834
661224581888230400,44,1,0.07,0.09754874627465944,-1.154901959985743,-1.0107783079147339
661224547528488064,44,1,19.88005,19.460620130236727,1.2984174723498654,1.2891566753387451
661224547528488064,46,1,19.88005,18.557558234422036,1.2984174723498654,1.2685208320617676
661224547528488064,72,1,19.88005,14.452131285559478,1.2984174723498654,1.1599318981170654
661202282418030080,72,2,0.6895,0.6702712366796386,-0.16146572948813143,-0.1737494170665741
661239390935361024,44,2,25.29145,4.412542529498829,1.4029737288678044,0.6446889042854309
661239390935361024,45,2,25.29145,4.345577070820066,1.4029737288678044,0.638047456741333
661239390935361024,46,2,25.29145,3.0447732770076996,1.4029737288678044,0.4835549592971802
661239390935360512,44,1,9.951133,12.090365292031633,0.9978725307593029,1.0824394226074219
661239390935360512,45,1,9.951133,10.715854138754446,0.9978725307593029,1.0300267934799194
661239390935360512,46,1,9.951133,8.252122316763943,0.9978725307593029,0.9165656566619873
661239390935360512,72,1,9.951133,10.414171751692715,0.9978725307593029,1.0176247358322144
661244270018200192,44,0,2.996633,3.4557937423681455,0.4766335578156718,0.5385478138923645
661244270018200192,45,0,2.996633,1.9703845119068608,0.4766335578156718,0.29455098509788513
661244270018200192,46,0,2.996633,4.358542596669822,0.4766335578156718,0.6393412947654724
661244270018200192,72,0,2.996633,2.761052909177013,0.4766335578156718,0.4410747289657593
661244647975316736,44,4,28.0301,16.465738935865588,1.447624647149181,1.2165812253952026
661244647975316736,45,4,28.0301,20.345632837843073,1.447624647149181,1.3084712028503418
661244647975316736,46,4,28.0301,19.84326553211699,1.447624647149181,1.2976131439208984
661244647975316736,72,4,28.0301,10.476646884364694,1.447624647149181,1.0202223062515259
661247671632285312,44,4,3.5574,3.2067559194879847,0.5511327007286073,0.5060659050941467
661247671632285312,45,4,3.5574,3.8737778005899153,0.5511327007286073,0.5881347060203552
661247671632285312,46,4,3.5574,4.134581850568181,0.5511327007286073,0.6164315938949585
661247671632285312,72,4,3.5574,4.02323605638918,0.5511327007286073,0.604575514793396
661251210685333120,44,1,18.322733,14.72949497764707,1.2629902530815176,1.1681878566741943
661251210685333120,45,1,18.322733,8.810226193905818,1.2629902530815176,0.9449870586395264
661251210685333120,46,1,18.322733,15.091424988229985,1.2629902530815176,1.1787302494049072
661251210685333120,72,1,18.322733,19.678264663519357,1.2629902530815176,1.2939867973327637
661251966599576576,44,0,11.728633,10.282433943506767,1.0692473970129839,1.0120959281921387
661251966599576576,45,0,11.728633,11.426028494310428,1.0692473970129839,1.057895302772522
661251966599576576,46,0,11.728633,9.741450298708193,1.0692473970129839,0.9886236190795898
661251966599576576,72,0,11.728633,12.792000901097671,1.0692473970129839,1.1069384813308716
661254303061774976,44,2,1.231,1.726623401120503,0.09025805293131633,0.2371976226568222
661254303061774976,45,2,1.231,0.6813008740532904,0.09025805293131633,-0.16666105389595032
661254303061774976,46,2,1.231,0.7952143968670201,0.09025805293131633,-0.09951576590538025
661254303061774976,72,2,1.231,0.789914122733575,0.09025805293131633,-0.10242012143135071
661305838371084288,44,1,0.752,0.9702769407761662,-0.12378215940835775,-0.013104289770126343
661305838371084288,45,1,0.752,0.9315132737224577,-0.12378215940835775,-0.030810952186584473
661305838371084288,46,1,0.752,0.903502707094159,-0.12378215940835775,-0.044070541858673096
661305838371084288,72,1,0.752,0.8175976997374464,-0.12378215940835775,-0.08746033906936646
661397308291492608,44,0,1.6377,3.4042968534251457,0.21423434902562366,0.5320274233818054
661397308291492608,45,0,1.6377,0.887173999702222,0.21423434902562366,-0.05199119448661804
661397308291492608,46,0,1.6377,0.7755932364709928,0.21423434902562366,-0.11036598682403564
661397308291492608,72,0,1.6377,0.7280291384471826,0.21423434902562366,-0.13785123825073242
661401358444641152,44,4,0.064,0.10084542683975803,-1.193820026016113,-0.9963437914848328
661401358444641152,45,4,0.064,0.12077610046081046,-1.193820026016113,-0.9180189967155457
661401358444641152,46,4,0.064,0.07927583677594754,-1.193820026016113,-1.1008591651916504
661401358444641152,72,4,0.064,0.09086266437571572,-1.193820026016113,-1.0416145324707031
661401431460014720,44,0,9.9669,5.124519370809161,0.9985601009150946,0.7096531391143799
661401431460014720,45,0,9.9669,5.124485611874056,0.9985601009150946,0.7096502780914307
661401431460014720,46,0,9.9669,1.3056353437381938,0.9985601009150946,0.11582189798355103
661401431460014976,44,4,13.47045,11.984257597951933,1.12938210420498,1.078611135482788
661401431460014976,45,4,13.47045,19.671227796581007,1.12938210420498,1.293831467628479
661401431460014976,46,4,13.47045,11.480040959434413,1.12938210420498,1.059943437576294
661401122222444288,44,4,6.7759,8.494628345138166,0.8309669879707233,0.9291443824768066
661401122222444288,45,4,6.7759,5.94693245002926,0.8309669879707233,0.7742930054664612
661401122222444288,46,4,6.7759,7.785681351147671,0.8309669879707233,0.8912966251373291
661401122222444288,72,4,6.7759,6.168199204679893,0.8309669879707233,0.7901583909988403
661402084295115904,44,1,4.314967,3.539676289606351,0.6349774786670556,0.5489635467529297
661402084295115904,45,1,4.314967,7.394846231788667,0.6349774786670556,0.8689291477203369
661402084295115904,46,1,4.314967,6.456871087146419,0.6349774786670556,0.8100221157073975
661402084295115904,72,1,4.314967,5.124668475432821,0.6349774786670556,0.7096657752990723
661414213282680960,44,0,13.4872,10.118368741109482,1.1299217976506644,1.005110502243042
661414213282680960,45,0,13.4872,12.787974107931289,1.1299217976506644,1.1068017482757568
661414213282680960,46,0,13.4872,11.727914234118977,1.1299217976506644,1.069220781326294
661414213282680960,72,0,13.4872,11.206360348303592,1.1299217976506644,1.0494645833969116
664431204469943808,44,0,22.561267,17.74908729483375,1.35336348518975,1.249176025390625
664431204469943808,45,0,22.561267,18.673247331853787,1.35336348518975,1.2712198495864868
664431204469943808,46,0,22.561267,12.301395346257825,1.35336348518975,1.0899543762207031
664431204469943808,72,0,22.561267,20.671369421128368,1.35336348518975,1.3153692483901978
664431548067327616,44,1,18.543833,20.00107256989166,1.2681995075159262,1.3010532855987549
664431548067327616,45,1,18.543833,13.759072014862598,1.2681995075159262,1.1385891437530518
664431548067327616,46,1,18.543833,17.963706956348187,1.2681995075159262,1.2543959617614746
664431548067327616,72,1,18.543833,19.95416547229315,1.2681995075159262,1.3000335693359375
664437286143573760,44,1,9.5614,6.260802801803594,0.98052148723,0.7966300249099731
664437286143573760,45,1,9.5614,7.358921939185081,0.98052148723,0.8668141961097717
664437286143573760,46,1,9.5614,6.998106345728219,0.98052148723,0.8449805378913879
664437286143573760,72,1,9.5614,6.609479249925834,0.98052148723,0.8201672434806824
664437320503310336,44,4,15.325867,17.50089867668975,1.1854250523692567,1.2430603504180908
664437320503310336,45,4,15.325867,13.014866745245705,1.1854250523692567,1.1144397258758545
664437320503310336,46,4,15.325867,14.425759232907938,1.1854250523692567,1.1591386795043945
664437320503310336,72,4,15.325867,16.34672072816067,1.1854250523692567,1.213430643081665
664461578478588672,44,0,14.877433,3.734120920158145,1.1725280031112022,0.5721883773803711
664461578478588672,45,0,14.877433,4.9705016827472575,1.1725280031112022,0.6964002251625061
664461578478588672,46,0,14.877433,2.9178132509228663,1.1725280031112022,0.46505749225616455
664477968073854720,44,4,1.5228,5.913066954328999,0.18264286814232958,0.7718127965927124
664477968073854720,45,4,1.5228,2.7461667342552425,0.18264286814232958,0.43872690200805664
664477968073854720,46,4,1.5228,1.683524921770707,0.18264286814232958,0.2262195497751236
664481743348692352,44,2,0.46,0.5607351097795521,-0.3372421683184259,-0.2512422502040863
664481743348692352,45,2,0.46,0.8521804979043417,-0.3372421683184259,-0.0694684088230133
664481743348692352,46,2,0.46,0.8284900122758045,-0.3372421683184259,-0.08171272277832031
664481743348692352,72,2,0.46,1.0366194837789033,-0.3372421683184259,0.015619367361068726
664464808293984000,44,1,1.06355,2.266756105718563,0.02675791192906927,0.355404794216156
664464808293984000,45,1,1.06355,2.254462830088506,0.02675791192906927,0.3530430793762207
664464808293984000,46,1,1.06355,0.9545068179251278,0.02675791192906927,-0.020220965147018433
664464808293984000,72,1,1.06355,3.0212585532434386,0.02675791192906927,0.48018789291381836
664460685125455360,44,1,1.0815,1.9077963011951866,0.03402652377511024,0.28053200244903564
664460685125455360,45,1,1.0815,0.7420414659628422,0.03402652377511024,-0.1295718252658844
664460685125455360,46,1,1.0815,1.586462232032951,0.03402652377511024,0.2004297375679016
664460685125455360,72,1,1.0815,1.0077750667323888,0.03402652377511024,0.0033636093139648438
664463502623929088,44,4,7.407433,4.074150692327811,0.8696677319898368,0.610037088394165
664463502623929088,45,4,7.407433,4.690481653178498,0.8696677319898368,0.6712174415588379
664463502623929088,46,4,7.407433,6.170608965281942,0.8696677319898368,0.7903280258178711
664463502623929088,72,4,7.407433,6.16051729042476,0.8696677319898368,0.7896171808242798
664459031561436544,44,2,0.859433,1.1939293373801134,-0.06578797454931264,0.07697862386703491
664459031561436544,45,2,0.859433,0.9286892410954651,-0.06578797454931264,-0.03212958574295044
664459031561436544,46,2,0.859433,0.8068236753030057,-0.06578797454931264,-0.09322136640548706
664459031561436544,72,2,0.859433,0.7662020790629342,-0.06578797454931264,-0.11565667390823364
664461853356491264,44,1,6.177333,11.436229238339774,0.7908010133766131,1.0582828521728516
664461853356491264,45,1,6.177333,9.263726593066536,0.7908010133766131,0.966785728931427
664461853356491264,46,1,6.177333,3.082813219978842,0.7908010133766131,0.48894721269607544
664461853356491264,72,1,6.177333,4.679007454136534,0.7908010133766131,0.6701537370681763
661430705957076096,44,3,0.3301,0.7272829823257382,-0.4813544756696885,-0.13829657435417175
661430705957076096,45,3,0.3301,2.560964249269042,-0.4813544756696885,0.40840351581573486
661430705957076096,46,3,0.3301,0.5150127134179016,-0.4813544756696885,-0.2881820499897003
661430705957076096,72,3,0.3301,0.7204641929236585,-0.4813544756696885,-0.14238759875297546
661429675164926464,44,3,21.998,16.698477403035398,1.3423831977109555,1.2226768732070923
661429675164926464,45,3,21.998,15.121292487077262,1.3423831977109555,1.1795889139175415
661429675164926464,46,3,21.998,9.770969622352828,1.3423831977109555,0.9899376630783081
661429675164926464,72,3,21.998,19.089246201515138,1.3423831977109555,1.280788779258728
661429292911672320,44,2,0.21355,0.950858354875191,-0.6705004242371572,-0.021884173154830933
661429292911672320,45,2,0.21355,0.769304223330112,-0.6705004242371572,-0.11390188336372375
661429292911672320,46,2,0.21355,0.5978349726751969,-0.6705004242371572,-0.2234186828136444
661429292911672320,72,2,0.21355,0.8321239836983227,-0.6705004242371572,-0.0798119604587555
661424143247274624,44,4,20.5223,3.797625363643564,1.3122260319433163,0.5795121192932129
661424143247274624,45,4,20.5223,4.22884160317789,1.3122260319433163,0.6262214183807373
661424143247274624,46,4,20.5223,3.9494783346651987,1.3122260319433163,0.5965397357940674
661422837576998784,44,3,9.53035,5.563146527325636,0.9791088503001829,0.7453204989433289
661422837576998784,45,3,9.53035,12.707477182845222,0.9791088503001829,1.1040593385696411
661422837576998784,46,3,9.53035,5.002215799599062,0.9791088503001829,0.6991624236106873
661422764560767360,44,1,0.4699,0.5516286654652457,-0.32799455497704816,-0.25835317373275757
661422764560767360,45,1,0.4699,1.0527672598102,-0.32799455497704816,0.022332370281219482
661422764560767360,46,1,0.4699,1.0363206874565951,-0.32799455497704816,0.015494167804718018
661422764560767360,72,1,0.4699,1.688091957385093,-0.32799455497704816,0.22739610075950623
661410360695218048,44,4,11.427033,8.077386212459203,1.0579334815765664,0.9072708487510681
661410360695218048,45,4,11.427033,10.471491969258452,1.0579334815765664,1.0200085639953613
661410360695218048,46,4,11.427033,9.494344237394557,1.0579334815765664,0.9774649739265442
661410360695218048,72,4,11.427033,9.449697624868048,1.0579334815765664,0.9754179120063782
661416274866976384,44,2,1.255067,1.7448800955289223,0.09866691064064484,0.2417655885219574
661416274866976384,45,2,1.255067,1.1562484515785103,0.09866691064064484,0.06305116415023804
661416274866976384,46,2,1.255067,0.7830038542019189,0.09866691064064484,-0.10623610019683838
661404317678099456,44,0,19.6297,10.174879127556752,1.2929136623437576,1.0075292587280273
661404317678099456,45,0,19.6297,4.952310737333209,1.2929136623437576,0.6948078870773315
661404317678099456,46,0,19.6297,10.309397950089819,1.2929136623437576,1.0132333040237427
661404317678099456,72,0,19.6297,13.194350935543651,1.2929136623437576,1.1203880310058594
661401225301656192,44,1,9.0462,21.812295236842033,0.9564661852158034,1.3387013673782349
661401225301656192,45,1,9.0462,15.550451971292967,0.9564661852158034,1.191743016242981
661401225301656192,46,1,9.0462,19.170009907935093,0.9564661852158034,1.2826223373413086
661401225301656192,72,1,9.0462,12.32427621023279,0.9564661852158034,1.090761423110962
661396140060387456,44,1,2.3187,4.339746925039153,0.36524456201757094,0.6374644041061401
661396140060387456,45,1,2.3187,10.02320752894537,0.36524456201757094,1.0010067224502563
661396140060387456,46,1,2.3187,2.8883355299198517,0.36524456201757094,0.4606476426124573
661396140060387456,72,1,2.3187,4.864881623101845,0.36524456201757094,0.6870722770690918
661347727189029504,44,1,16.695867,29.554808001062266,1.2226089764625152,1.4706281423568726
661347727189029504,46,1,16.695867,20.153666684486495,1.2226089764625152,1.3043540716171265
661347727189029504,72,1,16.695867,22.304505838104923,1.2226089764625152,1.3483926057815552
661253478428045568,44,0,8.8385,9.103381984373849,0.9463785662575884,0.959202766418457
661253478428045568,46,0,8.8385,7.016841975048333,0.9463785662575884,0.8461416959762573
661253478428045568,72,0,8.8385,7.006747113008731,0.9463785662575884,0.8455164432525635
661253272269624576,44,3,1.8925,6.535655314208057,0.2770358881721104,0.8152891397476196
661253272269624576,45,3,1.8925,37.508335615231786,0.2770358881721104,1.5741277933120728
661253272269624576,46,3,1.8925,9.028912170933019,0.2770358881721104,0.9556354284286499
661253272269624576,72,3,1.8925,2.067151836612165,0.2770358881721104,0.31537237763404846
661253027453650432,44,4,19.106,21.515940470161365,1.2811697734097356,1.3327603340148926
661253027453650432,45,4,19.106,17.3039634789887,1.2811697734097356,1.2381455898284912
661253027453650432,46,4,19.106,12.834237321440389,1.2811697734097356,1.108370065689087
661249694558990848,44,3,24.424,0.5930494791127796,1.3878167912906054,-0.2269090712070465
661249694558990848,46,3,24.424,0.6461269325656036,1.3878167912906054,-0.18968215584754944
661249694558990848,72,3,24.424,0.8536990195154044,1.3878167912906054,-0.06869521737098694
661249595777725568,44,2,1.232333,1.467120461718429,0.09072807838129376,0.16646577417850494
661249595777725568,46,2,1.232333,1.0310114627377576,0.09072807838129376,0.013263493776321411
661249595777725568,72,2,1.232333,1.059448926361854,0.09072807838129376,0.02508002519607544
661247602912908032,44,0,4.3376,1.4358737275282887,0.6372495002364104,0.15711624920368195
661247602912908032,45,0,4.3376,1.6014831415049173,0.6372495002364104,0.20452237129211426
661247602912908032,46,0,4.3376,1.9366676802760436,0.6372495002364104,0.287055104970932
661247602912908032,72,0,4.3376,1.7136009582268676,0.6372495002364104,0.2339096963405609
661246675199973504,44,1,13.3376,42.757935839531974,1.125077688611374,1.631016731262207
661246675199973504,45,1,13.3376,29.759060933187094,1.125077688611374,1.4736192226409912
661246675199973504,46,1,13.3376,24.466943901839823,1.125077688611374,1.3885797262191772
661246675199973504,72,1,13.3376,24.92554094214413,1.125077688611374,1.3966445922851562
661234679353175296,44,1,0.592,1.7997101318498983,-0.22767829327708025,0.2552025616168976
661234679353175296,45,1,0.592,0.949774254584673,-0.22767829327708025,-0.02237960696220398
661234679353175296,46,1,0.592,0.9325021704414569,-0.22767829327708025,-0.030350148677825928
661234679353175296,72,1,0.592,1.218733267827183,-0.22767829327708025,0.0859086662530899
661233584139655040,44,3,22.292,1.8879028326815404,1.3481490343841627,0.2759796380996704
661233584139655040,45,3,22.292,1.8963459300577323,1.3481490343841627,0.2779175639152527
661233584139655040,46,3,22.292,1.6110281654035503,1.3481490343841627,0.20710313320159912
661222073627319296,44,0,16.580667,15.783140802322087,1.2196019971788448,1.1981934309005737
661222073627319296,46,0,16.580667,15.693190802946308,1.2196019971788448,1.1957112550735474
661222073627319296,72,0,16.580667,10.97954757816191,1.2196019971788448,1.0405844449996948
661221764391246080,44,4,5.10645,5.506104233210547,0.7081190838535568,0.7408444285392761
661221764391246080,46,4,5.10645,6.930794147431815,0.7081190838535568,0.8407829999923706
661221764391246080,72,4,5.10645,5.626214753782435,0.7081190838535568,0.7502163052558899
661221828810801408,44,3,10.46025,8.872986298036055,1.0195420642944495,0.9480698108673096
661221828810801408,46,3,10.46025,7.969377658358181,1.0195420642944495,0.9014244079589844
661220974115692416,72,0,0.361933,1.595053118564094,-0.44137181737668396,0.20277515053749084
661220969817342848,44,3,4.1857,4.065513075378349,0.6217680981035966,0.6091153621673584
661220969817342848,46,3,4.1857,4.129349872561349,0.6217680981035966,0.6158816814422607
661008527851529728,72,4,13.40725,16.62527847568044,1.127339707583065,1.220768928527832
661001243587055616,72,2,1.0894,12.43596794804929,0.037187370937113245,1.094679594039917
660981349298550272,72,4,8.624867,9.886649069944175,0.9357524067468833,0.9950491189956665
660978669238963200,72,3,18.208,8.61265465448104,1.2602622447149772,0.9351370334625244
659393929386140288,44,1,15.25,23.985076382005246,1.1832698436828046,1.3799411058425903
659393929386140288,45,1,15.25,17.627657392366046,1.1832698436828046,1.24619460105896
659393929386140288,46,1,15.25,21.815893868951353,1.1832698436828046,1.3387730121612549
659393929386140288,72,1,15.25,21.040456013518412,1.1832698436828046,1.3230551481246948
660928259206807808,72,0,9.47025,19.50419866163286,0.9763614438593848,1.2901281118392944
660976676374207616,72,2,3.164667,2.8651609853614026,0.500328018406776,0.45714902877807617
660983891919259776,72,2,1.062333,0.9968133239741976,0.026260672483423838,-0.0013861656188964844
660983750184396672,72,1,2.625333,0.8672126621266057,0.4191843976049111,-0.0618743896484375
661026738512909440,72,1,24.649833,19.619821210661026,1.3918139813242363,1.2926950454711914
661028284701128576,72,2,1.215933,1.1190129145114271,0.08490964522294941,0.04883509874343872
661031480156796544,72,3,11.995033,10.09785634406565,1.0790014471098677,1.004229187965393
661034155919816960,44,3,12.91375,16.323557293746756,1.1110523745530623,1.2128148078918457
661034155919816960,72,3,12.91375,10.906436895684728,1.1110523745530623,1.0376828908920288
661229976367125504,44,1,0.479833,5.018125242847247,-0.3189098872038129,0.7005414962768555
661229976367125504,45,1,0.479833,2.4032133052382805,-0.3189098872038129,0.3807923197746277
661229976367125504,46,1,0.479833,1.8625991431565063,-0.3189098872038129,0.27011939883232117
661229976367125504,72,1,0.479833,2.0307135129775573,-0.3189098872038129,0.3076486587524414
661233137463057152,44,4,0.126,0.17850118134794365,-0.8996294548824371,-0.7483589053153992
661233137463057152,45,4,0.126,0.12828075550824883,-0.8996294548824371,-0.8918384909629822
661233137463057152,46,4,0.126,0.11847427901895491,-0.8996294548824371,-0.9263759255409241
661233137463057152,72,4,0.126,0.10948527038646519,-0.8996294548824371,-0.9606443047523499
661235439565517568,44,3,20.01125,10.820620524586543,1.3012742176290617,1.0342521667480469
661235439565517568,45,3,20.01125,8.050480460012931,1.3012742176290617,0.9058218002319336
661235439565517568,46,3,20.01125,9.56845624112029,1.3012742176290617,0.980841875076294
661235439565517568,72,3,20.01125,6.308677417229882,1.3012742176290617,0.7999383211135864
661235263468787328,44,0,0.8018,1.6319794545249893,-0.0959339480854972,0.21271468698978424
661235263468787328,45,0,0.8018,0.8707575308785913,-0.0959339480854972,-0.060102760791778564
661235263468787328,46,0,0.8018,0.8873354072479489,-0.0959339480854972,-0.05191218852996826
661235263468787328,72,0,0.8018,2.201423865188536,-0.0959339480854972,0.3427036702632904
661344188136057984,44,1,2.68,2.254300393997615,0.42813479402878885,0.3530117869377136
661344188136057984,45,1,2.68,3.9902628154310533,0.42813479402878885,0.601001501083374
661344188136057984,46,1,2.68,1.844566148428146,0.42813479402878885,0.26589423418045044
661344188136057984,72,1,2.68,2.0699374328237665,0.42813479402878885,0.3159572184085846
661348517463001216,44,1,17.11625,18.630952630837776,1.2334086211647557,1.2702350616455078
661348517463001216,45,1,17.11625,10.021279077331249,1.2334086211647557,1.0009231567382812
661348517463001216,46,1,17.11625,11.799880218255652,1.2334086211647557,1.0718775987625122
661350750845994240,44,3,21.735,21.121739449647787,1.3371596445268559,1.3247296810150146
661350750845994240,45,3,21.735,10.986632224480049,1.3371596445268559,1.0408645868301392
661350750845994240,46,3,21.735,13.978163473411188,1.3371596445268559,1.1454501152038574
661350750845994240,72,3,21.735,20.26670192488942,1.3371596445268559,1.3067830801010132
661404764354696448,44,4,0.587133,1.2961149649220711,-0.23126350927463438,0.1126435250043869
661404764354696448,45,4,0.587133,1.5301842665711665,-0.23126350927463438,0.184743732213974
661404764354696448,46,4,0.587133,1.1751008875922035,-0.23126350927463438,0.0700751543045044
661404764354696448,72,4,0.587133,1.337958815392731,-0.23126350927463438,0.12644274532794952
661406546764571392,44,3,3.8915,3.080851929521334,0.5901170347847898,0.48867082595825195
661406546764571392,46,3,3.8915,2.7755578607277007,0.5901170347847898,0.44335028529167175
661406546764571392,72,3,3.8915,4.650954597415708,0.5901170347847898,0.6675420999526978
661409609077800960,44,1,13.57785,33.06168760080625,1.1328310065380982,1.5193250179290771
661409609077800960,45,1,13.57785,19.590465642788697,1.1328310065380982,1.292044758796692
661409609077800960,46,1,13.57785,16.526545626002097,1.1328310065380982,1.21818208694458
661409609077800960,72,1,13.57785,16.60052643203776,1.1328310065380982,1.2201218605041504
661412495295816960,44,3,0.591,0.9132410930231599,-0.22841251911874466,-0.039414554834365845
661412495295816960,45,3,0.591,0.3865722830173687,-0.22841251911874466,-0.41276928782463074
661412495295816960,46,3,0.591,1.0677590425171848,-0.22841251911874466,0.028473258018493652
661412495295816960,72,3,0.591,0.6375658510072224,-0.22841251911874466,-0.19547495245933533
5538598823442709760,7,0,0.24,0.3499980017813642,-0.619788758288394,-0.45593443512916565
5538598823442709760,8,0,0.24,0.37044334835833237,-0.619788758288394,-0.43127819895744324
5538598823442709760,34,0,0.24,0.3085670891616421,-0.619788758288394,-0.5106503963470459
5538598823442709760,35,0,0.24,0.40946782411898347,-0.619788758288394,-0.38778021931648254
5538598823442709760,61,0,0.24,0.37380771198596974,-0.619788758288394,-0.4273517429828644
5538598823442709760,88,0,0.24,0.32146530672889684,-0.619788758288394,-0.4928658902645111
5538816835981196288,7,3,0.45,0.4843261270125908,-0.3467874862246563,-0.31486210227012634
5538816835981196288,8,3,0.45,0.47341495932503225,-0.3467874862246563,-0.32475802302360535
5538816835981196288,34,3,0.45,0.5093991560423348,-0.3467874862246563,-0.29294177889823914
5538816835981196288,61,3,0.45,0.48835365446627993,-0.3467874862246563,-0.3112655580043793
5536809162106730112,34,3,5.56,3.951733886659347,0.7450747915820575,0.596787691116333
5536809162106730112,35,3,5.56,3.9576771363900436,0.7450747915820575,0.5974403619766235
5538619026966459008,34,3,0.67,0.5257421933323616,-0.17392519729917355,-0.2792271673679352
5538619026966459008,35,3,0.67,0.5392920406227677,-0.17392519729917355,-0.26817598938941956
5538425822158520576,7,2,0.52,0.7405087100287785,-0.28399665636520083,-0.13046982884407043
5538425822158520576,8,2,0.52,1.0589775593644573,-0.28399665636520083,0.024886757135391235
5538425822158520576,34,2,0.52,0.5583548640880133,-0.28399665636520083,-0.25308969616889954
5538425822158520576,35,2,0.52,0.6660684189587934,-0.28399665636520083,-0.17648115754127502
6045116583082509824,91,3,2.07,2.1080157322703523,0.3159703454569177,0.3238738477230072
6045118919544743424,91,4,1.08255,2.1033416996971237,0.03444796435345458,0.3229098320007324
6045209453154626176,91,0,23.25,2.4331063319517443,1.3664229572259727,0.38616108894348145
6045932936106756864,91,4,3.29505,4.780821697076732,0.5178620090846088,0.679502546787262
6048948759059667712,91,3,4.7859,5.028240887607332,0.6799636199142948,0.7014160752296448
6049070083292838912,91,2,3.9735,1.7865400621147367,0.5991732173529123,0.2520127594470978
6049117843329171968,91,0,1.5434,1.5058245375001438,0.18847849591393492,0.1777743697166443
6049165500286247040,91,3,1.5396,0.9324736311056744,0.18740790242255334,-0.03036344051361084
6049174605616916608,91,2,12.3733,3.6265325076804507,1.0924855428512275,0.5594915747642517
6049175121012992256,91,4,4.23305,0.8220760302214949,0.6266533983100249,-0.08508801460266113
6049174914854560640,91,3,4.622,2.923920158170853,0.6648299411430905,0.46596550941467285
6049152267490979072,91,1,2.0502,2.72785545759532,0.3117962291824064,0.4358213543891907
6049147667582029568,91,0,2.8806,3.6319647348774624,0.45948295635280934,0.5601416230201721
3314581984953794816,43,0,1.54,1.621110694880072,0.18752072083646307,0.20981267094612122
3314581984953794816,44,0,1.54,1.3335669588763113,0.18752072083646307,0.12501482665538788
3314581984953794816,70,0,1.54,1.457995727515752,0.18752072083646307,0.16375625133514404
3314581984953794816,71,0,1.54,1.439063282610864,0.18752072083646307,0.15807989239692688
5538408195612899584,7,2,2.42,2.0799475393314033,0.38381536598043126,0.31805238127708435
5538408195612899584,8,2,2.42,2.3841493766662674,0.38381536598043126,0.37733346223831177
5538408195612899584,34,2,2.42,2.115416473956589,0.38381536598043126,0.3253958821296692
5538408195612899584,35,2,2.42,2.12528756646625,0.38381536598043126,0.3274177014827728
5538408195612899584,88,2,2.42,2.235148614632635,0.38381536598043126,0.3493064045906067
6049072316675781120,91,3,2.86945,1.998898705533361,0.4577986615927234,0.30079078674316406
6049067776894321024,91,1,8.84975,4.917724282429261,0.946931002318839,0.6917641758918762
6049065307289238528,91,0,2.60555,7.108567366713826,0.41589941160976246,0.8517820835113525
6049053143941850496,91,1,0.88075,1.2575036062610567,-0.05514734814671988,0.09950923919677734
6049064551374989312,91,4,2.70625,3.236528113957978,0.43236791369744065,0.5100793838500977
6049045000683707392,91,4,4.8209,3.751107950512385,0.6831281229995769,0.574159562587738
6045809722084340480,91,3,4.7394,6.133737842531302,0.6757233642093742,0.7877252101898193
6044225119671978752,12,3,4.26695,3.713231088971595,0.6301175538386135,0.5697519779205322
6044225119671978752,39,3,4.26695,3.1583024952372885,0.6301175538386135,0.49945372343063354
6044225119671978752,91,3,4.26695,4.539641133912788,0.6301175538386135,0.6570215225219727
6044230960827500032,91,2,3.89035,4.865168733777023,0.5899886749069139,0.6870979070663452
6045817934061844736,91,4,0.5312,0.5182721667219722,-0.2747419336400389,-0.2854421138763428
6045854286665108480,91,0,3.8124,4.085313287654272,0.5811984608747722,0.6112253665924072
6046029933643488128,91,1,6.2327,5.569529335140966,0.7946762233976749,0.7458184957504272
6049047921261602560,91,2,2.7356,1.352645514815095,0.43705259506099225,0.13118399679660797
6049054002935211904,91,2,14.5062,1.6509383272443503,1.161553660875459,0.21773084998130798
6049078741946841856,91,0,0.91125,0.7409913093146715,-0.04036245867396896,-0.13018688559532166
6049095406419962112,91,2,6.2229,5.689053914598553,0.7939928220680095,0.7550400495529175
6049095612578393856,91,3,1.6257,1.1172046061846803,0.21104040573205332,0.04813271760940552
6049107428032112384,91,0,0.69195,0.9372277094835475,-0.1599252863360521,-0.028154879808425903
6049107535407613184,91,1,1.8131,0.8330189726692121,0.2584217579016372,-0.07934510707855225
6049094032030421504,91,1,1.9118,0.8703261580517169,0.2814424572708727,-0.06031796336174011
6049050257723722752,91,0,4.8068,5.870548294538817,0.6818560525003223,0.7686786651611328
6049049811047121536,91,4,11.931,5.530025837815571,1.0766768457056428,0.7427271604537964
6045138569012464640,91,0,1.361,1.3400002470247117,0.13385812520333468,0.12710487842559814
6044150662120075136,91,0,2.864,2.6616175768287764,0.45697301363581794,0.4251456558704376
6045159567116524416,91,1,14.01845,2.1072344396340625,1.1466999969644094,0.32371285557746887
6049076646002793856,91,4,12.20875,7.281989192444007,1.0866712007268347,0.862250030040741
6049107020011536000,91,4,0.4815,0.48157220659169747,-0.3174037085394467,-0.31733858585357666
6046069030727803136,91,4,2.257,2.6936761825277507,0.35353155907776207,0.4303453862667084
2629875442474447616,70,2,0.16,0.3638168728277285,-0.7958800173440752,-0.4391171634197235
2629875442474447616,82,2,0.16,0.32552625910197736,-0.7958800173440752,-0.4874139726161957
5050451154310013056,3,2,0.49,0.48880889234093855,-0.3098039199714863,-0.31086090207099915
5050451154310013056,4,2,0.49,0.7565179848001264,-0.3098039199714863,-0.12118074297904968
5050451154310013056,30,2,0.49,0.5875405866408733,-0.3098039199714863,-0.2309621274471283
5050451154310013056,31,2,0.49,0.5865543393935017,-0.3098039199714863,-0.23169174790382385
5050451154310013056,97,2,0.49,0.5772667322554257,-0.3098039199714863,-0.2386234700679779
663981126257232768,44,0,17.5955,18.907151758103296,1.245401612413362,1.2766261100769043
663981126257232768,45,0,17.5955,17.21805957671819,1.245401612413362,1.235984206199646
663981126257232768,46,0,17.5955,12.753386169390003,1.245401612413362,1.1056255102157593
663981126257232768,71,0,17.5955,16.81317888393383,1.245401612413362,1.2256498336791992
663981126257232768,72,0,17.5955,14.201441368064348,1.245401612413362,1.1523324251174927
665702858386928128,71,0,19.979,1.2235089771459526,1.3005737468854341,0.08760716021060944
665702858386928128,72,0,19.979,0.7301439250071782,1.3005737468854341,-0.13659152388572693
662930091923625216,71,1,3.248467,0.719366523263246,0.5116784592834106,-0.14304977655410767
662930091923625216,72,1,3.248467,0.7907403255117448,0.5116784592834106,-0.10196611285209656
662182909350261632,45,1,1.3286,1.5287019484288558,0.1233942481055307,0.18432281911373138
662182909350261632,46,1,1.3286,1.9265385377596238,0.1233942481055307,0.2847777009010315
662182909350261632,71,1,1.3286,0.7095246152072889,0.1233942481055307,-0.14903253316879272
662915940008482304,71,0,1.430567,0.8252039073979642,0.1555082026158616,-0.08343872427940369
662915940008482304,72,0,1.430567,1.1814115452909506,0.1555082026158616,0.07240121066570282
665507969950936064,44,4,1.313733,1.012197095786468,0.11850710920454906,0.005265086889266968
665507969950936064,45,4,1.313733,0.5545439891930929,0.11850710920454906,-0.2560639977455139
665507969950936064,46,4,1.313733,0.5590866738929301,0.11850710920454906,-0.2525208592414856
665507969950936064,71,4,1.313733,0.7661257912939551,0.11850710920454906,-0.11569991707801819
665507969950936064,72,4,1.313733,1.0651043268923284,0.11850710920454906,0.027392148971557617
665431927553215872,44,4,0.3705,1.7899018786600396,-0.431211787684653,0.2528292238712311
665431927553215872,45,4,0.3705,0.7564879271524096,-0.431211787684653,-0.12119799852371216
665431927553215872,46,4,0.3705,0.8204227121937128,-0.431211787684653,-0.08596232533454895
665431927553215872,71,4,0.3705,1.0144737523118805,-0.431211787684653,0.006240814924240112
665431927553215872,72,4,0.3705,0.9952638175324164,-0.431211787684653,-0.002061784267425537
665412690396632832,44,0,18.4233,10.696731597833946,1.2653674240924822,1.0292510986328125
665412690396632832,45,0,18.4233,8.414664171175733,1.2653674240924822,0.9250367879867554
665412690396632832,46,0,18.4233,12.876634404298983,1.2653674240924822,1.1098023653030396
665412690396632832,71,0,18.4233,10.218569798184983,1.2653674240924822,1.009390115737915
665412690396632832,72,0,18.4233,12.724178560963942,1.2653674240924822,1.1046297550201416
663904126083650048,44,0,15.38725,15.585287223834241,1.1871610099197152,1.192714810371399
663904126083650048,45,0,15.38725,14.223002777899822,1.1871610099197152,1.1529912948608398
663904126083650048,46,0,15.38725,15.011720292960097,1.1871610099197152,1.1764304637908936
662925629454594944,71,4,6.7851,8.768004759024565,0.8315562527515633,0.9429007768630981
662925629454594944,72,4,6.7851,5.648229768951073,0.8315562527515633,0.7519123554229736
662919066744669568,71,0,0.53,1.0850891459460754,-0.27572413039921095,0.03546541929244995
662919066744669568,72,0,0.53,0.7286120445983978,-0.27572413039921095,-0.13750365376472473
662917726714872960,71,4,23.059,18.28214982125706,1.3628404693117246,1.2620272636413574
662917726714872960,72,4,23.059,15.523861031877859,1.3628404693117246,1.1909997463226318
662912813272290688,71,1,14.237567,20.608505671813933,1.1534357808210864,1.3140465021133423
662912813272290688,72,1,14.237567,20.92313396298586,1.1534357808210864,1.3206267356872559
662677758301970688,45,4,2.174133,7.233295330009356,0.3372861080112333,0.8593361973762512
662677758301970688,46,4,2.174133,9.22732696996087,0.3372861080112333,0.9650759100914001
662677758301970688,71,4,2.174133,3.7940932427326675,0.3372861080112333,0.5791079998016357
662677758301970688,72,4,2.174133,2.0152651593453825,0.3372861080112333,0.3043321967124939
662665629314342272,45,0,16.754333,17.484976478453586,1.2241271429928118,1.2426650524139404
662665629314342272,46,0,16.754333,17.670797894996387,1.2241271429928118,1.2472561597824097
662665629314342272,72,0,16.754333,13.861620142092598,1.2241271429928118,1.1418139934539795
663140102941534720,44,2,0.26655,0.7590415742288132,-0.5742213131390173,-0.11973443627357483
663140102941534720,45,2,0.26655,0.5680987411601042,-0.5742213131390173,-0.2455761730670929
663140102941534720,46,2,0.26655,0.5821164206444962,-0.5742213131390173,-0.23499014973640442
663140102941534720,71,2,0.26655,0.8882037122387972,-0.5742213131390173,-0.05148741602897644
663140102941534720,72,2,0.26655,0.6964998839571191,-0.5742213131390173,-0.15707895159721375
663140171661012480,44,3,1.5574,1.9264066030188758,0.19240017036012932,0.2847479581832886
663140171661012480,45,3,1.5574,1.7818555446260187,0.19240017036012932,0.25087249279022217
663140171661012480,46,3,1.5574,1.6459220598131319,0.19240017036012932,0.21640926599502563
663140171661012480,71,3,1.5574,1.0607339115423162,0.19240017036012932,0.02560645341873169
663140171661012480,72,3,1.5574,1.212004451374267,0.19240017036012932,0.08350421488285065
665440934101454720,44,1,1.644,4.204150044126727,0.21590181320403157,0.6236782073974609
665440934101454720,45,1,1.644,1.4410906055945454,0.21590181320403157,0.15869128704071045
665440934101454720,46,1,1.644,1.3011640334557042,0.21590181320403157,0.11433205008506775
665440934101454720,71,1,1.644,1.1120193863521084,0.21590181320403157,0.04611235857009888
665440934101454720,72,1,1.644,2.1796922413363764,0.21590181320403157,0.3383951783180237
663044514149509888,45,0,22.936,4.1122265395597974,1.360517679938428,0.6140770316123962
663044514149509888,46,0,22.936,7.434988695517951,1.360517679938428,0.871280312538147
663044514149509888,71,0,22.936,7.48050112645894,1.360517679938428,0.8739306926727295
663044514149509888,72,0,22.936,3.2143616716551398,1.360517679938428,0.5070947408676147
662701741399303040,45,1,19.364,11.3732566111543,1.286995073968852,1.055884838104248
662701741399303040,71,1,19.364,9.654322002273602,1.286995073968852,0.9847217798233032
662701741399303040,72,1,19.364,11.22460372744754,1.286995073968852,1.0501710176467896
662625978176332160,45,3,2.176833,1.1280726767824476,0.33782511256868325,0.052337080240249634
662625978176332160,46,3,2.176833,2.08384674563958,0.33782511256868325,0.3188657760620117
662625978176332160,71,3,2.176833,1.3301158726827567,0.33782511256868325,0.12388947606086731
662625978176332160,72,3,2.176833,0.7708487613966293,0.33782511256868325,-0.1130308210849762
662625668938685184,45,1,20.091,16.24772431435312,1.303001553655842,1.2107925415039062
662625668938685184,46,1,20.091,14.041245231079632,1.303001553655842,1.1474056243896484
662625668938685184,72,1,20.091,12.107727799289577,1.303001553655842,1.0830626487731934
662632987562951808,45,2,6.9619,10.874857227639433,0.8427277808327716,1.0364235639572144
662632987562951808,46,2,6.9619,6.547743478550342,0.8427277808327716,0.8160916566848755
662633228081183872,45,3,17.8079,13.61695283393155,1.250612708223218,1.134079933166504
662633228081183872,46,3,17.8079,14.39593777102112,1.250612708223218,1.1582399606704712
662633228081183872,72,3,17.8079,10.093638612715802,1.250612708223218,1.0040477514266968
662645284052268416,45,1,1.9176,1.909154792166393,0.2827580210255974,0.2808411419391632
662645284052268416,46,1,1.9176,1.7613882423324212,0.2827580210255974,0.24585509300231934
662645284052268416,71,1,1.9176,0.9901696895877543,0.2827580210255974,-0.004290372133255005
662645284052268416,72,1,1.9176,1.046995144977831,0.2827580210255974,0.01994466781616211
663055371825360000,45,3,24.424,10.191432118473166,1.3878167912906054,1.008235216140747
663055371825360000,46,3,24.424,12.027999472525925,1.3878167912906054,1.0801934003829956
663055818503513088,45,1,11.269333,9.679595047963833,1.0518982121426668,0.9858571887016296
663055818503513088,46,1,11.269333,16.33343562446215,1.0518982121426668,1.2130775451660156
663055818503513088,71,1,11.269333,9.027813093206705,1.0518982121426668,0.9555825591087341
663055818503513088,72,1,11.269333,9.79696080557302,1.0518982121426668,0.9910913705825806
663067638253511552,45,2,26.777167,8.035295982110148,1.4277646271438682,0.9050018787384033
663067638253511552,46,2,26.777167,4.392519777160742,1.4277646271438682,0.642713725566864
663067638253511552,71,2,26.777167,9.095249581357038,1.4277646271438682,0.9588146209716797
663067638253511552,72,2,26.777167,6.648179938340172,1.4277646271438682,0.8227027654647827
663069150081902592,45,1,11.63855,10.493595752781284,1.0658988766863178,1.0209243297576904
663069150081902592,46,1,11.63855,9.608973216985879,1.0658988766863178,0.9826769828796387
663069150081902592,71,1,11.63855,24.563021957434476,1.0658988766863178,1.3902817964553833
663069150081902592,72,1,11.63855,15.41085565489023,1.0658988766863178,1.1878267526626587
664658700297947008,44,4,16.9121,17.250971005256325,1.2281975379221846,1.2368135452270508
664658700297947008,45,4,16.9121,10.579141385777271,1.2281975379221846,1.024450421333313
664658700297947008,46,4,16.9121,14.915297029574756,1.2281975379221846,1.1736319065093994
665417157162598144,44,3,10.7465,7.628614920742888,1.031267043024904,0.8824456930160522
665417157162598144,45,3,10.7465,8.561609925079093,1.031267043024904,0.9325554370880127
665417157162598144,46,3,10.7465,10.04638618765448,1.031267043024904,1.0020098686218262
665417157162598144,71,3,10.7465,11.077766083267889,1.031267043024904,1.04445219039917
665417157162598144,72,3,10.7465,8.391349705578751,1.031267043024904,0.9238318204879761
665650425426585344,44,1,10.508,11.41052988696949,1.0215200641140327,1.0573058128356934
665650425426585344,45,1,10.508,8.328365259706487,1.0215200641140327,0.9205597639083862
665650425426585344,46,1,10.508,4.27088346218466,1.0215200641140327,0.6305177211761475
665450383029558016,44,0,1.99,2.198230965781123,0.29885307640970665,0.34207332134246826
665450383029558016,45,0,1.99,5.068961359182263,0.29885307640970665,0.7049189805984497
665450383029558016,46,0,1.99,9.865742521534951,0.29885307640970665,0.9941297769546509
664641413053011328,71,0,0.456867,1.4801525880803124,-0.3402102103739035,0.1703064888715744
664641413053011328,72,0,0.456867,0.710995628844208,-0.3402102103739035,-0.1481330692768097
664641348629985280,45,2,10.786433,8.118366450747315,1.0328778501943257,0.9094686508178711
664641348629985280,46,2,10.786433,8.617755492595847,1.0328778501943257,0.9353941679000854
664641348629985280,71,2,10.786433,10.549030599133369,1.0328778501943257,1.0232125520706177
664641348629985280,72,2,10.786433,10.00684261916847,1.0328778501943257,1.0002970695495605
664639454547865472,45,1,1.229233,1.4170355071640817,0.08963421081434904,0.1513807326555252
664639454547865472,46,1,1.229233,1.7374743855043087,0.08963421081434904,0.23991841077804565
664639454547865472,71,1,1.229233,1.1360571850069268,0.08963421081434904,0.055400192737579346
664639454547865472,72,1,1.229233,1.6401501035445567,0.08963421081434904,0.21488359570503235
664634820279791488,45,0,0.6696,4.0802752520555465,-0.17418455501479643,0.6106894612312317
664634820279791488,46,0,0.6696,9.19311032325538,-0.17418455501479643,0.9634624719619751
664634820279791488,71,0,0.6696,11.593341443169415,-0.17418455501479643,1.0642086267471313
664634820279791488,72,0,0.6696,10.241778534139655,-0.17418455501479643,1.0103753805160522
663070352672827136,45,4,12.830967,12.430398293419357,1.1082593880147142,1.0944850444793701
663070352672827136,46,4,12.830967,13.081491311050748,1.1082593880147142,1.1166572570800781
663070352672827136,71,4,12.830967,22.200601256309394,1.1082593880147142,1.3463647365570068
663070352672827136,72,4,12.830967,13.873972444471173,1.1082593880147142,1.1422008275985718
663070971148025728,45,1,0.3619,1.0775162390925614,-0.4414114168918007,0.032423824071884155
663070971148025728,46,1,0.3619,1.0037609047520515,-0.4414114168918007,0.0016302764415740967
663070971148025728,71,1,0.3619,1.1291409126636212,-0.4414114168918007,0.052748143672943115
663070971148025728,72,1,0.3619,0.9307223749713559,-0.4414114168918007,-0.031179845333099365
662811653905586176,71,2,12.21595,9.184496907023114,1.086927246480541,0.9630553722381592
662811653905586176,72,2,12.21595,8.648863207256547,1.086927246480541,0.9369590282440186
662805061132155008,71,3,2.2911,3.125136732518778,0.3600440453222612,0.49486902356147766
662805061132155008,72,3,2.2911,2.635292458993337,0.3600440453222612,0.42082881927490234
662661540505500160,45,4,15.497967,10.033631988731932,1.1902747318096927,1.0014581680297852
662661540505500160,71,4,15.497967,17.937750012534213,1.1902747318096927,1.253767967224121
662661540505500160,72,4,15.497967,19.770033025268372,1.1902747318096927,1.2960073947906494
662655183953995392,45,3,12.574,21.91991719151389,1.0994734560141686,1.34083890914917
662655183953995392,46,3,12.574,15.623558049506096,1.0994734560141686,1.1937799453735352
662647998471924480,45,4,19.63,9.167394931431309,1.2929202996000062,0.9622459411621094
662647998471924480,46,4,19.63,3.4037829480985273,1.2929202996000062,0.5319618582725525
662647998471924480,71,4,19.63,8.420746751810615,1.2929202996000062,0.9253506064414978
662647998471924480,72,4,19.63,5.112789590863448,1.2929202996000062,0.7086579203605652
662635083506980992,45,0,1.6665,4.744161896354026,0.22180531799654887,0.6761595010757446
662635083506980992,46,0,1.6665,7.717557987218925,0.22180531799654887,0.8874799013137817
662635083506980992,71,0,1.6665,0.9261239436832046,0.22180531799654887,-0.03333088755607605
662635083506980992,72,0,1.6665,1.791906928785221,0.22180531799654887,0.25331544876098633
662633743477189632,45,3,11.3327,12.531065771245352,1.0543333922469338,1.0979880094528198
662633743477189632,46,3,11.3327,15.284032658319921,1.0543333922469338,1.1842379570007324
662633743477189632,71,3,11.3327,17.77238068929803,1.0543333922469338,1.2497456073760986
662633743477189632,72,3,11.3327,13.80482736915331,1.0543333922469338,1.1400309801101685
662632540886348928,45,4,13.1584,12.503860226196114,1.1192030843071252,1.0970441102981567
662632540886348928,46,4,13.1584,12.382572208022374,1.1192030843071252,1.092810869216919
662603575626986368,45,4,21.76,19.4621692954887,1.3376588910261422,1.2891912460327148
662603575626986368,46,4,21.76,6.979187021308638,1.3376588910261422,0.8438048362731934
662603575626986368,72,4,21.76,15.967623188673125,1.3376588910261422,1.2032402753829956
662634430672023680,45,2,1.629833,0.8852932821661562,0.21214310692292657,-0.05291283130645752
662634430672023680,46,2,1.629833,0.9344263642468518,0.21214310692292657,-0.029454916715621948
662634430672023680,71,2,1.629833,0.9581976854271425,0.21214310692292657,-0.018544882535934448
662634430672023680,72,2,1.629833,0.8876287680171955,0.21214310692292657,-0.05176863074302673
662655974227886720,45,2,11.737,3.6728829703198964,1.069557104582695,0.5650070905685425
662655974227886720,46,2,11.737,14.448676477477093,1.069557104582695,1.1598280668258667
662655974227886720,71,2,11.737,14.612782932143649,1.069557104582695,1.1647329330444336
662655974227886720,72,2,11.737,14.542214893292712,1.069557104582695,1.162630558013916
663050527103803136,45,3,1.4849,5.921171647758964,0.17169720724883594,0.7724076509475708
663050527103803136,46,3,1.4849,2.057503461358994,0.17169720724883594,0.31334057450294495
663050527103803136,71,3,1.4849,1.6677892740644746,0.17169720724883594,0.22214117646217346
663050527103803136,72,3,1.4849,8.092042713394061,0.17169720724883594,0.9080581665039062
663063068408290944,45,2,14.4009,7.697028495238731,1.1583896346521725,0.886323094367981
663063068408290944,46,2,14.4009,13.685742906670292,1.1583896346521725,1.1362683773040771
664586476127906560,45,3,2.1443,4.631630801648094,0.33128554558700973,0.6657339334487915
664586476127906560,46,3,2.1443,3.7558024396931833,0.33128554558700973,0.5747027397155762
664586476127906560,71,3,2.1443,2.624816836329589,0.33128554558700973,0.41909900307655334
664586476127906560,72,3,2.1443,2.433650533546718,0.33128554558700973,0.38625821471214294
665458595007014912,45,0,14.7426,16.512788027724554,1.1685740823071207,1.217820405960083
665458595007014912,46,0,14.7426,15.671886881732817,1.1685740823071207,1.1951212882995605
665458595007014912,71,0,14.7426,16.725156662223885,1.1685740823071207,1.2233701944351196
665458595007014912,72,0,14.7426,14.227547836062893,1.1685740823071207,1.153130054473877
666354800062502784,44,2,10.64985,5.91022563289479,1.027343490907991,0.771604061126709
666354800062502784,45,2,10.64985,13.401058143869628,1.027343490907991,1.1271390914916992
666354800062502784,46,2,10.64985,5.731658112138664,1.027343490907991,0.7582802772521973
3064481263305408000,7,1,8.82,8.920965424951644,0.9454685851318197,0.950411856174469
3064632239995609984,7,0,4.88,6.999546213588997,0.6884198220027106,0.8450698852539062
4894315447987680640,5,4,2.785,2.673715183568968,0.44482519950974775,0.42711514234542847
4894315447987680640,32,4,2.785,1.854533955244632,0.44482519950974775,0.2682347893714905
4894315447987680640,98,4,2.785,3.058712525101379,0.44482519950974775,0.48553866147994995
3410076150374417408,43,1,0.376,1.131262875597189,-0.42481215507233894,0.05356353521347046
3410076150374417408,44,1,0.376,0.9599598620426166,-0.42481215507233894,-0.017746925354003906
3410076150374417408,70,1,0.376,0.921224063437037,-0.42481215507233894,-0.03563472628593445
3410076150374417408,71,1,0.376,2.052734348126226,-0.42481215507233894,0.31233274936676025
3410107142858469248,43,4,10.077,0.5205854873170227,1.0033312585613268,-0.28350794315338135
3410107142858469248,44,4,10.077,0.8928106275813212,1.0033312585613268,-0.04924064874649048
3410107142858469248,70,4,10.077,1.065198397872876,1.0033312585613268,0.02743050456047058
3410107142858469248,71,4,10.077,1.1980439857215817,1.0033312585613268,0.07847276329994202
664845308036464256,44,3,0.476,0.4982099553210692,-0.32239304727950685,-0.3025875985622406
664845308036464256,45,3,0.476,0.49112933525755054,-0.32239304727950685,-0.30880412459373474
664845308036464256,46,3,0.476,0.5751047292555959,-0.32239304727950685,-0.24025306105613708
664845308036464256,72,3,0.476,0.46792203380974423,-0.32239304727950685,-0.3298265039920807
661463446491712384,44,4,0.5224,1.2712182151342482,-0.2819968317329825,0.10422010719776154
661463446491712384,45,4,0.5224,0.8328145801885196,-0.2819968317329825,-0.07945168018341064
661463446491712384,46,4,0.5224,0.6711408874062368,-0.2819968317329825,-0.1731863021850586
661463446491712384,72,4,0.5224,0.6214628735061472,-0.2819968317329825,-0.20658481121063232
661438913637806208,44,0,8.9347,9.095267057229503,0.9510799748011606,0.9588154554367065
661438913637806208,45,0,8.9347,7.202430818744775,0.9510799748011606,0.8574790954589844
661438913637806208,46,0,8.9347,8.138967423168568,0.9510799748011606,0.9105693101882935
661438913637806208,72,0,8.9347,9.898474655946043,0.9510799748011606,0.9955682754516602
661438982357836544,44,3,0.498,0.8686286123103735,-0.30277065724028246,-0.06116586923599243
661438982357836544,45,3,0.498,0.5731428024533786,-0.30277065724028246,-0.24173715710639954
661438982357836544,46,3,0.498,0.8060727614869296,-0.30277065724028246,-0.0936257541179657
661438982357836544,72,3,0.498,0.7096795613808196,-0.30277065724028246,-0.14893770217895508
661408818803811200,44,2,11.9561,10.239144721294027,1.07758953879168,1.0102636814117432
661408818803811200,45,2,11.9561,7.978134696630397,1.07758953879168,0.901901364326477
661408818803811200,46,2,11.9561,8.894752598578636,1.07758953879168,0.9491338729858398
661408818803811200,72,2,11.9561,8.760268144995605,1.07758953879168,0.9425173997879028
661407375694800000,44,3,6.438,12.487393188707092,0.8087509723495947,1.0964717864990234
661407375694800000,45,3,6.438,8.985827709350001,0.8087509723495947,0.953558087348938
661407375694800000,46,3,6.438,3.7505808119415756,0.8087509723495947,0.574098527431488
661407375694800000,72,3,6.438,11.308982288523811,0.8087509723495947,1.053423523902893
661358241268943616,44,3,1.689967,2.4306930406682024,0.2278782242244252,0.385730117559433
661358241268943616,45,3,1.689967,3.482130821291245,0.2278782242244252,0.5418450832366943
661358241268943616,46,3,1.689967,1.5170032933693018,0.2278782242244252,0.18098652362823486
661358241268943616,72,3,1.689967,1.7314179064203004,0.2278782242244252,0.23840190470218658
661356488922418944,44,4,24.32465,11.552886227530418,1.386046600053967,1.0626904964447021
661356488922418944,45,4,24.32465,16.07414060095919,1.386046600053967,1.2061277627944946
661356488922418944,46,4,24.32465,12.624277751910334,1.386046600053967,1.1012065410614014
661356488922418944,72,4,24.32465,12.028369252925343,1.386046600053967,1.0802067518234253
661353770206306560,44,0,0.980533,1.1599985499419576,-0.008537785497745413,0.06445744633674622
661353770206306560,45,0,0.980533,0.8318411468295411,-0.008537785497745413,-0.07995960116386414
661353770206306560,46,0,0.980533,0.5596798559837345,-0.008537785497745413,-0.25206032395362854
661353770206306560,72,0,0.980533,1.1080591282416568,-0.008537785497745413,0.0445629358291626
661353224747228544,44,1,3.9744,10.682459738104932,0.5992715741604674,1.0286712646484375
661353224747228544,45,1,3.9744,5.356894931979214,0.5992715741604674,0.7289131283760071
661353224747228544,46,1,3.9744,11.733906676568791,0.5992715741604674,1.069442629814148
661353224747228544,72,1,3.9744,11.361309365689355,0.5992715741604674,1.055428385734558
661331028356266752,44,4,1.2763,19.04300867206745,0.1059527692369799,1.2797355651855469
661331028356266752,45,4,1.2763,11.00584403178706,0.1059527692369799,1.0416233539581299
661331028356266752,46,4,1.2763,4.14679093116759,0.1059527692369799,0.617712140083313
661331028356266752,72,4,1.2763,16.48933496072718,0.1059527692369799,1.217203140258789
661235989321322240,44,4,0.414,0.7080914352678005,-0.3829996588791011,-0.14991065859794617
661235989321322240,45,4,0.414,0.6848031444214597,-0.3829996588791011,-0.1644342541694641
661235989321322240,46,4,0.414,0.6728153323330025,-0.3829996588791011,-0.1721041202545166
661235989321322240,72,4,0.414,0.8236553553980948,-0.3829996588791011,-0.08425447344779968
661235985023722496,72,2,2.072967,0.37897417444308135,0.3165923885232014,-0.4213903844356537
661229701489213824,44,2,2.250367,3.0256267488270367,0.35225335059023,0.4808153510093689
661229701489213824,45,2,2.250367,1.6290893626389369,0.35225335059023,0.21194490790367126
661229701489213824,46,2,2.250367,1.4958645721359407,0.35225335059023,0.17489227652549744
661229701489213824,72,2,2.250367,2.3210999242519135,0.35225335059023,0.3656938374042511
660921868295373312,45,4,0.872,0.7135747599116812,-0.05948351506743278,-0.14656051993370056
660921868295373312,72,4,0.872,1.3366629848181861,-0.05948351506743278,0.12602192163467407
660917921221670400,72,4,22.58,15.85718410616562,1.353723937588949,1.200226068496704
660933073866203264,72,1,21.590767,23.976795577060784,1.3342680706784125,1.3797911405563354
660933310088402688,72,1,0.399367,0.8927608803313536,-0.3986278240672363,-0.04926484823226929
661010069743524480,72,4,0.771967,1.074840731267054,-0.11240126446248169,0.03134411573410034
661024024093555840,44,2,21.054,10.345070001301126,1.3233346185990498,1.0147334337234497
661024024093555840,46,2,21.054,13.335463229575371,1.3233346185990498,1.1250081062316895
661024024093555840,72,2,21.054,4.857194698812289,1.3233346185990498,0.6863855123519897
661036840275967872,44,3,23.2925,10.27798677079429,1.3672161041609696,1.0119080543518066
661036840275967872,46,3,23.2925,19.635763187768116,1.3672161041609696,1.2930477857589722
661036840275967872,72,3,23.2925,19.105926523081067,1.3672161041609696,1.2811681032180786
661036840275967744,44,2,2.9542,9.547745561453652,0.4704398938046819,0.9799008369445801
661036840275967744,46,2,2.9542,11.123074154005863,0.4704398938046819,1.04622483253479
661043506065199488,44,1,8.219833,22.177121955941992,0.9148629941926988,1.3459051847457886
661043506065199488,45,1,8.219833,7.007397211380759,0.9148629941926988,0.8455567359924316
661043506065199488,46,1,8.219833,9.904063800736477,0.9148629941926988,0.9958134293556213
661043506065199488,72,1,8.219833,15.999409223934522,0.9148629941926988,1.204103946685791
661231625634645504,44,2,16.0804,17.947393256501396,1.2062968476233857,1.2540013790130615
661231625634645504,45,2,16.0804,8.343620303271559,1.2062968476233857,0.9213545322418213
661231625634645504,46,2,16.0804,17.26407831097881,1.2062968476233857,1.2371433973312378
661137789187132288,44,3,3.251,8.06902409828903,0.5120169694961266,0.9068210124969482
661137789187132288,45,3,3.251,1.9410359311044596,0.5120169694961266,0.2880335748195648
661137789187132288,46,3,3.251,2.4205454894651557,0.5120169694961266,0.3839132487773895
661326011834490496,44,1,23.71145,15.634707845852905,1.3749581127189672,1.1940897703170776
661326011834490496,45,1,23.71145,15.221717090985752,1.3749581127189672,1.1824636459350586
661326011834490496,46,1,23.71145,9.298854369385191,1.3749581127189672,0.968429446220398
661326011834490496,72,1,23.71145,19.45737796626568,1.3749581127189672,1.2890843152999878
661325908755275648,44,2,9.0889,9.565866920621005,0.9585113251540232,0.9807243347167969
661325908755275648,45,2,9.0889,9.5539168151559,0.9585113251540232,0.9801814556121826
661325908755275648,46,2,9.0889,7.696967225623619,0.9585113251540232,0.886319637298584
661325908755275648,72,2,9.0889,7.275598740960572,0.9585113251540232,0.8618687391281128
661327248785037184,44,0,2.1199,2.4945650258313794,0.3263153748568165,0.39699482917785645
661327248785037184,45,0,2.1199,3.7248114024194052,0.3263153748568165,0.5711042881011963
661327248785037184,46,0,2.1199,2.4760715180308197,0.3263153748568165,0.3937631845474243
661327248785037184,72,0,2.1199,1.6446460266426475,0.3263153748568165,0.2160724401473999
661333708415842304,44,3,11.4615,11.449330027736321,1.0592414587389587,1.0587800741195679
661333708415842304,45,3,11.4615,11.707785837745245,1.0592414587389587,1.0684747695922852
661333708415842304,46,3,11.4615,11.748022415685435,1.0592414587389587,1.0699647665023804
661333708415842304,72,3,11.4615,13.868402078315789,1.0592414587389587,1.142026424407959
661359061606102016,44,2,2.601,0.7248027563268078,0.41514035219587275,-0.1397801637649536
661359061606102016,45,2,2.601,0.861954398382101,0.41514035219587275,-0.06451570987701416
661359061606102016,46,2,2.601,0.6269511032535295,0.41514035219587275,-0.2027663290500641
661359061606102016,72,2,2.601,1.6883559794256178,0.41514035219587275,0.22746402025222778
661360268493494528,44,1,10.9197,23.434400841246443,1.0382107070377404,1.3698538541793823
661360268493494528,45,1,10.9197,11.839091095440669,1.0382107070377404,1.073318362236023
661360268493494528,46,1,10.9197,13.562565909571429,1.0382107070377404,1.1323418617248535
661360268493494528,72,1,10.9197,13.662374331336904,1.0382107070377404,1.135526180267334
661383731898310016,44,2,0.990333,0.9026354264919292,-0.004218749093903123,-0.04448762536048889
661383731898310016,45,2,0.990333,0.6834287166324776,-0.004218749093903123,-0.16530677676200867
661383731898310016,46,2,0.990333,1.0408176174987251,-0.004218749093903123,0.017374634742736816
661383731898310016,72,2,0.990333,0.8752311326082405,-0.004218749093903123,-0.05787724256515503
661383770554619136,44,3,7.266033,1.7259462143769393,0.8612973659579315,0.23702725768089294
661383770554619136,45,3,7.266033,1.820028762613733,0.8612973659579315,0.2600782513618469
661383770554619136,46,3,7.266033,1.5476001955511072,0.8612973659579315,0.1896587759256363
661383770554619136,72,3,7.266033,2.5543696953369683,0.8612973659579315,0.407283753156662
661458365546507776,44,1,9.1822,7.524271988823702,0.9629467480194623,0.8764644861221313
661458365546507776,45,1,9.1822,6.991902646756289,0.9629467480194623,0.8445953726768494
661458365546507776,46,1,9.1822,6.905681063612581,0.9629467480194623,0.8392065167427063
661458365546507776,72,1,9.1822,6.520328600000885,0.9629467480194623,0.814269483089447
661460083533415040,44,1,16.556433,25.639627126978365,1.218966775970545,1.4089117050170898
661460083533415040,45,1,16.556433,17.7666349426301,1.218966775970545,1.2496051788330078
661460083533415040,46,1,16.556433,12.946562844373814,1.218966775970545,1.112154483795166
661460083533415040,72,1,16.556433,14.830919885549443,1.218966775970545,1.1711680889129639
664963024499946496,44,0,11.2833,8.26066170873656,1.0524361353026133,0.9170148372650146
664963024499946496,45,0,11.2833,6.888115699652953,1.0524361353026133,0.8381004333496094
664963024499946496,46,0,11.2833,7.455441367700569,1.0524361353026133,0.8724733591079712
664963024499946496,72,0,11.2833,8.355134388492681,1.0524361353026133,0.9219534397125244
661836284012503552,44,4,0.573167,0.7950812584162152,-0.24171882199149025,-0.09958848357200623
661836284012503552,45,4,0.573167,0.9588604499090017,-0.24171882199149025,-0.01824459433555603
661836284012503552,46,4,0.573167,1.2100539661583567,-0.24171882199149025,0.08280473947525024
661836284012503552,72,4,0.573167,0.9912537102723803,-0.24171882199149025,-0.003815174102783203
661459774295767936,44,0,0.740233,13.73473371410298,-0.13063155771910198,1.1378202438354492
661459774295767936,45,0,0.740233,6.772217771095683,-0.13063155771910198,0.8307309150695801
661459774295767936,46,0,0.740233,8.321297510537335,-0.13063155771910198,0.9201910495758057
661459774295768960,44,4,19.5267,16.807180400128573,1.2906288539951754,1.2254948616027832
661459774295768960,45,4,19.5267,7.665796865199316,1.2906288539951754,0.88455730676651
661459774295768960,46,4,19.5267,14.822125209539754,1.2906288539951754,1.1709104776382446
661459774295768960,72,4,19.5267,12.657320324480438,1.2906288539951754,1.1023417711257935
661441494914973184,44,2,18.54,16.171528944688152,1.2681097298084782,1.2087510824203491
661441494914973184,45,2,18.54,15.364394527898193,1.2681097298084782,1.1865154504776
661441494914973184,46,2,18.54,12.111550363811494,1.2681097298084782,1.0831997394561768
661441494914973184,72,2,18.54,18.619950549427912,1.2681097298084782,1.2699785232543945
661342710667273856,44,0,13.649,15.41220512179523,1.1351008337657196,1.1878647804260254
661342710667273856,45,0,13.649,12.353772996570111,1.1351008337657196,1.0917996168136597
661342710667273856,46,0,13.649,13.935945165740975,1.1351008337657196,1.1441364288330078
661342710667273856,72,0,13.649,14.461845664049104,1.1351008337657196,1.1602237224578857
661138712604101760,44,0,0.29135,0.9140895835484357,-0.5355849775738312,-0.039011240005493164
661138712604101760,45,0,0.29135,1.3273359219683278,-0.5355849775738312,0.12298084795475006
661138712604101760,46,0,0.29135,0.6632379980540177,-0.5355849775738312,-0.17833060026168823
661138712604101760,72,0,0.29135,1.024500847942831,-0.5355849775738312,0.010512322187423706
661136964553408896,44,1,1.3204,4.437473112096179,0.12070551565827393,0.6471357345581055
661136964553408896,45,1,1.3204,1.2540602378237982,0.12070551565827393,0.09831839799880981
661136964553408896,46,1,1.3204,3.5227101225920348,0.12070551565827393,0.5468769073486328
661136964553408896,72,1,1.3204,2.1717558801803527,0.12070551565827393,0.33681100606918335
661120162641349248,44,2,18.7723,6.198200969246433,1.2735174860531087,0.7922656536102295
661120162641349248,45,2,18.7723,13.784259334392551,1.2735174860531087,1.1393834352493286
661120162641349248,46,2,18.7723,15.129052016952635,1.2735174860531087,1.179811716079712
661120162641349248,72,2,18.7723,18.00084500489508,1.2735174860531087,1.2552928924560547
661018904492612224,72,0,11.10375,13.057451928207781,1.045469675117018,1.1158584356307983
660964405651410304,72,4,0.94,0.6410036559792851,-0.026872146400301365,-0.19313949346542358
660962863759344768,72,3,10.368233,8.331909389685205,1.0157047483140638,0.9207445383071899
660957980380034688,72,2,3.9127,4.13531392551147,0.5924765503440054,0.6165084838867188
660957400560960256,72,1,4.439667,1.7581914587186105,0.6473503968069628,0.24506616592407227
660913179577777152,45,3,16.64,0.29636548657999157,1.221153321954705,-0.5281723737716675
660161349846373760,45,1,0.781,0.6282766176419206,-0.10734896612269966,-0.201849102973938
660161349846373760,72,1,0.781,1.0167036203619944,-0.10734896612269966,0.0071943700313568115
660134446170679040,44,3,10.8015,10.641022961308101,1.0334840699765826,1.026983380317688
660134446170679040,45,3,10.8015,10.451884526856599,1.0334840699765826,1.0191946029663086
660134446170679040,46,3,10.8015,11.572500543572751,1.0334840699765826,1.063427209854126
660134446170679040,72,3,10.8015,11.212227870428512,1.0334840699765826,1.049691915512085
660160976185029120,45,3,10.73,3.261246954484129,1.030599721965951,0.513383686542511
660160976185029120,72,3,10.73,11.903401342125052,1.030599721965951,1.0756710767745972
660944717521395840,72,4,11.05095,12.959885393276354,1.0433996139508577,1.1126011610031128
660965097142415872,72,0,1.372133,1.3885703510492426,0.13739620930559127,0.14256788790225983
660966883848803072,72,1,4.7024,17.666573658848545,0.6723195687285374,1.247152328491211
661142393392058752,44,4,5.956733,6.66316975383153,0.7750081340546271,0.8236808776855469
661142393392058752,45,4,5.956733,6.564991354751216,0.7750081340546271,0.8172341585159302
661142393392058752,46,4,5.956733,4.307374897160039,0.7750081340546271,0.6342126727104187
661337247468928768,44,2,14.3115,14.691063051419412,1.1556851549046117,1.16705322265625
661337247468928768,45,2,14.3115,11.817960883864759,1.1556851549046117,1.0725425481796265
661337247468928768,46,2,14.3115,11.220124794608324,1.1556851549046117,1.0499976873397827
661337247468928768,72,2,14.3115,15.205105274395645,1.1556851549046117,1.1819894313812256
661362055200029056,44,0,14.191,13.149189606011962,1.1520130000508346,1.1188989877700806
661362055200029056,45,0,14.191,15.301062499259102,1.1520130000508346,1.18472158908844
661362055200029056,46,0,14.191,16.905162771408865,1.1520130000508346,1.2280193567276
661362055200029056,72,0,14.191,14.151073284864621,1.1520130000508346,1.1507893800735474
661365697332234112,44,4,13.02895,5.138389162056305,1.114909417433203,0.7108269929885864
661365697332234112,45,4,13.02895,3.960029763523485,1.114909417433203,0.597698450088501
661365697332234112,46,4,13.02895,4.095078104615578,1.114909417433203,0.6122621893882751
661365697332234112,72,4,13.02895,9.235197215739658,1.114909417433203,0.9654461741447449
661391982532062848,44,4,2.087267,3.061820145815463,0.31957800690438787,0.48597967624664307
661391982532062848,45,4,2.087267,3.17069206046731,0.31957800690438787,0.5011540651321411
661391982532062848,46,4,2.087267,0.7185181001687019,0.31957800690438787,-0.14356228709220886
661391982532062848,72,4,2.087267,1.199341345325502,0.31957800690438787,0.07894280552864075
661394525152691840,44,3,28.094,7.657060027772386,1.4486135780856215,0.8840620517730713
661394525152691840,45,3,28.094,7.656097471741189,1.4486135780856215,0.884007453918457
661394525152691840,46,3,28.094,3.4569179915652533,1.4486135780856215,0.5386890769004822
661394525152691840,72,3,28.094,5.594887391450924,1.4486135780856215,0.7477913498878479
661838281173303808,44,3,0.998833,3.3081232038107977,-0.0005071176210997855,0.51958167552948
661838281173303808,45,3,0.998833,1.4700941060592696,-0.0005071176210997855,0.16734513640403748
661838281173303808,46,3,0.998833,2.298836433057749,-0.0005071176210997855,0.3615080714225769
661838281173303808,72,3,0.998833,1.6608509359670576,-0.0005071176210997855,0.22033065557479858
661845840315682176,72,0,2.756333,2.0117190111565395,0.44033168468919953,0.3035673201084137
664914164952043008,44,4,3.9788,15.217146824219995,0.599752109269689,1.18233323097229
664914164952043008,45,4,3.9788,4.546741883656715,0.599752109269689,0.6577003002166748
664914164952043008,46,4,3.9788,10.638958121127494,0.599752109269689,1.0268990993499756
664914164952043008,72,4,3.9788,2.734258936044729,0.599752109269689,0.43683964014053345
665059403566191872,44,4,15.3342,13.647887576337888,1.185661123347628,1.1350654363632202
665059403566191872,45,4,15.3342,15.88382715535984,1.185661123347628,1.2009551525115967
665059403566191872,46,4,15.3342,10.018451719426535,1.185661123347628,1.000800609588623
665059403566191872,72,4,15.3342,11.162051853838296,1.185661123347628,1.0477440357208252
665309233224172800,44,4,6.77835,13.841377810622141,0.831123989869353,1.1411793231964111
665309233224172800,45,4,6.77835,2.2366702139267507,0.831123989869353,0.34960195422172546
665309233224172800,46,4,6.77835,5.54938522477994,0.831123989869353,0.7442448735237122
665055623995028864,44,3,24.9967,16.996492848674308,1.3978826780165199,1.2303593158721924
665055623995028864,45,3,24.9967,1.8903947318761232,1.3978826780165199,0.2765524983406067
665055623995028864,46,3,24.9967,13.411251325533312,1.3978826780165199,1.1274693012237549
661391157898332160,44,0,10.974733,9.837686543081983,1.0403939632615677,0.9928929805755615
661391157898332160,45,0,10.974733,10.58851339854525,1.0403939632615677,1.0248349905014038
661391157898332160,46,0,10.974733,6.4734451250259815,1.0403939632615677,0.811135470867157
661391157898332160,72,0,10.974733,10.454857163990656,1.0403939632615677,1.0193181037902832
661387992505550080,44,1,15.0715,27.732848256294808,1.178156477882264,1.442994475364685
661387992505550080,45,1,15.0715,14.233113995557975,1.178156477882264,1.1532999277114868
661387992505550080,46,1,15.0715,20.927976024990052,1.178156477882264,1.3207272291183472
661387992505550080,72,1,15.0715,22.984165365589732,1.178156477882264,1.3614287376403809
661117134688210560,44,4,26.390833,1.7120789437494728,1.4214530985032614,0.23352378606796265
661117134688210560,45,4,26.390833,3.235427138025005,1.4214530985032614,0.5099316239356995
661117134688210560,46,4,26.390833,1.698271346665423,1.4214530985032614,0.2300070822238922
661117134688210560,72,4,26.390833,1.7097030107202893,1.4214530985032614,0.23292067646980286
661116241335005056,44,2,0.2077,0.8753005051727932,-0.6825635034649009,-0.05784282088279724
661116241335005056,45,2,0.2077,0.7381660697707292,-0.6825635034649009,-0.13184592127799988
661116241335005056,46,2,0.2077,0.6416777621102875,-0.6825635034649009,-0.19268301129341125
661116241335005056,72,2,0.2077,0.8596546686550934,-0.6825635034649009,-0.06567597389221191
660939258619177984,72,0,12.7863,8.037552632481129,1.1067448899004506,0.9051238298416138
660158674082552320,45,0,6.7635,11.769696306369633,0.8301714943622518,1.0707652568817139
660158674082552320,72,0,6.7635,9.96139911847182,0.8301714943622518,0.9983203411102295
660197019550544256,72,0,1.8289,1.5959640553859957,0.26218995991300553,0.20302310585975647
660950593036567296,72,3,0.6315,7.724235918116096,-0.1996266451086505,0.8878555297851562
660953998946910720,72,4,0.044,0.0704123145813413,-1.3565473235138126,-1.1523513793945312
660953998946909952,72,3,2.133567,0.42072412906429063,0.3291062854767499,-0.37600257992744446
660954067666386944,72,0,2.298733,1.807353330119715,0.3614885304860502,0.2570430636405945
661048694385684224,72,4,18.06065,13.51377375431186,1.2567333764499877,1.1307766437530518
661049862616788992,44,2,12.65555,13.467149447264369,1.1022810239924632,1.1292756795883179
661049862616788992,72,2,12.65555,14.666030213140862,1.1022810239924632,1.166312575340271
661068932271565696,44,1,1.0315,5.081801218297163,0.013469232309170406,0.7060176730155945
661068932271565696,45,1,1.0315,5.093444525516513,0.013469232309170406,0.7070115804672241
661068932271565696,46,1,1.0315,2.7726496455552754,0.013469232309170406,0.44289499521255493
661068932271565696,72,1,1.0315,6.366257608204262,0.013469232309170406,0.8038842082023621
661117272127169280,44,3,0.4628,1.151419104631865,-0.3346066497202881,0.06123343110084534
661117272127169280,45,3,0.4628,1.0927411460883476,-0.3346066497202881,0.0385172963142395
661117272127169280,46,3,0.4628,0.7517615781863094,-0.3346066497202881,-0.12391987442970276
661117272127169280,72,3,0.4628,1.0241589478581827,-0.3346066497202881,0.010367363691329956
661131393979861120,72,0,0.87535,0.6642346610142785,-0.05781826391922185,-0.17767846584320068
661767293953914240,44,2,10.734,10.479701354710052,1.0307615909510166,1.0203489065170288
661767293953914240,45,2,10.734,10.129957072887711,1.0307615909510166,1.0056076049804688
661767293953914240,46,2,10.734,8.45345062605303,1.0307615909510166,0.9270340204238892
661767293953914240,72,2,10.734,9.415739238755686,1.0307615909510166,0.9738544225692749
661767843709723776,44,1,0.059,0.14710339144504814,-1.2291479883578558,-0.8323773145675659
661767843709723776,45,1,0.059,0.1285484145884742,-1.2291479883578558,-0.8909332752227783
661767843709723776,46,1,0.059,0.13495543284791847,-1.2291479883578558,-0.869809627532959
661767843709723776,72,1,0.059,0.1279520709266453,-1.2291479883578558,-0.8929526805877686
661768771422658816,44,1,14.78325,5.588877439421571,1.169769921332491,0.7473245859146118
661768771422658816,45,1,14.78325,13.157591164727684,1.169769921332491,1.1191763877868652
661768771422658816,46,1,14.78325,13.48124452871623,1.169769921332491,1.129729986190796
661779796602531712,44,1,0.9523,1.6715111390501343,-0.02122621566987756,0.22310927510261536
661779796602531712,45,1,0.9523,3.1264483959352205,-0.02122621566987756,0.4950512647628784
661779796602531712,46,1,0.9523,1.4977166474699322,-0.02122621566987756,0.17542965710163116
661779796602531712,72,1,0.9523,3.4540720258431685,-0.02122621566987756,0.5383313894271851
664989722016905728,44,1,15.37045,18.37756420101919,1.1866865825066413,1.2642879486083984
664989722016905728,45,1,15.37045,8.465129055392746,1.1866865825066413,0.9276335835456848
664989722016905728,46,1,15.37045,10.200684657415925,1.1866865825066413,1.008629322052002
664989722016905728,72,1,15.37045,9.99517015096582,1.1866865825066413,0.9997901916503906
661829588159547392,44,0,6.20155,2.715391204905714,0.7925002495492887,0.43383240699768066
661829588159547392,45,0,6.20155,2.54769683896155,0.7925002495492887,0.4061477482318878
661829588159547392,46,0,6.20155,5.895913258163803,0.7925002495492887,0.7705510854721069
661829588159547392,72,0,6.20155,6.127703255444168,0.7925002495492887,0.7872977256774902
661775845232285312,72,1,0.587367,0.9919300815134475,-0.23109045706499629,-0.0035189390182495117
661775265413200640,44,2,17.6882,11.411632429231913,1.247683640154405,1.0573477745056152
661775265413200640,45,2,17.6882,12.039573703843137,1.247683640154405,1.0806111097335815
661775265413200640,46,2,17.6882,8.653892848645825,1.247683640154405,0.9372115135192871
661154522379748480,44,0,1.19155,3.5882338451387934,0.07611227099509815,0.5548807382583618
661154522379748480,45,0,1.19155,4.129857128549847,0.07611227099509815,0.6159350275993347
661154522379748480,46,0,1.19155,0.5542322993324983,0.07611227099509815,-0.2563081681728363
661150154396988032,44,3,20.102,14.44893030437604,1.303239268651996,1.159835696220398
661150154396988032,45,3,20.102,14.155645869870478,1.303239268651996,1.1509296894073486
661150154396988032,46,3,20.102,4.086157770854421,1.303239268651996,0.611315131187439
661150154396988032,72,3,20.102,17.869062958021512,1.303239268651996,1.2521017789840698
661078896595610240,44,0,21.23975,16.68281357198892,1.3271494006269715,1.2222692966461182
661078896595610240,45,0,21.23975,8.489255507470922,1.3271494006269715,0.9288696050643921
661078896595610240,46,0,21.23975,12.492391715281784,1.3271494006269715,1.0966455936431885
661075490685321344,44,4,19.837,20.543842409542936,1.2974759933242115,1.3126816749572754
661075490685321344,45,4,19.837,15.112798520651543,1.2974759933242115,1.179344892501831
661075490685321344,46,4,19.837,11.49634082006336,1.2974759933242115,1.060559630393982
661051679386429952,44,4,1.815,1.0077951221507386,0.2588766293721313,0.0033722519874572754
661051679386429952,46,4,1.815,0.7565430597100831,0.2588766293721313,-0.12116634845733643
661051679386429952,72,4,1.815,0.8990877468634517,0.2588766293721313,-0.04619792103767395
660191934309271424,72,3,2.33955,1.0638961041410542,0.36913233120892314,0.026899218559265137
660069235683735680,44,1,1.753,3.1982875125278962,0.2437819160937949,0.5049175024032593
660069235683735680,45,1,1.753,1.2154448545057865,0.2437819160937949,0.08473525941371918
660069235683735680,46,1,1.753,3.8338876619350137,0.2437819160937949,0.58363938331604
660069235683735680,72,1,1.753,1.2805612554865415,0.2437819160937949,0.10740035772323608
660088610279891584,44,0,1.1715,1.3539014654172143,0.06874229293298156,0.13158705830574036
660088610279891584,45,0,1.1715,1.122407919328468,0.06874229293298156,0.05015072226524353
660088610279891584,46,0,1.1715,1.480119019047779,0.06874229293298156,0.17029663920402527
660088610279891584,72,0,1.1715,1.1621684541297863,0.06874229293298156,0.06526908278465271
660089366194194176,44,3,0.441,0.8552368556713348,-0.35556141053216145,-0.06791359186172485
660089366194194176,45,3,0.441,1.620891780526969,-0.35556141053216145,0.20975401997566223
660089366194194176,46,3,0.441,0.652073086140772,-0.35556141053216145,-0.18570372462272644
660089366194194176,72,3,0.441,0.9909874391599709,-0.35556141053216145,-0.00393185019493103
660118473188717824,45,2,11.5065,10.951284708331873,1.060943241801679,1.039465069770813
660118473188717824,72,2,11.5065,11.407886725209371,1.060943241801679,1.0572052001953125
660194820527281792,72,4,5.6115,4.54371329253431,0.7490789672538863,0.6574109196662903
660295357121694080,44,1,14.6675,20.219355014809373,1.1663560968883693,1.305767297744751
660295357121694080,72,1,14.6675,11.032763702200084,1.1663560968883693,1.0426843166351318
661060479775918592,44,4,0.433,1.1474404146678339,-0.36351210364663455,0.05973014235496521
661060479775918592,45,4,0.433,0.8525320856180751,-0.36351210364663455,-0.06928926706314087
661060479775918592,46,4,0.433,1.3362213102074332,-0.36351210364663455,0.12587839365005493
661060479775918592,72,4,0.433,1.2083954475310406,-0.36351210364663455,0.08220908045768738
661061098251203968,44,3,30.963,12.18511118654979,1.4908430327707254,1.085829496383667
661061098251203968,45,3,30.963,4.324219881463463,1.4908430327707254,0.635907769203186
661061098251203968,46,3,30.963,12.246372071212056,1.4908430327707254,1.0880074501037598
661061098251203968,72,3,30.963,12.351118143456226,1.4908430327707254,1.0917062759399414
661150124333238656,44,4,15.9095,15.139354383871916,1.2016565309568805,1.1801073551177979
661150124333238656,45,4,15.9095,13.397122780107587,1.2016565309568805,1.1270115375518799
661150124333238656,46,4,15.9095,14.871219776246617,1.2016565309568805,1.172346591949463
661150124333238656,72,4,15.9095,15.52427862895638,1.2016565309568805,1.1910114288330078
664991817960938112,44,2,1.5904,4.1151290490672805,0.2015063670532381,0.6143834590911865
664991817960938112,45,2,1.5904,3.036902683340139,0.2015063670532381,0.4824308753013611
664991817960938112,46,2,1.5904,2.416647688097778,0.2015063670532381,0.3832133412361145
664991817960938112,72,2,1.5904,2.539815175375222,0.2015063670532381,0.4048021137714386
3413082661841179520,43,1,0.5,0.7054960061386675,-0.3010299956639812,-0.15150544047355652
3413082661841179520,44,1,0.5,0.7053823420009186,-0.3010299956639812,-0.15157541632652283
3413082661841179520,70,1,0.5,1.1438288689898646,-0.3010299956639812,0.058361053466796875
3413082661841179520,71,1,0.5,1.001141772938329,-0.3010299956639812,0.0004955828189849854
3411781729134007424,43,4,0.79,0.8602682817056677,-0.10237290870955855,-0.06536608934402466
3411781729134007424,44,4,0.79,0.5264626166291879,-0.10237290870955855,-0.2786324620246887
3412878010943270784,43,1,0.916,0.9247961338371119,-0.0381045263321496,-0.03395399451255798
3412878010943270784,44,1,0.916,0.8744461344579122,-0.0381045263321496,-0.05826693773269653
3412878010943270784,71,1,0.916,0.9132493653396254,-0.0381045263321496,-0.03941062092781067
3411811317161811328,43,2,0.98,1.0885734906108757,-0.00877392430750515,0.03685775399208069
3411811317161811328,44,2,0.98,1.078310148036334,-0.00877392430750515,0.03274369239807129
656149304932599808,71,2,17.42,16.788377500558333,1.2410481506716444,1.2250087261199951
656149304932599808,72,2,17.42,13.638446667244583,1.2410481506716444,1.1347649097442627
652212469190268928,71,3,25.45,8.002115189368117,1.4056877866727775,0.9032047986984253
652212469190268928,72,3,25.45,18.867470610629102,1.4056877866727775,1.2757136821746826
3406734906335151872,43,3,0.335,0.5600042550005321,-0.47495519296315475,-0.25180867314338684
3406734906335151872,44,3,0.335,0.7617170517775348,-0.47495519296315475,-0.11820632219314575
3406734906335151872,70,3,0.335,0.4834639658430411,-0.47495519296315475,-0.31563588976860046
3406734906335151872,71,3,0.335,0.8309425764841515,-0.47495519296315475,-0.08042898774147034
652408491498497280,71,1,19.5,12.437306128911892,1.290034611362518,1.094726324081421
652408491498497280,72,1,19.5,22.734923973264486,1.290034611362518,1.3566935062408447
230530071809812480,59,2,0.294,0.40232672540074077,-0.5316526695878427,-0.3954211175441742
230530071809812480,86,2,0.294,0.3177596649937792,-0.5316526695878427,-0.49790123105049133
3406943091991364608,43,1,11.6,6.3161799883255965,1.0644579892269184,0.8004544973373413
3406943091991364608,44,1,11.6,7.251537904637757,1.0644579892269184,0.860430121421814
2983526111937415040,5,2,3.55,3.5953106609619376,0.5502283530550941,0.5557364225387573
2983526111937415040,32,2,3.55,3.384525591265124,0.5502283530550941,0.5294978022575378
5633901948708916352,35,4,1.34,1.189086618916485,0.12710479836480765,0.0752134919166565
962092607249662592,20,3,10.35,8.817883486173173,1.0149403497929366,0.9453643560409546
964177934129917696,20,3,1.589,2.7280845901559156,0.20112389720737955,0.4358578324317932
964177934129917696,60,3,1.589,3.2182068649936966,0.20112389720737955,0.5076139569282532
964177934129917696,73,3,1.589,2.3364532492541774,0.20112389720737955,0.3685570955276489
434698385971110400,58,4,4.685,5.439049176560651,0.670709595223797,0.735522985458374
434698385971110400,85,4,4.685,6.082555890568518,0.670709595223797,0.7840861082077026
435096924580530176,58,2,1.607,1.020846246882963,0.20601587676334454,0.008960336446762085
435096924580530176,85,2,1.607,1.2824342330894325,0.20601587676334454,0.10803510248661041
434759065273696256,58,0,1.003,0.5685192253061196,0.001300933020418072,-0.24525484442710876
434759065273696256,85,0,1.003,1.0205419123950803,0.001300933020418072,0.008830845355987549
434759065273696256,86,0,1.003,1.0054387182163405,0.001300933020418072,0.002355605363845825
664580909850406528,45,3,28.6635,2.758561366296591,1.457329219483519,0.44068264961242676
664580909850406528,46,3,28.6635,4.09545130823794,1.457329219483519,0.612301766872406
664580909850406528,71,3,28.6635,9.168039140677381,1.457329219483519,0.9622764587402344
664580909850406528,72,3,28.6635,5.005095926605177,1.457329219483519,0.6994124054908752
664593309419200000,45,4,0.7025,0.7199778678316785,-0.15335367142288248,-0.14268085360527039
664593309419200000,46,4,0.7025,0.8106306923481555,-0.15335367142288248,-0.09117695689201355
664593309419200000,71,4,0.7025,1.8544350748873164,-0.15335367142288248,0.26821163296699524
664593309419200000,72,4,0.7025,0.8926741968582305,-0.15335367142288248,-0.049307018518447876
664594585026149504,45,0,10.529,8.21685295117531,1.022387125686438,0.9147055149078369
664594585026149504,46,0,10.529,10.590481238619644,1.022387125686438,1.0249156951904297
664594585026149504,71,0,10.529,9.051329294344422,1.022387125686438,0.9567123651504517
664594585026149504,72,0,10.529,10.308384923649331,1.022387125686438,1.0131906270980835
664649040915007872,45,1,1.15,1.240366962950874,0.06069784035361165,0.0935501903295517
664649040915007872,46,1,1.15,2.378943889009001,0.06069784035361165,0.3763841986656189
664649040915007872,71,1,1.15,1.6834040265908832,0.06069784035361165,0.22618836164474487
664649040915007872,72,1,1.15,1.159967664829473,0.06069784035361165,0.06444588303565979
665454368759275520,45,0,1.56,2.786500470065662,0.1931245983544616,0.4450591206550598
665454368759275520,46,0,1.56,2.1981492077680285,0.1931245983544616,0.34205716848373413
665454368759275520,71,0,1.56,3.1834294967983623,0.1931245983544616,0.5028952360153198
665454368759275520,72,0,1.56,4.033373360562004,0.1931245983544616,0.6056684255599976
665580022322839040,45,4,9.98,10.764831032247844,0.9991305412873711,1.0320072174072266
665580022322839040,46,4,9.98,8.96709926813431,0.9991305412873711,0.9526519775390625
665580022322839040,71,4,9.98,14.32432894106458,0.9991305412873711,1.1560742855072021
665580022322839040,72,4,9.98,11.310761133445201,0.9991305412873711,1.0534918308258057
664591595728990336,45,2,0.119,0.0744569645243138,-0.9244530386074693,-1.1280946731567383
664591595728990336,46,2,0.119,0.07412300819050212,-0.9244530386074693,-1.1300469636917114
664591595728990336,71,2,0.119,0.08882741130358754,-0.9244530386074693,-1.0514529943466187
664591595728990336,72,2,0.119,0.07704923676974852,-0.9244530386074693,-1.1132316589355469
664683130072400384,45,2,8.3405,7.094464245482171,0.9211920866967318,0.8509196043014526
664683130072400384,46,2,8.3405,5.901449050357491,0.9211920866967318,0.770958662033081
664683130072400384,71,2,8.3405,7.382685513723227,0.9211920866967318,0.8682143688201904
664683130072400384,72,2,8.3405,8.678482258008653,0.9211920866967318,0.9384437799453735
665555175934680320,45,0,3.0465,3.446389068273919,0.483801182460488,0.5373643040657043
665555175934680320,46,0,3.0465,5.2067866336880355,0.483801182460488,0.7165697813034058
665555175934680320,71,0,3.0465,7.825932376272827,0.483801182460488,0.8935360908508301
665555175934680320,72,0,3.0465,2.5330012986768766,0.483801182460488,0.4036354124546051
665558165231918208,45,3,0.7895,0.820034507369102,-0.10264786565568697,-0.08616787195205688
665558165231918208,46,3,0.7895,1.0333193042146387,-0.10264786565568697,0.014234542846679688
665558165231918208,71,3,0.7895,1.2412354596254571,-0.10264786565568697,0.09385417401790619
665558165231918208,72,3,0.7895,0.713373288328172,-0.10264786565568697,-0.14668315649032593
664573793087543936,44,4,0.77,3.6845710721090477,-0.11350927482751812,0.5663869380950928
664573793087543936,45,4,0.77,2.55385808401191,-0.11350927482751812,0.4071967601776123
664573793087543936,46,4,0.77,4.960617252799986,-0.11350927482751812,0.6955357193946838
664573793087543936,71,4,0.77,3.424387577590742,-0.11350927482751812,0.5345829129219055
664573793087543936,72,4,0.77,3.5785389773203486,-0.11350927482751812,0.5537057518959045
664352761187716352,44,1,14.84785,27.534338616229185,1.1716635714487804,1.4398746490478516
664352761187716352,45,1,14.84785,18.96016204802909,1.1716635714487804,1.2778420448303223
664352761187716352,46,1,14.84785,17.404005959312027,1.1716635714487804,1.2406492233276367
664352761187716352,71,1,14.84785,18.488507368286736,1.1716635714487804,1.2669018507003784
664352761187716352,72,1,14.84785,18.6601867191825,1.1716635714487804,1.2709159851074219
664352692468240896,44,2,0.897567,2.8260926055568136,-0.04693312309032018,0.4511863887310028
664352692468240896,45,2,0.897567,0.9964565257114194,-0.04693312309032018,-0.0015416443347930908
664352692468240896,46,2,0.897567,0.7633525301190596,-0.04693312309032018,-0.11727485060691833
664352692468240896,71,2,0.897567,1.386274738055505,-0.04693312309032018,0.1418493092060089
664352692468240896,72,2,0.897567,1.4034625319700709,-0.04693312309032018,0.1472008228302002
662800456927247744,44,2,10.93795,9.122540295257764,1.038935933778634,0.9601157903671265
662800456927247744,46,2,10.93795,8.298490017242704,1.038935933778634,0.9189990758895874
662800456927247744,71,2,10.93795,9.094101240483376,1.038935933778634,0.9587597846984863
662800456927247744,72,2,10.93795,8.661913548418445,1.038935933778634,0.937613844871521
662799009521584640,71,4,1.181433,1.6423739858145456,0.0724090974831152,0.2154720574617386
662799009521584640,72,4,1.181433,2.2519919734231952,0.0724090974831152,0.35256683826446533
662744210035689728,72,0,5.6622,13.313544215744868,0.7529852054321837,1.1242936849594116
659738179604773248,45,0,1.558367,0.8106136705393943,0.19266974300627668,-0.09118607640266418
659738179604773248,72,0,1.558367,1.493438002336533,0.19266974300627668,0.17418719828128815
659713303154300288,44,1,1.9731,7.3361399548895685,0.2951490965789187,0.8654676079750061
659713303154300288,45,1,1.9731,14.238084364727705,0.2951490965789187,1.1534515619277954
659713303154300288,46,1,1.9731,12.463942628718604,0.2951490965789187,1.0956554412841797
659713303154300288,72,1,1.9731,9.009347063884457,0.2951490965789187,0.9546933174133301
659532399131904768,44,1,0.9058,1.536491801730623,-0.04296768365306156,0.1865302473306656
659532399131904768,45,1,0.9058,2.334488713831497,-0.04296768365306156,0.36819177865982056
659532399131904768,46,1,0.9058,2.402882345180983,-0.04296768365306156,0.3807325065135956
659660316141171968,44,4,1.7425,1.370763503977078,0.24117278677004703,0.13696253299713135
659660316141171968,45,4,1.7425,0.5615908805008023,0.24117278677004703,-0.25057995319366455
659660316141171968,46,4,1.7425,0.6054534657542069,0.24117278677004703,-0.2179192304611206
659660316141171968,72,4,1.7425,1.8661740038196073,0.24117278677004703,0.27095213532447815
659713818550364160,44,1,1.7025,6.552811092124636,0.23108712058482275,0.8164276480674744
659713818550364160,45,1,1.7025,8.443233195134479,0.23108712058482275,0.9265087842941284
659713818550364160,46,1,1.7025,6.715363424524337,0.23108712058482275,0.8270695209503174
659713818550364160,72,1,1.7025,6.812463160824053,0.23108712058482275,0.8333041667938232
659714024708794240,44,0,14.605333,15.349834650635628,1.164511463289288,1.1861037015914917
659714024708794240,45,0,14.605333,15.07744245599764,1.164511463289288,1.1783276796340942
659714024708794240,46,0,14.605333,15.231509766950339,1.164511463289288,1.182742953300476
659714024708794240,72,0,14.605333,13.872182677620154,1.164511463289288,1.142144799232483
659721510835420544,45,3,0.511,1.4941851897795946,-0.29157909986528724,0.17440442740917206
659721510835420544,72,3,0.511,0.9139342846759314,-0.29157909986528724,-0.0390850305557251
659734125155723008,45,1,18.43215,15.212678146632689,1.2655759960262785,1.1822056770324707
659734125155723008,72,1,18.43215,18.781010398072983,1.2655759960262785,1.2737189531326294
659741233329151744,72,4,0.32835,0.8635615635141788,-0.4836629793763871,-0.06370669603347778
659765598675979904,72,2,8.1753,14.328926044386186,0.9125036984520812,1.156213641166687
659766114072052608,72,3,9.868733,7.683740194145388,0.9942613992320349,0.8855726718902588
662768914687563776,72,1,18.6888,20.63682617918335,1.2715814164077541,1.3146429061889648
662769911119972224,72,2,0.3605,0.9780357878308366,-0.44309473094455215,-0.009645253419876099
662775266942252544,72,3,2.578,1.1997344001519938,0.4112829130173842,0.07908511161804199
662776576909207168,72,0,1.6013,0.9095307626348605,0.2044727036489641,-0.04118260741233826
662776439470251136,72,4,1.8669,2.643852833261288,0.271121055704133,0.4222372770309448
662794787570424448,72,1,11.87895,25.1103354359799,1.0747780543354855,1.3998525142669678
662797806930496256,44,0,10.85885,9.088858161474871,1.035783833991352,0.9585093259811401
662797806930496256,46,0,10.85885,9.37628412000877,1.035783833991352,0.972030758857727
662797806930496256,72,0,10.85885,9.804194634734475,1.035783833991352,0.9914119243621826
664352245791631488,44,3,18.4322,22.671235450833418,1.2655771741142738,1.3554751873016357
664352245791631488,45,3,18.4322,20.332803328381914,1.2655771741142738,1.308197259902954
664352245791631488,46,3,18.4322,13.181181726532142,1.2655771741142738,1.1199543476104736
664352245791631488,71,3,18.4322,16.015917240046157,1.2655771741142738,1.2045518159866333
664352245791631488,72,3,18.4322,17.91211574126927,1.2655771741142738,1.2531468868255615
664353860699329920,44,3,9.4083,10.98334257141343,0.9735111571873475,1.0407345294952393
664353860699329920,45,3,9.4083,10.059686750554302,0.9735111571873475,1.002584457397461
664353860699329920,46,3,9.4083,9.148953532364644,0.9735111571873475,0.9613714218139648
664353860699329920,72,3,9.4083,14.034602205573238,0.9735111571873475,1.147200107574463
664353379662996224,44,0,15.693433,13.88527234348081,1.1957179576003698,1.1425544023513794
664353379662996224,45,0,15.693433,14.620417965562757,1.1957179576003698,1.1649597883224487
664353379662996224,46,0,15.693433,13.37585873318587,1.1957179576003698,1.1263216733932495
664353379662996224,71,0,15.693433,7.410148525856761,1.1957179576003698,0.8698269128799438
664353379662996224,72,0,15.693433,14.330231906440023,1.1957179576003698,1.1562532186508179
664354994570694400,44,3,1.0207,1.7571513904115923,0.00889811477093958,0.24480918049812317
664354994570694400,45,3,1.0207,1.3767179718605693,0.00889811477093958,0.13884498178958893
664354994570694400,46,3,1.0207,2.5882155054089826,0.00889811477093958,0.4130004346370697
664354994570694400,71,3,1.0207,2.916733424731649,0.00889811477093958,0.4648967385292053
664354994570694400,72,3,1.0207,2.207039830163266,0.00889811477093958,0.34381017088890076
664359942372888448,44,1,1.7607,3.042195218658582,0.24568536423323586,0.48318707942962646
664359942372888448,45,1,1.7607,2.9645311264586964,0.24568536423323586,0.4719560146331787
664359942372888448,46,1,1.7607,3.049478467663004,0.24568536423323586,0.4842255711555481
664365852247876864,44,3,22.7847,15.089092975720787,1.357643314717796,1.1786631345748901
664365852247876864,45,3,22.7847,6.3503728506261155,1.357643314717796,0.8027992248535156
664365852247876864,46,3,22.7847,6.5405798194108415,1.357643314717796,0.815616250038147
664365852247875840,44,1,2.318933,4.676598013387662,0.3652882009231801,0.6699300408363342
664365852247875840,45,1,2.318933,4.574998679929566,0.3652882009231801,0.6603909730911255
664365852247875840,46,1,2.318933,1.5508962726927014,0.3652882009231801,0.1905827522277832
664365852247875840,71,1,2.318933,2.360321904043426,0.3652882009231801,0.37297123670578003
664365852247875840,72,1,2.318933,1.2120185904645158,0.3652882009231801,0.08350928127765656
664366024046570112,44,2,16.7675,15.320213790146,1.2244683150126892,1.1852648258209229
664366024046570112,45,2,16.7675,14.8393857691044,1.2244683150126892,1.17141592502594
664366024046570112,46,2,16.7675,11.91292296529487,1.2244683150126892,1.0760183334350586
664366024046570112,71,2,16.7675,16.419801902426716,1.2244683150126892,1.2153679132461548
664366024046570112,72,2,16.7675,18.13123975394438,1.2244683150126892,1.2584275007247925
664379974100333568,44,4,10.2572,17.383247007921543,1.0110288236891698,1.24013090133667
664379974100333568,45,4,10.2572,17.800721983004898,1.0110288236891698,1.250437617301941
664379974100333568,46,4,10.2572,15.374599722693468,1.0110288236891698,1.1868038177490234
664379974100333568,71,4,10.2572,16.523229876736824,1.0110288236891698,1.2180949449539185
664379974100333568,72,4,10.2572,14.869970738486277,1.0110288236891698,1.1723101139068604
664600907218072064,44,2,13.399333,14.635820523061884,1.127083180332785,1.1654170751571655
664600907218072064,45,2,13.399333,14.332812513895826,1.127083180332785,1.1563314199447632
664600907218072064,46,2,13.399333,12.0884074301257,1.127083180332785,1.082369089126587
664600907218072064,71,2,13.399333,15.631626806768661,1.127083180332785,1.1940041780471802
664600907218072064,72,2,13.399333,13.740201361053156,1.127083180332785,1.1379930973052979
664605889380126336,44,3,17.0633,15.589261990936714,1.2320630264326418,1.1928255558013916
664605889380126336,45,3,17.0633,20.249658507811798,1.2320630264326418,1.30641770362854
664605889380126336,46,3,17.0633,20.375801194732443,1.2320630264326418,1.309114694595337
664605889380126336,71,3,17.0633,20.783485684177958,1.2320630264326418,1.3177183866500854
664605889380126336,72,3,17.0633,17.568074095840824,1.2320630264326418,1.244724154472351
664605270904832768,44,4,17.4308,16.68430647679584,1.2413173198473706,1.2223081588745117
664605270904832768,45,4,17.4308,20.684798641770104,1.2413173198473706,1.315651297569275
664605270904832768,46,4,17.4308,20.25378320076514,1.2413173198473706,1.3065061569213867
664605270904832768,71,4,17.4308,2.635222113153135,1.2413173198473706,0.42081722617149353
664605270904832768,72,4,17.4308,16.50086256582158,1.2413173198473706,1.2175066471099854
664625302630788608,45,1,1.20975,1.3173046234832102,0.08269563078066161,0.11968621611595154
664625302630788608,46,1,1.20975,1.0323476721188234,0.08269563078066161,0.013825982809066772
664625302630788608,71,1,1.20975,1.4832073530849368,0.08269563078066161,0.17120186984539032
664625302630788608,72,1,1.20975,1.2621342608426234,0.08269563078066161,0.10110555589199066
664625714949149312,44,3,1.8778,0.9386875048125584,0.27364933472360464,-0.027478963136672974
664625714949149312,45,3,1.8778,0.5324437644526471,0.27364933472360464,-0.2737262547016144
664625714949149312,46,3,1.8778,0.8146266021108852,0.27364933472360464,-0.08904141187667847
664625714949149312,71,3,1.8778,0.7931409532576158,0.27364933472360464,-0.1006496250629425
664625714949149312,72,3,1.8778,0.8562625804100229,0.27364933472360464,-0.06739303469657898
664600804138934400,44,0,8.9533,8.723006552973642,0.9519831367281111,0.9406661987304688
664600804138934400,45,0,8.9533,9.95143484832442,0.9519831367281111,0.9978857040405273
664600804138934400,46,0,8.9533,10.195072239715895,0.9519831367281111,1.0083903074264526
664600804138934400,71,0,8.9533,11.218449504782704,0.9519831367281111,1.049932837486267
664600804138934400,72,0,8.9533,8.902102156415024,0.9519831367281111,0.9494925737380981
664409175581692288,44,1,11.107533,21.44879497176439,1.045617612184942,1.3314028978347778
664409175581692288,45,1,11.107533,13.295784585570493,1.045617612184942,1.1237139701843262
664409175581692288,46,1,11.107533,9.68715701594442,1.045617612184942,0.9861963391304016
664409175581692288,71,1,11.107533,11.830229214207522,1.045617612184942,1.0729931592941284
664409175581692288,72,1,11.107533,17.151940031533023,1.045617612184942,1.2343132495880127
664406087501474048,44,3,17.547,5.123631866078198,1.2442028760829846,0.7095779180526733
664406087501474048,45,3,17.547,7.217301265657375,1.2442028760829846,0.858374834060669
664406087501474048,46,3,17.547,8.835090051726464,1.2442028760829846,0.9462109804153442
664380695654828160,44,4,8.400833,3.846478228943182,0.9243223514627129,0.5850632786750793
664380695654828160,45,4,8.400833,3.0225651966016107,0.9243223514627129,0.4803756773471832
664380695654828160,46,4,8.400833,5.272795058771367,0.9243223514627129,0.7220408916473389
664380695654828416,44,2,1.937,3.4361954388151963,0.2871296207191108,0.5360778570175171
664380695654828416,45,2,1.937,1.769013629587496,0.2871296207191108,0.24773117899894714
664380695654828416,46,2,1.937,3.9408962555478926,0.2871296207191108,0.5955950021743774
664380695654828416,72,2,1.937,1.3684807077391696,0.2871296207191108,0.1362386792898178
664380111539399552,44,4,10.307367,8.566590001101059,1.0131477396374757,0.932807981967926
664380111539399552,45,4,10.307367,9.674418042158653,1.0131477396374757,0.9856248497962952
664380111539399552,46,4,10.307367,9.600449759714435,1.0131477396374757,0.982291579246521
664380111539399552,71,4,10.307367,7.179802205863497,1.0131477396374757,0.8561124801635742
664380111539399552,72,4,10.307367,6.553309344888146,1.0131477396374757,0.8164606690406799
664367020479085568,44,4,2.2258,0.7466671474291648,0.347486138076573,-0.1268729567527771
664367020479085568,45,4,2.2258,1.1059505597505446,0.347486138076573,0.04373571276664734
664367020479085568,46,4,2.2258,1.1536264740557247,0.347486138076573,0.06206521391868591
664367020479085568,72,4,2.2258,1.0067665176021916,0.347486138076573,0.0029287636280059814
664366779961036288,44,3,9.082933,8.06476604129199,0.9582261106391576,0.9065917730331421
664366779961036288,45,3,9.082933,6.683515125829372,0.9582261106391576,0.8250049352645874
664366779961036288,46,3,9.082933,7.25367399484568,0.9582261106391576,0.860558032989502
664366779961036288,72,3,9.082933,8.28661271086964,0.9582261106391576,0.9183770418167114
664353757620109440,72,0,2.191367,0.9082418879217412,0.3407151172811491,-0.04179847240447998
664353757620108544,44,1,19.769,17.71345078313672,1.2959847014094765,1.2483031749725342
664353757620108544,45,1,19.769,17.450224696178037,1.2959847014094765,1.2418010234832764
664353757620108544,46,1,19.769,17.68791371262701,1.2959847014094765,1.2476766109466553
664353757620108544,72,1,19.769,19.960224185692066,1.2959847014094765,1.3001654148101807
664286721770683136,44,1,1.900167,3.7480341910904196,0.2787917714745584,0.5738035440444946
664286721770683136,46,1,1.900167,1.5125045128054206,0.2787917714745584,0.1796966791152954
664286721770683136,72,1,1.900167,1.6952518172491742,0.2787917714745584,0.2292342185974121
664286446892777472,44,0,11.655067,13.548504808965559,1.0665147744371748,1.1318913698196411
664286446892777472,46,0,11.655067,16.1669131315094,1.0665147744371748,1.2086271047592163
664286446892777472,72,0,11.655067,13.20439413944301,1.0665147744371748,1.1207184791564941
662796814795084160,44,1,13.77575,9.415753453636686,1.1391152526776938,0.9738550782203674
662796814795084160,46,1,13.77575,6.352044713995867,1.1391152526776938,0.8029135465621948
659774394768991744,72,2,1.170867,2.4832659106308976,0.0685075659122057,0.3950232267379761
659765220718853504,72,2,13.358,15.185743564860179,1.1257414391287155,1.1814360618591309
659722752082318976,45,3,12.44265,12.572319855686482,1.0949128850021261,1.0994154214859009
659719419187699712,45,2,2.061667,2.8618028186471096,0.3142185194628492,0.45663970708847046
659719419187699712,72,2,2.061667,0.8359300809160258,0.3142185194628492,-0.07783004641532898
659716601689157760,44,4,9.2791,11.044098683639374,0.9675058550994091,1.0431302785873413
659716601689157760,45,4,9.2791,9.50694134388908,0.9675058550994091,0.9780408143997192
659716601689157760,46,4,9.2791,10.132957749221925,0.9675058550994091,1.005736231803894
659716601689157760,72,4,9.2791,10.451041094615904,0.9675058550994091,1.0191595554351807
659668841652926592,44,4,13.692667,3.1822146846116164,1.1364880464228928,0.5027294754981995
659668841652926592,45,4,13.692667,3.6256043738060915,1.1364880464228928,0.5593804121017456
659668841652926592,46,4,13.692667,5.216389754760967,1.1364880464228928,0.7173700332641602
659661213791017600,44,3,10.6866,3.0069373535236763,1.0288395540293649,0.47812438011169434
659661213791017600,45,3,10.6866,10.71163701580493,1.0288395540293649,1.0298558473587036
659661213791017600,46,3,10.6866,9.997398177759203,1.0288395540293649,0.9998869895935059
659661213791017600,72,3,10.6866,9.483341156616248,1.0288395540293649,0.9769613742828369
659668635494494848,44,0,14.4777,16.30080252734491,1.1606995731423777,1.2122089862823486
659668635494494848,45,0,14.4777,16.600968434984654,1.1606995731423777,1.2201334238052368
659668635494494848,46,0,14.4777,15.262375061426424,1.1606995731423777,1.183622121810913
659668635494494848,72,0,14.4777,13.835482532136858,1.1606995731423777,1.1409943103790283
659671624791715840,45,2,1.118933,2.3561596862972336,0.04880408241625533,0.3722047209739685
659671624791715840,72,2,1.118933,1.2526434283577366,0.04880408241625533,0.09782746434211731
659750892708009088,72,2,14.694533,15.843609710690805,1.1671557885205193,1.1998541355133057
659763880689114240,72,3,18.411,14.95884794281649,1.2650773780035942,1.1748981475830078
659774291689774848,72,1,11.7036,28.881250444449808,1.068319470263414,1.4606159925460815
659777074828577024,72,3,16.6713,13.866217186727756,1.2219694667034278,1.1419579982757568
664281018054115968,72,2,12.30235,12.441844043427144,1.089988078475927,1.0948847532272339
664301427738676992,44,0,1.626367,2.0077118570217305,0.21121855361368755,0.3027013838291168
664301427738676992,45,0,1.626367,0.7047492949877898,0.21121855361368755,-0.15196534991264343
664301427738676992,46,0,1.626367,0.8061779767869477,0.21121855361368755,-0.0935690701007843
664301427738676992,72,0,1.626367,1.2824917887964662,0.21121855361368755,0.10805459320545197
664302424170984576,44,2,8.24715,9.698782588200736,0.9163038936270156,0.9867172241210938
664302424170984576,45,2,8.24715,8.125957722264378,0.9163038936270156,0.9098745584487915
664302424170984576,46,2,8.24715,7.470194410690643,0.9163038936270156,0.8733319044113159
664302424170984576,72,2,8.24715,7.403748233637668,0.9163038936270156,0.869451642036438
664313384927507968,44,0,1.882167,1.1173033553811835,0.27465815467083665,0.04817110300064087
664313384927507968,45,0,1.882167,0.790460760354618,0.27465815467083665,-0.10211968421936035
664313384927507968,46,0,1.882167,1.3896130869380985,0.27465815467083665,0.14289389550685883
664313384927507968,72,0,1.882167,0.9638695626261259,0.27465815467083665,-0.015981733798980713
664387808120781440,44,1,7.815267,8.400027407368633,0.8929438198018955,0.9242807030677795
664387808120781440,45,1,7.815267,7.968722525817342,0.8929438198018955,0.9013887047767639
664387808120781440,46,1,7.815267,6.921601047317771,0.8929438198018955,0.8402065634727478
664387808120781440,72,1,7.815267,6.400550268972059,0.8929438198018955,0.8062173128128052
664394439550157312,44,0,18.036833,6.345322453079126,1.2561602842387412,0.8024536967277527
664394439550157312,45,0,18.036833,11.354618905566737,1.2561602842387412,1.0551725625991821
664394439550157312,46,0,18.036833,9.537399184339424,1.2561602842387412,0.9794299602508545
664407427531262464,44,0,15.08785,15.968232429710776,1.1786273577569788,1.2032568454742432
664407427531262464,45,0,15.08785,16.199700617246403,1.1786273577569788,1.2095069885253906
664407427531262464,46,0,15.08785,20.78951658471458,1.1786273577569788,1.3178443908691406
664407427531262464,72,0,15.08785,12.338570415939099,1.1786273577569788,1.0912648439407349
664417494934591488,44,2,14.1397,17.013235733910363,1.1504401951944934,1.230786919593811
664417494934591488,45,2,14.1397,15.76699389487537,1.1504401951944934,1.1977488994598389
664417494934591488,46,2,14.1397,11.891190953471412,1.1504401951944934,1.0752253532409668
664417494934591488,72,2,14.1397,14.7797471932313,1.1504401951944934,1.1696670055389404
664608638159278080,44,3,21.1041,14.35421088663845,1.3243668360749823,1.1569793224334717
664608638159278080,45,3,21.1041,12.30830919738327,1.3243668360749823,1.0901983976364136
664608638159278080,46,3,21.1041,12.477176092446454,1.3243668360749823,1.096116304397583
664608638159278080,72,3,21.1041,18.05649783397253,1.3243668360749823,1.2566335201263428
664610562304515712,44,3,16.9432,4.4481596432182124,1.2289954373462855,0.648180365562439
664610562304515712,45,3,16.9432,8.321308931090513,1.2289954373462855,0.9201916456222534
664610562304515712,46,3,16.9432,14.565996823691933,1.2289954373462855,1.1633402109146118
664814727869793536,44,3,13.668867,15.193498633817319,1.13573251778359,1.1816577911376953
664814727869793536,45,3,13.668867,14.298900489378182,1.13573251778359,1.15530264377594
664814727869793536,46,3,13.668867,14.58040551116194,1.13573251778359,1.1637696027755737
664814727869793536,71,3,13.668867,11.075090563279023,1.13573251778359,1.0443472862243652
664814727869793536,72,3,13.668867,11.656303973294653,1.13573251778359,1.0665608644485474
686066363488497408,44,3,0.9234,1.2877643543979707,-0.03461012978487766,0.1098363995552063
686066363488497408,45,3,0.9234,3.7402486432397413,-0.03461012978487766,0.5729004740715027
686066363488497408,46,3,0.9234,1.182029104944591,-0.03461012978487766,0.07262817025184631
686066363488497408,72,3,0.9234,1.401772846419862,-0.03461012978487766,0.1466776430606842
660625171954182528,44,0,25.107,0.911214881055357,1.3997948225782166,-0.04037919640541077
660625171954182528,45,0,25.107,0.8930177946404132,1.3997948225782166,-0.04913988709449768
660625171954182528,46,0,25.107,1.0906766207961105,1.3997948225782166,0.037696003913879395
660625171954182528,72,0,25.107,0.9510361129420357,1.3997948225782166,-0.02180299162864685
686170885812680832,44,1,2.54,2.403858536287046,0.40483371661993806,0.38090890645980835
686170885812680832,45,1,2.54,2.1940441031982916,0.40483371661993806,0.3412453532218933
686170885812680832,46,1,2.54,2.24943228660353,0.40483371661993806,0.35207292437553406
685747814353991296,44,0,20.041,16.07778106440424,1.3019193880358555,1.206226110458374
685747814353991296,45,0,20.041,11.535568904726693,1.3019193880358555,1.0620390176773071
685747814353991296,46,0,20.041,9.092044574942808,1.3019193880358555,0.9586615562438965
685747814353991296,72,0,20.041,21.5993750208733,1.3019193880358555,1.3344411849975586
660678429548883968,44,4,1.51785,1.1282016509400594,0.1812288549645451,0.052386730909347534
660678429548883968,45,4,1.51785,1.170527382491741,0.1812288549645451,0.06838157773017883
660678429548883968,46,4,1.51785,1.366534245140782,0.1812288549645451,0.13562051951885223
660678429548883968,72,4,1.51785,0.8024290390557072,0.1812288549645451,-0.09559336304664612
659985535361160832,72,1,16.68,20.34074126094975,1.2221960463017199,1.3083667755126953
660862052286909312,44,3,21.94435,13.622971878576738,1.3413227214036403,1.1342718601226807
660862052286909312,45,3,21.94435,6.647604221262385,1.3413227214036403,0.8226651549339294
660862052286909312,46,3,21.94435,5.735449397388047,1.3413227214036403,0.7585674524307251
660862052286909312,72,3,21.94435,7.268344986255822,1.3413227214036403,0.8614355325698853
685792688172260608,44,4,1.542,3.784373987209764,0.1880843737149382,0.5779940485954285
685792688172260608,45,4,1.542,2.9345049072786518,0.1880843737149382,0.4675348401069641
685792688172260608,46,4,1.542,2.755663017744809,0.1880843737149382,0.44022610783576965
684924555022699648,44,1,16.009,23.664708648472498,1.2043642046210052,1.374101161956787
684924555022699648,45,1,16.009,17.217204159906867,1.2043642046210052,1.2359626293182373
684924555022699648,46,1,16.009,18.449395928755102,1.2043642046210052,1.2659821510314941
684924555022699648,72,1,16.009,27.431863435609607,1.2043642046210052,1.4382553100585938
660776595321126656,44,4,0.585,0.8376833972752885,-0.23284413391781958,-0.07692009210586548
660776595321126656,45,4,0.585,1.157954187594674,-0.23284413391781958,0.06369137763977051
660776595321126656,46,4,0.585,1.0054371313187682,-0.23284413391781958,0.002354919910430908
660776595321126656,72,4,0.585,1.2140761290705417,-0.23284413391781958,0.08424592018127441
660878991637884672,44,2,22.1436,15.61161913217674,1.345248227791035,1.1934479475021362
660878991637884672,45,2,22.1436,13.3658208581673,1.345248227791035,1.1259956359863281
660878991637884672,46,2,22.1436,23.05956039394327,1.345248227791035,1.3628510236740112
685854913658785024,44,0,4.06535,7.95472607117242,0.6090979414492121,0.9006252288818359
685854913658785024,45,0,4.06535,17.013908220739882,0.6090979414492121,1.2308040857315063
685854913658785024,46,0,4.06535,13.095071323572117,0.6090979414492121,1.11710786819458
4723899224517492992,2,1,3.76,4.096638029455274,0.5751878449276611,0.6124275922775269
4723899224517492992,3,1,3.76,3.7749821855755896,0.5751878449276611,0.57691490650177
4723899224517492992,4,1,3.76,6.158551819415923,0.5751878449276611,0.789478600025177
4723899224517492992,69,1,3.76,3.943098741911517,0.5751878449276611,0.5958376526832581
4723899224517492992,96,1,3.76,4.428871136075775,0.5751878449276611,0.646293044090271
4723899224517492992,97,1,3.76,5.102007371048235,0.5751878449276611,0.7077410817146301
4730672387943135616,2,0,3.001,2.780544719601699,0.4772659954248526,0.4441298842430115
4730672387943135616,3,0,3.001,3.246575857250023,0.4772659954248526,0.5114255547523499
4730672387943135616,4,0,3.001,3.1686261547195675,0.4772659954248526,0.5008710026741028
4730672387943135616,29,0,3.001,5.191720320291814,0.4772659954248526,0.7153112888336182
4730672387943135616,30,0,3.001,4.3837534467643415,0.4772659954248526,0.6418461203575134
4730672387943135616,31,0,3.001,9.595064874714048,0.4772659954248526,0.9820479154586792
4730672387943135616,69,0,3.001,4.061743502161778,0.4772659954248526,0.6087124943733215
4730672387943135616,97,0,3.001,2.222555885487951,0.4772659954248526,0.34685268998146057
4731400745677079808,2,2,1.69,1.7356226636764904,0.22788670461367352,0.23945531249046326
4731400745677079808,3,2,1.69,1.3321759620776996,0.22788670461367352,0.12456159293651581
4731400745677079808,4,2,1.69,3.016120621124179,0.22788670461367352,0.47944870591163635
4731400745677079808,29,2,1.69,1.7160429529310186,0.22788670461367352,0.23452815413475037
4731400745677079808,30,2,1.69,1.079627863106746,0.22788670461367352,0.0332740843296051
4731400745677079808,31,2,1.69,1.3467116640054204,0.22788670461367352,0.1292746216058731
4731400745677079808,69,2,1.69,2.688670575385842,0.22788670461367352,0.4295375943183899
4731400745677079808,97,2,1.69,1.25387862851602,0.22788670461367352,0.09825550019741058
6503059740071544064,28,0,1.226,1.1187494045513282,0.08849047018239622,0.04873281717300415
6503059740071544064,68,0,1.226,2.8654335055678875,0.08849047018239622,0.4571903347969055
6503059740071544064,95,0,1.226,1.1233876853318392,0.08849047018239622,0.050529658794403076
6503059740071544064,96,0,1.226,1.2910818121313286,0.08849047018239622,0.11095376312732697
4814443246854579072,4,2,9.93,2.3434915446716142,0.9969492484953811,0.3698633909225464
4814443246854579072,5,2,9.93,3.5547877502565126,0.9969492484953811,0.5508136749267578
4737112944804903040,3,0,6.2,8.876250524416797,0.7923916894982539,0.9482295513153076
4737112944804903040,30,0,6.2,23.598953112098545,0.7923916894982539,1.3728927373886108
4737112944804903040,31,0,6.2,32.96298031766623,0.7923916894982539,1.5180264711380005
4736393250021662976,3,2,5.414,5.646291351520297,0.7335182514344876,0.7517632842063904
4736393250021662976,4,2,5.414,5.439688201862194,0.7335182514344876,0.7355740070343018
4736393250021662976,30,2,5.414,7.291548868943604,0.7335182514344876,0.8628197908401489
4736393250021662976,31,2,5.414,7.979464085457321,0.7335182514344876,0.9019737243652344
4736393250021662976,97,2,5.414,6.419256743196814,0.7335182514344876,0.8074847459793091
6521645472311223168,1,4,0.91,2.680152862595878,-0.040958607678906384,0.42815956473350525
6521645472311223168,2,4,0.91,1.802367597504784,-0.040958607678906384,0.2558433711528778
6521645472311223168,28,4,0.91,0.7604527297390747,-0.040958607678906384,-0.11892777681350708
6521645472311223168,29,4,0.91,1.0608539491906135,-0.040958607678906384,0.025655597448349
6521645472311223168,68,4,0.91,1.4057868001686247,-0.040958607678906384,0.1479194611310959
6521645472311223168,69,4,0.91,0.8086731947152471,-0.040958607678906384,-0.09222695231437683
6521645472311223168,95,4,0.91,0.5982980354214471,-0.040958607678906384,-0.22308242321014404
6521645472311223168,96,4,0.91,0.9828417263220128,-0.040958607678906384,-0.007516413927078247
6472232212871226240,13,4,0.57,0.8102251031462714,-0.24412514432750865,-0.09139430522918701
4714952567121408256,2,2,1.601,2.0981229213359747,0.20439133191929973,0.3218309283256531
4714952567121408256,3,2,1.601,1.6006518172341557,0.20439133191929973,0.20429687201976776
4714952567121408256,29,2,1.601,1.6562596245821417,0.20439133191929973,0.21912841498851776
4714952567121408256,69,2,1.601,1.6281241012607932,0.20439133191929973,0.21168750524520874
4714952567121408256,96,2,1.601,1.2341704881861355,0.20439133191929973,0.09137515723705292
4742436853122727040,2,0,0.16,0.16626807306720592,-0.7958800173440752,-0.7791911363601685
4742436853122727040,3,0,0.16,0.20388131773121126,-0.7958800173440752,-0.6906225681304932
4742436853122727040,29,0,0.16,0.2130596574871643,-0.7958800173440752,-0.6714987754821777
4742436853122727040,30,0,0.16,0.17388801943819945,-0.7958800173440752,-0.759730339050293
4742436853122727040,69,0,0.16,0.2915857285641905,-0.7958800173440752,-0.535233736038208
4742436853122727040,96,0,0.16,0.24275993708161336,-0.7958800173440752,-0.6148229837417603
4742436853122727040,97,0,0.16,0.34322016602840605,-0.7958800173440752,-0.4644272029399872
4738200056863233536,2,3,1.281,1.5120201427867555,0.10754912974468628,0.17955757677555084
4738200056863233536,3,3,1.281,1.5853743724579201,0.10754912974468628,0.2001318335533142
4738200056863233536,29,3,1.281,1.6256862845661488,0.10754912974468628,0.21103674173355103
4738200056863233536,69,3,1.281,1.364337648965447,0.10754912974468628,0.1349218636751175
4738200056863233536,96,3,1.281,1.1233460577513597,0.10754912974468628,0.05051356554031372
4738200056863233536,97,3,1.281,1.1546594008954139,0.10754912974468628,0.062453895807266235
4741424615230777216,2,1,0.568,0.5796145085094859,-0.24565166428898116,-0.2368607521057129
4741424615230777216,3,1,0.568,0.568160534619507,-0.24565166428898116,-0.2455289363861084
4741424615230777216,29,1,0.568,1.1063622798008153,-0.24565166428898116,0.0438973605632782
4741424615230777216,30,1,0.568,0.6045647494401776,-0.24565166428898116,-0.2185571789741516
4741424615230777216,97,1,0.568,2.3189108652978403,-0.24565166428898116,0.3652840554714203
4741424237273655040,2,4,0.223,0.4712356069003699,-0.6516951369518393,-0.3267619013786316
4741424237273655040,3,4,0.223,0.45519860204047874,-0.6516951369518393,-0.3417990803718567
4741424237273655040,29,4,0.223,0.5007868429416733,-0.6516951369518393,-0.30034708976745605
4741424237273655040,30,4,0.223,0.5092940536408634,-0.6516951369518393,-0.29303139448165894
4741424237273655040,96,4,0.223,0.5172244842701365,-0.6516951369518393,-0.28632092475891113
4741424237273655040,97,4,0.223,0.5027636396567854,-0.6516951369518393,-0.29863613843917847
4726518501732727936,2,0,7.183,7.0469218228059,0.856305866433299,0.8479994535446167
4726518501732727936,3,0,7.183,8.195429437130395,0.856305866433299,0.9135717153549194
4726518501732727936,29,0,7.183,6.632036821608366,0.856305866433299,0.8216469287872314
4726518501732727936,30,0,7.183,4.963212531739777,0.856305866433299,0.6957628726959229
4726518501732727936,69,0,7.183,7.060550566740819,0.856305866433299,0.8488385677337646
4726518501732727936,96,0,7.183,6.9411834894937305,0.856305866433299,0.8414335250854492
4726518501732727936,97,0,7.183,6.970223410430267,0.856305866433299,0.8432466983795166
4727935836644070656,2,1,10.274,8.279104286215238,1.0117395613883184,0.91798335313797
4727935836644070656,3,1,10.274,7.006593252398593,1.0117395613883184,0.8455069065093994
4727935836644070656,29,1,10.274,5.446846529355471,1.0117395613883184,0.7361451387405396
4727935836644070656,30,1,10.274,6.431023704220488,1.0117395613883184,0.8082801103591919
4727935836644070656,96,1,10.274,6.282506636470232,1.0117395613883184,0.7981329560279846
4727935836644070656,97,1,10.274,7.768101240526206,1.0117395613883184,0.8903148770332336
6050206772159097088,91,2,10.58,2.023709088067858,1.024485667699167,0.30614808201789856
6052226540660625024,91,3,8.8925,8.205468616789132,0.949023873857818,0.9141033887863159
6050204641855013376,91,0,7.092,3.5861995511935314,0.8507687269288802,0.5546344518661499
6051788728874166528,91,1,0.47615,0.605412168788851,-0.32225621133385873,-0.21794885396957397
6052043815573779072,91,1,2.9594,4.163666734671288,0.47120366947025244,0.6194759607315063
6245316377520263296,91,3,2.83625,2.837803801081092,0.4527445088929924,0.4529823660850525
6050232400229317248,91,3,4.228,4.8487512466690275,0.6261349786353886,0.6856299042701721
6051735162041951616,91,3,4.08835,4.772470397158219,0.6115480682817583,0.6787432432174683
6052205478141290240,91,0,2.44325,2.3377914508063142,0.3879679074423323,0.36880576610565186
6050205878805898240,91,1,12.253,3.4807141235130166,1.088242433511572,0.5416683554649353
6052217985085648256,91,1,4.22375,4.811319624274731,0.6256982047829527,0.6822642087936401
6245253606576210944,91,2,4.371,4.814605219265173,0.6405808064896527,0.6825606822967529
685428818543665152,44,3,6.893,7.855663064979604,0.8384082784941868,0.8951828479766846
685428818543665152,45,3,6.893,7.554063358014958,0.8384082784941868,0.8781806230545044
685428818543665152,46,3,6.893,9.291095643480237,0.8384082784941868,0.968066930770874
6051847312228778752,91,0,4.81095,5.358317008708899,0.6822308433218253,0.7290284037590027
6244914750835629312,91,0,3.8153,3.1870981497405646,0.5815286925457093,0.5033954381942749
6051728977289000064,91,2,0.532,0.527430302732062,-0.2740883677049518,-0.2778349220752716
6049456183673228672,91,0,2.85495,3.558828194518699,0.45559850665743823,0.5513070225715637
6049456183673228416,91,4,2.856,2.811709041534052,0.4557582031041368,0.44897037744522095
6051726499090111616,91,1,1.7547,2.002747945312833,0.2442028760829847,0.3016262948513031
6051739903685831040,91,4,4.00405,4.882122878385912,0.6024994920311859,0.688608705997467
6052165620844261760,91,4,2.7987,4.441025728834538,0.4469563477954599,0.6474832892417908
6050957498083223936,91,4,0.72045,0.48470765586925174,-0.14239615430535657,-0.31452012062072754
6050959108694352512,91,0,5.9116,3.9241213601182134,0.7717050404629174,0.5937424302101135
6050945025498155136,91,2,5.306,3.0228058083058142,0.7247672456463103,0.48041024804115295
6050956604730019072,91,3,6.8251,6.785998808706719,0.8341090189552888,0.8316137790679932
6050939459221779968,91,1,7.79585,6.3001045743570625,0.8918634742630541,0.7993477582931519
6051951353517249408,91,4,1.8488,1.9626102980303461,0.2668899324710529,0.29283407330513
6050978698041931776,91,1,9.73325,9.310550609786274,0.9882578784381647,0.9689753651618958
6050996118429316352,91,2,3.08515,3.8079508795002757,0.489276284281288,0.5806913375854492
6051764573978499200,91,0,2.8179,2.623570873650972,0.4499255770562401,0.4188928008079529
6051764573978499712,91,1,24.0913,3.6391527706406133,1.3818602357639458,0.5610002875328064
6051937300384164992,91,3,1.3763,1.3966193283361243,0.13871310987601176,0.14507804811000824
6051938674773689088,91,3,2.01125,2.2283852463546965,0.30346605710708596,0.3479902744293213
6244944678168071296,91,1,2.367,4.629444622977367,0.37419825792908273,0.6655288934707642
662172429630090880,44,3,12.3886,14.256789586060693,1.0930222307805648,1.1540217399597168
662172429630090880,45,3,12.3886,12.76332494438626,1.0930222307805648,1.1059638261795044
662172429630090880,46,3,12.3886,8.674252586145125,1.0930222307805648,0.9382320642471313
6051097681519794944,91,3,4.15015,4.9199257280211395,0.618063793819324,0.6919585466384888
6051921597984230656,91,4,3.0353,3.3747821789978136,0.48220162190409455,0.528245747089386
6045982792082523136,91,0,1.35025,7.485535505277699,0.13041418595323112,0.8742228746414185
6043990236502849536,39,4,5.903,4.516271377112045,0.7710727832211947,0.6547800302505493
6043990236502849536,91,4,5.903,6.085909367295769,0.7710727832211947,0.7843254804611206
6044045727482009472,91,4,0.40495,2.1132109725180723,-0.3925985966979748,0.32494285702705383
659151177834641152,45,3,19.29185,21.990903630691292,1.285373876491316,1.3422430753707886
659151177834641152,46,3,19.29185,6.574242236291825,1.285373876491316,0.8178457021713257
659151177834641152,71,3,19.29185,17.131331259923414,1.285373876491316,1.2337911128997803
659151177834641152,72,3,19.29185,19.399835486585335,1.285373876491316,1.2877980470657349
658776313088864896,45,0,9.0389,5.486142838702271,0.9561155816924525,0.739267110824585
658776313088864896,46,0,9.0389,7.237544477509886,0.9561155816924525,0.8595912456512451
651837948040931840,72,0,20.419,19.744956034163266,1.3100344691359895,1.2954561710357666
6044734537153386368,91,1,2.1038,1.747652070525002,0.3230044507740414,0.24245497584342957
659086512807199232,44,4,23.67435,13.568732238559464,1.3742780639038863,1.1325392723083496
659086512807199232,45,4,23.67435,14.970127398793196,1.3742780639038863,1.1752254962921143
659086512807199232,46,4,23.67435,6.6373618800830085,1.3742780639038863,0.8219954967498779
659086512807199232,71,4,23.67435,5.896429539673072,1.3742780639038863,0.7705891132354736
659086512807199232,72,4,23.67435,16.96152933370998,1.3742780639038863,1.2294650077819824
6044838303564444544,91,4,0.4401,0.33001556371039015,-0.3564486314370549,-0.48146557807922363
6044021602639044736,12,0,5.0628,7.353874813121943,0.7043907714295058,0.8665162324905396
6044021602639044736,91,0,5.0628,8.679146904017902,0.7043907714295058,0.9384770393371582
6044817687721168768,91,3,1.6111,1.9197777667179363,0.20712249765096397,0.28325095772743225
6044816725648477952,91,2,5.30935,5.799414677722282,0.7250413556026799,0.7633841633796692
6044636130868878208,91,0,1.603,1.471866852519236,0.20493352235414483,0.16786852478981018
658694566974774656,72,4,2.06095,1.1049082818806717,0.3140674556377768,0.043326228857040405
6032550707068257024,91,1,1.634,1.1958450506790474,0.21325205219639665,0.07767491042613983
6047081852736308736,91,0,11.191,8.441664339832771,1.0488688957399306,0.9264280796051025
4829047067669501056,3,4,0.41,0.6063680381410049,-0.38721614328026455,-0.21726369857788086
4829047067669501056,4,4,0.41,0.8938986530488237,-0.38721614328026455,-0.04871171712875366
4829047067669501056,30,4,0.41,0.6037532344257606,-0.38721614328026455,-0.21914052963256836
4829047067669501056,31,4,0.41,0.4843007024359104,-0.38721614328026455,-0.31488490104675293
4829047067669501056,97,4,0.41,0.8503500962566963,-0.38721614328026455,-0.07040223479270935
4909009394396454144,1,1,0.323,0.5909643257657727,-0.4907974776688971,-0.22843873500823975
4909009394396454144,2,1,0.323,0.3797396040716954,-0.4907974776688971,-0.4205141067504883
4909009394396454144,28,1,0.323,0.43212463998073464,-0.4907974776688971,-0.3643909692764282
4909009394396454144,29,1,0.323,0.327699838090388,-0.4907974776688971,-0.4845237731933594
4909009394396454144,68,1,0.323,0.2811915501521486,-0.4907974776688971,-0.5509977340698242
4909009394396454144,69,1,0.323,0.2864601869207874,-0.4907974776688971,-0.5429357290267944
4909009394396454144,95,1,0.323,0.2902853107637546,-0.4907974776688971,-0.5371749401092529
4909009394396454144,96,1,0.323,0.28307288869607133,-0.4907974776688971,-0.5481017231941223
6603693881832177792,28,0,2.358,2.6713592803212407,0.37254380075907034,0.42673230171203613
6603693881832177792,68,0,2.358,1.9837831762768545,0.37254380075907034,0.29749420285224915
6603693881832177792,96,0,2.358,1.5866942441885852,0.37254380075907034,0.2004932463169098
6574929244606066048,1,0,0.851,0.8920857682290383,-0.07007043991541213,-0.04959338903427124
6574929244606066048,68,0,0.851,0.8882308966471723,-0.07007043991541213,-0.05147412419319153
4727920241619206912,2,1,0.493,2.155031070413769,-0.30715308072277,0.33345353603363037
4727920241619206912,3,1,0.493,0.7188103494584862,-0.30715308072277,-0.14338567852973938
4727920241619206912,29,1,0.493,1.2900952174662959,-0.30715308072277,0.11062176525592804
4727920241619206912,30,1,0.493,0.5247650725860827,-0.30715308072277,-0.2800350785255432
4727920241619206912,69,1,0.493,0.5196518619071248,-0.30715308072277,-0.2842875123023987
4727920241619206912,96,1,0.493,0.5022497020089007,-0.30715308072277,-0.2990803122520447
4727920241619206912,97,1,0.493,2.5435178352785397,-0.30715308072277,0.405434787273407
6064353054428529152,65,0,0.452,0.5333284152127185,-0.3448615651886179,-0.27300527691841125
1818630234217334784,14,4,3.1,3.2250327812490216,0.4913616938342727,0.5085341334342957
1818630234217334784,41,4,3.1,4.892275233115224,0.4913616938342727,0.6895108819007874
1818630234217334784,55,4,3.1,4.548856543259304,0.4913616938342727,0.6579022407531738
658831872786248832,44,3,14.057067,4.226052605957807,1.1478947148094412,0.625934898853302
658831872786248832,45,3,14.057067,4.307480716934382,1.1478947148094412,0.6342233419418335
658831872786248832,46,3,14.057067,3.1905625890127847,1.1478947148094412,0.5038672685623169
659285833649720064,44,1,10.9042,4.366549499158975,1.0375938085364311,0.6401383876800537
659285833649720064,45,1,10.9042,4.6970240763906785,1.0375938085364311,0.6718227863311768
659285833649720064,46,1,10.9042,6.032171070620462,1.0375938085364311,0.7804736495018005
659285833649720064,72,1,10.9042,6.278192601328318,1.0375938085364311,0.7978346347808838
659343111333443968,44,0,1.246633,1.2916837039637843,0.09573861904901008,0.11115618050098419
659343111333443968,45,0,1.246633,1.3301171505434672,0.09573861904901008,0.12388989329338074
659343111333443968,46,0,1.246633,2.979736339009396,0.09573861904901008,0.47417783737182617
658033215026842368,44,3,15.46325,13.874452293556555,1.1893007773396655,1.1422158479690552
658033215026842368,45,3,15.46325,17.216013263628,1.1893007773396655,1.2359325885772705
658033215026842368,46,3,15.46325,14.613143931639451,1.1893007773396655,1.1647436618804932
658033215026842368,72,3,15.46325,14.88055005864152,1.1893007773396655,1.1726189851760864
659321499058103424,44,0,7.2541,5.220020743415404,0.8605835381687118,0.7176722288131714
659321499058103424,45,0,7.2541,3.5683697541164836,0.8605835381687118,0.5524698495864868
659321499058103424,46,0,7.2541,11.69533629733345,0.8605835381687118,1.0680127143859863
659228074929597440,44,2,16.062,5.945036753656618,1.2057996215705764,0.774154543876648
659228074929597440,45,2,16.062,0.9505437053943261,1.2057996215705764,-0.022027909755706787
659228074929597440,46,2,16.062,9.623451143759082,1.2057996215705764,0.9833308458328247
658054307610371072,44,4,1.44585,0.836318349960766,0.1601232393268618,-0.07762837409973145
658054307610371072,45,4,1.44585,1.0213084204169194,0.1601232393268618,0.009156912565231323
658054307610371072,46,4,1.44585,0.9537762427136025,0.1601232393268618,-0.020553499460220337
658054307610371072,72,4,1.44585,1.029696484904507,0.1601232393268618,0.012709230184555054
657982392677845120,44,1,0.467,1.0600662726737737,-0.33068311943388784,0.025333017110824585
657982392677845120,45,1,0.467,0.777606452220284,-0.33068311943388784,-0.10924014449119568
657982392677845120,46,1,0.467,1.0456740606311505,-0.33068311943388784,0.019396334886550903
657982392677845120,72,1,0.467,0.9900814972660281,-0.33068311943388784,-0.004329055547714233
603482040830711040,72,3,18.3,19.24573143631828,1.2624510897304295,1.284334421157837
658465872852222720,44,2,0.61455,0.8971840513827397,-0.21144277699117642,-0.04711845517158508
658465872852222720,45,2,0.61455,0.6606095211548605,-0.21144277699117642,-0.180055171251297
658465872852222720,46,2,0.61455,0.755056926301607,-0.21144277699117642,-0.12202030420303345
658465872852222720,72,2,0.61455,1.0124153606785218,-0.21144277699117642,0.0053587257862091064
659225291790784384,44,3,26.131,14.078819662549467,1.4171560299405614,1.1485662460327148
659225291790784384,45,3,26.131,13.953062281644584,1.4171560299405614,1.144669532775879
659225291790784384,46,3,26.131,15.607698642696258,1.4171560299405614,1.1933388710021973
659230166577197056,44,2,18.346467,15.048942055919355,1.263552444057752,1.1775059700012207
659230166577197056,45,2,18.346467,12.375025581787929,1.263552444057752,1.0925461053848267
659230166577197056,46,2,18.346467,13.623016751008919,1.263552444057752,1.1342732906341553
659230166577197056,72,2,18.346467,18.424795433262055,1.263552444057752,1.2654026746749878
659329126920001408,44,3,0.8985,18.299139498328593,-0.0464819185550074,1.2624306678771973
659329126920001408,45,3,0.8985,5.245940499683532,-0.0464819185550074,0.7198233604431152
659329126920001408,46,3,0.8985,2.3506683104671513,-0.0464819185550074,0.3711913526058197
659332764755294976,44,1,0.702233,1.4280037614539793,-0.15351876561240402,0.15472935140132904
659332764755294976,45,1,0.702233,0.8596562614284771,-0.15351876561240402,-0.06567516922950745
659332764755294976,46,1,0.702233,0.9764586467968754,-0.15351876561240402,-0.010346144437789917
659254394489166848,44,3,0.678,2.0295189176455293,-0.16877030613293661,0.3073931038379669
659254394489166848,45,3,0.678,1.095437908432737,-0.16877030613293661,0.03958776593208313
659254394489166848,46,3,0.678,1.4179550670845358,-0.16877030613293661,0.15166246891021729
658445218353519488,44,3,9.034,9.272026180651462,0.9558800862253755,0.9671746492385864
658445218353519488,45,3,9.034,8.594829024176908,0.9558800862253755,0.9342372417449951
658445218353519488,46,3,9.034,8.89085435122792,0.9558800862253755,0.9489434957504272
658445218353519488,72,3,9.034,8.280775898902023,0.9558800862253755,0.9180710315704346
658475424859524992,44,1,15.381,18.312299261349807,1.1869845721600618,1.2627428770065308
658475424859524992,45,1,15.381,13.496580552556937,1.1869845721600618,1.1302237510681152
658475424859524992,46,1,15.381,7.584214165724036,1.1869845721600618,0.8799105882644653
659253638574908672,44,4,9.006967,9.41604421727507,0.9545785715653231,0.9738684892654419
659253638574908672,45,4,9.006967,8.387030907557822,0.9545785715653231,0.9236082434654236
659253638574908672,46,4,9.006967,6.32906776286696,0.9545785715653231,0.8013397455215454
659284390540626816,44,1,18.648033,9.022808839481199,1.2706330290509813,0.9553417563438416
659284390540626816,45,1,18.648033,6.809026125379043,1.2706330290509813,0.8330850005149841
659284390540626816,46,1,18.648033,9.42036666961703,1.2706330290509813,0.9740678071975708
659380666527013248,44,4,0.558033,1.451235933207757,-0.25334011773960374,0.16173802316188812
659380666527013248,45,4,0.558033,2.126884993821926,-0.25334011773960374,0.3277440071105957
659380666527013248,46,4,0.558033,5.872767617324336,-0.25334011773960374,0.7688428163528442
659373141744409984,44,0,16.862233,12.600528626464602,1.2269150860279396,1.100388765335083
659373141744409984,45,0,16.862233,17.28805910699591,1.2269150860279396,1.237746238708496
659373141744409984,46,0,16.862233,18.539636522482557,1.2269150860279396,1.2681012153625488
3213122208743219200,5,2,4.3,6.2218025622327024,0.6334684555795865,0.7939162254333496
3213122208743219200,32,2,4.3,7.614040137903618,0.6334684555795865,0.881615161895752
658506344327926784,44,4,1.190433,1.0030763287143225,0.07570495744849047,0.0013339817523956299
658506344327926784,45,4,1.190433,1.0265843043032885,0.07570495744849047,0.011394619941711426
658506344327926784,46,4,1.190433,1.3318087445423468,0.07570495744849047,0.12444186210632324
659370461684793216,44,2,1.33055,2.0783385849555325,0.1240311993053612,0.3177163004875183
659370461684793216,45,2,1.33055,26.38552488091804,0.1240311993053612,1.421365737915039
659370461684793216,46,2,1.33055,3.7917174233691817,0.1240311993053612,0.5788359642028809
658399588621005312,44,4,1.837,1.1844897307127777,0.26410915630580833,0.07353129982948303
658399588621005312,45,4,1.837,0.7349492308213833,0.26410915630580833,-0.13374266028404236
658399588621005312,46,4,1.837,0.8411098115288118,0.26410915630580833,-0.07514730095863342
658399588621005312,72,4,1.837,0.9962429319186359,0.26410915630580833,-0.001634746789932251
4808702322985185280,32,1,5.4,3.2763660921769313,0.7323937598229685,0.5153924226760864
4808702322985185280,33,1,5.4,3.3619259384497484,0.7323937598229685,0.5265881419181824
4808702322985185280,87,1,5.4,5.069668923682725,0.7323937598229685,0.7049795985221863
4808702322985185280,98,1,5.4,7.801674625481633,0.7323937598229685,0.8921878337860107
3546082474555658240,9,0,0.13,0.3494176395039039,-0.8860566476931632,-0.4566551744937897
4773708200768145664,4,1,2.21,2.365742644890647,0.3443922736851107,0.3739674985408783
4773708200768145664,5,1,2.21,1.745990897592489,0.3443922736851107,0.24204197525978088
4773708200768145664,6,1,2.21,1.030926141209071,0.3443922736851107,0.01322755217552185
4773708200768145664,31,1,2.21,2.042454458500348,0.3443922736851107,0.3101523816585541
4773708200768145664,32,1,2.21,2.313936260778513,0.3443922736851107,0.36435139179229736
4773708200768145664,33,1,2.21,1.668603596336604,0.3443922736851107,0.22235317528247833
4773708200768145664,87,1,2.21,2.2432883100751484,0.3443922736851107,0.3508850932121277
4773708200768145664,98,1,2.21,3.3699024963502877,0.3443922736851107,0.527617335319519
3541351963215841408,9,2,2.12,2.0317852763151865,0.32633586092875144,0.3078778088092804
6446274293824799488,13,3,92.7055,50.49996283927209,1.9671055005823985,1.7032910585403442
6446274293824799488,27,3,92.7055,42.54479221445913,1.9671055005823985,1.6288464069366455
6446274293824799488,67,3,92.7055,93.51244707585677,1.9671055005823985,1.9708694219589233
6446274293824799488,94,3,92.7055,102.69723978549447,1.9671055005823985,2.011558771133423
4743833232890124160,2,3,0.7,0.6146470570833447,-0.1549019599857432,-0.2113741934299469
4743833232890124160,3,3,0.7,0.7374405950946482,-0.1549019599857432,-0.13227295875549316
4743833232890124160,29,3,0.7,0.7832242922104706,-0.1549019599857432,-0.10611385107040405
4743833232890124160,30,3,0.7,0.8136852600373307,-0.1549019599857432,-0.08954355120658875
4743833232890124160,69,3,0.7,0.8709470894741268,-0.1549019599857432,-0.060008227825164795
4743833232890124160,97,3,0.7,0.5166748097829896,-0.1549019599857432,-0.28678271174430847
4776266794388393472,2,1,0.4276,0.616856069342857,-0.3689623034632596,-0.20981615781784058
4776266794388393472,3,1,0.4276,0.4149742896329446,-0.3689623034632596,-0.3819788098335266
4776266794388393472,4,1,0.4276,0.6741838678222611,-0.3689623034632596,-0.17122164368629456
4776266794388393472,5,1,0.4276,0.6124701637972636,-0.3689623034632596,-0.2129150629043579
4776266794388393472,6,1,0.4276,0.5003446208965611,-0.3689623034632596,-0.30073076486587524
4776266794388393472,9,1,0.4276,0.549183202259064,-0.3689623034632596,-0.2602827548980713
4776266794388393472,10,1,0.4276,0.5242038951164384,-0.3689623034632596,-0.28049975633621216
4776266794388393472,12,1,0.4276,0.6238403329216461,-0.3689623034632596,-0.20492655038833618
4776266794388393472,13,1,0.4276,0.6253640652986641,-0.3689623034632596,-0.2038670778274536
4776266794388393472,29,1,0.4276,0.6574962295434019,-0.3689623034632596,-0.18210673332214355
4776266794388393472,30,1,0.4276,0.6397266616820346,-0.3689623034632596,-0.19400554895401
4776266794388393472,31,1,0.4276,0.6174588060830205,-0.3689623034632596,-0.2093920111656189
4776266794388393472,32,1,0.4276,0.7238476763773106,-0.3689623034632596,-0.14035281538963318
4776266794388393472,33,1,0.4276,0.5918670027562307,-0.3689623034632596,-0.22777587175369263
4776266794388393472,36,1,0.4276,0.6057603314130274,-0.3689623034632596,-0.21769917011260986
4776266794388393472,39,1,0.4276,0.7979447658378948,-0.3689623034632596,-0.09802716970443726
4776266794388393472,63,1,0.4276,0.5855597421342373,-0.3689623034632596,-0.23242878913879395
4776266794388393472,64,1,0.4276,0.5802090446846353,-0.3689623034632596,-0.23641550540924072
4776266794388393472,65,1,0.4276,0.6016096806755773,-0.3689623034632596,-0.2206851840019226
4776266794388393472,66,1,0.4276,0.48316165706117836,-0.3689623034632596,-0.3159075379371643
4776266794388393472,67,1,0.4276,0.5004202319275056,-0.3689623034632596,-0.30066514015197754
4776266794388393472,69,1,0.4276,0.41336053849229715,-0.3689623034632596,-0.38367098569869995
4776266794388393472,87,1,0.4276,0.5093820627550951,-0.3689623034632596,-0.2929563522338867
4776266794388393472,90,1,0.4276,0.511258399583842,-0.3689623034632596,-0.291359543800354
4776266794388393472,93,1,0.4276,0.484827280041381,-0.3689623034632596,-0.3144129514694214
4776266794388393472,94,1,0.4276,0.46894389037271794,-0.3689623034632596,-0.32887911796569824
4776266794388393472,96,1,0.4276,0.6012764468708439,-0.3689623034632596,-0.22092580795288086
4776266794388393472,97,1,0.4276,1.2731603489008367,-0.3689623034632596,0.1048831045627594
4776266794388393472,98,1,0.4276,1.2970624152316177,-0.3689623034632596,0.11296087503433228
4776266798684508928,2,4,0.4276,0.5333592684441288,-0.3689623034632596,-0.2729801535606384
4776266798684508928,3,4,0.4276,0.5724795642358159,-0.3689623034632596,-0.24224001169204712
4776266798684508928,4,4,0.4276,0.5844096442991636,-0.3689623034632596,-0.23328262567520142
4776266798684508928,5,4,0.4276,0.6745450558692939,-0.3689623034632596,-0.1709890365600586
4776266798684508928,6,4,0.4276,0.6078145577726815,-0.3689623034632596,-0.2162289023399353
4776266798684508928,9,4,0.4276,0.5783896353917539,-0.3689623034632596,-0.23777949810028076
4776266798684508928,10,4,0.4276,0.5867862698446847,-0.3689623034632596,-0.23152005672454834
4776266798684508928,12,4,0.4276,0.5831009278052485,-0.3689623034632596,-0.23425626754760742
4776266798684508928,13,4,0.4276,0.6041609700816772,-0.3689623034632596,-0.2188473343849182
4776266798684508928,29,4,0.4276,0.45902378912136915,-0.3689623034632596,-0.3381648063659668
4776266798684508928,30,4,0.4276,0.6207461475531939,-0.3689623034632596,-0.2070859670639038
4776266798684508928,31,4,0.4276,0.5868102692721506,-0.3689623034632596,-0.23150229454040527
4776266798684508928,32,4,0.4276,1.354598826173371,-0.3689623034632596,0.13181069493293762
4776266798684508928,33,4,0.4276,0.5677696921346573,-0.3689623034632596,-0.2458277940750122
4776266798684508928,36,4,0.4276,0.6192909505795727,-0.3689623034632596,-0.20810526609420776
4776266798684508928,39,4,0.4276,0.4959355175400768,-0.3689623034632596,-0.30457478761672974
4776266798684508928,63,4,0.4276,0.5558337713092127,-0.3689623034632596,-0.2550550699234009
4776266798684508928,64,4,0.4276,0.5123051765801415,-0.3689623034632596,-0.29047125577926636
4776266798684508928,65,4,0.4276,0.5521302327037273,-0.3689623034632596,-0.25795847177505493
4776266798684508928,66,4,0.4276,0.48941737599367896,-0.3689623034632596,-0.3103206157684326
4776266798684508928,67,4,0.4276,0.5186697232292489,-0.3689623034632596,-0.28510910272598267
4776266798684508928,69,4,0.4276,0.47350583380103534,-0.3689623034632596,-0.32467466592788696
4776266798684508928,87,4,0.4276,0.6545692196763335,-0.3689623034632596,-0.18404442071914673
4776266798684508928,90,4,0.4276,0.43572273815793106,-0.3689623034632596,-0.36078977584838867
4776266798684508928,93,4,0.4276,0.5095916961267835,-0.3689623034632596,-0.2927776575088501
4776266798684508928,94,4,0.4276,0.4767442673557901,-0.3689623034632596,-0.32171452045440674
4776266798684508928,96,4,0.4276,0.42738445780586765,-0.3689623034632596,-0.3691812753677368
4776266798684508928,97,4,0.4276,0.5390735555748453,-0.3689623034632596,-0.2683519721031189
4764027962957023104,2,1,8.6645,6.57741451680681,0.9377435060567147,0.8180552124977112
4764027962957023104,3,1,8.6645,5.925250929085265,0.9377435060567147,0.7727067470550537
4764027962957023104,4,1,8.6645,4.818527881153995,0.9377435060567147,0.6829143762588501
4764027962957023104,5,1,8.6645,5.869085321972797,0.9377435060567147,0.7685704231262207
4764027962957023104,6,1,8.6645,5.555604321106736,0.9377435060567147,0.7447313070297241
4764027962957023104,7,1,8.6645,6.0633907798033615,0.9377435060567147,0.7827155590057373
4764027962957023104,8,1,8.6645,5.103088631170295,0.9377435060567147,0.7078331112861633
4764027962957023104,9,1,8.6645,5.77710216292544,0.9377435060567147,0.7617100477218628
4764027962957023104,10,1,8.6645,6.300153859963584,0.9377435060567147,0.799351155757904
4764027962957023104,12,1,8.6645,6.484007588395876,0.9377435060567147,0.8118435144424438
4764027962957023104,13,1,8.6645,5.938842215478465,0.9377435060567147,0.7737017869949341
4764027962957023104,27,1,8.6645,5.6841292442747635,0.9377435060567147,0.7546639442443848
4764027962957023104,28,1,8.6645,6.0061448958175765,0.9377435060567147,0.7785958051681519
4764027962957023104,29,1,8.6645,5.967621926716533,0.9377435060567147,0.7758013010025024
4764027962957023104,30,1,8.6645,6.101945718217479,0.9377435060567147,0.785468339920044
4764027962957023104,31,1,8.6645,6.174880431066347,0.9377435060567147,0.7906285524368286
4764027962957023104,32,1,8.6645,6.6490185124661965,0.9377435060567147,0.8227575421333313
4764027962957023104,33,1,8.6645,5.7079671978650754,0.9377435060567147,0.7564814686775208
4764027962957023104,34,1,8.6645,5.932361017788912,0.9377435060567147,0.7732275724411011
4764027962957023104,35,1,8.6645,5.432170974168761,0.9377435060567147,0.7349734306335449
4764027962957023104,36,1,8.6645,4.949956889781796,0.9377435060567147,0.6946014165878296
4764027962957023104,37,1,8.6645,5.444212795950881,0.9377435060567147,0.7359350919723511
4764027962957023104,38,1,8.6645,6.526071789317906,0.9377435060567147,0.8146518468856812
4764027962957023104,39,1,8.6645,6.037341764730652,0.9377435060567147,0.7808457612991333
4764027962957023104,62,1,8.6645,6.671194617376795,0.9377435060567147,0.824203610420227
4764027962957023104,63,1,8.6645,6.701359772409057,0.9377435060567147,0.8261629343032837
4764027962957023104,64,1,8.6645,6.716717462640325,0.9377435060567147,0.8271570801734924
4764027962957023104,65,1,8.6645,6.171499951345065,0.9377435060567147,0.7903907299041748
4764027962957023104,66,1,8.6645,5.27219445225325,0.9377435060567147,0.7219914197921753
4764027962957023104,67,1,8.6645,6.363271007166909,0.9377435060567147,0.803680419921875
4764027962957023104,68,1,8.6645,6.750283923779528,0.9377435060567147,0.8293220400810242
4764027962957023104,69,1,8.6645,7.164190912792698,0.9377435060567147,0.8551671504974365
4764027962957023104,87,1,8.6645,5.882586529084715,0.9377435060567147,0.7695683240890503
4764027962957023104,89,1,8.6645,5.995629296938356,0.9377435060567147,0.7778347730636597
4764027962957023104,90,1,8.6645,6.033315314696716,0.9377435060567147,0.7805560231208801
4764027962957023104,93,1,8.6645,5.043338737787002,0.9377435060567147,0.7027181386947632
4764027962957023104,94,1,8.6645,5.136124504186621,0.9377435060567147,0.7106355428695679
4764027962957023104,95,1,8.6645,5.642028555045833,0.9377435060567147,0.7514352798461914
4764027962957023104,96,1,8.6645,5.455348329158605,0.9377435060567147,0.7368224859237671
4764027962957023104,97,1,8.6645,6.895220889714421,0.9377435060567147,0.8385481834411621
4764027962957023104,98,1,8.6645,6.436860498287388,0.9377435060567147,0.8086740970611572
4696042268497964032,1,3,1.289,1.507982285628986,0.110252917353403,0.17839623987674713
4696042268497964032,2,3,1.289,1.3863015172617568,0.110252917353403,0.14185769855976105
4696042268497964032,3,3,1.289,1.7417096873147224,0.110252917353403,0.2409757673740387
4696042268497964032,28,3,1.289,1.373779438556769,0.110252917353403,0.13791701197624207
4696042268497964032,29,3,1.289,1.447632268561259,0.110252917353403,0.16065825521945953
4696042268497964032,30,3,1.289,1.4586470057631868,0.110252917353403,0.16395020484924316
4696042268497964032,68,3,1.289,1.1892288934666517,0.110252917353403,0.07526545226573944
4696042268497964032,69,3,1.289,1.3813657321092325,0.110252917353403,0.140308678150177
4696042268497964032,95,3,1.289,1.3044401007002075,0.110252917353403,0.11542414128780365
4696042268497964032,96,3,1.289,1.3918541017777573,0.110252917353403,0.1435937136411667
4696042268497964032,97,3,1.289,1.6611610815077031,0.110252917353403,0.2204117476940155
4721078629298085760,1,3,0.595,0.8988722631689506,-0.22548303427145044,-0.04630202054977417
4721078629298085760,2,3,0.595,0.5404002201601509,-0.22548303427145044,-0.26728448271751404
4721078629298085760,3,3,0.595,0.7018040561817114,-0.22548303427145044,-0.1537841260433197
4721078629298085760,28,3,0.595,0.6670364689798955,-0.22548303427145044,-0.17585042119026184
4721078629298085760,30,3,0.595,0.706953234052553,-0.22548303427145044,-0.1506093144416809
4721078629298085760,68,3,0.595,0.44996838377576664,-0.22548303427145044,-0.3468180000782013
4721078629298085760,97,3,0.595,0.5444176557370354,-0.22548303427145044,-0.26406779885292053
4721962812741729792,2,3,0.97,0.9578285489120758,-0.01322826573375516,-0.018712222576141357
4721962812741729792,3,3,0.97,1.0039628825953113,-0.01322826573375516,0.0017176568508148193
4721962812741729792,28,3,0.97,1.0525738819952026,-0.01322826573375516,0.022252589464187622
4721962812741729792,29,3,0.97,1.1408719693521392,-0.01322826573375516,0.05723690986633301
4721962812741729792,30,3,0.97,1.0157320683701663,-0.01322826573375516,0.00677916407585144
4721962812741729792,68,3,0.97,1.0456672437719854,-0.01322826573375516,0.019393503665924072
4721962812741729792,69,3,0.97,0.9868505789370645,-0.01322826573375516,-0.0057485997676849365
4721962812741729792,95,3,0.97,1.014164914884609,-0.01322826573375516,0.006108582019805908
4721962812741729792,96,3,0.97,1.1620495518159955,-0.01322826573375516,0.06522464752197266
4721962812741729792,97,3,0.97,0.9942247376783254,-0.01322826573375516,-0.002515435218811035
6246938127111232640,91,1,0.38295,0.3610040256857201,-0.41685792614006845,-0.4424879550933838
4803022688295732992,5,0,5.389,4.4319052934621554,0.7315081835960254,0.6465904712677002
4803022688295732992,6,0,5.389,5.854128533225291,0.7315081835960254,0.7674622535705566
4803022688295732992,33,0,5.389,5.1096434185570265,0.7315081835960254,0.7083905935287476
6237029328322362880,91,0,0.404,0.5389978372206996,-0.393618634889395,-0.2684129774570465
6237359937724828672,91,0,3.00805,2.5963845543286466,0.47828505085033013,0.41436901688575745
6237403127916146432,91,3,1.386,1.1786880596384957,0.1417632302757879,0.07139888405799866
6237359353609252352,91,0,0.8346,0.9601619211129068,-0.07852161962430995,-0.017655521631240845
6237347843096792192,91,2,1.805,1.0904265928848313,0.2564772062416767,0.037596434354782104
6237048805996330624,91,2,1.4937,1.226220361996799,0.17426338099512195,0.08856852352619171
928827570144344448,20,3,3.22,3.5939406459163457,0.5078558716958309,0.5555709004402161
928827570144344448,47,3,3.22,2.3649398331621168,0.5078558716958309,0.37382009625434875
928827570144344448,60,3,3.22,3.6020385546727045,0.5078558716958309,0.5565483570098877
5590172614629134336,33,1,0.7,1.0259936381436754,-0.1549019599857432,0.011144667863845825
5590172614629134336,34,1,0.7,1.0257768805734913,-0.1549019599857432,0.011052906513214111
5590172614629134336,61,1,0.7,0.8993692551205053,-0.1549019599857432,-0.046061962842941284
5590172614629134336,87,1,0.7,1.2630273160336825,-0.1549019599857432,0.10141274333000183
5590172614629134336,88,1,0.7,1.1446273353736194,-0.1549019599857432,0.05866411328315735
6131349562059299712,10,2,2.3365,2.3631016647497565,0.36856578536033213,0.3734824061393738
6131349562059299712,37,2,2.3365,2.4700152184016773,0.36856578536033213,0.39269962906837463
6131349562059299712,64,2,2.3365,2.0370267727989546,0.36856578536033213,0.3089967370033264
6131349562059299712,99,2,2.3365,2.6536163756461657,0.36856578536033213,0.42383813858032227
4941694920153720448,2,3,1.024,1.0320730536063363,0.010299956639811961,0.013710439205169678
4941694920153720448,3,3,1.024,1.3717311633945095,0.010299956639811961,0.1372690051794052
4941694920153720448,29,3,1.024,1.2760628049968241,0.010299956639811961,0.10587204992771149
4941694920153720448,30,3,1.024,0.8585413936671904,0.010299956639811961,-0.06623876094818115
4941694920153720448,69,3,1.024,1.0493458935518791,0.010299956639811961,0.020918667316436768
4941694920153720448,96,3,1.024,0.8167859197490198,0.010299956639811961,-0.08789175748825073
4941706632527781504,2,0,4.5,3.3914254554386445,0.6532125137753437,0.5303822755813599
4941706632527781504,3,0,4.5,2.5699387843331705,0.6532125137753437,0.4099227786064148
4941706632527781504,29,0,4.5,4.748562193222958,0.6532125137753437,0.6765621304512024
4941706632527781504,30,0,4.5,6.014900518576596,0.6532125137753437,0.7792284488677979
4941706632527781504,69,0,4.5,3.9215796177148183,0.6532125137753437,0.5934610366821289
4941706632527781504,96,0,4.5,4.421611588129945,0.6532125137753437,0.6455805897712708
2293493127108770688,14,0,0.861,1.5979127083762439,-0.06499684854634524,0.20355305075645447
2293493127108770688,15,0,0.861,1.3372755270879526,-0.06499684854634524,0.12622089684009552
2293493127108770688,16,0,0.861,1.9926207490263341,-0.06499684854634524,0.2994246482849121
2293493127108770688,17,0,0.861,1.0388819888424143,-0.06499684854634524,0.016566216945648193
2293493127108770688,18,0,0.861,1.0497509481655478,-0.06499684854634524,0.021086275577545166
2293493127108770688,19,0,0.861,1.1503466062241277,-0.06499684854634524,0.060828715562820435
2293493127108770688,20,0,0.861,1.173844087704281,-0.06499684854634524,0.06961041688919067
2293493127108770688,21,0,0.861,3.436159125819333,-0.06499684854634524,0.5360732674598694
2293493127108770688,22,0,0.861,1.2236502061878214,-0.06499684854634524,0.08765728771686554
2293493127108770688,23,0,0.861,0.9928856801996145,-0.06499684854634524,-0.003100752830505371
2293493127108770688,24,0,0.861,1.0094530784747031,-0.06499684854634524,0.004086136817932129
2293493127108770688,25,0,0.861,1.0849623455856758,-0.06499684854634524,0.035414665937423706
2293493127108770688,26,0,0.861,1.1805942648303949,-0.06499684854634524,0.0721006691455841
2293493127108770688,40,0,0.861,0.8598778036591671,-0.06499684854634524,-0.06556326150894165
2293493127108770688,47,0,0.861,0.6661060827583482,-0.06499684854634524,-0.17645660042762756
2293493127108770688,48,0,0.861,2.841196195885106,-0.06499684854634524,0.45350122451782227
2293493127108770688,50,0,0.861,0.38062530001259104,-0.06499684854634524,-0.4195023477077484
2293493127108770688,51,0,0.861,3.995223705947794,-0.06499684854634524,0.6015411019325256
2293493127108770688,52,0,0.861,0.9171017309339328,-0.06499684854634524,-0.03758248686790466
2293493127108770688,53,0,0.861,1.1570587636334242,-0.06499684854634524,0.06335541605949402
2293493127108770688,54,0,0.861,0.8089709143971124,-0.06499684854634524,-0.09206709265708923
2293493127108770688,55,0,0.861,0.8053967683829688,-0.06499684854634524,-0.09399011731147766
2293493127108770688,57,0,0.861,0.7864112744353202,-0.06499684854634524,-0.1043502688407898
2293493127108770688,58,0,0.861,0.897358241072416,-0.06499684854634524,-0.04703414440155029
2293493127108770688,59,0,0.861,0.8971734003709071,-0.06499684854634524,-0.047123610973358154
2293493127108770688,60,0,0.861,0.8055859185276255,-0.06499684854634524,-0.09388813376426697
2293493127108770688,73,0,0.861,0.6349174139269413,-0.06499684854634524,-0.19728276133537292
2293493127108770688,74,0,0.861,0.5801352715733841,-0.06499684854634524,-0.23647072911262512
2293493127108770688,75,0,0.861,0.9912175231267734,-0.06499684854634524,-0.003831028938293457
2293493127108770688,76,0,0.861,1.0267409896347084,-0.06499684854634524,0.01146090030670166
2293493127108770688,78,0,0.861,1.4925620273372024,-0.06499684854634524,0.17393238842487335
2293493127108770688,79,0,0.861,2.466780767356616,-0.06499684854634524,0.3921305537223816
2293493127108770688,80,0,0.861,0.7021769576501046,-0.06499684854634524,-0.15355342626571655
2293493127108770688,81,0,0.861,0.7519780196188557,-0.06499684854634524,-0.12379485368728638
2293493127108770688,82,0,0.861,0.8220475986536846,-0.06499684854634524,-0.08510303497314453
2293493127108770688,84,0,0.861,0.8853585310746588,-0.06499684854634524,-0.052880823612213135
2293493127108770688,85,0,0.861,0.8730510154995554,-0.06499684854634524,-0.05896037817001343
2293493127108770688,86,0,0.861,0.691221095730843,-0.06499684854634524,-0.16038301587104797
6388014157668558080,1,1,0.374,0.44462858440411224,-0.42712839779951983,-0.3520026206970215
6388014157668558080,27,1,0.374,0.35821575292311136,-0.42712839779951983,-0.4458553194999695
6388014157668558080,28,1,0.374,0.3518082455408524,-0.42712839779951983,-0.4536939859390259
6388014157668558080,67,1,0.374,1.0264723002218388,-0.42712839779951983,0.01134723424911499
6388014157668558080,68,1,0.374,0.3792475712326293,-0.42712839779951983,-0.4210771918296814
6388014157668558080,94,1,0.374,0.3290140749167537,-0.42712839779951983,-0.48278552293777466
6388014157668558080,95,1,0.374,0.4329452760491482,-0.42712839779951983,-0.3635669946670532
66289044940711168,43,2,0.5679,0.6907733287478401,-0.24572813131654084,-0.16066443920135498
66289044940711168,44,2,0.5679,0.45712375682399314,-0.24572813131654084,-0.33996620774269104
66289044940711168,70,2,0.5679,0.9446521997719758,-0.24572813131654084,-0.024728059768676758
66289044940711168,71,2,0.5679,0.5859512907668177,-0.24572813131654084,-0.2321384847164154
5589416086209311872,7,4,1.42,1.001931799431925,0.15228834438305647,0.000838160514831543
5589416086209311872,33,4,1.42,1.5300763253503409,0.15228834438305647,0.18471309542655945
5589416086209311872,34,4,1.42,1.275775094013171,0.15228834438305647,0.10577411949634552
5589416086209311872,61,4,1.42,1.5646228499417947,0.15228834438305647,0.19440966844558716
5589416086209311872,87,4,1.42,1.1717801488200414,0.15228834438305647,0.06884613633155823
5589416086209311872,88,4,1.42,1.402389579139328,0.15228834438305647,0.14686867594718933
4717131661728534272,28,0,1.8,1.4783113270453678,0.25527250510330607,0.169765904545784
4717131661728534272,29,0,1.8,1.7333809349482512,0.25527250510330607,0.2388940155506134
4717131661728534272,68,0,1.8,1.7565657710774096,0.25527250510330607,0.24466441571712494
4717131661728534272,69,0,1.8,1.6484858074835724,0.25527250510330607,0.21708521246910095
4717131661728534272,96,0,1.8,1.8529957348946051,0.25527250510330607,0.26787441968917847
4717948633228035968,2,4,1.635,1.392548506425721,0.21351775699630487,0.14381033182144165
4717948633228035968,3,4,1.635,1.566338512918202,0.21351775699630487,0.19488562643527985
4717948633228035968,28,4,1.635,1.7775618367563728,0.21351775699630487,0.24982471764087677
4717948633228035968,29,4,1.635,1.7699924567691758,0.21351775699630487,0.24797141551971436
4717948633228035968,68,4,1.635,1.9245056576603696,0.21351775699630487,0.2843191921710968
4717948633228035968,96,4,1.635,1.5945478933714796,0.21351775699630487,0.20263756811618805
4718894488105809024,2,3,0.706,0.7573402829718414,-0.15119529894819625,-0.12070894241333008
4718894488105809024,3,3,0.706,0.7354151865929052,-0.15119529894819625,-0.1334674060344696
4718894488105809024,29,3,0.706,0.7233243708133262,-0.15119529894819625,-0.1406669020652771
4718894488105809024,69,3,0.706,0.47248895098346566,-0.15119529894819625,-0.32560834288597107
4718894488105809024,96,3,0.706,0.49063792969624587,-0.15119529894819625,-0.30923888087272644
4717559779772987520,28,4,6.5,6.185169652886556,0.8129133566428556,0.7913516163825989
4717559779772987520,29,4,6.5,7.301381630450436,0.8129133566428556,0.8634050488471985
4717559779772987520,68,4,6.5,6.763489345536475,0.8129133566428556,0.8301708102226257
4717559779772987520,69,4,6.5,4.925468468087485,0.8129133566428556,0.6924475431442261
4717559779772987520,96,4,6.5,5.52873877940369,0.8129133566428556,0.7426260709762573
6456528236185330816,1,2,0.561,0.6393789399393501,-0.25103713874383854,-0.19424167275428772
6456528236185330816,27,2,0.561,0.8154383064339473,-0.25103713874383854,-0.08860889077186584
6456528236185330816,67,2,0.561,0.6256066191840076,-0.25103713874383854,-0.20369866490364075
6456528236185330816,94,2,0.561,0.6193205718509688,-0.25103713874383854,-0.20808449387550354
6456528236185330816,95,2,0.561,0.6502429194986725,-0.25103713874383854,-0.18692436814308167
4901926409210453760,1,0,1.753,1.3601391829523137,0.2437819160937949,0.13358335196971893
4901926409210453760,2,0,1.753,1.4639509946765903,0.2437819160937949,0.16552653908729553
4901926409210453760,28,0,1.753,2.282389522687788,0.2437819160937949,0.3583897650241852
4901926409210453760,29,0,1.753,2.3698767431903596,0.2437819160937949,0.3747257590293884
4901926409210453760,68,0,1.753,2.0990853482840794,0.2437819160937949,0.32203009724617004
4901926409210453760,69,0,1.753,1.5214516096821986,0.2437819160937949,0.18225814402103424
4902014095262270336,1,1,4.33,4.318395274604744,0.6364878963533654,0.6353223919868469
4902014095262270336,2,1,4.33,4.036727663767018,0.6364878963533654,0.6060294508934021
4902014095262270336,28,1,4.33,4.219391879088969,0.6364878963533654,0.6252498626708984
4902014095262270336,29,1,4.33,4.1988738297675345,0.6364878963533654,0.6231328248977661
4902014095262270336,68,1,4.33,3.9272134029017765,0.6364878963533654,0.5940845012664795
4902014095262270336,69,1,4.33,3.7340153490084265,0.6364878963533654,0.5721760988235474
4902014095262270336,95,1,4.33,3.9176977715714485,0.6364878963533654,0.5930309295654297
4902014095262270336,96,1,4.33,4.070416684201137,0.6364878963533654,0.6096388697624207
4901934140151066624,1,3,0.55,0.46613814025794137,-0.2596373105057561,-0.3314853608608246
4901934140151066624,2,3,0.55,0.5208751093866343,-0.2596373105057561,-0.2832663953304291
4901934140151066624,28,3,0.55,0.7026452315460496,-0.2596373105057561,-0.1532638967037201
4901934140151066624,29,3,0.55,0.38685745278597267,-0.2596373105057561,-0.41244903206825256
4901934140151066624,68,3,0.55,0.49021738540576193,-0.2596373105057561,-0.3096112906932831
4901934140151066624,69,3,0.55,0.5083570609762893,-0.2596373105057561,-0.29383113980293274
4901934140151066624,95,3,0.55,0.5609652612971173,-0.2596373105057561,-0.2510640323162079
4901934140151066624,96,3,0.55,0.5872187724192858,-0.2596373105057561,-0.23120006918907166
4900997562402605952,1,2,1.43,1.11773088366203,0.1553360374650618,0.04833725094795227
4900997562402605952,2,2,1.43,1.151817636766222,0.1553360374650618,0.061383724212646484
4900997562402605952,28,2,1.43,2.167911007536266,0.1553360374650618,0.3360414505004883
4900997562402605952,29,2,1.43,2.3056060386383033,0.1553360374650618,0.36278510093688965
4900997562402605952,68,2,1.43,1.6410071782341573,0.1553360374650618,0.21511048078536987
4900997562402605952,69,2,1.43,1.8454679876534348,0.1553360374650618,0.266106516122818
6234768006561947520,91,4,7.747,7.253858170010677,0.8891335559667239,0.8605690598487854
6235197541948646656,91,2,2.736,2.7427586865667393,0.43711609304807864,0.4381875991821289
6235172592479759232,91,1,6.395,5.324285285080904,0.8058405488146727,0.72626131772995
6234771790431102336,38,2,3.734,4.446622703464404,0.5721743136130595,0.6480302810668945
6234771790431102336,91,2,3.734,4.557029809576946,0.5721743136130595,0.6586818695068359
4694395410533461760,1,3,0.6,0.6614820240526269,-0.2218487496163564,-0.17948195338249207
4694395410533461760,2,3,0.6,0.6940289017131641,-0.2218487496163564,-0.15862244367599487
4694395410533461760,27,3,0.6,0.7034534303676786,-0.2218487496163564,-0.15276464819908142
4694395410533461760,28,3,0.6,0.6331790204804922,-0.2218487496163564,-0.1984734833240509
4694395410533461760,29,3,0.6,0.563289759129444,-0.2218487496163564,-0.24926814436912537
4694395410533461760,67,3,0.6,0.5200633599555721,-0.2218487496163564,-0.2839437425136566
4694395410533461760,69,3,0.6,0.5705669589880485,-0.2218487496163564,-0.24369338154792786
4698166391819382272,1,4,0.63,0.7221432490876069,-0.2006594505464183,-0.14137664437294006
4698166391819382272,2,4,0.63,0.7242232455779478,-0.2006594505464183,-0.1401275396347046
4698166391819382272,28,4,0.63,0.9340897173194227,-0.2006594505464183,-0.029611408710479736
4698166391819382272,29,4,0.63,2.316597009014264,-0.2006594505464183,0.3648504912853241
4698166391819382272,95,4,0.63,0.689767374781314,-0.2006594505464183,-0.16129735112190247
4698166391819382272,96,4,0.63,1.3063263998401928,-0.2006594505464183,0.11605170369148254
5452498541764280832,9,3,5.1795,4.83349487471292,0.7142878374051355,0.6842612624168396
5452498541764280832,36,3,5.1795,4.755423842749728,0.7142878374051355,0.6771892309188843
5452498541764280832,63,3,5.1795,4.638591496166945,0.7142878374051355,0.6663861274719238
6235201905635519744,91,3,1.031,1.359549893854427,0.013258665283516512,0.13339515030384064
6235199156856442368,91,3,2.516,2.2144626959948663,0.4007106367732313,0.3452683687210083
6235126962747635712,91,0,9.608,4.416504314708884,0.9826329943948496,0.6450786590576172
6235133014360031232,91,2,1.268,1.3330170361537677,0.10311925354571388,0.12483569979667664
6235147441152850176,91,4,1.812,2.0897077593780375,0.25815819334079426,0.3200855553150177
6235153866424783744,91,0,0.714,1.821843887706118,-0.14630178822382564,0.2605111598968506
6236718475767921664,91,3,1.881,1.0292618043036084,0.2743887955503789,0.012525856494903564
6405089921141776128,1,4,1.107,1.0406554990408858,0.0441476208787228,0.017306983470916748
6405089921141776128,27,4,1.107,1.291128060651566,0.0441476208787228,0.11096931993961334
6405089921141776128,28,4,1.107,1.0985661960848094,0.0441476208787228,0.040826231241226196
6405089921141776128,67,4,1.107,1.1450305884270497,0.0441476208787228,0.05881708860397339
6405089921141776128,68,4,1.107,1.138760035693844,0.0441476208787228,0.05643221735954285
6405089921141776128,94,4,1.107,1.1329454351745893,0.0441476208787228,0.054208993911743164
6405089921141776128,95,4,1.107,1.113028272726952,0.0441476208787228,0.04650619626045227
6485480370209220096,1,2,4.824,5.057049885572723,0.6834072991320949,0.70389723777771
6485480370209220096,28,2,4.824,5.4649275919237725,0.6834072991320949,0.7375844120979309
6485480370209220096,68,2,4.824,5.404598908879142,0.6834072991320949,0.7327634692192078
6485480370209220096,95,2,4.824,4.533823783150061,0.6834072991320949,0.6564646363258362
4645306786198365696,1,1,0.515,2.176065658287423,-0.28819277095880896,0.33767199516296387
4645306786198365696,2,1,0.515,0.8004992568329051,-0.28819277095880896,-0.09663906693458557
4645306786198365696,27,1,0.515,1.4124754321596829,-0.28819277095880896,0.14998090267181396
4645306786198365696,28,1,0.515,0.8352601715515068,-0.28819277095880896,-0.07817822694778442
4645306786198365696,29,1,0.515,1.7275602792330451,-0.28819277095880896,0.23743321001529694
4645306786198365696,67,1,0.515,0.4755814147673102,-0.28819277095880896,-0.32277512550354004
4645306786198365696,68,1,0.515,1.2838341233061936,-0.28819277095880896,0.10850891470909119
4645306786198365696,69,1,0.515,0.4195518954122767,-0.28819277095880896,-0.37721431255340576
4645306786198365696,94,1,0.515,0.4762897411085377,-0.28819277095880896,-0.3221287727355957
4645306786198365696,95,1,0.515,0.5233256887801967,-0.28819277095880896,-0.2812279462814331
4645306786198365696,96,1,0.515,0.5063150823917288,-0.28819277095880896,-0.29557913541793823
4902468056125369856,1,4,0.381,0.3984137756621567,-0.4190750243243807,-0.3996656537055969
4902468056125369856,2,4,0.381,0.45119488608903763,-0.4190750243243807,-0.3456358313560486
4902468056125369856,28,4,0.381,0.39861942629274916,-0.4190750243243807,-0.39944154024124146
4902468056125369856,29,4,0.381,0.4062701876982501,-0.4190750243243807,-0.39118504524230957
4902468056125369856,68,4,0.381,0.39519426987719847,-0.4190750243243807,-0.40318936109542847
4902468056125369856,69,4,0.381,0.39170219616877405,-0.4190750243243807,-0.407043993473053
4902468056125369856,95,4,0.381,0.48883797518749156,-0.4190750243243807,-0.310835063457489
4902468056125369856,96,4,0.381,0.489829771771231,-0.4190750243243807,-0.30995482206344604
4903337254427228544,1,0,1.04,1.7403371795247042,0.01703333929878037,0.24063339829444885
4903337254427228544,2,0,1.04,1.0027505239039045,0.01703333929878037,0.0011928975582122803
4903337254427228544,28,0,1.04,1.0468616612002954,0.01703333929878037,0.01988929510116577
4903337254427228544,29,0,1.04,1.0523510034193084,0.01703333929878037,0.022160619497299194
4903337254427228544,68,0,1.04,1.0053450955448513,0.01703333929878037,0.0023151636123657227
4903337254427228544,69,0,1.04,0.9697433604924535,0.01703333929878037,-0.013343185186386108
4903337254427228544,95,0,1.04,1.0129987659172943,0.01703333929878037,0.005608916282653809
4903337254427228544,96,0,1.04,1.0626349247700304,0.01703333929878037,0.026384085416793823
4708637693885643136,1,3,1.006,0.8130927100753063,0.0025979807199085947,-0.08985993266105652
4708637693885643136,2,3,1.006,0.8086458370886361,0.0025979807199085947,-0.09224164485931396
4708637693885643136,28,3,1.006,0.919062762059752,0.0025979807199085947,-0.03665482997894287
4708637693885643136,29,3,1.006,0.829840687618347,0.0025979807199085947,-0.0810052752494812
4708637693885643136,68,3,1.006,0.9997649273488354,0.0025979807199085947,-0.00010210275650024414
4708637693885643136,69,3,1.006,0.8899636972140427,0.0025979807199085947,-0.050627708435058594
4708637693885643136,95,3,1.006,0.9088183344092494,0.0025979807199085947,-0.04152292013168335
4708637693885643136,96,3,1.006,1.0425916418100913,0.0025979807199085947,0.01811423897743225
4709760363977074176,1,4,4.963,4.551185803602817,0.6957442751973234,0.658124566078186
4709760363977074176,2,4,4.963,4.7268661243937515,0.6957442751973234,0.6745733022689819
4709760363977074176,28,4,4.963,4.170634429641429,0.6957442751973234,0.6202021241188049
4709760363977074176,29,4,4.963,4.606832671353294,0.6957442751973234,0.6634024381637573
4709760363977074176,68,4,4.963,5.1371072374460915,0.6957442751973234,0.7107186317443848
4709760363977074176,69,4,4.963,2.9219548858015694,0.6957442751973234,0.4656735062599182
4709760363977074176,95,4,4.963,4.676078794783444,0.6957442751973234,0.6698818206787109
4709760363977074176,96,4,4.963,4.4687604542515125,0.6957442751973234,0.650187075138092
6235131880488892160,91,1,3.216,2.9532221336069013,0.5073160400764137,0.47029611468315125
6235143180545301248,91,3,2.621,0.6169460274355802,0.4184670209466005,-0.20975282788276672
4793327233418050176,4,3,4.5495,5.0035389138933475,0.6579636693663448,0.6992772817611694
4793327233418050176,5,3,4.5495,3.979092330645205,0.6579636693663448,0.5997840166091919
4793327233418050176,6,3,4.5495,5.891375487332102,0.6579636693663448,0.770216703414917
4793327233418050176,7,3,4.5495,6.580581102841313,0.6579636693663448,0.8182642459869385
4793327233418050176,27,3,4.5495,4.977042586845182,0.6579636693663448,0.6969713568687439
4793327233418050176,31,3,4.5495,4.535696500763217,0.6579636693663448,0.6566439867019653
4793327233418050176,32,3,4.5495,4.530647720374333,0.6579636693663448,0.656160295009613
4793327233418050176,33,3,4.5495,4.855820979904932,0.6579636693663448,0.6862626671791077
4793327233418050176,64,3,4.5495,5.592564302241068,0.6579636693663448,0.7476109862327576
4793327233418050176,67,3,4.5495,3.961432224678342,0.6579636693663448,0.5978522300720215
4793327233418050176,87,3,4.5495,4.580868233515435,0.6579636693663448,0.6609477996826172
4793327233418050176,94,3,4.5495,3.861420076728338,0.6579636693663448,0.5867470502853394
4793327233418050176,98,3,4.5495,5.046369976716116,0.6579636693663448,0.7029790878295898
6234842567193557888,91,4,1.838,0.49364879993255084,0.26434550705009247,-0.30658191442489624
6236695420383405056,91,2,0.253,0.3021106794450545,-0.5968794788241821,-0.5198339223861694
6236682294963608448,91,1,10.029,5.84929377078045,1.001257631312231,0.7671034336090088
1495487688115551744,23,3,63.71000000000001,67.69623239783509,1.8042076050820415,1.8305644989013672
1495487688115551744,49,3,63.71000000000001,46.05867938014342,1.8042076050820415,1.66331148147583
1495487688115551744,50,3,63.71000000000001,83.08176522951018,1.8042076050820415,1.9195057153701782
1495487688115551744,77,3,63.71000000000001,23.514260984302076,1.8042076050820415,1.3713313341140747
4709338941785748480,1,1,0.346,1.2428979402991283,-0.46092390120722343,0.09443546831607819
4709338941785748480,2,1,0.346,0.5312282705300462,-0.46092390120722343,-0.2747188210487366
4709338941785748480,28,1,0.346,0.3556514762852122,-0.46092390120722343,-0.4489753842353821
4709338941785748480,29,1,0.346,0.44797528855767454,-0.46092390120722343,-0.3487459421157837
4709338941785748480,68,1,0.346,0.4265697370804004,-0.46092390120722343,-0.3700099587440491
4709338941785748480,69,1,0.346,1.9365559156508456,-0.46092390120722343,0.28703004121780396
4709338941785748480,95,1,0.346,0.316380833586934,-0.46092390120722343,-0.499789834022522
4709338941785748480,96,1,0.346,0.32733816826175216,-0.46092390120722343,-0.48500335216522217
4716440103274406528,1,4,0.423,0.4173339313358961,-0.37365963262495766,-0.3795163035392761
4716440103274406528,2,4,0.423,0.49899392926486497,-0.37365963262495766,-0.30190473794937134
4716440103274406528,28,4,0.423,0.3371914515697476,-0.37365963262495766,-0.4721234440803528
4716440103274406528,29,4,0.423,0.2969343374944126,-0.37365963262495766,-0.5273395776748657
4716440103274406528,68,4,0.423,0.4961335568590703,-0.37365963262495766,-0.3044013977050781
4716440103274406528,69,4,0.423,0.42174639517984025,-0.37365963262495766,-0.3749486207962036
4716440103274406528,95,4,0.423,0.7614260633387221,-0.37365963262495766,-0.11837226152420044
4716440103274406528,96,4,0.423,0.4251079333979814,-0.37365963262495766,-0.37150079011917114
4712271339297039744,1,3,0.457,0.6241983651031645,-0.34008379993014975,-0.20467737317085266
4712271339297039744,2,3,0.457,0.558845136262208,-0.34008379993014975,-0.2527085244655609
4712271339297039744,28,3,0.457,0.9734716338831308,-0.34008379993014975,-0.011676698923110962
4712271339297039744,29,3,0.457,0.9906648810705125,-0.34008379993014975,-0.004073232412338257
4712271339297039744,68,3,0.457,0.8850003896193345,-0.34008379993014975,-0.053056538105010986
4712271339297039744,69,3,0.457,1.7026961595958303,-0.34008379993014975,0.23113715648651123
4712271339297039744,95,3,0.457,0.9694084252764569,-0.34008379993014975,-0.013493210077285767
4712271339297039744,96,3,0.457,2.0870341871636215,-0.34008379993014975,0.31952956318855286
4716574999607065088,1,0,0.34,0.6114479019678888,-0.46852108295774486,-0.21364054083824158
4716574999607065088,2,0,0.34,0.36767561238725627,-0.46852108295774486,-0.4345351755619049
4716574999607065088,28,0,0.34,0.3329287458305077,-0.46852108295774486,-0.47764870524406433
4716574999607065088,29,0,0.34,0.3957766488941757,-0.46852108295774486,-0.4025498330593109
4716574999607065088,68,0,0.34,0.4217888541201002,-0.46852108295774486,-0.37490490078926086
4716574999607065088,69,0,0.34,0.4128391923823715,-0.46852108295774486,-0.38421908020973206
4716574999607065088,95,0,0.34,0.3840405475336747,-0.46852108295774486,-0.41562291979789734
4716574999607065088,96,0,0.34,0.4986455685337266,-0.46852108295774486,-0.3022080361843109
6386280060329151616,1,2,0.527,2.525061476824179,-0.27818938478745336,0.40227195620536804
6386280060329151616,27,2,0.527,0.8616472904523518,-0.27818938478745336,-0.06467047333717346
6386280060329151616,28,2,0.527,0.6173170896983173,-0.27818938478745336,-0.20949169993400574
6386280060329151616,67,2,0.527,1.8299852767189635,-0.27818938478745336,0.2624475955963135
6386280060329151616,68,2,0.527,0.6029071028291597,-0.27818938478745336,-0.2197495996952057
6386280060329151616,94,2,0.527,0.5936636624616848,-0.27818938478745336,-0.2264595329761505
6386280060329151616,95,2,0.527,0.7217122475974624,-0.27818938478745336,-0.141635924577713
4628964641797092352,1,4,0.7,0.9448899403372528,-0.1549019599857432,-0.02461877465248108
4628964641797092352,2,4,0.7,0.6805233099244713,-0.1549019599857432,-0.16715699434280396
4628964641797092352,6,4,0.7,0.7322067682029789,-0.1549019599857432,-0.1353662610054016
4628964641797092352,9,4,0.7,0.7610120877617439,-0.1549019599857432,-0.11860844492912292
4628964641797092352,12,4,0.7,0.811832578242843,-0.1549019599857432,-0.09053352475166321
4628964641797092352,13,4,0.7,0.740098590330478,-0.1549019599857432,-0.1307104229927063
4628964641797092352,27,4,0.7,0.7608931865027269,-0.1549019599857432,-0.11867630481719971
4628964641797092352,28,4,0.7,0.6433313639375297,-0.1549019599857432,-0.19156527519226074
4628964641797092352,29,4,0.7,0.7458296699001925,-0.1549019599857432,-0.12736034393310547
4628964641797092352,32,4,0.7,0.7955137669505612,-0.1549019599857432,-0.09935230016708374
4628964641797092352,36,4,0.7,0.7347460100326213,-0.1549019599857432,-0.13386276364326477
4628964641797092352,39,4,0.7,0.8097814288392177,-0.1549019599857432,-0.0916321873664856
4628964641797092352,62,4,0.7,0.7417352923329369,-0.1549019599857432,-0.129751056432724
4628964641797092352,63,4,0.7,0.732748115203483,-0.1549019599857432,-0.13504528999328613
4628964641797092352,65,4,0.7,0.6942587824529001,-0.1549019599857432,-0.15847861766815186
4628964641797092352,66,4,0.7,0.7848994313362989,-0.1549019599857432,-0.10518598556518555
4628964641797092352,67,4,0.7,0.6633350388090334,-0.1549019599857432,-0.17826706171035767
4628964641797092352,68,4,0.7,0.694951981423573,-0.1549019599857432,-0.1580452024936676
4628964641797092352,69,4,0.7,0.9529827251020621,-0.1549019599857432,-0.020914971828460693
4628964641797092352,87,4,0.7,0.7908907011562769,-0.1549019599857432,-0.10188353061676025
4628964641797092352,89,4,0.7,0.822670554118191,-0.1549019599857432,-0.08477404713630676
4628964641797092352,90,4,0.7,0.8757356656005596,-0.1549019599857432,-0.057626962661743164
4628964641797092352,93,4,0.7,0.751613123528784,-0.1549019599857432,-0.12400564551353455
4628964641797092352,94,4,0.7,0.8361674848435449,-0.1549019599857432,-0.0777067244052887
4628964641797092352,95,4,0.7,0.7891740185808337,-0.1549019599857432,-0.10282722115516663
4628964641797092352,96,4,0.7,0.8200221837355297,-0.1549019599857432,-0.08617439866065979
4628964641797092352,98,4,0.7,1.2229743101339068,-0.1549019599857432,0.08741733431816101
6236381200578851968,91,4,5.439,5.253995309897738,0.7355190588151711,0.7204896807670593
146758968080949504,43,4,1.231,1.4363153714201566,0.09025805293131633,0.1572498083114624
146758968080949504,44,4,1.231,1.4323262950210074,0.09025805293131633,0.1560419648885727
146758968080949504,70,4,1.231,1.0773916544764957,0.09025805293131633,0.03237360715866089
146758968080949504,71,4,1.231,0.701828569778487,0.09025805293131633,-0.15376895666122437
146675954953119104,70,4,6.398,9.8173739672557,0.8060442357480883,0.9919953346252441
146675954953119104,71,4,6.398,6.8884106576113,0.8060442357480883,0.8381190299987793
3412605297699792512,43,0,10.54,10.600066967874755,1.0228406108765278,1.025308609008789
3412605297699792512,44,0,10.54,10.41588132352004,1.0228406108765278,1.0176960229873657
3412605297699792512,70,0,10.54,7.680758496574333,1.0228406108765278,0.885404109954834
3412605297699792512,71,0,10.54,7.167219955901288,1.0228406108765278,0.8553507328033447
5514542127499951360,7,0,0.33,0.5163208728749794,-0.4814860601221125,-0.287080317735672
5514542127499951360,9,0,0.33,0.45370615387106533,-0.4814860601221125,-0.3432253301143646
5514542127499951360,34,0,0.33,0.4414704742463594,-0.4814860601221125,-0.35509833693504333
5514542127499951360,36,0,0.33,0.5538231420738171,-0.4814860601221125,-0.2566289007663727
5514542127499951360,62,0,0.33,0.4793466842267228,-0.4814860601221125,-0.3193502724170685
5514542127499951360,89,0,0.33,0.6671413446150645,-0.4814860601221125,-0.17578214406967163
5514629534372854272,34,1,1.72,1.109642373825981,0.2355284469075489,0.045183032751083374
661690736160492928,44,3,1.1085,5.030492496957661,0.044735697450507,0.7016105055809021
661690736160492928,45,3,1.1085,4.694586673083332,0.044735697450507,0.6715973615646362
661690736160492928,46,3,1.1085,1.592475208466847,0.044735697450507,0.20207267999649048
661690736160492928,72,3,1.1085,2.3946730956579474,0.044735697450507,0.37924623489379883
661504506378724224,44,4,1.5108,0.9396935612977103,0.1792069761554874,-0.02701374888420105
661504506378724224,45,4,1.5108,2.1234251018166983,0.1792069761554874,0.32703694701194763
661504506378724224,46,4,1.5108,1.0234935400754532,0.1792069761554874,0.010085105895996094
661504506378724224,72,4,1.5108,1.014654769037016,0.1792069761554874,0.00631830096244812
660700561516668288,44,1,8.45415,23.58826090910009,0.9270699491464616,1.3726959228515625
660700561516668288,45,1,8.45415,14.618255036802582,0.9270699491464616,1.1648955345153809
660700561516668288,46,1,8.45415,15.460677982255115,0.9270699491464616,1.1892285346984863
659950282269629568,72,0,18.205,8.940202400828703,1.2601906832699625,0.9513473510742188
660627753231184128,44,1,1.559433,3.8372703926055514,0.19296672032088888,0.5840224027633667
660627753231184128,45,1,1.559433,1.593345966495002,0.19296672032088888,0.20231008529663086
660627753231184128,46,1,1.559433,2.5635464600714575,0.19296672032088888,0.40884119272232056
660627753231184128,72,1,1.559433,1.7788635404408,0.19296672032088888,0.2501426339149475
660733095892705792,44,1,12.114,15.000565962345295,1.083287569327283,1.17610764503479
660733095892705792,45,1,12.114,12.492786060044164,1.083287569327283,1.0966593027114868
660733095892705792,46,1,12.114,10.261304463720158,1.083287569327283,1.0112025737762451
660733095892705792,72,1,12.114,16.72760378050574,1.083287569327283,1.2234337329864502
660751581432060800,44,0,7.4872,4.965199235398487,0.8743194342681848,0.6959366798400879
660751581432060800,45,0,7.4872,4.162049869331991,0.8743194342681848,0.619307279586792
660751581432060800,46,0,7.4872,4.015159329130208,0.8743194342681848,0.6037027835845947
660751581432060800,72,0,7.4872,2.8986422731040133,0.8743194342681848,0.46219462156295776
5514366102561164160,34,0,0.73,1.6524403467045838,-0.1366771398795441,0.21812579035758972
5514366102561164160,36,0,0.73,1.2655859899059796,-0.1366771398795441,0.10229165852069855
5514361910673123840,7,1,1.699,0.8467488408183299,0.23019337886904562,-0.07224538922309875
5514561678191755904,61,3,5.57,2.1537429477548566,0.7458551951737289,0.3331938683986664
5514561678191755904,62,3,5.57,1.8738754510313604,0.7458551951737289,0.2727407217025757
5514561678191755904,89,3,5.57,1.5625439207443474,0.7458551951737289,0.19383223354816437
6402514555672235264,1,1,0.169,0.26664648584073686,-0.7721132953863264,-0.5740641355514526
6402514555672235264,27,1,0.169,0.4269087270622605,-0.7721132953863264,-0.3696649670600891
6391851457545654912,1,3,0.73,0.4392224089016187,-0.1366771398795441,-0.3573155105113983
6391851457545654912,27,3,0.73,0.6563372888551186,-0.1366771398795441,-0.1828729212284088
6391851457545654912,28,3,0.73,0.4817806768129166,-0.1366771398795441,-0.31715062260627747
6391851457545654912,67,3,0.73,0.6010100834631817,-0.1366771398795441,-0.2211182415485382
6391851457545654912,68,3,0.73,0.7310879972139498,-0.1366771398795441,-0.13603034615516663
6391851457545654912,94,3,0.73,0.5979164536005476,-0.1366771398795441,-0.22335949540138245
6391851457545654912,95,3,0.73,0.5579850873835942,-0.1366771398795441,-0.25337740778923035
4640154440351268992,1,4,0.632,0.9691843348015677,-0.19928292171761497,-0.013593614101409912
4640154440351268992,2,4,0.632,2.031294138070933,-0.19928292171761497,0.30777281522750854
4640154440351268992,13,4,0.632,0.7940301390045432,-0.19928292171761497,-0.10016301274299622
4640154440351268992,27,4,0.632,0.7218526663728687,-0.19928292171761497,-0.1415514349937439
4640154440351268992,28,4,0.632,0.6000191370272978,-0.19928292171761497,-0.22183489799499512
4640154440351268992,29,4,0.632,0.5342285031024792,-0.19928292171761497,-0.2722729444503784
4640154440351268992,66,4,0.632,0.9470674586309474,-0.19928292171761497,-0.023619085550308228
4640154440351268992,67,4,0.632,0.5166454889521954,-0.19928292171761497,-0.2868073582649231
4640154440351268992,68,4,0.632,0.7446982603095305,-0.19928292171761497,-0.12801966071128845
4640154440351268992,69,4,0.632,0.7270775405581019,-0.19928292171761497,-0.1384192705154419
4640154440351268992,93,4,0.632,0.5445087825418828,-0.19928292171761497,-0.26399511098861694
4640154440351268992,94,4,0.632,0.586019127907381,-0.19928292171761497,-0.23208820819854736
4640154440351268992,95,4,0.632,0.4811925843969537,-0.19928292171761497,-0.31768107414245605
4640154440351268992,96,4,0.632,0.5571296882353881,-0.19928292171761497,-0.25404369831085205
6234036526393328256,38,0,1.944,2.668928895870301,0.28869626059025577,0.42633700370788574
38354680725946240,5,1,11.66,7.511653065411606,1.0666985504229953,0.8757355213165283
38354680725946240,42,1,11.66,8.213157116221375,1.0666985504229953,0.9145101308822632
38354680725946240,43,1,11.66,7.935399506973316,1.0666985504229953,0.8995687961578369
38354680725946240,44,1,11.66,9.556053039606528,1.0666985504229953,0.9802785515785217
38354680725946240,70,1,11.66,7.564462948704518,1.0666985504229953,0.8787781000137329
38354680725946240,71,1,11.66,8.644708479245264,1.0666985504229953,0.9367503523826599
43538293935879680,42,1,9.82,6.083736410846974,0.9921114877869497,0.784170389175415
43538293935879680,43,1,9.82,8.565475491382806,0.9921114877869497,0.932751476764679
43538293935879680,44,1,9.82,5.014904484813838,0.9921114877869497,0.7002626657485962
43538293935879680,70,1,9.82,5.784933162047567,0.9921114877869497,0.7622983455657959
43538293935879680,71,1,9.82,7.066204174762949,0.9921114877869497,0.8491861820220947
49662092665424896,70,4,5.544,7.095812917811958,0.7438232216037503,0.8510021567344666
49662092665424896,71,4,5.544,6.985324792027229,0.7438232216037503,0.8441866040229797
46517523769932288,42,4,2.444,2.7947165031230403,0.38810120157051664,0.4463377594947815
46517523769932288,43,4,2.444,2.279997890290602,0.38810120157051664,0.35793444514274597
46517523769932288,44,4,2.444,2.441569976435017,0.38810120157051664,0.387669175863266
46517523769932288,70,4,2.444,2.5067860034750855,0.38810120157051664,0.39911726117134094
46517523769932288,71,4,2.444,2.5726105444987186,0.38810120157051664,0.4103740453720093
38329666836450304,5,3,0.87,1.0685036740188798,-0.060480747381381476,0.02877601981163025
38329666836450304,42,3,0.87,0.9975395569273464,-0.060480747381381476,-0.001069873571395874
38329666836450304,43,3,0.87,0.8006983008152689,-0.060480747381381476,-0.09653109312057495
38329666836450304,44,3,0.87,1.1906229985862113,-0.060480747381381476,0.07577426731586456
38329666836450304,70,3,0.87,0.6407110759403104,-0.060480747381381476,-0.19333776831626892
38329666836450304,71,3,0.87,0.7499767034927517,-0.060480747381381476,-0.12495222687721252
46458115782368384,42,1,1.28,0.8025343845366779,0.10720996964786837,-0.09553635120391846
46458115782368384,43,1,1.28,4.904050982559822,0.10720996964786837,0.6905549764633179
46458115782368384,44,1,1.28,12.138861907515404,0.10720996964786837,1.0841779708862305
46458115782368384,70,1,1.28,6.138408372492061,0.10720996964786837,0.7880557775497437
46458115782368384,71,1,1.28,2.494619804991961,0.10720996964786837,0.3970043659210205
45404199528067200,42,4,0.148,0.5767627132065729,-0.8297382846050426,-0.23900282382965088
45404199528067200,43,4,0.148,0.3405219274454812,-0.8297382846050426,-0.46785491704940796
45404199528067200,44,4,0.148,0.3581808978836492,-0.8297382846050426,-0.44589757919311523
45404199528067200,70,4,0.148,0.4858970911309671,-0.8297382846050426,-0.3134557008743286
45404199528067200,71,4,0.148,0.6198816885393188,-0.8297382846050426,-0.20769119262695312
2901786974419551488,5,1,1.53,1.333546139935296,0.1846914308175988,0.12500804662704468
2901786974419551488,6,1,1.53,1.4199770623088264,0.1846914308175988,0.15228132903575897
2901786974419551488,32,1,1.53,1.2576023292073049,0.1846914308175988,0.09954333305358887
2901786974419551488,33,1,1.53,1.847302525404623,0.1846914308175988,0.26653802394866943
2989206326445903616,5,3,4.3,1.811871987189344,0.6334684555795865,0.25812751054763794
2989206326445903616,32,3,4.3,0.7146504489013213,0.6334684555795865,-0.14590632915496826
6080854078239398016,11,0,0.536,0.5453915845356845,-0.27083521030722996,-0.2632915675640106
6080854078239398016,64,0,0.536,0.5645613721201833,-0.27083521030722996,-0.2482888400554657
3312709379213017728,5,4,5.87,5.675227286235275,0.7686381012476144,0.7539832592010498
3312709379213017728,32,4,5.87,7.155074146227378,0.7686381012476144,0.8546141386032104
3312709379213017728,43,4,5.87,6.270680073133601,0.7686381012476144,0.7973146438598633
3312709379213017728,44,4,5.87,9.221600809660437,0.7686381012476144,0.964806318283081
3312709379213017728,70,4,5.87,6.11785051630765,0.7686381012476144,0.7865988612174988
3312709379213017728,71,4,5.87,8.223637859358316,0.7686381012476144,0.9150639772415161
3310903740601986432,5,4,10.28,9.497753625734589,1.011993114659257,0.9776208996772766
3310903740601986432,32,4,10.28,5.6568355006169435,1.011993114659257,0.752573549747467
3310903740601986432,43,4,10.28,9.227069893867895,1.011993114659257,0.9650638103485107
3310903740601986432,44,4,10.28,10.079678919015093,1.011993114659257,1.0034466981887817
3310903740601986432,70,4,10.28,8.786281200620776,1.011993114659257,0.9438050985336304
3310903740601986432,71,4,10.28,6.274666000859776,1.011993114659257,0.7975906133651733
3312921378798754304,43,3,13.18,9.187066214514763,1.1199154102579911,0.9631768465042114
3312921378798754304,44,3,13.18,11.49962313877399,1.1199154102579911,1.0606836080551147
3312921378798754304,70,3,13.18,9.960341000653612,1.1199154102579911,0.9982742071151733
3312921378798754304,71,3,13.18,10.051748446745982,1.1199154102579911,1.002241611480713
3314185129975960448,43,4,2.44,2.4507104448033616,0.3873898263387294,0.38929200172424316
3314185129975960448,44,4,2.44,2.496519673957292,0.3873898263387294,0.3973349928855896
3314109916508904064,43,4,7.38,8.696072007847492,0.8680563618230416,0.9393231272697449
3314109916508904064,44,4,7.38,4.831771078664755,0.8680563618230416,0.6841063499450684
3314109916508904064,70,4,7.38,6.3855395121688066,0.8680563618230416,0.8051975965499878
3314109916508904064,71,4,7.38,4.914077628121996,0.8680563618230416,0.6914420127868652
3314213025787054592,43,3,10.0815,9.47704640126919,1.0035251544564605,0.9766730070114136
3314213025787054592,44,3,10.0815,5.502070359071605,1.0035251544564605,0.7405261397361755
3314213025787054592,70,3,10.0815,9.34600986303222,1.0035251544564605,0.9706262350082397
3314213025787054592,71,3,10.0815,8.213540377525918,1.0035251544564605,0.9145303964614868
3314212068010812032,43,1,1.012,1.3761582347201502,0.005180512503780314,0.13866837322711945
3314212068010812032,44,1,1.012,0.9738937132370681,0.005180512503780314,-0.01148843765258789
3314212068010812032,70,1,1.012,1.9660909271381724,0.005180512503780314,0.2936035990715027
3314212068010812032,71,1,1.012,1.500094014467438,0.005180512503780314,0.17611847817897797
3312951748510907648,43,2,9.3835,9.135853975208143,0.9723648583331552,0.9607491493225098
3312951748510907648,44,2,9.3835,7.2715517944595325,0.9723648583331552,0.8616271018981934
3312951748510907648,70,2,9.3835,7.763862393514248,0.9723648583331552,0.8900778293609619
3312951748510907648,71,2,9.3835,6.856172617153839,0.9723648583331552,0.8360817432403564
3312960205303089664,43,2,14.52,13.4449549374876,1.161966616364075,1.1285593509674072
3312960205303089664,44,2,14.52,9.11543909390412,1.161966616364075,0.9597775936126709
3312960205303089664,70,2,14.52,9.882725720288587,1.161966616364075,0.9948767423629761
3312960205303089664,71,2,14.52,5.277185180989167,1.161966616364075,0.7224023342132568
3312440445540818304,43,1,1.071,0.97764840882557,0.029789470831855614,-0.009817302227020264
3312440445540818304,44,1,1.071,0.5327084717787957,0.029789470831855614,-0.2735103964805603
3312440445540818304,70,1,1.071,0.6936817480024128,0.029789470831855614,-0.15883973240852356
3312440445540818304,71,1,1.071,3.8418823614047337,0.029789470831855614,0.5845440626144409
3312882483575093760,43,1,6.105,5.932251103764273,0.7856856682809014,0.7732195258140564
3312882483575093760,44,1,6.105,4.258992279613686,0.7856856682809014,0.6293068528175354
3312882483575093760,70,1,6.105,0.6156798218936709,0.7856856682809014,-0.21064507961273193
3312882483575093760,71,1,6.105,5.0393395709365505,0.7856856682809014,0.7023736238479614
3312564037520033792,5,2,13.13,14.537385755504785,1.1182647260894794,1.1624863147735596
3312564037520033792,43,2,13.13,12.959853377139888,1.1182647260894794,1.1126000881195068
3312564037520033792,44,2,13.13,13.158992548320764,1.1182647260894794,1.119222640991211
3312564037520033792,70,2,13.13,15.693302801377971,1.1182647260894794,1.1957143545150757
3312564037520033792,71,2,13.13,18.41562356881683,1.1182647260894794,1.2651864290237427
3314251749212034816,43,3,2.426,2.1696278656533856,0.3848907965305542,0.33638525009155273
3314251749212034816,44,3,2.426,2.3108159627912888,0.3848907965305542,0.3637653589248657
3314251749212034816,70,3,2.426,2.2970731308863677,0.3848907965305542,0.3611748218536377
3314251749212034816,71,3,2.426,2.361054612191691,0.3848907965305542,0.3731060326099396
3314248558053305216,43,0,1.7,1.7795987970212488,0.2304489213782739,0.2503221035003662
3314248558053305216,44,0,1.7,1.6854020762336814,0.2304489213782739,0.22670352458953857
3314248558053305216,70,0,1.7,3.2733758423141692,0.2304489213782739,0.5149958729743958
3314248558053305216,71,0,1.7,1.7752651475793386,0.2304489213782739,0.2492632269859314
3312644885984344704,5,4,8.762,8.392580929876463,0.9426032488421566,0.923895537853241
3312644885984344704,32,4,8.762,7.7128206058790365,0.9426032488421566,0.8872132301330566
3312644885984344704,43,4,8.762,6.7170935815733515,0.9426032488421566,0.8271813988685608
3312644885984344704,44,4,8.762,9.34684749775133,0.9426032488421566,0.9706651568412781
3312644885984344704,70,4,8.762,10.233033625416224,0.9426032488421566,1.0100044012069702
3312644885984344704,71,4,8.762,8.980229230308808,0.9426032488421566,0.9532874226570129
3313259169388356608,43,1,9.826,6.111471717876322,0.992376759798803,0.786145806312561
3313259169388356608,44,1,9.826,8.445357523610904,0.992376759798803,0.9266180396080017
3313259169388356608,70,1,9.826,8.563886272674196,0.992376759798803,0.9326708912849426
3313259169388356608,71,1,9.826,6.298828470794658,0.992376759798803,0.7992597818374634
3307489031146701696,5,2,16.29,22.01517679764774,1.2119210843085093,1.3427221775054932
3307489031146701696,32,2,16.29,20.458329573338148,1.2119210843085093,1.3108701705932617
3307489031146701696,43,2,16.29,34.26589197962932,1.2119210843085093,1.5348620414733887
3307489031146701696,44,2,16.29,39.93822984893947,1.2119210843085093,1.6013888120651245
3307489031146701696,70,2,16.29,13.835266065207293,1.2119210843085093,1.140987515449524
3307489031146701696,71,2,16.29,16.228152996542452,1.2119210843085093,1.2102690935134888
3307489031146701696,98,2,16.29,4.4920871915212155,1.2119210843085093,0.6524481773376465
3313285110990793472,43,2,31.0,4.29693282759488,1.4913616938342726,0.6331585645675659
3313285110990793472,44,2,31.0,3.4712182865391368,1.4913616938342726,0.5404819250106812
3313285110990793472,70,2,31.0,14.389122987970893,1.4913616938342726,1.158034324645996
3313285110990793472,71,2,31.0,12.1985541980574,1.4913616938342726,1.0863083600997925
3312602348628348032,5,4,9.16,10.45803732930321,0.9618954736678504,1.0194501876831055
3312602348628348032,32,4,9.16,12.281142281541264,0.9618954736678504,1.0892387628555298
3312602348628348032,43,4,9.16,9.183110435135953,0.9618954736678504,0.9629898071289062
3312602348628348032,44,4,9.16,9.26231671998895,0.9618954736678504,0.9667196273803711
3312602348628348032,70,4,9.16,9.425127022241242,0.9618954736678504,0.974287211894989
3312602348628348032,71,4,9.16,8.866782707008456,0.9618954736678504,0.9477660655975342
3312575685471393664,5,1,8.6635,6.23153363549159,0.9376933797314164,0.794594943523407
3312575685471393664,32,1,8.6635,5.418218305264826,0.9376933797314164,0.7338564991950989
3312575685471393664,43,1,8.6635,6.026488669946349,0.9376933797314164,0.7800643444061279
3312575685471393664,44,1,8.6635,6.298455025968555,0.9376933797314164,0.7992340326309204
3312575685471393664,70,1,8.6635,6.18888292878347,0.9376933797314164,0.7916122674942017
3312575685471393664,71,1,8.6635,5.898409307476915,0.9376933797314164,0.7707349061965942
3313463953428629632,43,0,1.598,2.933626046985939,0.2035767749779726,0.4674047529697418
3313463953428629632,44,0,1.598,4.359253899239405,0.2035767749779726,0.6394121646881104
3308269757418376576,5,2,13.36,9.716638502894533,1.1258064581395268,0.9875160455703735
3308269757418376576,43,2,13.36,3.700944102545897,1.1258064581395268,0.5683125257492065
3308269757418376576,44,2,13.36,26.801501038201433,1.1258064581395268,1.4281591176986694
3308269757418376576,70,2,13.36,9.087545993279875,1.1258064581395268,0.9584466218948364
3308269757418376576,71,2,13.36,9.25597812184042,1.1258064581395268,0.9664223194122314
3308269757418376576,98,2,13.36,1.0431789780101006,1.1258064581395268,0.018358826637268066
3309956850635519488,5,0,9.9035,8.917044675103933,0.9957887059165075,0.9502209424972534
3309956850635519488,32,0,9.9035,8.361170495155264,0.9957887059165075,0.9222670793533325
3309956850635519488,43,0,9.9035,7.929997271900785,0.9957887059165075,0.8992730379104614
3309956850635519488,44,0,9.9035,9.153085540480433,0.9957887059165075,0.9615675210952759
3309956850635519488,70,0,9.9035,8.40977126106794,0.9957887059165075,0.9247841835021973
3309956850635519488,71,0,9.9035,3.921493504055662,0.9957887059165075,0.5934514999389648
3313386605360382720,43,1,1.082,1.1071196252678261,0.03422726077055066,0.044194549322128296
3313386605360382720,44,1,1.082,1.139581317064897,0.03422726077055066,0.056745320558547974
3313386605360382720,70,1,1.082,1.109697885870294,0.03422726077055066,0.045204758644104004
3313386605360382720,71,1,1.082,0.9773297900781893,0.03422726077055066,-0.009958863258361816
3309974344039455488,5,2,1.517,1.9999321309427356,0.18098558078673047,0.3010152578353882
3309974344039455488,43,2,1.517,1.3298680821832998,0.18098558078673047,0.12380856275558472
3309974344039455488,44,2,1.517,1.8622173959132535,0.18098558078673047,0.2700303792953491
3309974344039455488,70,2,1.517,2.256343608923221,0.18098558078673047,0.353405237197876
3309974344039455488,71,2,1.517,1.99170631585616,0.18098558078673047,0.2992253005504608
3309974344039455488,98,2,1.517,0.8922727446962037,0.18098558078673047,-0.04950237274169922
3409319239697943296,43,1,2.517,2.319878413439787,0.4008832155483627,0.3654652237892151
3409319239697943296,44,1,2.517,2.5461119824809075,0.4008832155483627,0.4058775007724762
3409319239697943296,70,1,2.517,2.29391465251689,0.4008832155483627,0.360577255487442
3409319239697943296,71,1,2.517,3.6296321548123145,0.4008832155483627,0.5598626136779785
3409319342777158272,43,2,1.617,1.4865602992749039,0.20871001990640115,0.17218253016471863
3409319342777158272,44,2,1.617,2.3230614821598796,0.20871001990640115,0.36606070399284363
3309970392669539584,43,2,3.096,2.3528485982887783,0.490800952010855,0.37159398198127747
3309970392669539584,44,2,3.096,2.858658479945355,0.490800952010855,0.4561622738838196
3309969804256882688,43,1,2.533,2.6486628546064135,0.40363518979054797,0.4230266809463501
3309969804256882688,44,1,2.533,2.608040693679692,0.40363518979054797,0.41631436347961426
3307992336891315968,5,1,11.3,7.855258769642341,1.0530784434834197,0.8951604962348938
3307992336891315968,32,1,11.3,10.172823762384539,1.0530784434834197,1.007441520690918
3307992336891315968,43,1,11.3,9.24312111124243,1.0530784434834197,0.9658186435699463
3307992336891315968,44,1,11.3,6.869734152796765,1.0530784434834197,0.8369399309158325
3307992336891315968,70,1,11.3,6.924878212581166,1.0530784434834197,0.8404121398925781
3307992336891315968,71,1,11.3,6.862910475338313,1.0530784434834197,0.8365083336830139
3310131711641618816,43,2,1.282,0.6428456221332911,0.10788802518279862,-0.1918933093547821
3295883999449691264,5,4,18.0,10.69673747011728,1.255272505103306,1.0292513370513916
3295883999449691264,32,4,18.0,9.332807480115102,1.255272505103306,0.9700123071670532
3295883999449691264,43,4,18.0,18.91051505749513,1.255272505103306,1.2767033576965332
3295883999449691264,44,4,18.0,13.586472326258468,1.255272505103306,1.1331067085266113
3295883999449691264,70,4,18.0,12.696414356703153,1.255272505103306,1.1036810874938965
3295883999449691264,71,4,18.0,23.6244046198759,1.255272505103306,1.3733608722686768
3295883999449691264,98,4,18.0,10.534764953161206,1.255272505103306,1.0226248502731323
2980822034888930176,5,4,1.3665,1.898659521649599,0.1356096360286795,0.27844709157943726
2980822034888930176,32,4,1.3665,1.5816504996110645,0.1356096360286795,0.19911052286624908
2980822034888930176,98,4,1.3665,1.3757547248149598,0.1356096360286795,0.13854101300239563
3014628989487556480,6,4,11.4521,1.3027627964647694,1.0588851316355004,0.11486534774303436
3014628989487556480,32,4,11.4521,1.131333288157267,1.0588851316355004,0.0535905659198761
4213581106021661184,54,1,70.929,23.134891574753958,1.8508238369450576,1.3642674684524536
2463211714746424576,30,1,2.28,2.1259239716770857,0.35793484700045375,0.32754772901535034
2463211714746424576,97,1,2.28,2.830879630031666,0.35793484700045375,0.45192140340805054
2640348977921037056,42,1,1.08,1.4376047646319547,0.03342375548694973,0.1576395034790039
2640348977921037056,70,1,1.08,1.0729826016844506,0.03342375548694973,0.030592679977416992
452553355299049984,58,2,5.636,5.962832554087247,0.7509709844373188,0.7754526138305664
452553355299049984,85,2,5.636,4.708225818561282,0.7509709844373188,0.6728572845458984
226855435229242496,19,0,16.14,14.633546862865163,1.2079035303860517,1.1653496026992798
4668269708587377664,1,2,1.018,0.9815770038594793,0.007747778000739948,-0.008075624704360962
4668269708587377664,2,2,1.018,1.1053226479055867,0.007747778000739948,0.04348906874656677
4668269708587377664,3,2,1.018,1.1320010666896936,0.007747778000739948,0.05384683609008789
4668269708587377664,4,2,1.018,1.0425290417066784,0.007747778000739948,0.018088161945343018
4668269708587377664,6,2,1.018,1.0617818782592214,0.007747778000739948,0.026035308837890625
4668269708587377664,7,2,1.018,1.1184076711480717,0.007747778000739948,0.04860013723373413
4668269708587377664,8,2,1.018,0.9169440955482904,0.007747778000739948,-0.03765714168548584
4668269708587377664,9,2,1.018,1.1088401580460505,0.007747778000739948,0.04486894607543945
4668269708587377664,10,2,1.018,0.9967276178153516,0.007747778000739948,-0.0014235079288482666
4668269708587377664,11,2,1.018,0.9628339227482504,0.007747778000739948,-0.016448616981506348
4668269708587377664,12,2,1.018,1.228943405773324,0.007747778000739948,0.08953188359737396
4668269708587377664,13,2,1.018,1.1986902690644254,0.007747778000739948,0.07870697975158691
4668269708587377664,27,2,1.018,1.0317099355526662,0.007747778000739948,0.013557612895965576
4668269708587377664,28,2,1.018,1.1310192214128103,0.007747778000739948,0.05346998572349548
4668269708587377664,29,2,1.018,0.9042516114486673,0.007747778000739948,-0.04371070861816406
4668269708587377664,30,2,1.018,0.9961990428351413,0.007747778000739948,-0.0016538798809051514
4668269708587377664,31,2,1.018,1.0260586954690882,0.007747778000739948,0.011172205209732056
4668269708587377664,32,2,1.018,1.0217856679671624,0.007747778000739948,0.009359806776046753
4668269708587377664,33,2,1.018,0.8784173590738846,0.007747778000739948,-0.05629909038543701
4668269708587377664,34,2,1.018,0.8909845415613464,0.007747778000739948,-0.050129830837249756
4668269708587377664,35,2,1.018,0.8478186068967767,0.007747778000739948,-0.07169705629348755
4668269708587377664,36,2,1.018,0.8908377529543438,0.007747778000739948,-0.05020138621330261
4668269708587377664,37,2,1.018,0.7582523422390408,0.007747778000739948,-0.12018623948097229
4668269708587377664,38,2,1.018,0.7913868015756123,0.007747778000739948,-0.1016111969947815
4668269708587377664,39,2,1.018,1.0592027136057356,0.007747778000739948,0.024979084730148315
4668269708587377664,61,2,1.018,1.6106013783863158,0.007747778000739948,0.20698806643486023
4668269708587377664,62,2,1.018,0.8263049127628043,0.007747778000739948,-0.08285966515541077
4668269708587377664,63,2,1.018,0.7472583613735017,0.007747778000739948,-0.12652921676635742
4668269708587377664,64,2,1.018,1.155281566973968,0.007747778000739948,0.06268784403800964
4668269708587377664,66,2,1.018,0.8632641905307591,0.007747778000739948,-0.06385627388954163
4668269708587377664,67,2,1.018,1.0402231162417053,0.007747778000739948,0.017126500606536865
4668269708587377664,68,2,1.018,0.9210097841192282,0.007747778000739948,-0.035735756158828735
4668269708587377664,69,2,1.018,1.042006709937714,0.007747778000739948,0.01787051558494568
4668269708587377664,87,2,1.018,0.936376825284359,0.007747778000739948,-0.02854934334754944
4668269708587377664,88,2,1.018,0.7880025955248203,0.007747778000739948,-0.10347235202789307
4668269708587377664,89,2,1.018,0.8978505143070845,0.007747778000739948,-0.04679596424102783
4668269708587377664,90,2,1.018,0.8438187016322971,0.007747778000739948,-0.07375085353851318
4668269708587377664,93,2,1.018,1.0141742405788925,0.007747778000739948,0.006112575531005859
4668269708587377664,94,2,1.018,0.9398592998221758,0.007747778000739948,-0.026937156915664673
4668269708587377664,95,2,1.018,0.9408527954977568,0.007747778000739948,-0.026478320360183716
4668269708587377664,96,2,1.018,1.1650817265292701,0.007747778000739948,0.06635639071464539
4668269708587377664,97,2,1.018,0.79018346300529,0.007747778000739948,-0.10227206349372864
4668269708587377664,98,2,1.018,1.297842978883278,0.007747778000739948,0.1132221519947052
4653866999617253376,1,4,5.2,5.920517500789954,0.7160033436347992,0.7723596692085266
4653866999617253376,2,4,5.2,4.4595365447983095,0.7160033436347992,0.6492897272109985
4653866999617253376,3,4,5.2,6.3497349040901625,0.7160033436347992,0.80275559425354
4653866999617253376,4,4,5.2,5.359447439220235,0.7160033436347992,0.7291200160980225
4653866999617253376,5,4,5.2,5.898669980547091,0.7160033436347992,0.7707540988922119
4653866999617253376,6,4,5.2,6.157347485853344,0.7160033436347992,0.7893936634063721
4653866999617253376,7,4,5.2,5.742975648924856,0.7160033436347992,0.759136974811554
4653866999617253376,8,4,5.2,5.133145025273263,0.7160033436347992,0.7103835344314575
4653866999617253376,9,4,5.2,6.577745821819611,0.7160033436347992,0.8180770874023438
4653866999617253376,10,4,5.2,7.797025791565879,0.7160033436347992,0.8919289708137512
4653866999617253376,11,4,5.2,6.7322313866457515,0.7160033436347992,0.8281590342521667
4653866999617253376,12,4,5.2,9.600788391838371,0.7160033436347992,0.9823068976402283
4653866999617253376,13,4,5.2,4.910327871850951,0.7160033436347992,0.6911104917526245
4653866999617253376,27,4,5.2,7.855459297528817,0.7160033436347992,0.895171582698822
4653866999617253376,29,4,5.2,9.02068782388635,0.7160033436347992,0.9552396535873413
4653866999617253376,30,4,5.2,10.030366125778759,0.7160033436347992,1.001316785812378
4653866999617253376,31,4,5.2,7.119343374303132,0.7160033436347992,0.8524399399757385
4653866999617253376,32,4,5.2,5.204839701290886,0.7160033436347992,0.7164073586463928
4653866999617253376,33,4,5.2,6.942034250136076,0.7160033436347992,0.8414867520332336
4653866999617253376,34,4,5.2,10.113242984718854,0.7160033436347992,1.0048904418945312
4653866999617253376,35,4,5.2,10.109362910105501,0.7160033436347992,1.0047237873077393
4653866999617253376,36,4,5.2,8.090828929004662,0.7160033436347992,0.9079930186271667
4653866999617253376,37,4,5.2,7.683303621552962,0.7160033436347992,0.8855479955673218
4653866999617253376,39,4,5.2,6.311308366208562,0.7160033436347992,0.8001194000244141
4653866999617253376,61,4,5.2,6.492292470243533,0.7160033436347992,0.8123980760574341
4653866999617253376,62,4,5.2,3.8860940034956175,0.7160033436347992,0.5895133018493652
4653866999617253376,63,4,5.2,8.022649082919283,0.7160033436347992,0.9043177962303162
4653866999617253376,64,4,5.2,6.560271755935795,0.7160033436347992,0.8169218301773071
4653866999617253376,65,4,5.2,6.32550043069096,0.7160033436347992,0.8010948896408081
4653866999617253376,66,4,5.2,6.926191794503952,0.7160033436347992,0.8404945135116577
4653866999617253376,67,4,5.2,6.636321664490048,0.7160033436347992,0.8219274282455444
4653866999617253376,68,4,5.2,6.868646207294518,0.7160033436347992,0.8368711471557617
4653866999617253376,69,4,5.2,6.804776397065093,0.7160033436347992,0.8328138589859009
4653866999617253376,87,4,5.2,6.110498825012012,0.7160033436347992,0.7860766649246216
4653866999617253376,88,4,5.2,5.329762000514743,0.7160033436347992,0.7267078161239624
4653866999617253376,89,4,5.2,4.145049773228528,0.7160033436347992,0.6175297498703003
4653866999617253376,90,4,5.2,6.696126733128209,0.7160033436347992,0.8258236646652222
4653866999617253376,93,4,5.2,5.779734321261985,0.7160033436347992,0.7619078755378723
4653866999617253376,94,4,5.2,5.211932896380895,0.7160033436347992,0.716998815536499
4653866999617253376,96,4,5.2,6.952908962388331,0.7160033436347992,0.842166543006897
4653866999617253376,97,4,5.2,4.851466441334355,0.7160033436347992,0.6858730316162109
4653866999617253376,98,4,5.2,6.319901658836128,0.7160033436347992,0.8007103204727173
4208867838967405952,54,2,1.26,4.469527775917115,0.10037054511756291,0.650261640548706
447440007751299072,58,2,5.542,6.4308418861752665,0.7436665214462129,0.8082678318023682
447440007751299072,86,2,5.542,6.663729442264847,0.7436665214462129,0.8237173557281494
2315841869173294080,2,2,4.62305,4.949549293157565,0.6649285905193425,0.6945656538009644
2315841869173294080,29,2,4.62305,4.7326174359195985,0.6649285905193425,0.6751013994216919
2315841869173294080,69,2,4.62305,1.6626782205374382,0.6649285905193425,0.220808207988739
2315841869173294208,2,3,5.2783,6.825490451668155,0.7224940703557882,0.8341338634490967
2315841869173294208,29,3,5.2783,3.903403786376819,0.7224940703557882,0.5914434790611267
2315841869173294208,69,3,5.2783,3.985247372483673,0.7224940703557882,0.6004552841186523
2315849737553379840,2,0,0.522,0.551471706956054,-0.28232949699773785,-0.25847676396369934
2315849737553379840,29,0,0.522,0.6108019906598553,-0.28232949699773785,-0.21409955620765686
2315849737553379840,69,0,0.522,0.3866332480452768,-0.28232949699773785,-0.4127008020877838
2315849737553379840,96,0,0.522,0.6585041918788466,-0.28232949699773785,-0.18144145607948303
6817950657560102016,1,1,1.2,2.2132315406786054,0.07918124604762482,0.3450268507003784
6817950657560102016,28,1,1.2,1.628135273874736,0.07918124604762482,0.2116904854774475
6817950657560102016,68,1,1.2,1.2247860466199036,0.07918124604762482,0.08806023001670837
6817950657560102016,95,1,1.2,1.0734758929572432,0.07918124604762482,0.030792295932769775
441640668031763584,86,1,1.412,1.6708986221647362,0.14983469671578492,0.22295010089874268
441715915858562944,58,2,0.309,0.3830592291831633,-0.5100415205751654,-0.41673406958580017
441715915858562944,86,2,0.309,0.9503049335773817,-0.5100415205751654,-0.02213701605796814
441663998293948544,58,1,0.404,0.5200293504158365,-0.393618634889395,-0.2839721441268921
441663998293948544,86,1,0.404,0.5186223875605191,-0.393618634889395,-0.2851487398147583
441662349026548224,58,0,4.34,4.290325842217455,0.6374897295125107,0.6324902772903442
441662349026548224,86,0,4.34,3.1509349049338695,0.6374897295125107,0.4984394311904907
435369843979002880,58,1,0.469,3.7335643990637744,-0.32882715728491674,0.572123646736145
435369843979002880,86,1,0.469,1.454048060924548,-0.32882715728491674,0.1625787615776062
441774911528969088,58,1,3.008,3.6853124854426005,0.47827783191960466,0.5664743185043335
441774911528969088,86,1,3.008,3.0542533866328845,0.47827783191960466,0.48490506410598755
443396210143348864,58,4,4.752,6.112717414564787,0.6768764319731371,0.7862343192100525
443396210143348864,59,4,4.752,6.011185204190983,0.6768764319731371,0.778960108757019
443396210143348864,86,4,4.752,4.308710545170529,0.6768764319731371,0.6343473196029663
441850842251784448,58,3,1.62,1.5317837489146648,0.20951501454263097,0.18519745767116547
441850842251784448,86,3,1.62,2.2916277823008597,0.20951501454263097,0.36014407873153687
441430214633926272,58,0,0.642,0.7665996238941899,-0.19246497193114673,-0.11543139815330505
441430214633926272,86,0,0.642,0.5995009297399295,-0.19246497193114673,-0.2222101390361786
441429733597631232,58,1,1.2,1.01798517003568,0.07918124604762482,0.007741451263427734
441429733597631232,86,1,1.2,1.1574156428433555,0.07918124604762482,0.06348934769630432
441378159630386816,58,3,3.946,3.8566269187946376,0.5961570809161724,0.5862076282501221
441378159630386816,86,3,3.946,4.917112832124623,0.5961570809161724,0.6917101740837097
441358776436543488,58,0,4.284,4.572704928164785,0.631849462159818,0.6601731777191162
441358776436543488,86,0,4.284,3.9644927265290084,0.631849462159818,0.5981876254081726
441370600488018048,58,4,0.361,0.4153860935154364,-0.4424927980943421,-0.38154804706573486
441370600488018048,86,4,0.361,1.093517231900456,-0.4424927980943421,0.0388256311416626
991165550112776448,20,1,0.26,0.8228433767811832,-0.585026652029182,-0.08468282222747803
991165550112776448,60,1,0.26,0.40032235201293376,-0.585026652029182,-0.39759016036987305
991165550112776448,73,1,0.26,0.42222564483821795,-0.585026652029182,-0.37445539236068726
68168419548529920,42,3,0.3869,0.7028651845707597,-0.412401270278755,-0.15312796831130981
68168419548529920,43,3,0.3869,0.3335482752344803,-0.412401270278755,-0.4768413007259369
68168419548529920,44,3,0.3869,0.4490848474531484,-0.412401270278755,-0.34767159819602966
68168419548529920,70,3,0.3869,0.6554758000617898,-0.412401270278755,-0.1834433376789093
68168419548529920,71,3,0.3869,0.5421620328562632,-0.412401270278755,-0.2658708989620209
68262973252098304,42,0,0.515,0.6642392191664668,-0.28819277095880896,-0.17767548561096191
68262973252098304,43,0,0.515,0.4866825960531263,-0.28819277095880896,-0.31275418400764465
68262973252098304,44,0,0.515,0.4085316371438712,-0.28819277095880896,-0.3887743055820465
68262973252098304,70,0,0.515,0.46441770799996623,-0.28819277095880896,-0.33309122920036316
68262973252098304,71,0,0.515,0.8652227851329923,-0.28819277095880896,-0.06287205219268799
68263145050803840,42,4,0.28205,0.3468242498313621,-0.5496738959385875,-0.45989054441452026
68263145050803840,43,4,0.28205,0.8979955005590055,-0.5496738959385875,-0.046725839376449585
68263145050803840,44,4,0.28205,1.1189584721986685,-0.5496738959385875,0.048813968896865845
68263145050803840,70,4,0.28205,0.5897058363633356,-0.5496738959385875,-0.2293645739555359
68263145050803840,71,4,0.28205,0.943665765419279,-0.5496738959385875,-0.02518180012702942
68265588889169664,42,2,0.6995,1.0581666596491732,-0.15521228117215355,0.024554073810577393
68265588889169664,43,2,0.6995,0.6070438764416544,-0.15521228117215355,-0.2167799174785614
68265588889169664,44,2,0.6995,0.7162126390129796,-0.15521228117215355,-0.1449580192565918
68265588889169664,70,2,0.6995,0.8058247135265224,-0.15521228117215355,-0.09375941753387451
68265588889169664,71,2,0.6995,0.9382432110872047,-0.15521228117215355,-0.027684569358825684
68279225408437888,42,4,0.6488,0.768544348620942,-0.18788915879690035,-0.11433106660842896
68279225408437888,43,4,0.6488,1.1135240805812052,-0.18788915879690035,0.04669961333274841
68279225408437888,44,4,0.6488,0.6532782904288588,-0.18788915879690035,-0.18490177392959595
68279225408437888,70,4,0.6488,0.8754036432087459,-0.18788915879690035,-0.05779165029525757
68279225408437888,71,4,0.6488,2.3683761750316767,-0.18788915879690035,0.37445068359375
68282837477714816,42,3,1.5968,0.4396596031470863,0.2032505239432959,-0.3568834364414215
68282837477714816,43,3,1.5968,0.5301716056687128,0.2032505239432959,-0.27558353543281555
68282837477714816,44,3,1.5968,0.4281506963035062,0.2032505239432959,-0.3684033453464508
68282837477714816,70,3,1.5968,0.5244197362920743,0.2032505239432959,-0.2803209722042084
68282837477714816,71,3,1.5968,0.4287946178284585,0.2032505239432959,-0.3677506744861603
70108473456817280,42,4,1.637,1.011436662477545,0.21404867941194144,0.004938691854476929
70108473456817280,43,4,1.637,1.2290506398933256,0.21404867941194144,0.08956977725028992
70108473456817280,44,4,1.637,1.368616177321967,0.21404867941194144,0.13628166913986206
70108473456817280,70,4,1.637,1.5519505695281048,0.21404867941194144,0.19087788462638855
70108473456817280,71,4,1.637,1.6034501966436105,0.21404867941194144,0.20505547523498535
70121805035254144,42,2,2.9,6.011672801158186,0.4623979978989561,0.7789953351020813
70121805035254144,43,2,2.9,6.008519383490002,0.4623979978989561,0.778767466545105
70121805035254144,44,2,2.9,6.063730314119536,0.4623979978989561,0.7827398777008057
68390417818463872,42,2,8.406,7.138274264221299,0.9245893856694183,0.8535932302474976
68390417818463872,43,2,8.406,7.9141362961345205,0.9245893856694183,0.898403525352478
68390417818463872,44,2,8.406,5.971482420092946,0.9245893856694183,0.7760821580886841
68363411064150272,42,3,2.9796665,3.232743552830641,0.4741676582658912,0.5095712542533875
68363411064150272,43,3,2.9796665,3.5832663318051083,0.4741676582658912,0.554279088973999
68363411064150272,44,3,2.9796665,3.156645810447652,0.4741676582658912,0.4992258548736572
68363411064150272,70,3,2.9796665,3.484479556548893,0.4741676582658912,0.5421379208564758
68363411064150272,71,3,2.9796665,3.2907508559913077,0.4741676582658912,0.5172950029373169
68291977168100480,42,0,2.2575000000000003,2.4382921237874986,0.35362775898554344,0.3870857357978821
68291977168100480,43,0,2.2575000000000003,1.589458350838626,0.35362775898554344,0.2012491524219513
68291977168100480,44,0,2.2575000000000003,1.1312197141658147,0.35362775898554344,0.0535469651222229
68291977168100480,70,0,2.2575000000000003,1.608714525396704,0.35362775898554344,0.20647898316383362
68291977168100480,71,0,2.2575000000000003,1.0932422457662998,0.35362775898554344,0.038716405630111694
68284104491279872,42,1,0.713067,0.43207097061882455,-0.14686966178455976,-0.36444491147994995
68284104491279872,43,1,0.713067,0.303109431571512,-0.14686966178455976,-0.5184005498886108
68284104491279872,44,1,0.713067,0.43859650579850246,-0.14686966178455976,-0.357934832572937
68284104491279872,70,1,0.713067,0.39992690904730044,-0.14686966178455976,-0.39801937341690063
68284104491279872,71,1,0.713067,0.5385605657005225,-0.14686966178455976,-0.2687654495239258
68265279651517056,42,3,0.951933,0.9908642237178746,-0.02139361753386366,-0.003985852003097534
68265279651517056,43,3,0.951933,1.0614270995898565,-0.02139361753386366,0.02589017152786255
68265279651517056,44,3,0.951933,0.9267588633589959,-0.02139361753386366,-0.03303325176239014
68265279651517056,70,3,0.951933,0.977946260323002,-0.02139361753386366,-0.009685009717941284
68265279651517056,71,3,0.951933,1.0164898020115607,-0.02139361753386366,0.007103025913238525
68261946756899456,42,1,0.5644,0.3989586534026295,-0.24841299491768976,-0.3990721106529236
68261946756899456,43,1,0.5644,0.3811700965013221,-0.24841299491768976,-0.4188811779022217
68261946756899456,44,1,0.5644,0.42520088529432953,-0.24841299491768976,-0.37140583992004395
68261946756899456,70,1,0.5644,0.39052685433162004,-0.24841299491768976,-0.40834909677505493
68261946756899456,71,1,0.5644,0.5438732677810969,-0.24841299491768976,-0.26450228691101074
68261053403709312,42,2,0.6024,0.4448787573036016,-0.2201150368073558,-0.35175833106040955
68261053403709312,43,2,0.6024,0.530248303711262,-0.2201150368073558,-0.2755207121372223
68261053403709312,44,2,0.6024,0.5263586169259091,-0.2201150368073558,-0.2787182629108429
68261053403709312,70,2,0.6024,0.45077019362325643,-0.2201150368073558,-0.3460448086261749
68261053403709312,71,2,0.6024,0.4017299388163126,-0.2201150368073558,-0.3960658013820648
65254576296865152,42,3,0.4434,0.5362713199611527,-0.3532043112215306,-0.27061542868614197
65254576296865152,43,3,0.4434,0.32980916055750475,-0.3532043112215306,-0.48173728585243225
65254576296865152,44,3,0.4434,0.4446666338390676,-0.3532043112215306,-0.35196545720100403
65254885534508672,42,1,0.6712,0.9863916115570803,-0.17314805217935614,-0.005950629711151123
65254885534508672,43,1,0.6712,0.421985054286346,-0.17314805217935614,-0.37470293045043945
65254885534508672,44,1,0.6712,0.5675933009201481,-0.17314805217935614,-0.2459627389907837
65257187636977536,42,0,0.563267,0.5906315978746314,-0.24928569193475258,-0.22868332266807556
65257187636977536,43,0,0.563267,0.6877563670687064,-0.24928569193475258,-0.16256538033485413
65257187636977536,44,0,0.563267,0.5304400245644197,-0.24928569193475258,-0.2753637135028839
68267680536205440,42,3,4.79,4.903840993792116,0.6803355134145632,0.690536379814148
68267680536205440,43,3,4.79,4.608910758346656,0.6803355134145632,0.6635982990264893
68267680536205440,44,3,4.79,4.694901105649381,0.6803355134145632,0.6716264486312866
68268165869533568,42,1,0.3658,0.41685903259733614,-0.43675629885960193,-0.38001078367233276
68268165869533568,43,1,0.3658,0.5033206535289297,-0.43675629885960193,-0.2981552481651306
68268165869533568,44,1,0.3658,0.4535595656785902,-0.43675629885960193,-0.3433656692504883
68268165869533568,70,1,0.3658,0.4816694395993167,-0.43675629885960193,-0.31725090742111206
68268165869533568,71,1,0.3658,0.5314824896725739,-0.43675629885960193,-0.27451103925704956
68268303308484224,42,0,0.3438,0.4764895811513807,-0.4636941276489664,-0.3219465911388397
68268303308484224,43,0,0.3438,0.5438633029304714,-0.4636941276489664,-0.26451024413108826
68268303308484224,44,0,0.3438,0.5240722896502149,-0.4636941276489664,-0.28060880303382874
68268303308484224,70,0,0.3438,0.42110152792444566,-0.4636941276489664,-0.37561318278312683
68268303308484224,71,0,0.3438,0.514304676184355,-0.4636941276489664,-0.28877952694892883
68310561489710336,42,4,1.407133,1.006655294130695,0.14833514820678534,0.002880781888961792
68310561489710336,43,4,1.407133,0.9924288774914102,0.14833514820678534,-0.003300607204437256
68310561489710336,44,4,1.407133,0.8991637614508018,0.14833514820678534,-0.04616120457649231
68310561489710336,70,4,1.407133,0.92439920255742,0.14833514820678534,-0.034140437841415405
68310561489710336,71,4,1.407133,0.6741861347671572,0.14833514820678534,-0.17122018337249756
68317609532996480,42,2,6.691267,7.324247668140547,0.8255083597722933,0.8647630214691162
68317609532996480,43,2,6.691267,5.943767309626062,0.8255083597722933,0.7740617990493774
68317609532996480,44,2,6.691267,5.6384739110903155,0.8255083597722933,0.7511615753173828
68317609532996480,70,2,6.691267,5.881262617172025,0.8255083597722933,0.7694705724716187
68317609532996480,71,2,6.691267,5.710238693343168,0.8255083597722933,0.7566542625427246
69898810332838400,42,4,7.092,5.2112562565613025,0.8507687269288802,0.7169424295425415
69898810332838400,43,4,7.092,6.167953709178072,0.8507687269288802,0.7901411056518555
69898810332838400,44,4,7.092,7.449390453169448,0.8507687269288802,0.87212073802948
69898810332838400,70,4,7.092,7.795409036622989,0.8507687269288802,0.8918389081954956
69898810332838400,71,4,7.092,5.611589619354887,0.8507687269288802,0.7490859031677246
374400957846408192,17,3,0.508303,0.43321967296624536,-0.2938773270873793,-0.36329182982444763
435621494703658240,58,3,4.321,4.530836753855114,0.6355842663112301,0.6561784148216248
435621494703658240,86,3,4.321,4.118387989441828,0.6355842663112301,0.614727258682251
435701003137104896,58,2,3.073,4.632824738298824,0.4875625602563782,0.6658458709716797
435701003137104896,86,2,3.073,2.340675741798913,0.4875625602563782,0.36934125423431396
442601194515899264,58,3,0.453,0.5403764872086544,-0.34390179798716813,-0.26730355620384216
442601194515899264,86,3,0.453,0.4685206242631226,-0.34390179798716813,-0.3292712867259979
4784114803446931200,3,4,6.133,8.786181113888535,0.7876729646874929,0.943800151348114
4784114803446931200,4,4,6.133,7.357362705276113,0.7876729646874929,0.8667221665382385
4784114803446931200,5,4,6.133,5.317948512240933,0.7876729646874929,0.7257441282272339
4784114803446931200,30,4,6.133,7.13548758801852,0.7876729646874929,0.8534236550331116
4784114803446931200,31,4,6.133,5.324601700698587,0.7876729646874929,0.7262871265411377
4784114803446931200,32,4,6.133,6.678870729879038,0.7876729646874929,0.8247030377388
4784114803446931200,97,4,6.133,7.771470945905053,0.7876729646874929,0.8905032277107239
4784584668571800960,3,0,8.56,7.836024378780083,0.9324737646771533,0.894095778465271
4784584668571800960,4,0,8.56,8.68803040973074,0.9324737646771533,0.938921332359314
4784584668571800960,5,0,8.56,8.589253706673796,0.9324737646771533,0.9339554309844971
4784584668571800960,30,0,8.56,7.6750892956174335,0.9324737646771533,0.8850834369659424
4784584668571800960,31,0,8.56,8.291809499749753,0.9324737646771533,0.9186493158340454
4784584668571800960,32,0,8.56,7.271829238867396,0.9324737646771533,0.8616436719894409
4784584668571800960,97,0,8.56,6.595950772809069,0.9324737646771533,0.8192774057388306
4784584668571800960,98,0,8.56,7.550827300177927,0.9324737646771533,0.8779945373535156
6404113069483950208,1,1,2.0,2.155982170287566,0.3010299956639812,0.33364516496658325
6404113069483950208,27,1,2.0,1.4418042813376037,0.3010299956639812,0.15890631079673767
6404113069483950208,67,1,2.0,1.509255746976182,0.3010299956639812,0.17876283824443817
6404113069483950208,68,1,2.0,1.1971947015342501,0.3010299956639812,0.07816478610038757
6404113069483950208,94,1,2.0,1.355209357978098,0.3010299956639812,0.13200639188289642
6404113069483950208,95,1,2.0,4.328744538302007,0.3010299956639812,0.6363619565963745
5425628298649940608,9,3,24.7,8.28848263352635,1.3926969532596658,0.9184750318527222
5425628298649940608,35,3,24.7,10.612661405728275,1.3926969532596658,1.0258243083953857
5425628298649940608,36,3,24.7,13.137771084997254,1.3926969532596658,1.1185216903686523
5425628298649940608,62,3,24.7,15.88126371498693,1.3926969532596658,1.2008850574493408
5425628298649940608,63,3,24.7,16.56352200374481,1.3926969532596658,1.2191526889801025
5425628298649940608,89,3,24.7,1.976203437974623,1.3926969532596658,0.2958316504955292
5425628298649940608,99,3,24.7,31.794587244898985,1.3926969532596658,1.5023531913757324
61519672735818880,42,1,0.685,0.5193258201665532,-0.1643094285075744,-0.28456008434295654
61519672735818880,43,1,0.685,0.7863517528342432,-0.1643094285075744,-0.10438314080238342
61519672735818880,44,1,0.685,0.4177583970325922,-0.1643094285075744,-0.3790748119354248
61519672735818880,70,1,0.685,1.0652467888237167,-0.1643094285075744,0.027450233697891235
61519672735818880,71,1,0.685,0.5863701406086763,-0.1643094285075744,-0.23182815313339233
68051390279853824,42,0,8.367,5.99450700902327,0.9225697689857123,0.777753472328186
68051390279853824,43,0,8.367,7.765330859556069,0.9225697689857123,0.8901599645614624
68051390279853824,44,0,8.367,7.686085878275526,0.9225697689857123,0.8857052326202393
68051390279853824,70,0,8.367,9.044708053241672,0.9225697689857123,0.9563945531845093
68051390279853824,71,0,8.367,10.569240942644042,0.9225697689857123,1.0240437984466553
67878663874731136,42,3,0.31915,0.46067982131119084,-0.496005151234176,-0.33660081028938293
67878663874731136,43,3,0.31915,0.6013735418961416,-0.496005151234176,-0.2208556830883026
67878663874731136,44,3,0.31915,0.4189386137763173,-0.496005151234176,-0.37784960865974426
67878663874731136,70,3,0.31915,0.4993069664468431,-0.496005151234176,-0.3016323745250702
67878663874731136,71,3,0.31915,0.4976766974501909,-0.496005151234176,-0.303052693605423
67656665605333888,42,2,0.57495,0.38179489236663217,-0.24036992168996665,-0.41816988587379456
67656665605333888,43,2,0.57495,0.5539443902221662,-0.24036992168996665,-0.25653383135795593
67656665605333888,44,2,0.57495,0.8193204362407315,-0.24036992168996665,-0.08654621243476868
67656665605333888,70,2,0.57495,0.5374871031653771,-0.24036992168996665,-0.269631952047348
67656665605333888,71,2,0.57495,0.5512288821146524,-0.24036992168996665,-0.25866803526878357
67998201404864896,42,4,0.499,0.5022681758949972,-0.3018994543766101,-0.2990643382072449
67998201404864896,43,4,0.499,0.6529745066420323,-0.3018994543766101,-0.18510377407073975
67998201404864896,44,4,0.499,0.38893034046137986,-0.3018994543766101,-0.4101281762123108
67998201404864896,70,4,0.499,0.5226293188547254,-0.3018994543766101,-0.28180623054504395
67998201404864896,71,4,0.499,0.4856751413714043,-0.3018994543766101,-0.3136541247367859
67899520235887616,42,0,0.286,0.5206957784210604,-0.543633966870957,-0.28341594338417053
67899520235887616,43,0,0.286,0.46877680915866393,-0.543633966870957,-0.32903388142585754
67899520235887616,44,0,0.286,0.4581963245753647,-0.543633966870957,-0.33894839882850647
67899520235887616,70,0,0.286,0.5658801225435719,-0.543633966870957,-0.24727556109428406
67899520235887616,71,0,0.286,0.4241363078083564,-0.543633966870957,-0.37249454855918884
67667935599570432,42,3,0.3742,0.4393304456972231,-0.4268962168360089,-0.3572086989879608
67667935599570432,43,3,0.3742,0.41630384821792477,-0.4268962168360089,-0.3805895745754242
67667935599570432,44,3,0.3742,0.436071844720928,-0.4268962168360089,-0.3604419529438019
67667935599570432,70,3,0.3742,0.5146680381108627,-0.4268962168360089,-0.2884728014469147
67667935599570432,71,3,0.3742,0.534555720748083,-0.4268962168360089,-0.272007018327713
64555694921236352,42,1,0.82725,0.9201081452206306,-0.08236322416810933,-0.03616112470626831
64555694921236352,43,1,0.82725,0.7686487268717127,-0.08236322416810933,-0.1142720878124237
64555694921236352,44,1,0.82725,0.8391843210184146,-0.08236322416810933,-0.07614263892173767
64555694921236352,70,1,0.82725,0.6890406209746759,-0.08236322416810933,-0.16175517439842224
64555694921236352,71,1,0.82725,0.8407690501163725,-0.08236322416810933,-0.07532328367233276
67793309988387456,70,1,13.688,0.3645228208456615,1.1363399965330439,-0.4382752776145935
67793309988387456,71,1,13.688,0.5182966360686212,1.1363399965330439,-0.28542160987854004
68014964661425280,42,3,0.47225,0.38284689364243624,-0.3258280334061288,-0.41697487235069275
68014964661425280,43,3,0.47225,0.3780734586105041,-0.3258280334061288,-0.4224238097667694
68014964661425280,44,3,0.47225,0.3494473733291985,-0.3258280334061288,-0.45661821961402893
68014964661425280,70,3,0.47225,0.4122713965317577,-0.3258280334061288,-0.3848167955875397
68014964661425280,71,3,0.47225,0.7596872617173457,-0.3258280334061288,-0.1193651556968689
67618285777617664,42,4,2.79065,3.0849432061207227,0.44570537120726605,0.4892471730709076
67618285777617664,43,4,2.79065,2.8919764604240243,0.44570537120726605,0.4611947536468506
67618285777617664,44,4,2.79065,2.9556584688776057,0.44570537120726605,0.4706542491912842
67618285777617664,70,4,2.79065,3.0009634694001965,0.44570537120726605,0.4772607088088989
67618285777617664,71,4,2.79065,2.815002244466216,0.44570537120726605,0.44947874546051025
64589062523316736,42,4,1.88585,1.2766947097085435,0.27550714610916127,0.10608705878257751
64589062523316736,43,4,1.88585,1.4113687608128145,0.27550714610916127,0.1496405005455017
64589062523316736,44,4,1.88585,0.8465360255687484,0.27550714610916127,-0.07235455513000488
64589062523316736,70,4,1.88585,1.5478061841853297,0.27550714610916127,0.18971657752990723
64589062523316736,71,4,1.88585,1.5534642255574407,0.27550714610916127,0.19130125641822815
6378892098104874880,1,0,0.83,0.9800992690627751,-0.08092190762392612,-0.008729934692382812
6378892098104874880,13,0,0.83,0.9052689036440016,-0.08092190762392612,-0.043222397565841675
6378892098104874880,27,0,0.83,0.8389656347443601,-0.08092190762392612,-0.07625582814216614
6378892098104874880,28,0,0.83,0.7452066527969738,-0.08092190762392612,-0.12772327661514282
6378892098104874880,67,0,0.83,0.8165865749531195,-0.08092190762392612,-0.08799776434898376
6378892098104874880,68,0,0.83,0.8251618342686595,-0.08092190762392612,-0.08346086740493774
6378892098104874880,94,0,0.83,0.850276457895964,-0.08092190762392612,-0.07043984532356262
6378892098104874880,95,0,0.83,0.6981091021553182,-0.08092190762392612,-0.15607669949531555
67832346947351424,42,2,0.549,0.5134253671464317,-0.26042765554990804,-0.2895226776599884
67832346947351424,43,2,0.549,0.37654051645025954,-0.26042765554990804,-0.4241882860660553
67832346947351424,44,2,0.549,0.45159766553714914,-0.26042765554990804,-0.3452483117580414
67832346947351424,70,2,0.549,0.4666489405859734,-0.26042765554990804,-0.33100971579551697
67832346947351424,71,2,0.549,0.47138687277408736,-0.26042765554990804,-0.32662251591682434
2581708281894978176,42,3,1.02,0.9751208328375308,0.00860017176191757,-0.010941565036773682
2581708281894978176,43,3,1.02,1.1501143895810688,0.00860017176191757,0.060741037130355835
274848568032380032,59,0,0.496,0.6165367711511553,-0.30451832350980257,-0.21004101634025574
274848568032380032,86,0,0.496,0.5701156175374187,-0.30451832350980257,-0.24403706192970276
149327461604162688,43,4,28.1,6.250700878782059,1.4487063199050798,0.7959287166595459
149327461604162688,44,4,28.1,2.1545584869941483,1.4487063199050798,0.3333582878112793
5343936233991963392,10,2,5.421,7.367680587888372,0.7340794072805943,0.86733078956604
5343936233991963392,11,2,5.421,5.49276672137623,0.7340794072805943,0.7397911548614502
5343936233991963392,37,2,5.421,6.4675724939559895,0.7340794072805943,0.8107413053512573
151312419393052032,43,4,18.02,29.551425288230384,1.255754786643044,1.4705784320831299
151312419393052032,44,4,18.02,16.009460521672896,1.255754786643044,1.2043766975402832
151312419393052032,70,4,18.02,45.1062821236718,1.255754786643044,1.6542370319366455
151312419393052032,71,4,18.02,25.335553254647355,1.255754786643044,1.4037303924560547
149369139966814976,43,0,3.909,4.136141496491586,0.5920656704322471,0.6165953874588013
149369139966814976,44,0,3.909,3.503966582247963,0.5920656704322471,0.5445599555969238
146366442430208640,43,1,2.383,2.5462625958101643,0.37712404234645613,0.4059031903743744
146366442430208640,44,1,2.383,2.8102939446102635,0.37712404234645613,0.4487517476081848
147877549363243520,43,4,6.598,4.005846218170212,0.8194123112093251,0.6026942729949951
147877549363243520,44,4,6.598,3.763405490346899,0.8194123112093251,0.5755810141563416
147877549363243520,70,4,6.598,2.8951379768910943,0.8194123112093251,0.46166926622390747
147877549363243520,71,4,6.598,2.45782406529319,0.8194123112093251,0.39055079221725464
151102790629500288,43,3,1.157,0.40541678208169424,0.06333335895174956,-0.3920982778072357
151102790629500288,44,3,1.157,0.45557538014184806,0.06333335895174956,-0.34143975377082825
151793082068521856,43,0,5.981,5.379209191677347,0.776773802412107,0.7307184338569641
151793082068521856,44,0,5.981,5.159021400525748,0.776773802412107,0.7125673294067383
151793082068521856,70,0,5.981,5.228178544020077,0.776773802412107,0.7183504104614258
151793082068521856,71,0,5.981,4.85062622606591,0.776773802412107,0.6857978105545044
150908490604475520,43,0,2.65,1.6362301978363056,0.42324587393680785,0.2138444036245346
150908490604475520,44,0,2.65,1.6579993113022145,0.42324587393680785,0.21958434581756592
150908490604475520,70,0,2.65,0.5163409273059927,0.42324587393680785,-0.28706344962120056
150908490604475520,71,0,2.65,0.44723316745172587,0.42324587393680785,-0.3494659960269928
146277553787186048,43,2,3.37,1.842164999059024,0.5276299008713387,0.2653285264968872
146277553787186048,44,2,3.37,1.4414340952166598,0.5276299008713387,0.15879479050636292
147799209159857280,43,0,1.728,1.1664126256515008,0.23754373814287447,0.06685221195220947
147799209159857280,44,0,1.728,1.0104210513959182,0.23754373814287447,0.004502385854721069
151028990206478080,43,1,2.386,2.5960415995461914,0.3776704393343231,0.41431164741516113
151028990206478080,44,1,2.386,2.56249821110791,0.3776704393343231,0.4086635708808899
151028990206478080,70,1,2.386,1.799760891229456,0.3776704393343231,0.2552148103713989
151028990206478080,71,1,2.386,1.4847019486315634,0.3776704393343231,0.17163927853107452
151037064744973696,43,2,1.464,1.159205668057017,0.16554107672237306,0.06416049599647522
151037064744973696,44,2,1.464,1.0791064931984127,0.16554107672237306,0.033064305782318115
147908438767993216,43,0,0.76,0.680481282004054,-0.11918640771920865,-0.16718381643295288
147908438767993216,44,0,0.76,0.785183656954202,-0.11918640771920865,-0.10502874851226807
147908438767993216,70,0,0.76,4.555789128370677,-0.11918640771920865,0.6585636138916016
147908438767993216,71,0,0.76,1.4618925149347242,-0.11918640771920865,0.16491544246673584
147796013704188928,43,2,6.785,4.710491868519196,0.8315498519957559,0.673066258430481
147796013704188928,44,2,6.785,2.6560885893405293,0.8315498519957559,0.4242425560951233
147796013704189440,43,4,6.948,3.9316625845268827,0.841859809775061,0.5945762395858765
147796013704189440,44,4,6.948,3.3630778069565612,0.841859809775061,0.5267369151115417
147801339463632000,43,4,1.027,0.8417808888466123,0.01157044359727816,-0.07480093836784363
147801339463632000,44,4,1.027,1.1467336251168707,0.01157044359727816,0.059462547302246094
147790202612482560,43,1,7.133,5.503881459691378,0.8532722240206833,0.7406690716743469
147790202612482560,44,1,7.133,3.6142174103209324,0.8532722240206833,0.5580142736434937
147786354323787008,43,4,0.711,0.6193020849515578,-0.14813039927023372,-0.2080974578857422
147786354323787008,44,4,0.711,0.6952605994497716,-0.14813039927023372,-0.1578523814678192
147786354323787008,70,4,0.711,0.9651602812172694,-0.14813039927023372,-0.015400558710098267
147786354323787008,71,4,0.711,0.47499577207223503,-0.14813039927023372,-0.3233102560043335
5123066097663430016,3,1,1.555,0.7774990968811502,0.1917303933628563,-0.10930010676383972
5123066097663430016,30,1,1.555,1.1073880710784427,0.1917303933628563,0.04429984092712402
5123066097663430016,97,1,1.555,1.7075074144551003,0.1917303933628563,0.23236259818077087
3228854506445679616,5,0,2.09,2.1587517707564134,0.32014628611105395,0.33420270681381226
3228854506445679616,32,0,2.09,2.3557994790012318,0.32014628611105395,0.3721383213996887
3228854506445679616,98,0,2.09,2.369352818239229,0.32014628611105395,0.3746297359466553
6800238044930953600,1,2,0.7363500000000001,0.6382359476238249,-0.13291570884444928,-0.1950187385082245
6800238044930953600,27,2,0.7363500000000001,0.7317159813073039,-0.13291570884444928,-0.13565745949745178
2128072564788836096,74,3,10.45662,3.9622570819636467,1.0193913257771536,0.5979426503181458
2128072564788836096,75,3,10.45662,3.0961427369107644,1.0193913257771536,0.490820974111557
2128072564788836096,81,3,10.45662,3.1325037592018954,1.0193913257771536,0.49589160084724426
2128072564788836096,82,3,10.45662,3.6118669812351416,1.0193913257771536,0.5577317476272583
2128163029676990848,14,2,0.609,0.6736056295840989,-0.21538270736712464,-0.1715942919254303
2128163029676990848,15,2,0.609,0.7778754392213897,-0.21538270736712464,-0.1090899407863617
2128163029676990848,40,2,0.609,0.5476871019257273,-0.21538270736712464,-0.26146748661994934
2128163029676990848,54,2,0.609,0.7296895210147735,-0.21538270736712464,-0.1368618905544281
2128163029676990848,55,2,0.609,0.6738430800657462,-0.21538270736712464,-0.1714412271976471
2128152068923234432,54,3,14.148,4.880446041744907,1.1506950511427139,0.6884595155715942
3408923003195121024,43,1,0.439,0.5024294376514744,-0.35753547975787864,-0.29892492294311523
3408923003195121024,71,1,0.439,0.7718501257511856,-0.35753547975787864,-0.11246702075004578
2128119775068504576,74,0,1.528,12.835653590829397,0.18412335423967113,1.1084179878234863
2128119775068504576,75,0,1.528,15.464684643132452,0.18412335423967113,1.1893410682678223
2128119775068504576,81,0,1.528,4.65857470413674,0.18412335423967113,0.6682530641555786
2128119775068504576,82,0,1.528,3.475444677792754,0.18412335423967113,0.5410103797912598
2128108981810511616,54,0,15.96,5.86131174903064,1.2030328870147107,0.7679948210716248
2128145162615294976,54,2,5.164,4.336675273233772,0.7129862335943826,0.6371569037437439
2128141417403122944,14,0,19.187,4.169110412954849,1.2830070755537553,0.6200433969497681
2128141417403122944,15,0,19.187,3.1893660654765834,1.2830070755537553,0.5037043690681458
2128141417403122944,40,0,19.187,3.34657318609748,1.2830070755537553,0.5246003270149231
2128141417403122944,41,0,19.187,3.2750955878328725,1.2830070755537553,0.5152239799499512
2128141417403122944,54,0,19.187,3.3199748498343364,1.2830070755537553,0.5211347937583923
2128141417403122944,55,0,19.187,3.857449541607455,1.2830070755537553,0.586300253868103
2128132758749075456,14,3,0.906,0.8587749061831471,-0.042871802323186915,-0.06612065434455872
2128132758749075456,15,3,0.906,0.9151194507047636,-0.042871802323186915,-0.03852221369743347
2128132243353381632,54,0,12.42654,14.289770166773707,1.094350222118284,1.1550252437591553
2080064515564300160,74,1,0.249,2.937297664014682e-07,-0.6038006529042637,-6.532052040100098
2080064515564300160,75,1,0.249,1.8109799790620777,-0.6038006529042637,0.25791364908218384
2080064515564300160,81,1,0.249,1.3531221921080745,-0.6038006529042637,0.1313370168209076
2080064515564300160,82,1,0.249,1.2031966951016184,-0.6038006529042637,0.08033663034439087
2128128910458794112,54,4,15.266,20.575360766902424,1.1837252580455784,1.3133474588394165
2128143478993406592,54,1,10.516667,2.697726993533816,1.0218781226257672,0.4309979975223541
5355751581627180288,9,0,0.7315,0.7727479478355267,-0.13578566953867033,-0.11196213960647583
5355751581627180288,10,0,0.7315,0.7747687708405067,-0.13578566953867033,-0.11082789301872253
5355751581627180288,36,0,0.7315,0.8440510478744079,-0.13578566953867033,-0.07363128662109375
5355751581627180288,37,0,0.7315,0.7586145789930061,-0.13578566953867033,-0.11997881531715393
5355751581627180288,63,0,0.7315,0.6418216795855417,-0.13578566953867033,-0.19258561730384827
5355751581627180288,64,0,0.7315,0.8008170475489974,-0.13578566953867033,-0.09646669030189514
5355751581627180288,90,0,0.7315,0.7981146397330336,-0.13578566953867033,-0.09793472290039062
6381776460702010624,1,0,1.648,1.7684130743785516,0.21695720736109697,0.24758371710777283
6381776460702010624,13,0,1.648,1.7908367158750764,0.21695720736109697,0.25305598974227905
6381776460702010624,27,0,1.648,1.7744606894817834,0.21695720736109697,0.24906638264656067
6381776460702010624,28,0,1.648,2.033274193591599,0.21695720736109697,0.30819594860076904
6381776460702010624,67,0,1.648,1.6553136477864376,0.21695720736109697,0.218880295753479
6381776460702010624,68,0,1.648,1.776712506330097,0.21695720736109697,0.24961715936660767
6381776460702010624,94,0,1.648,1.0996044532551614,0.21695720736109697,0.04123649001121521
6381776460702010624,95,0,1.648,1.0294533717682026,0.21695720736109697,0.012606680393218994
4632037879874910080,1,4,7.5,7.59211658126476,0.8750612633917001,0.880362868309021
4632037879874910080,13,4,7.5,5.923951562507853,0.8750612633917001,0.7726114988327026
4632037879874910080,28,4,7.5,7.802331016107347,0.8750612633917001,0.8922243714332581
4632037879874910080,39,4,7.5,10.158347445395169,0.8750612633917001,1.0068230628967285
4632037879874910080,66,4,7.5,6.770654614192953,0.8750612633917001,0.8306306600570679
4632037879874910080,68,4,7.5,7.625679732683226,0.8750612633917001,0.882278561592102
4632037879874910080,93,4,7.5,6.368801560504118,0.8750612633917001,0.8040577173233032
4632037879874910080,94,4,7.5,7.149637915913556,0.8750612633917001,0.8542840480804443
4632037879874910080,95,4,7.5,7.609860291987872,0.8750612633917001,0.8813766837120056
964064748856974464,20,4,7.85,6.662942965367164,0.8948696567452525,0.8236660957336426
1412432297740307456,23,2,54.71,34.00543861022729,1.7380667147774693,1.5315483808517456
1412432297740307456,24,2,54.71,5.770760251513401,1.7380667147774693,0.7612330317497253
1412432297740307456,25,2,54.71,20.592469175482723,1.7380667147774693,1.3137084245681763
1412432297740307456,26,2,54.71,20.34824662812922,1.7380667147774693,1.3085269927978516
1412432297740307456,50,2,54.71,20.630686674047684,1.7380667147774693,1.3145136833190918
1412432297740307456,51,2,54.71,35.17487648781293,1.7380667147774693,1.5462325811386108
653781747161312512,71,1,15.57,20.432312221593907,1.1922886125681202,1.3103175163269043
653781747161312512,72,1,15.57,20.176620828354977,1.1922886125681202,1.3048484325408936
4657651793560005632,1,3,1.183,1.1762197914730081,0.07298474462793039,0.07048848271369934
4657651793560005632,2,3,1.183,1.2433739957436898,0.07298474462793039,0.09460178017616272
4657651793560005632,3,3,1.183,1.6735465790846589,0.07298474462793039,0.22363780438899994
4657651793560005632,5,3,1.183,1.4293566566171634,0.07298474462793039,0.15514060854911804
4657651793560005632,6,3,1.183,1.5364740882942054,0.07298474462793039,0.18652524054050446
4657651793560005632,8,3,1.183,1.1966530161549702,0.07298474462793039,0.07796823978424072
4657651793560005632,9,3,1.183,1.3396527059416565,0.07298474462793039,0.12699222564697266
4657651793560005632,10,3,1.183,1.1388295082090707,0.07298474462793039,0.05645871162414551
4657651793560005632,11,3,1.183,1.1917498535527375,0.07298474462793039,0.07618510723114014
4657651793560005632,12,3,1.183,1.0235189653041339,0.07298474462793039,0.01009589433670044
4657651793560005632,13,3,1.183,1.0904509869786245,0.07298474462793039,0.03760614991188049
4657651793560005632,27,3,1.183,1.2715505765876236,0.07298474462793039,0.10433363914489746
4657651793560005632,28,3,1.183,1.3219806209682428,0.07298474462793039,0.12122508883476257
4657651793560005632,29,3,1.183,1.200379206570852,0.07298474462793039,0.07931846380233765
4657651793560005632,30,3,1.183,1.3372718105282502,0.07298474462793039,0.12621968984603882
4657651793560005632,31,3,1.183,1.1385287516783555,0.07298474462793039,0.05634400248527527
4657651793560005632,32,3,1.183,1.579284869576817,0.07298474462793039,0.19846047461032867
4657651793560005632,33,3,1.183,2.4353654222320236,0.07298474462793039,0.38656413555145264
4657651793560005632,35,3,1.183,1.310691413093152,0.07298474462793039,0.11750045418739319
4657651793560005632,36,3,1.183,1.4677906221808292,0.07298474462793039,0.16666410863399506
4657651793560005632,37,3,1.183,0.9922117213129918,0.07298474462793039,-0.003395646810531616
4657651793560005632,38,3,1.183,1.2434774118679046,0.07298474462793039,0.0946379005908966
4657651793560005632,39,3,1.183,1.2612808282254029,0.07298474462793039,0.10081179440021515
4657651793560005632,61,3,1.183,1.2023582796400203,0.07298474462793039,0.08003389835357666
4657651793560005632,62,3,1.183,1.0655463206995095,0.07298474462793039,0.027572333812713623
4657651793560005632,64,3,1.183,1.1962237024399174,0.07298474462793039,0.07781240344047546
4657651793560005632,65,3,1.183,1.1287732318604757,0.07298474462793039,0.05260670185089111
4657651793560005632,66,3,1.183,1.4184303281419237,0.07298474462793039,0.1518080085515976
4657651793560005632,68,3,1.183,1.3344219599975642,0.07298474462793039,0.12529318034648895
4657651793560005632,69,3,1.183,1.277506497576753,0.07298474462793039,0.10636311769485474
4657651793560005632,87,3,1.183,1.0886252592933534,0.07298474462793039,0.03687840700149536
4657651793560005632,88,3,1.183,1.0845422159004634,0.07298474462793039,0.035246461629867554
4657651793560005632,89,3,1.183,1.182378756498857,0.07298474462793039,0.07275661826133728
4657651793560005632,93,3,1.183,1.4505086802893816,0.07298474462793039,0.1615203320980072
4657651793560005632,95,3,1.183,1.3083494195383565,0.07298474462793039,0.11672374606132507
4657651793560005632,96,3,1.183,1.4285922817906684,0.07298474462793039,0.15490829944610596
4657651793560005632,97,3,1.183,1.0419695995119618,0.07298474462793039,0.017855048179626465
5201378641555926784,93,2,6.5,6.362159360734537,0.8129133566428556,0.8036045432090759
5201196599363180928,64,0,6.548,6.280324683093665,0.8161086707399038,0.7979820966720581
5201196599363180928,65,0,6.548,6.915511675570929,0.8161086707399038,0.8398243188858032
5201196599363180928,66,0,6.548,3.977597909374636,0.8161086707399038,0.5996208786964417
5201196599363180928,93,0,6.548,5.051321637406522,0.8161086707399038,0.7034050226211548
5208216951043609216,1,3,5.081,4.7882510628563955,0.7059491949102957,0.6801769137382507
5208216951043609216,4,3,5.081,5.081262117563692,0.7059491949102957,0.7059715986251831
5208216951043609216,7,3,5.081,4.999591891711146,0.7059491949102957,0.6989345550537109
5208216951043609216,10,3,5.081,5.663238748669043,0.7059491949102957,0.7530648708343506
5208216951043609216,11,3,5.081,5.0690865846443405,0.7059491949102957,0.7049297094345093
5208216951043609216,12,3,5.081,5.3231352398257545,0.7059491949102957,0.7261675000190735
5208216951043609216,13,3,5.081,6.174732973043021,0.7059491949102957,0.7906181812286377
5208216951043609216,27,3,5.081,4.902499162541787,0.7059491949102957,0.6904175281524658
5208216951043609216,31,3,5.081,5.050423935824863,0.7059491949102957,0.7033278346061707
5208216951043609216,34,3,5.081,5.193162694377498,0.7059491949102957,0.7154319286346436
5208216951043609216,37,3,5.081,5.727819807678579,0.7059491949102957,0.7579893469810486
5208216951043609216,38,3,5.081,5.489349812895636,0.7059491949102957,0.7395209074020386
5208216951043609216,61,3,5.081,4.901463094812089,0.7059491949102957,0.6903257369995117
5208216951043609216,64,3,5.081,4.834499987595321,0.7059491949102957,0.6843515634536743
5208216951043609216,65,3,5.081,6.06263438568186,0.7059491949102957,0.7826613783836365
5208216951043609216,66,3,5.081,6.070644969066579,0.7059491949102957,0.7832348346710205
5208216951043609216,67,3,5.081,4.991319442231063,0.7059491949102957,0.6982153654098511
5208216951043609216,87,3,5.081,5.356577332491373,0.7059491949102957,0.7288873791694641
5208216951043609216,88,3,5.081,4.363803834707959,0.7059491949102957,0.6398652195930481
5208216951043609216,93,3,5.081,5.034858464299306,0.7059491949102957,0.7019872665405273
5208216951043609216,94,3,5.081,4.537651573907905,0.7059491949102957,0.6568311452865601
5208216951043609216,97,3,5.081,5.3578147533891425,0.7059491949102957,0.7289876937866211
3248236559980000512,4,0,1.06,0.994416607901616,0.02530586526477026,-0.002431631088256836
3248236559980000512,31,0,1.06,1.063691630944227,0.02530586526477026,0.026815742254257202
3015860275008838272,6,0,0.487,0.9078391037878185,-0.3124710387853657,-0.04199111461639404
3015860275008838272,98,0,0.487,0.8504251415905402,-0.3124710387853657,-0.07036390900611877
6237142264484167296,91,0,2.98669,2.242161599915698,0.47519014785484903,0.35066691040992737
6237394537981424896,91,2,7.2962,8.820066972348325,0.8630967301594362,0.9454718828201294
6237410102943031680,91,4,3.86655,8.057631143408939,0.5873236305967507,0.9062073826789856
6237413813794817024,91,0,1.4438,2.139332296682189,0.15950703747732173,0.3302782475948334
6237415085105533440,91,1,2.5101,2.626358585941017,0.39969102370537474,0.41935402154922485
6243487069351330304,91,3,7.74205,3.137173800767977,0.8888559717690349,0.49653857946395874
4920061410401733632,1,1,0.651,4.113903659111322,-0.18641901143180803,0.6142541170120239
4920061410401733632,2,1,0.651,0.7958709206214226,-0.18641901143180803,-0.09915736317634583
4920061410401733632,28,1,0.651,0.7375968290646239,-0.18641901143180803,-0.13218095898628235
4920061410401733632,29,1,0.651,0.9235014700065266,-0.18641901143180803,-0.03456240892410278
4920061410401733632,68,1,0.651,0.8980657530610878,-0.18641901143180803,-0.04669186472892761
4920061410401733632,69,1,0.651,0.9655118363223422,-0.18641901143180803,-0.015242397785186768
4920061410401733632,95,1,0.651,0.9842339657326058,-0.18641901143180803,-0.006901651620864868
4920061410401733632,96,1,0.651,1.0133810281376447,-0.18641901143180803,0.005772769451141357
4920732799689111424,2,0,1.78,2.0761465230022993,0.250420002308894,0.31725800037384033
4920732799689111424,28,0,1.78,1.32356186405834,0.250420002308894,0.12174424529075623
4920732799689111424,29,0,1.78,2.0638211218594864,0.250420002308894,0.31467205286026
4920732799689111424,68,0,1.78,1.625671837808826,0.250420002308894,0.21103288233280182
4920732799689111424,69,0,1.78,1.9075211323955168,0.250420002308894,0.2804693579673767
4920732799689111424,96,0,1.78,1.7401224646703295,0.250420002308894,0.24057981371879578
1396617472242087168,23,4,6.46,5.524662542861315,0.8102325179950841,0.7423057556152344
1396617472242087168,24,4,6.46,7.1606864920964854,0.8102325179950841,0.8549546599388123
1396617472242087168,50,4,6.46,6.232656673858199,0.8102325179950841,0.7946732044219971
1396617472242087168,51,4,6.46,6.464010486327404,0.8102325179950841,0.8105020523071289
1797276382668029440,55,0,0.422,0.4041204130444787,-0.37468754903832613,-0.39348921179771423
1797276382668029440,82,0,0.422,0.38813759571816286,-0.37468754903832613,-0.41101428866386414
132363027978672000,18,0,4.2648,8.343521823685771,0.6298986695169075,0.9213494062423706
453287657264888192,58,4,3.036,3.056914453757745,0.48230176722344276,0.4852832853794098
453287657264888192,85,4,3.036,1.2339738920175352,0.48230176722344276,0.09130597114562988
453287657264888192,86,4,3.036,2.5851351044085655,0.48230176722344276,0.41248324513435364
443512071181546880,59,2,1.514,1.7528761935435164,0.18012587516405396,0.24375124275684357
443512071181546880,86,2,1.514,0.7814171045943417,0.18012587516405396,-0.10711708664894104
442265087555890176,59,0,0.622,0.7388406934240321,-0.2062096153091813,-0.13144919276237488
442265087555890176,86,0,0.622,0.5199063565157325,-0.2062096153091813,-0.2840748727321625
249368141968881152,86,2,0.655,0.6662854721135535,-0.18375870000821692,-0.17633965611457825
441937295652064896,59,2,6.233,12.092721783543386,0.7946971268919986,1.082524061203003
441937295652064896,86,2,6.233,0.28218775108269895,0.7946971268919986,-0.549461841583252
442417954031852032,59,4,1.936,2.1623664148839765,0.28690535297237485,0.33492928743362427
442417954031852032,86,4,1.936,1.7086290132832664,0.28690535297237485,0.23264777660369873
442049377118210688,86,4,1.412,0.9945194497502186,0.14983469671578492,-0.002386718988418579
249764790788074624,59,1,0.29,0.43615878344647246,-0.5376020021010439,-0.3603553771972656
249764790788074624,86,1,0.29,0.40352791620774286,-0.5376020021010439,-0.39412641525268555
6237176662882197248,91,1,3.9033,3.606015905263988,0.5914319315880868,0.5570276379585266
6237145429879858688,91,1,4.83855,7.617118247115227,0.6847152332670272,0.8817906975746155
6237077943051415680,91,3,1.216,1.2414716340359837,0.08493357493671612,0.09393680095672607
6042654501670349568,91,0,1.6945,1.3098937735996656,0.22904157317339702,0.11723607778549194
6049751196390570880,91,2,1.81175,1.8480234592375808,0.2580982699903159,0.26670747995376587
6049795245575761280,91,2,1.91275,2.1381718158666074,0.2816582106359972,0.33004260063171387
5221009695816673536,2,1,6.649,5.648518146983648,0.8227563329513907,0.7519345283508301
5221009695816673536,3,1,6.649,5.751577332697312,0.8227563329513907,0.7597869634628296
5221009695816673536,6,1,6.649,6.001998390050825,0.8227563329513907,0.7782958745956421
5221009695816673536,9,1,6.649,5.525975196676302,0.8227563329513907,0.7424089312553406
5221009695816673536,10,1,6.649,5.7212634474959465,0.8227563329513907,0.757491946220398
5221009695816673536,11,1,6.649,5.165234726059366,0.8227563329513907,0.7130900621414185
5221009695816673536,12,1,6.649,6.235074501725141,0.8227563329513907,0.7948416471481323
5221009695816673536,13,1,6.649,4.85783203369459,0.8227563329513907,0.686442494392395
5221009695816673536,29,1,6.649,4.267025951546461,0.8227563329513907,0.6301252841949463
5221009695816673536,30,1,6.649,4.672780632563556,0.8227563329513907,0.6695753931999207
5221009695816673536,32,1,6.649,7.174796198465971,0.8227563329513907,0.8558095693588257
5221009695816673536,33,1,6.649,4.7528517645516635,0.8227563329513907,0.6769542694091797
5221009695816673536,36,1,6.649,4.78991594458743,0.8227563329513907,0.6803278923034668
5221009695816673536,37,1,6.649,5.936416232798676,0.8227563329513907,0.7735243439674377
5221009695816673536,38,1,6.649,4.588201597860446,0.8227563329513907,0.6616424918174744
5221009695816673536,39,1,6.649,5.858262931573006,0.8227563329513907,0.7677688598632812
5221009695816673536,62,1,6.649,5.445378536694097,0.8227563329513907,0.7360280752182007
5221009695816673536,63,1,6.649,5.907933774436455,0.8227563329513907,0.7714356184005737
5221009695816673536,64,1,6.649,5.8061753441171895,0.8227563329513907,0.7638901472091675
5221009695816673536,65,1,6.649,5.490626194664297,0.8227563329513907,0.7396218776702881
5221009695816673536,66,1,6.649,4.609342809481906,0.8227563329513907,0.6636390089988708
5221009695816673536,87,1,6.649,6.586397250176145,0.8227563329513907,0.8186479210853577
5221009695816673536,89,1,6.649,4.635469277886902,0.8227563329513907,0.6660937070846558
5221009695816673536,90,1,6.649,5.973979305613523,0.8227563329513907,0.7762637138366699
5221009695816673536,93,1,6.649,5.418288206193717,0.8227563329513907,0.7338621020317078
5221009695816673536,98,1,6.649,9.709646509214725,0.8227563329513907,0.9872034192085266
3652796572020424448,51,1,91.428,44.811032395728255,1.9610792196206361,1.651384949684143
3652796572020424448,91,1,91.428,53.20407250968834,1.9610792196206361,1.7259448766708374
1710948192852697600,14,1,79.22,5.981069062542024,1.898834838068274,0.7767788171768188
1710948192852697600,18,1,79.22,9.239314916561034,1.898834838068274,0.9656397700309753
1710948192852697600,19,1,79.22,12.788065372548038,1.898834838068274,1.1068048477172852
1710948192852697600,20,1,79.22,56.90450143567232,1.898834838068274,1.7551466226577759
1710948192852697600,25,1,79.22,64.32231247682087,1.898834838068274,1.8083616495132446
1710948192852697600,26,1,79.22,51.200327894542205,1.898834838068274,1.7092727422714233
1710948192852697600,40,1,79.22,21.988356471067885,1.898834838068274,1.3421927690505981
1710948192852697600,41,1,79.22,47.108603824366895,1.898834838068274,1.673100233078003
1710948192852697600,47,1,79.22,47.97127687174817,1.898834838068274,1.6809812784194946
1710948192852697600,48,1,79.22,52.759033857792254,1.898834838068274,1.7222968339920044
1710948192852697600,51,1,79.22,4.4256805212966315,1.898834838068274,0.6459800601005554
1710948192852697600,52,1,79.22,36.24191478738323,1.898834838068274,1.5592111349105835
1710948192852697600,58,1,79.22,22.083858944555942,1.898834838068274,1.3440749645233154
1710948192852697600,59,1,79.22,33.04404126716831,1.898834838068274,1.5190931558609009
1710948192852697600,60,1,79.22,16.347111102147196,1.898834838068274,1.213441014289856
1710948192852697600,86,1,79.22,16.203187164619546,1.898834838068274,1.2096004486083984
4634515972925619968,1,4,1.97,1.0585710511969812,0.2944662261615929,0.02472001314163208
4634515972925619968,28,4,1.97,1.2642112025986079,0.2944662261615929,0.10181963443756104
4634515972925619968,66,4,1.97,1.792241916546535,0.2944662261615929,0.2533966302871704
4634515972925619968,68,4,1.97,1.7609246435048218,0.2944662261615929,0.24574077129364014
4634515972925619968,93,4,1.97,1.8990645078380919,0.2944662261615929,0.2785397171974182
4634515972925619968,94,4,1.97,2.12068670806195,0.2944662261615929,0.326476514339447
4634515972925619968,95,4,1.97,2.255798807962191,0.2944662261615929,0.3533003628253937
6683306151547010688,27,0,2.126,3.3056556037280003,0.32756326018727794,0.5192576050758362
6683306151547010688,67,0,2.126,2.231412612938159,0.32756326018727794,0.34857988357543945
6683306151547010688,94,0,2.126,2.471272537924385,0.32756326018727794,0.3929206430912018
6681126197945439232,27,0,1.537,1.3243355186237404,0.1866738674997451,0.12199802696704865
6681126197945439232,67,0,1.537,1.5428560932512667,0.1866738674997451,0.1883254200220108
6681126197945439232,94,0,1.537,1.4993108968193478,0.1866738674997451,0.1758916974067688
3899393459350372224,22,3,2.29,2.3102893995408764,0.359835482339888,0.3636663854122162
3899393459350372224,45,3,2.29,1.8967241307108282,0.359835482339888,0.27800416946411133
3899393459350372224,46,3,2.29,2.1808459245842142,0.359835482339888,0.3386249840259552
3899393459350372224,49,3,2.29,2.2519590572707617,0.359835482339888,0.35256049036979675
610086944617465088,44,2,0.521,0.789031820358282,-0.2831622767004755,-0.10290548205375671
610086944617465088,45,2,0.521,0.8738233080709554,-0.2831622767004755,-0.058576375246047974
610086944617465088,46,2,0.521,0.8615360773155001,-0.2831622767004755,-0.06472653150558472
610086944617465088,72,2,0.521,0.855558587244946,-0.2831622767004755,-0.0677502453327179
658310704273685504,44,3,0.9322,0.998815182158253,-0.030490901403433173,-0.0005148649215698242
658310704273685504,45,3,0.9322,1.4441480952297143,-0.030490901403433173,0.15961173176765442
658310704273685504,46,3,0.9322,0.6583724364831607,-0.030490901403433173,-0.18152835965156555
660066349465717504,44,4,1.54,5.441744640778427,0.18752072083646307,0.7357381582260132
660066349465717504,45,4,1.54,4.038370666584727,0.18752072083646307,0.6062061786651611
660066349465717504,46,4,1.54,0.8609913935767766,0.18752072083646307,-0.06500118970870972
660066349465717504,72,4,1.54,2.5833631498360865,0.18752072083646307,0.4121854603290558
610194902914961664,44,2,5.746,5.838044739598822,0.7593656216559287,0.7662674188613892
610194902914961664,45,2,5.746,7.214635233048955,0.7593656216559287,0.8582143783569336
610194902914961664,46,2,5.746,6.3960630039023005,0.7593656216559287,0.8059127330780029
610194902914961664,72,2,5.746,4.811639233854138,0.7593656216559287,0.6822930574417114
610194662397070080,44,0,0.931,0.6558393417562659,-0.031050319018657353,-0.18320253491401672
610194662397070080,45,0,0.931,1.0591286501654067,-0.031050319018657353,0.024948716163635254
610194662397070080,46,0,0.931,1.1437200054018886,-0.031050319018657353,0.05831971764564514
610194662397070080,72,0,0.931,0.8551844485436749,-0.031050319018657353,-0.06794020533561707
6380514358792367232,1,3,0.57,0.566148204783067,-0.24412514432750865,-0.24706986546516418
6380514358792367232,13,3,0.57,1.069302389465664,-0.24412514432750865,0.029100537300109863
6380514358792367232,27,3,0.57,0.5645279778944798,-0.24412514432750865,-0.2483145296573639
6380514358792367232,28,3,0.57,0.5537382461621658,-0.24412514432750865,-0.2566954791545868
6380514358792367232,67,3,0.57,0.5644318352506915,-0.24412514432750865,-0.24838849902153015
6380514358792367232,68,3,0.57,0.5626092366401544,-0.24412514432750865,-0.249793142080307
6380514358792367232,94,3,0.57,0.5080716449649618,-0.24412514432750865,-0.29407504200935364
6380514358792367232,95,3,0.57,0.4963755117239557,-0.24412514432750865,-0.30418965220451355
3392323607430380416,5,1,1.842,2.84646994426599,0.26528962586083016,0.45430660247802734
3392323607430380416,43,1,1.842,2.0662991929584003,0.26528962586083016,0.31519320607185364
3392323607430380416,71,1,1.842,2.8045575333574,0.26528962586083016,0.4478643536567688
5491506843495850240,7,2,2.864,3.1057763950791344,0.45697301363581794,0.49217018485069275
5491506843495850240,8,2,2.864,3.070035499371316,0.45697301363581794,0.4871433973312378
5491506843495850240,9,2,2.864,3.2555943329800163,0.45697301363581794,0.51263028383255
5491506843495850240,33,2,2.864,3.141318314531096,0.45697301363581794,0.4971119463443756
5491506843495850240,34,2,2.864,3.241477134052522,0.45697301363581794,0.5107429623603821
5491506843495850240,35,2,2.864,2.9714812149056935,0.45697301363581794,0.4729729890823364
5491506843495850240,36,2,2.864,3.0246452536605473,0.45697301363581794,0.4806744456291199
5491506843495850240,39,2,2.864,2.8202209858653555,0.45697301363581794,0.45028313994407654
5491506843495850240,61,2,2.864,2.3461983530252164,0.45697301363581794,0.3703647255897522
5491506843495850240,62,2,2.864,2.6555429376112727,0.45697301363581794,0.42415332794189453
5491506843495850240,66,2,2.864,3.2958809456753517,0.45697301363581794,0.5179715156555176
5491506843495850240,69,2,2.864,3.1118049598501054,0.45697301363581794,0.49301236867904663
5491506843495850240,87,2,2.864,3.0431251897760627,0.45697301363581794,0.48331981897354126
5491506843495850240,88,2,2.864,2.877129043308671,0.45697301363581794,0.45895934104919434
5491506843495850240,89,2,2.864,3.037758909165324,0.45697301363581794,0.48255330324172974
5491506843495850240,93,2,2.864,3.039120446610408,0.45697301363581794,0.4827479124069214
5491506843495850240,96,2,2.864,3.3947793224620697,0.45697301363581794,0.5308115482330322
4662589219211975296,1,3,7.824,6.2172972580651615,0.8934288417795451,0.7936016321182251
4662589219211975296,2,3,7.824,6.723521278115261,0.8934288417795451,0.8275967836380005
4662589219211975296,3,3,7.824,5.026736005299874,0.8934288417795451,0.7012860774993896
4662589219211975296,4,3,7.824,6.133518130554321,0.8934288417795451,0.787709653377533
4662589219211975296,5,3,7.824,6.361052273607997,0.8934288417795451,0.8035289645195007
4662589219211975296,6,3,7.824,5.286803497559791,0.8934288417795451,0.7231931686401367
4662589219211975296,7,3,7.824,6.662313850681947,0.8934288417795451,0.8236250877380371
4662589219211975296,8,3,7.824,6.088243529031643,0.8934288417795451,0.784492015838623
4662589219211975296,10,3,7.824,5.760140513931008,0.8934288417795451,0.7604330778121948
4662589219211975296,11,3,7.824,4.904068482029681,0.8934288417795451,0.690556526184082
4662589219211975296,12,3,7.824,6.836391826353457,0.8934288417795451,0.8348269462585449
4662589219211975296,13,3,7.824,6.579077529362561,0.8934288417795451,0.8181650042533875
4662589219211975296,27,3,7.824,14.760647555453675,0.8934288417795451,1.1691054105758667
4662589219211975296,28,3,7.824,7.875312059230229,0.8934288417795451,0.8962677717208862
4662589219211975296,29,3,7.824,6.794477458046414,0.8934288417795451,0.8321560621261597
4662589219211975296,30,3,7.824,6.8031030183044265,0.8934288417795451,0.8327070474624634
4662589219211975296,31,3,7.824,6.6100244493890425,0.8934288417795451,0.8202030658721924
4662589219211975296,32,3,7.824,4.647963119576618,0.8934288417795451,0.6672626733779907
4662589219211975296,33,3,7.824,7.071213994699161,0.8934288417795451,0.8494939804077148
4662589219211975296,34,3,7.824,7.23322881727593,0.8934288417795451,0.8593322038650513
4662589219211975296,35,3,7.824,8.265846760723225,0.8934288417795451,0.9172873497009277
4662589219211975296,36,3,7.824,7.807900243276058,0.8934288417795451,0.8925342559814453
4662589219211975296,37,3,7.824,6.691002466245867,0.8934288417795451,0.825491189956665
4662589219211975296,38,3,7.824,7.12952119956897,0.8934288417795451,0.8530603647232056
4662589219211975296,39,3,7.824,6.429892279346594,0.8934288417795451,0.8082036972045898
4662589219211975296,61,3,7.824,7.822951330690366,0.8934288417795451,0.8933706283569336
4662589219211975296,62,3,7.824,6.806997621149833,0.8934288417795451,0.8329555988311768
4662589219211975296,63,3,7.824,6.229829364545587,0.8934288417795451,0.7944761514663696
4662589219211975296,64,3,7.824,7.1346170360241885,0.8934288417795451,0.8533706665039062
4662589219211975296,65,3,7.824,6.63670238998524,0.8934288417795451,0.8219523429870605
4662589219211975296,66,3,7.824,5.361354339822751,0.8934288417795451,0.7292745113372803
4662589219211975296,67,3,7.824,6.286863326457108,0.8934288417795451,0.7984340190887451
4662589219211975296,68,3,7.824,6.979518447662838,0.8934288417795451,0.8438254594802856
4662589219211975296,87,3,7.824,6.540288983923726,0.8934288417795451,0.8155969381332397
4662589219211975296,88,3,7.824,6.9642699966080235,0.8934288417795451,0.842875599861145
4662589219211975296,89,3,7.824,7.049692293857343,0.8934288417795451,0.8481701612472534
4662589219211975296,90,3,7.824,6.467066558673912,0.8934288417795451,0.8107073307037354
4662589219211975296,93,3,7.824,7.607831267107665,0.8934288417795451,0.881260871887207
4662589219211975296,94,3,7.824,6.977895949648079,0.8934288417795451,0.8437244892120361
4662589219211975296,95,3,7.824,6.118237603960238,0.8934288417795451,0.7866263389587402
4662589219211975296,96,3,7.824,7.473496429447301,0.8934288417795451,0.8735238313674927
4662589219211975296,97,3,7.824,6.6714601427596945,0.8934288417795451,0.8242208957672119
4662589219211975296,98,3,7.824,6.21390720217226,0.8934288417795451,0.7933647632598877
5561614350584396800,87,0,3.14,1.909332713057447,0.49692964807321494,0.2808816134929657
5561614350584396800,88,0,3.14,2.882075494721831,0.49692964807321494,0.4597053527832031
5410009942142844032,9,0,0.403,0.4712384849297864,-0.39469495385889053,-0.3267592489719391
5410009942142844032,35,0,0.403,0.4567880444831045,-0.39469495385889053,-0.3402852714061737
5410009942142844032,36,0,0.403,0.4268737789681333,-0.39469495385889053,-0.36970052123069763
5410009942142844032,62,0,0.403,0.40911034054084056,-0.39469495385889053,-0.38815954327583313
5410009942142844032,63,0,0.403,0.43341271381587354,-0.39469495385889053,-0.3630983531475067
6739809744861879040,13,4,1.09,1.1032972662271743,0.037426497940623665,0.04269254207611084
6739809744861879040,27,4,1.09,0.8474539590960197,0.037426497940623665,-0.07188388705253601
6739809744861879040,67,4,1.09,0.8658250434503489,0.037426497940623665,-0.06256985664367676
6739809744861879040,94,4,1.09,1.1544490498589102,0.037426497940623665,0.062374770641326904
2901786974419551488,98,1,1.53,3.52776459321676,0.1846914308175988,0.5474995970726013
5156815675796804224,4,1,5.8,6.0645842270870185,0.7634279935629372,0.7828010320663452
6846651450099142016,27,4,0.471,0.5635106343569801,-0.3269790928711038,-0.24909788370132446
6803442674646843008,1,3,4.8,0.5697855958152342,0.6812412373755872,-0.24428853392601013
6803442674646843008,28,3,4.8,0.2284704801166818,0.6812412373755872,-0.6411699056625366
6803442674646843008,68,3,4.8,1.9574724319619192,0.6812412373755872,0.29169565439224243
70313016978627584,42,2,9.506,7.985759239969721,0.9779978099587397,0.9023162126541138
70313016978627584,43,2,9.506,7.013029432818974,0.9779978099587397,0.8459056615829468
70313016978627584,44,2,9.506,5.785687465431662,0.9779978099587397,0.7623549699783325
70313016978627584,70,2,9.506,7.746879088451775,0.9779978099587397,0.8891267776489258
70313016978627584,71,2,9.506,7.359634004967452,0.9779978099587397,0.8668562173843384
69904101732529408,42,0,0.669,0.802564013723913,-0.17457388223217687,-0.09552031755447388
69904101732529408,43,0,0.669,0.6417550014427469,-0.17457388223217687,-0.19263073801994324
69904101732529408,44,0,0.669,0.7675610202700711,-0.17457388223217687,-0.11488708853721619
69904101732529408,70,0,0.669,0.7305237134983351,-0.17457388223217687,-0.13636568188667297
69904101732529408,71,0,0.669,0.6714922890998642,-0.17457388223217687,-0.17295897006988525
68323966084583680,42,0,0.7068,0.7255455214521295,-0.15070345916527353,-0.13933533430099487
68323966084583680,43,0,0.7068,0.7607848495355102,-0.15070345916527353,-0.11873814463615417
68323966084583680,44,0,0.7068,1.0868195179610027,-0.15070345916527353,0.036157429218292236
68323966084583680,70,0,0.7068,0.7735202062050531,-0.15070345916527353,-0.11152833700180054
68323966084583680,71,0,0.7068,0.5675165364401197,-0.15070345916527353,-0.24602147936820984
68319529381881344,42,1,0.72135,0.591000013818126,-0.14185396387051147,-0.22841250896453857
68319529381881344,43,1,0.72135,0.2981813727263197,-0.14185396387051147,-0.5255194902420044
68319529381881344,44,1,0.72135,0.49425744074708244,-0.14185396387051147,-0.3060467839241028
68319529381881344,70,1,0.72135,0.3466818604274122,-0.14185396387051147,-0.46006888151168823
68319529381881344,71,1,0.72135,0.4184703602761385,-0.14185396387051147,-0.37833529710769653
68314414077327744,42,3,0.256133,0.3557835597885467,-0.5915344637236093,-0.44881412386894226
68314414077327744,43,3,0.256133,0.2808400419261103,-0.5915344637236093,-0.5515409708023071
68314414077327744,44,3,0.256133,0.26772024123189925,-0.5915344637236093,-0.5723187923431396
68314414077327744,70,3,0.256133,0.3411077146467753,-0.5915344637236093,-0.46710845828056335
68314414077327744,71,3,0.256133,0.3125792817175023,-0.5915344637236093,-0.5050398111343384
68298093201624960,42,4,0.3641,0.4393313802831862,-0.43877932106605627,-0.3572077751159668
68298093201624960,43,4,0.3641,0.3475916926602266,-0.43877932106605627,-0.4589306116104126
68298093201624960,44,4,0.3641,0.516109215036044,-0.43877932106605627,-0.2872583866119385
68294554148575232,42,2,1.369067,1.3707515107345811,0.13642470234748685,0.13695873320102692
68294554148575232,43,2,1.369067,1.4918040324078425,0.13642470234748685,0.17371177673339844
68294554148575232,44,2,1.369067,1.604599183135568,0.13642470234748685,0.2053665667772293
68294554148575232,70,2,1.369067,1.6383533111942097,0.13642470234748685,0.2144075632095337
68294554148575232,71,2,1.369067,1.4905299024763454,0.13642470234748685,0.17334069311618805
65264506261240448,42,2,0.35,0.4149136675402165,-0.4559319556497244,-0.38204225897789
65264506261240448,43,2,0.35,0.504781873216556,-0.4559319556497244,-0.2968962490558624
65264506261240448,44,2,0.35,0.460410241777796,-0.4559319556497244,-0.33685502409935
65264506261240448,70,2,0.35,0.4762419919777861,-0.4559319556497244,-0.3221723139286041
65264506261240448,71,2,0.35,0.40833880589507576,-0.4559319556497244,-0.38897934556007385
65264673762670080,70,3,0.354,0.5898198429773547,-0.4509967379742122,-0.22928062081336975
65264673762670080,71,3,0.354,0.5779526099962295,-0.4509967379742122,-0.23810777068138123
65263097511969792,42,3,0.416267,0.4756160423253384,-0.3806280168959964,-0.3227435052394867
65263097511969792,43,3,0.416267,0.42914332700959523,-0.3806280168959964,-0.36739763617515564
65263097511969792,44,3,0.416267,0.3163726921391303,-0.3806280168959964,-0.49980100989341736
65263097511969792,70,3,0.416267,0.47369020303522374,-0.3806280168959964,-0.32450559735298157
65263097511969792,71,3,0.416267,0.5127820732201024,-0.3806280168959964,-0.2900671660900116
661588004838893568,44,2,0.35375,0.9259652023143391,-0.45130355146765333,-0.03340533375740051
661588004838893568,45,2,0.35375,0.8081288798659645,-0.45130355146765333,-0.0925193727016449
661588004838893568,46,2,0.35375,0.7612408565287095,-0.45130355146765333,-0.11847791075706482
661588004838893568,72,2,0.35375,1.429590512436543,-0.45130355146765333,0.1552116572856903
689060883406994048,44,2,4.13215,7.043062004926832,0.6161760783340015,0.8477615118026733
689060883406994048,45,2,4.13215,13.91327594068411,0.6161760783340015,1.1434293985366821
689060883406994048,46,2,4.13215,7.982138864772638,0.6161760783340015,0.9021192789077759
4805600119646735616,5,1,1.24,1.1140460250350497,0.09342168516223506,0.046903133392333984
4805600119646735616,6,1,1.24,1.4997322239097381,0.09342168516223506,0.17601372301578522
4805600119646735616,33,1,1.24,1.3303575927535671,0.09342168516223506,0.12396839261054993
4625883599760005760,1,2,3.087,2.041320894211865,0.4895366294820954,0.3099112808704376
4625883599760005760,5,2,3.087,2.9023097389933845,0.4895366294820954,0.46274375915527344
4625883599760005760,8,2,3.087,3.0287333852620586,0.4895366294820954,0.4812610447406769
4625883599760005760,12,2,3.087,3.5250184977330585,0.4895366294820954,0.5471614003181458
4625883599760005760,13,2,3.087,2.758776986347044,0.4895366294820954,0.44071659445762634
4625883599760005760,27,2,3.087,3.188478485134972,0.4895366294820954,0.5035834908485413
4625883599760005760,28,2,3.087,3.487391738022782,0.4895366294820954,0.5425007343292236
4625883599760005760,29,2,3.087,2.9580945811573502,0.4895366294820954,0.47101205587387085
4625883599760005760,32,2,3.087,3.131426565568796,0.4895366294820954,0.49574223160743713
4625883599760005760,35,2,3.087,3.2370767431857885,0.4895366294820954,0.5101529955863953
4625883599760005760,39,2,3.087,2.8823923475103115,0.4895366294820954,0.4597530961036682
4625883599760005760,62,2,3.087,3.5225902231975086,0.4895366294820954,0.5468621253967285
4625883599760005760,65,2,3.087,2.997146249003788,0.4895366294820954,0.47670793533325195
4625883599760005760,66,2,3.087,3.0362800494702515,0.4895366294820954,0.48234182596206665
4625883599760005760,67,2,3.087,3.127096172395872,0.4895366294820954,0.49514123797416687
4625883599760005760,68,2,3.087,3.4997698692739143,0.4895366294820954,0.5440394878387451
4625883599760005760,89,2,3.087,2.6836462778754315,0.4895366294820954,0.4287252724170685
4625883599760005760,93,2,3.087,3.439663446525431,0.4895366294820954,0.5365159511566162
4625883599760005760,94,2,3.087,3.0954882023850705,0.4895366294820954,0.4907291531562805
4625883599760005760,95,2,3.087,3.020091119033525,0.4895366294820954,0.48002004623413086
4625883599760005760,96,2,3.087,3.2583147746231127,0.4895366294820954,0.5129930377006531
4625883599760005760,98,2,3.087,3.392548785303627,0.4895366294820954,0.5305261015892029
3393315298200049536,43,3,1.45,0.8652034295397336,0.16136800223497488,-0.06288176774978638
3393315298200049536,44,3,1.45,0.9551351092245541,0.16136800223497488,-0.019935190677642822
3407257105639932032,43,1,3.028,1.9078108330962482,0.4811558708280351,0.2805353105068207
3407257105639932032,44,1,3.028,2.2348828207746596,0.4811558708280351,0.3492547571659088
3407257105639932032,71,1,3.028,5.307016963075668,0.4811558708280351,0.7248504757881165
3391712038447198080,5,3,8.96,9.495213410898854,0.9523080096621253,0.9775047302246094
3391712038447198080,32,3,8.96,8.881497725465438,0.9523080096621253,0.9484862089157104
3391712038447198080,43,3,8.96,9.68919537165551,0.9523080096621253,0.9862877130508423
3391712038447198080,44,3,8.96,9.27648367658512,0.9523080096621253,0.9673833847045898
3391712038447198080,71,3,8.96,8.431849974044376,0.9523080096621253,0.9259228706359863
80824382498943744,42,2,0.582,2.5921386729847082,-0.23507701535011155,0.4136582314968109
80824382498943744,43,2,0.582,1.3843437666619727,-0.23507701535011155,0.14124394953250885
80824382498943744,70,2,0.582,0.8019762055346835,-0.23507701535011155,-0.0958385169506073
80824382498943744,71,2,0.582,1.0070732402563944,-0.23507701535011155,0.003061056137084961
659665096441437184,44,2,7.2838,8.026191996242286,0.8623580123440708,0.9045095443725586
659665096441437184,45,2,7.2838,9.621974638073723,0.8623580123440708,0.9832642078399658
659665096441437184,46,2,7.2838,7.862838184527117,0.8623580123440708,0.8955793380737305
659665096441437184,72,2,7.2838,8.231609998911035,0.8623580123440708,0.9154847860336304
659669597567160704,44,3,28.094,2.973558969494265,1.4486135780856215,0.4732765555381775
659669597567160704,45,3,28.094,7.65119199797128,1.4486135780856215,0.883729100227356
659669597567160704,46,3,28.094,13.576548437436621,1.4486135780856215,1.1327893733978271
659669597567160704,72,3,28.094,8.16151122362245,1.4486135780856215,0.9117705821990967
659742367196651392,72,0,21.18935,15.121645295296739,1.3261176345898438,1.1795990467071533
659755630055476992,72,4,9.349033,7.558328737816551,0.9707666927460697,0.8784257769584656
659758967246506880,72,0,9.049867,6.922759137530714,0.9566421967090122,0.840279221534729
659770340319909760,72,4,11.82695,10.34523186053309,1.0728727607773372,1.014740228652954
659772195745778688,72,0,0.952133,4.804894959919527,-0.021302382359557642,0.6816838979721069
661277186647511936,72,4,17.547,14.595946204122086,1.2442028760829846,1.1642322540283203
661277461525418752,72,0,5.922967,6.556763079715793,0.7725393129620937,0.8166894912719727
661277908202012672,72,1,1.3327,5.735683975988247,0.12473239772002942,0.7585852146148682
661278767195471360,44,0,4.5376,7.37886052976135,0.6568262091669538,0.8679893016815186
661278767195471360,46,0,4.5376,9.781180073412578,0.6568262091669538,0.9903912544250488
661279042073291776,44,4,15.401933,13.86882082507074,1.187575229833325,1.1420395374298096
661279042073291776,46,4,15.401933,13.202716117398499,1.187575229833325,1.1206632852554321
661279042073291776,72,4,15.401933,14.618066447793112,1.187575229833325,1.164889931678772
664281494793527936,44,4,0.122,0.2069666004461198,-0.9136401693252518,-0.6840997338294983
664281494793527936,46,4,0.122,0.13777471273489308,-0.9136401693252518,-0.8608304858207703
664281494793527936,72,4,0.122,0.10024554363914386,-0.9136401693252518,-0.9989349246025085
664281396011231744,44,4,1.798033,2.357042168163514,0.2547976582461444,0.37236735224723816
664281396011231744,46,4,1.798033,2.1040025751739213,0.2547976582461444,0.3230462670326233
664281396011231744,72,4,1.798033,2.3311602483747382,0.2547976582461444,0.3675721287727356
664281911407300480,44,3,32.0641,6.201285417546202,1.506019054310354,0.7924817204475403
664281911407300480,46,3,32.0641,6.937478704632876,1.506019054310354,0.841201663017273
664309296118640128,44,3,1.7826,9.506985706442721,0.25105390218730766,0.9780428409576416
664309296118640128,45,3,1.7826,2.3950842800494905,0.25105390218730766,0.37932080030441284
664309296118640128,46,3,1.7826,1.9472760340807396,0.25105390218730766,0.2894275188446045
664311392062657920,44,3,8.007067,8.071826386040177,0.9034734625284699,0.90697181224823
664311392062657920,45,3,8.007067,7.826823903707579,0.9034734625284699,0.8935855627059937
664311392062657920,46,3,8.007067,8.118903514505568,0.9034734625284699,0.9094973802566528
664311392062657920,72,3,8.007067,6.591740848656274,0.9034734625284699,0.8190001249313354
664339910645611776,44,3,18.6626,21.90180211601981,1.27097214782387,1.340479850769043
664339910645611776,45,3,18.6626,23.552573318260773,1.27097214782387,1.3720383644104004
664339910645611776,46,3,18.6626,12.712309077480432,1.27097214782387,1.104224443435669
664419556518886272,44,2,7.254967,8.831409456456223,0.8606354413429487,0.9460300207138062
664419556518886272,45,2,7.254967,9.821538264286145,0.8606354413429487,0.9921795129776001
664419556518886272,46,2,7.254967,8.96239681416024,0.8606354413429487,0.952424168586731
664419556518886272,72,2,7.254967,7.245059825520192,0.8606354413429487,0.8600419759750366
664516000007445632,72,2,1.631767,0.8452212211966562,0.2126581459384041,-0.07302960753440857
664516107383262208,44,3,1.7162,0.7809929033202144,0.23456789763568583,-0.10735291242599487
664516107383262208,45,3,1.7162,0.8315692482357214,0.23456789763568583,-0.08010157942771912
664516107383262208,46,3,1.7162,1.123510341486024,0.23456789763568583,0.0505770742893219
664516107383262208,72,3,1.7162,0.8119867421340377,0.23456789763568583,-0.09045106172561646
664836133986768768,44,0,0.5957,0.936527518688798,-0.22497239990115528,-0.028479456901550293
664836133986768768,45,0,0.5957,0.8770435286944785,-0.22497239990115528,-0.056978851556777954
664836133986768768,46,0,0.5957,1.2507716873670616,-0.22497239990115528,0.09717804193496704
664836133986768768,71,0,0.5957,0.8304741078760485,-0.22497239990115528,-0.08067390322685242
664836133986768768,72,0,0.5957,0.9994299791410926,-0.22497239990115528,-0.00024762749671936035
664763085183100160,44,2,1.892633,1.0092409234660407,0.27706640819141587,0.003994852304458618
664763085183100160,45,2,1.892633,0.9646531466838485,0.27706640819141587,-0.015628814697265625
664763085183100160,46,2,1.892633,0.6281350046434092,0.27706640819141587,-0.20194700360298157
664763085183100160,72,2,1.892633,0.9432310897901923,0.27706640819141587,-0.025381892919540405
664513049366544256,44,2,15.3223,17.43625813828579,1.185323961271447,1.2414532899856567
664513049366544256,45,2,15.3223,16.04096878418506,1.185323961271447,1.2052305936813354
664513049366544256,46,2,15.3223,13.531063140869204,1.185323961271447,1.1313319206237793
664513049366544256,72,2,15.3223,19.126290794677423,1.185323961271447,1.2816307544708252
664510949126187136,44,3,16.6908,1.634907657486701,1.2224771531716967,0.2134932279586792
664510949126187136,45,3,16.6908,3.000359733804231,1.2224771531716967,0.4771733283996582
664510949126187136,46,3,16.6908,4.28262504543974,1.2224771531716967,0.6317100524902344
664510949126187136,72,3,16.6908,2.951211243756421,1.2224771531716967,0.470000296831131
664509987053483008,44,2,1.0911,0.8612326644134088,0.03786455577437433,-0.06487950682640076
664509987053483008,45,2,1.0911,0.8067071933041788,0.03786455577437433,-0.09328407049179077
664509987053483008,46,2,1.0911,0.629428423616679,0.03786455577437433,-0.201053649187088
664509987053483008,72,2,1.0911,0.9687545241111605,0.03786455577437433,-0.013786256313323975
664403991557398784,44,3,9.3356,8.571060077315558,0.9701422353344079,0.9330345392227173
664403991557398784,45,3,9.3356,7.8216372822915,0.9701422353344079,0.8932976722717285
664403991557398784,46,3,9.3356,6.125106812498795,0.9701422353344079,0.7871136665344238
664403991557398784,72,3,9.3356,7.57052005544225,0.9701422353344079,0.879125714302063
664403506224429184,72,1,1.08635,0.9037432390804887,0.03596976869654702,-0.043954938650131226
664402170491377920,44,2,21.279667,10.639045729967618,1.3279648275142686,1.026902675628662
664402170491377920,45,2,21.279667,6.5752294050924736,1.3279648275142686,0.81791090965271
664402170491377920,46,2,21.279667,14.301585372001561,1.3279648275142686,1.1553841829299927
664399078114921600,44,2,16.4407,16.174396738306694,1.2159203046678617,1.208828091621399
664399078114921600,45,2,16.4407,16.41060105704733,1.2159203046678617,1.215124487876892
664399078114921600,46,2,16.4407,13.409333532399978,1.2159203046678617,1.127407193183899
664399078114921600,72,2,16.4407,17.090905723810444,1.2159203046678617,1.2327650785446167
664401964332947584,44,1,20.969167,6.354327456925751,1.3215811784630105,0.8030695915222168
664401964332947584,45,1,20.969167,7.068456408154481,1.3215811784630105,0.8493245840072632
664401964332947584,46,1,20.969167,12.018722367002912,1.3215811784630105,1.0798583030700684
664401960036152960,44,3,9.0742,8.294470588108604,0.9578083471075564,0.9187886714935303
664401960036152960,45,3,9.0742,6.065057010344231,0.9578083471075564,0.7828348875045776
664401960036152960,46,3,9.0742,7.081222911754522,0.9578083471075564,0.85010826587677
664401960036152960,72,3,9.0742,7.100534803065477,0.9578083471075564,0.8512910604476929
664396294976119680,44,3,3.1596,0.826932967079851,0.499632105153693,-0.0825296938419342
664396294976119680,45,3,3.1596,0.8474596582376005,0.499632105153693,-0.07188096642494202
664396294976119680,46,3,3.1596,0.9397494061111847,0.499632105153693,-0.026987940073013306
664396294976119680,72,3,3.1596,0.8431785748174881,0.499632105153693,-0.0740804374217987
664335684397673472,44,4,1.166233,2.074705083510664,0.06678532615648344,0.31695637106895447
664335684397673472,45,4,1.166233,1.4474302748131234,0.06678532615648344,0.16059765219688416
664335684397673472,46,4,1.166233,1.173297428200904,0.06678532615648344,0.069408118724823
664335684397673472,72,4,1.166233,1.4950304159683492,0.06678532615648344,0.17465002834796906
664310601788795392,44,3,0.5372,13.075406435195633,-0.2698639960033222,1.1164551973342896
664310601788795392,45,3,0.5372,2.7706742487079903,-0.2698639960033222,0.44258546829223633
664310601788795392,46,3,0.5372,5.070820579519937,-0.2698639960033222,0.7050782442092896
664310601788795392,72,3,0.5372,3.9116824896280846,-0.2698639960033222,0.5923635959625244
664293387559886464,44,0,16.2925,18.565317798160663,1.2119877296676371,1.2687023878097534
664293387559886464,45,0,16.2925,15.853750252110613,1.2119877296676371,1.2001320123672485
664293387559886464,46,0,16.2925,18.64669506054304,1.2119877296676371,1.2706018686294556
664293387559886464,72,0,16.2925,15.730210980656562,1.2119877296676371,1.1967345476150513
664293387559886592,44,2,13.589,11.484617342724595,1.1331874986411665,1.0601165294647217
664293387559886592,45,2,13.589,12.736621981724202,1.1331874986411665,1.105054259300232
664293387559886592,46,2,13.589,13.095100079283794,1.1331874986411665,1.1171088218688965
664290948018472064,44,1,15.2845,18.31728123457844,1.1842512362716158,1.2628610134124756
664290948018472064,45,1,15.2845,12.991563141749028,1.1842512362716158,1.1136614084243774
664290948018472064,46,1,15.2845,10.93721058878685,1.1842512362716158,1.0389065742492676
664290948018472064,72,1,15.2845,24.606791416800302,1.1842512362716158,1.3910549879074097
661281206736808064,44,4,20.3019,2.7395236805262755,1.3075366842630742,0.4376750588417053
661281206736808064,46,4,20.3019,2.330115240181552,1.3075366842630742,0.3673774003982544
659753126090987776,72,3,2.2325,1.4729639518902364,0.34879146756058405,0.16819211840629578
659744978536843264,72,1,0.2306,0.8483224150181831,-0.6371406970413198,-0.07143905758857727
659696982278606080,72,0,4.6967,2.93527969039732,0.671792820667485,0.4676494896411896
659689865516277632,45,0,0.471333,1.1402259520003704,-0.32667215239784514,0.05699092149734497
659689865516277632,72,0,0.471333,1.0623235996737093,-0.32667215239784514,0.026256829500198364
5731289881171736832,35,0,5.079,5.259230818650887,0.7057782128285977,0.7209222316741943
4859766769714787072,4,1,0.541,0.5389540830016896,-0.26680273489343054,-0.26844823360443115
4859766769714787072,31,1,0.541,0.5460573887107308,-0.26680273489343054,-0.2627617120742798
4859766769714787072,97,1,0.541,1.8994229170693977,-0.26680273489343054,0.2786216735839844
5290772029272852864,8,3,5.387,3.657062189167066,0.7313469755459548,0.5631323456764221
5290772029272852864,9,3,5.387,6.988954411425273,0.7313469755459548,0.8444122076034546
3419631520599185664,43,4,8.576,6.802441064098804,0.9332847723486948,0.8326647877693176
3419631520599185664,44,4,8.576,6.679289647521028,0.9332847723486948,0.8247302770614624
45367056650753280,43,2,7.47,8.274443508511816,0.8733206018153987,0.9177387952804565
45367056650753280,44,2,7.47,7.9760238983628895,0.8733206018153987,0.9017864465713501
45367056650753280,70,2,7.47,5.9589653851829745,0.8733206018153987,0.7751708626747131
45367056650753280,71,2,7.47,5.764520239288009,0.8733206018153987,0.7607631683349609
2640434056928150400,42,4,100.4,14.107198113797057,2.0017337128090005,1.1494407653808594
6356939008427348992,1,2,0.68,0.64620311106285,-0.16749108729376366,-0.18963095545768738
6356939008427348992,13,2,0.68,0.7044474866720178,-0.16749108729376366,-0.15215137600898743
6356939008427348992,27,2,0.68,0.7072796551001939,-0.16749108729376366,-0.15040883421897888
6356939008427348992,67,2,0.68,0.6135318569648724,-0.16749108729376366,-0.21216288208961487
6356939008427348992,94,2,0.68,0.5764200227901067,-0.16749108729376366,-0.2392609417438507
6356939008427348992,95,2,0.68,0.5830537534724738,-0.16749108729376366,-0.23429140448570251
2231736788793936384,19,0,7.7523897045,22.50510141722542,0.8894355961195831,1.3522809743881226
2231736788793936384,24,0,7.7523897045,7.783531737387799,0.8894355961195831,0.891176700592041
2231736788793936384,25,0,7.7523897045,12.954714034207484,0.8894355961195831,1.112427830696106
2231736788793936384,52,0,7.7523897045,9.31032699321135,0.8894355961195831,0.9689649343490601
2231736788793936384,58,0,7.7523897045,12.054278842247431,0.8894355961195831,1.0811412334442139
2231736788793936384,59,0,7.7523897045,15.551728286121211,0.8894355961195831,1.1917786598205566
2231736788793936384,78,0,7.7523897045,1.9161808256263506,0.8894355961195831,0.2824364900588989
2231736788793936384,79,0,7.7523897045,14.46507730002968,0.8894355961195831,1.16032075881958
2231736788793936384,85,0,7.7523897045,13.030963409612449,0.8894355961195831,1.1149765253067017
2231736788793936384,86,0,7.7523897045,10.38765791731568,0.8894355961195831,1.0165176391601562
6045531202046880256,91,3,10.78015,8.771170174349319,1.0326248038673302,0.9430575370788574
18211043587721088,4,2,4.924,5.620566089809579,0.6923180442592788,0.7497800588607788
18211043587721088,31,2,4.924,5.212659702534657,0.6923180442592788,0.7170593738555908
18211043587721088,42,2,4.924,5.081552234524892,0.6923180442592788,0.7059963941574097
18211043587721088,70,2,4.924,5.363708737850578,0.6923180442592788,0.7294651865959167
18211043587721088,71,2,4.924,5.01625092046861,0.6923180442592788,0.7003792524337769
6048612514663537280,91,1,0.7787,0.8668561503113946,-0.10862982530385187,-0.06205296516418457
6048585473549289472,91,0,3.8004,3.3928151244295814,0.5798293094195367,0.5305601954460144
6048501945023784704,91,1,3.356,3.0576067822373703,0.5258219521566626,0.4853816330432892
6043944057017964672,12,2,0.927,1.0195990169559983,-0.0329202658555029,0.008429408073425293
6043944057017964672,91,2,0.927,0.9115482255104008,-0.0329202658555029,-0.04022035002708435
6044259857366814848,91,2,3.59645,2.8975595998311845,0.555874026857008,0.46203237771987915
6044389805898446592,91,4,3.0304,3.2647341937437164,0.4814999573231794,0.513847827911377
6044388500228587776,91,3,7.69395,7.506951411647893,0.8861493596683984,0.875463604927063
6045528109670542720,91,4,1.605,1.4452678736238043,0.20547503674089088,0.15994834899902344
6046055943965657856,91,2,1.9649,0.3329329952813305,0.293340452648696,-0.4776431620121002
6046062364938324608,91,3,4.524,2.5030631262140193,0.6555225962534177,0.39847180247306824
6045521787478534912,91,0,2.6591,1.8882105446864437,0.4247346700248957,0.2760504186153412
5209038423669475712,11,2,1.84,1.900220392119903,0.2648178230095365,0.2788039743900299
5209038423669475712,12,2,1.84,1.7100997288301658,0.2648178230095365,0.23302143812179565
5209038423669475712,13,2,1.84,1.981482928376069,0.2648178230095365,0.2969903349876404
5209038423669475712,37,2,1.84,1.8059220297764134,0.2648178230095365,0.25669899582862854
5209038423669475712,38,2,1.84,1.452134289133474,0.2648178230095365,0.16200678050518036
5209038423669475712,39,2,1.84,1.6292967499883106,0.2648178230095365,0.21200019121170044
5209038423669475712,64,2,1.84,2.2519542666971337,0.2648178230095365,0.35255956649780273
5209038423669475712,65,2,1.84,1.740855386730277,0.2648178230095365,0.24076269567012787
5209038423669475712,66,2,1.84,2.035852632436303,0.2648178230095365,0.308746337890625
5209038423669475712,87,2,1.84,0.9477475633746104,0.2648178230095365,-0.023307323455810547
5209038423669475712,93,2,1.84,1.3347581602732765,0.2648178230095365,0.12540258467197418
5209037736474704512,64,0,3.1,3.8708245160318686,0.4913616938342727,0.5878034830093384
5209037736474704512,65,0,3.1,3.7693536401890735,0.4913616938342727,0.576266884803772
5209037736474704512,66,0,3.1,4.444380505787242,0.4913616938342727,0.647811233997345
5209037736474704512,87,0,3.1,2.9966146357977186,0.4913616938342727,0.47663089632987976
5209037736474704512,93,0,3.1,7.756988382032618,0.4913616938342727,0.8896931409835815
5209118305765620096,11,4,1.254,3.6987961601598567,0.09829753649469763,0.5680603981018066
5209118305765620096,12,4,1.254,2.1227576886418387,0.09829753649469763,0.3269004225730896
5209118305765620096,13,4,1.254,3.137860189578508,0.09829753649469763,0.4966335892677307
5209118305765620096,37,4,1.254,4.800669765462501,0.09829753649469763,0.6813018321990967
5209118305765620096,38,4,1.254,7.944422314897839,0.09829753649469763,0.9000623226165771
5209118305765620096,39,4,1.254,7.561149794498889,0.09829753649469763,0.8785878419876099
5209118305765620096,64,4,1.254,3.269225125656935,0.09829753649469763,0.5144448280334473
5209118305765620096,65,4,1.254,2.8480986938865085,0.09829753649469763,0.45455503463745117
5209118305765620096,66,4,1.254,1.752598894857139,0.09829753649469763,0.24368253350257874
5209118305765620096,93,4,1.254,2.5844600152810817,0.09829753649469763,0.41236981749534607
6382640367603744128,1,4,4.44,4.846859696643595,0.6473829701146199,0.6854604482650757
6382640367603744128,13,4,4.44,4.208763938812287,0.6473829701146199,0.6241545677185059
6382640367603744128,27,4,4.44,4.39844315505468,0.6473829701146199,0.6432989835739136
6382640367603744128,28,4,4.44,5.133728382175181,0.6473829701146199,0.7104328870773315
6382640367603744128,67,4,4.44,4.410474895646157,0.6473829701146199,0.644485354423523
6382640367603744128,68,4,4.44,4.802394329568066,0.6473829701146199,0.6814578175544739
6382640367603744128,94,4,4.44,5.269752208307047,0.6473829701146199,0.7217901945114136
6382640367603744128,95,4,4.44,4.209550745530378,0.6473829701146199,0.6242357492446899
6386388740181484928,1,1,1.61,1.261945853413492,0.20682587603184974,0.10104072093963623
6386388740181484928,27,1,1.61,1.1127379953266796,0.20682587603184974,0.04639291763305664
6386388740181484928,28,1,1.61,0.936331397104929,0.20682587603184974,-0.02857041358947754
6386388740181484928,67,1,1.61,1.2517530338904816,0.20682587603184974,0.09751865267753601
6386388740181484928,68,1,1.61,1.5499384135448857,0.20682587603184974,0.19031444191932678
6386388740181484928,94,1,1.61,1.5697962213559213,0.20682587603184974,0.19584327936172485
6386388740181484928,95,1,1.61,1.477796987696659,0.20682587603184974,0.169614776968956
3795993633527490560,46,0,11.68,12.448915425034102,1.0674428427763807,1.095131516456604
6350112965363619200,1,3,14.7,8.397882209246978,1.167317334748176,0.9241697788238525
6350112965363619200,39,3,14.7,6.867503767191188,1.167317334748176,0.836798906326294
6350112965363619200,66,3,14.7,7.26606496222134,1.167317334748176,0.8612992763519287
6350112965363619200,67,3,14.7,6.454771201597135,1.167317334748176,0.8098808526992798
6350112965363619200,93,3,14.7,7.948056126550397,1.167317334748176,0.9002609252929688
6350112965363619200,94,3,14.7,10.712154509179664,1.167317334748176,1.0298768281936646
2907717843219726848,5,1,2.38,2.5402915496143006,0.37657695705651195,0.40488356351852417
2907717843219726848,6,1,2.38,2.2561321133026864,0.37657695705651195,0.3533645272254944
2907717843219726848,32,1,2.38,2.5989327454794813,0.37657695705651195,0.41479504108428955
2907717843219726848,33,1,2.38,2.059355588137159,0.37657695705651195,0.3137313425540924
2904575778287587968,6,0,0.45,0.7154506574773821,-0.3467874862246563,-0.14542031288146973
2904575778287587968,32,0,0.45,0.5366299475273039,-0.3467874862246563,-0.27032509446144104
2904575778287587968,33,0,0.45,0.6598917523292214,-0.3467874862246563,-0.18052729964256287
2904575778287587968,98,0,0.45,0.6716298502008918,-0.3467874862246563,-0.17287001013755798
6089133916200093696,65,1,0.463,0.4371923005228349,-0.33441900898204685,-0.359327495098114
661111538347104512,44,0,6.0645,5.348686772590747,0.7827950003893555,0.7282471656799316
661111538347104512,45,0,6.0645,5.406953003420446,0.7827950003893555,0.7329525947570801
661111538347104512,46,0,6.0645,5.7998421128845035,0.7827950003893555,0.7634161710739136
661111538347104512,72,0,6.0645,5.3400257844362145,0.7827950003893555,0.7275433540344238
661105525392825856,44,2,7.69,10.994282741587407,0.8859263398014311,1.04116690158844
661105525392825856,45,2,7.69,10.071061360902048,0.8859263398014311,1.0030752420425415
661105525392825856,46,2,7.69,5.422035174059709,0.8859263398014311,0.7341623306274414
661105525392825856,72,2,7.69,7.103318552709646,0.8859263398014311,0.8514612913131714
661098550366013696,44,3,37.04,10.94117414456589,1.5686709780098966,1.0390639305114746
661098550366013696,45,3,37.04,5.139862571619318,1.5686709780098966,0.7109515070915222
661098550366013696,46,3,37.04,7.3470955726078655,1.5686709780098966,0.8661156892776489
661098550366013696,72,3,37.04,6.327378500217321,1.5686709780098966,0.8012238144874573
661061231393869056,44,2,1.665,1.3463222853348542,0.22141423784233868,0.12914903461933136
661061231393869056,45,2,1.665,1.268382830421449,0.22141423784233868,0.10325035452842712
661061231393869056,46,2,1.665,0.8613642307010948,0.22141423784233868,-0.06481316685676575
661061231393869056,72,2,1.665,0.8402360543132885,0.22141423784233868,-0.07559868693351746
660302744465435904,44,2,1.2395,1.7138098132474768,0.09324653110384025,0.23396262526512146
660302744465435904,45,2,1.2395,1.5391727307007266,0.09324653110384025,0.1872873604297638
660302744465435904,46,2,1.2395,1.1273701582425493,0.09324653110384025,0.052066534757614136
660302744465435904,72,2,1.2395,0.861442494395481,0.09324653110384025,-0.06477370858192444
660302538307005312,44,4,1.7515,0.9165817313263882,0.24341014165371122,-0.037828803062438965
660302538307005312,45,4,1.7515,0.9512241524017613,0.24341014165371122,-0.0217171311378479
660302538307005312,46,4,1.7515,0.6170134728585785,0.24341014165371122,-0.20970535278320312
660302538307005312,72,4,1.7515,1.0289611746121872,0.24341014165371122,0.012398988008499146
660297796663113344,44,3,1.6105,1.6760996989691614,0.2069607291557102,0.2242998480796814
660297796663113344,46,3,1.6105,2.638320374561463,0.2069607291557102,0.42132753133773804
660297796663113344,72,3,1.6105,2.723932865560936,0.2069607291557102,0.4351963996887207
660098888137931008,44,3,1.182,0.9451288433029347,0.07261747654523654,-0.02450898289680481
660098888137931008,45,3,1.182,2.0259122367675957,0.07261747654523654,0.30662062764167786
660098888137931008,46,3,1.182,0.6141371613642956,0.07261747654523654,-0.2117346227169037
660098888137931008,72,3,1.182,1.042176262047342,0.07261747654523654,0.017941176891326904
660114418739656576,45,4,8.3055,14.02747716469288,0.9193657825676147,1.146979570388794
660114418739656576,72,4,8.3055,14.97652259135073,0.9193657825676147,1.1754109859466553
661079652509975936,44,0,9.5215,3.6564805186733724,0.9787053717465206,0.5630632638931274
661079652509975936,45,0,9.5215,3.326524880453453,0.9787053717465206,0.5219907760620117
661079652509975936,46,0,9.5215,4.506362430313976,0.9787053717465206,0.653826117515564
661079652509975936,72,0,9.5215,5.561620474693307,0.9787053717465206,0.7452013492584229
689132145504296064,44,1,2.0974,5.628856962553677,0.321681263668323,0.7504202127456665
689132145504296064,45,1,2.0974,3.7694441729868275,0.321681263668323,0.5762773156166077
689132145504296064,46,1,2.0974,2.0426030314820767,0.321681263668323,0.31018397212028503
689132145504296064,72,1,2.0974,2.9066992308195756,0.321681263668323,0.46340009570121765
689130461877120256,44,2,17.9756,12.573652000757395,1.2546833954298995,1.0994614362716675
689130461877120256,45,2,17.9756,12.72297714476818,1.2546833954298995,1.1045887470245361
689130461877120256,46,2,17.9756,11.800903768826913,1.2546833954298995,1.0719152688980103
689130461877120256,72,2,17.9756,13.340936717941254,1.2546833954298995,1.1251863241195679
661488052360088704,44,4,13.129867,14.270923743377956,1.1182603268923248,1.1544520854949951
661488052360088704,45,4,13.129867,11.861252061537588,1.1182603268923248,1.0741305351257324
661488052360088704,46,4,13.129867,22.848609612643266,1.1182603268923248,1.3588597774505615
661488052360088704,72,4,13.129867,9.316600517145005,1.1182603268923248,0.9692574739456177
661486158278348160,44,0,0.792267,1.1091535461088924,-0.10112843320174303,0.04499167203903198
661486158278348160,45,0,0.792267,0.8614020612062926,-0.10112843320174303,-0.06479409337043762
661486158278348160,46,0,0.792267,0.6420618487629668,-0.10112843320174303,-0.19242313504219055
661486158278348160,72,0,0.792267,0.7538128665551952,-0.10112843320174303,-0.12273645401000977
660309646476713216,44,1,0.69325,1.2734421396150275,-0.15911012175010072,0.10497921705245972
660309646476713216,45,1,0.69325,0.929126715331017,-0.15911012175010072,-0.031925052404403687
660309646476713216,46,1,0.69325,0.8927908386264717,-0.15911012175010072,-0.049250274896621704
660309646476713216,72,1,0.69325,0.9683084248788656,-0.15911012175010072,-0.013986289501190186
660230348496832128,72,2,21.0166,15.592775519088933,1.3225624585679607,1.1929234266281128
661470460174102144,44,0,9.73,8.183120102190738,0.9881128402683519,0.9129189252853394
661470460174102144,45,0,9.73,8.843222861024744,0.9881128402683519,0.9466105699539185
661470460174102144,46,0,9.73,10.880452621253129,0.9881128402683519,1.0366469621658325
661470460174102144,72,0,9.73,9.054065136889104,0.9881128402683519,0.9568436145782471
661573608108602752,44,0,18.87115,17.364924493619217,1.2757983666957255,1.2396728992462158
661573608108602752,45,0,18.87115,17.118080403065704,1.2757983666957255,1.2334550619125366
661573608108602752,46,0,18.87115,15.982111008990834,1.2757983666957255,1.2036341428756714
661573608108602752,72,0,18.87115,12.255327020727528,1.2757983666957255,1.0883249044418335
661598175321463936,44,0,18.1844,15.174251667646885,1.259698975944044,1.1811072826385498
661598175321463936,45,0,18.1844,15.250712146133337,1.259698975944044,1.1832901239395142
661598175321463936,46,0,18.1844,15.245714689050654,1.259698975944044,1.1831477880477905
661598175321463936,72,0,18.1844,14.230219320907949,1.259698975944044,1.1532115936279297
661997882157921664,44,1,5.1339,17.112682409095534,0.7104474050695198,1.2333180904388428
661997882157921664,45,1,5.1339,10.5453046220582,0.7104474050695198,1.0230591297149658
661997882157921664,46,1,5.1339,10.644443825733658,0.7104474050695198,1.027122974395752
661997882157921664,72,1,5.1339,19.063666940144795,0.7104474050695198,1.2802064418792725
661528184534528896,44,0,15.4537,14.13936301912724,1.1890324771073277,1.1504298448562622
661528184534528896,45,0,15.4537,12.522012454244475,1.1890324771073277,1.0976741313934326
661528184534528896,46,0,15.4537,20.328087810540932,1.1890324771073277,1.3080965280532837
661528184534528896,72,0,15.4537,13.74123480227419,1.1890324771073277,1.1380257606506348
661479045812908032,44,3,20.091,1.3843071458149898,1.303001553655842,0.1412324607372284
661479045812908032,45,3,20.091,0.959821337473591,1.303001553655842,-0.01780959963798523
661479045812908032,46,3,20.091,1.7989542212031742,1.303001553655842,0.2550201117992401
661479045812908032,72,3,20.091,0.8137232859376611,1.303001553655842,-0.08952325582504272
660317068180478336,44,0,14.64015,9.212138856221488,1.1655455264381216,0.9643604755401611
660317068180478336,45,0,14.64015,2.569609021035562,1.1655455264381216,0.4098670482635498
660317068180478336,46,0,14.64015,7.770047173731749,1.1655455264381216,0.8904236555099487
660317068180478336,72,0,14.64015,11.685869900702265,1.1655455264381216,1.0676610469818115
660019998178653440,72,2,8.866,9.188405363222207,0.9477277269633156,0.9632401466369629
3250328209054347264,5,1,3.87,4.392848342890146,0.5877109650189114,0.6427462100982666
3250328209054347264,31,1,3.87,4.004858932407586,0.5877109650189114,0.6025872230529785
657708824736752896,44,4,17.411,18.368299884079253,1.2408237155176656,1.2640689611434937
657708824736752896,45,4,17.411,12.39567164269628,1.2408237155176656,1.0932700634002686
657708824736752896,46,4,17.411,16.61749502707244,1.2408237155176656,1.2205655574798584
657708824736752896,72,4,17.411,17.46057395660172,1.2408237155176656,1.242058515548706
658618155212680832,44,0,1.41985,2.464621915317366,0.15224246578218245,0.391750305891037
658618155212680832,45,0,1.41985,1.1288100255370646,0.15224246578218245,0.05262085795402527
658618155212680832,46,0,1.41985,2.2823946912529234,0.15224246578218245,0.358390748500824
3558854607781867392,9,0,1.16,1.1280510793102707,0.06445798922691845,0.05232876539230347
3558854607781867392,36,0,1.16,2.486200017077814,0.06445798922691845,0.39553606510162354
3558854607781867392,63,0,1.16,0.7276908940577642,0.06445798922691845,-0.1380530595779419
6260471775219740288,91,3,1.534,1.7175289485605618,0.18582535961296218,0.23490406572818756
659364448730632448,44,4,1.307833,2.4058469432002334,0.11655229153499448,0.3812679946422577
659364448730632448,45,4,1.307833,1.7368486022655536,0.11655229153499448,0.23976196348667145
659364448730632448,46,4,1.307833,2.4947957911847967,0.11655229153499448,0.39703500270843506
658602070559194496,44,1,2.177933,2.13949041267402,0.338044515374829,0.3303103446960449
658602070559194496,45,1,2.177933,0.8356405027004553,0.338044515374829,-0.07798051834106445
658602070559194496,46,1,2.177933,0.8716377854076244,0.338044515374829,-0.05966395139694214
658587467670294784,44,3,1.417633,0.9295221045512476,0.1515638142714553,-0.031740278005599976
658587467670294784,45,3,1.417633,1.0166097161288978,0.1515638142714553,0.007154256105422974
658587467670294784,46,3,1.417633,1.401557150228599,0.1515638142714553,0.1466108113527298
658436014239681536,44,2,1.3377,1.7588787020846894,0.12635872706926965,0.2452358901500702
658436014239681536,45,2,1.3377,2.39811627199758,0.12635872706926965,0.3798702359199524
658436014239681536,46,2,1.3377,6.221085319311731,0.12635872706926965,0.7938661575317383
658615440793299712,44,0,21.21845,14.0762577397091,1.3267136556712,1.1484872102737427
658615440793299712,45,0,21.21845,9.37873459480775,1.3267136556712,0.9721442461013794
658615440793299712,46,0,21.21845,9.083221670005834,1.3267136556712,0.9582399129867554
658530400441951744,44,1,18.4645,16.54507344095886,1.2663375518905455,1.2186686992645264
658530400441951744,45,1,18.4645,5.269849847409629,1.2663375518905455,0.7217982411384583
658530400441951744,46,1,18.4645,13.30841803964109,1.2663375518905455,1.1241264343261719
657711053824014208,44,0,1.624,0.9234493156057728,0.21058602490515654,-0.034586936235427856
657711053824014208,45,0,1.624,1.2708719432303763,0.21058602490515654,0.10410179197788239
657711053824014208,46,0,1.624,0.8511669058272299,0.21058602490515654,-0.0699852705001831
657711053824014208,72,0,1.624,0.848389188996098,0.21058602490515654,-0.07140487432479858
4653517316264299904,2,1,4.613,4.581818926842288,0.6639834546082667,0.6610379219055176
4653517316264299904,3,1,4.613,4.033996716594486,0.6639834546082667,0.6057355403900146
4653517316264299904,4,1,4.613,3.4432805035203358,0.6639834546082667,0.5369724035263062
4653517316264299904,5,1,4.613,5.378923489428938,0.6639834546082667,0.730695366859436
4653517316264299904,6,1,4.613,4.181785308178613,0.6639834546082667,0.6213617324829102
4653517316264299904,7,1,4.613,4.416566141636203,0.6639834546082667,0.6450847387313843
4653517316264299904,8,1,4.613,5.111518963532908,0.6639834546082667,0.708549976348877
4653517316264299904,9,1,4.613,4.413865960360885,0.6639834546082667,0.6448191404342651
4653517316264299904,10,1,4.613,4.77188814071521,0.6639834546082667,0.6786902546882629
4653517316264299904,11,1,4.613,4.599337598783798,0.6639834546082667,0.6626952886581421
4653517316264299904,12,1,4.613,4.690542165510418,0.6639834546082667,0.6712230443954468
4653517316264299904,13,1,4.613,4.153379802271743,0.6639834546082667,0.6184016466140747
4653517316264299904,27,1,4.613,4.738498656787317,0.6639834546082667,0.6756407618522644
4653517316264299904,28,1,4.613,4.95237190879679,0.6639834546082667,0.6948132514953613
4653517316264299904,29,1,4.613,5.019599301759612,0.6639834546082667,0.7006690502166748
4653517316264299904,30,1,4.613,5.040129466282939,0.6639834546082667,0.7024416923522949
4653517316264299904,32,1,4.613,4.771565277717878,0.6639834546082667,0.6786608695983887
4653517316264299904,33,1,4.613,4.5238030623595735,0.6639834546082667,0.6555036902427673
4653517316264299904,34,1,4.613,4.129419014402619,0.6639834546082667,0.6158889532089233
4653517316264299904,35,1,4.613,4.287054402050166,0.6639834546082667,0.6321589946746826
4653517316264299904,36,1,4.613,5.080442068822913,0.6639834546082667,0.7059015035629272
4653517316264299904,37,1,4.613,4.357607730411351,0.6639834546082667,0.6392481327056885
4653517316264299904,38,1,4.613,4.335092367466735,0.6639834546082667,0.6369983553886414
4653517316264299904,39,1,4.613,3.5255240948948416,0.6639834546082667,0.547223687171936
4653517316264299904,61,1,4.613,4.218497280733617,0.6639834546082667,0.6251577734947205
4653517316264299904,62,1,4.613,4.621242320253819,0.6639834546082667,0.6647587418556213
4653517316264299904,63,1,4.613,4.597964236475097,0.6639834546082667,0.6625655889511108
4653517316264299904,64,1,4.613,6.178091482127355,0.6639834546082667,0.7908543348312378
4653517316264299904,65,1,4.613,4.561583326204121,0.6639834546082667,0.6591156125068665
4653517316264299904,66,1,4.613,3.948782409907876,0.6639834546082667,0.5964632034301758
4653517316264299904,67,1,4.613,4.68289290632518,0.6639834546082667,0.6705142259597778
4653517316264299904,68,1,4.613,4.202674343342097,0.6639834546082667,0.6235257387161255
4653517316264299904,69,1,4.613,4.210702336466746,0.6639834546082667,0.6243545413017273
4653517316264299904,87,1,4.613,1.8956795122192338,0.6639834546082667,0.2777649164199829
4653517316264299904,88,1,4.613,2.1351666245054517,0.6639834546082667,0.32943177223205566
4653517316264299904,89,1,4.613,3.041486551892021,0.6639834546082667,0.48308590054512024
4653517316264299904,90,1,4.613,3.068905656535286,0.6639834546082667,0.4869835376739502
4653517316264299904,93,1,4.613,2.2921702257456804,0.6639834546082667,0.360246866941452
4653517316264299904,94,1,4.613,2.487926155145934,0.6639834546082667,0.3958374857902527
4653517316264299904,95,1,4.613,2.5176894998441877,0.6639834546082667,0.4010021686553955
4653517316264299904,96,1,4.613,3.827468371809033,0.6639834546082667,0.5829116106033325
4653517316264299904,97,1,4.613,6.812225681334695,0.6639834546082667,0.8332890272140503
4653517316264299904,98,1,4.613,6.747957104751734,0.6639834546082667,0.8291723132133484
4734936122236789120,2,1,0.444,0.4828151716227138,-0.3526170298853802,-0.3162190914154053
4734936122236789120,4,1,0.444,0.6578544813994891,-0.3526170298853802,-0.18187016248703003
4734936122236789120,29,1,0.444,0.4825091296466642,-0.3526170298853802,-0.3164944648742676
4734936122236789120,30,1,0.444,0.5637599527224524,-0.3526170298853802,-0.24890577793121338
4734936122236789120,96,1,0.444,0.42213989012298425,-0.3526170298853802,-0.37454360723495483
4734936122236789120,97,1,0.444,3.288614848573309,-0.3526170298853802,0.5170130133628845
1810616448010879488,55,3,104.6,103.91587756538696,2.0195316845312554,2.0166819095611572
1810616448010879488,81,3,104.6,67.73855662578929,2.0195316845312554,1.8308359384536743
1810616448010879488,82,3,104.6,147.02043735222568,2.0195316845312554,2.1673777103424072
5315595737654226304,8,4,1.17,0.7732699707173925,0.06818586174616162,-0.11166885495185852
5315595737654226304,9,4,1.17,4.90772387411747,0.06818586174616162,0.6908801198005676
5315595737654226304,10,4,1.17,1.4753791235662077,0.06818586174616162,0.1689036339521408
5315595737654226304,35,4,1.17,1.0969573515825946,0.06818586174616162,0.04018974304199219
5315595737654226304,36,4,1.17,0.5677543414286668,0.06818586174616162,-0.24583953619003296
5315595737654226304,37,4,1.17,1.0679006870164376,0.06818586174616162,0.028530865907669067
5315595737654226304,61,4,1.17,1.1731924420348356,0.06818586174616162,0.06936925649642944
5315595737654226304,62,4,1.17,0.48954568745996335,0.06818586174616162,-0.3102067708969116
5315595737654226304,63,4,1.17,0.973451459905219,0.06818586174616162,-0.011685699224472046
5315595737654226304,88,4,1.17,1.0213034444211735,0.06818586174616162,0.009154796600341797
5315595737654226304,89,4,1.17,1.2833550821716482,0.06818586174616162,0.1083468347787857
5315595737654226304,90,4,1.17,1.6317567209800696,0.06818586174616162,0.21265541017055511
6414282147589248000,13,2,1.08,2.2208000401915227,0.03342375548694973,0.3465094566345215
6414282147589248000,39,2,1.08,0.5812372298936767,0.03342375548694973,-0.2356465756893158
6414282147589248000,66,2,1.08,0.7641519473850076,0.03342375548694973,-0.11682027578353882
6414282147589248000,93,2,1.08,1.2848991622945694,0.03342375548694973,0.1088690459728241
6399670771926369152,13,0,0.34,0.20062314706407855,-0.46852108295774486,-0.6976189613342285
6399670771926369152,27,0,0.34,0.34682184604912586,-0.46852108295774486,-0.4598935544490814
6399670771926369152,67,0,0.34,0.44690330806336925,-0.46852108295774486,-0.3497864305973053
6399670771926369152,94,0,0.34,0.5182359983065924,-0.46852108295774486,-0.28547242283821106
3463395519358168064,10,4,3.98,4.956400692852474,0.5998830720736879,0.6951664090156555
3463395519358168064,37,4,3.98,4.532720057396127,0.5998830720736879,0.6563588976860046
3463395519358168064,63,4,3.98,4.7409308801480465,0.5998830720736879,0.6758636236190796
3463395519358168064,90,4,3.98,4.1659805724237025,0.5998830720736879,0.6197172403335571
50706216395526144,42,1,0.253,0.4513398737835924,-0.5968794788241821,-0.3454962968826294
50706216395526144,43,1,0.253,0.40645071792208076,-0.5968794788241821,-0.39099210500717163
50706216395526144,44,1,0.253,0.5196041513529986,-0.5968794788241821,-0.2843273878097534
50706216395526144,70,1,0.253,0.4036889994816394,-0.5968794788241821,-0.3939530849456787
50706216395526144,71,1,0.253,0.5638926632119933,-0.5968794788241821,-0.24880355596542358
63627264728628224,42,2,0.474867,0.6218447174703736,-0.32342800985758857,-0.20631805062294006
63627264728628224,70,2,0.474867,0.5437050094573899,-0.32342800985758857,-0.26463666558265686
63627264728628224,71,2,0.474867,0.5474087534156261,-0.32342800985758857,-0.2616882622241974
63849572235829248,42,0,6.438067,5.75535019803863,0.8087554920108061,0.7600717544555664
63849572235829248,43,0,6.438067,6.3683033517222265,0.8087554920108061,0.8040237426757812
63849572235829248,44,0,6.438067,5.199274421763392,0.8087554920108061,0.7159427404403687
64103009666497024,42,0,3.661,4.331497272965814,0.5635997288815311,0.6366380453109741
64103009666497024,43,0,3.661,1.7138890813317313,0.5635997288815311,0.23398271203041077
64103009666497024,44,0,3.661,3.788131528151508,0.5635997288815311,0.5784250497817993
65671634801986048,42,0,0.9249,1.1301669612962868,-0.03390522055382928,0.05314260721206665
65671634801986048,43,0,0.9249,0.9348520426343571,-0.03390522055382928,-0.029257118701934814
65671634801986048,44,0,0.9249,0.9705012838785307,-0.03390522055382928,-0.013003885746002197
65673593307063552,42,4,0.447933,0.5054336863881439,-0.3487869411499346,-0.2963358163833618
65673593307063552,43,4,0.447933,0.4714967706878931,-0.3487869411499346,-0.32652127742767334
65673593307063552,44,4,0.447933,0.4936376211912659,-0.3487869411499346,-0.3065917491912842
65673593307063552,70,4,0.447933,0.5094849807035027,-0.3487869411499346,-0.29286861419677734
65673593307063552,71,4,0.447933,0.4872094565638222,-0.3487869411499346,-0.31228429079055786
65675895409522048,42,0,0.31825,0.5118590003038684,-0.49723158767430703,-0.2908496558666229
65675895409522048,43,0,0.31825,0.6345476162136531,-0.49723158767430703,-0.19753578305244446
65675895409522048,44,0,0.31825,0.5348654840237937,-0.49723158767430703,-0.2717554271221161
65675895409522048,70,0,0.31825,0.5477859556986632,-0.49723158767430703,-0.2613891065120697
65675895409522048,71,0,0.31825,0.8683486816303427,-0.49723158767430703,-0.061305850744247437
66445038154189952,42,4,1.962467,0.3915896945807352,0.2928023625696977,-0.40716874599456787
66445038154189952,43,4,1.962467,0.4548987025242321,0.2928023625696977,-0.3420853018760681
66445038154189952,44,4,1.962467,0.369498067351928,0.2928023625696977,-0.4323878288269043
66445038154189952,70,4,1.962467,0.42751639614110853,0.2928023625696977,-0.36904722452163696
66445038154189952,71,4,1.962467,0.5199469230897641,0.2928023625696977,-0.28404098749160767
66480944080770176,42,2,7.929067,7.365777801155476,0.8992220876215015,0.8672186136245728
66480944080770176,43,2,7.929067,6.639012714390552,0.8992220876215015,0.8221035003662109
66480944080770176,44,2,7.929067,6.983347275398964,0.8992220876215015,0.8440636396408081
66480944080770176,70,2,7.929067,7.13621721002329,0.8992220876215015,0.8534680604934692
66480944080770176,71,2,7.929067,7.88057104623087,0.8992220876215015,0.8965576887130737
70190249631846272,18,0,4.126,5.302681349438622,0.6155292236371328,0.724495530128479
70190249631846272,42,0,4.126,3.8635267110021014,0.6155292236371328,0.5869839191436768
70190249631846272,43,0,4.126,5.135201160060341,0.6155292236371328,0.7105574607849121
70190249631846272,44,0,4.126,4.293018793861764,0.6155292236371328,0.6327627897262573
70190249631846272,70,0,4.126,4.790259114927414,0.6155292236371328,0.6803590059280396
70190249631846272,71,0,4.126,3.9350386923346696,0.6155292236371328,0.5949490070343018
70158977974956672,42,0,6.461,7.174030140252877,0.8102997410401689,0.8557631969451904
70158977974956672,43,0,6.461,7.935623863107699,0.8102997410401689,0.8995810747146606
70158977974956672,44,0,6.461,6.7484729743105545,0.8102997410401689,0.8292055130004883
70158977974956672,70,0,6.461,7.036739261140842,0.8102997410401689,0.8473714590072632
70158977974956672,71,0,6.461,6.566025796531072,0.8102997410401689,0.8173025846481323
68185221460637824,42,1,0.47,4.6190787954649,-0.3279021420642826,0.6645553708076477
68185221460637824,43,1,0.47,3.218233807711518,-0.3279021420642826,0.5076175928115845
68185221460637824,44,1,0.47,1.2202165955556288,-0.3279021420642826,0.086436927318573
68162921990400256,42,4,0.730533,0.6980925269071069,-0.13636016112024132,-0.1560870110988617
68162921990400256,43,4,0.730533,0.6774854208451011,-0.13636016112024132,-0.16910004615783691
68162921990400256,44,4,0.730533,0.6859139208224152,-0.13636016112024132,-0.16373038291931152
68162921990400256,70,4,0.730533,0.948551757943479,-0.13636016112024132,-0.022938966751098633
68162921990400256,71,4,0.730533,0.7466654565744669,-0.13636016112024132,-0.1268739402294159
68167835432980480,42,0,0.3591,0.8085260959354756,-0.4447845948739269,-0.09230595827102661
68167835432980480,43,0,0.3591,0.6994470533464424,-0.4447845948739269,-0.15524515509605408
68167835432980480,44,0,0.3591,0.7838769954304454,-0.4447845948739269,-0.10575208067893982
68167835432980480,70,0,0.3591,0.5198803128023798,-0.4447845948739269,-0.2840966284275055
68167835432980480,71,0,0.3591,0.3882067461474486,-0.4447845948739269,-0.4109369218349457
68186114813689344,42,4,0.521267,0.5887377704356264,-0.2829397682084966,-0.2300781011581421
68186114813689344,43,4,0.521267,0.4173531768173568,-0.2829397682084966,-0.3794962763786316
68186114813689344,44,4,0.521267,0.4436716773768077,-0.2829397682084966,-0.35293829441070557
68186114813689344,70,4,0.521267,0.47875118122290206,-0.2829397682084966,-0.3198901414871216
68186114813689344,71,4,0.521267,0.5399204608469663,-0.2829397682084966,-0.267670214176178
68283421593270400,42,2,0.3228,0.42243915121768993,-0.4910664739499672,-0.3742358386516571
68283421593270400,43,2,0.3228,0.5503118202214419,-0.4910664739499672,-0.2593911588191986
68283421593270400,44,2,0.3228,0.4079278300236657,-0.4910664739499672,-0.3894166648387909
68283421593270400,70,2,0.3228,0.43925074187459257,-0.4910664739499672,-0.3572874963283539
68283421593270400,71,2,0.3228,0.46486932633271866,-0.4910664739499672,-0.33266910910606384
69990241597280640,42,4,0.404,1.8107272238696734,-0.393618634889395,0.25785303115844727
69990241597280640,43,4,0.404,0.8951418652703373,-0.393618634889395,-0.04810813069343567
69990241597280640,44,4,0.404,0.8518541325535599,-0.393618634889395,-0.06963476538658142
69990241597280640,70,4,0.404,0.49320015544548085,-0.393618634889395,-0.3069767951965332
69990241597280640,71,4,0.404,0.4640164856907742,-0.393618634889395,-0.3334665894508362
69988489250631680,42,1,6.675,9.920212976395712,0.8244512700366128,0.99652099609375
69988489250631680,43,1,6.675,7.9940284820292336,0.8244512700366128,0.902765691280365
69988489250631680,44,1,6.675,7.5398545236961,0.8244512700366128,0.8773629665374756
69988489250631680,70,1,6.675,6.861875406899025,0.8244512700366128,0.8364428281784058
69988489250631680,71,1,6.675,6.473550851018661,0.8244512700366128,0.8111425638198853
66774513683782912,42,0,0.5603,0.6035271050317633,-0.2515793775324316,-0.2193032205104828
66774513683782912,43,0,0.5603,0.6274377086630338,-0.2515793775324316,-0.2024293839931488
66774513683782912,44,0,0.5603,0.5607480388657557,-0.2515793775324316,-0.25123223662376404
66774513683782912,70,0,0.5603,0.6765257435421984,-0.2515793775324316,-0.16971567273139954
66774513683782912,71,0,0.5603,0.5662205489224439,-0.2515793775324316,-0.2470143735408783
66771764904729984,42,1,0.4432,0.5088761655783187,-0.3534002482796267,-0.29338788986206055
66771764904729984,43,1,0.4432,0.3682729310835998,-0.3534002482796267,-0.433830201625824
66771764904729984,44,1,0.4432,0.47929882597419066,-0.3534002482796267,-0.3193936347961426
66771764904729984,70,1,0.4432,0.43860992950565564,-0.3534002482796267,-0.3579215407371521
66771764904729984,71,1,0.4432,0.5591383167254875,-0.3534002482796267,-0.25248074531555176
66745754582838272,42,2,0.388867,0.3625395141051251,-0.4101989103521395,-0.44064465165138245
66745754582838272,43,2,0.388867,0.5350555697807445,-0.4101989103521395,-0.2716011106967926
66745754582838272,44,2,0.388867,0.32984560055834955,-0.4101989103521395,-0.48168930411338806
66745754582838272,70,2,0.388867,0.37978158685591135,-0.4101989103521395,-0.4204660952091217
66745754582838272,71,2,0.388867,0.3463799761712786,-0.4101989103521395,-0.4604472219944
66746441777612416,42,3,0.2651,0.3103888887601018,-0.5765902722669066,-0.5080938339233398
66746441777612416,43,3,0.2651,0.3833716919997076,-0.5765902722669066,-0.4163799583911896
66746441777612416,44,3,0.2651,0.30439217582955963,-0.5765902722669066,-0.5165665149688721
66746441777612416,70,3,0.2651,0.3424995549745018,-0.5765902722669066,-0.4653399884700775
66746441777612416,71,3,0.2651,0.37486913922463616,-0.5765902722669066,-0.4261203110218048
66745170467302656,42,0,2.011933,0.7519632614418513,0.3036135140505009,-0.12380337715148926
66745170467302656,43,0,2.011933,1.137192990658512,0.3036135140505009,0.055834174156188965
66745170467302656,44,0,2.011933,1.2656156486839196,0.3036135140505009,0.10230183601379395
66745170467302656,70,0,2.011933,2.107582962765567,0.3036135140505009,0.3237846791744232
66745170467302656,71,0,2.011933,1.8992029109503505,0.3036135140505009,0.27857136726379395
66506331628024832,42,3,0.134,0.13488373499929038,-0.8728952016351923,-0.8700404167175293
66506331628024832,43,3,0.134,0.11746197372059447,-0.8728952016351923,-0.9301027059555054
66506331628024832,44,3,0.134,0.10084499778495182,-0.8728952016351923,-0.9963456392288208
66506331628024832,70,3,0.134,0.09452044047209615,-0.8728952016351923,-1.0244742631912231
66506331628024832,71,3,0.134,0.08854877065040719,-0.8728952016351923,-1.052817463874817
242053950101197184,58,1,1.971,11.041501002693757,0.29468662427944325,1.0430281162261963
242053950101197184,86,1,1.971,1.400149616383875,0.29468662427944325,0.14617444574832916
245357913824994560,59,0,3.541,3.541235571714972,0.549125926758111,0.5491548180580139
245357913824994560,86,0,3.541,4.028309259728535,0.549125926758111,0.6051228046417236
245073999307152384,59,0,0.304,0.22222629194841437,-0.5171264163912462,-0.6532045602798462
245073999307152384,86,0,0.304,0.36353062569412264,-0.5171264163912462,-0.4394589960575104
243800008926727936,59,4,2.99,2.707351710926056,0.4756711883244297,0.43254467844963074
243800008926727936,86,4,2.99,4.3108310492782,0.4756711883244297,0.6345610022544861
111731654357442816,18,3,94.55,3.8457677290482857,1.9756615331810585,0.5849830508232117
111731654357442816,42,3,94.55,4.527502465720734,1.9756615331810585,0.6558586955070496
111731654357442816,43,3,94.55,5.073853016145937,1.9756615331810585,0.7053378820419312
111731654357442816,44,3,94.55,3.9575418892528464,1.9756615331810585,0.5974255204200745
111731654357442816,70,3,94.55,4.676291224598901,1.9756615331810585,0.6699015498161316
111731654357442816,71,3,94.55,1.1635085605964213,1.9756615331810585,0.06576958298683167
70252681278085376,18,2,4.765,5.51697185593882,0.6780629049743452,0.7417007684707642
70252681278085376,42,2,4.765,5.8542410170964665,0.6780629049743452,0.7674705982208252
70252681278085376,43,2,4.765,3.4428027661418676,0.6780629049743452,0.5369121432304382
70252681278085376,44,2,4.765,6.659161856673345,0.6780629049743452,0.8234195709228516
70252681278085376,70,2,4.765,4.273731959484636,0.6780629049743452,0.6308072805404663
70252681278085376,71,2,4.765,5.235164873322404,0.6780629049743452,0.7189303636550903
69932276717968512,42,0,1.791,1.9309568191975317,0.2530955858490315,0.28577256202697754
69932276717968512,43,0,1.791,2.110512978592792,0.2530955858490315,0.3243880271911621
69932276717968512,44,0,1.791,1.534128652608513,0.2530955858490315,0.18586178123950958
69838302833692160,42,1,9.033,7.664991006236023,0.9558320102324217,0.8845116496086121
69838302833692160,43,1,9.033,10.973325904731977,0.9558320102324217,1.0403382778167725
69838302833692160,44,1,9.033,6.926513099204973,0.9558320102324217,0.8405146598815918
69838302833692160,70,1,9.033,8.859037964724216,0.9558320102324217,0.9473865628242493
69838302833692160,71,1,9.033,8.337038470895791,0.9558320102324217,0.9210118055343628
69811948914407168,42,3,1.907333,1.8526130318998946,0.2804265228505042,0.2677847146987915
69811948914407168,43,3,1.907333,2.469916063868295,0.2804265228505042,0.39268219470977783
69811948914407168,44,3,1.907333,1.6810021915009943,0.2804265228505042,0.2255682796239853
69811948914407168,70,3,1.907333,2.250139681765474,0.2804265228505042,0.3522094786167145
69811948914407168,71,3,1.907333,1.674269498055836,0.2804265228505042,0.2238253653049469
68322454256073344,42,2,0.474667,0.415414228689752,-0.32361096043685195,-0.3815186321735382
68322454256073344,43,2,0.474667,0.587429157053531,-0.32361096043685195,-0.23104450106620789
68322454256073344,44,2,0.474667,0.5755394037194623,-0.32361096043685195,-0.23992493748664856
68322454256073344,70,2,0.474667,1.175469865381427,-0.32361096043685195,0.0702114999294281
68322454256073344,71,2,0.474667,0.4055760031890347,-0.32361096043685195,-0.3919277489185333
69811639676769536,42,4,1.472267,1.2622407964516644,0.16798657774026599,0.10114221274852753
69811639676769536,43,4,1.472267,1.713876438179373,0.16798657774026599,0.2339795082807541
69811639676769536,44,4,1.472267,1.4183627785181134,0.16798657774026599,0.15178732573986053
69811639676769536,70,4,1.472267,1.3973384043281216,0.16798657774026599,0.14530159533023834
69811639676769536,71,4,1.472267,1.398464879046909,0.16798657774026599,0.14565156400203705
68322145018429952,42,0,4.0255,3.512313891101579,0.6048198309783376,0.5455933213233948
68322145018429952,43,0,4.0255,4.750176766470585,0.6048198309783376,0.676709771156311
68322145018429952,44,0,4.0255,6.608021674554019,0.6048198309783376,0.8200714588165283
68322145018429952,70,0,4.0255,5.966935623335709,0.6048198309783376,0.7757513523101807
68322145018429952,71,0,4.0255,3.959055399818924,0.6048198309783376,0.5975915789604187
68310359628169472,42,1,0.4116,0.855362047171977,-0.3855246339096047,-0.0678500235080719
68310359628169472,43,1,0.4116,1.6637474814105797,-0.3855246339096047,0.22108741104602814
68310359628169472,44,1,0.4116,1.088084760235229,-0.3855246339096047,0.03666272759437561
68310359628169472,70,1,0.4116,0.5692138882590927,-0.3855246339096047,-0.24472451210021973
68310359628169472,71,1,0.4116,0.8622028615190124,-0.3855246339096047,-0.06439054012298584
69811364798863744,42,0,0.7643,0.7244449819596789,-0.11673614041502603,-0.13999459147453308
69811364798863744,43,0,0.7643,0.9511810717002313,-0.11673614041502603,-0.02173680067062378
69811364798863744,44,0,0.7643,0.7734463743359971,-0.11673614041502603,-0.11156979203224182
69811364798863744,70,0,0.7643,1.9558197061201958,-0.11673614041502603,0.2913288176059723
69811364798863744,71,0,0.7643,0.7217766337681374,-0.11673614041502603,-0.141597181558609
68308882159427840,42,2,1.08,0.8515009546035904,0.03342375548694973,-0.06981486082077026
68308882159427840,43,2,1.08,0.8630720990305613,0.03342375548694973,-0.06395292282104492
68308882159427840,44,2,1.08,0.6851469832194698,0.03342375548694973,-0.16421625018119812
68308882159427840,70,2,1.08,1.0251584687176494,0.03342375548694973,0.010791003704071045
68308882159427840,71,2,1.08,1.1320936657652252,0.03342375548694973,0.05388236045837402
68303487680516224,42,1,0.8376,0.7707860275392313,-0.07696333132921407,-0.113066166639328
68303487680516224,43,1,0.8376,0.7021925215957794,-0.07696333132921407,-0.15354380011558533
68303487680516224,44,1,0.8376,0.7244423471679862,-0.07696333132921407,-0.13999617099761963
68303487680516224,70,1,0.8376,1.0522423979137199,-0.07696333132921407,0.0221157968044281
68303487680516224,71,1,0.8376,1.313215250500669,-0.07696333132921407,0.11833591759204865
68303728198686080,42,1,0.681267,0.6795848847195288,-0.166682647410236,-0.16775628924369812
68303728198686080,43,1,0.681267,0.5558943451188704,-0.166682647410236,-0.2550077438354492
68303728198686080,44,1,0.681267,0.6363726026095072,-0.166682647410236,-0.19628852605819702
65299965511216384,42,3,0.609933,0.8952431023085838,-0.21471786880627342,-0.04805901646614075
65299965511216384,43,3,0.609933,1.689123719877346,-0.21471786880627342,0.22766146063804626
65299965511216384,44,3,0.609933,1.24135650138375,-0.21471786880627342,0.0938965231180191
65299965511216384,70,3,0.609933,0.9337806808432888,-0.21471786880627342,-0.029755115509033203
65299965511216384,71,3,0.609933,0.8753769114503801,-0.21471786880627342,-0.05780491232872009
65299381395665664,42,2,0.347,0.6747088921421113,-0.4596705252091263,-0.17088356614112854
65299381395665664,43,2,0.347,0.5103306801776573,-0.4596705252091263,-0.29214832186698914
65299381395665664,44,2,0.347,1.6511548978112323,-0.4596705252091263,0.21778781712055206
65299381395665664,70,2,0.347,0.4853476024735017,-0.4596705252091263,-0.3139471113681793
65299381395665664,71,2,0.347,0.44262275201390816,-0.4596705252091263,-0.35396626591682434
65293368441513344,42,4,0.274933,0.45126821022435554,-0.5607731289897226,-0.3455652594566345
65293368441513344,43,4,0.274933,0.40883359522387436,-0.5607731289897226,-0.3884534239768982
65293368441513344,44,4,0.274933,0.3531095298414109,-0.5607731289897226,-0.4520905613899231
65293368441513344,70,4,0.274933,0.49040651167421656,-0.5607731289897226,-0.30944377183914185
65293368441513344,71,4,0.274933,0.5282654773671006,-0.5607731289897226,-0.2771477699279785
65298208867376384,42,0,0.3038,0.6028230389121789,-0.5174122304732325,-0.21981015801429749
65298208867376384,43,0,0.3038,0.5146436694421059,-0.5174122304732325,-0.2884933650493622
65298208867376384,44,0,0.3038,0.44021654079484296,-0.5174122304732325,-0.3563336431980133
65298208867376384,70,0,0.3038,0.4691756117656992,-0.5174122304732325,-0.3286645710468292
65298208867376384,71,0,0.3038,0.3786726755619028,-0.5174122304732325,-0.4217360317707062
65292268929825408,42,4,5.89695,4.47387657934802,0.7706274454281111,0.6506839990615845
65292268929825408,43,4,5.89695,4.1588471317065965,0.7706274454281111,0.6189729571342468
65292268929825408,44,4,5.89695,8.760351104154399,0.7706274454281111,0.9425215125083923
65285633203088768,42,4,0.235,0.5075818524024962,-0.6289321377282637,-0.2944939136505127
65285633203088768,43,4,0.235,0.47529998398732526,-0.6289321377282637,-0.3230322003364563
65285633203088768,44,4,0.235,0.6815303271499504,-0.6289321377282637,-0.1665148138999939
65285633203088768,70,4,0.235,0.4762893488990533,-0.6289321377282637,-0.32212913036346436
65285633203088768,71,4,0.235,0.4562624571893977,-0.6289321377282637,-0.34078526496887207
65247704349267584,42,4,6.152267,7.231951295862125,0.7890351749907824,0.8592554926872253
65247704349267584,43,4,6.152267,5.429030934523488,0.7890351749907824,0.7347223162651062
65247704349267584,44,4,6.152267,8.408296326537338,0.7890351749907824,0.9247080087661743
65244749411766528,42,3,9.0665,13.048021894632694,0.9574396658867121,1.1155446767807007
65244749411766528,43,3,9.0665,10.151273052085713,0.9574396658867121,1.0065205097198486
65244749411766528,44,3,9.0665,7.9653580276562534,0.9574396658867121,0.90120530128479
65244749411766528,70,3,9.0665,7.142419559390698,0.9574396658867121,0.8538453578948975
65244749411766528,71,3,9.0665,13.364232371725995,0.9574396658867121,1.1259440183639526
65244435877629824,42,3,0.3042,0.3904027148392109,-0.5168407902830203,-0.4084871709346771
65244435877629824,43,3,0.3042,0.5051363580261912,-0.5168407902830203,-0.2965913712978363
65244435877629824,44,3,0.3042,0.48720634726065626,-0.5168407902830203,-0.3122870624065399
65244435877629824,70,3,0.3042,0.4901247499153145,-0.5168407902830203,-0.3096933662891388
65244435877629824,71,3,0.3042,0.6463632127239425,-0.5168407902830203,-0.1895233690738678
65241313435901568,42,0,17.824,3.0784545664397234,1.251005173493635,0.48833274841308594
65241313435901568,43,0,17.824,6.166289676610339,1.251005173493635,0.790023922920227
65241313435901568,44,0,17.824,10.199483536215617,1.251005173493635,1.0085781812667847
45567511362945152,43,1,12.3,6.688517994098368,1.089905111439398,0.8253298997879028
45567511362945152,44,1,12.3,5.96533073505703,1.089905111439398,0.7756345272064209
45567511362945152,70,1,12.3,7.287053988887742,1.089905111439398,0.8625519871711731
45567511362945152,71,1,12.3,9.684069052768338,1.089905111439398,0.9860578775405884
66623605713181184,71,3,0.2182,1.0652641867118617,-0.661145253747677,0.027457326650619507
67085641114472320,42,4,0.472933,0.7230921104973467,-0.32520038101972554,-0.1408063769340515
67085641114472320,43,4,0.472933,0.45305787002466286,-0.32520038101972554,-0.34384632110595703
67085641114472320,44,4,0.472933,0.5847402715171145,-0.32520038101972554,-0.23303699493408203
67331381964358656,42,1,3.2972,3.2620750994060628,0.5181452911716651,0.5134939551353455
67331381964358656,43,1,3.2972,2.7321235872042444,0.5181452911716651,0.43650034070014954
67331381964358656,71,1,3.2972,2.910243882178521,0.5181452911716651,0.4639293849468231
67281869581448704,42,2,7.73075,7.16215391318488,0.8882216291137951,0.8550436496734619
67281869581448704,43,2,7.73075,8.33043439112311,0.8882216291137951,0.9206676483154297
67281869581448704,44,2,7.73075,7.480433367230204,0.8882216291137951,0.8739267587661743
66624357329718400,42,4,0.2252,0.3905619624469748,-0.6474316138206914,-0.40831005573272705
66624357329718400,43,4,0.2252,0.4335358921656743,-0.6474316138206914,-0.36297494173049927
66624357329718400,44,4,0.2252,0.30793322277191254,-0.6474316138206914,-0.5115434527397156
66624357329718400,71,4,0.2252,0.5011915533642899,-0.6474316138206914,-0.2999962568283081
66581961710329984,42,1,0.6898,0.6273470817584389,-0.1612768099686281,-0.2024921178817749
66581961710329984,43,1,0.6898,0.6655951062991595,-0.1612768099686281,-0.17678987979888916
66581961710329984,44,1,0.6898,0.5873125495167689,-0.1612768099686281,-0.2311307191848755
66581961710329984,71,1,0.6898,0.734511997562828,-0.1612768099686281,-0.13400110602378845
66581549393480704,42,2,4.615533,5.616210948739991,0.6642218604199566,0.7494434118270874
66581549393480704,43,2,4.615533,5.800243309740272,0.6642218604199566,0.7634462118148804
66581549393480704,44,2,4.615533,5.388324183442798,0.6642218604199566,0.7314537167549133
66581549393480704,71,2,4.615533,6.039590157624599,0.6642218604199566,0.7810074687004089
65819965792011904,42,4,0.881467,0.6445087792031724,-0.054793941999000575,-0.1907711625099182
65819965792011904,43,4,0.881467,0.8185488480980772,-0.054793941999000575,-0.08695539832115173
65819965792011904,44,4,0.881467,0.5803187861040593,-0.054793941999000575,-0.23633337020874023
65819965792011904,71,4,0.881467,0.8454115442128061,-0.054793941999000575,-0.07293182611465454
5484571119849822464,1,0,6.954,8.377536454622906,0.8422346863472396,0.9231163263320923
5484571119849822464,2,0,6.954,23.77085864143879,0.8422346863472396,1.3760448694229126
5484571119849822464,3,0,6.954,1.813321566530926,0.8422346863472396,0.25847482681274414
5484571119849822464,4,0,6.954,9.907151208836124,0.8422346863472396,0.9959487915039062
5484571119849822464,5,0,6.954,8.399572040090701,0.8422346863472396,0.9242571592330933
5484571119849822464,6,0,6.954,3.7080131763353497,0.8422346863472396,0.5691412687301636
5484571119849822464,8,0,6.954,7.2582210038834,0.8422346863472396,0.8608301877975464
5484571119849822464,9,0,6.954,8.739253125125185,0.8422346863472396,0.9414743185043335
5484571119849822464,10,0,6.954,11.143619549978807,0.8422346863472396,1.04702627658844
5484571119849822464,11,0,6.954,4.69399265919662,0.8422346863472396,0.6715424060821533
5484571119849822464,12,0,6.954,13.092426068214419,0.8422346863472396,1.1170201301574707
5484571119849822464,13,0,6.954,13.716385882259829,0.8422346863472396,1.137239694595337
5484571119849822464,27,0,6.954,11.710881005880543,0.8422346863472396,1.0685895681381226
5484571119849822464,28,0,6.954,9.64407455463189,0.8422346863472396,0.9842605590820312
5484571119849822464,29,0,6.954,14.429537300354244,0.8422346863472396,1.159252405166626
5484571119849822464,30,0,6.954,13.071215082455462,0.8422346863472396,1.1163159608840942
5484571119849822464,31,0,6.954,11.799961192123765,0.8422346863472396,1.071880578994751
5484571119849822464,32,0,6.954,15.745788597250499,0.8422346863472396,1.1971644163131714
5484571119849822464,33,0,6.954,13.496169340441025,0.8422346863472396,1.130210518836975
5484571119849822464,34,0,6.954,12.847807516231635,0.8422346863472396,1.1088290214538574
5484571119849822464,35,0,6.954,9.842494326241493,0.8422346863472396,0.9931051731109619
5484571119849822464,36,0,6.954,5.892941068352545,0.8422346863472396,0.7703320980072021
5484571119849822464,37,0,6.954,7.806475154061547,0.8422346863472396,0.892454981803894
5484571119849822464,38,0,6.954,13.447571756189557,0.8422346863472396,1.1286438703536987
5484571119849822464,39,0,6.954,10.852659317170474,0.8422346863472396,1.0355361700057983
5484571119849822464,61,0,6.954,8.535456047880452,0.8422346863472396,0.9312267303466797
5484571119849822464,62,0,6.954,12.755224154102748,0.8422346863472396,1.1056880950927734
5484571119849822464,63,0,6.954,10.808108594045233,0.8422346863472396,1.0337496995925903
5484571119849822464,64,0,6.954,5.448231170105992,0.8422346863472396,0.7362555265426636
5484571119849822464,65,0,6.954,7.95428720198123,0.8422346863472396,0.9006012678146362
5484571119849822464,66,0,6.954,7.081961564473638,0.8422346863472396,0.8501535654067993
5484571119849822464,67,0,6.954,10.935874713702377,0.8422346863472396,1.0388535261154175
5484571119849822464,68,0,6.954,10.97027209775116,0.8422346863472396,1.040217399597168
5484571119849822464,69,0,6.954,6.366631577998536,0.8422346863472396,0.8039097189903259
5484571119849822464,87,0,6.954,11.409208229547046,0.8422346863472396,1.057255506515503
5484571119849822464,88,0,6.954,12.064169512564009,0.8422346863472396,1.0814974308013916
5484571119849822464,89,0,6.954,10.510263345709289,0.8422346863472396,1.021613597869873
5484571119849822464,90,0,6.954,10.355766672182634,0.8422346863472396,1.0151822566986084
5484571119849822464,93,0,6.954,9.650811377018623,0.8422346863472396,0.9845638275146484
5484571119849822464,94,0,6.954,7.482080295632468,0.8422346863472396,0.874022364616394
5484571119849822464,95,0,6.954,9.808358725987002,0.8422346863472396,0.9915963411331177
5484571119849822464,96,0,6.954,7.2413180716857655,0.8422346863472396,0.859817624092102
5484571119849822464,97,0,6.954,7.656246681017165,0.8422346863472396,0.8840159177780151
5484571119849822464,98,0,6.954,7.659195736920274,0.8422346863472396,0.8841831684112549
3419944920068400000,43,0,2.988,2.6917986121153787,0.4753805931433612,0.430042564868927
3419944920068400000,44,0,2.988,1.990889709717787,0.4753805931433612,0.29904720187187195
3419944920068400000,71,0,2.988,2.937904838631765,0.4753805931433612,0.4680377244949341
5285793436321718144,27,2,0.28,0.3430858012815579,-0.5528419686577808,-0.46459725499153137
5285793436321718144,28,2,0.28,0.32992659778458927,-0.5528419686577808,-0.4815826714038849
5285793436321718144,30,2,0.28,0.3401299776768327,-0.5528419686577808,-0.46835508942604065
5285793436321718144,31,2,0.28,0.38026940663235625,-0.5528419686577808,-0.4199086129665375
5285793436321718144,32,2,0.28,0.37979837084411583,-0.5528419686577808,-0.42044690251350403
5285793436321718144,33,2,0.28,0.40066256091564306,-0.5528419686577808,-0.39722123742103577
5285793436321718144,34,2,0.28,0.3899185918834787,-0.5528419686577808,-0.40902605652809143
5285793436321718144,35,2,0.28,0.37648103952235423,-0.5528419686577808,-0.4242568910121918
5285793436321718144,36,2,0.28,0.550805991276538,-0.5528419686577808,-0.25900134444236755
5285793436321718144,37,2,0.28,0.3505895766893668,-0.5528419686577808,-0.45520099997520447
5285793436321718144,38,2,0.28,0.39422705687205456,-0.5528419686577808,-0.4042535722255707
5285793436321718144,39,2,0.28,0.35162792748106125,-0.5528419686577808,-0.45391663908958435
5285793436321718144,97,2,0.28,0.44185762912235355,-0.5528419686577808,-0.3547176420688629
112157612034669440,42,0,82.83,58.215912471584105,1.9181876613589257,1.765041708946228
112157612034669440,43,0,82.83,43.65497279624582,1.9181876613589257,1.6400337219238281
112157612034669440,44,0,82.83,31.897963769993666,1.9181876613589257,1.50376296043396
112157612034669440,58,0,82.83,22.678654500557172,1.9181876613589257,1.3556172847747803
112157612034669440,70,0,82.83,30.80534822739239,1.9181876613589257,1.4886261224746704
112157612034669440,71,0,82.83,29.352770718619457,1.9181876613589257,1.4676491022109985
112157612034669440,85,0,82.83,61.167918181425684,1.9181876613589257,1.786523699760437
5288949863624851200,1,2,1.843,3.90985652519273,0.2655253352190738,0.5921608209609985
5288949863624851200,2,2,1.843,2.2370118990589845,0.2655253352190738,0.3496682941913605
5288949863624851200,3,2,1.843,1.9417446765495232,0.2655253352190738,0.28819212317466736
5288949863624851200,4,2,1.843,3.200893731531912,0.2655253352190738,0.5052712559700012
5288949863624851200,5,2,1.843,2.2235532658909887,0.2655253352190738,0.3470475375652313
5288949863624851200,6,2,1.843,1.9157239422931422,0.2655253352190738,0.2823329269886017
5288949863624851200,7,2,1.843,1.7065042377319493,0.2655253352190738,0.23210737109184265
5288949863624851200,8,2,1.843,1.756465243819612,0.2655253352190738,0.2446395605802536
5288949863624851200,10,2,1.843,1.150678200014767,0.2655253352190738,0.060953885316848755
5288949863624851200,11,2,1.843,2.2607855660004588,0.2655253352190738,0.3542593717575073
5288949863624851200,12,2,1.843,2.1408051216176562,0.2655253352190738,0.33057713508605957
5288949863624851200,13,2,1.843,2.338595638295177,0.2655253352190738,0.368955135345459
5288949863624851200,27,2,1.843,2.016116389873776,0.2655253352190738,0.3045156002044678
5288949863624851200,28,2,1.843,1.0597223935342894,0.2655253352190738,0.02519211173057556
5288949863624851200,29,2,1.843,2.0134392840210364,0.2655253352190738,0.30393853783607483
5288949863624851200,30,2,1.843,2.5245650906364325,0.2655253352190738,0.4021865725517273
5288949863624851200,31,2,1.843,1.8697011959433336,0.2655253352190738,0.27177220582962036
5288949863624851200,32,2,1.843,2.1620663977168366,0.2655253352190738,0.33486902713775635
5288949863624851200,33,2,1.843,2.2837661840755525,0.2655253352190738,0.35865163803100586
5288949863624851200,34,2,1.843,1.7539975023239325,0.2655253352190738,0.2440289705991745
5288949863624851200,35,2,1.843,2.1522211973804284,0.2655253352190738,0.3328869044780731
5288949863624851200,36,2,1.843,2.2223544195544847,0.2655253352190738,0.3468133211135864
5288949863624851200,37,2,1.843,2.1885583736967495,0.2655253352190738,0.3401581346988678
5288949863624851200,38,2,1.843,2.1250469402975916,0.2655253352190738,0.32736852765083313
5288949863624851200,39,2,1.843,1.7988178157536163,0.2655253352190738,0.2549871802330017
5288949863624851200,61,2,1.843,1.7095753084297343,0.2655253352190738,0.23288823664188385
5288949863624851200,62,2,1.843,2.2039576575612503,0.2655253352190738,0.34320324659347534
5288949863624851200,63,2,1.843,2.1567646646337115,0.2655253352190738,0.3338027596473694
5288949863624851200,64,2,1.843,2.222376837646295,0.2655253352190738,0.3468177020549774
5288949863624851200,65,2,1.843,2.1794412678012702,0.2655253352190738,0.33834517002105713
5288949863624851200,67,2,1.843,2.2051918256531957,0.2655253352190738,0.34344637393951416
5288949863624851200,68,2,1.843,2.061559771457352,0.2655253352190738,0.3141959309577942
5288949863624851200,69,2,1.843,1.8883617630247893,0.2655253352190738,0.2760851979255676
5288949863624851200,87,2,1.843,2.1983855902630816,0.2655253352190738,0.34210386872291565
5288949863624851200,88,2,1.843,2.1200696196520545,0.2655253352190738,0.3263501226902008
5288949863624851200,89,2,1.843,2.331832218248135,0.2655253352190738,0.3676972985267639
5288949863624851200,90,2,1.843,2.7814668548250734,0.2655253352190738,0.4442738890647888
5288949863624851200,94,2,1.843,1.7846671549317272,0.2655253352190738,0.25155723094940186
5288949863624851200,95,2,1.843,1.677929079519397,0.2655253352190738,0.2247736006975174
5288949863624851200,96,2,1.843,1.9949821148788236,0.2655253352190738,0.29993900656700134
5288949863624851200,97,2,1.843,2.2347894246680737,0.2655253352190738,0.3492366075515747
70462688000922880,42,2,6.461,8.822839471404837,0.8102997410401689,0.945608377456665
70462688000922880,43,2,6.461,7.439296086833798,0.8102997410401689,0.8715318441390991
70462688000922880,44,2,6.461,9.542594544712056,0.8102997410401689,0.9796664714813232
70461554129560448,42,1,4.704,3.0137605995228185,0.672467313068082,0.4791087508201599
70461554129560448,43,1,4.704,3.039767025614197,0.672467313068082,0.48284029960632324
70461554129560448,44,1,4.704,5.280032314321144,0.672467313068082,0.7226365804672241
70461554129560448,70,1,4.704,5.006344221738955,0.672467313068082,0.6995207071304321
70461554129560448,71,1,4.704,5.2936967020582415,0.672467313068082,0.7237590551376343
66942910762588928,42,3,0.48095,0.43920528943779963,-0.31790007092928113,-0.3573324382305145
66942910762588928,43,3,0.48095,0.5297400768539183,-0.31790007092928113,-0.27593716979026794
66942910762588928,44,3,0.48095,1.2231881656830212,-0.31790007092928113,0.08749327063560486
66942910762588928,70,3,0.48095,0.626378730167667,-0.31790007092928113,-0.2031629979610443
66942910762588928,71,3,0.48095,0.5033941234771886,-0.31790007092928113,-0.298091858625412
66832100605159424,42,0,4.539133,3.849671819733221,0.6569729080832021,0.5854237079620361
66832100605159424,43,0,4.539133,4.070086539348595,0.6569729080832021,0.6096036434173584
66832100605159424,44,0,4.539133,4.178474480161147,0.6569729080832021,0.6210177540779114
66832100605159424,70,0,4.539133,4.406631612813346,0.6569729080832021,0.6441067457199097
66832100605159424,71,0,4.539133,4.637960009727673,0.6569729080832021,0.6663269996643066
66828870789879168,42,3,0.644,0.7008518676651881,-0.1911141326401879,-0.15437376499176025
66828870789879168,43,3,0.644,0.7648898953696077,-0.1911141326401879,-0.1164010763168335
66828870789879168,44,3,0.644,0.6474742831143536,-0.1911141326401879,-0.18877747654914856
66818322350220416,42,4,1.7217,0.8205571097772926,0.23595747946662074,-0.08589118719100952
66818322350220416,43,4,1.7217,1.0708403248561766,0.23595747946662074,0.029724717140197754
66818322350220416,44,4,1.7217,1.064334528997929,0.23595747946662074,0.02707815170288086
66818322350220416,70,4,1.7217,1.8777301604557153,0.23595747946662074,0.2736331820487976
66818322350220416,71,4,1.7217,1.3030950890597748,0.23595747946662074,0.11497610807418823
66767843597097856,42,2,0.844867,0.46104819612476045,-0.07321165283997795,-0.33625367283821106
66767843597097856,43,2,0.844867,0.49584169942704026,-0.07321165283997795,-0.3046569526195526
66767843597097856,44,2,0.844867,0.4335937007866288,-0.07321165283997795,-0.3629170358181
66767843597097856,70,2,0.844867,0.48108570864380673,-0.07321165283997795,-0.317777544260025
66767843597097856,71,2,0.844867,0.5774839338698464,-0.07321165283997795,-0.23846009373664856
66763965244167808,42,2,0.71585,0.4865524307109302,-0.14517797070471392,-0.3128703534603119
66763965244167808,43,2,0.71585,0.5803056845316218,-0.14517797070471392,-0.2363431751728058
66763965244167808,44,2,0.71585,0.5575765267272884,-0.14517797070471392,-0.2536955177783966
66763965244167808,70,2,0.71585,0.44982679999265246,-0.14517797070471392,-0.34695467352867126
66763965244167808,71,2,0.71585,0.42862604624601136,-0.14517797070471392,-0.3679214417934418
66739982146803456,42,2,5.482267,6.03294353576453,0.7389601829369591,0.780529260635376
66739982146803456,43,2,5.482267,3.213334387441312,0.7389601829369591,0.5069559216499329
66739982146803456,44,2,5.482267,4.632294485634366,0.7389601829369591,0.665796160697937
66739982146803456,70,2,5.482267,7.035572725034949,0.7389601829369591,0.8472994565963745
66739982146803456,71,2,5.482267,5.943308875268482,0.7389601829369591,0.7740283012390137
66717987616472704,42,1,0.7301,0.4312998767778858,-0.13661765155921232,-0.36522066593170166
66717987616472704,43,1,0.7301,0.4015657517917195,-0.13661765155921232,-0.3962433338165283
66717987616472704,44,1,0.7301,0.46604752844986286,-0.13661765155921232,-0.3315697908401489
66717987616472704,70,1,0.7301,0.44827640687863785,-0.13661765155921232,-0.3484541177749634
66717987616472704,71,1,0.7301,0.5011471884110397,-0.13661765155921232,-0.30003470182418823
66522381924952704,42,2,0.624467,1.0876493149570703,-0.2044905070041394,0.036488890647888184
66522381924952704,43,2,0.624467,0.9706675270005204,-0.2044905070041394,-0.01292949914932251
66522381924952704,44,2,0.624467,0.5317057791979323,-0.2044905070041394,-0.2743286192417145
66522137109124096,42,1,0.6732,0.48701250635310545,-0.17185589269621376,-0.31245988607406616
66522137109124096,43,1,0.6732,0.33031943777393546,-0.17185589269621376,-0.48106586933135986
66522137109124096,44,1,0.6732,0.41455111657668037,-0.17185589269621376,-0.38242191076278687
66522137109124096,70,1,0.6732,0.4559689907620434,-0.17185589269621376,-0.3410646915435791
66522137109124096,71,1,0.6732,0.8364618376643589,-0.17185589269621376,-0.07755386829376221
66521381194879232,42,4,0.8238,0.6529546118970287,-0.08417821237960127,-0.18511700630187988
66521381194879232,43,4,0.8238,0.6700052968404712,-0.08417821237960127,-0.17392176389694214
66521381194879232,44,4,0.8238,0.5543448496403846,-0.08417821237960127,-0.2562199831008911
66521381194879232,70,4,0.8238,0.7303606077841052,-0.08417821237960127,-0.13646265864372253
66521381194879232,71,4,0.8238,0.9378759694895014,-0.08417821237960127,-0.027854591608047485
66522107047046656,42,1,0.96335,0.47681722811923566,-0.016215898282749962,-0.3216480612754822
66522107047046656,43,1,0.96335,0.6735879720856873,-0.016215898282749962,-0.1716056764125824
66522107047046656,44,1,0.96335,0.5588322127025541,-0.016215898282749962,-0.25271856784820557
66522107047046656,70,1,0.96335,0.6128901790805216,-0.016215898282749962,-0.21261733770370483
66522107047046656,71,1,0.96335,0.520566482593373,-0.016215898282749962,-0.2835237979888916
65019246448775424,42,0,0.556067,0.5361881579216976,-0.25487287752363,-0.27068278193473816
65019246448775424,43,0,0.556067,0.4645135174479216,-0.25487287752363,-0.33300164341926575
65019246448775424,44,0,0.556067,0.328266586456942,-0.25487287752363,-0.4837733209133148
65019246448775424,70,0,0.556067,0.599176922847759,-0.25487287752363,-0.22244492173194885
65019246448775424,71,0,0.556067,0.4276345533464683,-0.25487287752363,-0.3689272105693817
66523103479455744,42,2,0.489733,0.4933750613456792,-0.31004063064580034,-0.306822806596756
66523103479455744,43,2,0.489733,0.6049127153011593,-0.31004063064580034,-0.2183072865009308
66523103479455744,44,2,0.489733,0.4853209586374983,-0.31004063064580034,-0.3139709532260895
66523103479455232,42,0,1.359467,0.6544553621966526,0.13336866989200216,-0.18411996960639954
66523103479455232,43,0,1.359467,0.7357395017651925,0.13336866989200216,-0.13327592611312866
66523103479455232,44,0,1.359467,0.7870262888142712,0.13336866989200216,-0.10401076078414917
66523103479455232,70,0,1.359467,0.7082843675067342,0.13336866989200216,-0.14979234337806702
66523103479455232,71,0,1.359467,0.5289276510456946,0.13336866989200216,-0.27660372853279114
66523893753437824,42,2,2.493333,3.1508367404661497,0.3967802850840354,0.4984259009361267
66523893753437824,43,2,2.493333,3.507848159578709,0.3967802850840354,0.5450407862663269
66523893753437824,44,2,2.493333,2.9698269449091295,0.3967802850840354,0.4727311432361603
66523893753437824,70,2,2.493333,3.0243675533160173,0.3967802850840354,0.48063457012176514
66523893753437824,71,2,2.493333,2.6040284129463034,0.3967802850840354,0.4156457185745239
66719194505127168,42,3,0.521733,0.43625663642583146,-0.2825516929601105,-0.36025795340538025
66719194505127168,43,3,0.521733,1.977104376785826,-0.2825516929601105,0.29602959752082825
66719194505127168,44,3,0.521733,0.5334464210784973,-0.2825516929601105,-0.2729091942310333
66719228864863360,42,0,0.9202,1.0755798204737388,-0.03611777107122263,0.031642645597457886
66719228864863360,43,0,0.9202,1.0219560673775903,-0.03611777107122263,0.009432226419448853
66719228864863360,44,0,0.9202,0.886366550726046,-0.03611777107122263,-0.05238664150238037
66719228864863360,70,0,0.9202,0.6651467772588104,-0.03611777107122263,-0.17708250880241394
66719228864863360,71,0,0.9202,0.6050723859542376,-0.03611777107122263,-0.2181926667690277
66722660540945408,42,4,0.12685,0.5633722147553611,-0.8967095284422505,-0.2492045760154724
66722660540945408,43,4,0.12685,0.3188695980739334,-0.8967095284422505,-0.49638688564300537
66722660540945408,44,4,0.12685,0.30864294593389957,-0.8967095284422505,-0.5105436444282532
66722660540945408,70,4,0.12685,0.4438933782312853,-0.8967095284422505,-0.35272133350372314
66722660540945408,71,4,0.12685,0.36393106017395777,-0.8967095284422505,-0.4389808773994446
66765751950550144,42,2,0.884533,0.9459422403885656,-0.05328595987064372,-0.02413538098335266
66765751950550144,43,2,0.884533,0.7011790321505801,-0.05328595987064372,-0.15417107939720154
66765751950550144,44,2,0.884533,3.2477572929326133,-0.05328595987064372,0.5115835666656494
66765751950550144,70,2,0.884533,0.6787106731426918,-0.05328595987064372,-0.1683153212070465
66765751950550144,71,2,0.884533,0.5238179484929635,-0.05328595987064372,-0.2808196246623993
66765855029900288,70,3,0.3482,0.7377829156722133,-0.4581712332186876,-0.13207140564918518
66765855029900288,71,3,0.3482,0.3728488055132934,-0.4581712332186876,-0.4284672439098358
66765855029760768,42,4,0.1239,0.5171454115171357,-0.9069286936239366,-0.2863873243331909
66765855029760768,43,4,0.1239,0.531121689288717,-0.9069286936239366,-0.2748059630393982
66765855029760768,44,4,0.1239,0.7943416548787405,-0.9069286936239366,-0.09999266266822815
66824472743376768,42,4,0.265733,0.4682570923420662,-0.5755545094663683,-0.32951563596725464
66824472743376768,43,4,0.265733,0.3820680168302261,-0.5755545094663683,-0.4178593158721924
66824472743376768,44,4,0.265733,0.34548253786941496,-0.5755545094663683,-0.46157389879226685
66824472743376768,70,4,0.265733,0.5286432010522809,-0.5755545094663683,-0.2768373489379883
66824472743376768,71,4,0.265733,0.40561115601297487,-0.5755545094663683,-0.39189010858535767
66831069813319936,42,0,0.336867,0.8482700241207272,-0.47254153107841745,-0.0714658796787262
66831069813319936,43,0,0.336867,0.9606466540774613,-0.47254153107841745,-0.017436325550079346
66831069813319936,44,0,0.336867,0.5539222671071123,-0.47254153107841745,-0.25655117630958557
66831069813319936,70,0,0.336867,1.2681617259655202,-0.47254153107841745,0.10317464172840118
66831069813319936,71,0,0.336867,0.5033463167068158,-0.47254153107841745,-0.29813310503959656
66831172892327680,42,1,0.756667,0.475928457013095,-0.12109520620742685,-0.32245832681655884
66831172892327680,43,1,0.756667,0.4082976448533386,-0.12109520620742685,-0.3890231251716614
66831172892327680,44,1,0.756667,0.4329642312760785,-0.12109520620742685,-0.3635479807853699
66831172892327680,70,1,0.756667,0.38352733469072464,-0.12109520620742685,-0.41620367765426636
66831172892327680,71,1,0.756667,0.5367257374479165,-0.12109520620742685,-0.27024757862091064
66926211929978880,42,0,0.5,0.9405001508678623,-0.3010299956639812,-0.026641130447387695
66926211929978880,43,0,0.5,0.5852996182087401,-0.3010299956639812,-0.23262175917625427
66926211929978880,44,0,0.5,0.6142878009041439,-0.3010299956639812,-0.21162810921669006
66926211929978880,70,0,0.5,0.6847213348022158,-0.3010299956639812,-0.1644861400127411
66926211929978880,71,0,0.5,0.5833949030653589,-0.3010299956639812,-0.2340373694896698
66940299422471296,42,4,1.633,1.8930689234490135,0.21298618473666817,0.2771664261817932
66940299422471296,43,4,1.633,1.8555601023666104,0.21298618473666817,0.2684750258922577
66940299422471296,44,4,1.633,1.8781721827874125,0.21298618473666817,0.2737354040145874
66940299422471296,70,4,1.633,1.5492361681497613,0.21298618473666817,0.19011762738227844
66940299422471296,71,4,1.633,1.7124815013160577,0.21298618473666817,0.2336258888244629
66515922294233728,42,2,0.5611,0.5372775711410578,-0.25095973129654275,-0.2698012888431549
66515922294233728,43,2,0.5611,0.613159703834709,-0.25095973129654275,-0.21242639422416687
66515922294233728,44,2,0.5611,0.5123589323159436,-0.25095973129654275,-0.29042568802833557
66515922294233728,70,2,0.5611,0.45572440238702333,-0.25095973129654275,-0.3412977159023285
66515922294233728,71,2,0.5611,0.6068126419536447,-0.25095973129654275,-0.21694537997245789
66551686483467904,42,2,1.03875,0.37745892297971145,0.016511036792167432,-0.4231303036212921
66551686483467904,43,2,1.03875,0.3527113206356836,0.016511036792167432,-0.45258060097694397
66551686483467904,44,2,1.03875,0.46313889366364436,0.016511036792167432,-0.33428874611854553
66551686483467904,70,2,1.03875,0.571157858631313,0.016511036792167432,-0.24324384331703186
66551686483467904,71,2,1.03875,0.4134443678869968,0.016511036792167432,-0.3835829198360443
66556535504958848,42,1,6.218,5.566398514718523,0.793650717707173,0.7455742955207825
66556535504958848,43,1,6.218,5.584985279069964,0.793650717707173,0.7470220327377319
66556535504958848,44,1,6.218,5.8325067857866175,0.793650717707173,0.7658552527427673
66556535504958848,70,1,6.218,5.526154184612448,0.793650717707173,0.7424229979515076
66556535504958848,71,1,6.218,4.605398920493873,0.793650717707173,0.6632672548294067
66747816167123712,42,1,7.2745,5.439052162485609,0.8618031482141788,0.7355232238769531
66747816167123712,43,1,7.2745,8.855747252238867,0.8618031482141788,0.9472252130508423
66747816167123712,44,1,7.2745,6.881413539286502,0.8618031482141788,0.8376776576042175
66749121837171840,42,0,1.5922,1.2191639670454635,0.20199761958310547,0.08606211841106415
66749121837171840,43,0,1.5922,1.7179242406701631,0.20199761958310547,0.2350040078163147
66749121837171840,44,0,1.5922,0.9752395474782496,0.20199761958310547,-0.01088869571685791
66749121837171840,70,0,1.5922,1.4492482888938445,0.20199761958310547,0.16114279627799988
66749121837171840,71,0,1.5922,1.184499728503489,0.20199761958310547,0.07353496551513672
66974453002505088,42,4,1.74685,0.9271534994353815,0.24225561421639802,-0.032848358154296875
66974453002505088,43,4,1.74685,1.1915640622515267,0.24225561421639802,0.07611739635467529
66974453002505088,44,4,1.74685,0.8299682556690059,0.24225561421639802,-0.08093851804733276
66974453002505088,70,4,1.74685,1.6551382716970897,0.24225561421639802,0.2188342809677124
66974453002505088,71,4,1.74685,0.7735291238308659,0.24225561421639802,-0.1115233302116394
66960743466922624,42,0,0.6648,0.6222516044810108,-0.17730898922394545,-0.20603397488594055
66960743466922624,43,0,0.6648,0.7158565995492697,-0.17730898922394545,-0.14517396688461304
66960743466922624,44,0,0.6648,0.766123793508208,-0.17730898922394545,-0.11570104956626892
66960743466922624,70,0,0.6648,0.7914007042509212,-0.17730898922394545,-0.10160356760025024
66960743466922624,71,0,0.6648,0.5442704055418484,-0.17730898922394545,-0.2641852796077728
66960262430594816,42,1,1.856667,1.7034867280075572,0.26873401842434347,0.2313387542963028
66960262430594816,43,1,1.856667,1.7097873686820635,0.26873401842434347,0.2329421043395996
66960262430594816,44,1,1.856667,1.655809833309512,0.26873401842434347,0.21901045739650726
66960262430594816,70,1,1.856667,1.8978177708170336,0.26873401842434347,0.27825450897216797
66960262430594816,71,1,1.856667,1.477883239377166,0.26873401842434347,0.16964012384414673
66754241438299520,42,1,5.972,5.5378874892094645,0.7761197990529878,0.7433441281318665
66754241438299520,43,1,5.972,5.486513299851106,0.7761197990529878,0.7392964363098145
66754241438299520,44,1,5.972,5.278817929193687,0.7761197990529878,0.7225366830825806
66754241438299520,70,1,5.972,7.0638033590397145,0.7761197990529878,0.8490386009216309
66754241438299520,71,1,5.972,5.865418215417486,0.7761197990529878,0.7682989835739136
66565365957676416,42,2,5.072,5.988518993228104,0.7051792448736762,0.7773194313049316
66565365957676416,43,2,5.072,5.601532633822132,0.7051792448736762,0.7483068704605103
66565365957676416,44,2,5.072,6.924883915003274,0.7051792448736762,0.8404124975204468
66553443128503552,42,0,1.1206,0.8693163361612422,0.04945061813154958,-0.06082215905189514
66553443128503552,43,0,1.1206,0.8302948964563284,0.04945061813154958,-0.08076763153076172
66553443128503552,44,0,1.1206,0.7632213218066034,0.04945061813154958,-0.11734950542449951
66553443128503552,70,0,1.1206,0.879318631880375,0.04945061813154958,-0.05585372447967529
66553443128503552,71,0,1.1206,0.5574954166995035,0.04945061813154958,-0.2537586987018585
66539252556578816,42,2,6.4402,7.2949701559682225,0.808899354556655,0.8630235195159912
66539252556578816,43,2,6.4402,8.104866857762394,0.808899354556655,0.9087458848953247
66539252556578816,44,2,6.4402,7.927420476368999,0.808899354556655,0.8991318941116333
66509771901085696,42,4,0.3645,0.7200537109527758,-0.4383024673460066,-0.14263510704040527
66509771901085696,43,4,0.3645,0.41682785337569833,-0.4383024673460066,-0.38004326820373535
66509771901085696,44,4,0.3645,0.46373305186050534,-0.4383024673460066,-0.3337319493293762
66462939577861248,42,1,2.162933,1.9438667301034458,0.33504306674331935,0.2886664867401123
66462939577861248,43,1,2.162933,1.852943474111362,0.33504306674331935,0.2678621709346771
66462939577861248,44,1,2.162933,1.303855035553071,0.33504306674331935,0.11522930860519409
66462939577861248,70,1,2.162933,2.163326393325399,0.33504306674331935,0.3351220488548279
66462939577861248,71,1,2.162933,2.1512721995157182,0.33504306674331935,0.3326953649520874
66537981246228096,42,0,6.282,6.756939977027545,0.7980979320624859,0.8297500610351562
66537981246228096,43,0,6.282,5.798156434181963,0.7980979320624859,0.7632899284362793
66537981246228096,44,0,6.282,8.261183242189574,0.7980979320624859,0.9170422554016113
66537981246228096,70,0,6.282,7.29479995455286,0.7980979320624859,0.8630133867263794
66537981246228096,71,0,6.282,6.156438264429062,0.7980979320624859,0.7893295288085938
66957994687842176,42,2,0.314267,0.30644644632265194,-0.5027012202243432,-0.5136454105377197
66957994687842176,43,2,0.314267,0.3159788313722638,-0.5027012202243432,-0.5003420114517212
66957994687842176,44,2,0.314267,0.3547526555610806,-0.5027012202243432,-0.45007434487342834
66957994687842176,70,2,0.314267,0.3661445256291041,-0.5027012202243432,-0.43634745478630066
66957994687842176,71,2,0.314267,0.32166160986982834,-0.5027012202243432,-0.49260076880455017
66982458821495424,42,3,0.3278,0.4757460242266507,-0.48439105076551975,-0.3226248323917389
66982458821495424,43,3,0.3278,0.5590217242648466,-0.48439105076551975,-0.25257131457328796
66982458821495424,44,3,0.3278,0.6303230650161776,-0.48439105076551975,-0.2004368007183075
66982458821495424,70,3,0.3278,0.5830999274617228,-0.48439105076551975,-0.23425701260566711
66982458821495424,71,3,0.3278,0.6340646340092954,-0.48439105076551975,-0.19786646962165833
68183125516472320,42,0,0.7654,0.7011296662811751,-0.11611154211151951,-0.1542016565799713
68183125516472320,43,0,0.7654,0.6357507486330234,-0.11611154211151951,-0.19671311974525452
68183125516472320,44,0,0.7654,0.4222245148486591,-0.11611154211151951,-0.3744565546512604
68183125516472320,70,0,0.7654,0.891444566511248,-0.11611154211151951,-0.04990565776824951
68183125516472320,71,0,0.7654,0.7245406363578227,-0.11611154211151951,-0.13993725180625916
68183331674900864,42,0,0.606,0.6879228928828443,-0.21752737583371382,-0.16246023774147034
68183331674900864,43,0,0.606,0.660961940090118,-0.21752737583371382,-0.17982354760169983
68183331674900864,44,0,0.606,1.130633704582008,-0.21752737583371382,0.05332192778587341
68232191222851456,42,3,0.419533,0.3598646612050567,-0.3772338723698947,-0.443860799074173
68232191222851456,43,3,0.419533,0.47693140303410475,-0.3772338723698947,-0.3215440809726715
68232191222851456,44,3,0.419533,0.47170476362746677,-0.3772338723698947,-0.3263297379016876
68232191222851456,70,3,0.419533,0.49833407450626493,-0.3772338723698947,-0.30247941613197327
68232191222851456,71,3,0.419533,0.478982358205712,-0.3772338723698947,-0.31968048214912415
68233531252642432,42,1,0.823667,0.7866282453327902,-0.08424833356104962,-0.10423046350479126
68233531252642432,43,1,0.823667,0.4593015710235353,-0.08424833356104962,-0.3379020690917969
68233531252642432,44,1,0.823667,0.6623477251857252,-0.08424833356104962,-0.17891395092010498
68238543478364032,42,4,1.222267,0.5217343450293322,0.0871660863980115,-0.282550573348999
68238543478364032,43,4,1.222267,0.35160584963923436,0.0871660863980115,-0.4539439082145691
68238543478364032,44,4,1.222267,0.32363046908076515,0.0871660863980115,-0.48995059728622437
68238543478364032,70,4,1.222267,0.8733045949995665,0.0871660863980115,-0.0588342547416687
68238543478364032,71,4,1.222267,0.4391164175943707,0.0871660863980115,-0.35742032527923584
68348155340347776,42,4,4.418,1.8882271301682678,0.6452257115354162,0.2760542333126068
68348155340347776,43,4,4.418,2.3238848420120513,0.6452257115354162,0.3662146031856537
68348155340347776,44,4,4.418,1.848188327097665,0.6452257115354162,0.2667462229728699
68348155340347776,70,4,4.418,3.350477212070467,0.6452257115354162,0.52510666847229
68348155340347776,71,4,4.418,1.518386949618456,0.6452257115354162,0.1813824623823166
68595751615127296,42,0,7.826,3.9815877414358782,0.8935398435646613,0.6000562906265259
68595751615127296,43,0,7.826,6.942909889838692,0.8935398435646613,0.8415415287017822
68595751615127296,44,0,7.826,6.905581548628164,0.8935398435646613,0.8392002582550049
68595751615127296,70,0,7.826,4.444939881610006,0.8935398435646613,0.647865891456604
68595751615127296,71,0,7.826,4.089109786106143,0.8935398435646613,0.6116287708282471
71371262561007232,18,1,0.766,0.7735861353682193,-0.11577123036739606,-0.11149132251739502
71371262561007232,42,1,0.766,0.742356833648313,-0.11577123036739606,-0.1293872892856598
71371262561007232,43,1,0.766,0.7611201959385899,-0.11577123036739606,-0.1185467541217804
71371262561007232,44,1,0.766,0.8027449517318899,-0.11577123036739606,-0.0954224169254303
71371262561007232,58,1,0.766,0.791819365183773,-0.11577123036739606,-0.10137388110160828
71371262561007232,70,1,0.766,0.8750100179806559,-0.11577123036739606,-0.05798697471618652
71371262561007232,71,1,0.766,0.7717541040126426,-0.11577123036739606,-0.11252105236053467
661591475172494464,44,1,2.2472,2.111182047143952,0.35164172619352163,0.3245256841182709
661591475172494464,45,1,2.2472,1.1813171820946025,0.35164172619352163,0.07236652076244354
661591475172494464,46,1,2.2472,2.027007894572475,0.35164172619352163,0.3068554401397705
661591475172494464,72,1,2.2472,1.5356123865189377,0.35164172619352163,0.18628160655498505
661492274311844352,44,1,1.9326,6.882318370367856,0.28614197520333506,0.8377347588539124
661492274311844352,45,1,1.9326,3.5513347783182554,0.28614197520333506,0.5503916144371033
661492274311844352,46,1,1.9326,3.702075955233126,0.28614197520333506,0.5684453248977661
661492274311844352,72,1,1.9326,3.2677237250447857,0.28614197520333506,0.514245331287384
661491793275861504,44,2,28.094,0.47630167096800524,1.4486135780856215,-0.3221178948879242
661491793275861504,45,2,28.094,0.9783377854915415,1.4486135780856215,-0.009511172771453857
661491793275861504,46,2,28.094,0.7932803536232694,1.4486135780856215,-0.10057330131530762
661491793275861504,72,2,28.094,0.9392066397550177,1.4486135780856215,-0.027238845825195312
661490693763838976,44,3,1.630733,2.7997737119724646,0.21238285980242025,0.4471229314804077
661490693763838976,45,3,1.630733,3.1550337285660626,0.21238285980242025,0.4990040063858032
661490693763838976,46,3,1.630733,1.2782619156351662,0.21238285980242025,0.10661984980106354
661490693763838976,72,3,1.630733,2.700423937916457,0.21238285980242025,0.43143194913864136
661485337940766208,44,2,0.3005,1.4777206279762172,-0.5221555236612417,0.16959233582019806
661485337940766208,45,2,0.3005,1.2777303273077774,-0.5221555236612417,0.10643920302391052
661485337940766208,46,2,0.3005,1.3474760568872395,-0.5221555236612417,0.12952105700969696
661485337940766208,72,2,0.3005,0.8578880376506945,-0.5221555236612417,-0.06656938791275024
661091609698913024,44,4,16.0201,9.235773938277607,1.20466522269158,0.9654732942581177
661091609698913024,45,4,16.0201,12.818883303954578,1.20466522269158,1.107850193977356
661091609698913024,46,4,16.0201,16.6390704207984,1.20466522269158,1.221129059791565
661091609698913024,72,4,16.0201,13.287779875327297,1.20466522269158,1.1234524250030518
660327960217390848,44,3,1.4926,4.526019484091724,0.17394343728437647,0.6557164192199707
660327960217390848,45,3,1.4926,2.960166225520769,0.17394343728437647,0.4713160991668701
660327960217390848,46,3,1.4926,1.4454004803265101,0.17394343728437647,0.1599881947040558
660327960217390848,72,3,1.4926,1.879828822977883,0.17394343728437647,0.2741183042526245
660327685339473152,44,4,1.8806,2.215715670694564,0.27429643177250984,0.3455140292644501
660327685339473152,45,4,1.8806,2.214018404536543,0.27429643177250984,0.3451812267303467
660327685339473152,46,4,1.8806,1.6857972044891913,0.27429643177250984,0.22680532932281494
660327685339473152,72,4,1.8806,1.6114208407828026,0.27429643177250984,0.20720897614955902
660298621296880256,44,4,5.861,17.665361378055195,0.7679717213816188,1.2471225261688232
660298621296880256,46,4,5.861,14.280610395236998,0.7679717213816188,1.1547467708587646
660298621296880256,72,4,5.861,15.671916994144134,0.7679717213816188,1.1951221227645874
660225916090501376,72,1,2.9752,3.5645674804182623,0.4735161653509162,0.5520068407058716
232162125023265152,59,4,4.892,6.828747416138742,0.6894864483642479,0.8343410491943359
232162125023265152,86,4,4.892,4.82057377111295,0.6894864483642479,0.6830987334251404
442671563260694016,86,2,4.892,3.4798634263375514,0.6894864483642479,0.5415621995925903
441781955276048256,58,0,1.762,2.0204460137731766,0.2460059040760291,0.3054472506046295
441781955276048256,86,0,1.762,1.5644787148412929,0.2460059040760291,0.19436965882778168
442036938892925824,86,0,3.036,4.115960489100469,0.48230176722344276,0.6144711971282959
443227881784657536,59,0,1.614,1.6277136725734818,0.20790353038605164,0.21157801151275635
443227881784657536,86,0,1.614,2.9635759581030907,0.20790353038605164,0.4718160629272461
441609194512096768,86,1,0.374,0.636913546960606,-0.42712839779951983,-0.19591951370239258
441558445178565120,86,3,0.302,0.3494050273712854,-0.5199930570428494,-0.4566708505153656
249277810217226752,86,4,3.541,4.046200865275737,0.549125926758111,0.607047438621521
249267124338789248,86,4,0.807,0.8353243123454214,-0.09312646527792956,-0.07814487814903259
249293478258283904,59,0,3.605,3.996391257342122,0.5569052690554478,0.6016680002212524
249293478258283904,86,0,3.605,3.117761999572449,0.5569052690554478,0.4938429594039917
4900372657545000192,1,3,3.708,3.764722298814988,0.5691397254724595,0.575732946395874
4900372657545000192,2,3,3.708,3.733776031289576,0.5691397254724595,0.5721482634544373
4900372657545000192,28,3,3.708,3.226078859258776,0.5691397254724595,0.5086749792098999
4900372657545000192,68,3,3.708,3.6260711481725068,0.5691397254724595,0.5594363212585449
4900372657545000192,95,3,3.708,3.0670942266305024,0.5691397254724595,0.48672711849212646
4900372657545000192,96,3,3.708,3.068444907908946,0.5691397254724595,0.4869183301925659
4904674604163917696,1,2,2.633,3.707538906833101,0.42045085910606816,0.5690857172012329
4904674604163917696,2,2,2.633,1.9523636912898987,0.42045085910606816,0.2905607223510742
4904674604163917696,28,2,2.633,1.2655003611414248,0.42045085910606816,0.10226227343082428
4904674604163917696,29,2,2.633,2.168706314172424,0.42045085910606816,0.3362007439136505
4904674604163917696,68,2,2.633,2.832161464635002,0.42045085910606816,0.45211800932884216
4904674604163917696,69,2,2.633,3.074319363864598,0.42045085910606816,0.48774898052215576
4904674604163917696,95,2,2.633,2.6986537005665734,0.42045085910606816,0.43114715814590454
4904674604163917696,96,2,2.633,4.2242074374259575,0.42045085910606816,0.6257452368736267
5200035927402217088,11,0,7.994,7.590905899059115,0.9027641439240861,0.880293607711792
5200035927402217088,12,0,7.994,6.406206419551908,0.9027641439240861,0.8066009283065796
5200035927402217088,38,0,7.994,6.433269492595346,0.9027641439240861,0.8084317445755005
5200035927402217088,39,0,7.994,6.115439536905326,0.9027641439240861,0.7864276766777039
5200035927402217088,65,0,7.994,6.100291958632229,0.9027641439240861,0.7853506207466125
5200035927402217088,66,0,7.994,5.9225159231332976,0.9027641439240861,0.7725062370300293
5200035927402217088,93,0,7.994,6.203087445253636,0.9027641439240861,0.7926079034805298
5297100607744079872,9,2,1.29,3.639585324091736,0.11058971029924898,0.5610519051551819
5297100607744079872,10,2,1.29,4.047031709126567,0.11058971029924898,0.607136607170105
5297100607744079872,36,2,1.29,3.4917216838913605,0.11058971029924898,0.5430396199226379
5297100607744079872,37,2,1.29,4.0336523641415685,0.11058971029924898,0.6056984663009644
5297100607744079872,38,2,1.29,3.6011325050408827,0.11058971029924898,0.5564391016960144
5297100607744079872,62,2,1.29,4.216246280120304,0.11058971029924898,0.624925971031189
5297100607744079872,63,2,1.29,4.887171602122455,0.11058971029924898,0.6890575885772705
5297100607744079872,64,2,1.29,4.93166447405617,0.11058971029924898,0.6929935216903687
658528265841052672,44,3,0.6138,0.6821244490135188,-0.2119731159041962,-0.16613638401031494
658528265841052672,45,3,0.6138,1.1419379851793965,-0.2119731159041962,0.05764251947402954
658528265841052672,46,3,0.6138,1.6132385764839519,-0.2119731159041962,0.20769859850406647
658570601334852352,44,3,0.16785,1.3160828929853456,-0.7750786544159687,0.11928324401378632
658570601334852352,45,3,0.16785,0.7997964886950039,-0.7750786544159687,-0.09702050685882568
658570601334852352,46,3,0.16785,0.821980303245946,-0.7750786544159687,-0.08513858914375305
658628905514597376,44,1,1.88095,3.649035389526642,0.2743772511523425,0.5621780753135681
658628905514597376,45,1,1.88095,2.8128395474407926,0.2743772511523425,0.44914495944976807
658628905514597376,46,1,1.88095,1.656988834570146,0.2743772511523425,0.21931958198547363
658628905514597376,72,1,1.88095,2.800686849040155,0.2743772511523425,0.44726455211639404
658570974996041344,44,4,34.1,10.751359518496484,1.5327543789924978,1.031463384628296
658570974996041344,45,4,34.1,2.284366020625741,1.5327543789924978,0.35876569151878357
658570974996041344,46,4,34.1,12.722453306944002,1.5327543789924978,1.1045708656311035
658156527832150400,44,4,1.04015,2.5686926071382468,0.01709597340920351,0.40971213579177856
658156527832150400,45,4,1.04015,1.7377649724175586,0.01709597340920351,0.23999103903770447
658156527832150400,46,4,1.04015,4.49943218988617,0.01709597340920351,0.6531577110290527
5290717534726987136,8,2,6.79,7.620758187406455,0.8318697742805017,0.8819981813430786
5290717534726987136,9,2,6.79,8.041743344109433,0.8318697742805017,0.9053502082824707
5290717843964557056,8,1,3.926,3.8155490020051,0.5939502952639875,0.581557035446167
5290717843964557056,9,1,3.926,5.420573124420816,0.5939502952639875,0.7340452075004578
5290725781064133760,8,2,3.205,3.748543479785493,0.5058280338548362,0.5738625526428223
5290725781064133760,9,2,3.205,4.669828311479701,0.5058280338548362,0.66930091381073
5841382846589454080,11,4,6.7,6.6945021234778395,0.8260748027008264,0.8257182836532593
5841382846589454080,12,4,6.7,6.011407959319856,0.8260748027008264,0.7789762020111084
5841382846589454080,38,4,6.7,6.175113489720766,0.8260748027008264,0.7906449437141418
5841382846589454080,39,4,6.7,6.475871927094535,0.8260748027008264,0.8112982511520386
5841382846589454080,64,4,6.7,7.3429947479890325,0.8260748027008264,0.8658732175827026
5841382846589454080,65,4,6.7,5.933808816252597,0.8260748027008264,0.7733335494995117
5841334609821849472,11,1,1.535,1.4386233605440346,0.18610837981320527,0.1579471081495285
5841334609821849472,12,1,1.535,1.4149309427301149,0.18610837981320527,0.15073524415493011
5841334609821849472,64,1,1.535,1.3876300914933866,0.18610837981320527,0.1422737091779709
5841334609821849472,65,1,1.535,1.0299836174323826,0.18610837981320527,0.01283031702041626
5250988846733325312,9,3,1.93,2.151189826105455,0.28555730900777376,0.33267873525619507
5250988846733325312,10,3,1.93,2.018019194472417,0.28555730900777376,0.3049252927303314
5250988846733325312,36,3,1.93,2.9929916910975556,0.28555730900777376,0.4761055111885071
5250988846733325312,37,3,1.93,2.106491887180179,0.28555730900777376,0.32355979084968567
5250988846733325312,64,3,1.93,1.7043691220844936,0.28555730900777376,0.23156365752220154
6469390701164107648,13,1,0.88,0.5978017024390287,-0.05551732784983137,-0.22344285249710083
6469390701164107648,67,1,0.88,1.8192623203014355,-0.05551732784983137,0.25989532470703125
6469390701164107648,94,1,0.88,0.6086663653101748,-0.05551732784983137,-0.21562069654464722
6469758109848076928,27,0,4.0,37.20780131692075,0.6020599913279624,1.5706340074539185
6469758109848076928,67,0,4.0,8.326989171850867,0.6020599913279624,0.9204879999160767
6469758109848076928,94,0,4.0,6.217882643598032,0.6020599913279624,0.793642520904541
5290667541308087168,4,4,3.077,4.785879951031318,0.48812749624745844,0.6799618005752563
5290667541308087168,7,4,3.077,3.907352980581502,0.48812749624745844,0.5918826460838318
5290667541308087168,8,4,3.077,3.935257964211129,0.48812749624745844,0.5949732065200806
5290667541308087168,9,4,3.077,4.02973147787456,0.48812749624745844,0.6052761077880859
5177677603263978880,4,4,0.593,0.5811800762321379,-0.22694530663573742,-0.23568928241729736
5177677603263978880,31,4,0.593,0.7550727296777517,-0.22694530663573742,-0.1220112144947052
5172820918669419520,4,2,4.7,4.352503897103,0.6720978579357175,0.6387391686439514
5172820918669419520,31,2,4.7,4.087655391298293,0.6720978579357175,0.6114742755889893
3357701803041885696,6,2,5.01,3.5068214115737173,0.6998377258672457,0.544913649559021
3357701803041885696,44,2,5.01,4.737845116047536,0.6998377258672457,0.6755808591842651
3357701803041885696,45,2,5.01,4.546915363561044,0.6998377258672457,0.6577168703079224
1785074513721959552,55,1,9.02,9.997094950339912,0.9552065375419417,0.9998738169670105
5290670393166282496,1,0,6.718,4.093464278168721,0.8272399995056455,0.6120910048484802
5290670393166282496,4,0,6.718,8.030339312294483,0.8272399995056455,0.9047338962554932
5290670393166282496,7,0,6.718,7.952750259005646,0.8272399995056455,0.9005173444747925
5290670393166282496,8,0,6.718,2.9241340550243287,0.8272399995056455,0.46599727869033813
5290670393166282496,9,0,6.718,6.230419350399556,0.8272399995056455,0.7945172786712646
5290670393166282496,10,0,6.718,5.340497786836312,0.8272399995056455,0.7275817394256592
5290670393166282496,11,0,6.718,15.685908313506417,0.8272399995056455,1.195509672164917
3306922958753764992,5,0,5.14,6.959651145292007,0.7109631189952758,0.8425874710083008
3306922958753764992,32,0,5.14,6.1173307993882835,0.7109631189952758,0.7865619659423828
3306922958753764992,43,0,5.14,5.4868265548120405,0.7109631189952758,0.739321231842041
3306922958753764992,44,0,5.14,6.931838660447823,0.7109631189952758,0.840848445892334
3306922958753764992,70,0,5.14,5.960725629936693,0.7109631189952758,0.7752991318702698
3306922958753764992,71,0,5.14,6.61563508560036,0.7109631189952758,0.8205715417861938
5479782647926975360,2,0,8.915,7.683565140320067,0.9501213475113733,0.8855627775192261
5479782647926975360,3,0,8.915,6.156417985928085,0.9501213475113733,0.7893280982971191
5479782647926975360,4,0,8.915,8.636904036091698,0.9501213475113733,0.9363580942153931
5479782647926975360,5,0,8.915,8.25691443899276,0.9501213475113733,0.9168177843093872
5479782647926975360,6,0,8.915,8.098942420337591,0.9501213475113733,0.9084283113479614
5479782647926975360,7,0,8.915,8.250686354873409,0.9501213475113733,0.9164900779724121
5479782647926975360,8,0,8.915,7.218317627998989,0.9501213475113733,0.8584359884262085
5479782647926975360,9,0,8.915,7.939532598191831,0.9501213475113733,0.8997949361801147
5479782647926975360,10,0,8.915,7.218089776042177,0.9501213475113733,0.8584222793579102
5479782647926975360,12,0,8.915,7.936615026789375,0.9501213475113733,0.8996353149414062
5479782647926975360,13,0,8.915,8.367052490944062,0.9501213475113733,0.9225724935531616
5479782647926975360,27,0,8.915,6.824188475508763,0.9501213475113733,0.8340510129928589
5479782647926975360,28,0,8.915,6.865641582503246,0.9501213475113733,0.8366811275482178
5479782647926975360,29,0,8.915,6.919654866215779,0.9501213475113733,0.840084433555603
5479782647926975360,30,0,8.915,7.1570187634669,0.9501213475113733,0.8547321557998657
5479782647926975360,32,0,8.915,6.403571065283639,0.9501213475113733,0.806422233581543
5479782647926975360,33,0,8.915,8.30964073777228,0.9501213475113733,0.9195822477340698
5479782647926975360,34,0,8.915,8.329663836818352,0.9501213475113733,0.9206274747848511
5479782647926975360,35,0,8.915,7.383198228410532,0.9501213475113733,0.8682445287704468
5479782647926975360,36,0,8.915,9.544362764581823,0.9501213475113733,0.97974693775177
5479782647926975360,37,0,8.915,9.080282604711135,0.9501213475113733,0.958099365234375
5479782647926975360,38,0,8.915,7.9918136661248,0.9501213475113733,0.9026453495025635
5479782647926975360,39,0,8.915,9.208763746002502,0.9501213475113733,0.9642013311386108
5479782647926975360,62,0,8.915,8.391932470242418,0.9501213475113733,0.9238619804382324
5479782647926975360,63,0,8.915,10.962238081854382,0.9501213475113733,1.039899230003357
5479782647926975360,64,0,8.915,9.622994168775591,0.9501213475113733,0.9833102226257324
5479782647926975360,66,0,8.915,9.69564168401528,0.9501213475113733,0.9865765571594238
5479782647926975360,67,0,8.915,6.8243982735841575,0.9501213475113733,0.8340643644332886
5479782647926975360,68,0,8.915,7.9056252733814665,0.9501213475113733,0.897936224937439
5479782647926975360,69,0,8.915,8.872689166903573,0.9501213475113733,0.9480552673339844
5479782647926975360,87,0,8.915,6.083010038157838,0.9501213475113733,0.7841185331344604
5479782647926975360,89,0,8.915,7.553750264293637,0.9501213475113733,0.8781626224517822
5479782647926975360,90,0,8.915,8.604190668856791,0.9501213475113733,0.9347100257873535
5479782647926975360,93,0,8.915,9.719591448443856,0.9501213475113733,0.9876480102539062
5479782647926975360,94,0,8.915,8.33767239004884,0.9501213475113733,0.9210448265075684
5479782647926975360,95,0,8.915,8.372761658656351,0.9501213475113733,0.9228687286376953
5479782647926975360,96,0,8.915,5.771549936163148,0.9501213475113733,0.7612924575805664
5479782647926975360,97,0,8.915,7.102913008675493,0.9501213475113733,0.8514364957809448
5479782647926975360,98,0,8.915,7.524955645402908,0.9501213475113733,0.8765039443969727
5343603288120259072,10,2,7.07,7.001542731230058,0.8494194137968994,0.8451937437057495
5343603288120259072,11,2,7.07,5.382307118953836,0.8494194137968994,0.7309684753417969
5253049778187504128,90,2,8.32,4.556806537075012,0.9201233262907239,0.6586605906486511
5253053725257383424,90,3,2.9,2.682267103286429,0.4623979978989561,0.42850202322006226
3916501104364276480,22,4,0.751,3.6506809246109393,-0.1243600629958316,0.5623738765716553
3916501104364276480,45,4,0.751,4.335435678022883,-0.1243600629958316,0.6370327472686768
3916501104364276480,46,4,0.751,3.019817566900743,-0.1243600629958316,0.4799807071685791
22338644598132096,42,0,1.658,1.728954685117076,0.21958452621425473,0.23778361082077026
22338644598132096,43,0,1.658,1.9574745811858745,0.21958452621425473,0.29169613122940063
22338644598132096,44,0,1.658,1.9822793526059819,0.21958452621425473,0.2971648573875427
3314376204481063680,43,1,2.758,2.921665562020398,0.44059426183983097,0.46563050150871277
3314376204481063680,44,1,2.758,3.7270450409549247,0.44059426183983097,0.5713646411895752
3314376204481063680,70,1,2.758,2.85556854409643,0.44059426183983097,0.4556925892829895
3314376204481063680,71,1,2.758,3.049770612078356,0.44059426183983097,0.4842671751976013
4713771622913507328,3,1,1.154,0.6995280781968144,0.06220580881971259,-0.15519484877586365
4713771622913507328,28,1,1.154,0.6854118308666114,0.06220580881971259,-0.16404840350151062
4713771622913507328,30,1,1.154,0.8151790414379104,0.06220580881971259,-0.08874699473381042
4713771622913507328,68,1,1.154,0.7541322020792177,0.06220580881971259,-0.12255251407623291
4713771622913507328,69,1,1.154,1.1353186861181956,0.06220580881971259,0.055117785930633545
4713771622913507328,96,1,1.154,0.8475663206718742,0.06220580881971259,-0.07182630896568298
4713771622913507328,97,1,1.154,1.793852551592588,0.06220580881971259,0.25378674268722534
5290732721731067136,4,0,2.135,2.146074986569548,0.32939787936104264,0.3316448926925659
5290732721731067136,8,0,2.135,3.287658587200514,0.32939787936104264,0.5168867111206055
5290732721731067136,9,0,2.135,1.9029032599980042,0.32939787936104264,0.2794167101383209
5290730385268977536,4,2,1.219,0.18591687848939595,0.08600370561838196,-0.7306811809539795
5290730385268977536,8,2,1.219,0.1669002288088697,0.08600370561838196,-0.7775430679321289
5290730385268977536,9,2,1.219,0.17360082414977113,0.08600370561838196,-0.7604482173919678
5290730385268977536,61,2,1.219,0.18404748645041746,0.08600370561838196,-0.7350701093673706
5290730385268977536,62,2,1.219,0.17568474347354,0.08600370561838196,-0.7552659511566162
5290730385268977536,63,2,1.219,0.1807210707120534,0.08600370561838196,-0.7429912090301514
5290730385268977536,64,2,1.219,0.15272638258665952,0.08600370561838196,-0.816085934638977
5290730385268977536,68,2,1.219,0.18210154484012364,0.08600370561838196,-0.7396863698959351
6033987257675108224,91,2,10.082,3.1284434363848246,1.0035466931021317,0.49532830715179443
2640553319580012416,70,4,0.31,0.44885276093093807,-0.5086383061657274,-0.34789609909057617
2622525894434166272,42,3,3.72,5.706912854163442,0.5705429398818975,0.7564012408256531
435211342506946688,58,0,4.775,3.2782025852048635,0.6789733759197651,0.5156357884407043
435211342506946688,86,0,4.775,1.6674649608907286,0.6789733759197651,0.22205671668052673
435326859946780800,58,2,0.171,0.3885225013258208,-0.7670038896078462,-0.41058382391929626
435326859946780800,86,2,0.171,0.33471655054153304,-0.7670038896078462,-0.47532281279563904
435320915712179840,58,3,0.396,0.5309944686229566,-0.40230481407448765,-0.27491000294685364
435320915712179840,86,3,0.396,0.3594479561445592,-0.40230481407448765,-0.4443639814853668
243086494599578240,58,3,1.002,0.7448702416573992,0.0008677215312269133,-0.12791937589645386
243086494599578240,86,3,1.002,1.997631663928789,0.0008677215312269133,0.30051541328430176
3571164636886908544,10,3,1.45,1.8256309013329535,0.16136800223497488,0.26141297817230225
3571164636886908544,36,3,1.45,1.920136395744414,0.16136800223497488,0.28333207964897156
70310027681371648,42,4,7.148,6.541249508314499,0.8541845438336066,0.8156607151031494
70310027681371648,43,4,7.148,6.159660014338221,0.8541845438336066,0.7895567417144775
70310027681371648,70,4,7.148,6.5687298111931485,0.8541845438336066,0.8174813985824585
70310027681371648,71,4,7.148,5.211761939971986,0.8541845438336066,0.7169845700263977
70242785673539712,18,2,5.263,4.814930994515346,0.7212333700172775,0.6825900673866272
70242785673539712,42,2,5.263,6.337292092376246,0.7212333700172775,0.8019037246704102
70242785673539712,43,2,5.263,5.272470867478012,0.7212333700172775,0.7220141887664795
70242785673539712,44,2,5.263,5.756149623948734,0.7212333700172775,0.7601320743560791
70242785673539712,70,2,5.263,4.981855796206389,0.7212333700172775,0.697391152381897
70242785673539712,71,2,5.263,4.7089224514361865,0.7212333700172775,0.6729215383529663
70234882933734400,42,3,8.646,7.405164848368874,0.936815231197633,0.8695347309112549
70234882933734400,43,3,8.646,5.855306507232555,0.936815231197633,0.7675496339797974
70234882933734400,44,3,8.646,6.331380482172079,0.936815231197633,0.8014984130859375
70234882933734400,70,3,8.646,6.149360058412576,0.936815231197633,0.7888299226760864
70234882933734400,71,3,8.646,6.1244629169830676,0.936815231197633,0.7870680093765259
69945814454871680,42,0,6.626,7.458634498673903,0.8212514315459412,0.8726593255996704
69945814454871680,43,0,6.626,8.016713227758846,0.8212514315459412,0.9039963483810425
69945814454871680,44,0,6.626,6.856394690569468,0.8212514315459412,0.8360958099365234
69945814454871680,70,0,6.626,7.682767957674948,0.8212514315459412,0.8855177164077759
69945814454871680,71,0,6.626,7.680355824157635,0.8212514315459412,0.8853813409805298
69917635172718720,42,3,6.775,6.037396452153359,0.8309092995464433,0.7808496952056885
69917635172718720,43,3,6.775,5.217546813332377,0.8309092995464433,0.7174663543701172
69917635172718720,44,3,6.775,5.887810814599845,0.8309092995464433,0.7699538469314575
69917635172718720,70,3,6.775,5.744504159207382,0.8309092995464433,0.7592525482177734
69917635172718720,71,3,6.775,6.735868165063789,0.8309092995464433,0.8283935785293579
69918086146123520,42,4,3.174,2.477172465148048,0.5016069224188294,0.3939562439918518
69918086146123520,43,4,3.174,2.376159515721151,0.5016069224188294,0.3758755922317505
69918086146123520,44,4,3.174,2.265484062083594,0.5016069224188294,0.35516101121902466
69918086146123520,70,4,3.174,3.064863200626322,0.5016069224188294,0.48641109466552734
69918086146123520,71,4,3.174,3.0806100797947766,0.5016069224188294,0.48863673210144043
69840879814047872,42,0,3.79,3.16589890853123,0.5786392099680724,0.500497043132782
69840879814047872,43,0,3.79,3.0546300433492535,0.5786392099680724,0.48495861887931824
69840879814047872,44,0,3.79,3.5597050353487583,0.5786392099680724,0.5514140129089355
69840879814047872,70,0,3.79,7.23548463516464,0.5786392099680724,0.859467625617981
69840879814047872,71,0,3.79,3.5691348101137867,0.5786392099680724,0.552562952041626
69834763780636672,42,3,0.527,0.5557595888288308,-0.27818938478745336,-0.25511303544044495
69834763780636672,43,3,0.527,0.6850221659980745,-0.27818938478745336,-0.16429537534713745
69834763780636672,44,3,0.527,0.7964177455154123,-0.27818938478745336,-0.09885907173156738
69814388455816960,42,2,5.69615,6.601054790366505,0.755581417306212,0.8196133375167847
69814388455816960,43,2,5.69615,5.767641380462834,0.755581417306212,0.7609982490539551
69814388455816960,44,2,5.69615,7.376242126408188,0.755581417306212,0.8678351640701294
69814388455816960,70,2,5.69615,7.556921197069129,0.755581417306212,0.8783448934555054
69814388455816960,71,2,5.69615,6.111554756423853,0.755581417306212,0.7861517071723938
69807963184755840,42,1,0.588533,0.6909142233807883,-0.23022918054171226,-0.16057586669921875
69807963184755840,43,1,0.588533,0.45533031549601916,-0.23022918054171226,-0.34167343378067017
69807963184755840,44,1,0.588533,0.5919616440277656,-0.23022918054171226,-0.2277064323425293
69807963184755840,70,1,0.588533,0.520084237847149,-0.23022918054171226,-0.2839263081550598
69807963184755840,71,1,0.588533,0.6139125351585936,-0.23022918054171226,-0.2118934988975525
69806039039416832,42,2,0.296,0.40158209306876885,-0.5287082889410615,-0.3962256610393524
69806039039416832,43,2,0.296,0.41575781959949387,-0.5287082889410615,-0.38115957379341125
69806039039416832,44,2,0.296,0.402189257969733,-0.5287082889410615,-0.3955695331096649
69806039039416832,70,2,0.296,0.4442376907801388,-0.5287082889410615,-0.3523845970630646
69806039039416832,71,2,0.296,0.41960726348721517,-0.5287082889410615,-0.3771570026874542
66802276352348416,42,2,4.386267,6.266663994808778,0.6420950644362036,0.7970364093780518
66802276352348416,43,2,4.386267,6.85008157800926,0.6420950644362036,0.835695743560791
66802276352348416,44,2,4.386267,5.554591080761878,0.6420950644362036,0.7446520924568176
66802276352348416,70,2,4.386267,6.622704614974577,0.6420950644362036,0.8210353851318359
66802276352348416,71,2,4.386267,5.6472151364163565,0.6420950644362036,0.7518343329429626
65297594689312768,42,4,0.34715,0.656739388880306,-0.4594828304074279,-0.18260693550109863
65297594689312768,43,4,0.34715,0.6211807046117137,-0.4594828304074279,-0.2067820429801941
65297594689312768,44,4,0.34715,0.565299764816295,-0.4594828304074279,-0.24772119522094727
65297594689312768,70,4,0.34715,0.5263089542926479,-0.4594828304074279,-0.278759241104126
65297594689312768,71,4,0.34715,0.6045671556720549,-0.4594828304074279,-0.21855545043945312
65298483745290368,42,4,0.63225,1.6299683406544374,-0.19911116198355763,0.21217916905879974
65298483745290368,43,4,0.63225,2.8018288814590213,-0.19911116198355763,0.44744160771369934
65298483745290368,44,4,0.63225,1.8324402127547026,-0.19911116198355763,0.2630298137664795
65280552259109760,42,2,2.01165,0.42509541882870994,0.30355242156721857,-0.37151357531547546
65280552259109760,43,2,2.01165,0.7468617750154066,0.30355242156721857,-0.12675976753234863
65280552259109760,44,2,2.01165,0.42086481254254987,0.30355242156721857,-0.3758573830127716
65275089060719104,42,1,5.519,5.165801878341522,0.7418603940652636,0.7131377458572388
65275089060719104,43,1,5.519,4.485992758526278,0.7418603940652636,0.6518585681915283
65275089060719104,44,1,5.519,5.193104250485436,0.7418603940652636,0.715427041053772
65275089060719104,70,1,5.519,5.3426149815114075,0.7418603940652636,0.7277538776397705
65275089060719104,71,1,5.519,5.709710503719463,0.7418603940652636,0.756614089012146
65275020341243520,42,2,0.8133,0.7956613921432764,-0.089749227699852,-0.09927171468734741
65275020341243520,43,2,0.8133,0.5813178049636897,-0.089749227699852,-0.23558637499809265
65275020341243520,44,2,0.8133,0.7998835393627173,-0.089749227699852,-0.0969732403755188
65275020341243520,70,2,0.8133,0.7499575586868834,-0.089749227699852,-0.12496331334114075
65275020341243520,71,2,0.8133,1.257881971221132,-0.089749227699852,0.099639892578125
65244646332548352,42,2,0.75615,0.8128465737990608,-0.1213920435061682,-0.08999142050743103
65244646332548352,43,2,0.75615,0.7200704617483967,-0.1213920435061682,-0.14262500405311584
65244646332548352,44,2,0.75615,0.6493301643727885,-0.1213920435061682,-0.1875344216823578
65244646332548352,70,2,0.75615,1.2067721606543789,-0.1213920435061682,0.08162528276443481
65244646332548352,71,2,0.75615,0.7941916040758542,-0.1213920435061682,-0.10007470846176147
65267078945207296,42,3,1.78,1.131207682045923,0.250420002308894,0.05354234576225281
65267078945207296,43,3,1.78,1.4936946425057518,0.250420002308894,0.17426182329654694
65267078945207296,44,3,1.78,1.8623586089915538,0.250420002308894,0.2700633108615875
65196405259884544,42,1,0.484933,0.5397350913289706,-0.31431826086230513,-0.267819344997406
65196405259884544,43,1,0.484933,0.5010615648395407,-0.31431826086230513,-0.3001089096069336
65196405259884544,44,1,0.484933,0.6393425680130935,-0.31431826086230513,-0.19426637887954712
65196405259884544,70,1,0.484933,0.521577552968354,-0.31431826086230513,-0.28268110752105713
65196405259884544,71,1,0.484933,0.4864811517255014,-0.31431826086230513,-0.3129339814186096
65196370900147968,42,2,2.3386,1.7123161663092519,0.368955945345503,0.2335839569568634
65196370900147968,43,2,2.3386,2.0856269793429747,0.368955945345503,0.3192366361618042
65196370900147968,44,2,2.3386,1.8889522395027758,0.368955945345503,0.27622097730636597
65196370900147968,70,2,2.3386,2.321298076293842,0.368955945345503,0.3657309114933014
65196370900147968,71,2,2.3386,2.2357519444033582,0.368955945345503,0.3494236171245575
65216363971331072,42,0,0.347,0.5636823141600125,-0.4596705252091263,-0.24896559119224548
65216363971331072,43,0,0.347,0.5073739858944721,-0.4596705252091263,-0.29467180371284485
65216363971331072,44,0,0.347,0.5799179482424454,-0.4596705252091263,-0.23663344979286194
65216363971331072,70,0,0.347,0.4413656668331917,-0.4596705252091263,-0.35520145297050476
65216363971331072,71,0,0.347,0.48925743684112855,-0.4596705252091263,-0.3104625642299652
65222518661019520,42,2,3.800875,5.05074071268308,0.5798835871240462,0.703355073928833
65222518661019520,43,2,3.800875,7.635750334384061,0.5798835871240462,0.8828517198562622
65222518661019520,44,2,3.800875,5.27417454187409,0.5798835871240462,0.7221544981002808
65222518661019520,70,2,3.800875,3.7551591954249006,0.5798835871240462,0.5746283531188965
65222518661019520,71,2,3.800875,6.809170040392847,0.5798835871240462,0.8330941796302795
65270450496044416,42,2,2.1855835,1.1432684930519097,0.3395674033200693,0.05814823508262634
65270450496044416,43,2,2.1855835,2.034094644901564,0.3395674033200693,0.3083711564540863
65270450496044416,44,2,2.1855835,2.269895725672696,0.3395674033200693,0.3560059070587158
65269935099961600,42,4,0.8159,0.4768699107680927,-0.08836306687055788,-0.321600079536438
65269935099961600,43,4,0.8159,0.5808100097314172,-0.08836306687055788,-0.23596590757369995
65269935099961600,44,4,0.8159,0.5545622554764044,-0.08836306687055788,-0.2560496926307678
65269935099961600,70,4,0.8159,0.3951661754129995,-0.08836306687055788,-0.4032202363014221
65269935099961600,71,4,0.8159,0.5310234377073715,-0.08836306687055788,-0.2748863101005554
65281166437426176,42,2,0.3976,0.448292680163774,-0.4005536242747243,-0.3484383523464203
65281166437426176,43,2,0.3976,0.37013644428001763,-0.4005536242747243,-0.4316381514072418
65281166437426176,44,2,0.3976,0.46298407912810713,-0.4005536242747243,-0.3344339430332184
65281166437426176,70,2,0.3976,0.4055265772936699,-0.4005536242747243,-0.39198067784309387
65281166437426176,71,2,0.3976,0.43939032351114543,-0.4005536242747243,-0.35714951157569885
65281239453865856,42,0,2.18995,2.185165344299054,0.34043419932779695,0.339484304189682
65281239453865856,43,0,2.18995,1.7090137544837165,0.34043419932779695,0.23274555802345276
65281239453865856,44,0,2.18995,2.300858277844113,0.34043419932779695,0.36188986897468567
65281239453865856,70,0,2.18995,2.3520372499108313,0.34043419932779695,0.3714441955089569
65281239453865856,71,0,2.18995,2.030562460593093,0.34043419932779695,0.30761635303497314
65282098447322752,42,0,0.9405,0.8454475137540814,-0.02664120011360232,-0.07291334867477417
65282098447322752,43,0,0.9405,0.6456572897233219,-0.02664120011360232,-0.18999794125556946
65282098447322752,44,0,0.9405,0.6427538723961564,-0.02664120011360232,-0.1919552981853485
65284469269256704,42,0,5.232,5.370451606915122,0.7186677353162109,0.7300108075141907
65284469269256704,43,0,5.232,5.642081984682354,0.7186677353162109,0.7514393925666809
65284469269256704,44,0,5.232,5.5283214603998205,0.7186677353162109,0.7425932884216309
65284469269256704,70,0,5.232,5.909625414197263,0.7186677353162109,0.7715599536895752
65284469269256704,71,0,5.232,5.464142364092973,0.7186677353162109,0.7375220060348511
65296357738731008,42,3,0.32795,0.423042258093519,-0.4841923647619461,-0.3736162483692169
65296357738731008,43,3,0.32795,0.5061853281353196,-0.4841923647619461,-0.2956904470920563
65296357738731008,44,3,0.32795,0.4507064144443858,-0.4841923647619461,-0.34610626101493835
65296357738731008,70,3,0.32795,0.49595978314731803,-0.4841923647619461,-0.3045535385608673
65296357738731008,71,3,0.32795,0.4105267683441569,-0.4841923647619461,-0.38665851950645447
66798977817468288,42,3,1.146867,1.0342894376312193,0.05951305651051762,0.014642089605331421
66798977817468288,43,3,1.146867,1.4597863408913536,0.05951305651051762,0.16428929567337036
66798977817468288,44,3,1.146867,0.607715421940421,0.05951305651051762,-0.21629974246025085
66798977817468288,70,3,1.146867,0.9858271829671195,0.05951305651051762,-0.00619921088218689
66798977817468288,71,3,1.146867,2.348578198647055,0.05951305651051762,0.370805025100708
66802207632871808,42,0,0.8545,0.9263307041229669,-0.06828793294324434,-0.03323394060134888
66802207632871808,43,0,0.8545,1.2106951799855576,-0.06828793294324434,0.08303481340408325
66802207632871808,44,0,0.8545,0.8435518024910686,-0.06828793294324434,-0.07388824224472046
66802207632871808,70,0,0.8545,0.9635804286887948,-0.06828793294324434,-0.016112029552459717
66802207632871808,71,0,0.8545,1.0127135190309189,-0.06828793294324434,0.005486607551574707
66804406656115328,42,3,0.3334,0.6609857074720253,-0.4770344045080135,-0.17980793118476868
66804406656115328,43,3,0.3334,0.8580848048279176,-0.4770344045080135,-0.06646978855133057
66804406656115328,44,3,0.3334,0.7621884714846846,-0.4770344045080135,-0.11793762445449829
66804406656115328,70,3,0.3334,0.6293175140772816,-0.4770344045080135,-0.20113018155097961
66804406656115328,71,3,0.3334,0.3720510769558385,-0.4770344045080135,-0.42939743399620056
69819027020489088,42,1,1.8112,1.6051808419996945,0.2579664095081774,0.20552396774291992
69819027020489088,43,1,1.8112,1.6446601341444003,0.2579664095081774,0.21607616543769836
69819027020489088,44,1,1.8112,1.461115553681287,0.2579664095081774,0.16468456387519836
69819027020489088,70,1,1.8112,1.1796218755822245,0.2579664095081774,0.07174281775951385
69819027020489088,71,1,1.8112,1.6518690511285277,0.2579664095081774,0.21797561645507812
69834866859848192,42,2,5.746,5.5752483685049095,0.7593656216559287,0.7462642192840576
69834866859848192,43,2,5.746,5.733988613718478,0.7593656216559287,0.758456826210022
69834866859848192,44,2,5.746,4.9214519936830925,0.7593656216559287,0.6920932531356812
69834866859848192,70,2,5.746,6.710614927875838,0.7593656216559287,0.826762318611145
69834866859848192,71,2,5.746,5.863373072248674,0.7593656216559287,0.7681475281715393
69873418486230272,42,3,4.344,4.5534550123303505,0.6378898165807906,0.6583410501480103
69873418486230272,43,3,4.344,3.7940437747082325,0.6378898165807906,0.5791023373603821
69873418486230272,44,3,4.344,1.9608357622301233,0.6378898165807906,0.2924412190914154
69873418486230272,70,3,4.344,5.134241340113812,0.6378898165807906,0.710476279258728
69873418486230272,71,3,4.344,5.119400400577106,0.6378898165807906,0.7092190980911255
66807464672814336,42,4,5.5218335,2.2428216131841654,0.7420833072070094,0.3507947325706482
66807464672814336,43,4,5.5218335,1.7435893204240254,0.7420833072070094,0.2414442002773285
66807464672814336,44,4,5.5218335,3.0950051974970902,0.7420833072070094,0.4906613826751709
66807464672814336,70,4,5.5218335,2.3586621240535552,0.7420833072070094,0.37266573309898376
66807464672814336,71,4,5.5218335,1.7310076308082822,0.7420833072070094,0.23829898238182068
66801795315987584,42,1,5.8529,0.4431965511196173,0.7673711040186404,-0.35340362787246704
66801795315987584,43,1,5.8529,0.46743059277794624,0.7673711040186404,-0.33028286695480347
66801795315987584,44,1,5.8529,0.5089381878020688,0.7673711040186404,-0.2933349609375
66800180408292992,42,3,1.1292,1.2187391639243343,0.05277086947488173,0.08591076731681824
66800180408292992,43,3,1.1292,1.5973807626284555,0.05277086947488173,0.20340844988822937
66800180408292992,44,3,1.1292,1.630831565668764,0.05277086947488173,0.212409108877182
66800180408292992,70,3,1.1292,0.948120817419866,0.05277086947488173,-0.02313631772994995
66800180408292992,71,3,1.1292,1.121382912654807,0.05277086947488173,0.049753934144973755
66799763794633856,42,1,6.970933,4.570426126265277,0.8432909086050882,0.659956693649292
66799763794633856,43,1,6.970933,7.8051349503939536,0.8432909086050882,0.89238041639328
66799763794633856,44,1,6.970933,5.532108835755298,0.8432909086050882,0.7428907155990601
66799768088857856,42,0,7.910733,5.237294218728975,0.89821672662111,0.7191069722175598
66799768088857856,43,0,7.910733,6.117713656035074,0.89821672662111,0.7865891456604004
66799768088857856,44,0,7.910733,8.493504546555513,0.89821672662111,0.9290869235992432
65284228751087872,42,3,2.42705,0.510525779460287,0.38507872338608373,-0.2919823229312897
65284228751087872,43,3,2.42705,0.9104272844125441,0.38507872338608373,-0.040754735469818115
65284228751087872,44,3,2.42705,0.6736154292332021,0.38507872338608373,-0.1715879738330841
66781316909399424,42,1,5.075825,4.838408312368293,0.7055066404430619,0.6847025156021118
66781316909399424,43,1,5.075825,4.301856366194529,0.7055066404430619,0.6336559057235718
66781316909399424,44,1,5.075825,5.62175570412399,0.7055066404430619,0.7498719692230225
66781316909399424,70,1,5.075825,5.2990481349566885,0.7055066404430619,0.7241978645324707
66781316909399424,71,1,5.075825,5.169420357313975,0.7055066404430619,0.7134418487548828
65280036863012864,42,3,0.21015,0.7512202058397779,-0.6774706056585441,-0.12423273921012878
65280036863012864,43,3,0.21015,0.21605755354388684,-0.6774706056585441,-0.6654305458068848
65280036863012864,44,3,0.21015,0.41386612717123283,-0.6774706056585441,-0.38314011693000793
65280071222749824,42,3,0.37425,0.9315716369401217,-0.42683819098491,-0.030783742666244507
65280071222749824,43,3,0.37425,0.9724027220512368,-0.42683819098491,-0.012153834104537964
65280071222749824,44,3,0.37425,1.7212190074607365,-0.42683819098491,0.23583613336086273
65280071222749824,70,3,0.37425,0.7288773881005741,-0.42683819098491,-0.13734552264213562
65280071222749824,71,3,0.37425,1.6128991375373303,-0.42683819098491,0.2076072096824646
65229184450247296,42,1,0.728,0.5694663552091431,-0.13786862068696282,-0.24453192949295044
65229184450247296,43,1,0.728,0.486986773664632,-0.13786862068696282,-0.3124828338623047
65229184450247296,44,1,0.728,0.4712628357023814,-0.13786862068696282,-0.32673680782318115
65229184450247296,70,1,0.728,0.45774701125803696,-0.13786862068696282,-0.33937448263168335
65229184450247296,71,1,0.728,0.5698151171143548,-0.13786862068696282,-0.24426603317260742
65228772133391488,42,2,0.2182,0.4125694655248077,-0.661145253747677,-0.38450291752815247
65228772133391488,43,2,0.2182,0.47409233974725057,-0.661145253747677,-0.3241370618343353
65228772133391488,44,2,0.2182,0.3666644438477225,-0.661145253747677,-0.4357312023639679
65228772133391488,70,2,0.2182,0.45227778145657427,-0.661145253747677,-0.3445947468280792
65228772133391488,71,2,0.2182,0.4684081092690332,-0.661145253747677,-0.32937559485435486
65224442806459008,42,4,1.38845,1.569303142194087,0.14253024482442614,0.19570684432983398
65224442806459008,43,4,1.38845,2.1765574470415974,0.14253024482442614,0.33777013421058655
65224442806459008,44,4,1.38845,1.6624376074982858,0.14253024482442614,0.22074535489082336
65216643145862144,42,3,0.4338,0.5768788096036471,-0.3627104523218255,-0.23891541361808777
65216643145862144,43,3,0.4338,0.506176366418605,-0.3627104523218255,-0.2956981360912323
65216643145862144,44,3,0.4338,0.6220510303908325,-0.3627104523218255,-0.20617398619651794
65216643145862144,70,3,0.4338,0.657762259607148,-0.3627104523218255,-0.1819310486316681
65216643145862144,71,3,0.4338,0.852443224521304,-0.3627104523218255,-0.06933453679084778
66642641008348416,42,1,0.597067,1.4197638747579155,-0.22397693168868374,0.1522161215543747
66642641008348416,43,1,0.597067,0.5232130813168022,-0.22397693168868374,-0.2813214063644409
66642641008348416,44,1,0.597067,0.5226826873147127,-0.22397693168868374,-0.28176188468933105
66642641008348416,70,1,0.597067,0.5991638889168682,-0.22397693168868374,-0.22245436906814575
66642641008348416,71,1,0.597067,0.5707695368484889,-0.22397693168868374,-0.2435392141342163
66652467893487488,42,1,0.365,0.4961495586746507,-0.4377071355435253,-0.3043873906135559
66652467893487488,43,1,0.365,0.5234733791683276,-0.4377071355435253,-0.2811053991317749
66652467893487488,44,1,0.365,0.5803162374467339,-0.4377071355435253,-0.23633527755737305
66652467893487488,70,1,0.365,0.631874729024296,-0.4377071355435253,-0.19936901330947876
66652467893487488,71,1,0.365,0.58802803702546,-0.4377071355435253,-0.230601966381073
66699712533433600,42,1,0.5157,0.5626896619910596,-0.2876028685932851,-0.24973106384277344
66699712533433600,43,1,0.5157,0.7936388464176928,-0.2876028685932851,-0.10037708282470703
66699712533433600,44,1,0.5157,0.8193298256559384,-0.2876028685932851,-0.08654123544692993
66899239535574400,42,2,1.229267,1.6214940886854623,0.08964622302698738,0.2099153697490692
66899239535574400,43,2,1.229267,1.4911328334584761,0.08964622302698738,0.17351633310317993
66899239535574400,44,2,1.229267,1.7584379062454178,0.08964622302698738,0.24512703716754913
66899239535574400,71,2,1.229267,1.2866732331687767,0.08964622302698738,0.10946826636791229
67352066526730240,42,2,1.057,0.8909705402718212,0.024074987307426243,-0.05013665556907654
67352066526730240,43,2,1.057,0.9673694438252378,0.024074987307426243,-0.014407634735107422
67352066526730240,44,2,1.057,0.5851718282297896,0.024074987307426243,-0.23271659016609192
5310606291358320512,9,1,0.37,0.3997058817857298,-0.431798275933005,-0.3982594609260559
5310606291358320512,10,1,0.37,0.4153986928209119,-0.431798275933005,-0.3815348744392395
5310606291358320512,36,1,0.37,0.5902883633743597,-0.431798275933005,-0.22893577814102173
5310606291358320512,37,1,0.37,0.6689614592089596,-0.431798275933005,-0.17459890246391296
3413860050922284672,43,2,3.729,2.3281183299724195,0.5715923833613072,0.36700505018234253
3413860050922284672,44,2,3.729,1.971337584687401,0.5715923833613072,0.2947610020637512
4703815338965472768,1,2,0.6,0.25324470454760434,-0.2218487496163564,-0.5964596271514893
4703815338965472768,2,2,0.6,0.3652820728312522,-0.2218487496163564,-0.4373716413974762
4703815338965472768,27,2,0.6,0.5991816924327619,-0.2218487496163564,-0.22244146466255188
4703815338965472768,28,2,0.6,0.5779250862746826,-0.2218487496163564,-0.2381284534931183
4703815338965472768,68,2,0.6,0.4468351085917951,-0.2218487496163564,-0.34985271096229553
4703815338965472768,95,2,0.6,0.626010726751306,-0.2218487496163564,-0.20341822504997253
4703815338965472768,96,2,0.6,0.9666482602016225,-0.2218487496163564,-0.014731526374816895
39527339939738112,42,3,2.55,2.4514118290272107,0.4065401804339551,0.38941627740859985
39527339939738112,43,3,2.55,2.5531161755560228,0.4065401804339551,0.4070705771446228
39527339939738112,44,3,2.55,2.8998057424021346,0.4065401804339551,0.462368905544281
3304337251002413952,5,1,12.96,12.366098576567786,1.1126050015345745,1.0922327041625977
3304337251002413952,32,1,12.96,7.487072579523839,1.1126050015345745,0.8743120431900024
3304337251002413952,43,1,12.96,10.21332599896301,1.1126050015345745,1.009167194366455
3304337251002413952,44,1,12.96,11.541051233212636,1.1126050015345745,1.0622453689575195
3304337251002413952,70,1,12.96,8.084353308627238,1.1126050015345745,0.9076452851295471
3304337251002413952,71,1,12.96,6.940820542721154,1.1126050015345745,0.8414108157157898
45968901826385024,43,0,13.63,14.6459719426738,1.1344958558346736,1.1657181978225708
45968901826385024,44,0,13.63,23.064415714338406,1.1344958558346736,1.3629424571990967
45968901826385024,70,0,13.63,8.96850236158268,1.1344958558346736,0.9527199268341064
45968901826385024,71,0,13.63,7.666408154151954,1.1344958558346736,0.8845919370651245
3304478125929665152,5,0,0.898,0.4310276423396617,-0.04672366333269562,-0.36549487709999084
3304478125929665152,43,0,0.898,0.45256961753600855,-0.04672366333269562,-0.3443146049976349
3304478125929665152,44,0,0.898,0.5517561348568356,-0.04672366333269562,-0.2582528293132782
3304478125929665152,70,0,0.898,0.4757752113843891,-0.04672366333269562,-0.3225981891155243
3304478125929665152,71,0,0.898,0.6353151541338219,-0.04672366333269562,-0.19701078534126282
45679386670867584,44,4,0.158,18.4326715089938,-0.8013429130455774,1.2655882835388184
45679386670867584,70,4,0.158,1.4879279305655573,-0.8013429130455774,0.17258189618587494
45679386670867584,71,4,0.158,1.7101344651141788,-0.8013429130455774,0.2330302596092224
3405561727429486592,43,1,3.051,3.113630617058263,0.48444220764240703,0.49326708912849426
3405561727429486592,44,1,3.051,3.0662240512042915,0.48444220764240703,0.48660388588905334
3392806018157943040,43,0,1.963,2.6128614043158835,0.2929202996000062,0.4171163737773895
3392806018157943040,44,0,1.963,2.683839835127035,0.2929202996000062,0.42875659465789795
3392806018157943040,71,0,1.963,2.585823855691594,0.2929202996000062,0.41259893774986267
6778413151435607680,1,2,0.38,0.43074567742439174,-0.42021640338318983,-0.3657790720462799
6778413151435607680,67,2,0.38,0.3397892833251196,-0.42021640338318983,-0.46879032254219055
5239766333394663296,90,4,12.47,8.250807518659972,1.0958664534785427,0.9164964556694031
5239869107704799744,10,1,0.69,1.6819041585588064,-0.16115090926274472,0.2258012443780899
5239869107704799744,11,1,0.69,6.636086682142625,-0.16115090926274472,0.8219120502471924
5239869107704799744,90,1,0.69,0.8106029903712924,-0.16115090926274472,-0.09119179844856262
5239921914293886336,90,3,1.44,1.4163707336069753,0.15836249209524964,0.15117694437503815
5253603103116099712,90,1,1.97,1.9856302568696267,0.2944662261615929,0.29789838194847107
5239868587976272896,90,1,4.09,3.9104827961173765,0.6117233080073418,0.5922303795814514
5239723525484923904,10,2,6.59,6.942166684743221,0.8188854145940099,0.8414950370788574
5239723525484923904,11,2,6.59,6.758844104367425,0.8188854145940099,0.8298724293708801
5239723525484923904,90,2,6.59,6.321440566629873,0.8188854145940099,0.8008160591125488
5239665320086649472,90,3,5.25,6.451090519304993,0.7201593034059569,0.8096331357955933
5239665320086648704,90,2,5.25,4.9946066249582906,0.7201593034059569,0.6985012888908386
5239278085831538816,90,1,1.2,1.0821395018152562,0.07918124604762482,0.03428325057029724
5239660372284736896,10,0,3.64,2.889909305582892,0.561101383649056,0.4608842134475708
5239660372284736896,11,0,3.64,3.8860118690697125,0.561101383649056,0.5895041227340698
5239660372284736896,90,0,3.64,3.166918851464855,0.561101383649056,0.5006369352340698
5239819389159663616,90,2,1.92,2.1341899976055023,0.28330122870354957,0.3292330801486969
5239086805168167168,63,1,5.46,4.464096183999791,0.7371926427047373,0.6497335433959961
5239086805168167168,90,1,5.46,7.261122380713036,0.7371926427047373,0.8610037565231323
5239088316996695808,90,4,0.39,0.3522658391304346,-0.4089353929735008,-0.45312947034835815
5239479880579918208,90,4,0.43,0.4974073471216604,-0.36653154442041347,-0.3032878041267395
5239701569617071872,90,4,1.06,1.223309714071901,0.02530586526477026,0.08753642439842224
5239851962193200896,90,4,4.32,3.23307189058282,0.6354837468149122,0.5096153616905212
5239852133998530560,90,2,9.08,4.806425119827885,0.9580858485210851,0.6818221807479858
5241367982569964160,90,4,0.43,0.6598026860013443,-0.36653154442041347,-0.18058592081069946
4183947102991940608,54,0,17.9,8.524652780570683,1.252853030979893,0.9306766986846924
5242010093028921856,90,3,2.38,2.6140280162301366,0.37657695705651195,0.4173102378845215
5239505341147028736,90,2,13.36,3.4988319200654074,1.1258064581395268,0.5439230799674988
5239498744077038976,10,1,0.62,0.6595651591255726,-0.20760831050174613,-0.1807422935962677
5239498744077038976,11,1,0.62,0.6373218967574931,-0.20760831050174613,-0.1956411600112915
5239498744077038976,63,1,0.62,0.6278372688568394,-0.20760831050174613,-0.20215290784835815
5239498744077038976,90,1,0.62,0.7155128156237663,-0.20760831050174613,-0.1453825831413269
5239810318189195776,10,3,0.4,0.4819696240555737,-0.3979400086720376,-0.3169803321361542
5239810318189195776,11,3,0.4,0.4690141446781486,-0.3979400086720376,-0.3288140594959259
5239810318189195776,37,3,0.4,0.40789563936697565,-0.3979400086720376,-0.38945093750953674
5239810318189195776,38,3,0.4,0.4575047342021855,-0.3979400086720376,-0.3396044075489044
5239810318189195776,63,3,0.4,0.43849722526047147,-0.3979400086720376,-0.358033150434494
5239810318189195776,64,3,0.4,0.4229588336175535,-0.3979400086720376,-0.37370190024375916
5239810318189195776,90,3,0.4,0.45664456556332783,-0.3979400086720376,-0.3404217064380646
5239835710037143296,10,4,0.75,0.8954075140259694,-0.12493873660829995,-0.047979265451431274
5239835710037143296,11,4,0.75,1.4435527703075954,-0.12493873660829995,0.15943266451358795
5239835710037143296,37,4,0.75,1.9202522200886438,-0.12493873660829995,0.28335827589035034
5239835710037143296,38,4,0.75,1.1963261523030793,-0.12493873660829995,0.07784959673881531
5239835710037143296,63,4,0.75,1.8660134218490478,-0.12493873660829995,0.270914763212204
5239835710037143296,64,4,0.75,1.1792453229646984,-0.12493873660829995,0.0716041624546051
5239835710037143296,90,4,0.75,0.841419184316705,-0.12493873660829995,-0.07498759031295776
5239848453168695040,90,3,1.32,1.0450939973381115,0.12057393120584989,0.019155353307724
5241350287303624832,90,2,0.2,0.3349242551479176,-0.6989700043360187,-0.4750533998012543
5241398562739279104,90,2,4.78,4.302561370241075,0.6794278966121189,0.6337270736694336
6049286687085135360,91,2,1.97,0.4357269541252431,0.2944662261615929,-0.360785573720932
6048990849739063936,91,2,3.7749,5.062205860414373,0.5769054513232402,0.7043398022651672
6048533521623971584,91,3,1.848,2.292480902811006,0.2667019668840879,0.3603057265281677
6045252922524333056,91,1,2.9602,1.20408080863738,0.4713210542893746,0.08065563440322876
6039044255241799808,91,0,0.6258,0.6269494683862631,-0.20356444118982547,-0.20276746153831482
6038156159083776896,12,3,1.53185,1.3605061829101055,0.18521624090907426,0.13370051980018616
6038156159083776896,39,3,1.53185,3.1503342900712243,0.18521624090907426,0.4983566403388977
6038156159083776896,91,3,1.53185,2.1812883491765884,0.18521624090907426,0.3387130796909332
6039021028058583040,91,4,1.2015,1.2750215393262772,0.0797237751399189,0.10551752150058746
6045059133601989376,12,2,6.9002,6.891616303561837,0.8388616788006727,0.8383210897445679
6045059133601989376,91,2,6.9002,5.881286832397321,0.8388616788006727,0.7694723606109619
6045047760525893504,91,1,2.0779,2.3155742602717893,0.31762464308005867,0.3646587133407593
6044976047450424064,91,0,0.83555,1.1031242047120278,-0.07802755645357164,0.04262441396713257
6048976762246802944,91,1,2.3886,2.4951454036961773,0.37814342796774153,0.39709585905075073
6049244351589198208,91,0,1.37,1.3632166334676812,0.1367205671564068,0.13456487655639648
6049324620234856320,91,3,2.29865,2.163921918709462,0.3614728491986735,0.3352415859699249
6048521530075334144,91,2,3.738,4.859971983779594,0.5726392970428132,0.6866337656974792
6045068475146180096,91,2,2.695,2.4638051613304555,0.43055876952275746,0.3916063606739044
6038192099370792960,12,3,1.74235,1.6753851297549254,0.24113539969609799,0.22411465644836426
6038192099370792960,91,3,1.74235,1.5374306951416317,0.24113539969609799,0.18679554760456085
6045190108624743296,91,4,0.531,0.6700108141464202,-0.2749054789185309,-0.17391818761825562
6049011053265501056,91,3,0.791,1.6926823590668898,-0.10182351650232342,0.2285754680633545
6049336405625377920,91,0,6.36875,3.9282063470413693,0.8040542013505017,0.5941942930221558
6049015313873042432,91,3,2.8403,2.9932484348875548,0.4533642138018366,0.4761427640914917
6049013561526378368,91,2,12.3696,2.8957614744582885,1.092355655926492,0.46176278591156006
6048958689024157568,91,0,1.7658,2.1668929350383794,0.24694151248325458,0.3358374536037445
6048957623872248576,91,4,2.3811,1.5976489060510533,0.37677763502529804,0.20348134636878967
6045501549601887744,91,1,5.35465,0.7481091479040314,0.7287310889799561,-0.12603503465652466
2968166003220173696,5,2,4.16,4.947933502879206,0.6190933306267428,0.6944238543510437
2968166003220173696,6,2,4.16,5.11860370180097,0.6190933306267428,0.7091515064239502
2968166003220173696,32,2,4.16,4.5031110455963095,0.6190933306267428,0.6535126566886902
2968166003220173696,98,2,4.16,4.773781880488245,0.6190933306267428,0.6788625717163086
4707563810327288192,1,0,6.609999999999999,5.903347862151894,0.8202014594856402,0.7710983753204346
4707563810327288192,28,0,6.609999999999999,4.294693610848447,0.8202014594856402,0.632932186126709
4707563810327288192,68,0,6.609999999999999,5.855483304140035,0.8202014594856402,0.767562747001648
4707563810327288192,95,0,6.609999999999999,6.969917296613232,0.8202014594856402,0.8432276248931885
4707563810327288192,96,0,6.609999999999999,5.739954510538577,0.8202014594856402,0.7589084506034851
4635593356881798912,1,0,2.6,1.9449120099858295,0.414973347970818,0.2888999581336975
4635593356881798912,13,0,2.6,2.877470231998172,0.414973347970818,0.4590108394622803
4635593356881798912,28,0,2.6,2.3690702525623304,0.414973347970818,0.37457793951034546
4635593356881798912,67,0,2.6,2.616584006852073,0.414973347970818,0.41773468255996704
4635593356881798912,68,0,2.6,2.61168975721013,0.414973347970818,0.41692158579826355
4635593356881798912,94,0,2.6,2.9095443895829765,0.414973347970818,0.463824987411499
4635593356881798912,95,0,2.6,2.325329136695373,0.414973347970818,0.3664844334125519
5201932413160136064,11,3,2.943,2.523645691289596,0.46879026209961094,0.4020283818244934
5201932413160136064,12,3,2.943,2.4235731245641245,0.46879026209961094,0.3844561278820038
5201932413160136064,38,3,2.943,2.242474424143043,0.46879026209961094,0.35072749853134155
5201932413160136064,39,3,2.943,2.407899948899422,0.46879026209961094,0.38163843750953674
5201932413160136064,64,3,2.943,1.9240984148702145,0.46879026209961094,0.28422728180885315
5201932413160136064,65,3,2.943,2.351739158566312,0.46879026209961094,0.37138915061950684
5201932413160136064,66,3,2.943,2.3822228766104354,0.46879026209961094,0.3769823908805847
5201932413160136064,93,3,2.943,2.4597212297766067,0.46879026209961094,0.3908858895301819
4602078902438063488,25,0,10.8975,26.596871553338488,1.0373268776897215,1.4248305559158325
4602078902438063488,26,0,10.8975,25.78617035586403,1.0373268776897215,1.4113868474960327
4602078902438063488,52,0,10.8975,10.881784713170727,1.0373268776897215,1.0367001295089722
4602078902438063488,53,0,10.8975,17.84365419010353,1.0373268776897215,1.2514837980270386
6470742481994348416,27,4,0.67,0.7731509051030999,-0.17392519729917355,-0.11173573136329651
6470742481994348416,67,4,0.67,0.5535276586557906,-0.17392519729917355,-0.2568606734275818
6470742481994348416,94,4,0.67,0.8021856904613823,-0.17392519729917355,-0.09572508931159973
4778915109878774912,3,0,1.56,3.7767420515452086,0.1931245983544616,0.5771173238754272
4778915109878774912,4,0,1.56,4.409872043511806,0.1931245983544616,0.6444259881973267
4778915109878774912,5,0,1.56,4.8208364328817455,0.1931245983544616,0.6831223964691162
4778915109878774912,29,0,1.56,2.1780576932213247,0.1931245983544616,0.3380693793296814
4778915109878774912,30,0,1.56,1.7371998213553206,0.1931245983544616,0.2398497760295868
4778915109878774912,31,0,1.56,1.8615077866218321,0.1931245983544616,0.26986485719680786
4778915109878774912,32,0,1.56,1.9446693866642237,0.1931245983544616,0.2888457775115967
4778915109878774912,39,0,1.56,1.6900879166252718,0.1931245983544616,0.22790929675102234
4778915109878774912,66,0,1.56,2.293132124156703,0.1931245983544616,0.3604290783405304
4778915109878774912,69,0,1.56,1.844504125993556,0.1931245983544616,0.26587963104248047
4778915109878774912,97,0,1.56,2.7867515483828593,0.1931245983544616,0.44509825110435486
3800590554204451712,72,3,38.13,75.79209119230752,1.5812668052736707,1.8796238899230957
3281064262038614912,5,2,13.25,10.811443693555415,1.1222158782728267,1.0338836908340454
3281064262038614912,32,2,13.25,11.271647786465179,1.1222158782728267,1.0519874095916748
5220352638838227584,9,0,9.386,7.577825770464273,0.9724805498764758,0.8795446157455444
5220352638838227584,10,0,9.386,8.656111759477083,0.9724805498764758,0.9373228549957275
5220352638838227584,11,0,9.386,7.244413529094604,0.9724805498764758,0.8600032329559326
5220352638838227584,12,0,9.386,8.144733342919222,0.9724805498764758,0.9108768701553345
5220352638838227584,36,0,9.386,7.559906698266708,0.9724805498764758,0.878516435623169
5220352638838227584,37,0,9.386,8.33879159241863,0.9724805498764758,0.9211031198501587
5220352638838227584,38,0,9.386,7.9038005044307065,0.9724805498764758,0.8978359699249268
5220352638838227584,39,0,9.386,6.63987473693256,0.9724805498764758,0.8221598863601685
5220352638838227584,63,0,9.386,13.627822696059692,0.9724805498764758,1.134426474571228
5220352638838227584,64,0,9.386,9.354494864866298,0.9724805498764758,0.9710203409194946
5220352638838227584,65,0,9.386,8.288282426992305,0.9724805498764758,0.9184645414352417
5220352638838227584,66,0,9.386,8.199992814015866,0.9724805498764758,0.9138134717941284
5220352638838227584,90,0,9.386,6.810236414574559,0.9724805498764758,0.8331621885299683
5220352638838227584,93,0,9.386,7.251671267438058,0.9724805498764758,0.8604381084442139
145950895754320384,70,2,2.486,2.719208755466738,0.395501124305626,0.43444254994392395
145950895754320384,71,2,2.486,1.4043190760605804,0.395501124305626,0.1474657952785492
3314352530621527296,43,1,2.565,2.8814567235269974,0.4090873694478351,0.459612101316452
3314352530621527296,44,1,2.565,3.336011298400862,0.4090873694478351,0.5232275128364563
3314351053152780032,43,2,1.924,1.8313544627610594,0.28420506770179416,0.26277241110801697
3314351053152780032,44,2,1.924,3.1648015440386437,0.28420506770179416,0.5003464818000793
3314351053152780032,70,2,1.924,1.9984260763781565,0.28420506770179416,0.30068808794021606
3314351053152780032,71,2,1.924,2.4568493937153972,0.28420506770179416,0.39037853479385376
3314309890186259712,43,0,2.651,2.635614735665319,0.4234097277330934,0.4208819270133972
3314309890186259712,44,0,2.651,4.183990921577114,0.4234097277330934,0.6215907335281372
3410633602770942464,43,2,1.549,1.6702369296622581,0.19005141775920598,0.2227780818939209
3410633602770942464,44,2,1.549,2.0670189247314634,0.19005141775920598,0.3153444528579712
3314261649113588608,43,0,1.994,1.4191082898324476,0.2997251539756369,0.1520155370235443
3314261649113588608,44,0,1.994,2.609951002518365,0.2997251539756369,0.41663235425949097
3314261649113588608,70,0,1.994,1.4412780658128144,0.2997251539756369,0.15874777734279633
3314261649113588608,71,0,1.994,1.0235995295230853,0.2997251539756369,0.010130077600479126
3314258591096887552,43,3,9.598,8.908472283732415,0.9821807455964027,0.9498032331466675
3314258591096887552,44,3,9.598,6.565615784864815,0.9821807455964027,0.8172754645347595
3410154456217987584,43,3,17.545,33.96692911436865,1.244153372551425,1.53105628490448
3410154456217987584,44,3,17.545,16.38348364382489,1.244153372551425,1.2144062519073486
3410154456217987584,70,3,17.545,24.631801807545102,1.244153372551425,1.391496181488037
3410154456217987584,71,3,17.545,18.01215366324328,1.244153372551425,1.2555656433105469
3411128795318922496,43,4,10.51,14.84236769211159,1.0216027160282422,1.1715031862258911
3411128795318922496,44,4,10.51,9.70190719989915,1.0216027160282422,0.9868571162223816
3411128795318922496,70,4,10.51,8.291735529594863,1.0216027160282422,0.918645441532135
3411128795318922496,71,4,10.51,7.928052627813308,1.0216027160282422,0.8991665244102478
146592838746224384,43,1,21.78,2.4777858631181617,1.338057875419756,0.3940637707710266
146592838746224384,44,1,21.78,4.944363520299228,1.338057875419756,0.6941103935241699
5239135492911437568,37,2,0.14,0.3039992317705039,-0.8538719643217619,-0.517127513885498
5239135492911437568,38,2,0.14,0.42506117338285365,-0.8538719643217619,-0.3715485632419586
5239135492911437568,90,2,0.14,0.41728378842431224,-0.8538719643217619,-0.379568487405777
5239242660940082432,90,0,6.02,5.553556683667939,0.7795964912578245,0.7445712089538574
6045178224453388928,91,2,3.3498,3.2021244639394064,0.5250188782340731,0.5054382085800171
6045183378414231552,91,3,1.839,1.6540462241710712,0.2645817292380775,0.21854764223098755
6049122310095142656,91,0,3.2409,4.173632008571142,0.5106656308106102,0.6205141544342041
6049163060744821760,91,2,5.88715,5.532221206338411,0.7699051014385266,0.7428995370864868
6049165706444676992,91,4,5.502,3.0297363740070082,0.7405205860536647,0.4814048409461975
6049168008547148416,91,1,6.7134,3.6809238331389067,0.8269425242320534,0.5659568309783936
6049357433785068672,91,4,0.82455,0.9632367155639836,-0.08378300397858819,-0.016266971826553345
6049357811742191104,91,1,6.45435,3.589845556780324,0.8098525121907955,0.5550757646560669
5238615870594344960,90,1,1.66,1.397211261707796,0.22010808804005508,0.14526207745075226
3294522907134516864,5,0,9.845,7.056627111613828,0.9932157204741371,0.8485971689224243
3294522907134516864,32,0,9.845,10.412908335471359,0.9932157204741371,1.017572045326233
3294522907134516864,70,0,9.845,9.561787405799903,0.9932157204741371,0.980539083480835
3294522907134516864,71,0,9.845,7.732957070053908,0.9932157204741371,0.8883455991744995
3294522907134516864,98,0,9.845,7.142250956711487,0.9932157204741371,0.8538351058959961
5238698471410066048,37,3,0.25,0.4140617390894862,-0.6020599913279624,-0.38293489813804626
5238698471410066048,38,3,0.25,0.5404851481648403,-0.6020599913279624,-0.2672162353992462
5238698471410066048,64,3,0.25,0.3695981096736973,-0.6020599913279624,-0.43227025866508484
5238698471410066048,65,3,0.25,0.37935847942700035,-0.6020599913279624,-0.4209502041339874
6343579117515701888,12,4,0.89,0.7920147291130556,-0.05060999335508721,-0.10126674175262451
6343579117515701888,39,4,0.89,0.9303855301968663,-0.05060999335508721,-0.03133705258369446
6343579117515701888,66,4,0.89,0.6614222448670471,-0.05060999335508721,-0.17952120304107666
6343579117515701888,67,4,0.89,0.8228063362642409,-0.05060999335508721,-0.08470237255096436
6343579117515701888,93,4,0.89,1.1211003806261366,-0.05060999335508721,0.04964450001716614
6343579117515701888,94,4,0.89,0.6813521634649676,-0.05060999335508721,-0.16662836074829102
3246505890022668928,5,2,1.37,1.2197137080470242,0.1367205671564068,0.08625790476799011
53758254515062784,70,2,6.7936,6.643922088946088,0.8320999724859047,0.8224245309829712
53758254515062784,71,2,6.7936,6.041113042823673,0.8320999724859047,0.7811169624328613
6399481449767430528,1,4,0.427,0.34408395883961507,-0.36957212497497616,-0.4633355736732483
6399481449767430528,27,4,0.427,0.48760720970995836,-0.36957212497497616,-0.3119298815727234
6399481449767430528,28,4,0.427,0.45815271587021394,-0.36957212497497616,-0.3389897346496582
6399481449767430528,67,4,0.427,0.457609699944558,-0.36957212497497616,-0.33950477838516235
6399481449767430528,68,4,0.427,0.3907075205834262,-0.36957212497497616,-0.40814822912216187
6399481449767430528,94,4,0.427,0.4783386590755775,-0.36957212497497616,-0.3202645182609558
6399481449767430528,95,4,0.427,0.44325312328859295,-0.36957212497497616,-0.3533481955528259
6645604928622813568,13,1,5.755,1.1750883887340353,0.7600453279658106,0.0700705349445343
6645604928622813568,67,1,5.755,0.9639122919683644,0.7600453279658106,-0.01596248149871826
4843959091042621312,4,2,0.44,0.8125691740644422,-0.3565473235138126,-0.09013965725898743
4843959091042621312,5,2,0.44,0.6515063010431603,-0.3565473235138126,-0.18608137965202332
4242728884389090944,54,2,41.15,77.22495412051639,1.6143698395482886,1.887757658958435
4242728884389090944,81,2,41.15,16.604217745686146,1.6143698395482886,1.2202184200286865
3718565543663057152,23,0,1.473984285,11.596804249174655,0.1684928532827577,1.0643383264541626
3718565543663057152,50,0,1.473984285,2.675698200932946,0.1684928532827577,0.4274371266365051
2575842627879030656,42,1,3.06,3.774258474078179,0.48572142648158,0.5768316388130188
2575842627879030656,43,1,3.06,2.5524406901944654,0.48572142648158,0.40695565938949585
6072893029952309632,10,2,0.56,0.8354504301443861,-0.25181197299379954,-0.07807931303977966
6072893029952309632,11,2,0.56,0.7015661887352849,-0.25181197299379954,-0.15393134951591492
6072893029952309632,64,2,0.56,0.6491029553583778,-0.25181197299379954,-0.18768641352653503
117990177621007744,18,2,9.787,9.39896256404405,0.9906495883188544,0.9730799198150635
117990177621007744,42,2,9.787,6.5878102733152195,0.9906495883188544,0.8187410831451416
117990177621007744,43,2,9.787,8.344275336604754,0.9906495883188544,0.9213886260986328
117990177621007744,44,2,9.787,8.990372179948704,0.9906495883188544,0.9537776708602905
117990177621007744,58,2,9.787,6.883874240114366,0.9906495883188544,0.8378329277038574
117709729140216320,42,4,6.484,6.94031568769657,0.8118430061764773,0.8413792252540588
117709729140216320,43,4,6.484,7.160390685416021,0.8118430061764773,0.8549367189407349
70132658415356672,42,1,0.537,0.5250440850733983,-0.27002571430044436,-0.2798042297363281
70132658415356672,43,1,0.537,0.6033649852515691,-0.27002571430044436,-0.21941989660263062
70132658415356672,44,1,0.537,0.5567767697725583,-0.27002571430044436,-0.25431889295578003
70132658415356672,70,1,0.537,0.44829068057894617,-0.27002571430044436,-0.3484402894973755
70132658415356672,71,1,0.537,0.5660047482898085,-0.27002571430044436,-0.24717992544174194
70125000491024128,44,0,6.326,6.447363267974495,0.801129187579704,0.8093821406364441
69906571336964608,42,2,6.93,5.424436320416055,0.8407332346118067,0.7343546152114868
69906571336964608,43,2,6.93,6.592187776682027,0.8407332346118067,0.8190295696258545
69906571336964608,44,2,6.93,6.527993282570327,0.8407332346118067,0.8147796988487244
69906571336964608,70,2,6.93,4.985411111671717,0.8407332346118067,0.6977009773254395
69906571336964608,71,2,6.93,6.355004241158649,0.8407332346118067,0.8031158447265625
69906472554465792,42,1,0.352,1.1695935826401345,-0.453457336521869,0.06803497672080994
69906472554465792,43,1,0.352,0.775631983823847,-0.453457336521869,-0.1103442907333374
69906472554465792,44,1,0.352,1.2021374654082446,-0.453457336521869,0.079954132437706
69906472554465792,70,1,0.352,1.7522105339587435,-0.453457336521869,0.24358628690242767
69906472554465792,71,1,0.352,1.111752259160366,-0.453457336521869,0.046008020639419556
69878503727603072,42,3,4.117,3.4449207196910505,0.614580866997486,0.5371792316436768
69878503727603072,43,3,4.117,3.435835626976368,0.614580866997486,0.5360323786735535
69878503727603072,44,3,4.117,3.9934190325536476,0.614580866997486,0.601344883441925
69878503727603072,70,3,4.117,5.751582068942591,0.614580866997486,0.7597873210906982
69878503727603072,71,3,4.117,3.6677469245997933,0.614580866997486,0.5643993616104126
69876712724339456,42,2,0.474,0.39898124047422723,-0.324221658325915,-0.39904752373695374
69876712724339456,43,2,0.474,0.44293151850057744,-0.324221658325915,-0.3536634147167206
69876712724339456,44,2,0.474,0.4087660720890211,-0.324221658325915,-0.3885251581668854
69876712724339456,70,2,0.474,0.43715897048506114,-0.324221658325915,-0.35936060547828674
69876712724339456,71,2,0.474,0.5077852044538251,-0.324221658325915,-0.2943199574947357
69829541100441600,42,0,3.964,2.9700878160176303,0.5981336458132377,0.47276929020881653
69829541100441600,43,0,3.964,4.176703395184969,0.5981336458132377,0.6208336353302002
69829541100441600,44,0,3.964,4.27734192253634,0.5981336458132377,0.6311739683151245
69829541100441600,70,0,3.964,3.4774113727805283,0.5981336458132377,0.5412560701370239
69829541100441600,71,0,3.964,4.12548260756265,0.5981336458132377,0.6154747605323792
68323485048225152,42,1,3.003267,2.671715301851671,0.47759394407778855,0.42679017782211304
68323485048225152,43,1,3.003267,2.766719512229312,0.47759394407778855,0.44196513295173645
68323485048225152,44,1,3.003267,2.84009716959072,0.47759394407778855,0.45333319902420044
68323485048225152,70,1,3.003267,22.355317937735123,0.47759394407778855,1.3493808507919312
68323485048225152,71,1,3.003267,6.2250773140653335,0.47759394407778855,0.7941447496414185
68303659479211776,42,3,3.8932,2.2721779044123473,0.5903067147033408,0.35644233226776123
68303659479211776,43,3,3.8932,3.452805587629169,0.5903067147033408,0.5381721258163452
68303659479211776,44,3,3.8932,3.9002384192953894,0.5903067147033408,0.5910911560058594
68303659479211776,70,3,3.8932,4.462575174037322,0.5903067147033408,0.6495855450630188
68303659479211776,71,3,3.8932,2.640999793749899,0.5903067147033408,0.4217683672904968
68300326584600448,42,0,0.57915,0.6019186047457682,-0.2372089393202696,-0.22046223282814026
68300326584600448,43,0,0.57915,0.6905386313873009,-0.2372089393202696,-0.16081202030181885
68300326584600448,44,0,0.57915,0.5844793083739271,-0.2372089393202696,-0.233230859041214
68296650092601088,42,0,3.998,1.7181327972990375,0.6018427897820982,0.23505672812461853
68296650092601088,43,0,3.998,2.06068086959555,0.6018427897820982,0.31401073932647705
68296650092601088,44,0,3.998,2.0180567232500404,0.6018427897820982,0.3049333691596985
68296650092601088,70,0,3.998,3.1842807093864742,0.6018427897820982,0.5030113458633423
68296650092601088,71,0,3.998,2.0234234490576566,0.6018427897820982,0.30608677864074707
68295481861500928,42,2,4.4884,5.609406636763712,0.6520915536963641,0.7489169239997864
68295481861500928,43,2,4.4884,5.162416902849641,0.6520915536963641,0.7128530740737915
68295481861500928,44,2,4.4884,5.539627507978365,0.6520915536963641,0.7434805631637573
68295481861500928,70,2,4.4884,5.4612439232704375,0.6520915536963641,0.7372915744781494
68295481861500928,71,2,4.4884,5.575458030030084,0.6520915536963641,0.7462805509567261
65289623229979136,42,3,4.673133,3.90121651183446,0.6696081414660269,0.591200053691864
65289623229979136,43,3,4.673133,4.100673540839387,0.6696081414660269,0.6128551959991455
65289623229979136,44,3,4.673133,4.244264990061829,0.6696081414660269,0.6278024911880493
65289623229979136,70,3,4.673133,4.0191840800804135,0.6696081414660269,0.6041378974914551
65289623229979136,71,3,4.673133,3.546522508850271,0.6696081414660269,0.5498027205467224
65289588870240384,42,1,1.2349,3.573911053466653,0.09163179062680805,0.5531437397003174
65289588870240384,43,1,1.2349,1.391922681331388,0.09163179062680805,0.14361511170864105
65289588870240384,44,1,1.2349,3.6331792063007056,0.09163179062680805,0.560286819934845
65289588870240384,70,1,1.2349,1.9402440943115469,0.09163179062680805,0.2878563702106476
65289588870240384,71,1,1.2349,1.237513980021919,0.09163179062680805,0.0925501137971878
65289279632598016,42,2,0.6467,1.4875692783678902,-0.1892971390528832,0.17247720062732697
65289279632598016,43,2,0.6467,0.8974163734002101,-0.1892971390528832,-0.04700601100921631
65289279632598016,44,2,0.6467,1.097053407744258,-0.1892971390528832,0.04022777080535889
65289004754691200,42,2,0.772467,0.5105805047134763,-0.11212006468503828,-0.2919357717037201
65289004754691200,43,2,0.772467,0.614941533853135,-0.11212006468503828,-0.2111661732196808
65289004754691200,44,2,0.772467,2.1239201516415673,-0.11212006468503828,0.32713818550109863
65289004754691200,70,2,0.772467,0.5804739965346688,-0.11212006468503828,-0.23621723055839539
65289004754691200,71,2,0.772467,0.37922058440039436,-0.11212006468503828,-0.42110809683799744
65265674492422784,42,1,0.31215,0.4285156133798377,-0.5056366607326919,-0.36803334951400757
65265674492422784,43,1,0.31215,0.42045470372121474,-0.5056366607326919,-0.3762807846069336
65265674492422784,44,1,0.31215,0.4417640371099674,-0.5056366607326919,-0.35480964183807373
65265674492422784,70,1,0.31215,0.4002269288769205,-0.5056366607326919,-0.3976936936378479
65265674492422784,71,1,0.31215,0.5253150989132304,-0.5056366607326919,-0.27958011627197266
65245539685760640,42,4,0.815933,0.5811056612556584,-0.08834550169335557,-0.2357448935508728
65245539685760640,43,4,0.815933,0.9174580048969825,-0.08834550169335557,-0.03741380572319031
65245539685760640,44,4,0.815933,0.8356897623414934,-0.08834550169335557,-0.07795491814613342
65245539685760640,70,4,0.815933,0.782901126140142,-0.08834550169335557,-0.10629308223724365
65245539685760640,71,4,0.815933,0.6085381506368202,-0.08834550169335557,-0.21571218967437744
65213172812266752,42,2,0.8086,0.4385357430796408,-0.09226626300234454,-0.35799500346183777
65213172812266752,43,2,0.8086,0.4592857805923836,-0.09226626300234454,-0.3379170000553131
65213172812266752,44,2,0.8086,0.42748626790454114,-0.09226626300234454,-0.3690778315067291
65213172812266240,42,4,0.5265,0.7499223582224868,-0.2786016244784947,-0.12498369812965393
65213172812266240,43,4,0.5265,0.5764274987932594,-0.2786016244784947,-0.23925530910491943
65213172812266240,44,4,0.5265,0.5899251274405027,-0.2786016244784947,-0.22920310497283936
65213172812266240,70,4,0.5265,0.4953517314041419,-0.2786016244784947,-0.30508631467819214
65213172812266240,71,4,0.5265,0.5259163691502041,-0.2786016244784947,-0.2790833115577698
65212932294091264,42,0,0.267933,0.9703862757557151,-0.571973793165652,-0.013055354356765747
65212932294091264,43,0,0.267933,0.7215878994931151,-0.571973793165652,-0.14171075820922852
65212932294091264,44,0,0.267933,0.9168169372070349,-0.571973793165652,-0.03771737217903137
65212932294091264,70,0,0.267933,0.6460929699604051,-0.571973793165652,-0.1897049844264984
65212932294091264,71,0,0.267933,4.542547931978211,-0.571973793165652,0.6572995185852051
65226092073881856,42,3,0.3911,0.5314343128790894,-0.4077121840478693,-0.2745504081249237
65226092073881856,43,3,0.3911,1.0648232598540381,-0.4077121840478693,0.02727752923965454
65226092073881856,44,3,0.3911,0.7534221078120655,-0.4077121840478693,-0.12296164035797119
65226092073881856,70,3,0.3911,0.4904883286098317,-0.4077121840478693,-0.30937132239341736
65226092073881856,71,3,0.3911,0.5655919845057964,-0.4077121840478693,-0.24749675393104553
66727234683931520,42,3,0.3023,0.22754677487615482,-0.5195618528221829,-0.6429293155670166
66727234683931520,43,3,0.3023,0.20588936717718065,-0.5195618528221829,-0.686366081237793
66727234683931520,44,3,0.3023,0.22934164916532643,-0.5195618528221829,-0.639517068862915
66727234683931520,70,3,0.3023,0.3785796072209974,-0.5195618528221829,-0.4218427836894989
66727234683931520,71,3,0.3023,0.34417872628701723,-0.5195618528221829,-0.46321597695350647
66728265476081408,42,0,0.2397,0.44729492040881136,-0.6203319659663462,-0.34940603375434875
66728265476081408,43,0,0.2397,0.5959377998139659,-0.6203319659663462,-0.22479906678199768
66728265476081408,44,0,0.2397,0.4563249871787834,-0.6203319659663462,-0.34072574973106384
66728265476081408,70,0,0.2397,0.4185718277350467,-0.6203319659663462,-0.3782300055027008
66728265476081408,71,0,0.2397,0.4400217377415605,-0.6203319659663462,-0.35652586817741394
66728501697350016,42,4,1.01685,0.3210535613379928,0.007256892965123743,-0.4934225082397461
66728501697350016,43,4,1.01685,0.87469093554832,0.007256892965123743,-0.058145374059677124
66728501697350016,44,4,1.01685,0.44752785978463955,0.007256892965123743,-0.3491799235343933
66728501697350016,70,4,1.01685,0.6701322063726297,0.007256892965123743,-0.1738395094871521
66728501697350016,71,4,1.01685,0.5320364899650437,0.007256892965123743,-0.27405858039855957
66728089380491648,42,1,0.40195,0.4553196920304671,-0.39582796700166256,-0.341683566570282
66728089380491648,43,1,0.40195,0.44640937333051095,-0.39582796700166256,-0.350266695022583
66728089380491648,44,1,0.40195,0.37259234520337364,-0.39582796700166256,-0.42876607179641724
66728089380491648,70,1,0.40195,0.432280289168183,-0.39582796700166256,-0.3642345666885376
66728089380491648,71,1,0.40195,0.5790146215162572,-0.39582796700166256,-0.2373104691505432
66729261908482048,42,3,0.774667,0.663914529091289,-0.11088494412770819,-0.17788782715797424
66729261908482048,43,3,0.774667,0.8399200271187857,-0.11088494412770819,-0.0757620632648468
66729261908482048,44,3,0.774667,0.7289383117222389,-0.11088494412770819,-0.1373092234134674
66729261908482048,70,3,0.774667,0.7675937301961295,-0.11088494412770819,-0.11486858129501343
66729261908482048,71,3,0.774667,0.7358045334382028,-0.11088494412770819,-0.1332375407218933
66732423004453376,42,1,0.6607,0.559660614625136,-0.17999569319168213,-0.2520752549171448
66732423004453376,43,1,0.6607,0.7150352792557262,-0.17999569319168213,-0.1456725299358368
66732423004453376,44,1,0.6607,0.7466740646018922,-0.17999569319168213,-0.12686893343925476
66732423004453376,70,1,0.6607,0.5764608057632947,-0.17999569319168213,-0.239230215549469
66732423004453376,71,1,0.6607,0.4615666266112542,-0.17999569319168213,-0.3357656002044678
66733763034205696,42,0,1.82085,1.0621491662651863,0.2602741704761549,0.02618551254272461
66733763034205696,43,0,1.82085,0.6622246983751774,0.2602741704761549,-0.17899462580680847
66733763034205696,44,0,1.82085,0.95093483114556,0.2602741704761549,-0.021849244832992554
66733763034205696,70,0,1.82085,0.8978900704946472,0.2602741704761549,-0.04677683115005493
66733763034205696,71,0,1.82085,0.5912849872034343,0.2602741704761549,-0.22820314764976501
66734725106867968,42,2,0.31,0.7237390515306682,-0.5086383061657274,-0.14041799306869507
66734725106867968,43,2,0.31,0.3839666586501372,-0.5086383061657274,-0.41570648550987244
66734725106867968,44,2,0.31,0.3374737946438829,-0.5086383061657274,-0.47175994515419006
66735446661374976,42,4,3.9202,0.46848104805145663,0.5933082243369542,-0.3293079733848572
66735446661374976,43,4,3.9202,0.6111329967811193,0.5933082243369542,-0.213864266872406
66735446661374976,44,4,3.9202,0.5419983207905912,0.5933082243369542,-0.2660020589828491
66735446661374976,70,4,3.9202,0.5599516484079693,0.5933082243369542,-0.2518494725227356
66735446661374976,71,4,3.9202,0.467618276224871,0.5933082243369542,-0.33010852336883545
66782897460055424,42,3,1.100267,1.0405077575622983,0.04149808748188612,0.017245322465896606
66782897460055424,43,3,1.100267,1.629988753829234,0.04149808748188612,0.2121846079826355
66782897460055424,44,3,1.100267,1.2023070840874137,0.04149808748188612,0.0800154060125351
66782897460055424,70,3,1.100267,0.5489043570625479,0.04149808748188612,-0.2605033218860626
66782897460055424,71,3,1.100267,1.0240325918037738,0.04149808748188612,0.01031377911567688
66789872486779520,42,4,0.3436,0.22091401096606758,-0.4639468448407953,-0.6557767391204834
66789872486779520,43,4,0.3436,0.2821915852591564,-0.4639468448407953,-0.5494559407234192
66789872486779520,44,4,0.3436,0.25827457694440814,-0.4639468448407953,-0.5879183411598206
66789872486779520,70,4,0.3436,0.4528972880105798,-0.4639468448407953,-0.34400027990341187
66789872486779520,71,4,0.3436,0.5385400917402104,-0.4639468448407953,-0.26878196001052856
66809491897360896,42,2,3.373333,4.8133459385012305,0.5280592148696412,0.682447075843811
66809491897360896,43,2,3.373333,5.88150315950037,0.5280592148696412,0.7694883346557617
66809491897360896,44,2,3.373333,3.919267046281928,0.5280592148696412,0.5932048559188843
66809491897360896,70,2,3.373333,4.2275109865969105,0.5280592148696412,0.6260847449302673
66809491897360896,71,2,3.373333,4.270976075900583,0.5280592148696412,0.630527138710022
66839591028151552,70,0,0.3484,0.7216510860553164,-0.45792185366437443,-0.14167273044586182
66839591028151552,71,0,0.3484,0.5353482826221352,-0.45792185366437443,-0.27136358618736267
66846291177113088,42,1,3.694,5.342730835626971,0.5674968911042226,0.727763295173645
66846291177113088,43,1,3.694,3.768175360180083,0.5674968911042226,0.5761311054229736
66846291177113088,44,1,3.694,0.949888970872316,0.5674968911042226,-0.022327154874801636
66846291177113088,70,1,3.694,5.78767215001872,0.5674968911042226,0.7625039219856262
66846291177113088,71,1,3.694,4.885108845245107,0.5674968911042226,0.6888742446899414
69854348831573504,42,3,2.6911665,11.210544528166585,0.429940567995755,1.0496267080307007
69854348831573504,43,3,2.6911665,1.4748443482892843,0.429940567995755,0.1687461882829666
69854348831573504,44,3,2.6911665,4.1481525024950106,0.429940567995755,0.6178547143936157
69854348831573504,70,3,2.6911665,2.991516970679249,0.429940567995755,0.47589147090911865
69854348831573504,71,3,2.6911665,1.6590397196607145,0.429940567995755,0.21985678374767303
69857235049588736,42,4,4.145,5.061561857692785,0.6175245348862923,0.7042845487594604
69857235049588736,43,4,4.145,5.533884254066967,0.6175245348862923,0.7430300712585449
69857235049588736,44,4,4.145,4.361628539801744,0.6175245348862923,0.6396486759185791
69857235049588736,70,4,4.145,5.928155612590108,0.6175245348862923,0.7729195952415466
69857235049588736,71,4,4.145,4.729237855274953,0.6175245348862923,0.674791157245636
6409848126430574592,1,2,4.547,4.580612359684052,0.6577249542051081,0.6609235405921936
6409848126430574592,27,2,4.547,4.415392789986038,0.6577249542051081,0.6449693441390991
6409848126430574592,28,2,4.547,5.657173232112782,0.6577249542051081,0.7525994777679443
6409848126430574592,67,2,4.547,6.296909614772023,0.6577249542051081,0.799127459526062
6409848126430574592,68,2,4.547,3.5270906968096356,0.6577249542051081,0.547416627407074
6409848126430574592,94,2,4.547,4.277562069248991,0.6577249542051081,0.6311963200569153
6409848126430574592,95,2,4.547,5.932882119396328,0.6577249542051081,0.7732657194137573
66597767189992832,42,0,8.61125,5.026960915517567,0.9350661977602043,0.7013055086135864
66597767189992832,43,0,8.61125,3.526410637370688,0.9350661977602043,0.5473328828811646
66597767189992832,44,0,8.61125,4.205727851540886,0.9350661977602043,0.6238411664962769
66597767189992832,71,0,8.61125,3.506598580047458,0.9350661977602043,0.54488605260849
66570554277316992,42,2,4.068667,5.080826275861133,0.6094521464813202,0.7059343457221985
66570554277316992,43,2,4.068667,4.68776583978645,0.6094521464813202,0.6709659099578857
66570554277316992,44,2,4.068667,5.824764073694104,0.6094521464813202,0.7652783393859863
66570554277316992,70,2,4.068667,3.092803107104294,0.6094521464813202,0.4903522729873657
66570554277316992,71,2,4.068667,4.345499538509356,0.6094521464813202,0.6380397081375122
3241952369992171904,5,1,13.23,8.761037651402592,1.121559844187501,0.9425555467605591
3241952369992171904,32,1,13.23,12.465181172540488,1.121559844187501,1.095698595046997
4338433743723131648,91,1,7.45,5.934383799357766,0.8721562727482929,0.7733756303787231
73034991155555456,42,1,2.16,1.5013251159086993,0.3344537511509309,0.17647475004196167
73034991155555456,43,1,2.16,2.059197318184254,0.3344537511509309,0.3136979639530182
6394330650108004992,1,3,9.2779,9.688644853674026,0.9674496872512645,0.9862630367279053
6394330650108004992,27,3,9.2779,25.558672598806215,0.9674496872512645,1.4075382947921753
6394330650108004992,28,3,9.2779,23.22549660147651,0.9674496872512645,1.3659650087356567
6394330650108004992,67,3,9.2779,8.284142875950707,0.9674496872512645,0.9182475805282593
6394330650108004992,68,3,9.2779,9.14119693007073,0.9674496872512645,0.9610030651092529
6394330650108004992,95,3,9.2779,18.925423541193993,0.9674496872512645,1.2770456075668335
233593860965180928,59,3,1.362,2.0057093472381755,0.13417710757676637,0.30226799845695496
233593860965180928,86,3,1.362,1.0918183021794643,0.13417710757676637,0.0381503701210022
6388735338513480064,1,2,0.44,0.44823921741072004,-0.3565473235138126,-0.3484901487827301
6388735338513480064,27,2,0.44,0.4153001034847005,-0.3565473235138126,-0.38163796067237854
6388735338513480064,28,2,0.44,0.38693455318944453,-0.3565473235138126,-0.4123624861240387
6453115042855073664,1,4,0.983,0.9731255945313242,-0.007446482167864384,-0.011831104755401611
6453115042855073664,67,4,0.983,0.7893782093498384,-0.007446482167864384,-0.10271486639976501
6453115042855073664,94,4,0.983,0.8074028470518785,-0.007446482167864384,-0.09290972352027893
6453115042855073664,95,4,0.983,0.8204018816942952,-0.007446482167864384,-0.0859733521938324
5290767459427547136,4,4,6.081,11.993959125683578,0.7839750034126711,1.0789625644683838
5290767459427547136,7,4,6.081,9.850651319365477,0.7839750034126711,0.9934649467468262
5290767459427547136,8,4,6.081,3.388242304396092,0.7839750034126711,0.5299744606018066
5290767459427547136,9,4,6.081,6.844684493615931,0.7839750034126711,0.835353434085846
452387638277527168,58,4,1.272,6.046629148796148,0.10448711131239508,0.7815133333206177
452387638277527168,85,4,1.272,1.640128718992252,0.10448711131239508,0.2148779332637787
441833975919663232,86,3,2.396,2.5595167410082276,0.3794868137172738,0.40815797448158264
441394789743992064,58,2,0.489,0.7233218890054739,-0.3106911408763798,-0.14066839218139648
441394789743992064,86,2,0.489,0.7309587732899016,-0.3106911408763798,-0.13610711693763733
249208987660681216,58,3,0.361,0.5524371768917085,-0.4424927980943421,-0.257717102766037
249208987660681216,86,3,0.361,0.4388780984238774,-0.4424927980943421,-0.3576560914516449
249205036290763136,58,2,0.251,0.48912127960046936,-0.6003262785189618,-0.3105834424495697
249205036290763136,86,2,0.251,0.29673797451453376,-0.6003262785189618,-0.5276268720626831
441883419583084160,86,2,3.045,1.8612436367687442,0.48358729696889413,0.2698032259941101
442269794840563584,59,4,3.605,13.494283852534522,0.5569052690554478,1.1301498413085938
442269794840563584,86,4,3.605,4.799544552854096,0.5569052690554478,0.6812000274658203
441510822581504512,86,2,0.565,0.7205774687989115,-0.2479515521805615,-0.14231932163238525
6249254007836331904,91,1,17.76865,8.995876976179536,1.2496544328800103,0.9540435075759888
6249306612595902592,91,4,2.45495,5.579625348723853,0.39004265126744936,0.7466050386428833
6249299770708343808,91,3,7.04085,8.02727159063305,0.8476250921003592,0.9045679569244385
6249285859313790336,91,2,6.25,5.971584045741809,0.7958800173440752,0.7760895490646362
6250495528262288512,91,2,0.3286,1.3515531655562334,-0.48333244090095706,0.13083313405513763
6441658161757713920,13,3,0.464,0.8695559418840361,-0.3334820194451191,-0.06070247292518616
6441658161757713920,27,3,0.464,0.8113119692239276,-0.3334820194451191,-0.09081211686134338
6441658161757713920,67,3,0.464,0.9041366365868626,-0.3334820194451191,-0.04376593232154846
4324709330348851968,91,3,5.656,4.9324740472846225,0.752509400788843,0.69306480884552
4323936442393063424,91,4,1.794,1.8931937680975452,0.2538224387080733,0.2771950662136078
435289613991362304,58,4,2.692,2.496117625030632,0.43007505555193926,0.3972650468349457
435289613991362304,86,4,2.692,1.0007132407974764,0.43007505555193926,0.0003096461296081543
435166503048736000,58,1,1.392,6.119188213777841,0.14363923527454328,0.786693811416626
435166503048736000,86,1,1.392,2.2062228960572257,0.14363923527454328,0.34364938735961914
4984291478082944256,2,4,0.736,0.6957383927559759,-0.13312218566250114,-0.157554030418396
4984291478082944256,3,4,0.736,0.7106893898476547,-0.13312218566250114,-0.14832016825675964
4984291478082944256,29,4,0.736,0.4953641727115672,-0.13312218566250114,-0.30507540702819824
4984291478082944256,30,4,0.736,0.5814174223569607,-0.13312218566250114,-0.23551195859909058
4984291478082944256,69,4,0.736,0.5779704178285661,-0.13312218566250114,-0.23809438943862915
6049256416155461632,91,1,7.9926,4.993141961259615,0.902688078684921,0.6983739137649536
6048580285228456320,91,4,1.959,0.8308245508589128,0.2920344359947364,-0.08049067854881287
4196039806746796928,54,0,1.519,12.74657568269075,0.18155777386278632,1.1053935289382935
4196039806746796928,81,0,1.519,13.051252848575857,0.18155777386278632,1.1156522035598755
2507484130258715136,4,2,0.543,0.8173789736447196,-0.265200170411153,-0.08757653832435608
2507484130258715136,97,2,0.543,0.7259613261000138,-0.265200170411153,-0.13908651471138
6643851448094862592,13,4,4.81,7.365247090186804,0.6821450763738317,0.8671873211860657
6643851448094862592,27,4,4.81,7.0935772801928305,0.6821450763738317,0.8508653044700623
6643851448094862592,67,4,4.81,11.763708189431803,0.6821450763738317,1.0705442428588867
6643851448094862592,94,4,4.81,8.36573889978338,0.6821450763738317,0.9225043058395386
4905813212878537216,1,3,0.487,0.37702013709753124,-0.3124710387853657,-0.42363545298576355
4905813212878537216,2,3,0.487,0.4235896564284402,-0.3124710387853657,-0.3730546534061432
4905813212878537216,28,3,0.487,0.3096535609052949,-0.3124710387853657,-0.5091239213943481
4905813212878537216,29,3,0.487,0.3272697314929987,-0.3124710387853657,-0.4850941598415375
4905813212878537216,68,3,0.487,0.4008819714517269,-0.3124710387853657,-0.39698347449302673
4905813212878537216,69,3,0.487,0.3238901659713608,-0.3124710387853657,-0.4896022379398346
4905813212878537216,95,3,0.487,0.27819337641930486,-0.3124710387853657,-0.5556532144546509
4905813212878537216,96,3,0.487,0.24401537829189526,-0.3124710387853657,-0.612582802772522
4901802507993393664,1,2,0.377,0.3111189599941837,-0.42365864979420714,-0.5070735216140747
4901802507993393664,2,2,0.377,0.3146397457192546,-0.42365864979420714,-0.5021864175796509
4901802507993393664,28,2,0.377,0.39093711939729137,-0.42365864979420714,-0.4078930914402008
4901802507993393664,29,2,0.377,0.41327735001594346,-0.42365864979420714,-0.38375839591026306
4901802507993393664,68,2,0.377,0.44090656457983296,-0.42365864979420714,-0.35565343499183655
4901802507993393664,69,2,0.377,0.392586158048967,-0.42365864979420714,-0.4060650169849396
4901802507993393664,95,2,0.377,0.39649925192796753,-0.42365864979420714,-0.4017576277256012
4901802507993393664,96,2,0.377,0.36229688238928137,-0.42365864979420714,-0.4409354031085968
68254245878512384,42,4,2.647,2.2000128990150487,0.4227539413013482,0.34242522716522217
68254245878512384,43,4,2.647,2.775005756465341,0.4227539413013482,0.4432638883590698
68254245878512384,44,4,2.647,3.210226747161253,0.4227539413013482,0.5065357089042664
68254245878512384,70,4,2.647,3.0072741244957983,0.4227539413013482,0.47817301750183105
68254245878512384,71,4,2.647,2.8635873245912458,0.4227539413013482,0.4569104313850403
68444878003882240,42,1,2.986,3.8833056044420466,0.47508980338900664,0.5892015695571899
68444878003882240,43,1,2.986,3.1789739609667986,0.47508980338900664,0.502286970615387
68444878003882240,44,1,2.986,3.60655588902079,0.47508980338900664,0.5570926666259766
68444878003882240,70,1,2.986,3.2544899978855417,0.47508980338900664,0.5124829411506653
68444878003882240,71,1,2.986,3.2109172209537356,0.47508980338900664,0.5066291093826294
68620868583787904,42,3,6.775,7.171177342350001,0.8309092995464433,0.8555904626846313
68620868583787904,43,3,6.775,7.311366125919971,0.8309092995464433,0.863998532295227
68620868583787904,44,3,6.775,5.895197983571865,0.8309092995464433,0.7704983949661255
68620868583787904,70,3,6.775,7.649913100046761,0.8309092995464433,0.8836565017700195
68620868583787904,71,3,6.775,5.4751323024024,0.8309092995464433,0.7383946180343628
71042439864623104,42,4,4.472,6.1945671192147325,0.6505017948783669,0.7920109629631042
71042439864623104,43,4,4.472,4.409866596428439,0.6505017948783669,0.6444254517555237
71042439864623104,44,4,4.472,4.197988767027741,0.6505017948783669,0.6230412721633911
71042439864623104,70,4,4.472,6.772558888367463,0.6505017948783669,0.8307527899742126
71042439864623104,71,4,4.472,5.0267829182570285,0.6505017948783669,0.7012901306152344
68653201097557888,42,4,1.188,1.409322176103524,0.07481644064517472,0.1490102857351303
68653201097557888,43,4,1.188,1.2463322975325226,0.07481644064517472,0.0956338495016098
68653201097557888,44,4,1.188,1.6049425472761207,0.07481644064517472,0.20545949041843414
68653201097557888,70,4,1.188,1.2644616838566052,0.07481644064517472,0.10190567374229431
68653201097557888,71,4,1.188,1.2699048443483552,0.07481644064517472,0.10377117991447449
68236795427794816,42,1,0.72,0.6940916755108776,-0.14266750356873156,-0.1585831642150879
68236795427794816,43,1,0.72,0.4658238410286776,-0.14266750356873156,-0.33177828788757324
68236795427794816,44,1,0.72,0.7943638951140135,-0.14266750356873156,-0.09998050332069397
68236795427794816,70,1,0.72,0.5200908761216151,-0.14266750356873156,-0.2839207649230957
68236795427794816,71,1,0.72,0.7297050938945143,-0.14266750356873156,-0.13685262203216553
68232603539842944,42,3,0.32905,0.39888476838974546,-0.4827381048639853,-0.399152547121048
68232603539842944,43,3,0.32905,0.47699005552011664,-0.4827381048639853,-0.32149067521095276
68232603539842944,44,3,0.32905,0.435758171492879,-0.4827381048639853,-0.36075446009635925
68232603539842944,70,3,0.32905,0.7025532391692871,-0.4827381048639853,-0.15332075953483582
68232603539842944,71,3,0.32905,0.3443954693798956,-0.4827381048639853,-0.46294257044792175
68175806892217216,42,2,1.138133,1.3538882725532648,0.05619301582973176,0.1315828263759613
68175806892217216,43,2,1.138133,1.0673033136282652,0.05619301582973176,0.0282878577709198
68175806892217216,44,2,1.138133,1.3006710285024736,0.05619301582973176,0.1141674667596817
68175806892217216,70,2,1.138133,1.4820002103659882,0.05619301582973176,0.17084826529026031
68175806892217216,71,2,1.138133,1.3136545942249154,0.05619301582973176,0.11848118901252747
68150861722174848,42,1,5.674,6.097371551456967,0.7538893314598335,0.7851426601409912
68150861722174848,43,1,5.674,8.668655491084744,0.7538893314598335,0.9379517436027527
68150861722174848,44,1,5.674,7.201144900339074,0.7538893314598335,0.8574015498161316
68150861722174848,70,1,5.674,4.933252608410141,0.7538893314598335,0.6931333541870117
68150861722174848,71,1,5.674,5.610052587922973,0.7538893314598335,0.7489669322967529
66593437863017984,42,3,0.456133,0.37168162224013457,-0.3409085065806806,-0.4298289120197296
66593437863017984,43,3,0.456133,0.5109007054012454,-0.3409085065806806,-0.2916634976863861
66593437863017984,44,3,0.456133,0.4464743520840717,-0.3409085065806806,-0.3502034842967987
66593437863017984,70,3,0.456133,0.5397126097868566,-0.3409085065806806,-0.26783743500709534
66593437863017984,71,3,0.456133,0.44872621604116997,-0.3409085065806806,-0.3480185568332672
66648001127514368,42,1,0.692933,0.6384132197972616,-0.1593087554848432,-0.19489812850952148
66648001127514368,43,1,0.692933,0.9093005459076242,-0.1593087554848432,-0.041292548179626465
66648001127514368,44,1,0.692933,0.7804463863722272,-0.1593087554848432,-0.10765692591667175
66648001127514368,70,1,0.692933,0.8416505233130942,-0.1593087554848432,-0.07486820220947266
66648001127514368,71,1,0.692933,0.6907183914210018,-0.1593087554848432,-0.16069898009300232
66655560269868544,42,3,0.76,0.7906663149450581,-0.11918640771920865,-0.10200676321983337
66655560269868544,43,3,0.76,0.844734905975729,-0.11918640771920865,-0.07327955961227417
66655560269868544,44,3,0.76,0.8183165025930367,-0.11918640771920865,-0.08707869052886963
66655560269868544,71,3,0.76,1.0767653268077226,-0.11918640771920865,0.03212106227874756
66694455493470464,42,1,2.4834,3.7135149590161034,0.3950466767844036,0.5697851777076721
66694455493470464,43,1,2.4834,3.453038270301904,0.3950466767844036,0.5382013916969299
66694455493470464,44,1,2.4834,2.7525489751883097,0.3950466767844036,0.4397350549697876
66694455493470464,71,1,2.4834,2.1336424793196995,0.3950466767844036,0.3291216492652893
66695688147432832,42,0,0.09225,0.49737563831748915,-1.035033625168902,-0.30331549048423767
66695688147432832,43,0,0.09225,0.6659409994679908,-1.035033625168902,-0.17656424641609192
66695688147432832,44,0,0.09225,0.45241802555731175,-1.035033625168902,-0.3444600999355316
66695688147432832,71,0,0.09225,0.44205160687409195,-1.035033625168902,-0.3545270264148712
66895941000532736,42,4,14.38,0.8791714726426635,1.1577588860468637,-0.05592641234397888
66895941000532736,43,4,14.38,0.8112201120588919,1.1577588860468637,-0.09086129069328308
66895941000532736,44,4,14.38,0.6925647131531788,1.1577588860468637,-0.15953963994979858
66895941000532736,71,4,14.38,0.7112162436243517,1.1577588860468637,-0.14799833297729492
66897933865345920,42,0,4.9968,6.990986286856386,0.6986919668861235,0.8445384502410889
66897933865345920,43,0,4.9968,5.198498112078889,0.6986919668861235,0.715877890586853
66897933865345920,44,0,4.9968,5.60663658867063,0.6986919668861235,0.7487024068832397
67278158729741696,42,4,0.1712,0.5464462591426794,-0.7664962396588656,-0.26245254278182983
67278158729741696,43,4,0.1712,0.6029250175706623,-0.7664962396588656,-0.21973669528961182
67278158729741696,44,4,0.1712,0.32366884728833467,-0.7664962396588656,-0.4898990988731384
67278158729741696,71,4,0.1712,0.42058282879999753,-0.7664962396588656,-0.3761484622955322
67304959325424768,42,2,0.2922,0.3926877357335147,-0.534319788401722,-0.40595266222953796
67304959325424768,43,2,0.2922,0.404447779697466,-0.534319788401722,-0.39313754439353943
67304959325424768,44,2,0.2922,0.39477401072065355,-0.534319788401722,-0.4036514461040497
67304959325424768,71,2,0.2922,0.4190106638779806,-0.534319788401722,-0.3777749240398407
67351757289092224,42,1,14.66,8.381529417875408,1.1661339703051092,0.9233232736587524
67351757289092224,43,1,14.66,9.31406784656711,1.1661339703051092,0.9691393971443176
67351757289092224,44,1,14.66,11.606873901223151,1.1661339703051092,1.0647152662277222
67351757289092224,71,1,14.66,12.58919606368499,1.1661339703051092,1.0999979972839355
440522052390302464,58,2,1.699,2.096142428730192,0.23019337886904562,0.3214207887649536
440522052390302464,85,2,1.699,1.6142009943088513,0.23019337886904562,0.20795761048793793
443632055387911936,59,1,0.325,0.6712418021266519,-0.4881166390211256,-0.17312100529670715
443632055387911936,86,1,0.325,0.4536896840736837,-0.4881166390211256,-0.3432410955429077
248624665950977536,59,4,0.92,1.0282077619093783,-0.036212172654444715,0.012080878019332886
248624665950977536,86,4,0.92,0.9187629213237136,-0.036212172654444715,-0.03679654002189636
249859692385393408,59,1,2.529,3.3018400571833433,0.40294882934440474,0.5187560319900513
249859692385393408,86,1,2.529,3.0197404794114826,0.40294882934440474,0.4799696207046509
249584539600350720,59,1,2.413,8.459666898100128,0.3825573219087858,0.9273532629013062
249584539600350720,86,1,2.413,1.9490800281836889,0.3825573219087858,0.28982967138290405
251365954596999296,59,0,2.821,2.6053324954385655,0.4504030861553663,0.41586315631866455
251365954596999296,86,0,2.821,2.2387326298510555,0.4504030861553663,0.3500022292137146
251179484294840960,59,2,3.592,4.653907122060424,0.5553363279952668,0.6678177118301392
251179484294840960,86,2,3.592,3.9435257478971826,0.5553363279952668,0.5958846807479858
3492638237986110080,10,2,3.067,1.7997209999177755,0.4867137759824855,0.2552051842212677
3492638237986110080,36,2,3.067,4.18268647245684,0.4867137759824855,0.6214553117752075
250324854522686848,59,4,1.817,1.5341053342482212,0.2593549273080343,0.1858551800251007
250324854522686848,86,4,1.817,2.213508733967563,0.2593549273080343,0.34508123993873596
251087228398581120,59,4,0.907,0.8236647379696519,-0.04239271293990473,-0.08424952626228333
251087228398581120,86,4,0.907,0.8635705710283487,-0.04239271293990473,-0.06370216608047485
3485098646237003392,9,0,4.6292,4.251839038639324,0.6655059444509955,0.6285768151283264
3485098646237003392,36,0,4.6292,4.953909599750654,0.6655059444509955,0.6949480772018433
3485098646237003392,63,0,4.6292,4.940784585837209,0.6655059444509955,0.693795919418335
3485098646237003392,90,0,4.6292,4.638976032038724,0.6655059444509955,0.6664221286773682
3383405537340380416,71,4,7.89,5.5762623157953515,0.8970770032094203,0.746343195438385
3383405537340380416,72,4,7.89,6.940265204213848,0.8970770032094203,0.8413760662078857
3314326829537259648,43,4,4.069,4.5269308358725935,0.6094876898532853,0.6558038592338562
3314326829537259648,44,4,4.069,4.3810270281056845,0.6094876898532853,0.6415759325027466
1905055700744817024,16,4,14.75,9.803324086747045,1.1687920203141817,0.9913733601570129
248045876155738240,86,3,0.931,1.180880202064481,-0.031050319018657353,0.07220584154129028
248334085642021888,59,3,0.15,0.35882094681389387,-0.8239087409443188,-0.44512221217155457
248334085642021888,86,3,0.15,0.4330008665350749,-0.8239087409443188,-0.36351123452186584
244858082709373312,59,3,5.636,5.443537378349451,0.7509709844373188,0.7358812093734741
244858082709373312,86,3,5.636,4.384068721243295,0.7509709844373188,0.6418773531913757
245261878355732096,59,1,1.457,5.69593842365106,0.16345955176999016,0.7555652856826782
245261878355732096,86,1,1.457,1.0994467584342824,0.16345955176999016,0.04117420315742493
244961093205959424,59,4,1.857,4.014969769100993,0.2688119037397804,0.603682279586792
244961093205959424,86,4,1.857,3.1581048434394337,0.2688119037397804,0.49942654371261597
245406807732412160,59,2,7.848,6.68874106309208,0.8947589943718921,0.8253443837165833
245406807732412160,86,2,7.848,7.860703948383681,0.8947589943718921,0.8954614400863647
3392664627834274688,5,0,2.052,2.3010747557362516,0.3121773564397787,0.3619307279586792
3392664627834274688,32,0,2.052,1.5853144835007502,0.3121773564397787,0.20011542737483978
3392664627834274688,43,0,2.052,3.9025879674305,0.3121773564397787,0.5913527011871338
3392664627834274688,44,0,2.052,2.207495597286455,0.3121773564397787,0.34389984607696533
3392664627834274688,71,0,2.052,3.2743998516407746,0.3121773564397787,0.5151317119598389
2433191886212246784,2,2,5.6555,5.75018820243355,0.7524710067224339,0.7596820592880249
2433191886212246784,29,2,5.6555,5.406623531713845,0.7524710067224339,0.7329261302947998
2433191886212246784,42,2,5.6555,7.575377966046618,0.7524710067224339,0.8794043064117432
2433191886212246784,69,2,5.6555,4.320404917614276,0.7524710067224339,0.6355244517326355
2433191886212246784,70,2,5.6555,5.8527210606688005,0.7524710067224339,0.7673578262329102
2433191886212246784,92,2,5.6555,5.6091964684557505,0.7524710067224339,0.7489006519317627
2433191886212246784,96,2,5.6555,6.039355582874159,0.7524710067224339,0.7809906005859375
2432393434611921408,2,4,4.2,19.864148530640506,0.6232492903979004,1.298069953918457
2432393434611921408,29,4,4.2,0.3658594347429674,0.6232492903979004,-0.4366857409477234
2432393434611921408,42,4,4.2,5.761513070742186,0.6232492903979004,0.7605365514755249
2432393434611921408,69,4,4.2,0.5645376240514521,0.6232492903979004,-0.24830710887908936
2432393434611921408,92,4,4.2,6.256993991269042,0.6232492903979004,0.7963657379150391
2432393434611921408,96,4,4.2,1.7035854506541102,0.6232492903979004,0.2313639223575592
3311514210073309056,5,0,9.698,8.321646986563168,0.9866821797795056,0.9202092885971069
3311514210073309056,32,0,9.698,8.569573321190553,0.9866821797795056,0.9329591989517212
3311514210073309056,44,0,9.698,6.362883262395137,0.9866821797795056,0.8036539554595947
3311514210073309056,70,0,9.698,5.20692526875153,0.9866821797795056,0.7165813446044922
3311514210073309056,71,0,9.698,8.848671561952075,0.9866821797795056,0.9468780755996704
3311492803955469696,5,4,13.91,7.216166199718746,1.1433271299920464,0.8583065271377563
3311492803955469696,44,4,13.91,10.343715594362223,1.1433271299920464,1.014676570892334
3311492803955469696,70,4,13.91,9.03394832648806,1.1433271299920464,0.9558776021003723
3311492803955469696,71,4,13.91,10.01885872179351,1.1433271299920464,1.0008182525634766
2207738916728293888,17,4,2.835,2.8808214792700464,0.45255306322892536,0.45951634645462036
2207738916728293888,18,4,2.835,2.962621300803706,0.45255306322892536,0.47167614102363586
2207738916728293888,24,4,2.835,2.487407709990306,0.45255306322892536,0.39574697613716125
2207738916728293888,57,4,2.835,2.763660110169392,0.45255306322892536,0.44148463010787964
2207738916728293888,58,4,2.835,2.702715520743075,0.45255306322892536,0.43180033564567566
44388010264995200,42,4,0.312,0.4445947789770744,-0.5058454059815573,-0.35203564167022705
44388010264995200,43,4,0.312,0.4326016114462277,-0.5058454059815573,-0.36391186714172363
44388010264995200,44,4,0.312,0.3410995922978378,-0.5058454059815573,-0.4671187996864319
44388010264995200,70,4,0.312,0.4598609842394333,-0.5058454059815573,-0.33737343549728394
44388010264995200,71,4,0.312,0.605969707651291,-0.5058454059815573,-0.21754908561706543
3311906770084019712,5,2,2.38,3.0754360046140583,0.37657695705651195,0.48790669441223145
3311906770084019712,32,2,2.38,3.2612608297750287,0.37657695705651195,0.513385534286499
3311906770084019712,43,2,2.38,1.5023969016628542,0.37657695705651195,0.1767846792936325
3311906770084019712,44,2,2.38,1.9784805859838055,0.37657695705651195,0.2963317930698395
3311906770084019712,70,2,2.38,2.5843798535081106,0.37657695705651195,0.41235634684562683
3311906770084019712,71,2,2.38,2.8398705166381477,0.37657695705651195,0.45329853892326355
3311906770084019712,98,2,2.38,1.9724386482011809,0.37657695705651195,0.2950035035610199
3311934086075988864,5,1,3.67,7.458224022890585,0.5646660642520893,0.8726354241371155
3311934086075988864,43,1,3.67,8.805956484789217,0.5646660642520893,0.9447765350341797
3311934086075988864,44,1,3.67,7.213259026732552,0.5646660642520893,0.8581315279006958
3311934086075988864,70,1,3.67,3.9625317099998996,0.5646660642520893,0.5979727506637573
3311934086075988864,71,1,3.67,7.053914906085384,0.5646660642520893,0.8484302163124084
3312281669189449472,43,4,12.64,12.338478972450286,1.1017470739463662,1.091261625289917
3312281669189449472,44,4,12.64,7.205320772003645,1.1017470739463662,0.8576533198356628
3312281669189449472,70,4,12.64,8.357821535026673,1.1017470739463662,0.9220930933952332
3312281669189449472,71,4,12.64,7.000403166811674,1.1017470739463662,0.8451230525970459
47345009348203392,43,4,8.96,7.279074482642155,0.9523080096621253,0.8620761632919312
47345009348203392,44,4,8.96,8.036857701943108,0.9523080096621253,0.9050862789154053
47345009348203392,70,4,8.96,7.647004351088892,0.9523080096621253,0.8834913372993469
3310702770492165120,32,0,18.763,31.34176378451889,1.2733022785676564,1.4961234331130981
3310702770492165120,43,0,18.763,40.097691789636976,1.2733022785676564,1.6031193733215332
3310702770492165120,44,0,18.763,21.22130531918614,1.2733022785676564,1.3267720937728882
3310702770492165120,70,0,18.763,25.47644915269084,1.2733022785676564,1.4061388969421387
3310702770492165120,71,0,18.763,29.518502608439952,1.2733022785676564,1.4700943231582642
3311120722349948672,32,3,1.395,5.30511337072553,0.14457420760961637,0.7246946692466736
3311120722349948672,43,3,1.395,1.2654465638822614,0.14457420760961637,0.1022438108921051
3311120722349948672,44,3,1.395,3.1178090685446977,0.14457420760961637,0.493849515914917
3311120722349948672,70,3,1.395,1.0056161905634862,0.14457420760961637,0.0024322569370269775
3311102820926310784,32,2,3.6475,5.684505273101849,0.5619953005654892,0.7546926736831665
3311102820926310784,43,2,3.6475,4.525021991012235,0.5619953005654892,0.6556206941604614
3311102820926310784,44,2,3.6475,5.655532899963599,0.5619953005654892,0.7524735331535339
3311102820926310784,70,2,3.6475,3.844328656418959,0.5619953005654892,0.5848205089569092
3311148828615843328,5,4,10.01,8.452463360437351,1.0004340774793186,0.9269832968711853
3311148828615843328,32,4,10.01,8.563725251433626,1.0004340774793186,0.9326627254486084
3311148828615843328,43,4,10.01,8.378715054881987,1.0004340774793186,0.9231774210929871
3311148828615843328,44,4,10.01,8.451283665450294,1.0004340774793186,0.9269226789474487
3311148828615843328,70,4,10.01,8.50740859684626,1.0004340774793186,0.9297972917556763
3409290995993067648,43,0,12.22,4.865015160843087,1.0870712059065355,0.6870841979980469
3409290995993067648,44,0,12.22,1.807893787369172,1.0870712059065355,0.25717291235923767
3409290995993067648,70,0,12.22,0.944298519872863,1.0870712059065355,-0.02489069104194641
3409290995993067648,71,0,12.22,7.759358557154979,1.0870712059065355,0.8898258209228516
3308851433430549632,5,0,0.474,0.38963084476472065,-0.324221658325915,-0.40934666991233826
3308851433430549632,43,0,0.474,0.9155630982070508,-0.324221658325915,-0.03831171989440918
3308851433430549632,44,0,0.474,2.8750180485290007,-0.324221658325915,0.45864057540893555
3308851433430549632,70,0,0.474,0.6867927918316907,-0.324221658325915,-0.16317427158355713
3308851433430549632,71,0,0.474,2.1995490167233127,-0.324221658325915,0.3423336446285248
3406128761895775872,43,2,2.177,1.4911085314479218,0.33785842904109437,0.17350925505161285
3406128761895775872,44,2,2.177,1.384047502823414,0.33785842904109437,0.14115099608898163
3405952363294872960,43,0,1.24,3.389811640219445,0.09342168516223506,0.5301755666732788
3405952363294872960,44,0,1.24,5.096696138988872,0.09342168516223506,0.7072887420654297
3406087053469332352,43,3,0.786,0.3859019310986852,-0.10457745396059209,-0.4135230481624603
3406087053469332352,44,3,0.786,1.2018399480394824,-0.10457745396059209,0.07984663546085358
3405909374965722368,5,2,15.9145,8.277171727192199,1.201792998555384,0.917881965637207
3405909374965722368,43,2,15.9145,10.760172268299629,1.201792998555384,1.031819224357605
3405909374965722368,44,2,15.9145,13.803459506622351,1.201792998555384,1.1399879455566406
3405909374965722368,70,2,15.9145,22.19935205575831,1.201792998555384,1.346340298652649
3405909374965722368,71,2,15.9145,12.737950557392049,1.201792998555384,1.1050995588302612
3308501926171656832,5,2,2.45,6.2567252115224585,0.3891660843645325,0.7963470816612244
3308501926171656832,32,2,2.45,1.5281373589438196,0.3891660843645325,0.18416239321231842
3308501926171656832,43,2,2.45,2.5104567055845046,0.3891660843645325,0.39975273609161377
3308501926171656832,44,2,2.45,8.123232520145459,0.3891660843645325,0.9097288846969604
3308501926171656832,70,2,2.45,1.4249656374890398,0.3891660843645325,0.15380439162254333
3308501926171656832,71,2,2.45,2.250279427107369,0.3891660843645325,0.35223644971847534
3406094750050845696,43,2,1.4315,1.705597856351206,0.15579135235761743,0.23187664151191711
3406094750050845696,44,2,1.4315,1.8130819216218832,0.15579135235761743,0.25841742753982544
3406094750050845696,70,2,1.4315,1.2424613290362014,0.15579135235761743,0.09428288042545319
3406094750050845696,71,2,1.4315,1.411818659240246,0.15579135235761743,0.14977891743183136
3405988677241799040,5,0,12.1,9.92782939169675,1.08278537031645,0.996854305267334
3405988677241799040,32,0,12.1,8.068395101811467,1.08278537031645,0.9067871570587158
3405988677241799040,43,0,12.1,8.42362610119799,1.08278537031645,0.9254990816116333
3405988677241799040,44,0,12.1,10.30816139211556,1.08278537031645,1.013181209564209
3405988677241799040,70,0,12.1,7.384292679263156,1.08278537031645,0.8683089017868042
3405988677241799040,71,0,12.1,9.780240427506904,1.08278537031645,0.990349531173706
3406444051151221504,43,2,4.631,4.355475574329241,0.6656747809938933,0.6390355825424194
3406444051151221504,44,2,4.631,4.9633072159603,0.6656747809938933,0.6957711577415466
3406444051151221504,71,2,4.631,5.204633261989202,0.6656747809938933,0.7163901329040527
3406417903390509056,43,3,0.382,0.621797011482809,-0.41793663708829126,-0.2063513696193695
3406417903390509056,44,3,0.382,1.2259456976115632,-0.41793663708829126,0.08847123384475708
3406417903390509056,71,3,0.382,0.5031970534018823,-0.41793663708829126,-0.2982619106769562
3404930023639393920,43,2,5.672,5.1794009538550965,0.7537362221750101,0.7142795324325562
3404930023639393920,44,2,5.672,5.672418506379633,0.7537362221750101,0.753768265247345
3405307396646220416,43,4,7.604,9.515312568280597,0.8810421081934056,0.9784230589866638
3405307396646220416,44,4,7.604,8.966050783732882,0.8810421081934056,0.9526011943817139
3405307396646220416,71,4,7.604,5.731137380062254,0.8810421081934056,0.758240818977356
607223477036452608,44,3,10.045,10.099403102294412,1.001949941084268,1.0042957067489624
607223477036452608,45,3,10.045,8.107314398478454,1.001949941084268,0.9088770151138306
607223477036452608,46,3,10.045,3.6432551045437145,1.001949941084268,0.5614895820617676
6240862122778320768,91,2,0.389,1.3140676635532467,-0.41005039867429227,0.11861772835254669
6247726545668907776,91,2,1.38,1.527418315488567,0.13987908640123647,0.1839579939842224
2855743172658367360,17,0,29.84,50.99364710802559,1.4747988188006311,1.707516074180603
6070093879497533824,11,3,1.383,1.2665440634657634,0.14082218010931058,0.10262030363082886
6070093879497533824,38,3,1.383,1.5170256230654557,0.14082218010931058,0.18099291622638702
2497858563088120448,4,2,1.06,1.3604550686260584,0.02530586526477026,0.1336842030286789
2497858563088120448,31,2,1.06,1.22574683676803,0.02530586526477026,0.08840078115463257
65019963707009024,70,3,0.2769,0.6104368552478688,-0.5576770442544255,-0.21435925364494324
65019963707009024,71,3,0.2769,0.7993345542441586,-0.5576770442544255,-0.09727141261100769
65018417518780672,42,2,0.485667,0.49463654208161323,-0.3136614048753189,-0.30571380257606506
65018417518780672,43,2,0.485667,0.4319318467934631,-0.3136614048753189,-0.3645847737789154
65018417518780672,44,2,0.485667,0.4633270795182176,-0.3136614048753189,-0.3341123163700104
65017906418989312,42,1,0.5326,0.6546799072319756,-0.2735988378970776,-0.18397098779678345
65017906418989312,43,1,0.5326,0.5066138346282449,-0.2735988378970776,-0.2953229546546936
65017906418989312,44,1,0.5326,0.8552121482155014,-0.2735988378970776,-0.06792613863945007
65017906418989312,70,1,0.5326,0.4985370742761699,-0.2735988378970776,-0.3023025393486023
65017906418989312,71,1,0.5326,0.4848070523012741,-0.2735988378970776,-0.3144310712814331
65011412428446592,42,1,0.8446,0.951634561249341,-0.0733489229111111,-0.021529793739318848
65011412428446592,43,1,0.8446,1.115082230825945,-0.0733489229111111,0.04730689525604248
65011412428446592,44,1,0.8446,1.8354010381025907,-0.0733489229111111,0.2637309730052948
65011412428446592,70,1,0.8446,0.9954965338925821,-0.0733489229111111,-0.001960247755050659
65011412428446592,71,1,0.8446,2.5646956293221925,-0.0733489229111111,0.4090358316898346
65010519075247616,42,3,0.6804,0.5669520465869334,-0.1672356950594686,-0.2464536726474762
65010239900405504,42,3,8.471733,5.591736176913564,0.9279722598409387,0.7475466728210449
65010239900405504,43,3,8.471733,6.481256613375256,0.9279722598409387,0.8116592168807983
65010239900405504,44,3,8.471733,4.727305988976907,0.9279722598409387,0.6746137142181396
65010239900405504,70,3,8.471733,7.73202529786934,0.9279722598409387,0.8882932662963867
65010239900405504,71,3,8.471733,6.622946395179852,0.9279722598409387,0.8210512399673462
65007083101413888,42,1,0.059,0.10387546717079402,-1.2291479883578558,-0.9834870100021362
65007083101413888,43,1,0.059,0.08630827597879881,-1.2291479883578558,-1.0639475584030151
65007083101413888,44,1,0.059,0.08404336749443883,-1.2291479883578558,-1.0754965543746948
65007083101413888,70,1,0.059,0.09104746422172653,-1.2291479883578558,-1.0407321453094482
65007083101413888,71,1,0.059,0.08002123975360388,-1.2291479883578558,-1.0967947244644165
65005846150835200,42,1,0.4291,1.6373938531079393,-0.36744148546732813,0.21415315568447113
65005846150835200,43,1,0.4291,0.5333855481673471,-0.36744148546732813,-0.27295875549316406
64993579724240896,42,0,0.30795,0.5154860107429861,-0.5115197915737268,-0.28778311610221863
64993579724240896,43,0,0.30795,0.5954162121879707,-0.5115197915737268,-0.22517934441566467
64993579724240896,44,0,0.30795,0.4346410034009106,-0.5115197915737268,-0.36186930537223816
64993579724240896,70,0,0.30795,0.5372432100826449,-0.5115197915737268,-0.26982906460762024
64993579724240896,71,0,0.30795,0.38603218914476717,-0.5115197915737268,-0.41337648034095764
64990792288875264,42,1,0.281933,0.5807690386255916,-0.549854087380924,-0.2359965443611145
64990792288875264,43,1,0.281933,0.5161680808557444,-0.549854087380924,-0.2872088551521301
64990792288875264,44,1,0.281933,0.48936330715188,-0.549854087380924,-0.3103685975074768
64990792288875264,70,1,0.281933,0.5137682583186575,-0.549854087380924,-0.2892327308654785
64990792288875264,71,1,0.281933,1.035988065834912,-0.549854087380924,0.015354752540588379
64990349908937984,42,3,0.5572,0.43654760101476464,-0.2539888922480741,-0.3599683940410614
64990349908937984,43,3,0.5572,0.8238011929868487,-0.2539888922480741,-0.08417758345603943
64990349908937984,44,3,0.5572,0.7706488348563153,-0.2539888922480741,-0.11314347386360168
64990349908937984,70,3,0.5572,0.5997156324317495,-0.2539888922480741,-0.2220546305179596
64990349908937984,71,3,0.5572,0.48590426001838055,-0.2539888922480741,-0.31344929337501526
64967569402404480,42,1,0.881533,0.7430509410609353,-0.05476142533896767,-0.12898141145706177
64967569402404480,43,1,0.881533,0.6378411497806316,-0.05476142533896767,-0.19528746604919434
64967569402404480,44,1,0.881533,0.5796873800269913,-0.05476142533896767,-0.23680615425109863
64967569402404480,70,1,0.881533,0.5297832284669037,-0.05476142533896767,-0.27590179443359375
64967569402404480,71,1,0.881533,0.6872472691508946,-0.05476142533896767,-0.16288697719573975
64967603762044928,42,3,0.473933,0.4340705065543819,-0.3242830502815404,-0.36243972182273865
64967603762044928,43,3,0.473933,0.41729381079749067,-0.3242830502815404,-0.3795580565929413
64967603762044928,44,3,0.473933,0.5012164200904128,-0.3242830502815404,-0.2999747097492218
64963377514329984,42,4,0.36885,0.5656932547832841,-0.43315021220560157,-0.24741899967193604
64963377514329984,43,4,0.36885,0.3961229978708443,-0.43315021220560157,-0.40216994285583496
64963377514329984,44,4,0.36885,0.5012800886593503,-0.43315021220560157,-0.2999195456504822
64963377514329984,70,4,0.36885,0.4252440130059979,-0.43315021220560157,-0.37136179208755493
64963377514329984,71,4,0.36885,0.45161833614549796,-0.43315021220560157,-0.3452284336090088
64962892180951936,42,4,11.787,14.893115368158552,1.0714032835314686,1.172985553741455
64962892180951936,43,4,11.787,18.905055188989568,1.0714032835314686,1.2765779495239258
64962892180951936,44,4,11.787,15.490710739791158,1.0714032835314686,1.1900713443756104
64962174923490304,42,1,1.2512,0.6840925589141162,0.09732673571577281,-0.16488513350486755
64962174923490304,43,1,1.2512,0.7155999737773281,0.09732673571577281,-0.14532968401908875
64962174923490304,44,1,1.2512,1.0136756450276996,0.09732673571577281,0.005899012088775635
64959662365552384,42,4,0.388933,0.49325688220700004,-0.41012520648000167,-0.3069268465042114
64959662365552384,43,4,0.388933,0.3887563649728554,-0.41012520648000167,-0.41032248735427856
64959662365552384,44,4,0.388933,0.39733803052452027,-0.41012520648000167,-0.4008398652076721
64959662365552384,70,4,0.388933,0.25057883045944346,-0.41012520648000167,-0.6010556221008301
64959662365552384,71,4,0.388933,0.4108322309255645,-0.41012520648000167,-0.38633549213409424
64912009705490304,42,2,1.6639,1.0888654593411444,0.2211272217424371,0.0369742214679718
64912009705490304,43,2,1.6639,0.8099810577622396,0.2211272217424371,-0.091525137424469
64912009705490304,44,2,1.6639,0.859346905839828,0.2211272217424371,-0.06583148241043091
64912009705490304,70,2,1.6639,0.8886108949719611,0.2211272217424371,-0.05128836631774902
64912009705490304,71,2,1.6639,0.7210823587131758,0.2211272217424371,-0.14201512932777405
64884899871954176,42,3,1.712,1.159119759988384,0.2335037603411344,0.06412830948829651
64884899871954176,43,3,1.712,0.9396583536868934,0.2335037603411344,-0.02703002095222473
64884899871954176,70,3,1.712,1.8597963321378084,0.2335037603411344,0.2694653868675232
64884899871954176,71,3,1.712,1.8023415006313437,0.2335037603411344,0.255837082862854
64884624994048256,42,2,0.696733,0.6695703543156161,-0.15693361909296857,-0.1742037832736969
64884624994048256,43,2,0.696733,0.6033863088651436,-0.15693361909296857,-0.21940454840660095
64884624994048256,44,2,0.696733,0.6418652839666344,-0.15693361909296857,-0.19255611300468445
64884624994048256,70,2,0.696733,0.6965424232350901,-0.15693361909296857,-0.1570524275302887
64884624994048256,71,2,0.696733,0.9266240487935441,-0.15693361909296857,-0.03309643268585205
64006905476619776,42,1,4.947,4.866008796730355,0.6943419103641812,0.6871728897094727
64006905476619776,43,1,4.947,3.6655890701629965,0.6943419103641812,0.5641437768936157
64006905476619776,44,1,4.947,4.325252653968276,0.6943419103641812,0.6360114812850952
64006905476619776,70,1,4.947,4.715508070217179,0.6943419103641812,0.6735284924507141
64006905476619776,71,1,4.947,5.718405199470242,0.6943419103641812,0.7572749257087708
63916431989200256,42,1,7.555267,6.138752107600823,0.8782498167329812,0.788080096244812
63916431989200256,43,1,7.555267,4.8497448888064945,0.8782498167329812,0.6857188940048218
63916431989200256,44,1,7.555267,7.360191585418516,0.8782498167329812,0.8668891191482544
63916431989200256,70,1,7.555267,5.4532538183559875,0.8782498167329812,0.7366557121276855
63916431989200256,71,1,7.555267,5.6183372052868,0.8782498167329812,0.7496078014373779
63327682168301952,42,2,0.5593,0.46978612185846275,-0.2523551806717518,-0.3280998170375824
63327682168301952,43,2,0.5593,0.5879918424982961,-0.2523551806717518,-0.23062869906425476
63327682168301952,44,2,0.5593,0.6248350311725769,-0.2523551806717518,-0.20423462986946106
63327682168301952,70,2,0.5593,0.5941391094325118,-0.2523551806717518,-0.22611185908317566
63327682168301952,71,2,0.5593,0.47240459304184146,-0.2523551806717518,-0.32568588852882385
63923205154013312,42,3,0.219,0.4006730639216737,-0.6595558851598816,-0.39720985293388367
63923205154013312,43,3,0.219,0.314923237961377,-0.6595558851598816,-0.5017952919006348
63923205154013312,44,3,0.219,0.33635594843459166,-0.6595558851598816,-0.47320088744163513
63923205154013312,70,3,0.219,0.4690471031413544,-0.6595558851598816,-0.3287835419178009
63923205154013312,71,3,0.219,0.45370870689885,-0.6595558851598816,-0.34322288632392883
64894623677888640,42,0,0.5169,0.6464700283506946,-0.28659346783230905,-0.18945160508155823
64894623677888640,43,0,0.5169,0.8006340717212992,-0.28659346783230905,-0.09656593203544617
64894623677888640,44,0,0.5169,0.5218773246154693,-0.28659346783230905,-0.28243157267570496
64894623677888640,70,0,0.5169,0.5871608291245353,-0.28659346783230905,-0.23124292492866516
64894623677888640,71,0,0.5169,0.5660671685672717,-0.28659346783230905,-0.24713203310966492
64900739711320960,42,4,0.45705,0.44526062069013767,-0.34003628672164515,-0.3513857126235962
64900739711320960,43,4,0.45705,0.46761121668043365,-0.34003628672164515,-0.33011507987976074
64900739711320960,44,4,0.45705,0.4478139881435494,-0.34003628672164515,-0.3489023447036743
64900739711320960,70,4,0.45705,0.45712385093076774,-0.34003628672164515,-0.3399661183357239
64900739711320960,71,4,0.45705,0.4664993871666055,-0.34003628672164515,-0.3311489224433899
64895139073954944,42,0,1.562,1.5500119635534542,0.19368102954128152,0.19033505022525787
64895139073954944,43,0,1.562,1.57776732951059,0.19368102954128152,0.19804295897483826
64895139073954944,44,0,1.562,1.4507754649522866,0.19368102954128152,0.16160020232200623
64913452814489216,42,1,5.138067,11.319519736080808,0.7107997631340196,1.0538280010223389
64913452814489216,43,1,5.138067,7.228696472824924,0.7107997631340196,0.8590599894523621
64913452814489216,44,1,5.138067,10.478145246785665,0.7107997631340196,1.0202844142913818
64913452814489216,70,1,5.138067,7.819883414627278,0.7107997631340196,0.8932002782821655
64913452814489216,71,1,5.138067,6.972587635837402,0.7107997631340196,0.8433939814567566
64938569783224960,42,0,1.36631,1.2448495556323098,0.1355492469407483,0.09511686861515045
64938569783224960,43,0,1.36631,2.9243772663281606,0.1355492469407483,0.466033399105072
64938569783224960,44,0,1.36631,1.209764949623391,0.1355492469407483,0.08270099759101868
64938569783224960,70,0,1.36631,1.0581201877620943,0.1355492469407483,0.024535000324249268
64938569783224960,71,0,1.36631,0.6844663357213246,0.1355492469407483,-0.1646479070186615
64986325522809728,42,2,0.238,0.3854959713748388,-0.623423042943488,-0.4139801561832428
64986325522809728,43,2,0.238,0.463893114665551,-0.623423042943488,-0.3335820734500885
64986325522809728,44,2,0.238,0.38830633801446823,-0.623423042943488,-0.4108255207538605
64986325522809728,70,2,0.238,0.5642781649874985,-0.623423042943488,-0.24850675463676453
64986325522809728,71,2,0.238,0.5652185785362555,-0.623423042943488,-0.2477835714817047
64990586130069504,42,2,8.427733,6.9969337302931685,0.9257107682194671,0.8449077606201172
64990586130069504,43,2,8.427733,7.705837376976654,0.9257107682194671,0.8868198394775391
64990586130069504,44,2,8.427733,6.354259433631162,0.9257107682194671,0.8030649423599243
64990586130069504,70,2,8.427733,7.947597991529475,0.9257107682194671,0.9002358913421631
64990586130069504,71,2,8.427733,7.608411828332641,0.9257107682194671,0.8812940120697021
65011962184337664,42,0,0.94,0.483984253270537,-0.026872146400301365,-0.3151687681674957
65011962184337664,43,0,0.94,0.6669106948977885,-0.026872146400301365,-0.17593231797218323
65011962184337664,44,0,0.94,0.5488558439492954,-0.026872146400301365,-0.260541707277298
65012408860856832,42,3,0.4459,0.5590721334210687,-0.35076252765039273,-0.25253215432167053
65012408860856832,43,3,0.4459,0.4567759451320261,-0.35076252765039273,-0.34029677510261536
65012408860856832,44,3,0.4459,0.40209995692131206,-0.35076252765039273,-0.3956659734249115
65012408860856832,70,3,0.4459,0.4468015646491851,-0.35076252765039273,-0.34988531470298767
65012408860856832,71,3,0.4459,0.6289622859898407,-0.35076252765039273,-0.20137539505958557
65013474012743936,42,2,0.7815,0.8966367039001772,-0.1070710176447943,-0.04738348722457886
65013474012743936,43,2,0.7815,0.9337516538445941,-0.1070710176447943,-0.02976861596107483
65013474012743936,44,2,0.7815,0.9357349310978885,-0.1070710176447943,-0.028847157955169678
65013474012743936,70,2,0.7815,0.8107390061511606,-0.1070710176447943,-0.09111893177032471
65013474012743936,71,2,0.7815,0.5716600787897804,-0.1070710176447943,-0.24286213517189026
66521179334108928,42,0,0.620667,0.6601289891231059,-0.20714134483354096,-0.18037119507789612
66521179334108928,43,0,0.620667,0.442009868387217,-0.20714134483354096,-0.3545680344104767
66521179334108928,44,0,0.620667,0.5467893650863428,-0.20714134483354096,-0.2621799409389496
66521179334108928,70,0,0.620667,0.47081473084244513,-0.20714134483354096,-0.3271499574184418
66521179334108928,71,0,0.620667,0.468869399480042,-0.20714134483354096,-0.32894811034202576
66517468482370176,42,1,3.816067,8.12644286839535,0.5816159911564932,0.9099004864692688
66517468482370176,43,1,3.816067,3.339581691275029,0.5816159911564932,0.5236920714378357
66517468482370304,42,3,3.8162,3.731402645763198,0.5816311272008949,0.5718721151351929
66517468482370304,43,3,3.8162,4.004236781546025,0.5816311272008949,0.6025197505950928
66517468482370304,44,3,3.8162,4.2090400554031815,0.5816311272008949,0.6241830587387085
66517468482370304,70,3,3.8162,3.5224326197175415,0.5816311272008949,0.5468426942825317
66517468482370304,71,3,3.8162,2.991666011319313,0.5816311272008949,0.4759131073951721
65014985841292032,42,3,0.491333,0.48655176294364083,-0.3086240658334203,-0.31287094950675964
65014985841292032,43,3,0.491333,0.8330727654921185,-0.3086240658334203,-0.07931706309318542
65014985841292032,44,3,0.491333,1.1338106831596935,-0.3086240658334203,0.054540544748306274
65014195567317504,42,4,0.5148334999999999,0.6640620212409143,-0.28833320148834013,-0.17779135704040527
65014195567317504,43,4,0.5148334999999999,0.6394560342034837,-0.28833320148834013,-0.19418931007385254
65014195567317504,44,4,0.5148334999999999,0.5701534504362229,-0.28833320148834013,-0.24400824308395386
65000863988835200,42,0,0.7511,0.6164828728316154,-0.1243022380197921,-0.21007898449897766
65000863988835200,43,0,0.7511,0.6292121508454052,-0.1243022380197921,-0.2012028992176056
65000863988835200,44,0,0.7511,0.481309722656494,-0.1243022380197921,-0.3175753653049469
65000863988835200,70,0,0.7511,0.528294732601841,-0.1243022380197921,-0.27712371945381165
65000863988835200,71,0,0.7511,0.513104992575756,-0.1243022380197921,-0.2897937595844269
64999588381514496,42,1,2.450933,2.1679990795194595,0.3893314393108297,0.3360590934753418
64999588381514496,43,1,2.450933,2.0860208846857677,0.3893314393108297,0.31931865215301514
64999588381514496,44,1,2.450933,2.465000622516206,0.3893314393108297,0.39181703329086304
64999588381514496,70,1,2.450933,2.1301685249083593,0.3893314393108297,0.3284139633178711
64999588381514496,71,1,2.450933,2.425578837546535,0.3893314393108297,0.38481539487838745
64999558318784768,42,3,1.83,0.7716108086238693,0.26245108973042947,-0.11260169744491577
64999558318784768,43,3,1.83,0.9171354010849586,0.26245108973042947,-0.037566542625427246
64999558318784768,44,3,1.83,0.8956685704239552,0.26245108973042947,-0.047852665185928345
64998905483757568,42,3,1.033,0.8409786265643538,0.014100321519620545,-0.07521504163742065
64998905483757568,43,3,1.033,1.1290254668984323,0.014100321519620545,0.05270373821258545
64998905483757568,44,3,1.033,0.8896567440828618,0.014100321519620545,-0.05077752470970154
64998905483757568,70,3,1.033,0.7402706270061624,0.014100321519620545,-0.13060948252677917
64998905483757568,71,3,1.033,0.810707739972408,0.014100321519620545,-0.09113568067550659
64988803720689408,42,4,0.257067,0.4625860634762996,-0.5899536706840681,-0.33480745553970337
64988803720689408,43,4,0.257067,0.33659961621609547,-0.5899536706840681,-0.4728863835334778
64988803720689408,44,4,0.257067,0.40180015979765965,-0.5899536706840681,-0.39598989486694336
64988803720689408,70,4,0.257067,0.3465429063104894,-0.5899536706840681,-0.46024298667907715
64988803720689408,71,4,0.257067,0.403585185357078,-0.5899536706840681,-0.3940647840499878
64988322684358144,42,0,0.293,0.7052104283315814,-0.5331323796458906,-0.15168127417564392
64988322684358144,43,0,0.293,0.6596877371214581,-0.5331323796458906,-0.18066158890724182
64988322684358144,44,0,0.293,0.6787081115366093,-0.5331323796458906,-0.16831696033477783
64988322684358144,70,0,0.293,0.5821377523147463,-0.5331323796458906,-0.2349742352962494
64988322684358144,71,0,0.293,0.4084217009644958,-0.5331323796458906,-0.38889119029045105
64987876007763968,42,1,0.699267,1.3433209981644259,-0.1553569666204368,0.12817980349063873
64987876007763968,43,1,0.699267,0.633397047930827,-0.1553569666204368,-0.19832396507263184
64987876007763968,44,1,0.699267,1.0821415810690198,-0.1553569666204368,0.0342840850353241
64987876007763968,70,1,0.699267,0.7425982374848092,-0.1553569666204368,-0.1292460858821869
64987876007763968,71,1,0.699267,0.7917936100864966,-0.1553569666204368,-0.10138800740242004
64941211186036352,42,4,2.884,3.5951053967915843,0.4599952560473914,0.5557116270065308
64941211186036352,43,4,2.884,3.352924430032052,0.4599952560473914,0.5254237651824951
64941211186036352,44,4,2.884,3.15502680038379,0.4599952560473914,0.4990030527114868
64941211186036352,70,4,2.884,2.98748194325876,0.4599952560473914,0.4753052890300751
64941211186036352,71,4,2.884,2.73446552598139,0.4599952560473914,0.4368724524974823
64934893291213952,42,2,0.2352,0.30517548370799535,-0.6285626825958991,-0.5154503583908081
64934893291213952,43,2,0.2352,0.290074951402627,-0.6285626825958991,-0.5374897718429565
64934893291213952,44,2,0.2352,0.28449155296921,-0.6285626825958991,-0.5459306240081787
64934893291213952,70,2,0.2352,0.25700449524312796,-0.6285626825958991,-0.5900592803955078
64934893291213952,71,2,0.2352,0.22933157708535176,-0.6285626825958991,-0.6395361423492432
64909153549943296,42,2,0.321333,0.4507532426990832,-0.4930446713300134,-0.3460611402988434
64909153549943296,43,2,0.321333,0.3429968659762456,-0.4930446713300134,-0.4647098481655121
64889126119831040,42,3,1.1389,1.607464359773066,0.056485592951115625,0.20614135265350342
64889126119831040,43,3,1.1389,1.1357964422407874,0.056485592951115625,0.055300503969192505
64889126119831040,44,3,1.1389,1.1811886608452558,0.056485592951115625,0.07231926918029785
64889126119831040,70,3,1.1389,1.1322814507332644,0.056485592951115625,0.05395439267158508
64889126119831040,71,3,1.1389,1.1275661353154711,0.056485592951115625,0.05214202404022217
64131150292139648,42,1,4.155,5.372591736916113,0.6185710281201299,0.7301838397979736
64131150292139648,43,1,4.155,4.6743591745768756,0.6185710281201299,0.6697220802307129
64131150292139648,44,1,4.155,3.793957858093451,0.6185710281201299,0.5790925025939941
64131150292139648,70,1,4.155,4.772525417188547,0.6185710281201299,0.6787482500076294
64131150292139648,71,1,4.155,3.816628426437692,0.6185710281201299,0.5816798806190491
64009448097245440,42,1,0.3991,1.9999587557011436,-0.39891827221597675,0.3010210394859314
64009448097245440,43,1,0.3991,2.0746768942031055,-0.39891827221597675,0.3169504702091217
64009448097245440,70,1,0.3991,0.46863036848342066,-0.39891827221597675,-0.3291695713996887
64009448097245440,71,1,0.3991,0.6367968612274577,-0.39891827221597675,-0.19599908590316772
63953819680971008,42,4,0.7352,0.5275720194157225,-0.13359450162194517,-0.2777182459831238
63953819680971008,43,4,0.7352,0.666666949289304,-0.13359450162194517,-0.17609107494354248
63953819680971008,44,4,0.7352,0.9469858996601842,-0.13359450162194517,-0.023656487464904785
63953819680971008,70,4,0.7352,0.4704316119137769,-0.13359450162194517,-0.327503502368927
63953819680971008,71,4,0.7352,0.6331380482172079,-0.13359450162194517,-0.1985015869140625
50976077779666688,42,4,4.262,3.979364302519222,0.6296134453781831,0.59981369972229
50976077779666688,43,4,4.262,3.7689537699019753,0.6296134453781831,0.5762208104133606
50976077779666688,44,4,4.262,3.8686316045036233,0.6296134453781831,0.5875573754310608
63705433133130368,42,0,0.62355,0.5759758296103519,-0.20512871643810396,-0.23959574103355408
63705433133130368,43,0,0.62355,0.7827808998493021,-0.20512871643810396,-0.10635977983474731
63705433133130368,44,0,0.62355,1.0915596980137168,-0.20512871643810396,0.03804749250411987
63705433133130368,70,0,0.62355,0.7450255445201298,-0.20512871643810396,-0.12782883644104004
63705433133130368,71,0,0.62355,1.5080959641637643,-0.20512871643810396,0.17842897772789001
63937700667501184,42,4,0.6734,0.393414066927508,-0.1717268879479302,-0.4051501154899597
63937700667501184,43,4,0.6734,0.38667530306878933,-0.1717268879479302,-0.4126535654067993
63937700667501184,44,4,0.6734,0.46722240045710356,-0.1717268879479302,-0.3304763436317444
63937700667501184,70,4,0.6734,0.42064413487294944,-0.1717268879479302,-0.37608516216278076
63937700667501184,71,4,0.6734,0.46220891099932576,-0.1717268879479302,-0.3351616859436035
64891634380723712,42,0,8.613933,3.9561065990805737,0.9352014894554355,0.5972679853439331
64891634380723712,43,0,8.613933,6.076804342308005,0.9352014894554355,0.7836752533912659
64891634380723712,44,0,8.613933,6.33198616848024,0.9352014894554355,0.801539957523346
64891634380723712,70,0,8.613933,7.410911318192864,0.9352014894554355,0.8698716163635254
64891634380723712,71,0,8.613933,4.321075599468395,0.9352014894554355,0.6355918645858765
64896101146708224,42,1,0.36185,0.48779870982368967,-0.44147142303792763,-0.311759352684021
64896101146708224,43,1,0.36185,0.37584353224635775,-0.44147142303792763,-0.4249929189682007
64896101146708224,44,1,0.36185,0.45975666943491844,-0.44147142303792763,-0.33747196197509766
64896101146708224,70,1,0.36185,0.42824252090249487,-0.44147142303792763,-0.36831021308898926
64896101146708224,71,1,0.36185,0.5580360540558575,-0.44147142303792763,-0.2533377408981323
64917094946846848,42,1,1.118467,0.8825655236491364,0.04862317490620505,-0.05425304174423218
64917094946846848,43,1,1.118467,0.6110030046597128,0.04862317490620505,-0.21395665407180786
64917094946846848,44,1,1.118467,0.61865908448823,0.04862317490620505,-0.20854860544204712
64933621980897536,70,4,0.2671,0.41189425146521674,-0.5733261119786272,-0.38521426916122437
64933621980897536,71,4,0.2671,0.43526496549885474,-0.5733261119786272,-0.3612462878227234
64933759417769984,42,3,0.036,0.2268633129027142,-1.4436974992327127,-0.6442357301712036
64933759417769984,43,3,0.036,0.15484593265421323,-1.4436974992327127,-0.8101001977920532
64933759417769984,44,3,0.036,0.16760704846629584,-1.4436974992327127,-0.7757077217102051
64933759417769984,70,3,0.036,0.24578513886477557,-1.4436974992327127,-0.6094443798065186
64933759417769984,71,3,0.036,0.2754672878113793,-1.4436974992327127,-0.5599299669265747
64936508198907904,42,1,3.912333,4.386080634051868,0.5924358128608598,0.6420766115188599
64936508198907904,43,1,3.912333,4.413301409505086,0.5924358128608598,0.6447635889053345
64936508198907904,44,1,3.912333,3.8488360650219233,0.5924358128608598,0.5853294134140015
64936508198907904,70,1,3.912333,4.5557853768229295,0.5924358128608598,0.6585632562637329
64936508198907904,71,1,3.912333,3.5459029408498117,0.5924358128608598,0.5497268438339233
64946025846426752,42,0,0.374,0.46657638310088734,-0.42712839779951983,-0.3310772478580475
64946025846426752,43,0,0.374,0.5848569302224393,-0.42712839779951983,-0.232950359582901
64946025846426752,44,0,0.374,0.47668829471588436,-0.42712839779951983,-0.3217655122280121
64997187496822912,42,4,0.324133,0.4620613829843715,-0.4892767511698217,-0.3353003263473511
64997187496822912,43,4,0.324133,0.30237499793939804,-0.4892767511698217,-0.5194541215896606
64997187496822912,44,4,0.324133,0.4595800887019393,-0.4892767511698217,-0.337638795375824
64997187496822912,70,4,0.324133,0.4190489940603768,-0.4892767511698217,-0.3777351975440979
64997187496822912,71,4,0.324133,0.5384720971685476,-0.4892767511698217,-0.2688367962837219
66511970924353792,42,4,0.7784,0.6945520313425009,-0.10879717273970452,-0.15829521417617798
66511970924353792,43,4,0.7784,1.176365168180908,-0.10879717273970452,0.07054215669631958
66511970924353792,44,4,0.7784,1.0614016067159664,-0.10879717273970452,0.025879740715026855
66511970924353792,70,4,0.7784,0.5758891581708087,-0.10879717273970452,-0.2396610975265503
66511970924353792,71,4,0.7784,0.5705287071400881,-0.10879717273970452,-0.24372249841690063
66501181966524800,42,2,4.938133,6.128212919731171,0.6935627827178733,0.7873338460922241
66501181966524800,43,2,4.938133,5.744201420382166,0.6935627827178733,0.7592296600341797
66501181966524800,44,2,4.938133,5.445923381885553,0.6935627827178733,0.7360715270042419
66501181966524800,70,2,4.938133,6.198726706000474,0.6935627827178733,0.7923024892807007
66501181966524800,71,2,4.938133,6.416290189244395,0.6935627827178733,0.8072839975357056
66452047540860160,42,1,0.30115,0.5596294304348579,-0.5212171324934007,-0.2520994544029236
66452047540860160,43,1,0.30115,0.47217211932580466,-0.5212171324934007,-0.3258996605873108
66452047540860160,44,1,0.30115,0.4983157111244279,-0.5212171324934007,-0.30249541997909546
66452047540860160,70,1,0.30115,0.4672180400570603,-0.5212171324934007,-0.3304803967475891
66452047540860160,71,1,0.30115,0.5800138231690956,-0.5212171324934007,-0.23656165599822998
66451497784867712,42,2,0.338933,0.6150832535956934,-0.4698861442928054,-0.2110660970211029
66451497784867712,43,2,0.338933,0.6101709977748843,-0.4698861442928054,-0.21454843878746033
66451497784867712,44,2,0.338933,0.47787687392286154,-0.4698861442928054,-0.3206839859485626
66451497784867712,70,2,0.338933,0.5030174573766535,-0.4698861442928054,-0.29841694235801697
66451497784867712,71,2,0.338933,0.5657702385330231,-0.4698861442928054,-0.24735990166664124
66451429065390080,42,0,0.37,0.7037140061144208,-0.431798275933005,-0.15260380506515503
66451429065390080,43,0,0.37,0.6245232168373359,-0.431798275933005,-0.20445141196250916
64943758103791104,42,2,0.3933,0.4377763031399362,-0.4052760535902533,-0.3587477505207062
64943758103791104,43,2,0.3933,0.5044794239084144,-0.4052760535902533,-0.29715654253959656
64943758103791104,44,2,0.3933,0.4244060245140554,-0.4052760535902533,-0.37221845984458923
64943758103791104,70,2,0.3933,0.6073621344595688,-0.4052760535902533,-0.21655228734016418
64943758103791104,71,2,0.3933,0.44652374348802326,-0.4052760535902533,-0.35015544295310974
64930495244783616,42,0,0.238933,0.7292396533914703,-0.6217238639455949,-0.13712972402572632
64930495244783616,43,0,0.238933,0.5825130618556424,-0.6217238639455949,-0.23469433188438416
64930495244783616,44,0,0.238933,0.7388214779914087,-0.6217238639455949,-0.13146048784255981
64930495244783616,70,0,0.238933,0.7438078128232183,-0.6217238639455949,-0.12853926420211792
64930495244783616,71,0,0.238933,0.7348910827569257,-0.6217238639455949,-0.13377702236175537
64942001460286080,42,3,0.5253,0.47554509280938173,-0.27959259919689144,-0.32280829548835754
64942001460286080,43,3,0.5253,0.3107941868184586,-0.27959259919689144,-0.5075271129608154
64942001460286080,44,3,0.5253,0.44609141716815975,-0.27959259919689144,-0.35057613253593445
64942001460286080,70,3,0.5253,0.38585029560860157,-0.27959259919689144,-0.41358116269111633
64942001460286080,71,3,0.5253,0.4974576962542173,-0.27959259919689144,-0.30324384570121765
64928674178659968,42,0,0.385667,0.4477033428575281,-0.41378752040551514,-0.3490096628665924
64928674178659968,43,0,0.385667,0.5268612134468811,-0.41378752040551514,-0.27830377221107483
64928674178659968,70,0,0.385667,0.5735045204758654,-0.41378752040551514,-0.24146315455436707
64928674178659968,71,0,0.385667,0.7680719493348817,-0.41378752040551514,-0.1145980954170227
64922283267331968,42,3,5.3162,5.808861407636551,0.7256013111086378,0.7640910148620605
64922283267331968,43,3,5.3162,5.588887411004798,0.7256013111086378,0.7473253607749939
64922283267331968,44,3,5.3162,5.007168115883786,0.7256013111086378,0.6995921730995178
64922283267331968,70,3,5.3162,6.539414760053222,0.7256013111086378,0.8155388832092285
64922283267331968,71,3,5.3162,6.251231068623723,0.7256013111086378,0.7959655523300171
64915754917051520,42,2,0.309267,0.47309124100561817,-0.5096664184465488,-0.3250550925731659
64915754917051520,43,2,0.309267,0.3206548414116562,-0.5096664184465488,-0.49396219849586487
64915754917051520,44,2,0.309267,0.39923183738918455,-0.5096664184465488,-0.3987748324871063
64057895330132224,42,3,0.908067,0.4167914996320678,-0.04188210670270267,-0.3800811469554901
64057895330132224,43,3,0.908067,0.38811378482394354,-0.04188210670270267,-0.41104093194007874
64057895330132224,44,3,0.908067,0.5492292191105561,-0.04188210670270267,-0.2602463662624359
64057895330132224,70,3,0.908067,0.4018268784235193,-0.04188210670270267,-0.3959610164165497
64057895330132224,71,3,0.908067,0.5227117768545668,-0.04188210670270267,-0.28173771500587463
63717665199974016,42,3,0.41705,0.37593595376027916,-0.37981187446903086,-0.42488613724708557
63717665199974016,43,3,0.41705,0.6231188553536293,-0.37981187446903086,-0.2054291069507599
63717665199974016,44,3,0.41705,0.5599515331323313,-0.37981187446903086,-0.25184956192970276
63717665199974016,70,3,0.41705,0.43574202429935865,-0.37981187446903086,-0.3607705533504486
63717665199974016,71,3,0.41705,0.6737653076663414,-0.37981187446903086,-0.1714913547039032
51212713298684928,43,0,1.04725,0.8521505573580695,0.020050369033257093,-0.0694836676120758
51212713298684928,70,0,1.04725,0.7008867367735415,0.020050369033257093,-0.15435215830802917
51212713298684928,71,0,1.04725,0.7176463987194155,0.020050369033257093,-0.1440894901752472
63632178171114624,42,0,0.857333,1.2058069638078237,-0.06685045932228603,0.08127778768539429
63693785181958912,42,1,0.4722,0.5135047520431172,-0.3258740172572918,-0.2894555330276489
63693785181958912,43,1,0.4722,0.45170047009863906,-0.3258740172572918,-0.3451494574546814
63693785181958912,44,1,0.4722,0.46320344678385844,-0.3258740172572918,-0.3342282176017761
63693785181958912,70,1,0.4722,0.4275714949417124,-0.3258740172572918,-0.36899125576019287
63693785181958912,71,1,0.4722,0.5339553823752503,-0.3258740172572918,-0.2724950313568115
63940208928422656,42,2,0.39705,0.49494973270004733,-0.4011547996429705,-0.30543890595436096
63940208928422656,43,2,0.39705,0.3435941963250229,-0.4011547996429705,-0.4639541804790497
63940208928422656,44,2,0.39705,0.4718543344492991,-0.4011547996429705,-0.32619205117225647
63940208928422656,70,2,0.39705,0.5107132430719405,-0.4011547996429705,-0.2918228805065155
63940208928422656,71,2,0.39705,0.6149143584562851,-0.4011547996429705,-0.21118536591529846
63959351598814336,42,0,1.67145,0.9858187944262721,0.22309338957418673,-0.006202906370162964
63959351598814336,43,0,1.67145,1.3261103935110097,0.22309338957418673,0.1225796788930893
63959351598814336,44,0,1.67145,0.7857272905831817,0.22309338957418673,-0.10472816228866577
63959351598814336,70,0,1.67145,0.9284994759140955,0.22309338957418673,-0.032218337059020996
63959351598814336,71,0,1.67145,1.0668074415009319,0.22309338957418673,0.028086036443710327
64924413571101952,42,2,2.1766,2.2614501303906853,0.3377786248361834,0.3543870151042938
64924413571101952,43,2,2.1766,2.7024362222042515,0.3377786248361834,0.4317554533481598
64924413571101952,44,2,2.1766,2.022431593698065,0.3377786248361834,0.305873841047287
64924413571101952,70,2,2.1766,2.4855862417768404,0.3377786248361834,0.3954288363456726
64924413571101952,71,2,2.1766,2.328526235607795,0.3377786248361834,0.3670811355113983
64927368508592512,42,1,0.321,0.48486687296203107,-0.4934949675951279,-0.31437748670578003
64927368508592512,43,1,0.321,0.42373946893627884,-0.4934949675951279,-0.3729010820388794
64927368508592512,44,1,0.321,0.428748217258307,-0.4934949675951279,-0.3677976727485657
64927368508592512,70,1,0.321,0.3759118853502848,-0.4934949675951279,-0.4249139428138733
64927368508592512,71,1,0.321,0.6149782056634444,-0.4934949675951279,-0.21114027500152588
66452769091505024,42,0,6.840467,6.507329111421786,0.8350857521001986,0.8134027719497681
66452769091505024,43,0,6.840467,8.13336855795715,0.8350857521001986,0.9102704524993896
66452769091505024,44,0,6.840467,7.062663354270098,0.8350857521001986,0.848968505859375
66452769091505024,70,0,6.840467,8.33300037056038,0.8350857521001986,0.9208014011383057
66452769091505024,71,0,6.840467,6.032710875081421,0.8350857521001986,0.7805125117301941
66452734735432192,42,3,1.3419,1.152952109695947,0.12772015289231947,0.06181126832962036
66452734735432192,43,3,1.3419,0.679619022202508,0.12772015289231947,-0.16773447394371033
66452734735432192,44,3,1.3419,1.5193570574359598,0.12772015289231947,0.18165984749794006
66452734735432192,70,3,1.3419,0.9226390512956095,0.12772015289231947,-0.034968167543411255
66452734735432192,71,3,1.3419,0.9615711913586744,0.12772015289231947,-0.017018556594848633
66453490649681280,42,3,0.17625,0.2584507013936926,-0.7538708743365637,-0.5876222848892212
66453490649681280,43,3,0.17625,0.2719383977183697,-0.7538708743365637,-0.565529465675354
66453490649681280,44,3,0.17625,0.22083076987731468,-0.7538708743365637,-0.6559404134750366
66453490649681280,70,3,0.17625,0.29170132523260817,-0.7538708743365637,-0.5350615978240967
66453490649681280,71,3,0.17625,0.34361852994335795,-0.7538708743365637,-0.4639234244823456
66453181412027392,42,2,0.301933,0.39503253711582514,-0.5200894178325625,-0.40336713194847107
66453181412027392,43,2,0.301933,0.8268761661736154,-0.5200894178325625,-0.08255952596664429
66453181412027392,44,2,0.301933,0.41017911245266925,-0.5200894178325625,-0.38702645897865295
66453181412027392,70,2,0.301933,0.45717169104928834,-0.5200894178325625,-0.33992066979408264
66453181412027392,71,2,0.301933,0.3644459096045961,-0.5200894178325625,-0.43836691975593567
66507469798631808,42,3,1.6412,1.3296519990978892,0.21516150829487504,0.12373799085617065
66507469798631808,43,3,1.6412,1.026786365211765,0.21516150829487504,0.011480093002319336
66507469798631808,44,3,1.6412,1.6547816703845597,0.21516150829487504,0.21874070167541504
66509634462127360,42,2,0.66005,0.4723858560816474,-0.18042316460720817,-0.32570311427116394
66509634462127360,43,2,0.66005,1.095852031643778,-0.18042316460720817,0.039751917123794556
66509634462127360,44,2,0.66005,0.633638543225815,-0.18042316460720817,-0.1981584131717682
66509634462127360,70,2,0.66005,0.6953566471978482,-0.18042316460720817,-0.15779238939285278
66509634462127360,71,2,0.66005,0.599856477668632,-0.18042316460720817,-0.2219526469707489
66429232674604544,42,3,0.980733,0.9370386430469282,-0.008449211182296393,-0.028242498636245728
66429232674604544,43,3,0.980733,1.4438297191888072,-0.008449211182296393,0.15951597690582275
66429232674604544,44,3,0.980733,0.7247352654204794,-0.008449211182296393,-0.13982060551643372
66429232674604544,70,3,0.980733,0.7562176696317607,-0.008449211182296393,-0.12135317921638489
66429232674604544,71,3,0.980733,1.7369338228398896,-0.008449211182296393,0.23978327214717865
64174546641593984,42,4,0.8894,1.733655847263371,-0.050902874887084185,0.23896288871765137
64174546641593984,43,4,0.8894,1.625820996996564,-0.050902874887084185,0.21107272803783417
64174546641593984,44,4,0.8894,0.712932403666652,-0.050902874887084185,-0.14695164561271667
64168705486089216,42,2,0.55895,0.4474123113623314,-0.2526270395112415,-0.3492920696735382
64168705486089216,43,2,0.55895,0.4348366469936801,-0.2526270395112415,-0.36167386174201965
64168705486089216,44,2,0.55895,0.442689518723292,-0.2526270395112415,-0.3539007604122162
64168705486089216,70,2,0.55895,0.4306341369762326,-0.2526270395112415,-0.36589154601097107
64168705486089216,71,2,0.55895,0.3929650660853459,-0.2526270395112415,-0.40564605593681335
64064011363520512,42,4,1.795733,1.2949280374339875,0.25424176370834967,0.11224563419818878
64064011363520512,43,4,1.795733,0.9524066302275663,0.25424176370834967,-0.021177589893341064
64064011363520512,44,4,1.795733,1.098503024239991,0.25424176370834967,0.04080125689506531
64064011363520512,70,4,1.795733,0.8938309346466071,0.25424176370834967,-0.04874461889266968
64064011363520512,71,4,1.795733,0.8638815656539846,0.25424176370834967,-0.06354579329490662
64040818540162304,42,2,1.89535,2.284723458287729,0.27768941959864085,0.3588336408138275
64040818540162304,43,2,1.89535,3.0103906314319193,0.27768941959864085,0.4786228537559509
64040818540162304,44,2,1.89535,2.171953057228977,0.27768941959864085,0.33685043454170227
64040818540162304,70,2,1.89535,2.0223583170334725,0.27768941959864085,0.3058581054210663
64040818540162304,71,2,1.89535,2.1687997762740925,0.27768941959864085,0.33621945977211
64037588724758400,42,2,1.09315,1.2205548028665458,0.03867975911585127,0.0865572839975357
64037588724758400,43,2,1.09315,0.9354060931784427,0.03867975911585127,-0.028999805450439453
64037588724758400,44,2,1.09315,0.8929296156217386,0.03867975911585127,-0.049182772636413574
64050645425295872,42,1,3.413067,3.5785478177747048,0.5331448137532023,0.5537068247795105
64050645425295872,43,1,3.413067,4.02252437467009,0.5331448137532023,0.6044986844062805
64050645425295872,44,1,3.413067,4.3417033411017725,0.5331448137532023,0.6376601457595825
64066107307543296,42,0,5.158,5.305819673813258,0.7124813378019187,0.7247524857521057
64066107307543296,43,0,5.158,6.765542025485987,0.7124813378019187,0.8303025960922241
64066107307543296,44,0,5.158,4.261571982228242,0.7124813378019187,0.6295698285102844
64066107307543296,70,0,5.158,6.408037213618088,0.7124813378019187,0.806725025177002
64066107307543296,71,0,5.158,5.78715824280555,0.7124813378019187,0.7624653577804565
65677372878285312,42,1,8.452733,6.993270213398112,0.9269971509515136,0.8446803092956543
65677372878285312,43,1,8.452733,7.242121133282784,0.9269971509515136,0.8598657846450806
65677372878285312,44,1,8.452733,8.390520544988197,0.9269971509515136,0.9237889051437378
65677372878285312,70,1,8.452733,8.058619849791612,0.9269971509515136,0.9062606692314148
65677372878285312,71,1,8.452733,8.101139116215528,0.9269971509515136,0.9085460901260376
65677098000371712,42,2,0.5782,0.5373036014743934,-0.23792191266536092,-0.2697802484035492
65677098000371712,43,2,0.5782,0.6181830627608939,-0.23792191266536092,-0.2088828980922699
65677098000371712,44,2,0.5782,0.4674258776001391,-0.23792191266536092,-0.33028724789619446
65677098000371712,70,2,0.5782,0.46665925196500463,-0.23792191266536092,-0.33100011944770813
65677098000371712,71,2,0.5782,0.7047703809504626,-0.23792191266536092,-0.1519523561000824
66441323003146112,70,1,1.6568,0.5218614599342674,0.2192700858853962,-0.2824447751045227
66441323003146112,71,1,1.6568,0.4926078929191825,0.2192700858853962,-0.30749863386154175
66485582645439104,42,0,0.461,0.515567164807948,-0.33629907461035186,-0.28771474957466125
66485582645439104,43,0,0.461,0.5283650678001285,-0.33629907461035186,-0.2770659029483795
66485582645439104,44,0,0.461,0.7008084881065634,-0.33629907461035186,-0.15440064668655396
66485582645439104,70,0,0.461,0.5701666358109401,-0.33629907461035186,-0.2439981997013092
66485582645439104,71,0,0.461,0.7781222525673501,-0.33629907461035186,-0.10895216464996338
50905056201179520,42,0,2.454,2.724727029213909,0.38987455839098545,0.43532299995422363
50905056201179520,43,0,2.454,2.6929067765392896,0.38987455839098545,0.4302213191986084
50905056201179520,44,0,2.454,2.5488282339223676,0.38987455839098545,0.4063405692577362
51609980593783424,70,0,0.322867,0.5806200445487605,-0.49097634163596643,-0.2361079752445221
51609980593783424,71,0,0.322867,0.6375413507565959,-0.49097634163596643,-0.19549164175987244
63824901943723392,42,0,0.88575,0.46873917342875493,-0.05268883899478514,-0.32906875014305115
63824901943723392,43,0,0.88575,0.5444890165562455,-0.05268883899478514,-0.26401087641716003
63824901943723392,44,0,0.88575,0.4669338361873828,-0.05268883899478514,-0.3307446539402008
63824901943723392,70,0,0.88575,0.48279300687182414,-0.05268883899478514,-0.31623902916908264
63824901943723392,71,0,0.88575,0.5149958911863376,-0.05268883899478514,-0.28819623589515686
63826070174824192,42,4,0.812667,0.9625933847984129,-0.09008737530178132,-0.016557127237319946
63826070174824192,43,4,0.812667,0.8518810813160341,-0.09008737530178132,-0.0696210265159607
63826070174824192,44,4,0.812667,1.0738951256569376,-0.09008737530178132,0.03096187114715576
63826448131945984,42,2,1.312733,1.0294870692901161,0.1181764028463561,0.012620896100997925
63826448131945984,43,2,1.312733,0.8472042231374688,0.1181764028463561,-0.07201188802719116
63826448131945984,44,2,1.312733,1.1853719743253197,0.1181764028463561,0.07385465502738953
63839023796354560,42,0,0.46835,0.5173615415816752,-0.3294294754339222,-0.28620585799217224
63839023796354560,43,0,0.46835,0.5811845829113099,-0.3294294754339222,-0.23568591475486755
63839023796354560,44,0,0.46835,0.5635030165282545,-0.3294294754339222,-0.24910375475883484
63839023796354560,70,0,0.46835,0.6135253732883237,-0.3294294754339222,-0.21216747164726257
63839023796354560,71,0,0.46835,0.611620461771276,-0.3294294754339222,-0.21351799368858337
64078167575681152,42,4,1.986733,1.8723452146175936,0.298139505550625,0.27238592505455017
64078167575681152,43,4,1.986733,1.9374496814714393,0.298139505550625,0.2872304320335388
64078167575681152,44,4,1.986733,2.3486162339028964,0.298139505550625,0.3708120584487915
64078167575681152,70,4,1.986733,2.0154363724830513,0.298139505550625,0.30436909198760986
64078167575681152,71,4,1.986733,1.6267397376715171,0.298139505550625,0.21131807565689087
65674383581036800,42,3,0.8686,0.7714033793008905,-0.061180174973789685,-0.11271846294403076
65674383581036800,43,3,0.8686,0.833537208845408,-0.061180174973789685,-0.07907500863075256
65674383581036800,44,3,0.8686,0.7223637537899689,-0.061180174973789685,-0.1412440538406372
65680499614460800,42,2,7.334467,4.726094189643316,0.8653685588923886,0.6745023727416992
65680499614460800,43,2,7.334467,5.0280842374050305,0.8653685588923886,0.7014025449752808
65680499614460800,44,2,7.334467,5.7090248704894275,0.8653685588923886,0.7565619349479675
65688539793220480,42,3,0.834933,0.37737195364494525,-0.07834837349573195,-0.42323037981987
65688539793220480,43,3,0.834933,0.4053955276501842,-0.07834837349573195,-0.3921210467815399
65688539793220480,44,3,0.834933,0.3774612541786894,-0.07834837349573195,-0.4231276214122772
65688539793220480,70,3,0.834933,0.5442847477976438,-0.07834837349573195,-0.26417383551597595
65688539793220480,71,3,0.834933,0.4150585032605008,-0.07834837349573195,-0.3818906843662262
66471220274934272,42,4,4.855,4.877991115107753,0.6861892342440237,0.6882410049438477
66471220274934272,43,4,4.855,7.743824000727546,0.6861892342440237,0.8889554738998413
66471220274934272,44,4,4.855,7.237471965870676,0.6861892342440237,0.8595868945121765
66471220274934272,70,4,4.855,5.43273313818133,0.6861892342440237,0.7350183725357056
66471220274934272,71,4,4.855,5.454690994353279,0.6861892342440237,0.7367701530456543
65712488530853120,42,4,5.953,6.030105853876145,0.7747358825517534,0.7803249359130859
65712488530853120,43,4,5.953,6.383442674678663,0.7747358825517534,0.8050549626350403
65712488530853120,44,4,5.953,5.400884745339552,0.7747358825517534,0.7324649095535278
65712488530853120,70,4,5.953,6.575401768774112,0.7747358825517534,0.8179222941398621
65712488530853120,71,4,5.953,5.757862601841145,0.7747358825517534,0.7602612972259521
64073597730589952,42,3,1.7647,3.109995525554,0.24667088569070272,0.4927597641944885
64073597730589952,43,3,1.7647,2.0380517990753337,0.24667088569070272,0.3092152178287506
64073597730589952,44,3,1.7647,1.8279595705972695,0.24667088569070272,0.2619665861129761
64073597730589952,70,3,1.7647,1.8345242605697323,0.24667088569070272,0.2635234594345093
64073597730589952,71,3,1.7647,1.7736539182489994,0.24667088569070272,0.2488688826560974
63838886357191936,42,1,1.99255,2.545168143832464,0.29940922816182325,0.4057164788246155
63838886357191936,43,1,1.99255,4.098843174128157,0.29940922816182325,0.6126613020896912
63838886357191936,44,1,1.99255,2.33062249203606,0.29940922816182325,0.36747193336486816
63838886357191936,70,1,1.99255,1.7906301472058526,0.29940922816182325,0.25300589203834534
63838886357191936,71,1,1.99255,2.4473281192949763,0.29940922816182325,0.3886922001838684
63677326867342464,42,2,1.8178,1.5872505147144704,0.2595460990870223,0.20064547657966614
63677326867342464,43,2,1.8178,1.221963241383359,0.2595460990870223,0.08705814182758331
63677326867342464,44,2,1.8178,1.5106746318748965,0.2595460990870223,0.17917093634605408
51534045572176896,43,0,1.121,0.4863989351229355,0.04960561259497315,-0.3130073845386505
63773774653147904,42,1,1.14605,0.8012587794722044,0.05920356549385115,-0.09622719883918762
63773774653147904,43,1,1.14605,1.2248096222371732,0.05920356549385115,0.08806858956813812
63773774653147904,44,1,1.14605,1.063706375643485,0.05920356549385115,0.026821762323379517
63773774653147904,70,1,1.14605,0.9853498262126538,0.05920356549385115,-0.006409555673599243
63773774653147904,71,1,1.14605,1.0028799659948155,0.05920356549385115,0.0012489557266235352
63775355201110016,42,1,0.553,0.7283728382037611,-0.2572748686953017,-0.13764625787734985
63775355201110016,43,1,0.553,0.932974988251324,-0.2572748686953017,-0.030129998922348022
63775355201110016,44,1,0.553,0.6999903584915689,-0.2572748686953017,-0.1549079418182373
63775355201110016,70,1,0.553,0.7867107855491763,-0.2572748686953017,-0.10418489575386047
63775355201110016,71,1,0.553,0.6854281991005391,-0.2572748686953017,-0.1640380322933197
63884584809145600,42,2,1.289333,0.9893582498415366,0.11036509841246554,-0.004646420478820801
63884584809145600,43,2,1.289333,1.1443435800389186,0.11036509841246554,0.058556437492370605
63884584809145600,44,2,1.289333,1.6142988628527044,0.11036509841246554,0.20798394083976746
63884584809145600,70,2,1.289333,0.7853476344863306,0.11036509841246554,-0.10493806004524231
63884584809145600,71,2,1.289333,2.150672333436574,0.11036509841246554,0.3325742483139038
63892006512622848,42,3,1.107467,1.0817815584287562,0.04433079409923628,0.03413957357406616
63892006512622848,43,3,1.107467,0.504038714281305,0.04433079409923628,-0.29753610491752625
65588484235454592,42,3,5.436,7.641946330504128,0.7352794480604568,0.8832039833068848
65588484235454592,43,3,5.436,7.038798553424814,0.7352794480604568,0.8474985361099243
65588484235454592,44,3,5.436,5.35644647521721,0.7352794480604568,0.7288767695426941
65588484235454592,70,3,5.436,9.655906838523718,0.7352794480604568,0.9847930669784546
65588484235454592,71,3,5.436,6.554370731576038,0.7352794480604568,0.8165310025215149
51622315739944704,70,4,0.27715,0.49423573426468215,-0.55728511707152,-0.3060658574104309
51622315739944704,71,4,0.27715,0.5030979258687865,-0.55728511707152,-0.29834747314453125
51619120284286976,70,0,0.618,0.6395895780202262,-0.20901152491118416,-0.19409862160682678
51619120284286976,71,0,0.618,0.5929802177679129,-0.20901152491118416,-0.22695979475975037
51616268426009472,70,1,2.7854,3.293899377154631,0.4448875712579381,0.5177103281021118
51616268426009472,71,1,2.7854,3.5626531944599034,0.4448875712579381,0.5517735481262207
63876402894075904,42,4,6.3353,6.7285337764650635,0.8017671851641648,0.8279204368591309
63876402894075904,43,4,6.3353,7.671636086107604,0.8017671851641648,0.8848879933357239
63876402894075904,44,4,6.3353,6.0594692054888055,0.8017671851641648,0.7824345827102661
63876402894075904,70,4,6.3353,6.447261509087891,0.8017671851641648,0.8093752861022949
63876402894075904,71,4,6.3353,5.174890470631099,0.8017671851641648,0.713901162147522
65717814290369920,42,0,0.67725,0.7957379998849525,-0.16925098629479415,-0.09922990202903748
65717814290369920,43,0,0.67725,0.6817560680310161,-0.16925098629479415,-0.16637098789215088
65717814290369920,44,0,0.67725,0.8178538053549044,-0.16925098629479415,-0.08732432126998901
65717814290369920,70,0,0.67725,0.6734925279155684,-0.16925098629479415,-0.171667218208313
65717814290369920,71,0,0.67725,0.7209103784377471,-0.16925098629479415,-0.14211872220039368
65719463557799424,42,1,0.189,0.4821422015038995,-0.7235381958267558,-0.31682485342025757
65719463557799424,43,1,0.189,0.36755409582045534,-0.7235381958267558,-0.43467873334884644
65719463557799424,44,1,0.189,0.5066446373978039,-0.7235381958267558,-0.2952965497970581
65719463557799424,71,1,0.189,0.7016723042488698,-0.7235381958267558,-0.15386566519737244
65814979333012352,42,2,0.348733,0.3809106831986928,-0.4575069541445609,-0.41917684674263
65814979333012352,43,2,0.348733,0.4020822977523881,-0.4575069541445609,-0.3956850469112396
65814979333012352,44,2,0.348733,0.4205776049197503,-0.4575069541445609,-0.3761538565158844
65814979333012352,71,2,0.348733,0.5062351414991186,-0.4575069541445609,-0.2956477105617523
65800930496992512,42,2,3.0576,4.265950290386073,0.48538066971093763,0.6300157904624939
65800930496992512,43,2,3.0576,3.7427447707402908,0.48538066971093763,0.5731902122497559
65800930496992512,44,2,3.0576,2.5275622168316505,0.48538066971093763,0.40270185470581055
65800930496992512,71,2,3.0576,2.76611089159011,0.48538066971093763,0.4418695867061615
65701527774387840,42,1,1.546,0.8708227840985184,0.18920948958230613,-0.0600702166557312
65701527774387840,43,1,1.546,0.7205434001092252,0.18920948958230613,-0.14233985543251038
65701527774387840,44,1,1.546,0.6106675850444652,0.18920948958230613,-0.2141951322555542
63795455648004608,42,3,2.772667,2.669476198984577,0.4428977135206561,0.4264260530471802
63795455648004608,43,3,2.772667,2.8948443556475527,0.4428977135206561,0.46162521839141846
63795455648004608,44,3,2.772667,3.7659894320511325,0.4428977135206561,0.5758790969848633
63795455648004608,70,3,2.772667,3.647730509399838,0.4428977135206561,0.5620227456092834
63795455648004608,71,3,2.772667,3.5354106051978205,0.4428977135206561,0.5484398603439331
6817856584892201600,28,2,1.57,1.8417946439975954,0.19589965240923377,0.26524120569229126
6817856584892201600,92,2,1.57,1.3704327641058553,0.19589965240923377,0.13685773313045502
4888246251178417024,4,0,4.5,2.4873095641156335,0.6532125137753437,0.39572983980178833
4888246251178417024,5,0,4.5,2.418919051371789,0.6532125137753437,0.38362133502960205
4888246251178417024,31,0,4.5,3.329515701304774,0.6532125137753437,0.522381067276001
5364934122930119552,9,1,4.1,3.79203175399436,0.6127838567197355,0.5788719654083252
5364934122930119552,10,1,4.1,3.483342041219892,0.6127838567197355,0.5419961214065552
5364934122930119552,36,1,4.1,3.1226485521526595,0.6127838567197355,0.4945231080055237
5364934122930119552,37,1,4.1,4.146897928114356,0.6127838567197355,0.6177233457565308
5364934122930119552,99,1,4.1,2.2581540542476857,0.6127838567197355,0.35375356674194336
5854831974036429056,64,0,6.855,7.065164626128062,0.8360074591255315,0.8491222858428955
5854831974036429056,65,0,6.855,6.900469356248685,0.8360074591255315,0.8388786315917969
5845972349875278720,11,1,4.95,5.418933716957789,0.6946051989335688,0.7339138388633728
5845972349875278720,12,1,4.95,1.2957590659174893,0.6946051989335688,0.11252425611019135
5845972349875278720,38,1,4.95,1.8242026516766425,0.6946051989335688,0.2610730826854706
5845972349875278720,39,1,4.95,2.2372834731187563,0.6946051989335688,0.3497210144996643
5845972349875278720,99,1,4.95,2.1412341334750518,0.6946051989335688,0.33066415786743164
246596891631623168,59,3,1.487,1.4970321043422674,0.17231096852195424,0.17523111402988434
246596891631623168,86,3,1.487,1.6677695319574237,0.17231096852195424,0.22213603556156158
3291643148740384128,5,4,6.431,6.139611529586324,0.8082785095827678,0.7881408929824829
3291643148740384128,32,4,6.431,6.5652670698167315,0.8082785095827678,0.8172523975372314
3288784006192725248,5,3,14.44,16.985859157095994,1.1595671932336202,1.2300875186920166
3288784006192725248,98,3,14.44,10.209710187265864,1.1595671932336202,1.0090134143829346
445204047775833216,19,2,4.65,5.136305668277179,0.667452952889954,0.7106508612632751
445204047775833216,59,2,4.65,4.97197130565418,0.667452952889954,0.6965286135673523
445204047775833216,86,2,4.65,5.498726902973506,0.667452952889954,0.7402621507644653
5215814919990121856,10,1,4.268,4.0534359251718906,0.6302244107524323,0.6078233122825623
5215814919990121856,11,1,4.268,3.417397200816897,0.6302244107524323,0.5336954593658447
5215814919990121856,12,1,4.268,3.8129378591808054,0.6302244107524323,0.5812597274780273
5215814919990121856,37,1,4.268,4.21083987816555,0.6302244107524323,0.6243687272071838
5215814919990121856,38,1,4.268,3.5594050777430795,0.6302244107524323,0.5513774156570435
5215814919990121856,39,1,4.268,4.383222826034203,0.6302244107524323,0.6417935490608215
5215814919990121856,64,1,4.268,3.4320568149379844,0.6302244107524323,0.5355544686317444
5215814919990121856,65,1,4.268,4.180580232735312,0.6302244107524323,0.6212365627288818
5215814919990121856,66,1,4.268,4.732840878473593,0.6302244107524323,0.6751219034194946
5215814919990121856,93,1,4.268,4.424669313357202,0.6302244107524323,0.6458808183670044
3231945508509506176,5,1,4.3865,4.081681645399962,0.6421181336945817,0.6108391284942627
3231945508509506176,32,1,4.3865,3.73004476262856,0.6421181336945817,0.5717140436172485
3231945508509506176,98,1,4.3865,6.758017649060841,0.6421181336945817,0.8298193216323853
418582156851693824,17,1,8.35,7.254728336456764,0.921686475483602,0.8606211543083191
418582156851693824,18,1,8.35,7.81806019571662,0.921686475483602,0.8930990099906921
5314991556010305024,8,1,2.65,2.467245305465156,0.42324587393680785,0.3922123312950134
5314991556010305024,9,1,2.65,1.5044187250121557,0.42324587393680785,0.17736873030662537
5314991556010305024,10,1,2.65,1.5106786230247715,0.42324587393680785,0.179172083735466
5314991556010305024,35,1,2.65,1.382645693186712,0.42324587393680785,0.14071090519428253
5314991556010305024,36,1,2.65,2.572513097000302,0.42324587393680785,0.41035759449005127
5314991556010305024,37,1,2.65,3.5398958789421306,0.42324587393680785,0.5489904880523682
5204815332648173440,10,2,7.95,7.542174914769623,0.9003671286564703,0.877496600151062
5204815332648173440,11,2,7.95,6.4486455675637435,0.9003671286564703,0.8094685077667236
5204815332648173440,12,2,7.95,6.834543705974624,0.9003671286564703,0.8347095251083374
5204815332648173440,64,2,7.95,7.02046966402052,0.9003671286564703,0.8463661670684814
5204815332648173440,65,2,7.95,4.72307188410337,0.9003671286564703,0.6742245554924011
5201553704423697792,64,3,6.638,2.9508424794270915,0.8220372480725852,0.469946026802063
5201553704423697792,65,3,6.638,2.554847221581252,0.8220372480725852,0.40736493468284607
5225597889120103424,64,4,6.537,7.992080201377305,0.815378484965918,0.9026598334312439
5225597889120103424,65,4,6.537,6.342820958902364,0.815378484965918,0.802282452583313
5201361599124919936,64,4,4.499,5.881225487353549,0.6531159931655668,0.769467830657959
5201361599124919936,65,4,4.499,8.450287374843803,0.6531159931655668,0.9268714785575867
5201120634278654208,64,4,1.152,1.1846184892036464,0.06145247908719321,0.07357850670814514
5201120634278654208,66,4,1.152,0.8499978335231455,0.06145247908719321,-0.07058218121528625
5201120634278654208,93,4,1.152,1.1707842077012007,0.06145247908719321,0.0684768557548523
5201126441074447872,64,3,6.529,6.725682748383525,0.8148466686044633,0.8277363777160645
5201126441074447872,66,3,6.529,2.9054749753551214,0.8148466686044633,0.4632171392440796
5201126441074447872,93,3,6.529,5.840739133706001,0.8148466686044633,0.766467809677124
5226193446465971072,37,4,0.84,0.6407792725741392,-0.07572071393811836,-0.1932915449142456
5226193446465971072,38,4,0.84,0.6526887794969812,-0.07572071393811836,-0.18529385328292847
5226193446465971072,39,4,0.84,0.6714199483369074,-0.07572071393811836,-0.17300575971603394
5201351806599748992,64,0,4.29,4.9440697004183685,0.6324572921847242,0.6940845847129822
5201351806599748992,65,0,4.29,5.385179186539368,0.6324572921847242,0.7312001585960388
5201163480873128064,64,2,7.943,4.220485341638768,0.899984562549391,0.6253623962402344
5201163480873128064,65,2,7.943,3.733798066327043,0.899984562549391,0.5721508264541626
5201163480873128064,66,2,7.943,1.787714187968716,0.899984562549391,0.2522980868816376
5201163480873128064,93,2,7.943,6.236094616928541,0.899984562549391,0.7949126958847046
5225374074083637376,64,0,4.6,3.9322788561504494,0.6627578316815741,0.59464430809021
5225374074083637376,65,0,4.6,3.8141123381674804,0.6627578316815741,0.5813934803009033
5201265666735512064,64,3,4.48,4.152970541154284,0.651278013998144,0.618358850479126
5201265666735512064,65,3,4.48,4.50545769272065,0.651278013998144,0.6537389159202576
5201265666735512064,66,3,4.48,4.238847094149656,0.651278013998144,0.6272477507591248
5201265666735512064,93,3,4.48,4.315308530359076,0.651278013998144,0.6350118517875671
5201264464144664832,64,2,6.0,5.494840209730139,0.7781512503836436,0.7399550676345825
5201264464144664832,65,2,6.0,5.268315314614068,0.7781512503836436,0.7216717600822449
5201264464144664832,66,2,6.0,4.082016652434986,0.7781512503836436,0.6108747720718384
5201264464144664832,93,2,6.0,4.715928755204082,0.7781512503836436,0.6735672354698181
5201272195086070144,64,0,12.784,5.872013243582386,1.1066667619699162,0.7687870264053345
5201272195086070144,65,0,12.784,7.980699498648514,1.1066667619699162,0.902040958404541
5201272195086070144,66,0,12.784,8.461039364620053,1.1066667619699162,0.9274237155914307
5201272195086070144,93,0,12.784,6.914754321052196,1.1066667619699162,0.8397767543792725
3238965099979863296,5,0,0.89,0.7922137835967553,-0.05060999335508721,-0.10115760564804077
249182461943340032,58,1,4.321,4.318778753747326,0.6355842663112301,0.6353609561920166
249182461943340032,86,1,4.321,4.413425580268787,0.6355842663112301,0.6447758078575134
243105942211695232,58,4,1.975,1.3356872953698224,0.29556709996247904,0.1257047951221466
243105942211695232,86,4,1.975,1.911761981591079,0.29556709996247904,0.2814338207244873
249111302925370368,58,4,1.769,0.9348085487425994,0.2477278329097231,-0.029277324676513672
249111302925370368,86,4,1.769,1.0898203580183554,0.2477278329097231,0.03735491633415222
43789772861265792,42,0,0.521,0.3175558932409858,-0.2831622767004755,-0.4981798231601715
43789772861265792,43,0,0.521,0.3028819639635059,-0.2831622767004755,-0.5187265872955322
43789772861265792,44,0,0.521,0.31617421420403147,-0.2831622767004755,-0.5000735521316528
43789772861265792,70,0,0.521,0.4663240887454939,-0.2831622767004755,-0.3313121497631073
43789772861265792,71,0,0.521,0.516036226493548,-0.2831622767004755,-0.2873198091983795
3312520946111619072,5,1,15.0605,10.578859714759917,1.177839390432831,1.0244388580322266
3312520946111619072,32,1,15.0605,16.283415340997053,1.177839390432831,1.2117455005645752
3312520946111619072,43,1,15.0605,32.276102951509735,1.177839390432831,1.5088810920715332
3312520946111619072,44,1,15.0605,17.89631064880629,1.177839390432831,1.2527635097503662
3312520946111619072,70,1,15.0605,25.955300130355013,1.177839390432831,1.4142260551452637
3312520946111619072,71,1,15.0605,21.021198147867736,1.177839390432831,1.3226574659347534
3314299238667410176,43,1,2.213,0.9587171497659762,0.34498141392725795,-0.01830950379371643
3314299238667410176,44,1,2.213,1.3929928835209417,0.34498141392725795,0.14394889771938324
3314328822401984768,43,3,1.597,2.3443543203413078,0.20330491613848292,0.370023250579834
3314328822401984768,44,3,1.597,4.6311623386969805,0.20330491613848292,0.665690004825592
3314328822401984768,70,3,1.597,1.995375194725608,0.20330491613848292,0.3000245690345764
3314328822401984768,71,3,1.597,2.567304857400304,0.20330491613848292,0.40947744250297546
144171233106399104,43,3,9.164,9.04875572330936,0.9620850805173599,0.956588864326477
144171233106399104,44,3,9.164,9.086917417083246,0.9620850805173599,0.9584165811538696
144171233106399104,70,3,9.164,6.944082028768593,0.9620850805173599,0.841614842414856
144171233106399104,71,3,9.164,9.362951589495106,0.9620850805173599,0.9714127779006958
145034968209407232,43,1,2.778,2.7708254063959514,0.4437322414015968,0.44260916113853455
145034968209407232,44,1,2.778,3.0160227243017554,0.4437322414015968,0.479434609413147
145034968209407232,70,1,2.778,2.6478992194524458,0.4437322414015968,0.422901451587677
145034968209407232,71,1,2.778,1.5960183776635817,0.4437322414015968,0.20303788781166077
249216168846376448,58,0,2.946,2.5469100550153128,0.4692327425066121,0.4060136079788208
249216168846376448,86,0,2.946,3.5358157842776086,0.4692327425066121,0.5484896302223206
441493780152662144,58,1,0.678,0.7971127312119908,-0.16877030613293661,-0.09848025441169739
441493780152662144,86,1,0.678,0.6521054388864165,-0.16877030613293661,-0.18568217754364014
441573048067694592,58,1,6.692,10.459599064151352,0.825555932290357,1.019515037536621
441573048067694592,86,1,6.692,2.450136535545599,0.825555932290357,0.38919028639793396
5251269909397054464,90,1,9.16,8.686025046766177,0.9618954736678504,0.9388210773468018
5252077672499805440,90,1,3.75,3.8449196295058528,0.5740312677277188,0.5848872661590576
5253965774497322240,10,0,1.16,0.8922860929103796,0.06445798922691845,-0.0494958758354187
5253965774497322240,11,0,1.16,0.9608092311468082,0.06445798922691845,-0.01736283302307129
5253965774497322240,63,0,1.16,1.082649261302465,0.06445798922691845,0.034487783908843994
5253965774497322240,64,0,1.16,1.091640449051792,0.06445798922691845,0.03807961940765381
5253965774497322240,90,0,1.16,1.089932393309974,0.06445798922691845,0.03739956021308899
5251888522138694656,90,3,0.79,0.8017683158510358,-0.10237290870955855,-0.09595111012458801
5251838356918566656,90,2,1.56,1.48297327474396,0.1931245983544616,0.17113332450389862
5253760234532237696,90,3,6.43,5.9779333389178575,0.8082109729242221,0.7765510678291321
5251845950420988672,10,3,0.52,0.5222554979579913,-0.28399665636520083,-0.28211697936058044
5251845950420988672,11,3,0.52,0.8625369206315323,-0.28399665636520083,-0.0642223060131073
5251845950420988672,37,3,0.52,0.46008575481768543,-0.28399665636520083,-0.33716121315956116
5251845950420988672,38,3,0.52,0.5767695603851455,-0.28399665636520083,-0.2389976680278778
5251845950420988672,90,3,0.52,0.5705964816148734,-0.28399665636520083,-0.24367091059684753
5251455520707702016,90,4,2.17,2.274260420383455,0.3364597338485295,0.35684019327163696
5251242937001076992,90,1,2.18,4.07119941883671,0.33845649360460484,0.609722375869751
5251880516319380480,10,3,1.95,2.302493655736381,0.290034611362518,0.36219844222068787
5251880516319380480,11,3,1.95,2.3690921997823153,0.290034611362518,0.3745819628238678
5251880516319380480,90,3,1.95,2.004020844922192,0.290034611362518,0.30190223455429077
5251991360838624128,10,2,0.45,0.43802355236672674,-0.3467874862246563,-0.3585025370121002
5251991360838624128,11,2,0.45,0.6592371894509081,-0.3467874862246563,-0.18095830082893372
5251991360838624128,36,2,0.45,0.5493132729437677,-0.3467874862246563,-0.26017990708351135
5251991360838624128,38,2,0.45,0.517873031438266,-0.3467874862246563,-0.28577670454978943
5251991360838624128,63,2,0.45,1.4960691158297899,-0.3467874862246563,0.17495165765285492
5251991360838624128,64,2,0.45,0.5619124155064226,-0.3467874862246563,-0.2503313720226288
5251991360838624128,90,2,0.45,0.37016580743420563,-0.3467874862246563,-0.43160369992256165
5253732368782478720,90,2,2.88,2.722814549360972,0.45939248775923086,0.43501806259155273
5251380307238001664,90,1,0.49,1.1897362752657532,-0.3098039199714863,0.07545070350170135
5251379203409512576,90,0,3.18,3.346906194915121,0.5024271199844327,0.5246435403823853
5251340930976542976,90,4,3.75,7.765956480605835,0.5740312677277188,0.8901949524879456
5251765686069259392,90,0,2.66,3.649988557346112,0.424881636631067,0.5622915029525757
5239324810756011776,90,4,2.07,1.815345750722218,0.3159703454569177,0.2589593529701233
5251802519709841280,90,1,1.24,0.952897060263545,0.09342168516223506,-0.020954012870788574
5251906595358394496,90,0,1.52,2.433252431198769,0.18184358794477254,0.3861871659755707
5253575241700335360,90,0,6.07,5.635923874886288,0.7831886910752576,0.7509651184082031
5239758155778687360,63,0,2.22,1.8478518854603163,0.3463529744506387,0.2666671574115753
5239758155778687360,64,0,2.22,1.8566911636010581,0.3463529744506387,0.2687396705150604
5239758155778687360,90,0,2.22,2.7099254974371974,0.3463529744506387,0.43295735120773315
5239748023979938432,90,3,2.81,1.7731111033512397,0.4487063199050799,0.2487359493970871
5239746271633131904,90,1,4.55,4.461279998362572,0.6580113966571124,0.6494594812393188
5239293101036428928,90,2,0.82,0.8385500116062576,-0.08618614761628333,-0.07647103071212769
5251903880939228544,90,4,4.01,3.538918033839502,0.6031443726201823,0.5488705039024353
5253511951059697152,90,4,5.17,8.419874240932497,0.7134905430939426,0.9253056049346924
5239891682052584832,10,4,2.46,2.4689642134205023,0.39093510710337914,0.39251479506492615
5239891682052584832,11,4,2.46,2.901911041231605,0.39093510710337914,0.46268409490585327
5239891682052584832,63,4,2.46,2.3136803089680194,0.39093510710337914,0.3643033504486084
5239891682052584832,64,4,2.46,2.6790413059678975,0.39093510710337914,0.42797940969467163
5239891682052584832,90,4,2.46,2.2138889629215375,0.39093510710337914,0.34515583515167236
5239770048573739520,90,0,0.6,0.5185677611625918,-0.2218487496163564,-0.2851944863796234
5239734932919731456,90,0,0.55,0.5478139988382923,-0.2596373105057561,-0.2613668739795685
610158378513683712,44,4,0.3034,0.7905650228551837,-0.5179844235492883,-0.1020624041557312
610158378513683712,45,4,0.3034,0.9918094032160681,-0.5179844235492883,-0.0035717785358428955
610158378513683712,46,4,0.3034,1.2130636345055952,-0.5179844235492883,0.08388358354568481
610158378513683712,72,4,0.3034,1.2543141304981675,-0.5179844235492883,0.09840631484985352
610136701814354560,44,3,12.7044,11.913357879597624,1.1039541591272564,1.0760341882705688
610136701814354560,45,3,12.7044,9.09091410623292,1.1039541591272564,0.95860755443573
610136701814354560,46,3,12.7044,10.193457667340665,1.1039541591272564,1.0083215236663818
610136701814354560,72,3,12.7044,9.350338664447763,1.1039541591272564,0.9708273410797119
659920144486898944,72,4,1.13515,0.9495923664210957,0.05505325348331225,-0.022462785243988037
604997240868589824,44,1,142.0,3.8309295616682317,2.1522883443830563,0.5833041667938232
604997240868589824,45,1,142.0,1.5464427829173828,2.1522883443830563,0.18933385610580444
604997240868589824,46,1,142.0,3.1037849471699954,2.1522883443830563,0.49189162254333496
69649736589001600,42,3,4.816,6.006339436589267,0.6826864782497681,0.7786098718643188
69649736589001600,43,3,4.816,4.5926652393503336,0.6826864782497681,0.662064790725708
69649736589001600,44,3,4.816,6.1550265333597975,0.6826864782497681,0.7892299294471741
69649736589001600,70,3,4.816,4.187258421911156,0.6826864782497681,0.6219297647476196
69649736589001600,71,3,4.816,5.349251309337775,0.6826864782497681,0.7282930016517639
6631685008336771072,13,0,5.371,4.865539999676677,0.7300551523754998,0.6871310472488403
6631685008336771072,66,0,5.371,4.762898718451043,0.7300551523754998,0.6778713464736938
6631685008336771072,93,0,5.371,4.844489481736372,0.7300551523754998,0.6852480173110962
6631685008336771072,94,0,5.371,5.608619893279211,0.7300551523754998,0.7488560080528259
69585140280997760,42,0,6.371,7.376928532069529,0.8042076050820415,0.8678755760192871
69585140280997760,43,0,6.371,8.69013641986316,0.8042076050820415,0.9390265941619873
69585140280997760,44,0,6.371,6.9726957721572544,0.8042076050820415,0.8434007167816162
69583456653826048,42,1,2.411,1.4643734388713894,0.3821972103774537,0.1656518429517746
69583456653826048,43,1,2.411,1.402063042619,0.3821972103774537,0.1467675417661667
69583456653826048,44,1,2.411,3.0654077628636296,0.3821972103774537,0.4864882528781891
69583456653826048,70,1,2.411,1.4514322329887466,0.3821972103774537,0.16179676353931427
69583456653826048,71,1,2.411,1.2664260841940818,0.3821972103774537,0.10257984697818756
69643757994608512,18,0,3.242,5.094069513310386,0.5108130105124962,0.7070648670196533
69643757994608512,42,0,3.242,4.223005785870433,0.5108130105124962,0.6256216764450073
69643757994608512,43,0,3.242,3.780000693046328,0.5108130105124962,0.5774918794631958
69643757994608512,44,0,3.242,3.2109106107367746,0.5108130105124962,0.5066282153129578
5253452062000579200,10,0,2.85,2.936463306063929,0.4548448600085102,0.4678245782852173
5253452062000579200,11,0,2.85,2.7977079548677053,0.4548448600085102,0.44680237770080566
5253452062000579200,90,0,2.85,2.6966207315476005,0.4548448600085102,0.43081986904144287
5239935525081853312,90,3,5.38,2.553897691232221,0.7307822756663892,0.4072034955024719
5239897931195331328,90,0,0.78,0.8503017813037421,-0.10790539730951958,-0.07042691111564636
5239895633422585856,90,1,0.15,0.2575939037436774,-0.8239087409443188,-0.5890644192695618
5239770563969875456,90,1,2.05,3.1973715587710747,0.31175386105575426,0.504793107509613
5239736204230183680,10,3,0.86,0.880982959919313,-0.06550154875643228,-0.05503249168395996
5239736204230183680,11,3,0.86,0.8761887794090376,-0.06550154875643228,-0.05740231275558472
5239736204230183680,90,3,0.86,0.8268746341352785,-0.06550154875643228,-0.08256033062934875
5239304542829302400,90,3,3.32,5.267563397624023,0.5211380837040362,0.7216097712516785
5239401402934120960,90,0,2.11,3.4747855448322698,0.3242824552976926,0.5409280061721802
5239401432972879872,90,1,5.94,4.709405889922365,0.7737864449811935,0.6729661226272583
5239652675713372032,90,0,4.54,3.3278966337937796,0.6570558528571039,0.522169828414917
5239653255497968384,90,1,6.89,6.051946791556307,0.8382192219076258,0.781895101070404
5241160037439849856,90,4,3.86,1.3955072202915655,0.5865873046717549,0.14473208785057068
5241540812064026368,90,4,0.82,3.4550776392690774,-0.08618614761628333,0.5384578108787537
69575313395795584,42,1,9.078,7.811153206828888,0.9579901784068303,0.8927151560783386
69575313395795584,43,1,9.078,9.284682556740078,0.9579901784068303,0.967767059803009
69575313395795584,44,1,9.078,7.519814253931436,0.9579901784068303,0.8762071132659912
69575313395795584,70,1,9.078,7.944677456305074,0.9579901784068303,0.9000762701034546
69575313395795584,71,1,9.078,7.85713487573728,0.9579901784068303,0.895264208316803
5239626420542800512,10,3,1.21,1.581128904338978,0.08278537031645007,0.19896727800369263
5239626420542800512,11,3,1.21,1.814900081984196,0.08278537031645007,0.2588527202606201
5239626420542800512,37,3,1.21,1.385383518767439,0.08278537031645007,0.14157001674175262
5239626420542800512,38,3,1.21,1.233723142921418,0.08278537031645007,0.09121771156787872
5239626420542800512,90,3,1.21,1.3434416696760039,0.08278537031645007,0.12821881473064423
5239637763586175232,10,2,1.09,1.0145549273567431,0.037426497940623665,0.006275564432144165
5239637763586175232,11,2,1.09,1.0316658290956404,0.037426497940623665,0.013539046049118042
5239637763586175232,37,2,1.09,0.9747764146623698,0.037426497940623665,-0.011094987392425537
5239637763586175232,38,2,1.09,1.2216406555905353,0.037426497940623665,0.08694347739219666
5239637763586175232,63,2,1.09,0.9158467482786498,0.037426497940623665,-0.03817719221115112
5239637763586175232,64,2,1.09,1.0549423683951007,0.037426497940623665,0.023228734731674194
5239637763586175232,90,2,1.09,0.8140314115058953,0.037426497940623665,-0.08935883641242981
5239414803234249216,37,1,7.05,7.537662089504352,0.8481891169913987,0.8772366642951965
5239414803234249216,38,1,7.05,7.749859863531777,0.8481891169913987,0.8892938494682312
5239414803234249216,90,1,7.05,7.124516026663854,0.8481891169913987,0.8527553677558899
69250235911393408,42,2,4.333,4.809184595955219,0.6367886890343748,0.6820714473724365
69250235911393408,43,2,4.333,5.076395366049547,0.6367886890343748,0.7055554389953613
69250235911393408,44,2,4.333,4.978656950219713,0.6367886890343748,0.6971122026443481
69250235911393408,70,2,4.333,4.507808656087063,0.6367886890343748,0.6539654731750488
69250235911393408,71,2,4.333,4.773879502796773,0.6367886890343748,0.6788714528083801
5241172303867599488,90,3,0.15,0.8755191097536056,-0.8239087409443188,-0.05773437023162842
5241171994629953920,90,0,1.62,0.4954156748899052,0.20951501454263097,-0.3050302565097809
5239419957194688768,90,3,0.34,0.6021001266731528,-0.46852108295774486,-0.22033128142356873
5239421503382925568,90,3,1.75,0.9119527804440015,0.24303804868629444,-0.04002764821052551
5241082315708039168,90,1,3.48,4.0509205028886415,0.541579243946581,0.6075537204742432
5241131003459519488,90,4,1.28,1.0321320511119731,0.10720996964786837,0.013735264539718628
5241132584007693312,10,4,0.41,0.4887252091432322,-0.38721614328026455,-0.31093525886535645
5241132584007693312,11,4,0.41,0.462163493230981,-0.38721614328026455,-0.3352043628692627
5241132584007693312,37,4,0.41,0.4372261431609719,-0.38721614328026455,-0.3592938780784607
5241132584007693312,38,4,0.41,0.45410799658316386,-0.38721614328026455,-0.34284085035324097
5241132584007693312,90,4,0.41,0.48470878677158513,-0.38721614328026455,-0.31451910734176636
5239525196750143616,10,4,0.31,0.3787698995025936,-0.5086383061657274,-0.4216245412826538
5239525196750143616,11,4,0.31,0.4322985626422709,-0.5086383061657274,-0.3642162084579468
5239525196750143616,90,4,0.31,0.5700655818096233,-0.5086383061657274,-0.24407517910003662
5241109872219554816,10,4,4.1,4.69869012665527,0.6127838567197355,0.6719768047332764
5241109872219554816,11,4,4.1,4.526506509523333,0.6127838567197355,0.6557631492614746
5241109872219554816,90,4,4.1,5.571293823829361,0.6127838567197355,0.7459560632705688
5240343817519314944,90,1,0.54,0.6345998278210583,-0.26760624017703144,-0.1975000500679016
5238790177556654208,90,2,5.45,3.071030037707584,0.7363965022766424,0.4872840642929077
68045583484082048,42,2,1.227,1.5847744427962538,0.08884456272700428,0.19996745884418488
68045583484082048,43,2,1.227,1.352694386354029,0.08884456272700428,0.1311996877193451
68045583484082048,44,2,1.227,1.2665494086432794,0.08884456272700428,0.1026221364736557
68045583484082048,70,2,1.227,0.9682124128111647,0.08884456272700428,-0.014029353857040405
68045583484082048,71,2,1.227,1.2026808493738324,0.08884456272700428,0.08015039563179016
68046133239891584,42,1,1.509,1.2146469975608816,0.17868923977558981,0.08445008099079132
68046133239891584,43,1,1.509,1.3052312843775673,0.17868923977558981,0.11568747460842133
68046133239891584,44,1,1.509,1.5226746387776648,0.17868923977558981,0.18260711431503296
68046133239891584,70,1,1.509,1.474886501746344,0.17868923977558981,0.1687586009502411
68046133239891584,71,1,1.509,1.2339661863227234,0.17868923977558981,0.0913032591342926
3008655553269260032,6,1,1.9,2.1375933517540453,0.2787536009528289,0.3299250900745392
3008655553269260032,32,1,1.9,1.8056489160415208,0.2787536009528289,0.25663331151008606
3008655553269260032,98,1,1.9,4.493338892258763,0.2787536009528289,0.6525691747665405
69294319455655808,42,0,0.366,0.563318982527491,-0.43651891460558934,-0.24924561381340027
69294319455655808,43,0,0.366,0.3595203339891782,-0.43651891460558934,-0.4442765414714813
69294319455655808,44,0,0.366,0.7547505098320341,-0.43651891460558934,-0.12219658493995667
69294319455655808,70,0,0.366,0.5780757292552363,-0.43651891460558934,-0.23801526427268982
69294319455655808,71,0,0.366,0.5329094565037479,-0.43651891460558934,-0.27334657311439514
71351883668034048,42,3,8.484,6.927469496666736,0.9286006598445242,0.8405746221542358
71351883668034048,43,3,8.484,6.434189574121246,0.9286006598445242,0.8084938526153564
71351883668034048,44,3,8.484,8.576103324302254,0.9286006598445242,0.9332900047302246
71351883668034048,58,3,8.484,8.056851544393512,0.9286006598445242,0.906165361404419
71351883668034048,70,3,8.484,6.823192022725792,0.9286006598445242,0.8339875936508179
71351883668034048,71,3,8.484,8.631976674206067,0.9286006598445242,0.936110258102417
68398732874994944,42,4,7.553,5.563061778056338,0.8781194846971675,0.7453138828277588
68398732874994944,43,4,7.553,8.337329106545788,0.8781194846971675,0.9210269451141357
68398732874994944,44,4,7.553,7.393097759033283,0.8781194846971675,0.8688264489173889
68398732874994944,70,4,7.553,8.784314644948218,0.8781194846971675,0.9437078833580017
68398732874994944,71,4,7.553,9.705191323364188,0.8781194846971675,0.9870041012763977
68506347575444096,42,4,0.208,0.5920252612142054,-0.6819366650372385,-0.22765976190567017
68506347575444096,43,4,0.208,0.5419710216571992,-0.6819366650372385,-0.2660239338874817
68506347575444096,44,4,0.208,0.6311299704274074,-0.6819366650372385,-0.1998811960220337
68506347575444096,70,4,0.208,0.9263327382698598,-0.6819366650372385,-0.03323298692703247
68506347575444096,71,4,0.208,0.9669982338465797,-0.6819366650372385,-0.014574319124221802
71021927100882560,42,2,0.325,0.5464132990039227,-0.4881166390211256,-0.2624787390232086
71021927100882560,43,2,0.325,0.34356703525159116,-0.4881166390211256,-0.4639885127544403
71021927100882560,44,2,0.325,0.4186458257443086,-0.4881166390211256,-0.3781532347202301
71021927100882560,70,2,0.325,0.5111277993923639,-0.4881166390211256,-0.2914704978466034
71021927100882560,71,2,0.325,0.3733699422113171,-0.4881166390211256,-0.42786064743995667
6418732764501078784,13,2,90.69,15.98302351485497,1.9575594018974796,1.203658938407898
6418732764501078784,39,2,90.69,4.137573392327386,1.9575594018974796,0.6167457103729248
6418732764501078784,66,2,90.69,17.864791326252316,1.9575594018974796,1.251997947692871
6418732764501078784,67,2,90.69,27.60857383028566,1.9575594018974796,1.4410439729690552
6418732764501078784,93,2,90.69,23.45185870717073,1.9575594018974796,1.3701772689819336
6418732764501078784,94,2,90.69,9.528201646471972,1.9575594018974796,0.9790109395980835
6342940473056949120,13,1,0.85,2.0277881069046932,-0.07058107428570728,0.3070225715637207
6342940473056949120,27,1,0.85,0.7856459857233212,-0.07058107428570728,-0.10477310419082642
6342940473056949120,39,1,0.85,0.7840843891229786,-0.07058107428570728,-0.10563719272613525
6342940473056949120,66,1,0.85,0.7742942458874363,-0.07058107428570728,-0.11109396815299988
6342940473056949120,67,1,0.85,0.7333758142057812,-0.07058107428570728,-0.13467341661453247
6342940473056949120,93,1,0.85,0.7895819653040156,-0.07058107428570728,-0.10260277986526489
6342940473056949120,94,1,0.85,0.7020812686488659,-0.07058107428570728,-0.15361261367797852
2727844441062478464,55,4,0.71,0.7875931407977202,-0.14874165128092473,-0.10369807481765747
459980556340904192,58,3,7.071,3.670832425278859,0.8494808372439862,0.5647645592689514
459980556340904192,59,3,7.071,16.845260917746018,0.8494808372439862,1.2264777421951294
459980556340904192,86,3,7.071,10.323055218955485,0.8494808372439862,1.013808250427246
2616132101175106816,42,3,9.71,6.060562066422365,0.9872192299080049,0.782512903213501
2616132101175106816,92,3,9.71,4.082076037821732,0.9872192299080049,0.6108810901641846
3187115498866675456,5,0,94.75,56.907266187969064,1.9765792186401099,1.7551677227020264
3187115498866675456,32,0,94.75,49.86655181709714,1.9765792186401099,1.6978093385696411
3187115498866675456,98,0,94.75,6.8907669931328694,1.9765792186401099,0.8382675647735596
2640434056928150400,42,4,100.4,20.44490708521888,2.0017337128090005,1.3105851411819458
2640434056928150400,70,4,100.4,43.10803242334841,2.0017337128090005,1.6345582008361816
2119839387352940288,14,3,21.52,14.465124946255917,1.3328422669943516,1.1603221893310547
2119839387352940288,26,3,21.52,31.683126236580396,1.3328422669943516,1.5008280277252197
2119839387352940288,40,3,21.52,41.87202103718052,1.3328422669943516,1.6219239234924316
2119839387352940288,41,3,21.52,31.872792436775065,1.3328422669943516,1.503420114517212
2119839387352940288,53,3,21.52,10.091225710177703,1.3328422669943516,1.003943920135498
2119839387352940288,54,3,21.52,16.00940339419336,1.3328422669943516,1.204375147819519
2119839387352940288,55,3,21.52,18.53829818057778,1.3328422669943516,1.268069863319397
6249186662749340544,91,0,1.961,1.3330016227380759,0.2924775936677841,0.12483067810535431
6244007516310200192,91,0,10.27375,6.634666035888419,1.0117289934555296,0.8218190670013428
6244007138353080704,91,4,2.0777,2.4398718148122813,0.3175828397801993,0.38736701011657715
6244006451158294016,91,3,2.312,3.6833636867997894,0.3639878297484914,0.5662446022033691
6243686488973146752,91,4,1.5381,1.512590039554887,0.18698457216006173,0.17972123622894287
6243300461614372992,91,2,2.5163,3.650069209871386,0.40076241760693576,0.5623010993003845
6242417897370352512,91,2,2.00715,1.9037429553246035,0.3025798297560559,0.2796083092689514
6242530562953281408,91,0,1.59605,1.2958771545020669,0.20304649251844453,0.1125638335943222
6243685084521547008,91,3,6.6068,6.5233763818124535,0.819991160113743,0.8144724369049072
6244239238381084544,91,1,2.4332,2.4826823330973116,0.3861778077908857,0.3949211537837982
6248748266847062912,91,3,9.10175,9.168577694082275,0.9591249024611265,0.9623019695281982
6248988029100509824,91,2,9.33065,6.014005728377452,0.969911899006992,0.7791638374328613
6248761151748998400,91,2,3.0556,3.233782367873237,0.4850965013556422,0.5097107887268066
6248755825989499904,91,4,6.35955,7.838910351396611,0.80342638617812,0.8942556977272034
6245739521996902272,91,2,5.3883,4.128140077723204,0.7314517675850097,0.6157544255256653
6245739521996902656,91,3,2.3813,4.794625176837036,0.3768141119681973,0.6807546615600586
6243914916810909568,91,2,3.9753,3.4336261806847888,0.599369908697716,0.5357530117034912
6243908319741005568,91,1,0.54995,0.6736720111271316,-0.25967679361700685,-0.17155149579048157
6243731848125035520,91,2,3.2688,3.470448498932936,0.5143883492883724,0.5403856039047241
6243719100662064000,91,1,1.96885,1.420615500988567,0.2942126299757113,0.15247654914855957
6243694052412741120,91,0,1.7674,1.6921168904746302,0.24733485065745614,0.2284303605556488
6242529875758506880,91,4,1.8581,2.2268581279697033,0.26906908332797674,0.3476925492286682
6242532590177846400,91,4,5.5847,5.754522451072951,0.7469998485628301,0.7600092887878418
6242527745454719232,91,3,3.606,3.26309736489581,0.5570257223863831,0.5136300325393677
6242526989540469248,91,2,9.2513,6.015793790633903,0.96620276443166,0.7792929410934448
6242464283017261184,91,1,1.5437,2.0133063717520217,0.1885629041579057,0.30390986800193787
6242206207022808320,91,1,7.35085,4.6765396064395635,0.8663375607122,0.6699246168136597
6242110583872432384,91,0,3.2393,2.942198754655199,0.5104511710145652,0.4686720073223114
6242207821930501504,91,1,4.5709,9.164715406143836,0.6600017201028833,0.9621189832687378
6242453425339902464,91,3,3.1322,2.0144958478751387,0.49584948522601635,0.30416637659072876
6242908790652919040,91,0,1.87715,1.478379246198063,0.27349897777288273,0.16978585720062256
6242912505804505984,91,1,3.8773,2.2093282488775503,0.5885294051609404,0.34426024556159973
6242933877561854848,91,4,0.26915,0.9537058861299101,-0.5700056158482933,-0.02058553695678711
6242937279176153216,91,0,9.4959,5.791620510601828,0.97753613247593,0.7628000974655151
6245777283349430912,91,3,9.87015,3.258377828550931,0.9943237528395733,0.5130014419555664
6245777283349431552,91,4,1.8142,3.978723177681805,0.25868516260747243,0.5997437238693237
6248787436949193344,91,1,2.1958,1.1925341023092242,0.341592780745293,0.07647080719470978
6248987273186258176,91,1,1.336,0.6855659805606287,0.1258064581395269,-0.16395074129104614
6245733612121878400,91,1,1.72225,1.8235371849999238,0.23609619342418542,0.2609146237373352
6245721929810787456,91,0,4.4663,4.994278974535393,0.649947891142217,0.698472797870636
6245672383068041344,91,3,3.6265,5.294220557669588,0.5594876817977651,0.7238020300865173
6243843994013465088,91,2,1.5944,1.1592279415585796,0.2025972856924312,0.06416884064674377
6242917865923662336,91,3,5.722,4.817741638521036,0.7575478534692439,0.6828435063362122
6242453768937886080,91,4,5.4178,5.21438412644004,0.7338229688589113,0.7172030210494995
6242151918636039296,91,0,0.3628,0.8125983930568148,-0.4403327216119423,-0.09012404084205627
6242134670047297408,91,1,1.07745,1.0863379860878641,0.03239712548898021,0.0359649658203125
6242151708178669056,91,4,1.6719,1.9247085189085653,0.22321029777586263,0.2843649685382843
6242260220531843968,91,3,1.8146,1.95442479113272,0.2587809065412604,0.2910189628601074
6242463973780507136,91,0,3.73365,4.891564230702463,0.5721336038666794,0.6894477605819702
6242857942539775232,91,3,9.7421,10.500761708969918,0.9886525831730631,1.0212208032608032
6242864814487487488,91,4,0.8159,1.2526353052229073,-0.08836306687055788,0.09782464802265167
6242916354095163648,91,2,6.50135,4.851822012058285,0.813003546900433,0.685904860496521
6242943498288490752,91,1,0.8734,0.6897459803796312,-0.05878681241467872,-0.1613108217716217
6242964045412203776,91,1,0.7018,0.6794974968463117,-0.15378663612061264,-0.16781213879585266
6243844822944577536,91,4,1.71745,1.8797683237328089,0.2348841023311911,0.2741043269634247
6245680560685776768,91,0,4.1493,4.056668835172841,0.6179748360423849,0.6081695556640625
6245775565362814592,91,2,16.3631,8.10147489853611,1.2138655845037587,0.9085640907287598
6245779276214380928,91,0,13.3686,7.835753369225859,1.1260859290189036,0.8940807580947876
6248997237510309120,91,3,3.6857,4.8765619873627815,0.5665199826337658,0.6881137490272522
6248889038693959808,91,4,3.917,2.7874548028034747,0.5929535715478659,0.4452078342437744
6245781097280740864,91,1,4.1422,3.223421166133176,0.6172310643303504,0.5083170533180237
6245758827871591680,91,1,2.555,0.6423598944419856,0.40739090447073156,-0.19222158193588257
6245669050173379328,91,2,2.0291,1.8153805070201037,0.30730345086676514,0.25896766781806946
6245656199631207808,91,1,5.1176,5.144148368486538,0.7090663377095062,0.7113134860992432
6242970711201462144,91,3,6.6718,2.0129976125648863,0.8242430190148369,0.30384325981140137
6242837120538124160,91,2,0.925,1.0069355869953056,-0.03385826726096737,0.003001689910888672
6242237165147341184,91,2,0.47,0.598643380313069,-0.3279021420642826,-0.2228318154811859
6242157965949992192,91,1,0.8106,1.121954272621869,-0.09119340059432578,0.04997515678405762
6242145626506129664,91,2,0.64265,0.5463179170407246,-0.1920254881225966,-0.2625545561313629
6242146146199950592,91,3,4.86825,6.088339621439561,0.6873728725228238,0.7844988703727722
6242887732432964864,91,2,1.9681,1.3935408681798431,0.2940471613437156,0.14411970973014832
6242888007310865280,91,3,2.0312,2.3357741774096183,0.30775268786566584,0.36843085289001465
6242894054624897152,91,4,1.9676,1.6988599727592377,0.2939368138872937,0.23015758395195007
6245677605748460416,91,4,1.8094,1.7731623901516964,0.2575345859806787,0.2487485110759735
6245756049031523072,91,4,5.421,11.757339068105791,0.7340794072805943,1.070309042930603
6245757767018447616,91,0,4.6963,5.096178539068285,0.6717558318901261,0.7072446346282959
6248888282779703168,91,3,2.0914,1.6494321268558947,0.3204371036828646,0.21733444929122925
6249000566108106112,91,4,6.01075,8.511379354058503,0.7789286651041434,0.9299999475479126
6248952432411647488,91,0,1.15695,1.5117496168953335,0.06331459041820425,0.17947986721992493
6245701691925397632,91,4,2.0069,3.3489159747005246,0.3025257329607413,0.5249042510986328
6242873473141419648,91,0,2.0723,2.1135269807197234,0.31645262699665583,0.3250077962875366
6242626838939418880,91,0,11.88525,5.590571329611855,1.0750083213169188,0.7474561929702759
6242196070900653952,91,4,0.425,0.3586930031266189,-0.37161106994968846,-0.4452770948410034
6242186072216348544,91,3,2.44085,1.9687846516251293,0.3875410911034117,0.294198215007782
5401795662560500352,9,0,3.56,5.219171137816928,0.5514499979728752,0.7176015377044678
5401795662560500352,63,0,3.56,6.421037510135875,0.5514499979728752,0.8076052069664001
5401795662560500352,90,0,3.56,5.30084187797688,0.5514499979728752,0.7243448495864868
5401795662560500352,99,0,3.56,4.693293081976835,0.5514499979728752,0.6714776754379272
6242198265623040896,91,3,0.7201,1.4816957566738973,-0.14260718907909872,0.17075903713703156
6242198746659039872,91,2,5.48495,4.337099661605399,0.7391726729639535,0.6371994018554688
6242623299886328320,91,4,1.558,0.7354576296755089,0.19256745333654565,-0.13344234228134155
6242630893388639872,91,1,2.79235,1.909526505851181,0.4459698528988489,0.2809256911277771
6242649340270424704,91,2,0.48325,0.7086546821762706,-0.3158281372994094,-0.14956533908843994
6242873885459459968,91,1,2.2585,3.1470318743961676,0.35382009489741306,0.49790114164352417
6245495705292935424,91,0,0.92,0.9181192407351789,-0.036212172654444715,-0.037100911140441895
6245684031019855488,91,1,5.906,5.868901670562395,0.7712934426290596,0.7685568332672119
6245698084152661888,91,2,1.7408,1.5385742888904146,0.24074887801808587,0.18711847066879272
6245714095790758528,91,4,8.62825,8.577746609035438,0.9359227201170538,0.933373212814331
6245859403122312704,91,0,1.7852,1.6921892329704342,0.2516868781684918,0.22844892740249634
6245812948756034816,91,4,3.6929,3.7582852202177035,0.5673675475545266,0.5749897360801697
6245861602145571072,91,1,0.28175,0.41813376681834935,-0.5501360752818558,-0.37868475914001465
6245812811317070976,91,3,1.8003,1.5998665950990252,0.25534488148575896,0.20408377051353455
6245811780524907392,91,2,0.75565,0.7238180723797065,-0.12167931331549355,-0.14037057757377625
6245700145736963072,91,0,1.84955,2.42503494320106,0.2670660763546186,0.38471800088882446
6191370493065717504,37,1,2.4,2.678302546046194,0.38021124171160603,0.4278596341609955
6243867225494117248,91,0,4.3671,1.5223352944970345,0.6401931367234817,0.18251031637191772
6050008653912337280,91,2,0.2842,0.6890017549437822,-0.546375926408549,-0.16177967190742493
6242176653347275136,91,2,5.1488,4.821368416426876,0.7117060224189355,0.6831703186035156
6242558153822184576,91,4,1.74,2.0035688654022525,0.24054924828259971,0.3018042743206024
6242578696645925504,91,4,2.08715,2.2956422905590648,0.31955366220935805,0.3609042167663574
6242663981816768640,91,4,1.96085,2.335428785776488,0.29244437252351935,0.36836662888526917
6242665356206286848,91,0,1.748,1.7271956600588876,0.24254142829838424,0.23734153807163239
6245819786343951744,91,1,1.1868,1.4869437582340252,0.07437753764480426,0.17229454219341278
6245821092014031616,91,2,3.24635,2.729194395671699,0.5113953407749908,0.4360344707965851
6245821126373768832,91,3,1.5195,1.7473496381534799,0.1817007044159617,0.2423798143863678
6249313690700531328,91,0,2.90215,6.887644927541414,0.4627198555478719,0.8380707502365112
6245816277354494208,91,0,1.796,3.443864652339654,0.2543063323312856,0.5370460748672485
6245601945603400960,91,4,1.51365,1.2624776755195375,0.1800254652293896,0.10122370719909668
6242661336116811648,91,3,3.9196,4.268471523742707,0.5932417489958356,0.630272388458252
6242559459492232704,91,1,1.1541,0.6594218333251757,0.06224344102647789,-0.18083667755126953
6242554649124043520,91,1,3.0887,3.5175291661086265,0.48977572809047454,0.5462377071380615
6242552862422389888,91,0,1.79725,1.7072194269487817,0.25460849228357263,0.23228934407234192
6050017587444232448,91,3,1.8041,1.4759551120221877,0.25626060651220683,0.16907314956188202
6242562861106321024,91,2,15.739,0.8920492836124441,1.1969771353751186,-0.04961115121841431
6242564166776356864,91,3,2.99245,2.653379841562219,0.4760269026355053,0.42379942536354065
6242671777180877312,91,3,1.3367,1.7340851354911988,0.1260339480518129,0.23907041549682617
6242786955320131456,91,4,1.54585,1.6190458117275706,0.1891673502984879,0.20925913751125336
6245845586211677312,91,0,2.0765,2.0615092675913007,0.31733193544589694,0.3141852915287018
6245905067214867968,91,2,7.46975,6.527113535733774,0.8733060669509618,0.8147211670875549
6245831090698131712,91,1,16.5182,6.981815875605655,1.2179627201841987,0.843968391418457
6245826349054119552,91,0,2.59975,5.121673148610805,0.41493158687824255,0.7094118595123291
6245582734212097024,91,2,4.23085,5.516697765211457,0.6264276281847387,0.7416791915893555
6245428463284702592,91,4,2.1008,1.9743300359644453,0.32238470874540415,0.29541975259780884
6242769672371612672,91,2,0.56715,0.8994928207653288,-0.2463020635817831,-0.04600229859352112
6242770836302870784,91,2,0.135,0.139895943125135,-0.8696662315049939,-0.8541948795318604
6242670269649588992,91,1,1.1409,0.9218491714281435,0.0572475801312449,-0.03534013032913208
6242595876516326400,91,1,1.8226,1.419680479198167,0.2606913659374766,0.15219061076641083
6242595262340274688,91,0,2.6276,2.30032056605621,0.4195592531957207,0.3617883622646332
6050383415578946816,91,2,5.73655,5.467570596078649,0.7586507832654033,0.7377943992614746
6049999612999998208,91,1,24.816,0.6937565825316931,1.3947317804695296,-0.1587928831577301
6050322598840820096,91,1,0.9279,1.4962951473208081,-0.032498825277158604,0.17501726746559143
6050378089819434368,91,1,2.74895,2.972303086338868,0.43916684063591077,0.47309309244155884
6242620825986034432,91,3,2.62715,2.674740648014372,0.41948487001199763,0.4272816777229309
6242822277131230592,91,0,4.9827,5.780065111093529,0.6974647398167094,0.7619327306747437
6245838065724966784,91,4,11.4389,14.70413833856297,1.05838426336443,1.167439579963684
6245835179506936704,91,2,1.8998,1.2017157911685004,0.2787078833379751,0.0798017680644989
6245595108015533824,91,3,0.403,0.3375913200946294,-0.39469495385889053,-0.4716087281703949
6245532607651286528,91,1,6.00015,5.565730090673062,0.7781621076099764,0.745522141456604
6242772421150585344,91,3,0.8768,1.0699660065101448,-0.05709945885970605,0.029369980096817017
6242599763466335104,91,2,1.72395,2.8790507317360663,0.23652466575842143,0.4592493176460266
6050429041009136512,91,1,1.343,0.6770909229894176,0.12807601266871535,-0.16935300827026367
6050388084200604544,91,4,0.62215,0.8361295576522139,-0.2061048945398189,-0.07772642374038696
6050388913137070848,91,0,13.92195,10.960390699492459,1.1437000696802582,1.0398260354995728
6050385511522948096,91,3,1.2704,1.7138608548873482,0.10394048508302103,0.23397555947303772
6050324454266688000,91,3,1.38535,1.6166992454669802,0.141559509043599,0.20862923562526703
6050322633200555904,91,2,1.23845,1.147397502118015,0.09287847748428289,0.059713900089263916
6050333112920811776,91,4,1.1245,1.190049374771799,0.05095945977165101,0.07556498050689697
6050444163597305856,91,2,9.48975,7.0558000737721605,0.9772547714314438,0.8485462665557861
6050538893392363136,91,2,1.16715,1.294472615805365,0.06712667437099203,0.11209286749362946
6242721152123092608,91,4,1.8058,1.1509816920746363,0.25666964868723313,0.06106841564178467
6242726993278898688,91,0,1.74045,2.603429318758188,0.24066155129970698,0.415545791387558
6242829355237317504,91,1,0.5623,1.6125025056713638,-0.2500319164905971,0.2075003981590271
6245621668093538304,91,0,5.4646,6.770944542316805,0.7375583777860805,0.8306492567062378
2898608526823037184,6,4,9.75,7.758833563758809,0.9890046156985368,0.8897964358329773
2898608526823037184,33,4,9.75,6.0052472871794444,0.9890046156985368,0.7785308957099915
6050364449002909824,91,4,1.250075,1.2232991368676938,0.09693606989527183,0.08753266930580139
6050363830527408384,91,3,0.8368,1.33625294525026,-0.07737832847680098,0.1258886754512787
6050335140145464832,91,0,1.88525,2.155436456849809,0.27536894946025736,0.33353522419929504
6050318269513902976,91,4,2.6275,2.7957156642668277,0.4195427247002798,0.446492999792099
6050308988082736896,91,0,3.409,3.3885957369065998,0.5326270012288912,0.5300197601318359
6050372626620551552,91,0,0.5279,1.3588687271217574,-0.2774483379990415,0.1331775039434433
6050550129026873344,91,3,3.667,2.1566308746759453,0.5643109099606027,0.3337758183479309
6242758849054325632,91,3,1.93985,0.44914753416019493,0.2877681491617335,-0.3476109802722931
6050517727793292672,91,2,1.5717,1.433173999083891,0.19636965316760868,0.1562989205121994
6050346856816823552,91,2,6.79385,6.846271319271668,0.8321159539423941,0.8354541063308716
6050345001390940160,91,1,5.17015,2.1631997669526677,0.7135031433313259,0.3350966274738312
6246043846200149376,91,4,5.3493,6.167002294795747,0.7282969547264024,0.7900741100311279
6244267963123074048,91,1,8.8664,5.552846361875965,0.9477473202268097,0.7445156574249268
6245959183804332416,91,3,1.047,3.68151848689222,0.019946681678842306,0.5660269856452942
6244295760151546624,91,3,1.6942,2.6530080577019755,0.22896467740516063,0.423738569021225
6050559852833452160,91,4,4.01815,4.345787011405265,0.6040261451937969,0.638068437576294
6050242300128148736,91,4,0.7376,0.8200422167682901,-0.13217909195442706,-0.08616378903388977
6050487456864139392,91,3,0.78105,3.938611212694796,-0.10732116326862638,0.5953431129455566
6050561914417776256,91,0,0.47605,0.6873171646333975,-0.3223474305070367,-0.16284281015396118
6052068657664195072,91,3,15.12775,6.368334816386999,1.1797743387800286,0.8040258884429932
6052065977604571520,91,2,4.9222,8.18521156375518,0.6921592560818836,0.9130299091339111
6052083879028407808,91,4,1.48,4.296088415006511,0.17026171539495738,0.6330732107162476
6052096759629655168,91,1,22.9226,1.3738733838359143,1.360263876018416,0.1379467099905014
6244253635112032384,91,2,1.54395,1.744573833038911,0.18863323183151703,0.24168935418128967
6244705293871433856,91,1,3.7208,3.4305559647348853,0.5706363265034601,0.5353645086288452
6244725050721030528,91,4,3.9214,5.0044756733711955,0.5934411445018063,0.6993585824966431
6244712990449721216,91,3,7.7648,2.3311863235934087,0.8901302739712104,0.3675769865512848
6244278305404148352,91,2,2.47185,2.265188390914024,0.39302211279670257,0.35510432720184326
6052094358748726656,91,0,5.6527,5.898151074396964,0.7522559372022308,0.7707158923149109
6050514120021417728,91,3,3.2936,2.2544591171328663,0.5176708539894297,0.3530423641204834
6050295282845046272,91,4,8.2881,8.86445626213826,0.9184549824091441,0.9476521015167236
6050492439026465280,91,4,6.03285,8.212946330126893,0.7805225272089708,0.9144989848136902
6050496459111584384,91,0,0.123,0.3822914368308291,-0.9100948885606021,-0.4176054298877716
6052023234089878528,91,0,0.7562,0.7617247356296918,-0.1213633269734832,-0.11820194125175476
6050297206990387840,91,3,2.53695,2.98693810619313,0.40431190792410426,0.4752262234687805
6050271368466947200,91,0,2.9237,2.505925011089909,0.465932807742469,0.39896807074546814
6050191619514003584,91,4,3.131,8.464421552011977,0.4956830676169152,0.9275972843170166
6052101746092248960,91,2,2.3555,2.5434687893775525,0.37208310857425253,0.40542641282081604
6052113222245376512,91,3,4.13285,4.293887943516475,0.616249643037706,0.632850706577301
6052223688802577664,91,2,6.81,5.9968686653439285,0.8331471119127851,0.7779245376586914
6052227537093294976,91,4,3.4072,4.299216874959372,0.5323976270656925,0.6333893537521362
3216729573251961856,6,3,4.374,1.5238682726976853,0.6408787787016182,0.18294742703437805
3216729573251961856,32,3,4.374,1.9767922164450416,0.6408787787016182,0.29596102237701416
5704769390127988224,8,1,3.158,3.438803431937768,0.49941212567227544,0.5364073514938354
5704769390127988224,35,1,3.158,3.219263100068339,0.49941212567227544,0.5077564716339111
4692567919129007360,1,2,0.62,0.6492733101095397,-0.20760831050174613,-0.1875724494457245
4692567919129007360,28,2,0.62,0.698534828019884,-0.20760831050174613,-0.15581193566322327
4692567919129007360,29,2,0.62,0.6771963570895869,-0.20760831050174613,-0.169285386800766
4692567919129007360,68,2,0.62,0.635604266946356,-0.20760831050174613,-0.1968131959438324
4692567919129007360,69,2,0.62,0.6917685022179194,-0.20760831050174613,-0.16003921627998352
4692567919129007360,95,2,0.62,0.7575548475646315,-0.20760831050174613,-0.12058591842651367
4692567919129007360,96,2,0.62,0.6872991477089395,-0.20760831050174613,-0.16285419464111328
4704749786410138752,2,2,0.26,0.2801730249621159,-0.585026652029182,-0.5525736808776855
4704749786410138752,28,2,0.26,0.29549429912594954,-0.585026652029182,-0.5294508934020996
4704749786410138752,29,2,0.26,0.27218804794975365,-0.585026652029182,-0.5651309490203857
6249361382017953408,91,1,3.238,3.3694428012346402,0.5102768444173549,0.5275580883026123
5444751795151480320,36,2,5.05,7.1130663688317854,0.7032913781186614,0.8520568609237671
4677731349742482176,27,0,0.32,0.3668819530516544,-0.494850021680094,-0.43547365069389343
4677731349742482176,28,0,0.32,0.38229841507188417,-0.494850021680094,-0.4175975024700165
4677731349742482176,29,0,0.32,0.37388390493104734,-0.494850021680094,-0.4272632300853729
4677731349742482176,30,0,0.32,0.4464867300618304,-0.494850021680094,-0.3501914441585541
4677731349742482176,31,0,0.32,0.45836778128658623,-0.494850021680094,-0.33878591656684875
4677731349742482176,32,0,0.32,0.4316241134273793,-0.494850021680094,-0.364894300699234
4677731349742482176,33,0,0.32,0.4296114063363915,-0.494850021680094,-0.3669241964817047
4677731349742482176,34,0,0.32,0.46289722516794696,-0.494850021680094,-0.33451542258262634
4677731349742482176,35,0,0.32,0.4095902401684021,-0.494850021680094,-0.38765040040016174
4677731349742482176,36,0,0.32,0.42277712159915737,-0.494850021680094,-0.3738885223865509
4677731349742482176,37,0,0.32,0.4246743390581271,-0.494850021680094,-0.37194398045539856
4677731349742482176,38,0,0.32,0.4429894551906911,-0.494850021680094,-0.35360661149024963
4677731349742482176,39,0,0.32,0.4309337123902305,-0.494850021680094,-0.36558952927589417
4677731349742482176,87,0,0.32,0.4602565920263557,-0.494850021680094,-0.3369999825954437
4677731349742482176,88,0,0.32,0.5210850386351997,-0.494850021680094,-0.28309139609336853
4677731349742482176,89,0,0.32,0.4846425003933252,-0.494850021680094,-0.31457850337028503
4677731349742482176,90,0,0.32,0.4564911074383074,-0.494850021680094,-0.3405676782131195
4677731349742482176,93,0,0.32,0.42675152709427794,-0.494850021680094,-0.36982491612434387
4677731349742482176,95,0,0.32,0.4318179249186568,-0.494850021680094,-0.3646993339061737
4677731349742482176,96,0,0.32,0.4757197769026076,-0.494850021680094,-0.3226487934589386
4677731349742482176,97,0,0.32,1.8958645036023778,-0.494850021680094,0.2778072953224182
150073682105601408,43,3,5.817,8.39611666469725,0.7646990637983678,0.9240784645080566
150073682105601408,44,3,5.817,5.620988057773143,0.7646990637983678,0.749812662601471
150073682105601408,70,3,5.817,2.447111148510716,0.7646990637983678,0.3886536955833435
150073682105601408,71,3,5.817,6.619902971775237,0.7646990637983678,0.8208516240119934
163184366130809472,19,2,5.268,4.544166672984902,0.7216457662897462,0.657454252243042
163184366130809472,43,2,5.268,2.859333181161403,0.7216457662897462,0.45626476407051086
163184366130809472,44,2,5.268,3.8919652409684637,0.7216457662897462,0.5901689529418945
149956519694104704,43,1,0.451,1.2732320794726149,-0.34582345812203946,0.1049075722694397
149956519694104704,44,1,0.451,2.7040940758431167,-0.34582345812203946,0.4320217967033386
819071050989217792,21,1,8.35,6.737770053193223,0.921686475483602,0.8285161852836609
3378334482336389760,45,1,17.43,9.712545342870799,1.2412973871099933,0.9873330593109131
5398663566249861120,10,0,0.734,0.9691298664940471,-0.13430394008392949,-0.013618022203445435
5398663566249861120,36,0,0.734,0.6183291786221877,-0.13430394008392949,-0.20878025889396667
5398663566249861120,63,0,0.734,0.6581752141410394,-0.13430394008392949,-0.18165847659111023
5398663566249861120,90,0,0.734,0.8006589056274306,-0.13430394008392949,-0.09655246138572693
149943428633879296,70,0,16.967,14.442336218251445,1.2296050598413752,1.159637451171875
164698634160139264,19,3,4.33,4.422929240684807,0.6364878963533654,0.6457099914550781
164698634160139264,43,3,4.33,6.455220360192135,0.6364878963533654,0.8099110722541809
164698634160139264,44,3,4.33,7.601301961827043,0.6364878963533654,0.8808879852294922
164698634160139264,70,3,4.33,4.811937070980498,0.6364878963533654,0.6823199391365051
164698634160139264,71,3,4.33,6.823450487102361,0.6364878963533654,0.8340040445327759
164705368668853120,43,4,1.417,1.510717809419903,0.1513698502474604,0.17918334901332855
164705368668853120,44,4,1.417,1.6560550555476705,0.1513698502474604,0.2190747708082199
164705368668853120,70,4,1.417,1.4326124447542812,0.1513698502474604,0.15612871944904327
164705368668853120,71,4,1.417,1.5479101182197057,0.1513698502474604,0.1897457391023636
164504467278644096,19,3,5.482,4.3403401907100125,0.7389390312034796,0.6375237703323364
164504467278644096,43,3,5.482,5.072391567498006,0.7389390312034796,0.7052127718925476
164504467278644096,44,3,5.482,5.550025787597946,0.7389390312034796,0.7442950010299683
164504467278644096,70,3,5.482,5.2445172965061575,0.7389390312034796,0.7197055220603943
164504467278644096,71,3,5.482,4.83121407712585,0.7389390312034796,0.684056282043457
164445437248152832,19,2,2.888,3.8035727862476403,0.4605971888976015,0.5801917314529419
164445437248152832,43,2,2.888,3.3377208906978977,0.4605971888976015,0.5234500169754028
164445437248152832,44,2,2.888,3.277671277293508,0.4605971888976015,0.5155653953552246
164445437248152832,70,2,2.888,3.1355482096501075,0.4605971888976015,0.4963134825229645
164445437248152832,71,2,2.888,2.9431633923540206,0.4605971888976015,0.4688143730163574
149623711269425408,43,4,5.386,3.3494110233096377,0.7312663490754916,0.5249684453010559
149623711269425408,44,4,5.386,4.843806697246621,0.7312663490754916,0.6851868033409119
149623711269425408,70,4,5.386,4.931992077984286,0.7312663490754916,0.6930223703384399
149623711269425408,71,4,5.386,5.8423890818972835,0.7312663490754916,0.7665904760360718
152226491513195648,43,2,5.492,4.66723142762019,0.7397305285647175,0.6690593361854553
152226491513195648,44,2,5.492,5.123125593097936,0.7397305285647175,0.7095350027084351
152226491513195648,70,2,5.492,4.582269191724013,0.7397305285647175,0.6610805988311768
152226491513195648,71,2,5.492,4.950534375791371,0.7397305285647175,0.6946520805358887
3405297324946333440,5,4,11.521,4.068799732842019,1.0614901766248155,0.6094663143157959
3405297324946333440,43,4,11.521,5.194686031174005,1.0614901766248155,0.7155593037605286
3405297324946333440,44,4,11.521,8.483458755466563,1.0614901766248155,0.928572952747345
3405297324946333440,71,4,11.521,8.807846893405895,1.0614901766248155,0.9448697566986084
147258180719392512,43,2,0.66,0.4646685245366588,-0.1804560644581313,-0.3328567445278168
147258180719392512,44,2,0.66,0.44993830970341214,-0.1804560644581313,-0.3468470275402069
147258180719392512,70,2,0.66,0.4656227866876335,-0.1804560644581313,-0.33196577429771423
147258180719392512,71,2,0.66,0.5451066220551241,-0.1804560644581313,-0.2635185420513153
146989143968434688,43,0,16.1945,23.851740976676147,1.2093675438501728,1.3775200843811035
146989143968434688,44,0,16.1945,15.642413100683052,1.2093675438501728,1.1943037509918213
146989143968434688,70,0,16.1945,15.619565963179939,1.2093675438501728,1.1936689615249634
146989143968434688,71,0,16.1945,13.950722366471915,1.2093675438501728,1.1445966958999634
147469115153030528,43,0,1.04,0.9119908301046759,0.01703333929878037,-0.040009528398513794
147469115153030528,44,0,1.04,1.1477033579710472,0.01703333929878037,0.059829652309417725
147469115153030528,71,0,1.04,1.0474710259285571,0.01703333929878037,0.020142018795013428
154422804645274368,43,1,1.48,1.1707208999148155,0.17026171539495738,0.06845337152481079
154422804645274368,44,1,1.48,1.424284730915331,0.17026171539495738,0.15359681844711304
154422804645274368,71,1,1.48,1.4492275535354695,0.17026171539495738,0.16113658249378204
4045698423617983488,13,3,1.701,2.083611097387006,0.23070431361256905,0.3188166618347168
4045698423617983488,66,3,1.701,2.6999723763594914,0.23070431361256905,0.43135932087898254
4045698423617983488,91,3,1.701,3.0731314266078806,0.23070431361256905,0.48758113384246826
4045698423617983488,92,3,1.701,1.9464930053371128,0.23070431361256905,0.2892528474330902
4045698423617983488,93,3,1.701,2.174849880490474,0.23070431361256905,0.3374292850494385
652026136329044736,71,1,15.57,21.710880256596184,1.1922886125681202,1.3366774320602417
652026136329044736,72,1,15.57,20.004872069600367,1.1922886125681202,1.301135778427124
4045698732855626624,13,0,11.34,8.177192332882262,1.0546130545568877,0.9126042127609253
4045698732855626624,91,0,11.34,5.958186037668323,1.0546130545568877,0.7751140594482422
4045698732855626624,92,0,11.34,6.515810122526876,1.0546130545568877,0.8139684200286865
4045698732855626624,93,0,11.34,5.711931737093917,1.0546130545568877,0.7567830085754395
3419656057748048512,43,1,24.24,11.634187409918344,1.3845326154942486,1.0657360553741455
3419656057748048512,44,1,24.24,19.44460151695626,1.3845326154942486,1.2887990474700928
3419656057748048512,71,1,24.24,15.643091516623723,1.3845326154942486,1.1943225860595703
3496359397652313856,10,2,7.5,6.879365358146577,0.8750612633917001,0.8375483751296997
3496359397652313856,37,2,7.5,7.108440538068335,0.8750612633917001,0.8517743349075317
3496359397652313856,64,2,7.5,6.925591051738244,0.8750612633917001,0.8404568433761597
3313759000500605056,43,4,11.77,17.733708378946883,1.0707764628434346,1.2487995624542236
3313759000500605056,44,4,11.77,8.684732894043558,1.0707764628434346,0.9387564659118652
3313759000500605056,70,4,11.77,8.795381796244271,1.0707764628434346,0.9442546963691711
3313759000500605056,71,4,11.77,3.070959861623103,1.0707764628434346,0.4872741401195526
3313689422030650496,43,2,10.081,7.45771530993986,1.0035036147425365,0.8726058006286621
3313689422030650496,44,2,10.081,8.647408053938054,1.0035036147425365,0.9368859529495239
3313689422030650496,70,2,10.081,7.238984927731494,1.0035036147425365,0.8596776723861694
3313689422030650496,71,2,10.081,7.1007940277874075,1.0035036147425365,0.8513069152832031
61554650949438208,42,2,5.7445,8.476665397585402,0.7592522337743647,0.928225040435791
61554650949438208,43,2,5.7445,7.8746873553877075,0.7592522337743647,0.896233320236206
61554650949438208,44,2,5.7445,14.680699040707252,0.7592522337743647,1.166746735572815
61554650949438208,70,2,5.7445,9.512323771211316,0.7592522337743647,0.978286623954773
61554650949438208,71,2,5.7445,9.75411689298914,0.7592522337743647,0.9891879558563232
65202830531043968,42,3,3.56,2.9394854517472546,0.5514499979728752,0.46827131509780884
65202830531043968,43,3,3.56,3.3042113896644847,0.5514499979728752,0.5190678238868713
65202830531043968,44,3,3.56,3.2508129241285957,0.5514499979728752,0.5119919776916504
65202830531043968,70,3,3.56,3.46559886074956,0.5514499979728752,0.5397782921791077
65202830531043968,71,3,3.56,4.100926806852413,0.5514499979728752,0.6128820180892944
64985127228608128,42,3,5.343,5.702277150701833,0.727785174182906,0.756048321723938
64985127228608128,43,3,5.343,5.911263992945734,0.727785174182906,0.7716803550720215
64985127228608128,44,3,5.343,6.327610367154804,0.727785174182906,0.8012397289276123
64985127228608128,70,3,5.343,4.628645400229376,0.727785174182906,0.6654539108276367
64985127228608128,71,3,5.343,6.5548133266346245,0.727785174182906,0.8165603280067444
64984951133439232,42,4,0.550467,0.3733319474078461,-0.2592687114742112,-0.4279048442840576
64984951133439232,43,4,0.550467,0.3902707945864209,-0.2592687114742112,-0.4086339473724365
64984951133439232,44,4,0.550467,0.5486751251505839,-0.2592687114742112,-0.2606847286224365
64981863053470592,42,1,0.37985,0.4238686531546669,-0.42038786925969623,-0.37276870012283325
64981863053470592,43,1,0.37985,0.32247778428562074,-0.42038786925969623,-0.49150019884109497
64981863053470592,44,1,0.37985,0.424903953946121,-0.42038786925969623,-0.3717092275619507
64971933089093760,42,2,3.932933,6.291115108896294,0.5947165479917108,0.7987276315689087
64971933089093760,43,2,3.932933,3.274333791353413,0.5947165479917108,0.5151229500770569
64971933089093760,44,2,3.932933,4.785707862837469,0.5947165479917108,0.6799461841583252
64971177174850304,42,0,2.86835,2.676827474199749,0.4576321434373516,0.42762038111686707
64971177174850304,43,0,2.86835,3.4041702386375947,0.4576321434373516,0.5320112705230713
64971177174850304,44,0,2.86835,2.8480003875931033,0.4576321434373516,0.45454004406929016
64971177174850304,70,0,2.86835,3.1102919735404884,0.4576321434373516,0.49280115962028503
64971177174850304,71,0,2.86835,2.799531258014408,0.4576321434373516,0.44708532094955444
64964717544035200,42,0,6.9502,8.307483277596983,0.841997302093227,0.9194694757461548
64964717544035200,43,0,6.9502,6.7843021142312026,0.841997302093227,0.8315051794052124
64964717544035200,44,0,6.9502,5.700893668151797,0.841997302093227,0.7559429407119751
64964717544035200,70,0,6.9502,7.301725350751794,0.841997302093227,0.8634254932403564
64964717544035200,71,0,6.9502,5.5138970661587905,0.841997302093227,0.7414586544036865
64952068862923520,42,3,0.3741,0.496791179684827,-0.42701229180179495,-0.30382612347602844
64952068862923520,43,3,0.3741,0.3411977990784717,-0.42701229180179495,-0.4669937789440155
64952068862923520,44,3,0.3741,0.37850531447175967,-0.42701229180179495,-0.4219280183315277
64952068862923520,70,3,0.3741,0.4441804442980075,-0.42701229180179495,-0.35244056582450867
64952068862923520,71,3,0.3741,0.582396670843622,-0.42701229180179495,-0.23478111624717712
64950488315122560,42,4,0.7274,0.4922915897490928,-0.13822670328130687,-0.3077775835990906
64950488315122560,43,4,0.7274,0.37468996006954935,-0.13822670328130687,-0.4263279438018799
64950488315122560,44,4,0.7274,0.5075095474078688,-0.13822670328130687,-0.29455578327178955
64950488315122560,70,4,0.7274,0.41459822828964815,-0.13822670328130687,-0.38237255811691284
64950488315122560,71,4,0.7274,0.34079146048512576,-0.13822670328130687,-0.46751129627227783
64950625753906176,42,4,0.1807,0.35357332889639775,-0.7430418474390682,-0.45152050256729126
64950625753906176,43,4,0.1807,0.39487119570727897,-0.7430418474390682,-0.403544545173645
64950625753906176,44,4,0.1807,0.3786035346682575,-0.7430418474390682,-0.42181533575057983
64856312568645248,42,4,9.88105,7.452027663300113,0.9948030969131805,0.8722744584083557
64856312568645248,43,4,9.88105,5.906891135223235,0.9948030969131805,0.7713589668273926
64856312568645248,44,4,9.88105,7.036532592469498,0.9948030969131805,0.8473587036132812
64796045587678208,42,1,0.8677,1.4083626940836569,-0.06163040254819367,0.14871451258659363
64796045587678208,43,1,0.8677,0.8176844434458824,-0.06163040254819367,-0.08741426467895508
64796045587678208,44,1,0.8677,1.3163326314164683,-0.06163040254819367,0.1193656474351883
64796045587678208,70,1,0.8677,0.6804601756275899,-0.06163040254819367,-0.16719728708267212
64796045587678208,71,1,0.8677,1.2354407550257533,-0.06163040254819367,0.09182192385196686
64795289673433728,42,2,0.3079,0.4332239539009635,-0.5115903110968019,-0.3632875382900238
64795289673433728,43,2,0.3079,0.3715345855879557,-0.5115903110968019,-0.43000075221061707
64795289673433728,44,2,0.3079,0.46459869799479603,-0.5115903110968019,-0.3329220116138458
64795289673433728,70,2,0.3079,0.3737271234221507,-0.5115903110968019,-0.4274453818798065
64795289673433728,71,2,0.3079,0.5840004503539227,-0.5115903110968019,-0.23358681797981262
63589743893287936,42,3,0.297,0.2927196541221504,-0.5272435506827877,-0.53354811668396
63589743893287936,43,3,0.297,0.3427610566288018,-0.5272435506827877,-0.46500852704048157
63589743893287936,44,3,0.297,0.3898405758602058,-0.5272435506827877,-0.40911296010017395
63589743893287936,70,3,0.297,0.45695771991416867,-0.5272435506827877,-0.3401239812374115
63589743893287936,71,3,0.297,0.4403884619064937,-0.5272435506827877,-0.3561640679836273
63485427727244544,42,3,0.46225,0.6116526122902265,-0.33512308016878933,-0.2134951651096344
63485427727244544,43,3,0.46225,0.7105864942857714,-0.33512308016878933,-0.14838305115699768
63485427727244544,44,3,0.46225,0.6585229000291851,-0.33512308016878933,-0.18142911791801453
63485427727244544,70,3,0.46225,0.48185301957666204,-0.33512308016878933,-0.3170854151248932
63485427727244544,71,3,0.46225,0.5388593744968113,-0.33512308016878933,-0.26852455735206604
63507860340462208,42,1,0.266,0.4470526534105549,-0.575118363368933,-0.3496413230895996
63507860340462208,43,1,0.266,0.3945832596014743,-0.575118363368933,-0.4038613438606262
63507860340462208,44,1,0.266,0.4214587594741938,-0.575118363368933,-0.3752449154853821
63507860340462208,70,1,0.266,0.3200575250590154,-0.575118363368933,-0.49477195739746094
63507860340462208,71,1,0.266,0.5033265252038532,-0.575118363368933,-0.2981501817703247
63296380446670080,42,4,0.3183,0.6268072942652319,-0.49716336137899686,-0.20286595821380615
63296380446670080,43,4,0.3183,0.4054854771248514,-0.49716336137899686,-0.3920246958732605
63296380446670080,44,4,0.3183,0.5836341549539735,-0.49716336137899686,-0.23385930061340332
63296380446670080,70,4,0.3183,0.6319676145768518,-0.49716336137899686,-0.19930517673492432
63296380446670080,71,4,0.3183,0.5387909329089468,-0.49716336137899686,-0.26857972145080566
63102694601689728,43,0,8.944,3.138458426239519,0.9515317905423482,0.49671638011932373
63102694601689728,70,0,8.944,8.68835236010622,0.9515317905423482,0.9389374256134033
63102694601689728,71,0,8.944,5.0189614081770655,0.9515317905423482,0.7006138563156128
64804360644343424,42,0,0.295667,0.48281686135398605,-0.5291971452664737,-0.3162175714969635
64804360644343424,43,0,0.295667,0.7934743900641515,-0.5291971452664737,-0.10046708583831787
64804360644343424,44,0,0.295667,0.5959651998741555,-0.5291971452664737,-0.22477909922599792
64804841680675200,42,4,6.13525,6.598150015236016,0.7878322641141003,0.81942218542099
64804841680675200,43,4,6.13525,4.093561471855574,0.7878322641141003,0.6121013164520264
64804841680675200,44,4,6.13525,6.932598837631331,0.7878322641141003,0.8408960700035095
64804841680675200,70,4,6.13525,8.41818379173436,0.7878322641141003,0.925218403339386
64804841680675200,71,4,6.13525,6.921255272873589,0.7878322641141003,0.8401848673820496
64899017426872960,42,0,3.003,2.7491420623252556,0.4775553321989811,0.4391971826553345
64899017426872960,43,0,3.003,2.7014822626426485,0.4775553321989811,0.4316021203994751
64899017426872960,44,0,3.003,2.9342091056618993,0.4775553321989811,0.4674910604953766
64899017426872960,70,0,3.003,2.824501831451423,0.4775553321989811,0.45094186067581177
64899017426872960,71,0,3.003,3.00072624365532,0.4775553321989811,0.4772263765335083
64808204638390912,42,3,6.832,5.448839117630514,0.8345478576809486,0.736303985118866
64808204638390912,43,3,6.832,7.94664908156109,0.8345478576809486,0.9001840353012085
64808204638390912,44,3,6.832,3.9151854447100654,0.8345478576809486,0.5927523374557495
64808204638390912,70,3,6.832,5.415472061411193,0.8345478576809486,0.7336363196372986
64808204638390912,71,3,6.832,6.4016519300722905,0.8345478576809486,0.8062920570373535
64808483812941440,42,3,2.971933,3.5074673661115283,0.4730390143556042,0.5449936389923096
64808483812941440,43,3,2.971933,3.5845245375344588,0.4730390143556042,0.5544315576553345
64808483812941440,44,3,2.971933,3.371596602460012,0.4730390143556042,0.5278356075286865
64808483812941440,70,3,2.971933,3.5190154228933523,0.4730390143556042,0.5464211702346802
64808483812941440,71,3,2.971933,2.9457796217155323,0.4730390143556042,0.4692002534866333
64905618794174720,42,3,0.2845,0.34424491130707624,-0.54591772926891,-0.46313247084617615
64905618794174720,43,3,0.2845,0.32952583551576836,-0.54591772926891,-0.48211053013801575
64905618794174720,44,3,0.2845,0.3696653776831667,-0.54591772926891,-0.43219122290611267
64905618794174720,70,3,0.2845,0.33190388505758406,-0.54591772926891,-0.4789876639842987
64905618794174720,71,3,0.2845,0.35888748472970133,-0.54591772926891,-0.445041686296463
64951111087777536,42,3,0.9588,0.6954112376233252,-0.018271974638383787,-0.15775829553604126
64951111087777536,43,3,0.9588,1.4645391542708108,-0.018271974638383787,0.1657009869813919
64951111087777536,44,3,0.9588,0.7829991258362244,-0.018271974638383787,-0.1062387228012085
64952829074688896,42,2,1.8161,0.6276515625407808,0.25913975842101866,-0.2022813856601715
64952829074688896,43,2,1.8161,0.6206142384136774,0.25913975842101866,-0.2071782648563385
64952829074688896,44,2,1.8161,0.9293671812154961,0.25913975842101866,-0.03181266784667969
64952829074688896,70,2,1.8161,0.9455404505303441,0.25913975842101866,-0.024319887161254883
64952829074688896,71,2,1.8161,0.958901312138308,0.25913975842101866,-0.01822608709335327
64953481907702016,70,2,0.236,0.7149659994081342,-0.6270879970298935,-0.14571461081504822
64953481907702016,71,2,0.236,0.7757037354065941,-0.6270879970298935,-0.11030411720275879
64960663095015680,42,3,1.2058,1.2751622828281388,0.0812752795293338,0.10556545853614807
64960663095015680,43,3,1.2058,0.9690459420786569,0.0812752795293338,-0.013655632734298706
64960663095015680,44,3,1.2058,1.1070409958113545,0.0812752795293338,0.04416370391845703
64960663095015680,70,3,1.2058,0.998142335501569,0.0812752795293338,-0.0008075237274169922
64960663095015680,71,3,1.2058,1.2039099483428417,0.0812752795293338,0.080594003200531
64966916567283456,42,2,0.282267,0.42043857542501856,-0.5493398925071187,-0.3762974441051483
64966916567283456,43,2,0.282267,0.3783757267156916,-0.5493398925071187,-0.4220767319202423
64966916567283456,44,2,0.282267,0.4543509067839122,-0.5493398925071187,-0.34260860085487366
64966916567283456,70,2,0.282267,0.3994049095456882,-0.5493398925071187,-0.39858660101890564
64966916567283456,71,2,0.282267,0.39409933424396576,-0.5493398925071187,-0.4043942987918854
64977705525131904,42,2,0.7426,0.7967101878424525,-0.1292450551098599,-0.09869962930679321
64977705525131904,43,2,0.7426,0.6515404587856843,-0.1292450551098599,-0.18605861067771912
64977705525131904,44,2,0.7426,0.7801644644846888,-0.1292450551098599,-0.10781383514404297
64977705525131904,70,2,0.7426,0.8410369156415052,-0.1292450551098599,-0.07518494129180908
64977705525131904,71,2,0.7426,0.7628353178364818,-0.1292450551098599,-0.1175692081451416
64979732749686016,42,1,5.925733,5.223118031459675,0.7727420792670496,0.7179298400878906
64979732749686016,43,1,5.925733,4.8439250307992685,0.7727420792670496,0.6851974129676819
64979732749686016,44,1,5.925733,5.821373128904326,0.7727420792670496,0.7650254368782043
64979732749686016,70,1,5.925733,5.533161260486937,0.7727420792670496,0.7429733276367188
64979732749686016,71,1,5.925733,4.307435787550617,0.7727420792670496,0.6342188119888306
64980278208557696,42,0,0.5243,0.5911562960887958,-0.2804201422862767,-0.22829768061637878
64980278208557696,43,0,0.5243,0.5573698724657328,-0.2804201422862767,-0.25385650992393494
64980278208557696,44,0,0.5243,0.5518941242284882,-0.2804201422862767,-0.25814422965049744
64980278208557696,70,0,0.5243,0.5260738518001156,-0.2804201422862767,-0.27895328402519226
64980278208557696,71,0,0.5243,0.5476141194488559,-0.2804201422862767,-0.26152536273002625
64980832261312640,42,4,2.1368,1.461550769591123,0.32976387501331644,0.16481390595436096
64980832261312640,43,4,2.1368,1.801521311440266,0.32976387501331644,0.2556394040584564
64980832261312640,44,4,2.1368,1.723591960431647,0.32976387501331644,0.2364344596862793
64980832261312640,70,4,2.1368,2.2104302689225057,0.32976387501331644,0.3444768190383911
64980832261312640,71,4,2.1368,1.646823906977848,0.32976387501331644,0.2166471630334854
65003612767943040,42,4,2.571867,0.4940166878244626,0.4102485059864066,-0.3062583804130554
65003612767943040,43,4,2.571867,0.36383342564960197,0.4102485059864066,-0.43909740447998047
65003612767943040,44,4,2.571867,0.4069978731347589,0.4102485059864066,-0.39040786027908325
65003612767943040,70,4,2.571867,0.3931286501236049,0.4102485059864066,-0.405465304851532
65003612767943040,71,4,2.571867,0.39396973349599906,0.4102485059864066,-0.4045371413230896
65004437401569664,42,3,0.91315,1.4740246955231866,-0.039457876549503584,0.1685047596693039
65004437401569664,43,3,0.91315,0.8154273948295547,-0.039457876549503584,-0.08861470222473145
65004437401569664,44,3,0.91315,0.6975640021019115,-0.039457876549503584,-0.1564159393310547
65004437401569664,70,3,0.91315,0.5081722058268142,-0.039457876549503584,-0.2939890921115875
65004437401569664,71,3,0.91315,0.5672847092189301,-0.039457876549503584,-0.24619892239570618
65004712279475712,42,2,3.590733,5.412619494643223,0.5551831130242304,0.7334074974060059
65004712279475712,43,2,3.590733,7.548015274433075,0.5551831130242304,0.8778327703475952
65004712279475712,44,2,3.590733,4.377477348402789,0.5551831130242304,0.6412239074707031
65004712279475712,70,2,3.590733,6.969469629363787,0.5551831130242304,0.8431997299194336
65004712279475712,71,2,3.590733,4.793915865193985,0.5551831130242304,0.6806904077529907
65005262035285888,42,1,2.4577,2.314814524060236,0.390528869479608,0.3645161986351013
65005262035285888,43,1,2.4577,1.7118421064662879,0.390528869479608,0.23346370458602905
65005262035285888,44,1,2.4577,3.1535272070620817,0.390528869479608,0.49879658222198486
65005262035285888,70,1,2.4577,3.736685268014259,0.390528869479608,0.5724865198135376
65005262035285888,71,1,2.4577,2.165821240893004,0.390528869479608,0.3356226086616516
65008010814357248,42,1,0.50185,0.5104728465925861,-0.2994260715141834,-0.2920273542404175
65008010814357248,43,1,0.50185,0.42536308920583754,-0.2994260715141834,-0.37124019861221313
65008010814357248,44,1,0.50185,0.46915697068176054,-0.2994260715141834,-0.3286818265914917
65008388771477120,42,4,0.0824,0.5628911039994619,-1.0840727883028842,-0.24957561492919922
65008388771477120,43,4,0.0824,0.5157707429520044,-1.0840727883028842,-0.28754329681396484
65008388771477120,44,4,0.0824,0.6223756614732622,-1.0840727883028842,-0.2059473991394043
65008388771477120,70,4,0.0824,0.41141080536412045,-1.0840727883028842,-0.3857243061065674
65008388771477120,71,4,0.0824,0.5080763517735287,-1.0840727883028842,-0.2940710186958313
65011476851589632,42,0,0.375,0.40768727332499965,-0.42596873227228116,-0.3896728456020355
65011476851589632,43,0,0.375,0.6888672537921754,-0.42596873227228116,-0.16186445951461792
65011476851589632,44,0,0.375,0.44855473368637233,-0.42596873227228116,-0.3481845557689667
65011476851589632,70,0,0.375,0.43095299356890443,-0.42596873227228116,-0.3655700981616974
65011476851589632,71,0,0.375,0.48400836589419766,-0.42596873227228116,-0.31514713168144226
65199222758514048,42,3,0.326,0.45675237425961907,-0.48678239993206096,-0.3403191864490509
65199222758514048,43,3,0.326,0.33433103054704283,-0.48678239993206096,-0.475823312997818
65199222758514048,44,3,0.326,0.45813162043041644,-0.48678239993206096,-0.33900973200798035
65199978672758272,42,0,6.1624,5.4400801645702375,0.7897498848531463,0.7356052994728088
65199978672758272,43,0,6.1624,3.405646925205968,0.7897498848531463,0.5321996212005615
65199978672758272,44,0,6.1624,4.1707391797448565,0.7897498848531463,0.6202130317687988
65199978672758272,70,0,6.1624,8.174968282666178,0.7897498848531463,0.9124860763549805
65199978672758272,71,0,6.1624,5.836730852087037,0.7897498848531463,0.7661696672439575
53864804065393536,43,3,1.1253,1.2757555274696302,0.05126831887038519,0.10576745867729187
53864804065393536,44,3,1.1253,1.539848382542046,0.05126831887038519,0.1874779611825943
53864804065393536,70,3,1.1253,2.613290147645304,0.05126831887038519,0.4171876311302185
53864804065393536,71,3,1.1253,1.225606753457197,0.05126831887038519,0.08835114538669586
3410439745127430016,43,1,4.75,5.653607494708922,0.6766936096248666,0.7523256540298462
3410439745127430016,44,1,4.75,5.021837392369372,0.6766936096248666,0.7008626461029053
3410439745127430016,70,1,4.75,7.714412820774902,0.6766936096248666,0.8873028755187988
3410439745127430016,71,1,4.75,3.072631246667371,0.6766936096248666,0.48751044273376465
3314294771901304192,43,2,1.462,1.4649456333449535,0.16494737262184164,0.16582150757312775
3314294771901304192,44,2,1.462,1.9925563462879101,0.16494737262184164,0.2994106113910675
3314294771901304192,70,2,1.462,1.463984247250104,0.16494737262184164,0.16553640365600586
3314294771901304192,71,2,1.462,1.5085945019867382,0.16494737262184164,0.17857252061367035
3314267593348429952,43,2,2.598,2.2555273081005645,0.4146391467370091,0.35324808955192566
3314267593348429952,44,2,2.598,3.221217452102535,0.4146391467370091,0.5080200433731079
6663600360560306560,13,0,133.27550000000002,37.692025845902904,2.1247503205110787,1.5762494802474976
6663600360560306560,27,0,133.27550000000002,22.956719068497843,2.1247503205110787,1.3609098196029663
6663600360560306560,67,0,133.27550000000002,19.225028909160088,2.1247503205110787,1.2838670015335083
6663600360560306560,94,0,133.27550000000002,17.63812156632169,2.1247503205110787,1.2464523315429688
6663346029775435264,13,2,3.233,3.0206399559086727,0.5096057046115561,0.4800989627838135
6663346029775435264,27,2,3.233,3.4459818403139053,0.5096057046115561,0.5373129844665527
6663346029775435264,67,2,3.233,3.348708691958541,0.5096057046115561,0.5248773694038391
6663346029775435264,94,2,3.233,3.8129289629931566,0.5096057046115561,0.5812587141990662
65078929312363392,42,2,0.269,0.48433044766156763,-0.5702477199975919,-0.31485822796821594
65078929312363392,43,2,0.269,0.423909173111207,-0.5702477199975919,-0.3727271854877472
65078929312363392,44,2,0.269,0.5308700106409919,-0.5702477199975919,-0.27501180768013
5126371500198661632,30,1,0.54,0.6651676825196665,-0.26760624017703144,-0.17706885933876038
5126371500198661632,31,1,0.54,0.5999073991797002,-0.26760624017703144,-0.22191578149795532
5126371500198661632,97,1,0.54,1.0372414639539769,-0.26760624017703144,0.01587986946105957
5125644108832905344,4,4,3.89,3.8252931975130617,0.5899496013257077,0.5826647281646729
5125644108832905344,97,4,3.89,4.68956891292072,0.5899496013257077,0.6711329221725464
243171706750419200,86,2,1.016,1.6088031740803768,0.006893707947900456,0.20650291442871094
248889442093277696,86,0,0.325,0.3352090473225573,-0.4881166390211256,-0.4746842682361603
247999421789789952,58,0,0.264,0.19854183859257726,-0.5783960731301689,-0.7021479606628418
247999421789789952,86,0,0.264,0.1869535178776818,-0.5783960731301689,-0.7282663583755493
241699529401329408,58,3,1.327,1.161986796076749,0.1228709228644355,0.06520119309425354
241699529401329408,86,3,1.327,1.8166544915935117,0.1228709228644355,0.25927233695983887
248043574053255680,86,3,0.36,0.4123535053220083,-0.44369749923271273,-0.3847303092479706
248238187611328768,59,1,5.973,8.27837938168996,0.776192514747072,0.9179453253746033
248238187611328768,86,1,5.973,6.4349932078540055,0.776192514747072,0.808548092842102
244734765608363136,18,4,3.352,1.6848259749944547,0.5253040099582389,0.22655504941940308
244664259425318784,86,3,0.712,0.7550764603590661,-0.14752000636314366,-0.12200906872749329
6043120797681507584,91,3,3.035,2.8769327991625113,0.48215869541127643,0.45892971754074097
6235408338948338432,91,3,2.12045,2.995841548547027,0.3264280362957951,0.476518839597702
6236079315918224896,91,0,3.702,9.45337251798257,0.5684364144168853,0.9755867719650269
6236307705101184128,91,1,2.419,2.927892642694746,0.3836358683618797,0.4665551483631134
6235490458724550272,91,1,1.0096,0.8739775486732559,0.004149341900059117,-0.05849972367286682
6235428336315960576,91,4,0.52005,0.4697765473165694,-0.28395489928792206,-0.32810866832733154
6235872882612575232,91,0,4.4777,3.7208929887333144,0.6510549930596601,0.5706471800804138
6236297775136772224,91,0,1.18,0.7754018699727752,0.07188200730612536,-0.1104731559753418
6236126629278708352,91,2,9.5906,4.402960875096305,0.9818457780296802,0.6437448263168335
6235901779153736064,91,1,0.9414,0.7080005760737506,-0.026225806029419683,-0.14996638894081116
6235871095906436608,91,4,7.1521,5.228987274305496,0.854433578095548,0.7184175848960876
6043201405629261696,91,1,2.606,2.598685749449028,0.4159744113765659,0.4147537648677826
6235937100964618496,91,3,0.64915,1.3312801473864058,-0.18765493856907897,0.12426945567131042
6235935073740051968,91,2,6.8659,6.523680790666047,0.8366974737526416,0.8144927024841309
6236015784767404160,91,4,1.5745,1.554739500430717,0.19714266497256272,0.1916576325893402
6235806259081172736,91,2,3.108,3.36334414040794,0.4924810101288767,0.5267713069915771
6235805984203260160,91,4,2.3068,2.328255089429307,0.3630099427388597,0.3670305609703064
6043652067960564224,91,4,2.098,2.59217086923542,0.32180548385753904,0.4136636257171631
6043193910901304832,91,0,4.1777,4.328212259640128,0.6209372501434635,0.6363085508346558
2999254213453678720,6,3,1.65,2.4101933571000322,0.21748394421390627,0.38205188512802124
2999254213453678720,33,3,1.65,1.894700867422525,0.21748394421390627,0.2775406539440155
2999254213453678720,87,3,1.65,1.9477691791197795,0.21748394421390627,0.2895374894142151
6043191956700760320,91,4,0.8343,0.7505746584428608,-0.07867775641617802,-0.12460610270500183
6042985076719595904,91,2,2.325,2.558908571472995,0.36642295722597273,0.40805476903915405
342523783591381504,85,1,13.0,13.590351398132375,1.1139433523068367,1.1332306861877441
342907478789972864,85,0,14.9,12.277195422182155,1.173186268412274,1.0890991687774658
342854392994216064,85,4,14.03,16.624794755435463,1.14705767102836,1.2207562923431396
342869957955643264,85,3,16.58,8.371341469615528,1.2195845262142546,0.9227950572967529
342889611726120832,85,1,13.92,10.735004971735723,1.1436392352745433,1.0308022499084473
6043830390694963328,91,3,5.9181,5.422532286342532,0.7721822992972853,0.7342021465301514
6049830876625048320,91,1,1.2933,1.1737938243456145,0.1116992775735505,0.06959182024002075
6043809710435404032,91,2,0.89105,1.7626502212690556,-0.050097925463867765,0.2461661398410797
6043799849190451456,91,1,1.1747,0.9838197596076526,0.06992696875247237,-0.007084459066390991
6043699587472262144,91,0,0.9551,0.9531691217741737,-0.01995115493504327,-0.02083003520965576
65233788655261568,42,3,5.4506,5.031879719410142,0.7364443118815092,0.7017302513122559
65233788655261568,43,3,5.4506,6.053610708095239,0.7364443118815092,0.7820144891738892
65233788655261568,44,3,5.4506,7.521789866963759,0.7364443118815092,0.8763211965560913
65233788655261568,70,3,5.4506,6.1889279467122105,0.7364443118815092,0.7916154265403748
65233788655261568,71,3,5.4506,5.006489887901394,0.7364443118815092,0.6995333433151245
65232757863112192,42,4,0.3049,0.5427657877671583,-0.5158425756346193,-0.26538753509521484
65232757863112192,43,4,0.3049,0.28472748240321955,-0.5158425756346193,-0.5455706119537354
65232757863112192,44,4,0.3049,0.47012793504987194,-0.5158425756346193,-0.3277839422225952
65232757863112192,70,4,0.3049,0.2573053694715821,-0.5158425756346193,-0.5895511507987976
65232757863112192,71,4,0.3049,0.6520325020477962,-0.5158425756346193,-0.18573075532913208
65232066371441792,42,0,0.294,0.5276295495153991,-0.5316526695878427,-0.27767089009284973
65232066371441792,43,0,0.294,0.7508731963540263,-0.5316526695878427,-0.12443339824676514
65232066371441792,44,0,0.294,0.4873688600055,-0.5316526695878427,-0.3121422231197357
65232066371441792,70,0,0.294,0.5057596482344676,-0.5316526695878427,-0.2960558235645294
65232066371441792,71,0,0.294,0.42502733902504036,-0.5316526695878427,-0.37158313393592834
65184894747573376,42,0,0.366,0.700901165877548,-0.43651891460558934,-0.15434321761131287
65184894747573376,43,0,0.366,1.3296768176673446,-0.43651891460558934,0.12374609708786011
65184894747573376,44,0,0.366,0.367629493419964,-0.43651891460558934,-0.4345896542072296
65086591535491584,42,3,4.023333,3.8357581654183948,0.6045859793963695,0.5838512182235718
65086591535491584,43,3,4.023333,5.222428471500354,0.6045859793963695,0.7178725004196167
65086591535491584,44,3,4.023333,3.9027754353541,0.6045859793963695,0.5913735628128052
65086591535491584,70,3,4.023333,4.003463624515136,0.6045859793963695,0.6024358868598938
65086591535491584,71,3,4.023333,2.8798751006063243,0.6045859793963695,0.4593736529350281
65089473457126784,42,1,9.5299,8.357417777102171,0.9790883434844913,0.9220721125602722
65089473457126784,43,1,9.5299,6.479422685635454,0.9790883434844913,0.8115363121032715
65089473457126784,44,1,9.5299,7.139195232964898,0.9790883434844913,0.8536492586135864
65089473457126784,70,1,9.5299,15.972300476359734,0.9790883434844913,1.2033674716949463
65089473457126784,71,1,9.5299,11.179225767893938,0.9790883434844913,1.0484117269515991
65089336018173440,42,2,3.888,4.986470399205321,0.5897262562542369,0.6977932453155518
65089336018173440,43,2,3.888,4.407841353090067,0.5897262562542369,0.6442259550094604
65089336018173440,44,2,3.888,5.064173806729949,0.5897262562542369,0.7045086026191711
65089336018173440,70,2,3.888,4.913407288999126,0.5897262562542369,0.6913827657699585
65089336018173440,71,2,3.888,4.809075031324072,0.5897262562542369,0.6820615530014038
65084358152509440,42,4,3.051788465,3.740547926341665,0.4845544271638743,0.5729352235794067
65084358152509440,43,4,3.051788465,3.582127539781848,0.4845544271638743,0.5541410446166992
65084358152509440,44,4,3.051788465,3.710740894283901,0.4845544271638743,0.5694606304168701
65084358152509440,70,4,3.051788465,2.1610802845086554,0.4845544271638743,0.33467090129852295
65084358152509440,71,4,3.051788465,2.489097791781621,0.4845544271638743,0.39604195952415466
65062917675789184,42,0,0.314,0.6498386877135756,-0.5030703519267851,-0.18719443678855896
65062917675789184,43,0,0.314,0.5128595637727871,-0.5030703519267851,-0.2900015413761139
65062917675789184,44,0,0.314,0.5579592803407691,-0.5030703519267851,-0.25339749455451965
65062917675789184,70,0,0.314,0.5993093340502696,-0.5030703519267851,-0.22234895825386047
65062917675789184,71,0,0.314,0.4731636427112844,-0.5030703519267851,-0.32498863339424133
65056526764528128,42,0,2.326333,2.384032728433196,0.3666718813774905,0.37731221318244934
65056526764528128,43,0,2.326333,2.2823155978249443,0.3666718813774905,0.3583756983280182
65056526764528128,44,0,2.326333,2.428248816349384,0.3666718813774905,0.385293185710907
65056526764528128,70,0,2.326333,2.1169939883850595,0.3666718813774905,0.3257196247577667
65056526764528128,71,0,2.326333,2.1265093467640286,0.3666718813774905,0.3276672959327698
63547270960574336,42,2,0.497,0.9890535969179443,-0.3036436112666679,-0.004780173301696777
63547270960574336,43,2,0.497,1.001453035642334,-0.3036436112666679,0.0006305873394012451
63547270960574336,44,2,0.497,1.107479644752912,-0.3036436112666679,0.044335752725601196
63547270960574336,70,2,0.497,1.0319474915115863,-0.3036436112666679,0.013657599687576294
63547270960574336,71,2,0.497,1.2683949289630778,-0.3036436112666679,0.10325449705123901
63395989328447232,42,2,12.32,6.7826710056919,1.0906107078284066,0.8314007520675659
63395989328447232,43,2,12.32,7.565758711994746,1.0906107078284066,0.8788524866104126
63395989328447232,44,2,12.32,6.380884116700771,1.0906107078284066,0.8048808574676514
63395989328447232,70,2,12.32,4.052653824742476,1.0906107078284066,0.6077395081520081
63395989328447232,71,2,12.32,11.695265672103911,1.0906107078284066,1.0680100917816162
45022222315428608,42,3,0.5332,0.6637174683899019,-0.2731098592581784,-0.1780167520046234
45022222315428608,43,3,0.5332,0.6130433313351286,-0.2731098592581784,-0.21250882744789124
45022222315428608,44,3,0.5332,0.6858307548569431,-0.2731098592581784,-0.16378304362297058
57036757670988288,42,1,7.52175,11.376160292861464,0.876318894703931,1.0559957027435303
57036757670988288,43,1,7.52175,7.604392663659582,0.876318894703931,0.8810645341873169
57036757670988288,44,1,7.52175,11.174577834987666,0.876318894703931,1.0482311248779297
64764189813713408,42,4,1.789,0.41801877974291335,0.25261034056737297,-0.37880420684814453
64764189813713408,43,4,1.789,0.4138588851121964,0.25261034056737297,-0.3831477165222168
64764189813713408,44,4,1.789,0.4502689569936621,0.25261034056737297,-0.34652799367904663
64764189813713408,70,4,1.789,0.7425840710566156,0.25261034056737297,-0.12925437092781067
64764189813713408,71,4,1.789,0.8538975213237375,0.25261034056737297,-0.06859424710273743
64870296982175488,42,2,0.573933,0.6811108984267157,-0.2411388034707236,-0.1667821705341339
64870296982175488,43,2,0.573933,0.6248990079297675,-0.2411388034707236,-0.20419016480445862
64870296982175488,44,2,0.573933,0.6705803064214768,-0.2411388034707236,-0.17354920506477356
64870296982175488,70,2,0.573933,0.5942104633897868,-0.2411388034707236,-0.2260597050189972
64870296982175488,71,2,0.573933,0.6690435436892131,-0.2411388034707236,-0.17454561591148376
65058760147520000,42,4,0.51515,0.5341440450630717,-0.2880662958382035,-0.27234160900115967
65058760147520000,43,4,0.51515,0.29850169179802044,-0.2880662958382035,-0.5250532031059265
65058760147520000,44,4,0.51515,0.5704414852917195,-0.2880662958382035,-0.24378889799118042
65058760147520000,70,4,0.51515,0.4716460166342836,-0.2880662958382035,-0.3263838291168213
65058760147520000,71,4,0.51515,0.5102402312562585,-0.2880662958382035,-0.29222530126571655
65064837524605312,42,1,0.29905,0.46962795739221064,-0.5242561932518742,-0.3282460570335388
65064837524605312,43,1,0.29905,0.3817502245331638,-0.5242561932518742,-0.4182206988334656
65064837524605312,44,1,0.29905,0.4838465420680172,-0.5242561932518742,-0.3152923583984375
65064837524605312,70,1,0.29905,0.3191229562167844,-0.5242561932518742,-0.4960419535636902
65064837524605312,71,1,0.29905,0.535540855211455,-0.5242561932518742,-0.27120739221572876
65072435323295872,42,1,2.5306,2.714846411299334,0.4032235037037249,0.43374526500701904
65072435323295872,43,1,2.5306,2.4708789633853083,0.4032235037037249,0.39285147190093994
65072435323295872,44,1,2.5306,2.601779976131516,0.4032235037037249,0.4152705669403076
65072435323295872,70,1,2.5306,2.5341392099297066,0.4032235037037249,0.40383046865463257
65072435323295872,71,1,2.5306,2.503415099814539,0.4032235037037249,0.3985328674316406
65179946945247488,42,2,4.4493335,1.3875568197265433,0.6482949595312405,0.14225077629089355
65179946945247488,43,2,4.4493335,0.8619522690075881,0.6482949595312405,-0.06451678276062012
65179946945247488,44,2,4.4493335,1.1841199530313087,0.6482949595312405,0.07339569926261902
65179946945247488,70,2,4.4493335,2.1168722529664814,0.6482949595312405,0.32569465041160583
65179946945247488,71,2,4.4493335,1.6548550285805912,0.6482949595312405,0.2187599539756775
65181527493208192,42,4,0.918267,0.8612510446591511,-0.037031022756313425,-0.06487023830413818
65181527493208192,43,4,0.918267,0.6996439197114264,-0.037031022756313425,-0.15512293577194214
65181527493208192,44,4,0.918267,1.1290342992446667,-0.037031022756313425,0.052707135677337646
65181527493208192,70,4,0.918267,1.0847900757113773,-0.037031022756313425,0.03534570336341858
65181527493208192,71,4,0.918267,0.8135796790796594,-0.037031022756313425,-0.08959990739822388
65241863193865856,42,4,0.606533,0.5770114010279869,-0.2171455652376084,-0.23881560564041138
65241863193865856,43,4,0.606533,0.507792417509255,-0.2171455652376084,-0.29431378841400146
65241863193865856,44,4,0.606533,0.5384840695029577,-0.2171455652376084,-0.2688271403312683
65241863193865856,70,4,0.606533,0.48610533203322004,-0.2171455652376084,-0.31326961517333984
65241863193865856,71,4,0.606533,0.5648641409827698,-0.2171455652376084,-0.24805599451065063
65194584193758336,42,3,7.0949,6.984520489647437,0.8509462786160087,0.8441365957260132
65194584193758336,43,3,7.0949,6.222642866255098,0.8509462786160087,0.7939748764038086
65194584193758336,44,3,7.0949,8.771555397913339,0.8509462786160087,0.9430766105651855
65194584193758336,70,3,7.0949,7.829789231408031,0.8509462786160087,0.8937500715255737
65194584193758336,71,3,7.0949,4.829078173803163,0.8509462786160087,0.6838642358779907
65170016980919808,42,3,0.800133,0.5975522141754003,-0.09683781755152106,-0.22362414002418518
65170016980919808,43,3,0.800133,0.6733588825897644,-0.09683781755152106,-0.1717534065246582
65170016980919808,44,3,0.800133,0.6908805141427047,-0.09683781755152106,-0.1605970561504364
65181321334778240,42,1,22.314,0.355246378103314,1.3485774287426162,-0.4494703412055969
65181321334778240,43,1,22.314,0.3333807020920521,1.3485774287426162,-0.477059543132782
65181321334778240,44,1,22.314,0.3651778861420214,1.3485774287426162,-0.43749552965164185
65181321334778240,70,1,22.314,0.3358563504497602,1.3485774287426162,-0.473846435546875
65181321334778240,71,1,22.314,0.496743761374313,1.3485774287426162,-0.3038675785064697
65167577439502592,42,4,1.660867,1.2484157469703134,0.2203348561246337,0.0963592380285263
65167577439502592,43,4,1.660867,0.9972156189227296,0.2203348561246337,-0.001210927963256836
65167577439502592,44,4,1.660867,1.2431349428771226,0.2203348561246337,0.0945182740688324
65163110673516928,42,2,0.757067,0.7450157285025312,-0.12086568398383313,-0.12783455848693848
65163110673516928,43,2,0.757067,0.6827132325996494,-0.12086568398383313,-0.16576167941093445
65163110673516928,44,2,0.757067,0.8047534267453891,-0.12086568398383313,-0.09433716535568237
65163110673516928,70,2,0.757067,0.8195828743686707,-0.12086568398383313,-0.0864071249961853
65163110673516928,71,2,0.757067,0.770475977234829,-0.12086568398383313,-0.11324089765548706
65161976802151680,42,0,5.896867,5.041449462600241,0.7706213326586832,0.7025554180145264
65161976802151680,43,0,5.896867,5.6566747940887705,0.7706213326586832,0.7525612115859985
65161976802151680,44,0,5.896867,5.968585177705355,0.7706213326586832,0.7758713960647583
65161976802151680,70,0,5.896867,6.22179231532306,0.7706213326586832,0.7939155101776123
65161976802151680,71,0,5.896867,5.620939456558055,0.7706213326586832,0.7498089075088501
65161560188203776,42,4,0.2389,0.44905683542609937,-0.6217838502501221,-0.3476986885070801
65161560188203776,43,4,0.2389,0.43449801077087546,-0.6217838502501221,-0.36201220750808716
65161560188203776,44,4,0.2389,0.42218925489914827,-0.6217838502501221,-0.3744928240776062
65161560188203776,70,4,0.2389,0.36817994272558374,-0.6217838502501221,-0.4339398741722107
65161560188203776,71,4,0.2389,0.4132475446501493,-0.6217838502501221,-0.38378971815109253
64864593265614464,42,1,0.3152,1.041732024001574,-0.5014137911824823,0.017756015062332153
64864593265614464,43,1,0.3152,0.5100491611702194,-0.5014137911824823,-0.2923879623413086
64864593265614464,44,1,0.3152,0.621077129879674,-0.5014137911824823,-0.2068544626235962
64864593265614464,70,1,0.3152,0.43427647260805696,-0.5014137911824823,-0.3622336983680725
64864593265614464,71,1,0.3152,0.47167035609852265,-0.5014137911824823,-0.32636141777038574
64770241424108032,42,3,3.9888,4.297350377813335,0.6008422611596982,0.6332007646560669
64770241424108032,43,3,3.9888,6.980397857445114,0.6008422611596982,0.8438801765441895
64770241424108032,44,3,3.9888,4.511201498462833,0.6008422611596982,0.6542922258377075
64770241424108032,70,3,3.9888,5.714894202945776,0.6008422611596982,0.7570081949234009
64770241424108032,71,3,3.9888,6.629061095028183,0.6008422611596982,0.8214520215988159
63585036608738048,42,0,0.2494,0.5383705277940266,-0.6031035508574761,-0.2689187228679657
63585036608738048,43,0,0.2494,0.8581180748336388,-0.6031035508574761,-0.06645295023918152
63585036608738048,44,0,0.2494,0.6767212202227814,-0.6031035508574761,-0.16959020495414734
63585036608738048,70,0,0.2494,0.6506744605776372,-0.6031035508574761,-0.18663623929023743
63585036608738048,71,0,0.2494,0.5062701596846306,-0.6031035508574761,-0.2956176698207855
63052048347383168,42,0,0.9368,0.9820759177356382,-0.0283531179356933,-0.007854938507080078
63052048347383168,43,0,0.9368,0.8828831165178943,-0.0283531179356933,-0.05409678816795349
63052048347383168,44,0,0.9368,0.6623723605625219,-0.0283531179356933,-0.17889779806137085
63052048347383168,71,0,0.9368,0.7878680693642209,-0.0283531179356933,-0.10354650020599365
6041810385980367616,91,3,2.90055,3.3201949356795524,0.46248035628419976,0.5211635828018188
6042119554910549120,91,0,2.244,2.803243370817556,0.35102285258412386,0.44766080379486084
63592767549850112,42,4,2.93035,3.6738943019652077,0.46691949543626216,0.5651266574859619
63592767549850112,43,4,2.93035,3.5193636589332034,0.46691949543626216,0.5464641451835632
63592767549850112,44,4,2.93035,3.089014266665075,0.46691949543626216,0.4898199141025543
63592767549850112,70,4,2.93035,3.123290183119424,0.46691949543626216,0.49461233615875244
63592767549850112,71,4,2.93035,2.861010519992518,0.46691949543626216,0.4565194547176361
64768763955442944,42,0,1.2094,1.1043237016367262,0.08256996426992291,0.0430963933467865
64768763955442944,43,0,1.2094,1.1722213630258784,0.08256996426992291,0.06900963187217712
64768763955442944,44,0,1.2094,1.1580674258770882,0.08256996426992291,0.06373384594917297
64768763955442944,70,0,1.2094,1.2337195448332146,0.08256996426992291,0.09121644496917725
64768763955442944,71,0,1.2094,1.217982898298799,0.08256996426992291,0.08564119040966034
64797523056344064,42,2,0.46215,0.5158359771456738,-0.3352170426273781,-0.2874883711338043
64797523056344064,43,2,0.46215,0.433340328287488,-0.3352170426273781,-0.36317089200019836
64797523056344064,44,2,0.46215,0.4795987836487686,-0.3352170426273781,-0.31912192702293396
64798038452412928,42,1,0.767733,1.793330936267424,-0.11478979141101935,0.2536604404449463
64798038452412928,43,1,0.767733,0.5029165016079439,-0.11478979141101935,-0.298504114151001
64798038452412928,44,1,0.767733,0.552278244990853,-0.11478979141101935,-0.2578420639038086
64871740091177600,42,4,0.933,0.9972956183356426,-0.030118356253500032,-0.0011760890483856201
64871740091177600,43,4,0.933,0.916841285311516,-0.030118356253500032,-0.037705838680267334
64871740091177600,44,4,0.933,1.0825988911608435,-0.030118356253500032,0.03446757793426514
64871740091177600,70,4,0.933,0.8198590115300233,-0.030118356253500032,-0.0862608253955841
64871740091177600,71,4,0.933,0.8714537575832171,-0.030118356253500032,-0.05975565314292908
64874454510493440,42,1,0.5882,0.41657484447243964,-0.2304749798289495,-0.3803069591522217
64874454510493440,43,1,0.5882,0.4367265704738459,-0.2304749798289495,-0.3597903847694397
64874454510493440,44,1,0.5882,0.4364741228333071,-0.2304749798289495,-0.3600414991378784
64874454510493440,70,1,0.5882,0.5227833418602779,-0.2304749798289495,-0.2816782593727112
64874454510493440,71,1,0.5882,0.5011439557695088,-0.2304749798289495,-0.3000375032424927
64974338270788864,42,2,0.749267,0.8013743097874464,-0.12536339463198626,-0.09616458415985107
64974338270788864,43,2,0.749267,0.638971113739518,-0.12536339463198626,-0.1945187747478485
64974338270788864,44,2,0.749267,0.8565600690149643,-0.12536339463198626,-0.06724217534065247
64974338270788864,70,2,0.749267,0.8858015488335694,-0.12536339463198626,-0.052663564682006836
64974338270788864,71,2,0.749267,0.9232825426881828,-0.12536339463198626,-0.03466537594795227
65162492198224768,42,3,0.283,0.4462034093937365,-0.5482135644757098,-0.35046711564064026
65162492198224768,43,3,0.283,0.47144561984071054,-0.5482135644757098,-0.3265683948993683
65162492198224768,44,3,0.283,0.43730298887670455,-0.5482135644757098,-0.3592175543308258
65162492198224768,70,3,0.283,0.3388290899180327,-0.5482135644757098,-0.47001931071281433
65162492198224768,71,3,0.283,0.47849089160842956,-0.5482135644757098,-0.32012632489204407
65165653294149760,42,1,0.3403,0.48694533686826696,-0.46813805090419064,-0.31251978874206543
65165653294149760,43,1,0.3403,0.6405887271257432,-0.46813805090419064,-0.19342070817947388
65165653294149760,44,1,0.3403,1.1818979514423216,-0.46813805090419064,0.07257997989654541
65165653294149760,70,1,0.3403,0.4253149293746413,-0.46813805090419064,-0.37128937244415283
65165653294149760,71,1,0.3403,1.0458371044409815,-0.46813805090419064,0.019464045763015747
65168844452782208,42,0,0.19015,0.4602917778405788,-0.7209036702523987,-0.33696678280830383
65168844452782208,43,0,0.19015,0.5312172250374341,-0.7209036702523987,-0.27472785115242004
65168844452782208,44,0,0.19015,0.3879406005376447,-0.7209036702523987,-0.4112347662448883
65168844452782208,70,0,0.19015,0.4797291955964323,-0.7209036702523987,-0.3190038502216339
65168844452782208,71,0,0.19015,0.4607383089760912,-0.7209036702523987,-0.3365456759929657
65169943964429952,42,4,0.3337,0.3931063134503696,-0.47664379334520723,-0.405489981174469
65169943964429952,43,4,0.3337,0.4061912413944583,-0.47664379334520723,-0.3912694454193115
65169943964429952,44,4,0.3337,0.5203313386940158,-0.47664379334520723,-0.2837200164794922
65169943964429952,70,4,0.3337,0.39194327226419384,-0.47664379334520723,-0.4067767858505249
65169943964429952,71,4,0.3337,0.4705157466890619,-0.47664379334520723,-0.32742583751678467
65175480179315840,42,3,0.2959,0.42525343865667586,-0.528855034839367,-0.3713521659374237
65175480179315840,43,3,0.2959,0.4957475248486684,-0.528855034839367,-0.30473944544792175
65175480179315840,44,3,0.2959,0.47568027806240726,-0.528855034839367,-0.3226848542690277
65175480179315840,70,3,0.2959,0.3307058465192996,-0.528855034839367,-0.4805581271648407
65175480179315840,71,3,0.2959,0.4521144354605073,-0.528855034839367,-0.34475162625312805
65190220507070208,42,0,7.092,7.1607660966453714,0.8507687269288802,0.8549594879150391
65190220507070208,43,0,7.092,7.078395361543619,0.8507687269288802,0.8499348163604736
65190220507070208,44,0,7.092,7.312325483935918,0.8507687269288802,0.8640555143356323
65190220507070208,70,0,7.092,9.44654274151383,0.8507687269288802,0.9752728939056396
65190220507070208,71,0,7.092,7.806179453852729,0.8507687269288802,0.892438530921936
65214856439472640,42,1,7.148,9.236638455773852,0.8541845438336066,0.9655139446258545
65214856439472640,43,1,7.148,6.726395392129836,0.8541845438336066,0.827782392501831
65214856439472640,44,1,7.148,7.326501706180141,0.8541845438336066,0.8648966550827026
65214856439472640,70,1,7.148,13.5330540637933,0.8541845438336066,1.1313958168029785
65214856439472640,71,1,7.148,6.175949183244993,0.8541845438336066,0.7907037138938904
65214409762926720,42,4,0.90418782,8.111355569904125,-0.04374134749240951,0.90909343957901
65214409762926720,43,4,0.90418782,6.926294458290999,-0.04374134749240951,0.8405009508132935
65214409762926720,44,4,0.90418782,7.231698200686858,-0.04374134749240951,0.8592402935028076
65214409762926720,70,4,0.90418782,6.839053246791469,-0.04374134749240951,0.8349959850311279
65214409762926720,71,4,0.90418782,5.778117134682663,-0.04374134749240951,0.7617863416671753
65201039527567232,42,4,3.9585,4.023541969142526,0.597530649275731,0.6046085357666016
65201039527567232,43,4,3.9585,3.4506851543674704,0.597530649275731,0.5379053354263306
65201039527567232,44,4,3.9585,3.8328007260600936,0.597530649275731,0.5835162401199341
65201039527567232,70,4,3.9585,5.44212853571897,0.597530649275731,0.7357687950134277
65201039527567232,71,4,3.9585,4.082634078560262,0.597530649275731,0.6109404563903809
64982344089813248,42,0,0.684067,0.6200549690456886,-0.16490135982188314,-0.20756980776786804
64982344089813248,43,0,0.684067,0.5455332231745188,-0.16490135982188314,-0.2631787955760956
64982344089813248,44,0,0.684067,0.6922571967906065,-0.16490135982188314,-0.15973252058029175
64981137202021376,42,0,0.578667,0.6881592984845125,-0.23757128370962893,-0.16231101751327515
64981137202021376,43,0,0.578667,0.6670377964165509,-0.23757128370962893,-0.1758495569229126
64981137202021376,44,0,0.578667,0.5917538186709962,-0.23757128370962893,-0.22785893082618713
64981137202021376,70,0,0.578667,0.6802595109749898,-0.23757128370962893,-0.16732537746429443
64981137202021376,71,0,0.578667,0.5845821552645188,-0.23757128370962893,-0.23315444588661194
64974574492213248,42,1,0.577,0.4820561862354268,-0.2388241868442686,-0.3169023394584656
64974574492213248,43,1,0.577,0.3995751776417307,-0.2388241868442686,-0.39840149879455566
64974574492213248,44,1,0.577,0.41988219654765874,-0.2388241868442686,-0.37687253952026367
64974574492213248,70,1,0.577,0.3727973049081192,-0.2388241868442686,-0.42852723598480225
64974574492213248,71,1,0.577,0.5078681782031902,-0.2388241868442686,-0.2942489981651306
64971722633920768,42,4,0.259,0.30527208289321295,-0.5867002359187482,-0.515312910079956
64971722633920768,43,4,0.259,0.3744846793487727,-0.5867002359187482,-0.426565945148468
64971722633920768,44,4,0.259,0.2968169929576141,-0.5867002359187482,-0.5275112390518188
64971722633920768,70,4,0.259,0.35094411041703055,-0.5867002359187482,-0.4547620415687561
64971722633920768,71,4,0.259,0.4862537964938251,-0.5867002359187482,-0.3131369948387146
64956127609464320,42,0,3.0768,1.178851336074954,0.48809926689440464,0.07145904004573822
64956127609464320,43,0,3.0768,1.195869341200013,0.48809926689440464,0.07768373191356659
64956127609464320,44,0,3.0768,1.727376952462936,0.48809926689440464,0.23738712072372437
64956127609464320,70,0,3.0768,1.792365523660061,0.48809926689440464,0.25342658162117004
64956127609464320,71,0,3.0768,1.3028919839737887,0.48809926689440464,0.11490841209888458
64857721317916032,42,3,0.5742,0.6953385149627286,-0.24093681183951277,-0.1578037142753601
64857721317916032,43,3,0.5742,0.45874438084839236,-0.24093681183951277,-0.3384292423725128
64857721317916032,44,3,0.5742,0.4312944013999335,-0.24093681183951277,-0.3652261793613434
63593798341985152,42,4,0.1958,0.47088953079659934,-0.708187312532881,-0.32708096504211426
63593798341985152,43,4,0.1958,0.40437864996725625,-0.708187312532881,-0.3932117819786072
63593798341985152,44,4,0.1958,0.413957160719985,-0.708187312532881,-0.38304460048675537
63593798341985152,70,4,0.1958,0.44101183797583776,-0.708187312532881,-0.35554975271224976
63593798341985152,71,4,0.1958,0.6055552660780024,-0.708187312532881,-0.21784621477127075
63513568352960512,42,4,25.531,48.560682339618964,1.4070678256141427,1.6862847805023193
63513568352960512,43,4,25.531,12.927624848259322,1.4070678256141427,1.1115187406539917
6049818232241303040,91,3,2.81715,3.0679614910430537,0.44980997174187703,0.48684990406036377
6049842146619350656,91,2,2.11285,2.244167786510113,0.3248686657770372,0.3510553240776062
6042069458410390784,91,4,0.646,1.271648613416399,-0.1897674820049159,0.10436712205410004
6049774457933432448,91,1,8.89455,5.139571241730426,0.9491239808111176,0.71092689037323
6049821633855485440,91,4,0.619,0.4789748970210361,-0.208309350979882,-0.31968724727630615
6049828471443543424,91,0,6.3752,5.900886976686072,0.8044938138171954,0.7709172964096069
6049847575458556800,91,3,1.96,2.239808278357745,0.292256071356476,0.35021084547042847
6043528716493686400,91,3,0.5864,0.9770390991753718,-0.23180603836692845,-0.010088056325912476
6042454356193228672,91,3,0.7102,1.0651886760890295,-0.14861933203440328,0.027426540851593018
6042231292774456320,91,4,5.06445,5.063274516017744,0.7045322878138117,0.7044314742088318
6042231292774457216,91,3,5.06475,4.935820022479997,0.7045580131118825,0.6933593153953552
6042481225509025408,91,4,6.186,6.505870847661466,0.7914099156671601,0.8133054375648499
6049554108931809152,91,4,1.821,1.3829849323795211,0.26030994579492,0.14081744849681854
6042459132190170496,12,3,0.865,1.7014013299208137,-0.06298389253518578,0.23080676794052124
6042459132190170496,91,3,0.865,1.9112811007750463,-0.06298389253518578,0.281324565410614
6042459132197205504,12,4,0.865,1.6968923713541426,-0.06298389253518578,0.22965429723262787
6042459132197205504,91,4,0.865,2.767797171235515,-0.06298389253518578,0.4421342611312866
6049551016555492096,91,3,2.7136,2.111707426874822,0.43354583057661983,0.32463374733924866
6049793768107019008,91,1,17.1221,8.076095929586714,1.2335570291776334,0.9072014689445496
6049478414428226688,91,1,3.7871,4.525416986884269,0.5783067730043221,0.6556586027145386
6043472710118959232,91,2,6.5017,4.674292455794335,0.8130269265027112,0.6697158813476562
6042167280580578560,91,2,3.661,4.05043850762309,0.5635997288815311,0.6075020432472229
6041765409082144640,65,3,6.8135,4.307827161868297,0.8333702602550032,0.6342582702636719
6041765409082144640,91,3,6.8135,6.74061602883865,0.8333702602550032,0.8286995887756348
6042702605304672896,91,1,3.38895,5.139346936022104,0.5300651613766871,0.7109079360961914
6049882622389890688,91,4,1.902,3.2916429625999206,0.2792105126013951,0.5174127221107483
6042154464397991936,91,1,2.043,1.5607207579737805,0.3102683666324476,0.1933252066373825
6042203392666261760,12,2,0.678,0.7139735132646575,-0.16877030613293661,-0.14631789922714233
6042203392666261760,91,2,0.678,0.8365577011652389,-0.16877030613293661,-0.07750409841537476
6048703877204665600,91,1,1.434,1.1310505775941944,0.1565491513317813,0.05348202586174011
6048717277503393792,91,3,0.2782,0.396561455949056,-0.5556428743439724,-0.4016894996166229
6049581734162072832,91,1,6.608,6.038958567219651,0.8200700343123257,0.7809620499610901
6049690070415179008,91,0,1.2944,1.133687913846325,0.11206850426819709,0.05449351668357849
6049695877210987776,91,1,5.40955,4.973918508550147,0.7331611392941338,0.6966986656188965
6049891517263095168,91,0,0.847,1.0033651956172256,-0.0721165896692931,0.0014590322971343994
6049702710501929600,91,2,0.34605,0.6896935385029003,-0.46086114642322523,-0.16134384274482727
6049578607425858048,91,0,7.97675,6.556321252826414,0.9018259810042362,0.8166602253913879
6049523666204035584,91,2,1.68715,1.436866545026599,0.22715369626802412,0.157416433095932
6048714494364240000,91,2,1.4982,2.4993528098348015,0.17556979273499138,0.3978275656700134
6042208851564593024,91,0,0.0982,0.5642555517269162,-1.0078885122130503,-0.24852415919303894
6042179203410212864,91,3,8.6638,6.363466635118176,0.9377084182365019,0.8036937713623047
6042192500629108352,91,4,4.321,5.5539073051672645,0.6355842663112301,0.7445986270904541
6042205763488144768,12,1,4.3866,4.3185072920391505,0.6421280342880303,0.6353336572647095
6042205763488144768,91,1,4.3866,3.7001883721247903,0.6421280342880303,0.5682238340377808
6042353544720473216,91,1,5.11755,4.415757004727915,0.7090620945427534,0.6450051665306091
6042366562760155392,91,2,1.34735,0.6232138750975279,0.12948042669856127,-0.20536288619041443
6048740470326476032,91,0,2.921,3.869546538565306,0.4655315569735497,0.5876600742340088
6048744314316878592,91,1,0.283,0.5745435338770064,-0.5482135644757098,-0.24067705869674683
6049623103285036032,91,0,2.2869,2.334059422187393,0.35924717448969423,0.36811190843582153
6049686973740646400,91,4,5.80385,5.968693307419269,0.763716179607514,0.7758792638778687
6049726040762143488,91,4,1.137,1.1951615487209528,0.05576046468773478,0.07742661237716675
6049632071176914304,91,1,1.8171,1.899578031486289,0.25937882838296417,0.27865713834762573
6048621310753968256,91,2,3.0871,3.380526216011121,0.4895506977505698,0.5289843082427979
3411758128287351808,43,0,1.44,1.0779110863281398,0.15836249209524964,0.03258293867111206
3411758128287351808,44,0,1.44,1.4073853221656158,0.15836249209524964,0.1484130173921585
3411758128287351808,71,0,1.44,1.3123460094106627,0.15836249209524964,0.11804835498332977
3408234502757515648,43,0,0.47,0.41789806013991937,-0.3279021420642826,-0.37892964482307434
3408234502757515648,44,0,0.47,0.7857937209577159,-0.3279021420642826,-0.10469144582748413
3418324583527645440,43,0,70.67,11.131769918985912,1.8492350913147226,1.0465642213821411
3418324583527645440,44,0,70.67,35.5622044286895,1.8492350913147226,1.5509886741638184
3412249541265750912,43,0,2.836,3.2618082794885463,0.45270622651102893,0.5134584307670593
3412249541265750912,44,0,2.836,2.8307541397504905,0.45270622651102893,0.4519021511077881
3418681718648535808,71,2,3.596,1.755095741567072,0.5558196830611911,0.24430081248283386
3418674915420368768,71,3,0.768,1.1515155046772612,-0.114638779968488,0.061269789934158325
3418674881060632064,71,1,0.768,1.5534429585207288,-0.114638779968488,0.1912953108549118
3418669864538792064,71,4,2.044,3.0049975279762218,0.31048089146267516,0.47784411907196045
3418671651245179008,71,3,1.47,1.1133004431382727,0.1673173347481761,0.04661238193511963
3418695217729294208,71,0,0.109,0.2395339703500591,-0.9625735020593764,-0.6206328868865967
3418691098857073280,71,2,0.465,0.6092287823417137,-0.33254704711004607,-0.21521958708763123
662114460454651648,71,3,1.1356,1.211718835490661,0.05522538385381958,0.08340185880661011
662114460454651648,72,3,1.1356,1.1457803581250952,0.05522538385381958,0.059101372957229614
653021709747963520,44,4,12.31255,11.24682455932246,1.090348007134501,1.051029920578003
653021709747963520,45,4,12.31255,10.209326257659018,1.090348007134501,1.0089970827102661
653021709747963520,46,4,12.31255,8.70062397758926,1.090348007134501,0.9395503997802734
653021709747963520,71,4,12.31255,7.966563922612981,1.090348007134501,0.9012710452079773
653021709747963520,72,4,12.31255,10.074099895809844,1.090348007134501,1.0032062530517578
5650465782142674944,8,1,2.599,2.8960225964974,0.4148062795010126,0.4618019461631775
5650465782142674944,35,1,2.599,2.3747115152900844,0.4148062795010126,0.3756108582019806
5650465782142674944,62,1,2.599,4.330055315877775,0.4148062795010126,0.636493444442749
652996141805564288,71,4,11.225,10.641610068238224,1.0501863496753607,1.0270073413848877
652996141805564288,72,4,11.225,10.104336015614761,1.0501863496753607,1.0045077800750732
652949348139055488,71,4,19.364,11.151103903943808,1.286995073968852,1.0473178625106812
652949348139055488,72,4,19.364,16.579897541571672,1.286995073968852,1.2195818424224854
662045092440012288,44,1,17.2958,30.36089617351588,1.2379406546736098,1.4823145866394043
662045092440012288,45,1,17.2958,22.3174890044991,1.2379406546736098,1.3486453294754028
662045092440012288,46,1,17.2958,22.22279389218774,1.2379406546736098,1.3467986583709717
662045092440012288,71,1,17.2958,17.154039940560935,1.2379406546736098,1.2343664169311523
662045092440012288,72,1,17.2958,22.716415951309486,1.2379406546736098,1.3563398122787476
5109911781067864064,5,2,3.8,4.036846779769766,0.5797835966168101,0.6060422658920288
5109911781067864064,31,2,3.8,5.213766559711397,0.5797835966168101,0.7171515822410583
6241544575898956032,91,3,9.206,8.394697122688653,0.9640709705579554,0.9240050315856934
6241636694357891584,91,4,2.137,0.9184050692319454,0.3298045221640694,-0.03696572780609131
6571446820698811904,1,4,4.4,2.9942600142971734,0.6434526764861874,0.4762895107269287
6571446820698811904,28,4,4.4,4.904065789799484,0.6434526764861874,0.6905562877655029
6571446820698811904,68,4,4.4,3.8762928166091095,0.6434526764861874,0.588416576385498
6571446820698811904,95,4,4.4,4.237478434865586,0.6434526764861874,0.6271075010299683
5075098253634738176,4,2,2.083,3.2183716166152583,0.3186892699477459,0.5076361894607544
5075098253634738176,31,2,2.083,2.1539847539054278,0.3186892699477459,0.33324262499809265
6261323003378098688,91,4,0.959,0.9666698852321183,-0.018181392829336417,-0.014721810817718506
4943150845347891840,3,3,1.11,1.2553834532890857,0.045322978786657475,0.09877640008926392
4943150845347891840,69,3,1.11,0.8802097757574442,0.045322978786657475,-0.05541381239891052
4943150845347891840,97,3,1.11,1.2126833554058816,0.045322978786657475,0.08374741673469543
6132146982868270976,10,1,1.8295,1.8998920791976714,0.2623324138226263,0.2787289321422577
6132146982868270976,37,1,1.8295,2.0977319129965655,0.2623324138226263,0.3217499852180481
6132146982868270976,64,1,1.8295,1.3630214612612808,0.2623324138226263,0.13450269401073456
1235125877277843840,50,2,0.765,0.9082509251965277,-0.11633856484638239,-0.041794151067733765
4323607276100307584,91,0,2.20575,2.321973736246475,0.3435562878987694,0.3658573031425476
4130947859386102016,91,1,0.7983,1.1709278278391129,-0.09783387072894872,0.0685301274061203
6051578408618448256,91,0,1.7418,2.2841525253344437,0.24099828621531735,0.35872510075569153
4130917073061865088,91,2,1.098,1.5981460661008842,0.04060234011407314,0.20361647009849548
4130478810297672064,91,3,1.1678,1.338805561677098,0.06736847091526849,0.12671750783920288
4806531509075189632,5,2,4.3,5.127379841406691,0.6334684555795865,0.7098954916000366
4806531509075189632,6,2,4.3,5.801913669485594,0.6334684555795865,0.7635712623596191
4806531509075189632,32,2,4.3,3.9202283894826606,0.6334684555795865,0.5933113694190979
4806531509075189632,33,2,4.3,4.671075687925799,0.6334684555795865,0.6694169044494629
4864753467263620224,31,3,2.01,2.6098978100461947,0.30319605742048883,0.4166235029697418
4864753467263620224,32,3,2.01,2.4184465183359953,0.30319605742048883,0.3835364878177643
4866413317504891392,4,1,1.61,1.549831312254296,0.20682587603184974,0.19028443098068237
4866413317504891392,5,1,1.61,1.4816940789961943,0.20682587603184974,0.17075854539871216
4866413317504891392,31,1,1.61,1.5244507948253105,0.20682587603184974,0.18311341106891632
4866413317504891392,32,1,1.61,1.2773303896454913,0.20682587603184974,0.10630324482917786
4866413317504891392,98,1,1.61,3.6223416181164296,0.20682587603184974,0.558989405632019
4865484642495988224,31,0,0.787,0.7450969190369313,-0.10402526764093542,-0.12778723239898682
4865484642495988224,32,0,0.787,0.757461279949129,-0.10402526764093542,-0.12063956260681152
6235371780185722880,91,2,1.5214,1.9053965224624014,0.18224341191900045,0.27998536825180054
6235661707656550016,91,2,1.08935,1.0231429189578862,0.03716743774230069,0.009936302900314331
6235737573959159808,91,3,2.86075,2.932656082865708,0.45647990661181836,0.4672611355781555
6235742349962813824,91,2,3.7124,5.149208693102246,0.5696547639998522,0.7117404937744141
6235765852024356352,91,3,8.492,5.101338701131041,0.9290099854939612,0.7076841592788696
6236545302689568384,91,0,1.97,1.1378233912745235,0.2944662261615929,0.05607485771179199
6236927005021230464,91,1,0.555,0.9954865601942201,-0.2557070168773237,-0.0019645988941192627
6235263130392763392,91,0,1.342,0.6426440545952746,0.12775251583297328,-0.19202950596809387
6235355661166851200,91,1,1.509,0.7068310408310577,0.17868923977558981,-0.1506843864917755
6235465925869396736,91,0,1.366,3.7793564166006615,0.1354506993455138,0.5774178504943848
6236150955972919936,91,3,4.2626,3.5820808354018205,0.6296745806078883,0.5541353821754456
6236968305427505408,91,0,1.048,0.9787582806522125,0.020361282647707864,-0.00932455062866211
6236109243250504576,91,1,0.979,0.8751552194965572,-0.009217308196862183,-0.057914912700653076
4822636399484228224,5,4,1.925,1.6426825973095278,0.2844307338445195,0.2155536562204361
4822636399484228224,6,4,1.925,2.107655277689084,0.2844307338445195,0.32379958033561707
4822636399484228224,32,4,1.925,1.9792540719715996,0.2844307338445195,0.2965015470981598
4848412525451859328,3,3,2.912,3.82564391457277,0.4641913706409996,0.5827045440673828
4848412525451859328,4,3,2.912,3.04255765226959,0.4641913706409996,0.4832388162612915
4848412525451859328,30,3,2.912,3.398020380457868,0.4641913706409996,0.5312259793281555
4848412525451859328,31,3,2.912,3.0760113636846906,0.4641913706409996,0.4879879355430603
4848412525451859328,97,3,2.912,3.5085949428849417,0.4641913706409996,0.5451332330703735
6684976378430611200,13,2,1.66,2.080329665201468,0.22010808804005508,0.3181321620941162
6684976378430611200,27,2,1.66,1.8047012691227264,0.22010808804005508,0.2564053237438202
6684976378430611200,67,2,1.66,1.678143547979199,0.22010808804005508,0.22482910752296448
661413800965826688,72,3,24.424,7.768319800505242,1.3878167912906054,0.8903270959854126
675714972613353856,71,0,21.602,1.260518318457183,1.3344939617413862,0.10054916143417358
675714972613353856,72,0,21.602,1.9269246111429887,1.3344939617413862,0.28486472368240356
4980868526585951232,2,3,3.734,3.695682082563144,0.5721743136130595,0.5676946043968201
4980868526585951232,29,3,3.734,3.561648043760738,0.5721743136130595,0.5516510009765625
4980868526585951232,69,3,3.734,3.3875615856663717,0.5721743136130595,0.5298871994018555
4980868526585951232,96,3,3.734,2.8260586674488573,0.5721743136130595,0.45118117332458496
3426273258025551744,71,0,0.054,1.4259023299557416,-1.2676062401770316,0.1540897786617279
3426273258025551744,72,0,0.054,4.452475434085353,-1.2676062401770316,0.6486015319824219
3426284940336623104,43,0,0.035,2.408925620866238,-1.4559319556497243,0.3818233907222748
3426262473366746496,71,0,0.031,0.1416180584872245,-1.5086383061657274,-0.8488813638687134
3426262473366746496,72,0,0.031,0.2556138075928196,-1.5086383061657274,-0.5924156904220581
3425503363665127040,71,4,4.239,1.8187997142449954,0.627263416568221,0.25978487730026245
3425503363665127040,72,4,4.239,1.1869207808339375,0.627263416568221,0.07442173361778259
3426256765350856960,71,2,0.593,1.656368681567627,-0.22694530663573742,0.21915701031684875
3426256765350856960,72,2,0.593,0.5145456413548074,-0.22694530663573742,-0.2885760962963104
3426257216323882880,71,1,1.238,1.750544067117116,0.09272064468409917,0.2431730479001999
3426257216323882880,72,1,1.238,1.9276615384682358,0.09272064468409917,0.2850307822227478
3426267352449575936,71,2,0.494,0.5502263298261852,-0.30627305107635305,-0.25945863127708435
3426267352449575936,72,2,0.494,0.6210033593997726,-0.30627305107635305,-0.2069060504436493
3426264603670482944,71,4,0.514,0.36962821642847316,-0.28903688100472424,-0.43223488330841064
3426264603670482944,72,4,0.514,0.5620000686975124,-0.28903688100472424,-0.25026363134384155
3426264706749693184,71,3,1.042,0.9445791456273818,0.017867718963505686,-0.02476164698600769
3426264706749693184,72,3,1.042,0.8262606855967679,0.017867718963505686,-0.08288291096687317
3426268692479549056,71,1,2.641,1.7749463047082072,0.42176840120692405,0.2491852194070816
3426268692479549056,72,1,2.641,2.558265259796136,0.42176840120692405,0.40794557332992554
3425512911374788992,71,4,0.058,0.38527601912160314,-1.2365720064370627,-0.41422802209854126
3425512911374788992,72,4,0.058,0.3440981262480531,-1.2365720064370627,-0.4633176922798157
3425511919241092480,71,0,0.47,0.3206908421391082,-0.3279021420642826,-0.4939134418964386
3425511919241092480,72,0,0.47,0.41374896337817757,-0.3279021420642826,-0.38326308131217957
3425537581666932608,71,3,0.264,1.3500247284694709,-0.5783960731301689,0.13034172356128693
3425537581666932608,72,3,0.264,0.6174335955582697,-0.5783960731301689,-0.20940974354743958
3426291747863689856,43,3,0.325,0.2505578530513812,-0.4881166390211256,-0.6010919809341431
3426291747863689856,45,3,0.325,0.5734314030882691,-0.4881166390211256,-0.2415185272693634
3425510579210039296,71,1,0.386,3.817755312974099,-0.41341269532824504,0.5818080902099609
3425510579210039296,72,1,0.386,1.3565621261965737,-0.41341269532824504,0.13243968784809113
66482868226100096,42,4,4.600733,6.03986701728528,0.6628270300499886,0.7810273766517639
66482868226100096,43,4,4.600733,7.276518452446625,0.6628270300499886,0.8619236350059509
66482868226100096,44,4,4.600733,4.765688146305038,0.6628270300499886,0.6781256198883057
66482868226100096,70,4,4.600733,5.113944023619911,0.6628270300499886,0.7087559700012207
66482868226100096,71,4,4.600733,4.390508526135773,0.6628270300499886,0.6425148248672485
66489259137570816,42,4,5.469,5.912169461979153,0.7379079233746387,0.7717468738555908
66489259137570816,43,4,5.469,7.338744122855853,0.7379079233746387,0.8656217455863953
66489259137570816,44,4,5.469,9.085433451355428,0.7379079233746387,0.9583456516265869
66489259137570816,70,4,5.469,6.291727305321834,0.7379079233746387,0.7987698912620544
66489259137570816,71,4,5.469,5.914848547468549,0.7379079233746387,0.7719436287879944
66542551091588352,42,4,1.866,1.743424690822336,0.2709116394104812,0.24140319228172302
66542551091588352,43,4,1.866,1.411021445692318,0.2709116394104812,0.14953361451625824
66542551091588352,44,4,1.866,2.233186350187753,0.2709116394104812,0.3489249646663666
66542551091588352,70,4,1.866,2.2933601504107677,0.2709116394104812,0.36047226190567017
66542551091588352,71,4,1.866,1.309002881797179,0.2709116394104812,0.11694060266017914
66867800374681344,42,4,4.386667,1.8995225016763948,0.6421346675593734,0.2786444425582886
66867800374681344,43,4,4.386667,1.7160534335102153,0.6421346675593734,0.23453080654144287
66867800374681344,44,4,4.386667,1.5693829958577161,0.6421346675593734,0.19572894275188446
66867800374681344,70,4,4.386667,4.368130702023894,0.6421346675593734,0.6402956247329712
66867800374681344,71,4,4.386667,2.78944694907551,0.6421346675593734,0.4455181062221527
66911231083913600,42,1,0.533733,0.6915684417165274,-0.2726759445173078,-0.16016483306884766
66911231083913600,43,1,0.533733,0.5002518567582824,-0.2726759445173078,-0.3008112907409668
66911231083913600,44,1,0.533733,0.6814076651084138,-0.2726759445173078,-0.16659298539161682
66911231083913600,70,1,0.533733,1.1138468180741075,-0.2726759445173078,0.04682546854019165
66911231083913600,71,1,0.533733,0.5892907908657675,-0.2726759445173078,-0.22967034578323364
67368868438779392,42,0,1.675,1.5343585916713187,0.22401481137286405,0.1859268695116043
67368868438779392,43,0,1.675,1.1841495716267998,0.22401481137286405,0.07340656220912933
67368868438779392,44,0,1.675,1.740240088826013,0.22401481137286405,0.24060916900634766
67368868438779392,70,0,1.675,1.5800188966217739,0.22401481137286405,0.19866228103637695
67368868438779392,71,0,1.675,1.0625585797061587,0.22401481137286405,0.026352882385253906
70426507196531456,42,3,6.651,6.947921930818779,0.8228869478341506,0.8418549299240112
70426507196531456,43,3,6.651,7.442022668266146,0.8228869478341506,0.8716909885406494
70426507196531456,44,3,6.651,5.373716328749951,0.8228869478341506,0.7302747368812561
70426507196531456,71,3,6.651,5.350188909664042,0.8228869478341506,0.7283691167831421
66915560410893440,42,1,0.4603,0.726459918288431,-0.33695902510602577,-0.1387883424758911
66915560410893440,43,1,0.4603,0.3688366191672761,-0.33695902510602577,-0.433165967464447
66915560410893440,44,1,0.4603,0.8112931515757756,-0.33695902510602577,-0.09082219004631042
66915560410893440,71,1,0.4603,0.5810799811282202,-0.33695902510602577,-0.23576408624649048
66887660303617408,42,2,0.50995,0.7053015102535461,-0.2924724038797342,-0.15162518620491028
66887660303617408,43,2,0.50995,0.4470075899665224,-0.2924724038797342,-0.34968510270118713
66887660303617408,44,2,0.50995,0.9003011067010982,-0.2924724038797342,-0.045612215995788574
66887660303617408,70,2,0.50995,0.43275461124526016,-0.2924724038797342,-0.36375829577445984
66887660303617408,71,2,0.50995,0.47521065656224065,-0.2924724038797342,-0.3231138288974762
66886011036187392,42,4,0.71295,0.8695644748790626,-0.14694092664956027,-0.06069821119308472
66886011036187392,43,4,0.71295,0.730433334197902,-0.14694092664956027,-0.136419415473938
66886011036187392,44,4,0.71295,0.7159129467492522,-0.14694092664956027,-0.14513978362083435
66885942316710784,42,3,0.632467,0.4608533458383464,-0.19896212958579934,-0.33643725514411926
66885942316710784,43,3,0.632467,0.8439388048384358,-0.19896212958579934,-0.0736890435218811
66885942316710784,44,3,0.632467,0.6774829103538854,-0.19896212958579934,-0.16910165548324585
66885942316710784,70,3,0.632467,0.758621190380245,-0.19896212958579934,-0.1199750304222107
66885942316710784,71,3,0.632467,0.4666442653152759,-0.19896212958579934,-0.33101406693458557
66665902550940672,42,0,0.33615,0.6131974055200128,-0.47346688440925755,-0.2123996913433075
66665902550940672,43,0,0.33615,0.7602316579379299,-0.47346688440925755,-0.11905404925346375
66665902550940672,44,0,0.33615,1.1598998478286828,-0.47346688440925755,0.06442049145698547
66665902550940800,42,3,0.9614,0.47444207201922667,-0.017095882207371908,-0.32381680607795715
66665902550940800,43,3,0.9614,0.5560906450291457,-0.017095882207371908,-0.2548544108867645
66665902550940800,44,3,0.9614,0.3909034260910489,-0.017095882207371908,-0.40793052315711975
66658996243552000,42,3,4.213,3.999889920524786,0.6245914591268478,0.6020480394363403
66658996243552000,43,3,4.213,4.137044748167887,0.6245914591268478,0.6166902184486389
66658996243552000,44,3,4.213,4.425155150193657,0.6245914591268478,0.6459285020828247
66658996243552000,70,3,4.213,4.011002635388136,0.6245914591268478,0.6032529473304749
66658996243552000,71,3,4.213,3.5437068531949283,0.6245914591268478,0.5494577884674072
3419526585958441216,43,1,0.29,1.880168635299393,-0.5376020021010439,0.2741968035697937
3419526585958441216,44,1,0.29,1.0231464996999335,-0.5376020021010439,0.009937822818756104
444663603454525696,59,4,5.04,6.443282668990018,0.7024305364455253,0.8091071844100952
444663603454525696,86,4,5.04,5.128415801352218,0.7024305364455253,0.709983229637146
3385237181976223104,45,0,3.05,3.191239197732627,0.48429983934678583,0.5039593577384949
6567961678075907968,68,0,0.53,0.4369587437603493,-0.27572413039921095,-0.359559565782547
6567961678075907968,95,0,0.53,0.5968719930566028,-0.27572413039921095,-0.22411879897117615
1099288633074163328,20,3,54.5,3.0244412306682693,1.7363965022766426,0.48064514994621277
1099288633074163328,47,3,54.5,10.845890295260173,1.7363965022766426,1.0352652072906494
1099288633074163328,60,3,54.5,0.9021332247865742,1.7363965022766426,-0.0447293221950531
5073000900844651776,4,3,5.0,6.545754184034657,0.6989700043360189,0.8159596920013428
5073000900844651776,31,3,5.0,8.151973338690025,0.6989700043360189,0.9112627506256104
2830234429879927040,56,1,0.777,0.8042244985581748,-0.10957898119908573,-0.09462270140647888
5239921918625122560,90,2,1.44,1.7560925355877484,0.15836249209524964,0.24454739689826965
6760846563417053056,13,4,0.50507,0.5855330615587423,-0.296648426818062,-0.23244857788085938
6760846563417053056,92,4,0.50507,0.5510821721065396,-0.296648426818062,-0.25878363847732544
2391670474561181440,2,2,7.482,6.447277436459776,0.8740177038621862,0.8093763589859009
2391670474561181440,29,2,7.482,7.176040971314503,0.8740177038621862,0.8558849096298218
2391670474561181440,96,2,7.482,5.270985486875581,0.8740177038621862,0.7218918204307556
5321275295028390912,61,3,8.01,6.322680466655227,0.9036325160842377,0.8009012341499329
5321275295028390912,62,3,8.01,7.596464959387153,0.9036325160842377,0.8806115388870239
5321176205843037440,61,1,4.24,4.812314181682488,0.6273658565927327,0.6823539733886719
5321176205843037440,62,1,4.24,3.888019859834346,0.6273658565927327,0.5897284746170044
5321176205843037440,63,1,4.24,5.422829980184905,0.6273658565927327,0.7342259883880615
5321172323192731008,61,2,0.94,0.9992082740328656,-0.026872146400301365,-0.0003439784049987793
5321172323192731008,62,2,0.94,0.9516698257557787,-0.026872146400301365,-0.021513700485229492
5321172323192731008,63,2,0.94,1.4364189652723047,-0.026872146400301365,0.15728113055229187
5318186221414047104,61,2,3.98,4.1181596439843755,0.5998830720736879,0.6147031784057617
5318186221414047104,62,2,3.98,4.898803959962928,0.5998830720736879,0.6900900602340698
5318182648001349248,61,1,4.99,5.14739278937456,0.69810054562339,0.7115873098373413
5318182648001349248,62,1,4.99,4.890141193562619,0.69810054562339,0.6893213987350464
5318162238316886528,35,3,6.26,4.811847255626252,0.7965743332104297,0.6823118329048157
5318162238316886528,36,3,6.26,3.555897353455877,0.7965743332104297,0.550949215888977
5318543425255007872,8,2,0.36,0.5257629744880612,-0.44369749923271273,-0.27921000123023987
5318543425255007872,9,2,0.36,0.4926230711165174,-0.44369749923271273,-0.3074852526187897
5318543425255007872,35,2,0.36,0.43628777198576,-0.44369749923271273,-0.36022695899009705
5318543425255007872,36,2,0.36,0.472274681451611,-0.44369749923271273,-0.32580533623695374
5318543425255007872,62,2,0.36,0.5399248698897955,-0.44369749923271273,-0.26766666769981384
5318543425255007872,89,2,0.36,0.492875456036508,-0.44369749923271273,-0.3072628080844879
5318541982145960064,8,3,3.25,2.0216096039206697,0.5118833609788743,0.3056972920894623
5318541982145960064,9,3,3.25,2.0467587575769386,0.5118833609788743,0.3110666573047638
5318541982145960064,35,3,3.25,2.1201359614989035,0.5118833609788743,0.3263637125492096
5318541982145960064,36,3,3.25,2.47403305062056,0.5118833609788743,0.3934054970741272
5318541982145960064,62,3,3.25,2.0344817493345233,0.5118833609788743,0.3084537982940674
5318541982145960064,89,3,3.25,1.9367490160200675,0.5118833609788743,0.2870733439922333
5318093243960659456,62,1,2.32,2.8325297812060195,0.3654879848908996,0.45217448472976685
5318549678727766656,62,4,1.38,1.3290223828902321,0.13987908640123647,0.12353229522705078
5318549678727766656,63,4,1.38,1.3081865650263735,0.13987908640123647,0.1166696846485138
5318569195058991616,62,2,2.02,2.510279959172829,0.3053513694466238,0.399722158908844
5318569195058991616,63,2,2.02,2.3444741754146063,0.3053513694466238,0.3700454533100128
5318607540527504768,62,1,1.44,1.2992673567429254,0.15836249209524964,0.11369852721691132
5318607540527504768,63,1,1.44,1.2526566231916672,0.15836249209524964,0.09783203899860382
5318476423763513344,62,4,4.18,4.797351541825281,0.6211762817750351,0.6810015439987183
5318474941990522368,62,3,0.26,0.5106478507511691,-0.585026652029182,-0.29187849164009094
5317906155187202176,35,0,1.03,0.9719157920118375,0.012837224705172217,-0.012371361255645752
5317906155187202176,36,0,1.03,0.659685383119732,0.012837224705172217,-0.18066313862800598
5317906155187202176,62,0,1.03,0.4618607481857459,0.012837224705172217,-0.3354889452457428
5317887321743547264,35,1,0.77,1.002497606088531,-0.11350927482751812,0.0010833442211151123
5317887321743547264,36,1,0.77,1.0923715251612276,-0.11350927482751812,0.038370370864868164
5318283012799031808,62,2,2.36,2.774724699696555,0.37291200297010657,0.4432199001312256
5368673630700201984,10,3,0.14,0.21640964055820547,-0.8538719643217619,-0.6647233963012695
5368673630700201984,90,3,0.14,0.2773218598744107,-0.8538719643217619,-0.5570158958435059
5368673630700201984,99,3,0.14,0.2729935953057353,-0.8538719643217619,-0.563847541809082
5318536999982933248,36,3,0.29,1.1500663261188073,-0.5376020021010439,0.06072288751602173
5318536999982933248,62,3,0.29,0.6325213516323387,-0.5376020021010439,-0.19892480969429016
5318536999982933248,63,3,0.29,0.5843518578937904,-0.5376020021010439,-0.23332557082176208
5317884439832479872,62,0,3.12,2.8668728263240335,0.4941545940184428,0.45740842819213867
5318316096918509568,35,0,0.92,0.9729159335802119,-0.036212172654444715,-0.011924684047698975
5318316096918509568,36,0,0.92,1.014726488440885,-0.036212172654444715,0.006348997354507446
168774798644094592,18,1,5.85,6.4501308404952375,0.7671558660821804,0.8095685243606567
168774798644094592,43,1,5.85,3.610515928959534,0.7671558660821804,0.5575692653656006
168774798644094592,44,1,5.85,6.891957759636242,0.7671558660821804,0.8383426070213318
168774798644094592,70,1,5.85,7.716668315170005,0.7671558660821804,0.8874298334121704
168774798644094592,71,1,5.85,4.918451237833461,0.7671558660821804,0.6918283700942993
168774798644094592,86,1,5.85,4.697566896295301,0.7671558660821804,0.6718729734420776
6185498443844034944,10,4,0.75,0.7845935028273199,-0.12493873660829995,-0.10535529255867004
6185498443844034944,64,4,0.75,0.7356524652602401,-0.12493873660829995,-0.13332730531692505
6243135156913242496,91,2,1.8668,2.3718085582579835,0.2710977922131183,0.3750796318054199
6243147492050772864,91,4,1.9313,1.171688082590316,0.2858497404934423,0.06881201267242432
6247083125210430080,91,2,0.26395,0.3279783296654254,-0.5784783336630227,-0.4841548502445221
6247585189706073216,91,1,1.97755,2.2466813974779014,0.29612747292803393,0.3515414893627167
6247585189705806720,91,0,15.0942,7.6583842654522005,1.178810100148617,0.8841371536254883
6247506608984011776,91,4,9.0904,10.246252227191263,0.9585829936697893,1.0105650424957275
6243564481845094784,91,1,4.70925,4.8417522760586404,0.672951746450049,0.6850025653839111
6243349046284338432,91,3,0.89455,1.188476749036102,-0.0483953799515862,0.07499068975448608
6243173536741246848,91,0,0.7299,0.936698740961767,-0.1367366363495191,-0.028400063514709473
6243172677747745664,91,4,0.255,0.4365677624987789,-0.5934598195660448,-0.3599483370780945
6243142063220661504,91,3,6.11545,5.965794143155691,0.7864284197249315,0.7756682634353638
6243130106031671168,91,2,3.62275,5.79847474956976,0.5590383651229628,0.7633137702941895
6243128456764157952,91,3,0.48335,0.6053402589662523,-0.3157382770710931,-0.21800044178962708
6242363231033352448,91,4,1.35285,1.4724809779087278,0.13124964598147487,0.16804969310760498
6236353334834635648,91,3,2.6411,2.259276862908629,0.42178484521525234,0.3539694547653198
6242360619693213440,91,3,6.69235,8.463167011626467,0.8255786458429315,0.9275329113006592
6243156528670527744,91,1,3.1013,6.86459197020229,0.4915437791501725,0.836614727973938
6243171440797135232,91,3,1.29055,1.5916659813012535,0.11077483515144221,0.20185193419456482
6243230848785006208,91,0,1.4365,1.3823728913897968,0.1573056303279663,0.1406252086162567
6243553211849342464,91,0,1.9652,1.7867216369604781,0.29340675546278416,0.25205689668655396
6243566509068156928,91,2,1.672,1.3930618059703574,0.22323627310299757,0.14397038519382477
5602638606886943360,33,4,0.42,0.32808036820041403,-0.37675070960209955,-0.48401975631713867
5602638606886943360,34,4,0.42,0.30532207010130386,-0.37675070960209955,-0.515241801738739
6243357704940135424,91,0,1.71725,1.8453661715712892,0.23483352504847133,0.2660825550556183
6236283859443275904,91,4,9.2114,6.606067558720634,0.9643256417134367,0.8199430108070374
6242294648994625408,91,0,2.69525,2.170151408592955,0.43059905471196164,0.33649003505706787
6242295885945197312,91,1,1.6081,1.6414463026792496,0.20631305193595745,0.2152266800403595
6242354361916950784,91,2,1.901,2.166500112230432,0.27898211686544316,0.3357587158679962
6242374604106794496,91,0,4.39575,2.158718143535379,0.6430329847733188,0.33419594168663025
6243154501445899264,91,0,2.44065,2.465642646366428,0.3875055041336568,0.39193013310432434
6243179240458354560,91,1,1.502,1.319970491070622,0.1766699326681496,0.12056422233581543
6243355780793634432,91,4,5.5768,5.57127088494898,0.7463850697284508,0.7459542751312256
6048756275806209664,91,2,3.52675,5.114627682953645,0.5473746750152064,0.7088140249252319
6049604308508263296,91,2,7.6474,4.686490851232371,0.8835138067116836,0.6708477735519409
6049634235841014144,91,2,2.0035,1.4563759994912375,0.30178934676871855,0.16327351331710815
6049713400678259200,91,3,6.93935,6.72112250904372,0.8413187925537365,0.8274418115615845
6049614307192716288,91,4,0.41205,0.5164292681969722,-0.3850500815237568,-0.28698915243148804
6049610080944881408,91,3,0.5783,1.3860525334090517,-0.23784680769640534,0.14177969098091125
6048851310543791872,91,0,0.148,0.4384396955691375,-0.8297382846050426,-0.3580901324748993
6048846573197632128,91,3,0.4985,0.8638907543526958,-0.30233483735232547,-0.06354117393493652
6048845748563450368,91,3,12.79875,4.012791573361308,1.1071675560063576,0.6034466028213501
6048732223989166464,91,4,3.13665,5.182570162230643,0.49646606107934943,0.7145451903343201
6048676389414212224,91,4,4.8735,4.784791039220856,0.687840970400664,0.6798629760742188
6039089403939706752,91,1,0.514,0.8404354627957042,-0.28903688100472424,-0.0754956305027008
6048675908377862528,91,0,1.81925,1.0458857641648125,0.2598923835934893,0.019484251737594604
6048681818252865408,91,4,3.15275,0.9738887009318927,0.4986895343618974,-0.011490672826766968
6049650487996864640,91,3,6.06315,6.006452372046555,0.7826983126463894,0.7786180377006531
6048885983817467136,91,2,4.99805,7.763157031801104,0.6988005964513914,0.8900383710861206
6048853410786597504,91,1,0.747,0.8610570966925003,-0.12667939818460122,-0.0649680495262146
6048684532672522752,91,0,10.2552,3.1063614804441615,1.0109441345288026,0.492251992225647
6048657594638674944,91,1,3.76735,3.452945384910694,0.5760359695549105,0.538189709186554
6038851737631487616,12,4,1.1441,0.9398371136715704,0.05846398560225074,-0.02694740891456604
6038851737631487616,65,4,1.1441,1.0785809341713166,0.05846398560225074,0.032852739095687866
6038851737631487616,91,4,1.1441,1.1749456692642424,0.05846398560225074,0.07001778483390808
6039266287870021248,39,3,1.95,4.160281749238512,0.290034611362518,0.6191227436065674
6039266287870021248,91,3,1.95,1.1302777924686105,0.290034611362518,0.05318519473075867
6039272266464602624,91,2,0.5882,0.5954756239627002,-0.2304749798289495,-0.22513601183891296
6042330248818586752,91,0,19.6288,4.730162860707505,1.2928937499663726,0.6748760938644409
6042334475066418688,91,4,6.2697,7.320014927525932,0.7972467606932976,0.8645119667053223
6247526228394968320,91,1,0.77245,0.7341500854855179,-0.11212962248806935,-0.13421514630317688
6247520627757618176,91,0,7.51015,5.68046543594531,0.8756486112414147,0.75438392162323
6247526675071572224,91,2,10.5028,6.097677839784203,1.021305095492942,0.785164475440979
6247541621557778304,91,3,7.65065,7.590514187813575,0.8836983344243554,0.8802711963653564
6243166527355588608,91,2,1.6284,1.5843467828299445,0.2117610937073619,0.19985024631023407
6242393708121584000,91,0,6.7623,5.445320243729049,0.8300944337255943,0.7360234260559082
6242288292442882560,91,4,3.7652,4.574018013643771,0.5757880500159899,0.6602978706359863
6045872806564888192,91,1,1.70295,2.045126216121079,0.23120189690982765,0.3107201159000397
6045876242538763904,91,2,6.8176,7.486949273155848,0.833631516856378,0.8743048906326294
6045897992252725632,91,3,2.5735,1.9053455295330881,0.4105241725861884,0.27997374534606934
6049110039371711232,91,2,11.1869,6.205236602883905,1.0487097559282657,0.7927583456039429
6049114922751320960,91,3,2.642,2.537094600870693,0.4219328132785084,0.4043366611003876
6049116846896669824,91,1,3.5552,3.3547066869383215,0.5508640372607736,0.5256545543670654
6049140417677195136,91,4,3.901,5.841385267811089,0.5911759503117914,0.766515851020813
6049332419895686016,91,4,0.423,0.9270710470681809,-0.37365963262495766,-0.03288698196411133
6049166805956306944,91,0,5.6968,5.661679022983394,0.7556309727617424,0.7529452443122864
6049136569386567296,91,3,0.50105,2.709567916977859,-0.3001189335327579,0.4329000413417816
6049135813472323072,91,2,5.97905,3.7140435145597985,0.7766321852370592,0.5698469877243042
6049123615765201536,91,1,0.2773,0.654355983278294,-0.5570501304221384,-0.1841859221458435
6049061214183490560,91,3,0.71195,0.689149192695161,-0.14755050564205666,-0.1616867482662201
6044184815698273280,91,3,4.577,1.9690816297449307,0.6605809124272995,0.29426372051239014
4692567919129007360,2,2,0.62,0.6878971183937107,-0.20760831050174613,-0.16247650980949402
4704749786410138752,1,2,0.26,0.25768021588723233,-0.585026652029182,-0.588918924331665
880041895622332032,20,2,2.39814,2.3778900250098185,0.3798745329966445,0.37619176506996155
682370179057413888,44,2,0.898505,8.221374096570612,-0.046479501786651674,0.9149444103240967
682370179057413888,45,2,0.898505,9.089696451732832,-0.046479501786651674,0.9585493803024292
682370179057413888,46,2,0.898505,8.067947746832976,-0.046479501786651674,0.9067630767822266
604962193935568896,44,2,6.101,4.596084102324855,0.7854010249923875,0.6623879671096802
604962193935568896,45,2,6.101,4.522785573667214,0.7854010249923875,0.6554059982299805
604962193935568896,46,2,6.101,7.011531940251896,0.7854010249923875,0.8458129167556763
2051099329142405760,74,0,12.51,15.295872202627391,1.09725730969342,1.1845742464065552
2051099329142405760,81,0,12.51,10.665434170011515,1.09725730969342,1.027978539466858
4087782677845919744,92,4,18.239,9.382837741897063,1.2610010233351967,0.9723342061042786
4184136558285344000,54,1,14.0356,17.546358458536222,1.1472309827787543,1.2441869974136353
4184128586826043904,54,3,0.8564,0.9766531872608321,-0.06732334137759925,-0.010259628295898438
4184146900561610880,92,3,22.490225,9.123171335622631,1.3519938002897733,0.9601458311080933
4184129862426612096,54,2,0.1963,0.45705813775010523,-0.7070797003999938,-0.3400285542011261
4184137077986034048,54,0,16.235,2.9932903375644786,1.2104522929620203,0.4761488437652588
4184137077986034048,92,0,16.235,0.8906229630787721,1.2104522929620203,-0.050306111574172974
