{
  "n_samples": 7154,
  "mae_myr": 122.88940977010442,
  "median_ae_myr": 31.1578369140625,
  "rmse_myr": 247.03709365347336,
  "log_mae_dex": 0.2548411463418769,
  "log_bias_dex": 0.0055574777059450575,
  "log_scatter_dex": 0.4207574774376454,
  "correlation": 0.7040482330142639
}