{
  "n_samples": 2494,
  "mae_myr": 79.13857524174543,
  "median_ae_myr": 13.148474121093749,
  "rmse_myr": 193.2897690148113,
  "log_mae_dex": 0.1710399610637903,
  "log_bias_dex": 0.008713991684307174,
  "log_scatter_dex": 0.3250182781172417,
  "correlation": 0.8366938076711229
}