{
  "n_samples": 7154,
  "mae_days": 1.8731576658240572,
  "median_ae_days": 0.6114701834716789,
  "rmse_days": 4.826655149572726,
  "log_mae_dex": 0.2107556869578908,
  "log_bias_dex": 0.0008403710754749992,
  "log_scatter_dex": 0.31750041925202016,
  "correlation": 0.7042674516193751
}