{
  "n_samples": 2494,
  "mae_dex": 0.30006360372577445,
  "median_ae_dex": 0.16927452937932652,
  "rmse_dex": 0.49338139574570933,
  "bias_dex": -0.0021042515196206943,
  "scatter_dex": 0.49337690845187154,
  "correlation": 0.8169817832096277
}