{"fold_0": {"train_nll": [4.671616484502513, 3.8322647568696966, 3.1741583223094443, 2.9120985706726867, 2.7041204209795935, 2.6035538484194953, 2.5819806082693035, 2.4395343454662926, 2.451120026842626, 2.2939997588943144, 2.28877975897703, 2.2276029871078675, 2.201214134095905, 2.2292765828077203, 2.1527340522032223, 2.1763209544107287, 2.0716198157213017, 2.0549588709890485, 2.050591096132695, 2.001738610272417, 2.058474980757566, 2.0282624083195993, 1.9867316833239996, 1.960044286532966, 1.9862674262098416, 1.9590741735183166, 1.8952449655723953, 1.8803818881631136, 1.9079163483603445, 1.8820443717176785, 1.8734901386176894, 1.8481441241705823, 1.8592097127365923, 1.8379137907811778, 1.831571838420952, 1.8277967621185975, 1.818736442822015, 1.8109426085122362, 1.8041017676940663, 1.815994500636099, 1.8001492244447161, 1.798241166170231, 1.7923022441730232, 1.7897400502451437, 1.7914557316021356, 1.7836819368756127, 1.7834885899194017, 1.7811394263364986, 1.788677203392457, 1.7794117932329196, 1.7726570143250522, 1.7726038204625487, 1.7695858743721116, 1.7697341358494425, 1.7679752412444365, 1.769166395277203, 1.766515672326327, 1.7642299531695838, 1.7643843781733082, 1.7645168823445727, 1.7621250291147785, 1.7614470952020618, 1.7619667540571256, 1.7609528217740908, 1.7605229905229771, 1.7595544900588378, 1.7594871697779408, 1.7592687050182978, 1.7589455678133306, 1.7585545271814227, 1.759297837714155, 1.7583637863457322, 1.758177149869158, 1.7577024854211984, 1.7578403309495272, 1.7576261708636083, 1.7574656635582566, 1.7573299943086857, 1.757224354452504, 1.7572289865337059, 1.7571136748384617, 1.7571097968336575, 1.7570102790553488, 1.757008096020303, 1.7569203006480643, 1.7569189408499157, 1.756892993837177, 1.7568760606234441, 1.756838921076788, 1.7568266277083893, 1.7568104603964245, 1.7567975914072178, 1.756790654214924, 1.7567851213749521, 1.756780873319668, 1.7567775440598299, 1.7567744283733482, 1.7567732362804527, 1.7567729130536616, 1.756772921653931], "val_nll": [4.8420209884643555, 3.551621437072754, 3.329709053039551, 3.0712602138519287, 2.965038776397705, 2.88218092918396, 2.7251765727996826, 2.834035634994507, 2.6945173740386963, 2.5558366775512695, 2.671703815460205, 2.515031099319458, 2.6155853271484375, 2.6213674545288086, 2.6014668941497803, 2.4849698543548584, 2.412895441055298, 2.4549813270568848, 2.439610242843628, 2.4575862884521484, 2.4842917919158936, 2.4246864318847656, 2.388139486312866, 2.5119402408599854, 2.418785333633423, 2.3818094730377197, 2.3683905601501465, 2.3633198738098145, 2.382939577102661, 2.368192434310913, 2.3342578411102295, 2.3351800441741943, 2.332158327102661, 2.3495044708251953, 2.339932441711426, 2.334453821182251, 2.3235390186309814, 2.325958728790283, 2.324448347091675, 2.326399087905884, 2.329594850540161, 2.3221375942230225, 2.321039915084839, 2.3160247802734375, 2.336054563522339, 2.325437545776367, 2.334360361099243, 2.335529327392578, 2.3301165103912354, 2.3151447772979736, 2.33015513420105, 2.3176093101501465, 2.3186163902282715, 2.3235013484954834, 2.3313872814178467, 2.3222038745880127, 2.3181233406066895, 2.3180878162384033, 2.317471504211426, 2.3211820125579834, 2.3178391456604004, 2.3200395107269287, 2.3208611011505127, 2.319003105163574, 2.3192408084869385, 2.3202943801879883, 2.319967269897461, 2.318995952606201, 2.3188250064849854, 2.3189148902893066, 2.320265769958496, 2.3180794715881348, 2.318375587463379, 2.318591594696045, 2.3176403045654297, 2.318584442138672, 2.3181955814361572, 2.318352460861206, 2.3182883262634277, 2.3185815811157227, 2.3179991245269775, 2.318343162536621, 2.318251609802246, 2.318161725997925, 2.31825590133667, 2.318345546722412, 2.3182599544525146, 2.3183608055114746, 2.318311929702759, 2.318325996398926, 2.318368673324585, 2.3183629512786865, 2.318378448486328, 2.318371534347534, 2.3183746337890625, 2.3183746337890625, 2.318373203277588, 2.318373203277588, 2.318373203277588, 2.318373680114746]}, "fold_1": {"train_nll": [4.864824329922816, 3.605339614566199, 3.1561244169552483, 2.9803745486215503, 2.7754034752358416, 2.5800242342786466, 2.6093355758873398, 2.489935211284844, 2.404307386918154, 2.316822999464964, 2.262588882255172, 2.2283855134356236, 2.23622179365827, 2.171027762378624, 2.1293532996473905, 2.1490619366536876, 2.1130660153582004, 2.0590792817916563, 2.0458828753125453, 2.0885206914855865, 1.9930342887350936, 1.9940350060472507, 1.961221346635379, 1.9514509530249005, 1.93077438341114, 1.9603470021593785, 1.9135636313405926, 1.916491952592242, 1.8925864252155433, 1.8895244741726496, 1.8701104021263504, 1.8627095081524285, 1.8650762160459835, 1.8707617057827048, 1.8542869979728438, 1.8349624430249354, 1.8388916122650574, 1.8235575947350633, 1.8167381783525547, 1.8262430106948515, 1.8125715688139739, 1.8135642009173223, 1.8218992179285787, 1.8043439149378775, 1.8063763234323873, 1.7962483193926917, 1.791527053456985, 1.7909083533621504, 1.7899333503776658, 1.7875567141897932, 1.7865637877362524, 1.7840128100228931, 1.784487208288036, 1.78243109792889, 1.7827787748080695, 1.7788881394332778, 1.782135102218521, 1.7772671306778292, 1.7756665555652014, 1.7766502769533283, 1.7756970358754924, 1.7749954985234446, 1.774260650894685, 1.7750705057728984, 1.7734832001592449, 1.7734569050744922, 1.7728351699804257, 1.7729222026759972, 1.7724219604818998, 1.7719272802731316, 1.7718642014778687, 1.771894150602077, 1.7713392834386272, 1.7712293837017907, 1.771182571479935, 1.7709158422473914, 1.7710271545784746, 1.7707691880648504, 1.7708702854259697, 1.770596125919021, 1.7706608920393583, 1.7704234381238062, 1.7704609249063388, 1.7704079987290866, 1.7703652028330343, 1.7703312680812064, 1.7703150915717314, 1.7703452903426482, 1.7702767889580888, 1.7702746281404056, 1.7702418592028724, 1.770240182150342, 1.7702298400875085, 1.770225264266402, 1.7702201602454175, 1.7702147745656107, 1.7702137458778335, 1.770210829430926, 1.7702101268366965, 1.770210152876401], "val_nll": [3.9824814796447754, 3.3491268157958984, 3.167208194732666, 2.8664209842681885, 2.782680034637451, 2.6905517578125, 2.5955564975738525, 2.5821373462677, 2.4534623622894287, 2.3749349117279053, 2.4111766815185547, 2.3324365615844727, 2.2996795177459717, 2.347158670425415, 2.3693599700927734, 2.30639386177063, 2.2386891841888428, 2.30332088470459, 2.2003161907196045, 2.2441821098327637, 2.1897075176239014, 2.2068920135498047, 2.1745712757110596, 2.156090259552002, 2.1793010234832764, 2.1734671592712402, 2.173246383666992, 2.16731595993042, 2.1776678562164307, 2.1560709476470947, 2.146277666091919, 2.1655125617980957, 2.1641674041748047, 2.1477394104003906, 2.1300132274627686, 2.1375341415405273, 2.1209194660186768, 2.137104034423828, 2.1225104331970215, 2.1347129344940186, 2.121772050857544, 2.1520347595214844, 2.1332340240478516, 2.131247043609619, 2.1260080337524414, 2.1187098026275635, 2.1334116458892822, 2.117771863937378, 2.1198971271514893, 2.116201400756836, 2.1188607215881348, 2.1153981685638428, 2.119262456893921, 2.1122987270355225, 2.1145453453063965, 2.115581512451172, 2.1167714595794678, 2.1161513328552246, 2.114820718765259, 2.116307258605957, 2.1156551837921143, 2.114565134048462, 2.114542007446289, 2.1162021160125732, 2.115328550338745, 2.1147780418395996, 2.1153855323791504, 2.1145224571228027, 2.115159749984741, 2.1154487133026123, 2.114885091781616, 2.11411452293396, 2.1144068241119385, 2.1150689125061035, 2.1143205165863037, 2.1145405769348145, 2.1145143508911133, 2.1142454147338867, 2.114291191101074, 2.1145451068878174, 2.11454701423645, 2.114577054977417, 2.114400863647461, 2.1143672466278076, 2.114278793334961, 2.1143784523010254, 2.114293098449707, 2.114241361618042, 2.114234685897827, 2.114281415939331, 2.114257574081421, 2.1142587661743164, 2.1142406463623047, 2.114237070083618, 2.1142444610595703, 2.1142430305480957, 2.114243745803833, 2.1142425537109375, 2.1142425537109375, 2.1142427921295166]},