GaiaDR3_ID,tic_id,sector,fold,y_true_raw,y_pred_raw,y_true_transformed,y_pred_transformed
4931155036049677312,0,2,1,8.0,4.441993732288754,0.9030899869919435,0.6475779414176941
4931155036049677312,0,3,1,6.0,4.611025854431567,0.7781512503836436,0.6637975573539734
4931155036049677312,0,29,1,3.0,2.9480214695401337,0.47712125471966244,0.4695306420326233
4931155036049677312,0,30,1,4.0,2.2310302929400554,0.6020599913279624,0.3485054671764374
2903814611300494720,0,5,0,8.0,12.341398725090059,0.9030899869919435,1.0913643836975098
2903814611300494720,0,6,0,8.0,6.731214179660053,0.9030899869919435,0.828093409538269
2903814611300494720,0,32,0,12.0,6.467467753227841,1.0791812460476249,0.8107342720031738
2903814611300494720,0,33,0,11.0,10.27821529051765,1.0413926851582251,1.0119177103042603
2900935402664303616,0,5,3,4.0,7.680069117398515,0.6020599913279624,0.8853651285171509
2900935402664303616,0,6,3,8.0,8.542377416668154,0.9030899869919435,0.9315787553787231
2900935402664303616,0,32,3,9.0,12.031129758624713,0.9542425094393249,1.0803064107894897
2900935402664303616,0,33,3,13.0,8.385031726680173,1.1139433523068367,0.9235047101974487
2902648338701768192,0,5,2,8.0,9.685217452711274,0.9030899869919435,0.9861093759536743
2902648338701768192,0,6,2,16.0,9.431898597418028,1.2041199826559248,0.9745991230010986
2902648338701768192,0,32,2,18.0,12.703288701831003,1.255272505103306,1.1039161682128906
2902648338701768192,0,33,2,10.0,5.173031431304777,1.0,0.7137451171875
4836484576636946560,0,3,3,1.0,1.5113689395409053,0.0,0.17937049269676208
4836484576636946560,0,4,3,6.0,5.757891050425731,0.7781512503836436,0.7602634429931641
4836484576636946560,0,30,3,2.0,1.6120409795518094,0.3010299956639812,0.20737607777118683
4836484576636946560,0,31,3,4.0,4.90498257961366,0.6020599913279624,0.690637469291687
217737528896201088,0,58,2,2.0,1.6623297479502328,0.3010299956639812,0.2207171767950058
218164723524007552,0,58,1,1.0,1.578691415112056,0.0,0.19829724729061127
4981632377929981056,0,2,2,8.0,8.868990473835938,0.9030899869919435,0.9478741884231567
4981632377929981056,0,29,2,14.0,7.086523479606011,1.146128035678238,0.8504332304000854
5366026728248566912,0,63,4,9.0,7.068991928414011,0.9542425094393249,0.8493574857711792
5416221633076680320,0,9,4,1.0,3.64073738575988,0.0,0.5611893534660339
5367692557081429760,0,63,0,2.0,1.500138073445747,0.3010299956639812,0.1761312335729599
5367716437099612544,0,63,1,5.0,3.043291837888376,0.6989700043360189,0.48334360122680664
501985336493825792,0,19,2,23.0,13.226580002978535,1.3617278360175928,1.1214475631713867
501985336493825792,0,25,2,12.0,9.565688372623915,1.0791812460476249,0.9807162284851074
501985336493825792,0,26,2,2.0,10.399254934292607,0.3010299956639812,1.0170022249221802
501985336493825792,0,52,2,12.0,11.20517306415576,1.0791812460476249,1.049418568611145
501985336493825792,0,53,2,16.0,12.904721864877432,1.2041199826559248,1.1107486486434937
501985336493825792,0,59,2,13.0,12.313421932569264,1.1139433523068367,1.090378761291504
2059315807751116032,0,14,0,7.0,6.658017708212796,0.8450980400142568,0.8233449459075928
440285588669406336,0,58,0,2.0,1.8735362618424896,0.3010299956639812,0.27266210317611694
249009220140976128,0,59,3,1.0,1.6097884084163527,0.0,0.20676879584789276
5416606290347735040,0,9,4,17.0,11.460120929053298,1.2304489213782739,1.0591892004013062
5416606290347735040,0,36,4,17.0,11.886602644438554,1.2304489213782739,1.0750577449798584
5416606290347735040,0,63,4,13.0,4.896190617994516,1.1139433523068367,0.6898583173751831
6170609308353405312,0,11,3,7.0,5.079569169185232,0.8450980400142568,0.7058268785476685
6170609308353405312,0,38,3,3.0,3.184177572953207,0.47712125471966244,0.5029972791671753
508850446589797376,0,52,3,2.0,1.3370396607309885,0.3010299956639812,0.12614428997039795
2851052759133803776,0,57,4,19.0,8.519819859895664,1.2787536009528289,0.9304304122924805
67724697887107200,0,42,4,1.0,1.236915642850891,0.0,0.09234008193016052
67724697887107200,0,44,4,1.0,1.112365198095024,0.0,0.046247392892837524
64597927335800064,0,42,4,1.0,1.4943018786522786,0.0,0.17443834245204926
64272128296706432,0,44,1,2.0,1.3376458124413098,0.3010299956639812,0.12634113430976868
67747615832673408,0,42,2,1.0,1.185896020714829,0.0,0.07404661178588867
67747615832673408,0,44,2,5.0,3.382816167589234,0.6989700043360189,0.5292783975601196
68192093408157568,0,42,1,2.0,1.2255005766854494,0.3010299956639812,0.0883135199546814
67736070960579072,0,44,2,1.0,1.1678704606703103,0.0,0.0673946738243103
64574352259640192,0,42,2,1.0,1.2399810602429298,0.0,0.09341505169868469
56950239849717248,0,43,4,1.0,1.2336619768490735,0.0,0.09119617938995361
64250477365329536,0,42,3,3.0,2.4636504651405544,0.47712125471966244,0.3915790915489197
64250477365329536,0,43,3,5.0,2.4520715151458217,0.6989700043360189,0.389533132314682
64250477365329536,0,44,3,4.0,3.1736895591964123,0.6020599913279624,0.5015644431114197
67732257029618048,0,42,1,2.0,1.8942897922951625,0.3010299956639812,0.2774464190006256
67732257029618048,0,43,1,1.0,1.8602737058696903,0.0,0.2695768475532532
67732257029618048,0,44,1,1.0,4.836447781195523,0.0,0.6845265030860901
67756789882795008,0,42,4,2.0,1.4180246407624268,0.3010299956639812,0.1516837775707245
67756789882795008,0,44,4,6.0,1.9869802215318075,0.7781512503836436,0.2981935441493988
68141408498321280,0,43,1,1.0,1.1590339378220174,0.0,0.06409615278244019
64276315888567424,0,42,0,1.0,2.5317026704447274,0.0,0.40341269969940186
64276315888567424,0,43,0,2.0,2.405915458580501,0.3010299956639812,0.3812803626060486
64276315888567424,0,44,0,1.0,1.9115959026914298,0.0,0.2813960909843445
64259518272776576,0,44,0,2.0,1.6913816806870063,0.3010299956639812,0.22824162244796753
68174191984522368,0,42,4,4.0,4.870449247921399,0.6020599913279624,0.6875690221786499
68174191984522368,0,43,4,1.0,1.49328797435823,0.0,0.17414356768131256
68174191984522368,0,44,4,2.0,1.308356961252739,0.3010299956639812,0.11672624945640564
68147391388599808,0,42,1,1.0,1.9264296050187306,0.0,0.28475314378738403
68147391388599808,0,43,1,1.0,1.3346570898054475,0.0,0.12536969780921936
68147391388599808,0,44,1,1.0,1.3967507781859405,0.0,0.14511892199516296
68145776480904064,0,43,2,1.0,1.2415714839451242,0.0,0.09397172927856445
68120728231661824,0,42,4,4.0,2.3964878016349367,0.6020599913279624,0.3795752227306366
68120728231661824,0,43,4,1.0,1.836092631637037,0.0,0.26389458775520325
68120728231661824,0,44,4,2.0,2.2633542890861134,0.3010299956639812,0.3547525405883789
64734709159049600,0,44,4,1.0,1.1341958044638372,0.0,0.05468803644180298
64720625961541120,0,42,4,1.0,1.217292339876117,0.0,0.08539488911628723
64720625961541120,0,43,4,1.0,1.2526108501773345,0.0,0.09781616926193237
64720625961541120,0,44,4,1.0,1.206256851423322,0.0,0.0814397931098938
64656201452146304,0,44,1,1.0,1.1378736760040598,0.0,0.05609405040740967
64600813554014592,0,42,4,2.0,1.3704676072440514,0.3010299956639812,0.13686877489089966
64600813554014592,0,43,4,2.0,1.8911462390989744,0.3010299956639812,0.2767251133918762
64600813554014592,0,44,4,2.0,2.752002392017643,0.3010299956639812,0.4396488070487976
64297485783636352,0,42,0,2.0,2.6437577669697108,0.3010299956639812,0.42222166061401367
64297485783636352,0,44,0,1.0,1.5667634084854538,0.0,0.1950034201145172
64653383953596032,0,44,0,1.0,1.2645169577931026,0.0,0.10192465782165527
64720179284934016,0,43,2,1.0,1.3263809211446902,0.0,0.12266826629638672
64720179284934016,0,44,2,1.0,1.1429142505442684,0.0,0.05801364779472351
65096899456994304,0,42,3,1.0,1.2863273856258213,0.0,0.1093515157699585
65096899456994304,0,43,3,1.0,1.4505578028095858,0.0,0.16153503954410553
65108714911246720,0,42,4,1.0,1.398853163364916,0.0,0.14577212929725647
65112739296356608,0,42,4,2.0,3.7894075806373215,0.3010299956639812,0.5785713195800781
65112739296356608,0,43,4,1.0,1.3694897967573794,0.0,0.13655880093574524
68170721650939264,0,42,0,1.0,1.135734480789226,0.0,0.05527681112289429
68170721650939264,0,43,0,1.0,1.1120778409045453,0.0,0.04613518714904785
68170721650939264,0,44,0,3.0,1.087865784051199,0.47712125471966244,0.0365753173828125
68129764842889600,0,43,0,1.0,1.250806792711753,0.0,0.09719023108482361
65125864716379264,0,42,0,2.0,1.2373052189637546,0.3010299956639812,0.09247684478759766
65125864716379264,0,43,0,2.0,1.3113527491735473,0.3010299956639812,0.11771953105926514
65125864716379264,0,44,0,1.0,1.8956649426380663,0.0,0.2777615785598755
65125452399528320,0,42,4,1.0,1.5297289281191935,0.0,0.18461447954177856
65125452399528320,0,43,4,4.0,2.0789522291220064,0.6020599913279624,0.3178445100784302
65125452399528320,0,44,4,3.0,2.1752475012036645,0.47712125471966244,0.3375086784362793
65119164567417856,0,42,0,1.0,1.5647878834897233,0.0,0.19445547461509705
65098514364769408,0,42,0,2.0,2.702572344181193,0.3010299956639812,0.43177732825279236
65098514364769408,0,43,0,2.0,2.730824626205907,0.3010299956639812,0.4362938106060028
65098514364769408,0,44,0,2.0,1.2078812686607556,0.3010299956639812,0.08202424645423889
64667535869958784,0,44,3,1.0,1.132751865627126,0.0,0.0541347861289978
64665203703566848,0,44,2,1.0,1.6849685943209007,0.0,0.2265918105840683
64445988572906752,0,42,2,1.0,1.545321123841116,0.0,0.18901874125003815
64445988572906752,0,43,2,2.0,2.0458728284633896,0.3010299956639812,0.3108786344528198
64445988572906752,0,44,2,4.0,1.824744265648147,0.6020599913279624,0.26120200753211975
64232271000313472,0,43,4,1.0,1.1719869824833786,0.0,0.06892278790473938
64215125490886656,0,44,3,1.0,1.1096018647315513,0.0,0.04516717791557312
63430967542044800,0,42,4,1.0,1.8028339418307482,0.0,0.2559557259082794
63430967542044800,0,43,4,2.0,1.9160798417440212,0.3010299956639812,0.2824136018753052
63430967542044800,0,44,4,1.0,2.8279219875674197,0.0,0.4514674246311188
64401389632616960,0,44,2,1.0,1.9635689078000274,0.0,0.29304614663124084
64642801154268672,0,42,3,2.0,1.2861240256620698,0.3010299956639812,0.10928285121917725
64644484781444864,0,43,0,1.0,1.2747592125082299,0.0,0.10542815923690796
64644484781444864,0,44,0,1.0,1.3557444328276824,0.0,0.13217782974243164
65047043476608128,0,42,2,1.0,1.3562421652521255,0.0,0.13233724236488342
65047043476608128,0,44,2,1.0,1.1858582614547555,0.0,0.07403278350830078
65101606741121792,0,44,3,1.0,1.3948179924866835,0.0,0.14451754093170166
65107860213588096,0,42,4,1.0,1.3775499220719731,0.0,0.139107346534729
65107860213588096,0,44,4,5.0,1.544072434786439,0.6989700043360189,0.1886676698923111
65150947325369600,0,42,0,2.0,1.363257888395781,0.3010299956639812,0.13457801938056946
65150947325369600,0,43,0,1.0,1.6416014152288547,0.0,0.21526771783828735
65150947325369600,0,44,0,1.0,1.2689979132441997,0.0,0.10346090793609619
68152820227358720,0,42,3,1.0,2.113420527520957,0.0,0.32498592138290405
68152820227358720,0,43,3,1.0,1.800178135699827,0.0,0.25531548261642456
68152820227358720,0,44,3,4.0,3.556656318450236,0.6020599913279624,0.5510419011116028
68162028637205888,0,42,2,1.0,1.6031863602398853,0.0,0.20498400926589966
68162028637205888,0,43,2,1.0,1.1684220483633645,0.0,0.06759974360466003
68162028637205888,0,44,2,1.0,1.2193161994434067,0.0,0.08611634373664856
65151531440914560,0,42,4,1.0,1.3491113567038344,0.0,0.13004779815673828
65151531440914560,0,43,4,1.0,1.7229569300177672,0.0,0.23627442121505737
65153833543386624,0,43,1,1.0,2.0847840257304067,0.0,0.3190610706806183
65153833543386624,0,44,1,2.0,2.2378509835518616,0.3010299956639812,0.34983116388320923
65147099034671104,0,44,1,1.0,1.4578731700185863,0.0,0.16371974349021912
65147438335354624,0,44,2,1.0,1.1629685498798064,0.0,0.0655679702758789
65131121756446592,0,42,4,1.0,2.120028738977577,0.0,0.32634174823760986
65131121756446592,0,44,4,3.0,2.042660921805389,0.47712125471966244,0.31019628047943115
65052953351603456,0,43,2,1.0,1.8008927895785838,0.0,0.255487859249115
65052639818118400,0,43,1,1.0,1.104226781576245,0.0,0.04305827617645264
65042439271761280,0,44,0,1.0,1.070446965845761,0.0,0.029565155506134033
65040686925109760,0,43,0,1.0,2.1750233082148145,0.0,0.337463915348053
65040686925109760,0,44,0,1.0,1.9375057882027849,0.0,0.2872430086135864
65026839950559744,0,42,3,1.0,1.5329908879564098,0.0,0.18553957343101501
65026839950559744,0,44,3,1.0,1.7462923757837263,0.0,0.24211695790290833
64453887017111808,0,43,4,1.0,1.7360278978977717,0.0,0.2395566999912262
64453685154291968,0,43,1,1.0,1.2349626522366703,0.0,0.09165382385253906
64453685154291968,0,44,1,2.0,1.7936051407967772,0.3010299956639812,0.2537268400192261
63391178965446656,0,43,1,1.0,1.8997025232264824,0.0,0.278685599565506
64449321467581056,0,42,1,1.0,1.5049068561499088,0.0,0.1775096207857132
64449321467581056,0,43,1,2.0,3.772802146926701,0.3010299956639812,0.5766640305519104
64449321467581056,0,44,1,4.0,3.0010557289212327,0.6020599913279624,0.4772740602493286
64449729487990912,0,42,0,1.0,1.4292921175781697,0.0,0.15512099862098694
64449729487990912,0,43,0,1.0,2.5489487474655514,0.0,0.40636110305786133
64449729487990912,0,44,0,1.0,2.37760513594187,0.0,0.37613973021507263
64450283540250240,0,42,3,1.0,1.6657895851447986,0.0,0.22162014245986938
64450283540250240,0,43,3,1.0,1.5933720441070254,0.0,0.20231719315052032
64450283540250240,0,44,3,1.0,1.9460901908878805,0.0,0.2891629636287689
64456262134709376,0,42,4,1.0,1.9286001664059351,0.0,0.2852421998977661
64456262134709376,0,43,4,2.0,1.6621563089580165,0.3010299956639812,0.2206718623638153
65027905102436608,0,42,2,1.0,1.4481071915349397,0.0,0.16080071032047272
65027905102436608,0,43,2,3.0,3.9410769093955236,0.47712125471966244,0.5956149101257324
65027905102436608,0,44,2,1.0,1.9464922038993435,0.0,0.2892526686191559
65053915424355584,0,42,4,1.0,1.1826316895980005,0.0,0.07284951210021973
65053915424355584,0,43,4,1.0,1.208409212823382,0.0,0.08221402764320374
65134592089910656,0,43,0,4.0,1.7099149108054854,0.6020599913279624,0.23297449946403503
65134592089910656,0,44,0,2.0,1.830818801772144,0.3010299956639812,0.2626453638076782
65161250950264192,0,42,3,6.0,2.273021132514943,0.7781512503836436,0.3566034734249115
65161250950264192,0,43,3,1.0,1.7506265359059223,0.0,0.24319350719451904
65161250950264192,0,44,3,5.0,2.99875317829957,0.6989700043360189,0.47694072127342224
65155856471318912,0,43,3,1.0,1.2066178925389255,0.0,0.08156976103782654
65136791113382912,0,43,3,2.0,2.29052709074524,0.3010299956639812,0.3599354326725006
65136791113382912,0,44,3,1.0,1.147011676224023,0.0,0.05956783890724182
65135176205557888,0,42,0,1.0,2.0491219862925285,0.0,0.3115678131580353
65135176205557888,0,43,0,1.0,1.4893871157126997,0.0,0.17300759255886078
65135176205557888,0,44,0,2.0,1.5234365059804296,0.3010299956639812,0.18282435834407806
65129506848731136,0,42,2,4.0,3.2420328315194675,0.6020599913279624,0.5108174085617065
65129506848731136,0,43,2,7.0,6.558325459974153,0.8450980400142568,0.8167929649353027
65129506848731136,0,44,2,1.0,5.037852109470496,0.0,0.7022454142570496
65079788307324672,0,42,4,1.0,1.529118313354316,0.0,0.18444108963012695
65079788307324672,0,43,4,3.0,1.9558320537560443,0.47712125471966244,0.29133155941963196
65079788307324672,0,44,4,2.0,2.662242849373855,0.3010299956639812,0.4252476692199707
65038281743395584,0,42,4,2.0,1.199839538423996,0.3010299956639812,0.07912316918373108
65037731987586304,0,42,3,1.0,1.2627857844214692,0.0,0.10132968425750732
64438184617001472,0,44,3,1.0,1.0657556116296762,0.0,0.027657628059387207
64346070453848320,0,42,1,1.0,1.6611723098396425,0.0,0.2204146832227707
64346070453848320,0,44,1,2.0,1.67578532687238,0.3010299956639812,0.22421838343143463
64331123967672448,0,43,2,2.0,1.9818264286748764,0.3010299956639812,0.2970656156539917
64331123967672448,0,44,2,1.0,1.4654534885888197,0.0,0.165972039103508
63449521800719488,0,44,2,1.0,1.5309951190928979,0.0,0.184973806142807
64818203322590208,0,42,2,1.0,1.2206320714948027,0.0,0.08658477663993835
64836349560719232,0,42,0,1.0,1.2050676126533668,0.0,0.08101141452789307
64836349560719232,0,43,0,1.0,1.711297129254441,0.0,0.23332542181015015
64840541448791424,0,42,4,1.0,1.4518242646313069,0.0,0.16191405057907104
64840541448791424,0,43,4,1.0,1.4563787478436112,0.0,0.16327433288097382
64841503521468544,0,42,1,1.0,2.3011781859888556,0.0,0.36195024847984314
64841503521468544,0,43,1,2.0,3.84478718031788,0.3010299956639812,0.584872305393219
64841503521468544,0,44,1,9.0,3.51722214257811,0.9542425094393249,0.5461997985839844
64843805623922688,0,43,4,1.0,1.6414133558223978,0.0,0.2152179628610611
65237911823760640,0,42,0,1.0,1.725272549013561,0.0,0.23685771226882935
65237911823760640,0,44,0,2.0,2.606676941262656,0.3010299956639812,0.41608721017837524
2349094158814399104,0,30,1,7.0,5.276573211664796,0.8450980400142568,0.7223519682884216
4960784984632471424,0,30,3,6.0,4.848787847422472,0.7781512503836436,0.6856331825256348
436047310642418176,0,58,3,3.0,1.8468150465384383,0.47712125471966244,0.26642340421676636
6001046782665412480,0,38,0,2.0,1.9434789960024386,0.3010299956639812,0.2885798513889313
439681991144937216,0,58,4,6.0,9.308373451693399,0.7781512503836436,0.9688737988471985
436179290697325824,0,58,4,3.0,1.795041337636767,0.47712125471966244,0.25407445430755615
436253851328943104,0,58,0,1.0,1.2914334576453699,0.0,0.11107203364372253
436195096176878592,0,18,0,2.0,2.309863131359484,0.3010299956639812,0.3635862469673157
436195096176878592,0,58,0,8.0,15.890302992384944,0.9030899869919435,1.2011321783065796
436802645068907008,0,58,1,6.0,4.0745902125402935,0.7781512503836436,0.6100839376449585
436309342307271808,0,58,1,2.0,2.4493472725871945,0.3010299956639812,0.38905036449432373
436365692276945792,0,58,3,9.0,5.2148994176902645,0.9542425094393249,0.7172459363937378
436346141586111360,0,58,2,1.0,1.6701777890397376,0.0,0.22276270389556885
436516153570668032,0,58,4,3.0,3.0891094451402554,0.47712125471966244,0.4898332953453064
446068882391314176,0,58,4,6.0,4.209144614740143,0.7781512503836436,0.6241938471794128
436513988907722624,0,58,2,1.0,1.8413629520344386,0.0,0.2651394009590149
436533947615760384,0,58,3,3.0,2.0911356578321785,0.47712125471966244,0.3203822076320648
435561296442107520,0,58,3,6.0,3.2952481793917134,0.7781512503836436,0.5178881287574768
436441588639061632,0,58,0,5.0,5.605850233697327,0.6989700043360189,0.7486414909362793
436536838133473408,0,58,1,4.0,2.5931881920437405,0.6020599913279624,0.4138340353965759
442898474972498432,0,58,1,4.0,2.391688456928863,0.6020599913279624,0.37870460748672485
435680765247601536,0,58,1,2.0,1.4779037762335465,0.3010299956639812,0.16964615881443024
435509516316497920,0,58,2,2.0,1.992319400415476,0.3010299956639812,0.29935896396636963
436438672361949312,0,58,4,7.0,2.4539472312804005,0.8450980400142568,0.3898652195930481
442555358625377024,0,58,0,1.0,1.419619543133811,0.0,0.15217196941375732
446011639067173376,0,18,3,4.0,1.4636313664708402,0.6020599913279624,0.16543170809745789
442979289077843456,0,58,2,2.0,2.6779827679211547,0.3010299956639812,0.4278077781200409
436471245393822464,0,58,1,8.0,4.341313655646584,0.9030899869919435,0.6376211643218994
435712582369002624,0,18,2,1.0,1.9281923218150117,0.0,0.28515034914016724
435489793827423488,0,58,1,8.0,5.99684562030069,0.9030899869919435,0.7779228687286377
442480690613749888,0,58,4,2.0,4.9083395460395565,0.3010299956639812,0.6909345984458923
442826044645857408,0,58,0,1.0,2.7138240073863127,0.0,0.433581680059433
145238687096970496,0,43,2,4.0,2.204839870586366,0.6020599913279624,0.3433770537376404
147523605402800256,0,43,0,9.0,3.50756749490098,0.9542425094393249,0.5450060367584229
147523605402800256,0,44,0,6.0,3.784053539909175,0.7781512503836436,0.577957272529602
147523609698860160,0,43,4,1.0,5.006761305499977,0.0,0.6995568871498108
147523609698860160,0,44,4,4.0,4.00741725170032,0.6020599913279624,0.6028645634651184
146709146460303744,0,43,0,1.0,1.709418406641158,0.0,0.2328483760356903
146708734143437568,0,43,3,2.0,2.381668601408441,0.3010299956639812,0.37688133120536804
146708734143437568,0,44,3,3.0,2.225852849933484,0.47712125471966244,0.3474964499473572
146764465639042176,0,44,2,1.0,1.4100209415205514,0.0,0.14922556281089783
146767764173923328,0,43,0,1.0,1.6814087494803507,0.0,0.22567330300807953
146767764173923328,0,44,0,2.0,1.8426287430649164,0.3010299956639812,0.2654378414154053
146767935972608128,0,43,4,5.0,2.9400131842389654,0.6989700043360189,0.46834927797317505
146767935972608128,0,44,4,2.0,2.546691595587525,0.3010299956639812,0.4059763550758362
146874275068113664,0,43,0,1.0,1.163521016129029,0.0,0.06577423214912415
5570338906629079936,0,6,0,4.0,2.2183397418685575,0.6020599913279624,0.34602805972099304
5570338906629079936,0,7,0,1.0,3.206208028766253,0.0,0.5059916973114014
5570338906629079936,0,33,0,1.0,1.5655548145049396,0.0,0.19466827809810638
5570338906629079936,0,34,0,1.0,1.4463672799488734,0.0,0.1602785885334015
5570013515609539712,0,61,0,2.0,1.8181171296322187,0.3010299956639812,0.25962185859680176
5101127920110566528,0,31,0,2.0,1.4727245168675873,0.3010299956639812,0.16812151670455933
5087228577012243200,0,4,1,5.0,6.59188740875883,0.6989700043360189,0.8190097808837891
5087228577012243200,0,31,1,6.0,11.011283155541406,0.7781512503836436,1.0418379306793213
5089009549627861120,0,4,0,3.0,4.289449760421679,0.47712125471966244,0.6324015855789185
5089009549627861120,0,31,0,8.0,5.708842310036388,0.9030899869919435,0.7565480470657349
6197282223497921152,0,11,3,5.0,4.720603471195229,0.6989700043360189,0.6739975214004517
6199117995597281408,0,11,3,2.0,1.656097672012776,0.3010299956639812,0.2190859466791153
6196989444166807424,0,11,2,3.0,2.458688440031911,0.47712125471966244,0.3907034993171692
2978888062654110592,0,5,1,6.0,3.513463760663446,0.7781512503836436,0.5457354784011841
2978888062654110592,0,32,1,4.0,2.68078193760251,0.6020599913279624,0.42826148867607117
2978678571329039488,0,5,2,1.0,3.5961303541960334,0.0,0.5558354258537292
2978678571329039488,0,32,2,11.0,10.668968308329513,1.0413926851582251,1.0281224250793457
2979189809876856064,0,32,2,3.0,2.570651005805136,0.47712125471966244,0.4100431203842163
6197538822024048128,0,11,4,1.0,1.7669288257214266,0.0,0.247219055891037
6200377211288653440,0,11,0,4.0,1.603229706526595,0.6020599913279624,0.2049957513809204
5317505864239805696,0,8,0,2.0,1.390770601872009,0.3010299956639812,0.14325550198554993
5317505864239805696,0,10,0,2.0,1.7433989688512592,0.3010299956639812,0.24139678478240967
5317505864239805696,0,62,0,2.0,2.3607275140599895,0.3010299956639812,0.3730458617210388
5317505864239805696,0,63,0,1.0,2.6441458548821855,0.0,0.42228540778160095
6199540551660194432,0,11,4,3.0,2.4528488635689873,0.47712125471966244,0.38967078924179077
6005090236665021952,0,11,4,3.0,1.2570628993998065,0.47712125471966244,0.099357008934021
6005090236665021952,0,38,4,13.0,4.345135751525091,1.1139433523068367,0.6380033493041992
4867211047550361856,0,5,3,1.0,2.5400757495559407,0.0,0.4048466682434082
4867211047550361856,0,31,3,2.0,2.394830527224305,0.3010299956639812,0.37927478551864624
4867211047550361856,0,32,3,6.0,3.0122324437711363,0.7781512503836436,0.47888848185539246
6005539181006707968,0,11,3,4.0,1.7053060951293666,0.6020599913279624,0.2318023443222046
6005536363506942976,0,11,2,1.0,1.1188826873807858,0.0,0.04878455400466919
5304355735219498240,0,35,1,2.0,1.9670651403476047,0.3010299956639812,0.29381874203681946
5304355735219498240,0,36,1,2.0,1.8066289219097078,0.3010299956639812,0.25686895847320557
5304355735219498240,0,37,1,3.0,2.4983249810245542,0.47712125471966244,0.3976489305496216
5507400009198303104,0,62,4,2.0,1.481262623030077,0.3010299956639812,0.17063206434249878
5536209619030180992,0,34,1,6.0,4.169155043903389,0.7781512503836436,0.6200480461120605
5536209619030180992,0,35,1,5.0,1.8928354951403648,0.6989700043360189,0.2771128714084625
2320862200611102848,0,2,0,5.0,2.8817944703061817,0.6989700043360189,0.4596630036830902
2320862200611102848,0,29,0,2.0,1.2474007648425443,0.3010299956639812,0.09600600600242615
2320821694774884096,0,2,4,2.0,1.2371502736961681,0.3010299956639812,0.09242245554924011
2333019328880804096,0,29,3,1.0,1.1483112954903303,0.0,0.06005963683128357
5530787819813761024,0,7,2,8.0,11.139111780546274,0.9030899869919435,1.046850562095642
5530787819813761024,0,35,2,5.0,4.871185260008705,0.6989700043360189,0.6876346468925476
5530787819813761024,0,61,2,4.0,7.899355343106858,0.6020599913279624,0.8975916504859924
5530787819813761024,0,62,2,6.0,5.566999782973748,0.7781512503836436,0.7456212043762207
2320878628861388928,0,2,1,1.0,2.4908539738284223,0.0,0.3963482677936554
2320924464751966720,0,29,2,2.0,1.3681690142820633,0.3010299956639812,0.13613975048065186
2320925564263593088,0,29,1,2.0,1.4470118743743083,0.3010299956639812,0.1604720950126648
2320972529730330368,0,29,4,1.0,1.1204218868016593,0.0,0.04938158392906189
2320975660762130944,0,29,2,1.0,1.1890059212747255,0.0,0.07518401741981506
2320987132619281152,0,29,4,1.0,1.0689316743117712,0.0,0.02894994616508484
2333051420875627520,0,29,2,1.0,1.1018481281194665,0.0,0.04212173819541931
2320908178235983360,0,29,4,2.0,1.5542506173620931,0.3010299956639812,0.1915210485458374
2320902234001248256,0,2,1,1.0,1.3650721872631402,0.0,0.13515561819076538
2320906872565926528,0,2,0,1.0,1.407367213881804,0.0,0.14840742945671082
2320932951607396992,0,29,4,1.0,1.313917847237417,0.0,0.11856821179389954
2320945699070402816,0,29,2,1.0,1.6628492606505096,0.0,0.22085288166999817
2321395983441558272,0,29,0,2.0,1.9731549332838054,0.3010299956639812,0.2951611876487732
2321423088979562624,0,29,3,2.0,1.0749551362188758,0.3010299956639812,0.03139033913612366
2321395090088371456,0,29,4,2.0,2.9299529876552532,0.3010299956639812,0.46686065196990967
2320744209268707328,0,29,0,1.0,1.2776027579666627,0.0,0.10639584064483643
2321330253262075776,0,29,0,1.0,1.2309641243888354,0.0,0.09024539589881897
2320733901347207936,0,29,1,1.0,1.082525940332102,0.0,0.03443831205368042
2321047610054534272,0,29,2,2.0,1.46805383573699,0.3010299956639812,0.1667419821023941
2321128591662265856,0,29,1,2.0,1.1074652812443475,0.3010299956639812,0.04433012008666992
2320411160324629120,0,29,0,1.0,1.1043987276962497,0.0,0.04312589764595032
5164508202742806784,0,4,3,1.0,1.3377931474268234,0.0,0.12638896703720093
5164508202742806784,0,31,3,1.0,1.8273354929770271,0.0,0.2618182897567749
70271854012150912,0,43,1,2.0,1.4435462323603239,0.3010299956639812,0.15943069756031036
70271854012150912,0,44,1,1.0,1.4410562413568058,0.0,0.15868093073368073
70019378655328768,0,42,3,4.0,1.7327924170830413,0.6020599913279624,0.2387465387582779
70019378655328768,0,44,3,1.0,2.6942927160824293,0.0,0.43044477701187134
69871219462957952,0,43,3,4.0,2.025756120037209,0.6020599913279624,0.3065871596336365
69856272976786560,0,42,2,3.0,1.6397928492802836,0.47712125471966244,0.2147889882326126
69841257769938944,0,42,1,1.0,1.2744020064344557,0.0,0.10530644655227661
69841257769938944,0,43,1,1.0,1.200279868985762,0.0,0.07928252220153809
66837495084120320,0,42,0,2.0,1.3060736303872529,0.3010299956639812,0.11596766114234924
66837495084120320,0,44,0,1.0,1.7051831092653833,0.0,0.23177102208137512
66808220587759104,0,43,1,2.0,1.9997564713177534,0.3010299956639812,0.30097711086273193
66808220587759104,0,44,1,2.0,2.724102596719485,0.3010299956639812,0.43522346019744873
66788669895935616,0,43,1,1.0,1.200107900962019,0.0,0.07922029495239258
66793583338514816,0,42,2,1.0,1.3912843440150684,0.0,0.1434158980846405
66793583338514816,0,43,2,1.0,1.3200109807374727,0.0,0.12057754397392273
66793583338514816,0,44,2,1.0,1.3696970331621345,0.0,0.1366245150566101
66788253282520192,0,43,0,1.0,1.928453004225396,0.0,0.285209059715271
66786539592171392,0,42,4,1.0,1.3955270433798406,0.0,0.14473825693130493
66783584654831872,0,42,1,1.0,1.5440062125000455,0.0,0.1886490434408188
66783584654831872,0,43,1,2.0,3.7652178356321997,0.3010299956639812,0.5757901072502136
66783584654831872,0,44,1,2.0,1.4173277931872186,0.3010299956639812,0.15147030353546143
66732457364153216,0,42,1,1.0,1.4353116570955184,0.0,0.15694621205329895
65229734206151680,0,42,4,3.0,1.987450552885129,0.47712125471966244,0.29829633235931396
65229734206151680,0,43,4,5.0,3.693353694138993,0.6989700043360189,0.5674208998680115
65229734206151680,0,44,4,5.0,4.966235825403021,0.6989700043360189,0.6960273385047913
65226401312036864,0,42,3,3.0,1.9685614746234774,0.47712125471966244,0.2941489815711975
65226401312036864,0,43,3,1.0,1.648007479621011,0.0,0.2169591784477234
65226401312036864,0,44,3,2.0,4.27848211158156,0.3010299956639812,0.6312897205352783
65223515093523328,0,43,2,2.0,1.287020763428594,0.3010299956639812,0.10958555340766907
65223515093523328,0,44,2,1.0,1.1856711104580338,0.0,0.07396423816680908
65211557904569856,0,44,4,2.0,1.4080882001333785,0.3010299956639812,0.14862985908985138
65211145587780992,0,43,2,1.0,4.915047556236485,0.0,0.6915277242660522
65211145587780992,0,44,2,3.0,17.179947391739365,0.47712125471966244,1.2350218296051025
70274190474468864,0,42,2,2.0,3.736447317600159,0.3010299956639812,0.5724588632583618
70274190474468864,0,43,2,3.0,3.442338323423322,0.47712125471966244,0.536853551864624
70274190474468864,0,44,2,2.0,2.369127640907547,0.3010299956639812,0.3745884597301483
70077270518065920,0,42,2,2.0,1.377721222456622,0.3010299956639812,0.1391613483428955
70077270518065920,0,43,2,1.0,1.2440923692937247,0.0,0.09485262632369995
70077270518065920,0,44,2,3.0,2.0016458958389727,0.47712125471966244,0.3013872504234314
70072773688658432,0,42,3,3.0,1.556805161566149,0.47712125471966244,0.19223426282405853
70072773688658432,0,43,3,3.0,2.8726846536796433,0.47712125471966244,0.45828795433044434
70072773688658432,0,44,3,1.0,1.3960866111113497,0.0,0.14491236209869385
70060610341280128,0,43,3,2.0,1.170052681371733,0.3010299956639812,0.06820541620254517
70028170451469312,0,42,4,4.0,1.6502734977248044,0.6020599913279624,0.2175559252500534
70028170451469312,0,43,4,4.0,2.1866415129690315,0.6020599913279624,0.3397775888442993
70028170451469312,0,44,4,2.0,1.7431304660961284,0.3010299956639812,0.24132989346981049
69974504837007232,0,42,0,1.0,1.3352828696543269,0.0,0.1255732774734497
69974504837007232,0,43,0,1.0,1.6320980565828769,0.0,0.2127462476491928
69974504837007232,0,44,0,1.0,1.2828189109139603,0.0,0.10816535353660583
69968113925681408,0,43,3,1.0,1.700484531042733,0.0,0.2305726855993271
69968113925681408,0,44,3,2.0,5.600698568497412,0.3010299956639812,0.748242199420929
69951449452730752,0,42,2,1.0,1.185974554060917,0.0,0.0740753710269928
69951449452730752,0,43,2,1.0,1.188741101774425,0.0,0.0750872790813446
69951449452730752,0,44,2,1.0,1.1722725243789485,0.0,0.0690285861492157
69947635521777152,0,42,3,2.0,1.2022669459885509,0.3010299956639812,0.08000090718269348
69947635521777152,0,43,3,1.0,2.2433335688300104,0.0,0.35089385509490967
69947635521777152,0,44,3,1.0,1.2108657568599788,0.0,0.08309599757194519
66847631206903040,0,42,4,1.0,7.551350655636859,0.0,0.8780246376991272
66847631206903040,0,43,4,6.0,4.180862533543248,0.7781512503836436,0.6212658882141113
66823304512166528,0,42,2,5.0,2.8347976836096054,0.6989700043360189,0.45252206921577454
66823304512166528,0,43,2,3.0,3.0138917208248666,0.47712125471966244,0.4791276454925537
66823304512166528,0,44,2,3.0,4.518007247535571,0.47712125471966244,0.6549469232559204
66823132713476480,0,44,1,1.0,1.1829243707570927,0.0,0.07295697927474976
66821655244731264,0,42,0,1.0,1.335070579143129,0.0,0.12550422549247742
66821655244731264,0,43,0,1.0,2.122041410889352,0.0,0.3267538547515869
66821655244731264,0,44,0,4.0,1.896895686357294,0.6020599913279624,0.2780434489250183
66816295125702144,0,42,0,6.0,3.2830580732400656,0.7781512503836436,0.5162785649299622
66816295125702144,0,43,0,2.0,1.7662600112988385,0.3010299956639812,0.24705463647842407
66816295125702144,0,44,0,3.0,2.9248298296411233,0.47712125471966244,0.4661006033420563
66792999222948992,0,43,2,2.0,1.5724490425170667,0.3010299956639812,0.1965765804052353
66791659193405952,0,43,4,1.0,1.334361203879446,0.0,0.12527340650558472
66791659193405952,0,44,4,1.0,1.1535991625926947,0.0,0.06205493211746216
66742765285619584,0,42,2,2.0,2.3744843621958776,0.3010299956639812,0.37556931376457214
66742765285619584,0,43,2,6.0,3.8061268454410913,0.7781512503836436,0.5804832577705383
66742765285619584,0,44,2,2.0,1.5387598580455633,0.3010299956639812,0.1871708482503891
66741116018188416,0,42,1,1.0,1.2938946849581412,0.0,0.11189892888069153
66741116018188416,0,43,1,3.0,3.299086897542109,0.47712125471966244,0.5183937549591064
66738023641737088,0,44,4,1.0,1.354834117735231,0.0,0.13188612461090088
66737576965143296,0,44,3,1.0,1.3795072472413066,0.0,0.1397239863872528
66740497542906368,0,43,0,2.0,1.3439200835325642,0.3010299956639812,0.12837344408035278
66737405166459264,0,42,4,1.0,1.4921600193572424,0.0,0.17381539940834045
66737405166459264,0,43,4,1.0,1.4859763482399813,0.0,0.17201189696788788
66737405166459264,0,44,4,1.0,1.9668223178646833,0.0,0.293765127658844
66730120901930240,0,42,1,2.0,3.9944500963342073,0.3010299956639812,0.6014569997787476
66730120901930240,0,43,1,8.0,6.012181891291515,0.9030899869919435,0.7790321111679077
66730120901930240,0,44,1,6.0,8.395893116997438,0.7781512503836436,0.9240669012069702
66716136489019008,0,42,0,1.0,1.1403711840101443,0.0,0.05704623460769653
66716136489019008,0,44,0,1.0,1.1692079152425792,0.0,0.06789174675941467
66715827250786432,0,42,1,1.0,1.299341048599487,0.0,0.11372315883636475
66711532283494656,0,42,0,1.0,1.506038142514998,0.0,0.17783597111701965
66710845088732160,0,42,0,1.0,1.9843701278396517,0.0,0.2976226806640625
66710845088732160,0,43,0,3.0,3.0720491414323594,0.47712125471966244,0.4874281585216522
66710845088732160,0,44,0,1.0,1.3685885657955625,0.0,0.13627290725708008
65212760495396736,0,43,0,3.0,2.4552821302094454,0.47712125471966244,0.3901014029979706
66710948167949696,0,42,4,1.0,1.3718135779648326,0.0,0.13729509711265564
66280248847432192,0,43,4,1.0,1.3296314693813334,0.0,0.12373128533363342
147545221974214016,0,43,2,1.0,1.25892815901386,0.0,0.10000094771385193
147545221974214016,0,44,2,8.0,2.5470490049606336,0.9030899869919435,0.406037300825119
148449845165337600,0,43,2,1.0,3.3863325467121133,0.0,0.5297296047210693
157908767605448960,0,43,1,2.0,1.421197709292353,0.3010299956639812,0.1526544988155365
148106316500918272,0,44,0,2.0,0.8869175493589897,0.3010299956639812,-0.0521167516708374
147441558642852736,0,43,1,5.0,3.6346300246235512,0.6989700043360189,0.5604602098464966
147441558642852736,0,44,1,2.0,3.5829511117736015,0.3010299956639812,0.554240882396698
135287316592202880,0,58,4,7.0,6.740900970057173,0.8450980400142568,0.8287179470062256
136166066901394048,0,58,2,6.0,2.400499525926114,0.7781512503836436,0.3803016245365143
3247412647814482816,0,31,2,3.0,1.4811248967030068,0.47712125471966244,0.17059168219566345
6099307559847568512,0,11,0,1.0,3.430535719282969,0.0,0.5353619456291199
6092201450556437632,0,11,4,7.0,2.7591832837884853,0.8450980400142568,0.44078055024147034
6092201450556437632,0,38,4,10.0,3.4382668578150977,1.0,0.5363395810127258
6099512000288926208,0,11,1,1.0,2.045333791636991,0.0,0.3107641935348511
6103240203697723392,0,11,1,7.0,1.927294891160882,0.8450980400142568,0.2849481701850891
6103240203697723392,0,38,1,4.0,2.753220548504462,0.6020599913279624,0.43984100222587585
2594993646533642496,0,42,3,3.0,1.4345890371242305,0.47712125471966244,0.15672750771045685
6099761589426489728,0,11,2,1.0,1.3052427939267788,0.0,0.11569130420684814
5905886387736675840,0,11,4,7.0,2.9778990698987173,0.8450980400142568,0.47390997409820557
5905886387736675840,0,38,4,3.0,4.503325506566178,0.47712125471966244,0.6535333395004272
5905608589252667136,0,11,4,1.0,1.3977448876583782,0.0,0.1454279124736786
4876536108745448448,0,5,2,8.0,4.979416831810539,0.9030899869919435,0.6971784830093384
4876536108745448448,0,32,2,8.0,5.903985526821369,0.9030899869919435,0.7711452841758728
5509434895981911424,0,61,1,2.0,1.3638326872223265,0.3010299956639812,0.13476109504699707
5562493547567828480,0,61,0,3.0,1.5760996060520005,0.47712125471966244,0.1975836604833603
5562430806685687936,0,61,2,3.0,1.5838946196524153,0.47712125471966244,0.19972628355026245
5562123012149662080,0,61,1,3.0,1.542879438746795,0.47712125471966244,0.1883319914340973
5557658685702796544,0,6,4,2.0,1.371923252090169,0.3010299956639812,0.1373298168182373
5557658685702796544,0,7,4,1.0,1.4905482113736415,0.0,0.17334602773189545
5557658685702796544,0,8,4,1.0,1.4292485700860005,0.0,0.1551077663898468
5557658685702796544,0,33,4,1.0,1.3775293145207135,0.0,0.1391008496284485
5557658685702796544,0,34,4,3.0,2.1451688858335163,0.47712125471966244,0.33146148920059204
5562489458759467136,0,61,4,3.0,1.8787058410457518,0.47712125471966244,0.27385878562927246
5562865663534855936,0,61,3,5.0,1.5154609979520006,0.6989700043360189,0.18054476380348206
5558720126740813568,0,61,2,1.0,1.3895157769330444,0.0,0.14286348223686218
5557668714448447616,0,61,0,1.0,1.3314687187328673,0.0,0.12433096766471863
5557612712373718656,0,61,4,7.0,6.784553518578338,0.8450980400142568,0.8315212726593018
5562512136187128192,0,7,1,4.0,1.5125140097725258,0.6020599913279624,0.17969940602779388
5559134436466111360,0,6,4,2.0,5.275946831365811,0.3010299956639812,0.7223004102706909
5559134436466111360,0,7,4,8.0,5.456119563216983,0.9030899869919435,0.7368838787078857
5559134436466111360,0,8,4,4.0,1.8395538790689439,0.6020599913279624,0.26471251249313354
5559134436466111360,0,33,4,3.0,3.4398022396127215,0.47712125471966244,0.5365334749221802
5559134436466111360,0,34,4,4.0,4.376929465990669,0.6020599913279624,0.641169548034668
5509295528586671744,0,61,2,4.0,2.4505782639252716,0.6020599913279624,0.38926857709884644
5562570582102150784,0,61,3,1.0,1.3713253756299193,0.0,0.13714051246643066
5558025853867433856,0,61,3,2.0,1.5871775938382127,0.3010299956639812,0.20062552392482758
5559172026020076160,0,61,2,2.0,1.912511352589409,0.3010299956639812,0.28160402178764343
5559295136962606848,0,61,4,1.0,1.2728456034396771,0.0,0.10477572679519653
5509886275568118784,0,61,1,2.0,1.5617030167583974,0.3010299956639812,0.1935984492301941
5538547421274143488,0,34,3,1.0,1.559997890775896,0.0,0.19312401115894318
5538547421274143488,0,35,3,5.0,2.1033507929049557,0.6989700043360189,0.32291170954704285
5538547283835168000,0,34,4,1.0,3.343547310847179,0.0,0.5242074728012085
5538547283835168000,0,35,4,2.0,2.8831009421321676,0.3010299956639812,0.45985984802246094
5888042104328901888,0,12,0,4.0,3.343616603105062,0.6020599913279624,0.5242164731025696
2956556844055510528,0,5,1,12.0,12.40842048979116,1.0791812460476249,1.0937165021896362
2956556844055510528,0,32,1,15.0,12.726738933788614,1.1760912590556813,1.1047171354293823
5558548053171571968,0,61,0,4.0,1.4421643196407044,0.6020599913279624,0.1590147465467453
5561130183211120384,0,33,3,1.0,1.3985936233522158,0.0,0.14569154381752014
5508980179205357952,0,61,1,2.0,2.1873076977069243,0.3010299956639812,0.3399098813533783
5558201294692005632,0,61,4,2.0,2.3814214993352767,0.3010299956639812,0.37683627009391785
5509773270686988800,0,61,0,4.0,6.162167925093021,0.6020599913279624,0.7897335290908813
5509790755494833792,0,61,4,6.0,1.615322711814625,0.7781512503836436,0.20825929939746857
5559989650354601216,0,61,1,1.0,1.4727256790795078,0.0,0.16812185943126678
5559727348112322048,0,61,0,1.0,1.394043580103503,0.0,0.14427635073661804
5511620759459968896,0,61,4,6.0,3.7812101750669735,0.7781512503836436,0.5776308178901672
6151049133934677248,0,10,4,1.0,1.7454673287750846,0.0,0.24191172420978546
2053568110703900672,0,40,2,1.0,1.6881236401667212,0.0,0.22740425169467926
2053568110703900672,0,41,2,1.0,1.5902344814656526,0.0,0.20146116614341736
2053568110703900672,0,54,2,4.0,3.208456957336437,0.6020599913279624,0.5062962174415588
2053568110703900672,0,55,2,2.0,1.77509996337803,0.3010299956639812,0.24922281503677368
124151875142913152,0,58,2,4.0,2.619800577496695,0.6020599913279624,0.41826823353767395
125673496156604928,0,58,1,1.0,1.4002161544753378,0.0,0.14619508385658264
125547361557297664,0,58,1,1.0,1.6802519210850653,0.0,0.22537440061569214
2077569590543585920,0,40,3,1.0,1.4268704811228716,0.0,0.1543845534324646
2077569590543585920,0,41,3,2.0,1.4659360688760403,0.3010299956639812,0.16611503064632416
2449820419035086208,0,42,3,2.0,1.3985847936959435,0.3010299956639812,0.14568880200386047
3183414542727824896,0,5,4,3.0,1.582292081165886,0.47712125471966244,0.19928665459156036
4817239858975897728,0,4,1,1.0,1.4740727430728626,0.0,0.16851891577243805
4817239858975897728,0,5,1,7.0,4.569678485078955,0.8450980400142568,0.6598856449127197
4817239858975897728,0,31,1,5.0,4.237570905780947,0.6989700043360189,0.6271169781684875
4817239858975897728,0,32,1,4.0,2.2454179997763735,0.6020599913279624,0.35129719972610474
2969532867969662592,0,6,4,2.0,1.911969534904455,0.3010299956639812,0.28148096799850464
5068272932125221504,0,30,2,1.0,1.3267881135002553,0.0,0.12280157208442688
4813691219557127808,0,4,1,3.0,2.2704498517311307,0.47712125471966244,0.35611191391944885
4813691219557127808,0,5,1,1.0,1.9122681783161428,0.0,0.28154879808425903
4813691219557127808,0,31,1,4.0,5.9969493236926645,0.6020599913279624,0.7779303789138794
4813691219557127808,0,32,1,2.0,1.699221350342099,0.3010299956639812,0.23024995625019073
4814134872498801408,0,31,0,7.0,2.8575858386754134,0.8450980400142568,0.4559992849826813
4814134872498801408,0,32,0,3.0,2.4786410994528634,0.47712125471966244,0.39421364665031433
2888316685668937984,0,5,1,5.0,2.8008752013836626,0.6989700043360189,0.447293758392334
2888316685668937984,0,6,1,3.0,1.860671653474123,0.47712125471966244,0.2696697413921356
2888316685668937984,0,32,1,2.0,1.9455698342511736,0.3010299956639812,0.2890468239784241
2888316685668937984,0,33,1,1.0,2.0278700688844897,0.0,0.30704012513160706
5322181262549469312,0,9,2,1.0,1.568394130778429,0.0,0.19545520842075348
50856471531291648,0,42,2,4.0,2.371608698435555,0.6020599913279624,0.37504303455352783
50856471531291648,0,43,2,4.0,3.8607566241901043,0.6020599913279624,0.5866724252700806
50856471531291648,0,44,2,3.0,2.8595719838841926,0.47712125471966244,0.4563010334968567
51307065140124032,0,42,2,2.0,2.473568762180341,0.3010299956639812,0.39332398772239685
51307065140124032,0,43,2,1.0,2.745772528276766,0.0,0.4386645555496216
51307065140124032,0,44,2,4.0,4.442266859581316,0.6020599913279624,0.6476046442985535
65430150263676800,0,44,1,1.0,1.145402071412988,0.0,0.058957964181900024
65431185353051776,0,43,2,1.0,1.3061779590843186,0.0,0.11600235104560852
65750627840192256,0,43,3,2.0,2.812414927236213,0.3010299956639812,0.44907939434051514
65750627840192256,0,44,3,1.0,2.2196151680964853,0.0,0.3462776839733124
4820295711027399296,0,5,3,12.0,5.672207534159815,1.0791812460476249,0.7537521123886108
4820295711027399296,0,6,3,3.0,3.3853604158458066,0.47712125471966244,0.5296049118041992
4820295711027399296,0,32,3,12.0,3.6935691301448452,1.0791812460476249,0.567446231842041
4813007392044212608,0,5,4,17.0,9.552364450789213,1.2304489213782739,0.9801108837127686
4813007392044212608,0,32,4,14.0,4.91193138168678,1.146128035678238,0.6912522912025452
4651456423469407744,0,1,0,9.0,9.474382993155954,0.9542425094393249,0.9765509366989136
4651456423469407744,0,2,0,2.0,4.333772332848883,0.3010299956639812,0.6368660926818848
4651456423469407744,0,3,0,2.0,3.937675084821077,0.3010299956639812,0.5952398777008057
4651456423469407744,0,4,0,8.0,4.75512101952769,0.9030899869919435,0.6771615743637085
4651456423469407744,0,5,0,35.0,5.49598511056661,1.5440680443502757,0.7400455474853516
4651456423469407744,0,6,0,34.0,7.593896488755491,1.5314789170422551,0.8804646730422974
4651456423469407744,0,7,0,25.0,7.407525119757701,1.3979400086720377,0.8696731328964233
4651456423469407744,0,8,0,8.0,6.048357181276059,0.9030899869919435,0.78163743019104
4651456423469407744,0,9,0,6.0,5.80752379994689,0.7781512503836436,0.7639909982681274
4651456423469407744,0,10,0,9.0,4.7377839934638075,0.9542425094393249,0.6755752563476562
4651456423469407744,0,11,0,16.0,4.971220065292056,1.2041199826559248,0.6964629888534546
4651456423469407744,0,12,0,3.0,4.187076827188775,0.47712125471966244,0.6219109296798706
4651456423469407744,0,13,0,1.0,4.083283541279377,0.0,0.6110095381736755
4651456423469407744,0,27,0,3.0,3.515780069934776,0.47712125471966244,0.5460216999053955
4651456423469407744,0,28,0,3.0,3.435056242479625,0.47712125471966244,0.5359338521957397
4651456423469407744,0,29,0,2.0,3.729348603993847,0.3010299956639812,0.571632981300354
4651456423469407744,0,30,0,8.0,3.9836330902891177,0.9030899869919435,0.6002793312072754
4651456423469407744,0,31,0,6.0,5.09719140541998,0.7781512503836436,0.7073309421539307
4651456423469407744,0,32,0,13.0,7.481399507577602,1.1139433523068367,0.873982846736908
4651456423469407744,0,33,0,1.0,4.117605789290196,0.0,0.6146447658538818
4651456423469407744,0,34,0,4.0,3.3253426309312286,0.6020599913279624,0.5218364000320435
4651456423469407744,0,35,0,6.0,3.5833582966962942,0.7781512503836436,0.554290235042572
4651456423469407744,0,36,0,5.0,3.375280588001142,0.6989700043360189,0.5283098816871643
4651456423469407744,0,37,0,2.0,3.2801531018367545,0.3010299956639812,0.5158941149711609
4651456423469407744,0,38,0,5.0,3.2990638057199626,0.6989700043360189,0.5183907151222229
4651456423469407744,0,39,0,2.0,3.237528599182797,0.3010299956639812,0.5102136135101318
4651456423469407744,0,62,0,23.0,7.656538803371089,1.3617278360175928,0.8840324878692627
4651456423469407744,0,63,0,10.0,5.778370905483104,1.0,0.7618054151535034
4651456423469407744,0,64,0,12.0,8.007326976409416,1.0791812460476249,0.9034875631332397
4651456423469407744,0,65,0,7.0,7.095545110489325,0.8450980400142568,0.8509857654571533
4651456423469407744,0,66,0,4.0,5.730224246655882,0.6020599913279624,0.7581716179847717
4651456423469407744,0,67,0,6.0,4.928781956494861,0.7781512503836436,0.6927396059036255
51311566265952768,0,42,4,1.0,1.2835907267520499,0.0,0.10842657089233398
51311566265952768,0,43,4,1.0,1.3647770508018477,0.0,0.13506171107292175
51365476695288064,0,43,3,2.0,1.5886078136088386,0.3010299956639812,0.20101669430732727
51365476695288064,0,44,3,3.0,2.796829951505588,0.47712125471966244,0.44666606187820435
51783737790828800,0,43,4,1.0,1.9983926152888163,0.0,0.30068081617355347
65309100904545280,0,43,3,1.0,1.465745904422788,0.0,0.16605868935585022
65309100904545280,0,44,3,1.0,1.6676712826857591,0.0,0.22211045026779175
65330099002345216,0,44,4,4.0,1.4746041016478333,0.6020599913279624,0.16867543756961823
65732447241199744,0,42,0,3.0,1.410410740632223,0.47712125471966244,0.14934560656547546
65754132533480064,0,42,4,2.0,1.6356130438731948,0.3010299956639812,0.21368056535720825
65754132533480064,0,44,4,1.0,1.5158518598498518,0.0,0.18065676093101501
65435102362687616,0,42,1,1.0,1.3236768547306315,0.0,0.12178197503089905
65435102362687616,0,43,1,1.0,1.4114245483724586,0.0,0.14965766668319702
51760270089541504,0,43,4,1.0,1.6679731443889136,0.0,0.2221890538930893
50101210121892992,0,43,0,1.0,1.143590277397631,0.0,0.05827045440673828
5161117923061794688,0,31,4,3.0,2.189681738540422,0.47712125471966244,0.340380996465683
4650268744744759936,0,1,4,3.0,2.3087763370977243,0.47712125471966244,0.36338186264038086
4650268744744759936,0,2,4,5.0,2.766775521167815,0.6989700043360189,0.4419739246368408
4650268744744759936,0,4,4,2.0,3.2189396989403556,0.3010299956639812,0.5077128410339355
4650268744744759936,0,5,4,1.0,1.586410521136551,0.0,0.20041558146476746
4650268744744759936,0,7,4,2.0,2.2066267068684735,0.3010299956639812,0.3437288701534271
4650268744744759936,0,9,4,1.0,1.8558524818673896,0.0,0.26854345202445984
4650268744744759936,0,10,4,1.0,1.5655385386260146,0.0,0.19466376304626465
4650268744744759936,0,27,4,3.0,3.2535494642346254,0.47712125471966244,0.5123574137687683
4650268744744759936,0,29,4,1.0,1.9424911372654898,0.0,0.28835904598236084
4650268744744759936,0,30,4,1.0,1.737673033428201,0.0,0.23996806144714355
4650268744744759936,0,31,4,1.0,1.5958444105195677,0.0,0.2029905468225479
4650268744744759936,0,32,4,4.0,2.0227370805186955,0.6020599913279624,0.3059394359588623
4650268744744759936,0,34,4,4.0,2.0027390121658453,0.6020599913279624,0.3016243577003479
4650268744744759936,0,36,4,1.0,1.5139160630526782,0.0,0.18010179698467255
4650268744744759936,0,37,4,2.0,1.3869758292618568,0.3010299956639812,0.14206889271736145
4650268744744759936,0,38,4,1.0,1.7765106145613605,0.0,0.24956780672073364
4650268744744759936,0,39,4,1.0,1.7013496669654387,0.0,0.23079358041286469
4650268744744759936,0,61,4,1.0,2.115466701615208,0.0,0.32540619373321533
4650268744744759936,0,62,4,3.0,3.9561446061080026,0.47712125471966244,0.5972721576690674
4650268744744759936,0,63,4,3.0,2.182446771102603,0.47712125471966244,0.3389436602592468
4650268744744759936,0,64,4,3.0,2.273772769015587,0.47712125471966244,0.3567470610141754
4650268744744759936,0,66,4,2.0,1.5493436535913996,0.3010299956639812,0.1901477575302124
4650268744744759936,0,67,4,4.0,2.249116948359152,0.6020599913279624,0.352012038230896
50472875115329920,0,42,1,1.0,1.604067653254303,0.0,0.20522268116474152
51257621476724096,0,42,4,2.0,1.7676567233155238,0.3010299956639812,0.24739792943000793
51257621476724096,0,43,4,5.0,2.2668306154919264,0.6989700043360189,0.3554190695285797
51257621476724096,0,44,4,1.0,2.627174600246583,0.0,0.41948893666267395
51765595848971648,0,42,2,1.0,1.2420658251779846,0.0,0.09414461255073547
51765595848971648,0,43,2,4.0,2.231518884115641,0.6020599913279624,0.3486005663871765
65779971056668032,0,44,1,1.0,1.1558760683590423,0.0,0.0629112720489502
65768151306811904,0,42,0,2.0,1.485373769443873,0.3010299956639812,0.1718357503414154
65768151306811904,0,43,0,6.0,1.5448363684655781,0.7781512503836436,0.1888824850320816
65768151306811904,0,44,0,4.0,1.521729249596222,0.6020599913279624,0.18233738839626312
65419434321982464,0,42,3,3.0,3.1856895553128246,0.47712125471966244,0.5032034516334534
65419434321982464,0,43,3,3.0,2.21257613564578,0.47712125471966244,0.3448982238769531
65419434321982464,0,44,3,2.0,3.27887887892615,0.3010299956639812,0.5157253742218018
65338688937033344,0,44,0,1.0,1.1786855522252655,0.0,0.07139796018600464
49809495943068288,0,43,1,1.0,1.556605132096182,0.0,0.19217845797538757
49809495943068288,0,44,1,1.0,1.4529383296270617,0.0,0.1622471809387207
51391658816356608,0,43,4,1.0,1.7415325075275299,0.0,0.24093158543109894
65467778474649856,0,43,4,1.0,1.3643402236306554,0.0,0.13492268323898315
6000321208067075456,0,11,1,2.0,2.810499914962615,0.3010299956639812,0.4487835764884949
6000321208067075456,0,38,1,3.0,7.335512716139531,0.47712125471966244,0.865430474281311
5261554496328279552,0,4,2,2.0,3.2772673429657804,0.3010299956639812,0.5155118703842163
5261554496328279552,0,5,2,1.0,2.636647841912173,0.0,0.42105212807655334
5261554496328279552,0,6,2,4.0,3.395824998296789,0.6020599913279624,0.5309453010559082
5261554496328279552,0,7,2,2.0,3.112389258696737,0.3010299956639812,0.49309390783309937
5261554496328279552,0,8,2,4.0,2.4907973971917325,0.6020599913279624,0.39633840322494507
5261554496328279552,0,9,2,3.0,3.4832244378707378,0.47712125471966244,0.5419814586639404
5261554496328279552,0,10,2,5.0,6.062766685435065,0.6989700043360189,0.7826708555221558
5261554496328279552,0,11,2,8.0,6.190420518898987,0.9030899869919435,0.7917201519012451
5261554496328279552,0,27,2,10.0,3.6857651951633597,1.0,0.5665276646614075
5261554496328279552,0,28,2,4.0,4.147437507971438,0.6020599913279624,0.6177798509597778
5261554496328279552,0,29,2,6.0,3.3113978724182784,0.7781512503836436,0.5200113654136658
5261554496328279552,0,30,2,5.0,5.65656843527411,0.6989700043360189,0.7525530457496643
5261554496328279552,0,31,2,13.0,4.0974910395617705,1.1139433523068367,0.6125180125236511
5261554496328279552,0,32,2,10.0,6.19247859896724,1.0,0.7918645143508911
5261554496328279552,0,33,2,7.0,3.535150538664334,0.8450980400142568,0.5484079122543335
5261554496328279552,0,34,2,5.0,6.701181347832248,0.6989700043360189,0.8261513710021973
5261554496328279552,0,35,2,7.0,1.9596149010982202,0.8450980400142568,0.2921707332134247
5261554496328279552,0,36,2,4.0,3.5388272094828648,0.6020599913279624,0.5488593578338623
5261554496328279552,0,37,2,8.0,2.9291215200192906,0.9030899869919435,0.46673738956451416
5261554496328279552,0,38,2,10.0,11.396009456312015,1.0,1.0567528009414673
5261554496328279552,0,61,2,7.0,4.3166152394069455,0.8450980400142568,0.6351433396339417
5261554496328279552,0,62,2,4.0,3.90027107195806,0.6020599913279624,0.5910947918891907
5261554496328279552,0,63,2,4.0,4.609017027783793,0.6020599913279624,0.6636083126068115
5261554496328279552,0,64,2,5.0,4.651361862881456,0.6989700043360189,0.6675801277160645
5261554496328279552,0,65,2,6.0,6.192273780002176,0.7781512503836436,0.7918501496315002
5261554496328279552,0,66,2,2.0,2.8223465554756317,0.3010299956639812,0.45061033964157104
5261554496328279552,0,67,2,4.0,5.03704114045511,0.6020599913279624,0.702175498008728
65552681387907200,0,44,2,1.0,1.3721624944862634,0.0,0.13740554451942444
65471729844532864,0,42,1,6.0,4.333856793507125,0.7781512503836436,0.6368745565414429
65471729844532864,0,43,1,6.0,6.3324806669754095,0.7781512503836436,0.8015738725662231
65471729844532864,0,44,1,5.0,2.8205138123883393,0.6989700043360189,0.4503282308578491
53335045618385536,0,44,2,1.0,1.6127611795926808,0.0,0.20757006108760834
53251929411490688,0,42,3,2.0,1.6279781939616145,0.3010299956639812,0.2116485834121704
53251929411490688,0,43,3,2.0,1.6752062476650036,0.3010299956639812,0.224068284034729
51398595186022400,0,44,0,1.0,1.2510216520213722,0.0,0.09726482629776001
3466327989885650176,0,10,1,1.0,4.774049200017073,0.0,0.678886890411377
3466327989885650176,0,37,1,2.0,4.979122295595762,0.3010299956639812,0.6971527934074402
6000431502827942272,0,11,2,4.0,1.9425141980206115,0.6020599913279624,0.2883642017841339
53255434104774272,0,42,4,1.0,1.4457837890373753,0.0,0.16010335087776184
53255434104774272,0,44,4,1.0,1.3045854344314516,0.0,0.11547252535820007
53258732639653760,0,43,4,1.0,1.8522921817456692,0.0,0.26770949363708496
65561473183104640,0,43,0,2.0,1.1882617050394761,0.3010299956639812,0.07491210103034973
65506467539939584,0,44,0,2.0,1.2195197913478133,0.3010299956639812,0.08618885278701782
51408529447927296,0,43,4,1.0,1.1879898772746142,0.0,0.07481274008750916
51408529447927296,0,44,4,1.0,1.27655462926994,0.0,0.10603940486907959
65945997312877952,0,44,2,2.0,1.674730049979344,0.3010299956639812,0.22394481301307678
65486951208575488,0,44,4,2.0,1.4147636563266475,0.3010299956639812,0.15068389475345612
50229028348709248,0,43,0,3.0,1.618432473919274,0.47712125471966244,0.2090945839881897
50229028348709248,0,44,0,1.0,1.771828077879973,0.0,0.2484215795993805
53341642688604416,0,43,3,3.0,4.964307981924391,0.47712125471966244,0.6958587169647217
53341642688604416,0,44,3,2.0,1.2545889949718436,0.3010299956639812,0.09850147366523743
2889149393928673664,0,6,3,4.0,8.053017678719028,0.6020599913279624,0.9059586524963379
2889149393928673664,0,32,3,1.0,1.804886176047661,0.0,0.256449818611145
2889149393928673664,0,33,3,1.0,2.5075378507240105,0.0,0.39924749732017517
5532512786061012608,0,34,2,2.0,1.857214767460677,0.3010299956639812,0.26886212825775146
5532512786061012608,0,35,2,3.0,2.2386183341553605,0.47712125471966244,0.34998005628585815
50561458818290560,0,43,2,2.0,1.241571228346368,0.3010299956639812,0.09397163987159729
50561458818290560,0,44,2,1.0,1.3968422205214144,0.0,0.14514735341072083
2984220964629601280,0,32,2,1.0,1.4463167113428685,0.0,0.16026340425014496
6000349589207590016,0,38,1,1.0,1.2711546667365246,0.0,0.1041983962059021
5518731541677453696,0,35,0,1.0,2.038317402871099,0.0,0.30927181243896484
4841643382115183360,0,4,2,1.0,1.3802571984123657,0.0,0.13996002078056335
4841643382115183360,0,5,2,6.0,3.1552937629077658,0.7781512503836436,0.49903979897499084
4841643382115183360,0,31,2,6.0,5.555340510114712,0.7781512503836436,0.7447106838226318
4841643450834660608,0,4,2,7.0,2.4891100899752336,0.8450980400142568,0.3960441052913666
4841643450834660608,0,5,2,9.0,10.798601496989114,0.9542425094393249,1.0333675146102905
4841643450834660608,0,31,2,13.0,10.68176189173406,1.1139433523068367,1.0286428928375244
4838343163605429760,0,4,2,9.0,4.536398113207159,0.9542425094393249,0.6567111611366272
4838343163605429760,0,5,2,8.0,4.833035843173224,0.9030899869919435,0.684220016002655
4809722394897908096,0,5,4,2.0,1.9862613710947445,0.3010299956639812,0.2980363965034485
4809722394897908096,0,33,4,1.0,1.5319842156716172,0.0,0.1852542906999588
6139670356818693760,0,37,2,1.0,1.4763814254295444,0.0,0.16919857263565063
6140126241824588672,0,10,0,9.0,7.343730469791799,0.9542425094393249,0.8659167289733887
2972868236492048896,0,5,4,14.0,14.690389632167,1.146128035678238,1.167033314704895
2972868236492048896,0,32,4,6.0,2.958390557570662,0.7781512503836436,0.4710555076599121
2960923073448935808,0,5,2,11.0,4.902041651091042,1.0413926851582251,0.6903769969940186
2960923073448935808,0,32,2,16.0,9.515603794425127,1.2041199826559248,0.9784363508224487
2962658549474035584,0,5,3,14.0,3.639283130644897,1.146128035678238,0.5610158443450928
2962658549474035584,0,32,3,29.0,8.897128511384267,1.462397997898956,0.9492498636245728
2959946329166222592,0,5,1,3.0,2.525651896274509,0.47712125471966244,0.4023734927177429
5363506063479633536,0,63,3,1.0,1.5396720854670134,0.0,0.18742823600769043
1108342875109911680,0,60,0,1.0,1.3399306396467094,0.0,0.12708231806755066
5570448720352754432,0,61,1,1.0,1.4246653239304166,0.0,0.15371285378932953
5569759876318219392,0,61,4,1.0,1.471767771900199,0.0,0.16783928871154785
5570576263701669888,0,61,2,4.0,3.1535406240488872,0.6020599913279624,0.4987984299659729
6007542525548142080,0,38,3,2.0,1.5566531475070233,0.3010299956639812,0.19219185411930084
6007167351565715840,0,11,0,4.0,1.5570365227601188,0.6020599913279624,0.1922987997531891
5576782796386594944,0,33,4,1.0,1.563779271152639,0.0,0.19417545199394226
5576782796386594944,0,34,4,1.0,1.6083598139525115,0.0,0.20638321340084076
5576782796385434752,0,33,0,3.0,1.4057738252232426,0.47712125471966244,0.14791545271873474
5576782796385434752,0,34,0,1.0,1.453444216530197,0.0,0.16239836812019348
5575766400963849344,0,61,0,2.0,2.72154130465501,0.3010299956639812,0.4348149299621582
6004331775495542656,0,11,3,5.0,6.087728833778801,0.6989700043360189,0.7844552993774414
6004331775495542656,0,38,3,5.0,4.29915669078897,0.6989700043360189,0.6333832740783691
6004336074769756800,0,11,2,2.0,1.8110249667227718,0.3010299956639812,0.2579244375228882
5576002800261700992,0,61,2,2.0,1.5564161292019216,0.3010299956639812,0.19212572276592255
5575773964404156160,0,61,1,1.0,1.3928622652385478,0.0,0.14390817284584045
5575903603697575552,0,33,3,1.0,1.6516402595210447,0.0,0.21791546046733856
5575903603697575552,0,34,3,3.0,1.551607575616716,0.47712125471966244,0.19078189134597778
5575903603697575552,0,61,3,3.0,1.5517000519183681,0.47712125471966244,0.1908077746629715
5577259232814653696,0,61,0,2.0,3.077707885115346,0.3010299956639812,0.48822739720344543
5575461428223971200,0,6,1,2.0,2.276976326191762,0.3010299956639812,0.35735851526260376
5575461428223971200,0,7,1,4.0,2.092486991153528,0.6020599913279624,0.3206627666950226
5575461428223971200,0,34,1,7.0,6.015011138418517,0.8450980400142568,0.7792364358901978
5577363411541818496,0,61,1,1.0,1.5115653861277465,0.0,0.17942693829536438
5563444831284305792,0,61,2,1.0,1.5758298887891202,0.0,0.19750933349132538
5575726341806510336,0,61,3,7.0,7.556027228473429,0.8450980400142568,0.878293514251709
5575728918786875520,0,34,4,1.0,1.541249121126824,0.0,0.18787284195423126
5577399970303109248,0,7,3,3.0,1.4558082511498425,0.47712125471966244,0.16310417652130127
5577399970303109248,0,61,3,1.0,1.4270724456242914,0.0,0.15444602072238922
5578930348753317376,0,61,4,1.0,1.2309316876865053,0.0,0.0902339518070221
5576369075072755712,0,61,3,2.0,2.287166190697004,0.3010299956639812,0.3592977225780487
6000949097921032832,0,38,4,1.0,1.3154076624006126,0.0,0.11906036734580994
6007723635729905920,0,11,2,2.0,1.403096509412385,0.3010299956639812,0.14708754420280457
6007723635729905920,0,38,2,3.0,1.7991669355885922,0.47712125471966244,0.2550714612007141
2316506764470447360,0,29,4,1.0,1.3331881965033265,0.0,0.12489145994186401
4660702629069418368,0,7,0,4.0,2.626026628814299,0.6020599913279624,0.4192991256713867
4660702629069418368,0,36,0,1.0,1.3150423147240586,0.0,0.11893972754478455
4660702629069418368,0,39,0,1.0,1.4528887276885307,0.0,0.16223235428333282
6013480055841212416,0,38,4,2.0,1.8576130804909494,0.3010299956639812,0.268955260515213
4758999690125348352,0,1,3,1.0,1.358541136919072,0.0,0.13307279348373413
4758999690125348352,0,5,3,2.0,1.6788433951518529,0.3010299956639812,0.22501018643379211
4758999690125348352,0,7,3,1.0,1.8905210866823687,0.0,0.2765815258026123
4758999690125348352,0,8,3,1.0,1.6411204676269981,0.0,0.2151404619216919
4758999690125348352,0,9,3,3.0,1.4262957853951734,0.47712125471966244,0.15420959889888763
4758999690125348352,0,13,3,1.0,1.4081169467713335,0.0,0.14863872528076172
4758999690125348352,0,28,3,1.0,1.470286297614233,0.0,0.16740190982818604
4758999690125348352,0,29,3,3.0,1.5216118807736203,0.47712125471966244,0.18230389058589935
4758999690125348352,0,31,3,1.0,1.6117431017775945,0.0,0.20729582011699677
4758999690125348352,0,33,3,1.0,1.5892180824588202,0.0,0.2011834979057312
4758999690125348352,0,34,3,1.0,1.4764970278737324,0.0,0.169232577085495
4758999690125348352,0,35,3,3.0,1.6120700734250535,0.47712125471966244,0.2073839157819748
4758999690125348352,0,36,3,3.0,2.11499626325435,0.47712125471966244,0.3253096044063568
4758999690125348352,0,37,3,1.0,1.4853335586473035,0.0,0.17182399332523346
4758999690125348352,0,38,3,1.0,1.4636934383922846,0.0,0.16545012593269348
4758999690125348352,0,39,3,3.0,1.5401849721134249,0.47712125471966244,0.1875728815793991
4758999690125348352,0,61,3,3.0,1.6701833477106354,0.47712125471966244,0.22276414930820465
4758999690125348352,0,62,3,1.0,1.47239943672726,0.0,0.1680256426334381
4758999690125348352,0,64,3,1.0,2.041199728344376,0.0,0.30988550186157227
4758999690125348352,0,66,3,1.0,1.2603299360337157,0.0,0.10048425197601318
4758999690125348352,0,67,3,1.0,1.5224504729232926,0.0,0.18254317343235016
5999723314253334016,0,12,4,2.0,1.5328376228780831,0.3010299956639812,0.18549615144729614
6002875579742053888,0,12,3,2.0,1.6034277501556404,0.3010299956639812,0.20504939556121826
6002875579742053888,0,38,3,3.0,3.2051494786829555,0.47712125471966244,0.5058482885360718
6003265837643309824,0,12,4,4.0,4.313906301914596,0.6020599913279624,0.634870707988739
65823676643738368,0,42,1,2.0,2.1470502747072833,0.3010299956639812,0.33184221386909485
65823676643738368,0,43,1,3.0,2.4131552178303406,0.47712125471966244,0.3825852572917938
66612473157921024,0,44,4,1.0,1.9870737607378246,0.0,0.29821398854255676
67069835634816896,0,42,2,2.0,1.3317648771575683,0.3010299956639812,0.12442755699157715
65806050098142720,0,42,1,2.0,1.693159536663266,0.3010299956639812,0.22869788110256195
65806050098142720,0,43,1,4.0,2.3157935529646436,0.6020599913279624,0.3646998405456543
65806050098142720,0,44,1,5.0,1.946770990575416,0.6989700043360189,0.289314866065979
65783029073414144,0,42,0,1.0,2.3825387289509425,0.0,0.37703996896743774
65783029073414144,0,44,0,2.0,2.587448168458637,0.3010299956639812,0.41287165880203247
65864427293364864,0,42,3,2.0,1.6783449717752648,0.3010299956639812,0.22488123178482056
65864427293364864,0,43,3,1.0,1.5498953381539848,0.0,0.19030237197875977
65864427293364864,0,44,3,1.0,1.6215039918159082,0.0,0.20991802215576172
66997817623367296,0,42,3,4.0,3.617010159246725,0.6020599913279624,0.5583497285842896
66997817623367296,0,43,3,2.0,1.726492006241105,0.3010299956639812,0.23716457188129425
66997817623367296,0,44,3,2.0,1.7538046906131748,0.3010299956639812,0.2439812272787094
67074096242336384,0,42,4,2.0,1.3837638841569397,0.3010299956639812,0.14106199145317078
67074096242336384,0,43,4,1.0,1.3624761281373525,0.0,0.1343289017677307
67074096242336384,0,44,4,1.0,2.777607453366745,0.0,0.4436708688735962
67103405099117568,0,43,2,2.0,1.3366261118769243,0.3010299956639812,0.12600994110107422
67103405099117568,0,44,2,1.0,1.140664677978211,0.0,0.05715799331665039
67527885307288192,0,43,2,1.0,1.6630002332862994,0.0,0.2208923101425171
67527885307288192,0,44,2,2.0,1.540711615508198,0.3010299956639812,0.1877213567495346
67429856973800960,0,43,0,1.0,2.1770517372499056,0.0,0.33786875009536743
67044198973423744,0,42,0,1.0,1.1017126407415352,0.0,0.04206833243370056
65844361206181376,0,42,1,1.0,1.6592416969927797,0.0,0.2199096530675888
65844361206181376,0,43,1,1.0,1.5968182571882064,0.0,0.20325548946857452
65844361206181376,0,44,1,2.0,1.573341509841299,0.3010299956639812,0.19682300090789795
65830548591559936,0,43,3,1.0,1.4422749169923725,0.0,0.15904805064201355
65830548591559936,0,44,3,2.0,1.3348107822278734,0.3010299956639812,0.1254197061061859
67054305033161344,0,43,1,1.0,1.3115652284101504,0.0,0.11778989434242249
67046780250475520,0,42,3,1.0,1.3601618171187748,0.0,0.13359057903289795
67046780250475520,0,43,3,1.0,1.510638504673275,0.0,0.17916055023670197
67034994860213888,0,42,4,1.0,1.4115948787230745,0.0,0.14971007406711578
65787289680918528,0,42,3,2.0,1.4503646071126097,0.3010299956639812,0.161477193236351
65787289680918528,0,43,3,2.0,1.44776623471772,0.3010299956639812,0.16069844365119934
65787289680918528,0,44,3,5.0,1.3847407684101174,0.6989700043360189,0.14136847853660583
65775195052996608,0,42,2,2.0,2.3798832447608738,0.3010299956639812,0.3765556514263153
65775195052996608,0,43,2,1.0,2.674072436584945,0.0,0.4271731674671173
65775195052996608,0,44,2,3.0,1.793713332662574,0.47712125471966244,0.25375303626060486
148449913884294528,0,43,4,6.0,6.021361153309324,0.7781512503836436,0.779694676399231
148449913884294528,0,44,4,19.0,6.640959258281967,1.2787536009528289,0.8222308158874512
148450085683504896,0,43,2,2.0,4.114737675191047,0.3010299956639812,0.6143421530723572
148450085683504896,0,44,2,4.0,7.290539205389824,0.6020599913279624,0.8627596497535706
148354733113981696,0,43,4,1.0,1.523334215220573,0.0,0.1827951967716217
148354733113981696,0,44,4,1.0,1.4368663971247966,0.0,0.15741638839244843
146881048231272192,0,43,1,1.0,2.781912764950556,0.0,0.4443435072898865
146881048231272192,0,44,1,1.0,2.939234126228406,0.0,0.46823418140411377
5477559813377591552,0,4,0,5.0,6.152091743754495,0.6989700043360189,0.7890228033065796
5477559813377591552,0,5,0,12.0,12.30068965620883,1.0791812460476249,1.089929461479187
5477559813377591552,0,6,0,7.0,8.374094741323667,0.8450980400142568,0.9229378700256348
5477559813377591552,0,7,0,11.0,7.7780663587425956,1.0413926851582251,0.8908716440200806
5477559813377591552,0,8,0,5.0,8.998667688659136,0.6989700043360189,0.9541782140731812
5477559813377591552,0,9,0,10.0,9.149993266321536,1.0,0.9614207744598389
5477559813377591552,0,11,0,4.0,5.599837728105227,0.6020599913279624,0.7481754422187805
5477559813377591552,0,12,0,9.0,6.759840437359541,0.9542425094393249,0.8299364447593689
5477559813377591552,0,28,0,2.0,5.6918185929308915,0.3010299956639812,0.7552510499954224
5477559813377591552,0,29,0,9.0,5.560330641700305,0.9542425094393249,0.7451006174087524
5477559813377591552,0,31,0,10.0,9.37117416093309,1.0,0.9717940092086792
5477559813377591552,0,32,0,10.0,8.074394711874339,1.0,0.9071099758148193
5477559813377591552,0,33,0,6.0,6.816499707964722,0.7781512503836436,0.8335614204406738
5477559813377591552,0,34,0,9.0,5.887547389275021,0.9542425094393249,0.7699344158172607
5477559813377591552,0,35,0,9.0,8.479008764655081,0.9542425094393249,0.9283450841903687
5477559813377591552,0,36,0,12.0,7.921948652905816,1.0791812460476249,0.8988320231437683
5477559813377591552,0,38,0,13.0,9.640284512704126,1.1139433523068367,0.9840898513793945
5477559813377591552,0,39,0,12.0,7.00589707537035,1.0791812460476249,0.845463752746582
5477559813377591552,0,61,0,10.0,6.8730112860422645,1.0,0.837147057056427
5477559813377591552,0,62,0,12.0,9.018954731320102,1.0791812460476249,0.9551562070846558
5477559813377591552,0,63,0,13.0,8.219957022957297,1.1139433523068367,0.9148695468902588
5477559813377591552,0,64,0,15.0,7.172177365935446,1.1760912590556813,0.8556510210037231
5477559813377591552,0,66,0,3.0,5.6764206792053615,0.47712125471966244,0.7540745735168457
5477559813377591552,0,67,0,9.0,7.263759733628423,0.9542425094393249,0.861161470413208
148589276984170496,0,43,4,1.0,1.6607571400304835,0.0,0.2203061282634735
148381984682184192,0,43,1,2.0,3.2268582152761636,0.3010299956639812,0.5087798833847046
148112913570653568,0,44,3,3.0,4.842458031971448,0.47712125471966244,0.6850658655166626
4568179481487113088,0,25,2,4.0,1.2306327020934422,0.6020599913279624,0.09012845158576965
4568179481487113088,0,52,2,1.0,1.1865429160908174,0.0,0.07428345084190369
4801730010515510784,0,5,0,9.0,7.235633591557822,0.9542425094393249,0.8594765663146973
4801730010515510784,0,6,0,7.0,5.184175771282015,0.8450980400142568,0.7146797180175781
4801730010515510784,0,7,0,9.0,7.8385069182455105,0.9542425094393249,0.8942333459854126
4801730010515510784,0,32,0,10.0,8.794757737282097,1.0,0.9442238807678223
4801730010515510784,0,33,0,8.0,9.39757983033566,0.9030899869919435,0.9730160236358643
4801105586693968512,0,5,0,1.0,1.4360133556872217,0.0,0.1571584790945053
4801105586693968512,0,6,0,1.0,1.6636667649542656,0.0,0.22106634080410004
4801105586693968512,0,7,0,1.0,1.4668263121317964,0.0,0.1663786917924881
4824652147895424384,0,5,1,3.0,1.5643448984959776,0.47712125471966244,0.19433251023292542
4824652147895424384,0,32,1,3.0,2.3156143034745598,0.47712125471966244,0.364666223526001
4896343707641120384,0,5,1,5.0,4.395778185569004,0.6989700043360189,0.6430357694625854
4896343707641120384,0,31,1,6.0,7.9244159982207965,0.7781512503836436,0.8989672660827637
4896343707641120384,0,32,1,2.0,6.078976491412806,0.3010299956639812,0.783830463886261
5999484273570254976,0,12,3,2.0,1.7079167495977352,0.3010299956639812,0.2324666976928711
4836879747987851392,0,3,0,2.0,2.422722591216962,0.3010299956639812,0.3843036890029907
4836879747987851392,0,4,0,1.0,1.547799333387868,0.0,0.18971465528011322
4836879747987851392,0,5,0,3.0,1.7571078616010198,0.47712125471966244,0.2447984218597412
4836879747987851392,0,30,0,1.0,1.6496963287202269,0.0,0.21740400791168213
4836879747987851392,0,32,0,4.0,1.4879621361875663,0.6020599913279624,0.17259187996387482
6126748690015467392,0,37,3,1.0,1.6352656989964345,0.0,0.21358832716941833
6126748586936452736,0,64,1,6.0,5.019314788450844,0.7781512503836436,0.7006444334983826
4839139553621190784,0,4,2,4.0,3.2192573563222995,0.6020599913279624,0.507755696773529
4839139553621190784,0,5,2,3.0,1.96201335684101,0.47712125471966244,0.29270195960998535
4839139553621190784,0,31,2,3.0,3.270207442569311,0.47712125471966244,0.5145753026008606
4839368423837856640,0,4,3,1.0,2.8712435972700967,0.0,0.4580700397491455
4839368423837856640,0,5,3,9.0,11.069057814007156,0.9542425094393249,1.044110655784607
4839368423837856640,0,31,3,4.0,5.491042175381296,0.6020599913279624,0.7396547794342041
4839368423837856640,0,32,3,2.0,2.4668833509729824,0.3010299956639812,0.39214861392974854
4839371237040134528,0,4,2,10.0,6.512422649061779,1.0,0.8137425780296326
4839371237040134528,0,5,2,8.0,8.370018015169299,0.9030899869919435,0.9227263927459717
4839371237040134528,0,31,2,10.0,5.054906408301616,1.0,0.7037131190299988
4839371237040134528,0,32,2,8.0,7.152064959973264,0.9030899869919435,0.8544314503669739
5986939704898034432,0,12,4,14.0,10.270372353316127,1.146128035678238,1.0115861892700195
4791203492348511232,0,4,1,1.0,1.8698345078785505,0.0,0.2718031704425812
4791203492348511232,0,5,1,1.0,2.285646313567845,0.0,0.3590090274810791
4791203492348511232,0,31,1,1.0,2.0216560782239883,0.0,0.30570727586746216
4791684047650720384,0,5,3,3.0,2.123438216161401,0.47712125471966244,0.3270396292209625
4791684047650720384,0,31,3,1.0,1.8952960573430495,0.0,0.277677059173584
4791763208191226624,0,4,3,1.0,3.851255602322104,0.0,0.585602343082428
4791763208191226624,0,5,3,8.0,11.803132565774003,0.9030899869919435,1.0719972848892212
6077114158167878016,0,10,0,2.0,2.1091035446525837,0.3010299956639812,0.3240979015827179
6077114158167878016,0,11,0,2.0,1.582434328215722,0.3010299956639812,0.19932569563388824
6077114158167878016,0,37,0,1.0,4.0051205724160575,0.0,0.6026155948638916
6077114158167878016,0,64,0,3.0,4.77591430120669,0.47712125471966244,0.6790565252304077
6077461328965244160,0,10,1,2.0,1.4876338457164506,0.3010299956639812,0.17249605059623718
6077461328965244160,0,11,1,5.0,4.374219298176088,0.6989700043360189,0.6409005522727966
6127109913945947392,0,64,1,2.0,2.2460328868305384,0.3010299956639812,0.35141611099243164
178581445929766656,0,59,4,3.0,1.6090078133237964,0.47712125471966244,0.20655815303325653
178729291587897984,0,59,2,2.0,1.195185333259434,0.3010299956639812,0.07743525505065918
178657174793130496,0,59,1,2.0,1.939281833773245,0.3010299956639812,0.28764092922210693
178659781838389376,0,59,3,3.0,1.4372137125085394,0.47712125471966244,0.1575213521718979
5113845146476653696,0,4,2,1.0,1.2776247638648555,0.0,0.10640332102775574
5576497816714969344,0,61,4,2.0,3.199579158948991,0.3010299956639812,0.5050928592681885
5578127400323942016,0,6,1,10.0,6.569749513737929,1.0,0.8175488114356995
5578127400323942016,0,7,1,2.0,2.4015973595427362,0.3010299956639812,0.3805001974105835
5578127400323942016,0,61,1,3.0,4.947180462710619,0.47712125471966244,0.6943577527999878
5578115511854638080,0,61,4,1.0,1.2649923960379157,0.0,0.10208791494369507
5563971188116686080,0,61,1,4.0,3.5919607945301544,0.6020599913279624,0.5553315877914429
5552244793526284672,0,61,3,3.0,2.8060024758527957,0.47712125471966244,0.44808804988861084
5556592090703647744,0,61,1,4.0,5.961335129502119,0.6020599913279624,0.7753435373306274
5556524470738581632,0,61,0,6.0,6.200326308819673,0.7781512503836436,0.7924145460128784
5577783390624001152,0,61,2,1.0,1.391222001381269,0.0,0.14339643716812134
5564131648094763776,0,61,4,4.0,5.513507351871162,0.6020599913279624,0.7414279580116272
5563765785600697472,0,61,3,7.0,2.972036310101488,0.8450980400142568,0.47305411100387573
5555470756346115200,0,34,4,1.0,1.732691704641407,0.0,0.23872129619121552
5556065596433165312,0,6,2,5.0,2.99969807041303,0.6989700043360189,0.47707754373550415
5556065596433165312,0,7,2,3.0,2.150685173305622,0.47712125471966244,0.33257684111595154
5556065596433165312,0,33,2,3.0,3.544867486772853,0.47712125471966244,0.5496000051498413
5556065596433165312,0,34,2,3.0,2.2626868360618255,0.47712125471966244,0.3546244502067566
5577941548499406592,0,61,3,1.0,1.8913499967653027,0.0,0.2767719030380249
5564117521944064000,0,61,3,3.0,3.571876545834774,0.47712125471966244,0.5528964400291443
5555756118269501824,0,61,0,1.0,1.3554475925136955,0.0,0.1320827305316925
5555763746131416064,0,6,3,2.0,1.6436081594414698,0.3010299956639812,0.2157982885837555
5555763746131416064,0,7,3,4.0,1.6524896740025448,0.6020599913279624,0.21813875436782837
5555763746131416064,0,61,3,1.0,1.643952651034096,0.0,0.21588930487632751
5556052058696292480,0,61,3,6.0,4.924284267628382,0.7781512503836436,0.6923431158065796
5569314299230776576,0,61,1,2.0,1.570160906599728,0.3010299956639812,0.1959441602230072
5569479810090831104,0,7,3,2.0,1.54351964528057,0.3010299956639812,0.1885121613740921
5565685185008197888,0,61,0,1.0,1.5416500724251465,0.0,0.18798580765724182
5564101995640955008,0,61,2,5.0,2.6756506456436027,0.6989700043360189,0.4274294078350067
5555858785167602432,0,7,2,3.0,1.3601511766802055,0.47712125471966244,0.13358718156814575
5555806489645822592,0,61,1,1.0,1.2938177061993532,0.0,0.1118730902671814
5552384603301755264,0,61,0,1.0,1.4592759934144126,0.0,0.16413743793964386
5569411876591510400,0,61,2,1.0,1.5440229532258003,0.0,0.18865375220775604
5552485964529593856,0,61,0,1.0,1.74130790651688,0.0,0.24087557196617126
5552795786290547712,0,61,1,2.0,1.9997677240499243,0.3010299956639812,0.3009795546531677
5562890608704621056,0,61,4,1.0,1.3613141836507998,0.0,0.1339583694934845
5563781075684638720,0,61,0,1.0,2.6623267051516426,0.0,0.42526134848594666
5563778189466432512,0,61,4,3.0,2.2896812964966404,0.47712125471966244,0.35977503657341003
5578346443656712960,0,61,2,5.0,2.156285930231436,0.6989700043360189,0.3337063491344452
5565429312334118272,0,6,0,1.0,2.7903036783901527,0.0,0.44565147161483765
5565429312334118272,0,7,0,2.0,2.5311935147088445,0.3010299956639812,0.4033253490924835
5565429312334118272,0,61,0,2.0,3.3403265770131703,0.3010299956639812,0.5237889289855957
5578332012566717696,0,33,0,1.0,1.299496113837936,0.0,0.11377498507499695
5578332012566717824,0,34,1,2.0,1.6476895006566745,0.3010299956639812,0.2168753743171692
5565562009644657536,0,61,4,3.0,9.523946047235304,0.47712125471966244,0.9788169264793396
5565538267065698048,0,34,1,1.0,2.390283153358343,0.0,0.37844935059547424
53140397701490176,0,44,1,1.0,1.3521575924396025,0.0,0.13102731108665466
5566237212862859776,0,61,2,1.0,1.4392448989102555,0.0,0.15813469886779785
5565971096690260992,0,33,2,1.0,1.5753786968477241,0.0,0.19738496840000153
5565971096690260992,0,34,2,1.0,2.4546247807318604,0.0,0.3899851143360138
5565986386773432320,0,61,0,2.0,2.609681290262003,0.3010299956639812,0.4165874719619751
5564697243749065472,0,61,0,4.0,2.6052384566859876,0.6020599913279624,0.4158474802970886
5565916842663096320,0,33,3,2.0,0.8937700906030602,0.3010299956639812,-0.04877418279647827
5565916842663096320,0,34,3,1.0,0.8769468772040673,0.0,-0.05702671408653259
53577689793895808,0,44,2,4.0,3.5417250236982896,0.6020599913279624,0.5492148399353027
53563915834929024,0,44,1,2.0,1.2877455318407467,0.3010299956639812,0.10983005166053772
5572216254013241088,0,6,4,1.0,1.584624210412117,0.0,0.19992628693580627
5572216254013241088,0,32,4,2.0,1.7069571990565946,0.3010299956639812,0.23222263157367706
5572216254013241088,0,33,4,3.0,1.6271980464806872,0.47712125471966244,0.21144041419029236
5566867125647181568,0,32,0,1.0,1.4336604115556784,0.0,0.15644629299640656
5566867125647181568,0,33,0,1.0,1.4507724782852611,0.0,0.1615993082523346
51874997255145728,0,43,1,1.0,1.4891860914678658,0.0,0.17294897139072418
51874997255145728,0,44,1,3.0,3.0854481427694527,0.47712125471966244,0.48931825160980225
53105728725582976,0,44,0,2.0,1.7556608111700605,0.3010299956639812,0.24444061517715454
6105019621530973824,0,11,1,4.0,2.3982795254924305,0.6020599913279624,0.379899799823761
51942307982163072,0,43,3,2.0,2.478994912442707,0.3010299956639812,0.39427563548088074
6105495954881884288,0,11,2,1.0,2.009262412651688,0.0,0.3030366599559784
46922075328601216,0,44,1,1.0,1.3996595418700135,0.0,0.14602240920066833
6202888422827248256,0,11,3,3.0,6.152730099721552,0.47712125471966244,0.7890678644180298
6202888422827248256,0,38,3,4.0,8.79255155502547,0.6020599913279624,0.9441149234771729
6101758646135111936,0,11,0,3.0,1.2143842588902056,0.47712125471966244,0.08435612916946411
6101758336902846208,0,11,4,5.0,5.422989253101246,0.6989700043360189,0.7342387437820435
52798204769096960,0,43,0,3.0,3.5160435370447156,0.47712125471966244,0.5460542440414429
4843859619599388928,0,4,3,8.0,7.238057046251972,0.9030899869919435,0.8596220016479492
4843859619599388928,0,5,3,6.0,4.859662502979604,0.7781512503836436,0.6866061091423035
4843859619599388928,0,31,3,10.0,7.609834181695188,1.0,0.8813751935958862
2985096248901553920,0,32,1,3.0,1.9083763540112828,0.47712125471966244,0.28066402673721313
6078062727456392192,0,10,4,3.0,1.9084896354668985,0.47712125471966244,0.2806898057460785
6078062727456392192,0,11,4,3.0,1.8189732089350645,0.47712125471966244,0.25982630252838135
2890062263458259968,0,32,2,4.0,6.592572303787214,0.6020599913279624,0.819054901599884
2889841330340029440,0,32,1,3.0,1.45063445119938,0.47712125471966244,0.16155798733234406
2889841330340029440,0,33,1,2.0,1.4982639315777946,0.3010299956639812,0.17558832466602325
6101033170325458560,0,11,3,6.0,4.185943762085324,0.7781512503836436,0.6217933893203735
5907070763611393280,0,11,3,1.0,2.143774115295529,0.0,0.33117902278900146
5907070763611393280,0,38,3,8.0,5.780745788572878,0.9030899869919435,0.7619838714599609
6201606774526785792,0,11,2,4.0,1.810984577197117,0.6020599913279624,0.2579147517681122
6198087096066975744,0,11,0,3.0,4.260777206533646,0.47712125471966244,0.6294888257980347
6198502818841737984,0,11,1,3.0,2.1795592726160073,0.47712125471966244,0.338368684053421
6079191754098974848,0,64,1,7.0,4.287074406873378,0.8450980400142568,0.632161021232605
1704563363189801600,0,14,2,8.0,7.117549658255168,0.9030899869919435,0.8523305058479309
1704563363189801600,0,15,2,9.0,12.406210204647632,0.9542425094393249,1.0936391353607178
1704563363189801600,0,18,2,8.0,7.614382901407371,0.9030899869919435,0.8816347122192383
1704563363189801600,0,19,2,8.0,4.425483120214941,0.9030899869919435,0.6459606885910034
1704563363189801600,0,20,2,7.0,10.104213980834809,0.8450980400142568,1.004502534866333
1704563363189801600,0,21,2,5.0,2.2656180750803974,0.6989700043360189,0.35518670082092285
1704563363189801600,0,22,2,4.0,3.005009281974458,0.6020599913279624,0.47784581780433655
1704563363189801600,0,25,2,3.0,3.7443030626248337,0.47712125471966244,0.5733709931373596
1704563363189801600,0,26,2,6.0,2.87089349350156,0.7781512503836436,0.4580170810222626
1704563363189801600,0,40,2,6.0,3.1782454275691876,0.7781512503836436,0.5021874308586121
1704563363189801600,0,41,2,5.0,4.18044597440582,0.6989700043360189,0.6212226152420044
1704563363189801600,0,48,2,3.0,7.438806020837921,0.47712125471966244,0.8715032339096069
1704563363189801600,0,49,2,13.0,11.103474840970637,1.1139433523068367,1.0454589128494263
1704563363189801600,0,52,2,7.0,5.61558818045834,0.8450980400142568,0.7493952512741089
1704563363189801600,0,53,2,10.0,4.615841108810791,1.0,0.6642508506774902
1704563363189801600,0,55,2,8.0,3.248529848222486,0.9030899869919435,0.5116868615150452
1704563363189801600,0,59,2,2.0,2.763756074200767,0.3010299956639812,0.4414997100830078
1704563363189801600,0,60,2,5.0,7.542789803510176,0.6989700043360189,0.8775320053100586
6198569850392022784,0,11,2,2.0,1.363139833401022,0.3010299956639812,0.1345404088497162
6003698907782693248,0,11,0,3.0,2.2063652131440166,0.47712125471966244,0.3436774015426636
6074499794397016960,0,64,0,11.0,8.270272277421233,1.0413926851582251,0.9175198078155518
4786900244356750976,0,5,3,2.0,1.4733019459487517,0.3010299956639812,0.16829176247119904
4786900244356750976,0,31,3,5.0,1.4982867565577218,0.6989700043360189,0.17559494078159332
4786900244356750976,0,32,3,9.0,4.5379293373520975,0.9542425094393249,0.6568577289581299
4786900240059859968,0,4,0,7.0,3.8857804086635572,0.8450980400142568,0.5894782543182373
4786900240059859968,0,5,0,2.0,3.6497751623659043,0.3010299956639812,0.5622661113739014
4786900240059859968,0,31,0,2.0,3.1544829855451018,0.3010299956639812,0.4989281892776489
4786900240059859968,0,32,0,3.0,3.008698802179204,0.47712125471966244,0.4783787131309509
4810403160097500800,0,5,2,3.0,6.285822828627726,0.47712125471966244,0.798362135887146
4810403160097500800,0,6,2,3.0,1.33666738762542,0.47712125471966244,0.12602335214614868
4810403160097500800,0,31,2,1.0,2.876063089380923,0.0,0.4587984085083008
5991052393805794944,0,39,1,3.0,1.5947538929832186,0.47712125471966244,0.20269367098808289
5374878170505816832,0,36,0,4.0,2.868662462266347,0.6020599913279624,0.4576794505119324
5374878170505816832,0,37,0,3.0,1.417117434530319,0.47712125471966244,0.15140584111213684
5375025440645600000,0,10,0,10.0,4.91099779084708,1.0,0.6911697387695312
5375025440645600000,0,36,0,5.0,4.387861010568507,0.6989700043360189,0.6422528624534607
5375025440645600000,0,37,0,6.0,4.56338859539557,0.7781512503836436,0.6592874526977539
5374686516185587584,0,10,3,14.0,3.6330510594089023,1.146128035678238,0.5602715015411377
5374686516185587584,0,63,3,2.0,2.1750776378163863,0.3010299956639812,0.3374747633934021
5374686516185587584,0,64,3,6.0,4.112407710034957,0.7781512503836436,0.6140961647033691
5375536541752546560,0,63,4,1.0,1.6425654804229417,0.0,0.21552269160747528
5375536541752546560,0,64,4,1.0,1.6171281477046464,0.0,0.20874443650245667
6079698074902470272,0,10,3,5.0,3.361493628131669,0.6989700043360189,0.5265322923660278
6079698074902470272,0,11,3,4.0,2.7588332131339732,0.6020599913279624,0.4407254457473755
6079698074902470272,0,37,3,3.0,4.366116236829073,0.47712125471966244,0.6400952935218811
6079698074902470272,0,64,3,7.0,3.0629490615569503,0.8450980400142568,0.48613977432250977
5381966176513651456,0,36,0,1.0,1.5036270039322628,0.0,0.17714011669158936
6079629222288915968,0,64,3,2.0,1.4850163952894402,0.3010299956639812,0.17173124849796295
6078570392593197696,0,10,4,3.0,6.750236675446686,0.47712125471966244,0.8293190002441406
6078570392593197696,0,64,4,7.0,6.904552363477795,0.8450980400142568,0.8391355276107788
4842810376269515776,0,4,2,1.0,1.2927991235839578,0.0,0.11153104901313782
4842810376269515776,0,31,2,1.0,1.3598895787465861,0.0,0.13350364565849304
6078403541703974272,0,64,0,8.0,2.7140514026085443,0.9030899869919435,0.43361806869506836
6112762833391909760,0,11,0,1.0,2.251843931789447,0.0,0.3525382876396179
710124055862102144,0,47,4,2.0,1.4890950927186668,0.3010299956639812,0.17292243242263794
6127918089350574848,0,10,3,15.0,7.242828855436503,1.1760912590556813,0.8599082231521606
6127918089350574848,0,11,3,11.0,6.027507748265233,1.0413926851582251,0.7801377773284912
6127918089350574848,0,37,3,16.0,8.133288187470889,1.2041199826559248,0.9102661609649658
6127918089350574848,0,64,3,6.0,5.302588196303083,0.7781512503836436,0.7244879007339478
6112460673852380416,0,38,3,8.0,7.120000988005921,0.9030899869919435,0.8524800539016724
6075310478057303936,0,11,2,16.0,3.7076717165331154,1.2041199826559248,0.5691012740135193
6115448562335910656,0,11,3,6.0,2.569669327524941,0.7781512503836436,0.4098772406578064
6115448562335910656,0,38,3,3.0,2.008052738765028,0.47712125471966244,0.302775114774704
6115396507331915904,0,11,4,1.0,1.2014260454943846,0.0,0.07969704270362854
6115396507331915904,0,38,4,1.0,1.6044218584922583,0.0,0.20531857013702393
6115777934786544384,0,11,1,2.0,1.4166790202559738,0.3010299956639812,0.15127146244049072
5278760380137682816,0,4,3,4.0,1.5119462685923544,0.6020599913279624,0.1795363575220108
5278760380137682816,0,6,3,1.0,1.6848329698237892,0.0,0.22655685245990753
5278760380137682816,0,7,3,1.0,1.6311578204633264,0.0,0.21249598264694214
5278760380137682816,0,9,3,1.0,1.715183645522953,0.0,0.23431062698364258
5278760380137682816,0,28,3,2.0,3.008304275187041,0.3010299956639812,0.47832176089286804
5278760380137682816,0,29,3,1.0,2.462769473813208,0.0,0.391423761844635
5278760380137682816,0,31,3,1.0,2.149697022684653,0.0,0.33237725496292114
5278760380137682816,0,32,3,1.0,3.6600432589043725,0.0,0.5634862184524536
5278760380137682816,0,33,3,1.0,2.6564343725905264,0.0,0.42429909110069275
5278760380137682816,0,34,3,1.0,2.416129671574023,0.0,0.38312023878097534
5278760380137682816,0,35,3,1.0,1.995317275275453,0.0,0.3000119626522064
5278760380137682816,0,37,3,2.0,2.1108878278555827,0.3010299956639812,0.32446515560150146
5278760380137682816,0,38,3,1.0,2.3687765045321094,0.0,0.3745240867137909
5278760380137682816,0,62,3,1.0,2.1020100415221785,0.0,0.3226347863674164
5283645647739198464,0,8,0,10.0,2.8477486764096,1.0,0.4545016586780548
5283645647739198464,0,9,0,11.0,3.271194544182542,1.0413926851582251,0.5147063732147217
5283645647739198464,0,10,0,18.0,5.282898384906221,1.255272505103306,0.722872257232666
5283645647739198464,0,11,0,9.0,7.973276756043984,0.9542425094393249,0.9016368389129639
5283645647739198464,0,12,0,10.0,5.948952851911032,1.0,0.7744405269622803
5283645647739198464,0,13,0,11.0,5.385183621067155,1.0413926851582251,0.7312005162239075
5283645647739198464,0,28,0,1.0,2.691612792587543,0.0,0.430012583732605
5283645647739198464,0,29,0,7.0,3.759124528620416,0.8450980400142568,0.5750867128372192
5283645647739198464,0,30,0,4.0,3.2538593726432645,0.6020599913279624,0.5123987793922424
5283645647739198464,0,32,0,2.0,2.8390433771082835,0.3010299956639812,0.4531720280647278
5283645647739198464,0,33,0,3.0,3.3524619897379533,0.47712125471966244,0.5253638625144958
5283645647739198464,0,34,0,4.0,4.220634788082183,0.6020599913279624,0.6253777742385864
5283645647739198464,0,35,0,1.0,2.34558920159861,0.0,0.37025195360183716
5283645647739198464,0,37,0,1.0,2.9642038205239265,0.0,0.4719080626964569
5283645647739198464,0,38,0,2.0,3.1170665313622297,0.3010299956639812,0.4937460720539093
5283645647739198464,0,39,0,7.0,4.222265140630134,0.8450980400142568,0.6255455017089844
5283645647739198464,0,61,0,9.0,5.912708265636339,0.9542425094393249,0.7717864513397217
5283645647739198464,0,63,0,3.0,4.97624687035974,0.47712125471966244,0.6969019174575806
5283645647739198464,0,64,0,2.0,4.2625172506267965,0.3010299956639812,0.6296661496162415
5283645647739198464,0,65,0,2.0,4.59266145743628,0.3010299956639812,0.6620644330978394
5283645647739198464,0,66,0,13.0,6.526925417888294,1.1139433523068367,0.8147086501121521
5283645647739198464,0,67,0,1.0,3.2104157644716445,0.0,0.506561279296875
5280313062351780736,0,4,0,2.0,1.37084562523299,0.3010299956639812,0.1369885504245758
5280313062351780736,0,5,0,1.0,1.4010604298193443,0.0,0.14645686745643616
5280313062351780736,0,6,0,4.0,1.3809326925703003,0.6020599913279624,0.14017251133918762
5280313062351780736,0,7,0,2.0,1.2998707008015322,0.3010299956639812,0.11390015482902527
5280313062351780736,0,8,0,1.0,1.2887274112176588,0.0,0.11016106605529785
5280313062351780736,0,12,0,2.0,1.2290496278091334,0.3010299956639812,0.08956941962242126
5280313062351780736,0,13,0,2.0,1.5991009066540667,0.3010299956639812,0.20387586951255798
5278895448265103744,0,2,1,3.0,2.439007193033187,0.47712125471966244,0.3872130811214447
5278895448265103744,0,3,1,1.0,2.73463478749806,0.0,0.436899334192276
5278895448265103744,0,4,1,1.0,2.6441707133189025,0.0,0.42228949069976807
5278895448265103744,0,5,1,3.0,3.358457488760139,0.47712125471966244,0.5261398553848267
5278895448265103744,0,6,1,1.0,2.1226761157418648,0.0,0.3268837332725525
5278895448265103744,0,7,1,1.0,2.382659718682376,0.0,0.37706202268600464
5278895448265103744,0,9,1,2.0,3.1693181201390894,0.3010299956639812,0.5009658336639404
5278895448265103744,0,10,1,1.0,2.4360254708292444,0.0,0.38668182492256165
5278895448265103744,0,13,1,1.0,2.3505587845733116,0.0,0.37117111682891846
5278895448265103744,0,27,1,5.0,5.0465334301003635,0.6989700043360189,0.7029931545257568
5278895448265103744,0,30,1,2.0,1.997156182215274,0.3010299956639812,0.30041202902793884
5278895448265103744,0,31,1,3.0,3.1479550092440785,0.47712125471966244,0.4980285167694092
5278895448265103744,0,32,1,1.0,2.625101263092995,0.0,0.4191460609436035
5278895448265103744,0,33,1,1.0,2.1496893517970235,0.0,0.332375705242157
5278895448265103744,0,34,1,4.0,3.427684188060937,0.6020599913279624,0.5350008010864258
5278895448265103744,0,35,1,3.0,2.5618390539915525,0.47712125471966244,0.4085518419742584
5278895448265103744,0,36,1,6.0,3.9259679957132216,0.7781512503836436,0.5939467549324036
5278895448265103744,0,39,1,3.0,2.3500715449221707,0.47712125471966244,0.37108108401298523
5278895448265103744,0,61,1,4.0,3.8425288589254456,0.6020599913279624,0.5846171379089355
5278895448265103744,0,62,1,8.0,4.703860963006957,0.9030899869919435,0.6724544763565063
5278895448265103744,0,63,1,2.0,2.7668423536560236,0.3010299956639812,0.4419844150543213
5278895448265103744,0,64,1,5.0,2.413920726071535,0.6989700043360189,0.38272300362586975
5278895448265103744,0,65,1,3.0,2.1885821029118495,0.47712125471966244,0.34016284346580505
5280124667903854464,0,4,0,2.0,1.3306945953417373,0.3010299956639812,0.12407839298248291
5280124667903854464,0,5,0,1.0,1.3126800257388533,0.0,0.11815887689590454
5280124667903854464,0,8,0,1.0,1.4497285172491488,0.0,0.16128668189048767
5280124667903854464,0,12,0,1.0,1.4280474180123388,0.0,0.15474262833595276
5280124667903854464,0,31,0,1.0,1.669395289920012,0.0,0.22255918383598328
5280124667903854464,0,32,0,1.0,1.3402224263313798,0.0,0.12717688083648682
5280124667903854464,0,39,0,2.0,1.4041759772849194,0.3010299956639812,0.14742153882980347
5280124667903854464,0,62,0,1.0,1.3321182334365584,0.0,0.12454277276992798
5266729004207512320,0,5,3,1.0,1.3097653298989091,0.0,0.11719349026679993
3187477818011309568,0,32,1,5.0,1.4109603003534144,0.6989700043360189,0.1495147943496704
6118580864809003904,0,11,3,1.0,2.4302637355144063,0.0,0.38565340638160706
6118580864809003904,0,38,3,2.0,2.54333509610155,0.3010299956639812,0.40540358424186707
5480342161908642944,0,63,1,1.0,1.3796245422556042,0.0,0.13976091146469116
5479559378348931200,0,61,2,4.0,4.150014571268156,0.6020599913279624,0.6180496215820312
5479559378348931200,0,62,2,3.0,1.6806394987964788,0.47712125471966244,0.22547456622123718
5479559378348931200,0,63,2,3.0,3.1009134790063384,0.47712125471966244,0.4914896488189697
5479559378348931200,0,64,2,7.0,5.542792717583552,0.8450980400142568,0.7437286376953125
5479559378348931200,0,65,2,4.0,2.5016361563526743,0.6020599913279624,0.3982241451740265
5479559378348931200,0,66,2,5.0,1.7547920812722535,0.6989700043360189,0.2442256659269333
5479559378348931200,0,67,2,3.0,2.353070290673858,0.47712125471966244,0.37163490056991577
5286310069347838080,0,9,1,1.0,1.3666565798907724,0.0,0.13565939664840698
5286978645433636480,0,5,4,1.0,1.5837378955274477,0.0,0.1996833086013794
5286978645433636480,0,7,4,1.0,1.7036560037355901,0.0,0.23138190805912018
5286978645433636480,0,10,4,2.0,2.25865447524673,0.3010299956639812,0.3538497984409332
5286978645433636480,0,11,4,3.0,1.8237223948968901,0.47712125471966244,0.260958731174469
5286978645433636480,0,28,4,1.0,1.519221001745575,0.0,0.18162095546722412
5286978645433636480,0,30,4,2.0,1.4915973593773477,0.3010299956639812,0.17365160584449768
5286978645433636480,0,31,4,2.0,1.663470812653058,0.3010299956639812,0.22101518511772156
5286978645433636480,0,32,4,4.0,1.622460095497169,0.6020599913279624,0.21017402410507202
5286978645433636480,0,33,4,3.0,5.118578411806925,0.47712125471966244,0.7091493606567383
5286978645433636480,0,34,4,5.0,3.1608999911133897,0.6989700043360189,0.49981075525283813
5286978645433636480,0,36,4,1.0,1.6082800187953747,0.0,0.20636166632175446
5286978645433636480,0,37,4,1.0,1.5713247487325894,0.0,0.19626595079898834
5286978645433636480,0,39,4,1.0,1.879775805410275,0.0,0.27410605549812317
5286978645433636480,0,61,4,1.0,1.6366057119805453,0.0,0.21394406259059906
5286978645433636480,0,63,4,1.0,1.788224107155552,0.0,0.25242194533348083
5286978645433636480,0,66,4,2.0,1.6272363470687778,0.3010299956639812,0.21145063638687134
5286760525517037568,0,27,1,1.0,1.7686543400419548,0.0,0.24764296412467957
5286760525517037568,0,28,1,2.0,1.706008723917126,0.3010299956639812,0.23198124766349792
5286760525517037568,0,29,1,5.0,1.9975259763132567,0.6989700043360189,0.30049243569374084
5286760525517037568,0,30,1,11.0,3.1099743975105816,1.0413926851582251,0.49275681376457214
5286760525517037568,0,31,1,5.0,2.6745088381006368,0.6989700043360189,0.42724403738975525
5286760525517037568,0,32,1,6.0,2.405600964298778,0.7781512503836436,0.3812235891819
5286760525517037568,0,33,1,9.0,4.140979684011571,0.9542425094393249,0.617103099822998
5286760525517037568,0,34,1,5.0,3.7692165518060445,0.6989700043360189,0.5762510895729065
5286760525517037568,0,36,1,4.0,3.0507456059096327,0.6020599913279624,0.4844059944152832
5286760525517037568,0,37,1,2.0,4.341493597794565,0.3010299956639812,0.6376391649246216
5286760525517037568,0,38,1,3.0,3.1591404855137886,0.47712125471966244,0.4995689392089844
5286760525517037568,0,61,1,8.0,7.838133626598358,0.9030899869919435,0.8942126631736755
5286760525517037568,0,62,1,3.0,5.012683243276446,0.47712125471966244,0.7000702619552612
5286760525517037568,0,63,1,5.0,4.1008761523984605,0.6989700043360189,0.6128766536712646
5286760525517037568,0,64,1,7.0,3.6678435746547113,0.8450980400142568,0.5644108057022095
5286760525517037568,0,66,1,2.0,2.6053364286922855,0.3010299956639812,0.4158638119697571
5286760525517037568,0,67,1,3.0,2.993459186647806,0.47712125471966244,0.4761733412742615
5479300237202287616,0,61,1,5.0,5.880160122865824,0.6989700043360189,0.7693891525268555
5479300237202287616,0,62,1,1.0,1.6824141449508794,0.0,0.22593291103839874
5479300237202287616,0,63,1,5.0,2.448168978804106,0.6989700043360189,0.3888413906097412
5479300237202287616,0,64,1,1.0,2.142454936668499,0.0,0.33091169595718384
5479300237202287616,0,65,1,2.0,1.3086593839047231,0.3010299956639812,0.1168266236782074
5479300237202287616,0,66,1,2.0,2.3396675693695124,0.3010299956639812,0.369154155254364
5479300237202287616,0,67,1,4.0,4.152546502540545,0.6020599913279624,0.6183145046234131
6084455730432295552,0,11,1,4.0,2.8830059779724095,0.6020599913279624,0.45984554290771484
6084455730432295552,0,64,1,6.0,5.095114127167761,0.7781512503836436,0.7071539163589478
2326464319728427264,0,29,0,1.0,2.1293521353215925,0.0,0.3282474875450134
6073936913158509568,0,11,2,13.0,2.2481536115708174,1.1139433523068367,0.3518259823322296
6073936913158509568,0,37,2,4.0,2.3346253668778454,0.6020599913279624,0.36821720004081726
6073936913158509568,0,38,2,7.0,4.886842280504367,0.8450980400142568,0.6890283226966858
2988451335618073856,0,5,4,4.0,1.6951623601324173,0.6020599913279624,0.22921130061149597
2988451335618073856,0,32,4,6.0,2.1438684154493357,0.7781512503836436,0.331198126077652
6081288488414884480,0,11,3,1.0,1.4983782141881243,0.0,0.17562144994735718
5557138307464889984,0,61,2,1.0,1.5011733169715913,0.0,0.1764308363199234
5552639964877361152,0,61,3,5.0,3.756988710186441,0.6989700043360189,0.5748398900032043
5558925937275832448,0,61,3,3.0,2.0702448389501695,0.47712125471966244,0.31602171063423157
5558952978389910912,0,6,1,2.0,1.5232913565455066,0.3010299956639812,0.18278297781944275
5558952978389910912,0,7,1,1.0,1.5209268008842867,0.0,0.1821083128452301
5557819832876088576,0,61,2,2.0,1.4433465915774684,0.3010299956639812,0.15937063097953796
5558581072879333632,0,61,1,1.0,2.1342815328209017,0.0,0.3292517066001892
5557751388277155328,0,61,1,1.0,1.4331533461914576,0.0,0.15629266202449799
5557462766474663040,0,61,3,2.0,1.5750393338624566,0.3010299956639812,0.19729140400886536
6085726357858581120,0,64,0,2.0,1.503358443952969,0.3010299956639812,0.17706254124641418
5558891719273931008,0,61,0,1.0,1.7888707946423874,0.0,0.2525789737701416
5563244067333324160,0,61,1,2.0,1.8433741640252668,0.3010299956639812,0.26561349630355835
5563243517577528192,0,61,0,2.0,1.5313371293258347,0.3010299956639812,0.18507081270217896
5558894949089347968,0,61,4,1.0,2.3460022611220857,0.0,0.370328426361084
5562454824142916608,0,61,3,3.0,2.2590601316307715,0.47712125471966244,0.3539277911186218
4871160115360229120,0,4,2,6.0,3.098080383583772,0.7781512503836436,0.4910926818847656
4871160115360229120,0,5,2,5.0,5.756058774503385,0.6989700043360189,0.7601252198219299
4871160115360229120,0,31,2,10.0,7.8437391744325655,1.0,0.8945231437683105
4871160115360229120,0,32,2,8.0,6.500721765152386,0.9030899869919435,0.8129615783691406
4871160149719966976,0,4,4,4.0,4.6433482295779935,0.6020599913279624,0.6668312549591064
4871160149719966976,0,5,4,5.0,7.579956024503223,0.6989700043360189,0.8796666860580444
4871160149719966976,0,31,4,10.0,7.731312217788401,1.0,0.8882532119750977
4871160149719966976,0,32,4,11.0,4.246938939012194,1.0413926851582251,0.6280760169029236
4871041608622321664,0,31,2,2.0,1.8210419406269869,0.3010299956639812,0.26031994819641113
4871041608622321664,0,32,2,5.0,3.6033824783561252,0.6989700043360189,0.5567103624343872
4871187053395116032,0,4,2,15.0,14.465315532730278,1.1760912590556813,1.1603279113769531
4871187053395116032,0,5,2,7.0,10.052176116303041,0.8450980400142568,1.0022600889205933
4871187053395116032,0,31,2,8.0,17.935106167267826,0.9030899869919435,1.2537039518356323
4871187053395116032,0,32,2,11.0,16.89215176680783,1.0413926851582251,1.2276849746704102
4872803576007316480,0,5,4,21.0,6.859933779772303,1.3222192947339193,0.8363199234008789
4872803576007316480,0,31,4,13.0,9.968707847432905,1.1139433523068367,0.9986388683319092
4872803576007316480,0,32,4,16.0,12.48942252754972,1.2041199826559248,1.0965423583984375
4867591989673394944,0,4,3,10.0,5.334038495750744,1.0,0.7270561456680298
4867591989673394944,0,5,3,12.0,4.349828554115629,1.0791812460476249,0.6384721398353577
4867591989673394944,0,31,3,5.0,9.683920196079232,0.6989700043360189,0.9860512018203735
4867591989673394944,0,32,3,4.0,2.8814403117822405,0.6020599913279624,0.45960962772369385
4877824564574114304,0,5,1,1.0,1.271719255229081,0.0,0.10439124703407288
4867855155206070784,0,32,2,4.0,3.677980777378676,0.6020599913279624,0.5656094551086426
6002978452796712704,0,12,3,2.0,2.4329772710006003,0.3010299956639812,0.38613805174827576
172109926647364608,0,43,0,1.0,2.262947395739425,0.0,0.35467445850372314
172109926647364608,0,44,0,3.0,2.3051499465055145,0.47712125471966244,0.3626991808414459
2895726874349631232,0,7,2,1.0,1.2570347780897815,0.0,0.09934729337692261
2895507384340007936,0,6,1,5.0,5.959118322629561,0.6989700043360189,0.7751820087432861
2895507384340007936,0,7,1,10.0,6.552371330096684,1.0,0.8163985013961792
2895507384340007936,0,33,1,10.0,4.176968236156522,1.0,0.6208611726760864
6002930898917300096,0,12,2,18.0,7.260669960633289,1.255272505103306,0.8609766960144043
6002929902484820992,0,12,1,5.0,2.244749828512045,0.6989700043360189,0.3511679470539093
47508699141782656,0,43,2,1.0,1.2512823998322242,0.0,0.09735533595085144
5560787002444155776,0,7,4,1.0,1.4329793328050415,0.0,0.15623992681503296
5560787002444155776,0,8,4,1.0,1.2743051127448537,0.0,0.10527342557907104
5560787002444155776,0,34,4,2.0,1.552137432477187,0.3010299956639812,0.19093017280101776
145260574251299200,0,43,0,3.0,3.279884353090434,0.47712125471966244,0.51585853099823
145260574251299200,0,44,0,1.0,1.2371861853100752,0.0,0.09243506193161011
6009015699344451200,0,12,0,6.0,3.4459931909639545,0.7781512503836436,0.5373144149780273
145257580657289088,0,43,1,1.0,1.2963712780699692,0.0,0.11272940039634705
5586843022846201856,0,8,4,1.0,1.2496471213333902,0.0,0.09678739309310913
5538682214525847808,0,35,4,1.0,1.8623704943817,0.0,0.2700660824775696
5538708156129113856,0,8,4,1.0,1.5745457423333267,0.0,0.19715528190135956
5538708156129113856,0,34,4,7.0,6.129434268021788,0.8450980400142568,0.787420392036438
5955394544512544512,0,12,1,3.0,2.4742502011524072,0.47712125471966244,0.39344361424446106
5587582508831567488,0,7,0,3.0,3.7052752587658024,0.47712125471966244,0.5688204765319824
5587582508831567488,0,8,0,2.0,1.8225521344794076,0.3010299956639812,0.2606799602508545
5586861748901598592,0,34,0,4.0,2.44193709808737,0.6020599913279624,0.38773447275161743
5538720319477064704,0,8,2,3.0,2.528356036503538,0.47712125471966244,0.40283823013305664
5538694068636369280,0,8,1,1.0,3.243124037517526,0.0,0.5109635591506958
5536809162106730112,0,35,0,2.0,2.249463622186901,0.3010299956639812,0.35207897424697876
5045955869739712128,0,3,4,9.0,10.191135593994,0.9542425094393249,1.0082225799560547
5045955869739712128,0,4,4,12.0,12.71919202864407,1.0791812460476249,1.104459524154663
5045955869739712128,0,30,4,8.0,8.35988651116016,0.9030899869919435,0.9222003817558289
5045955869739712128,0,31,4,10.0,9.314260872934366,1.0,0.9691483974456787
5047709900023081088,0,31,2,1.0,1.2244556995220752,0.0,0.08794307708740234
5538425822158520576,0,7,0,2.0,1.7589427337770762,0.3010299956639812,0.24525170028209686
5538425822158520576,0,34,0,1.0,2.1580655532886857,0.0,0.33406463265419006
2429059676701547008,0,29,4,1.0,1.3283978961743352,0.0,0.12332817912101746
6013035857441615616,0,12,3,9.0,4.529534199664299,0.9542425094393249,0.6560535430908203
5265670762922792960,0,1,0,3.0,1.4672748081416827,0.47712125471966244,0.16651146113872528
5265670762922792960,0,2,0,1.0,1.4976151587339082,0.0,0.17540022730827332
5265670762922792960,0,4,0,1.0,1.4305904223022372,0.0,0.15551531314849854
5265670762922792960,0,6,0,1.0,1.546538294397168,0.0,0.18936067819595337
5265670762922792960,0,12,0,1.0,1.6489925633862275,0.0,0.21721869707107544
5265670762922792960,0,27,0,1.0,1.701245178325482,0.0,0.2307669073343277
5265670762922792960,0,66,0,1.0,1.3960297054135864,0.0,0.14489465951919556
5266642318884581632,0,1,0,5.0,4.105607725419369,0.6989700043360189,0.6133774518966675
5266642318884581632,0,2,0,4.0,3.00644258322196,0.6020599913279624,0.47805291414260864
5266642318884581632,0,3,0,1.0,2.3356009142476144,0.0,0.36839863657951355
5266642318884581632,0,4,0,3.0,1.7444147965006163,0.47712125471966244,0.24164976179599762
5266642318884581632,0,5,0,3.0,3.796965055325918,0.47712125471966244,0.5794366002082825
5266642318884581632,0,6,0,2.0,3.8335019906491676,0.3010299956639812,0.5835956931114197
5266642318884581632,0,7,0,1.0,2.6918111729439356,0.0,0.43004459142684937
5266642318884581632,0,8,0,6.0,4.656005804761718,0.7781512503836436,0.6680135130882263
5266642318884581632,0,9,0,4.0,4.983469668937209,0.6020599913279624,0.6975318193435669
5266642318884581632,0,10,0,6.0,3.7823665753743123,0.7781512503836436,0.5777636170387268
5266642318884581632,0,12,0,1.0,2.4172842509641645,0.0,0.3833277225494385
5266642318884581632,0,13,0,5.0,6.118529825178457,0.6989700043360189,0.7866470813751221
5266642318884581632,0,27,0,1.0,3.2982498090807324,0.0,0.5182835459709167
5266642318884581632,0,29,0,3.0,3.001604608133345,0.47712125471966244,0.4773534834384918
5266642318884581632,0,30,0,2.0,7.642296643457952,0.3010299956639812,0.8832238912582397
5266642318884581632,0,31,0,2.0,3.2546097054279906,0.3010299956639812,0.5124989151954651
5266642318884581632,0,34,0,1.0,2.8492330773230057,0.0,0.45472797751426697
5266642318884581632,0,36,0,4.0,3.6075717329080783,0.6020599913279624,0.5572149753570557
5266642318884581632,0,37,0,1.0,2.9472876155545693,0.0,0.46942251920700073
5266642318884581632,0,39,0,3.0,3.3967320706419404,0.47712125471966244,0.5310612916946411
5266642318884581632,0,61,0,5.0,6.121269657909739,0.6989700043360189,0.7868415117263794
5266642318884581632,0,63,0,5.0,5.351402086716413,0.6989700043360189,0.728467583656311
5266642318884581632,0,64,0,6.0,3.564234338371099,0.7781512503836436,0.5519662499427795
5266642318884581632,0,65,0,1.0,2.9074275674138375,0.0,0.4635089039802551
5266642318884581632,0,66,0,1.0,1.9852358271698973,0.0,0.2978121042251587
5266642318884581632,0,67,0,2.0,2.149653800540606,0.3010299956639812,0.33236852288246155
5280784679820094848,0,3,0,3.0,7.083081353404025,0.47712125471966244,0.8502222299575806
5280784679820094848,0,4,0,2.0,1.7848500091920398,0.3010299956639812,0.2516017258167267
5280784679820094848,0,5,0,3.0,2.6432335123853856,0.47712125471966244,0.42213553190231323
5280784679820094848,0,7,0,1.0,1.8448370463625208,0.0,0.2659580111503601
5280784679820094848,0,8,0,5.0,6.4792234929221015,0.6989700043360189,0.8115229606628418
5280784679820094848,0,9,0,3.0,1.370212581604204,0.47712125471966244,0.13678795099258423
5280784679820094848,0,11,0,3.0,1.3214462217312095,0.47712125471966244,0.12104949355125427
5280784679820094848,0,12,0,4.0,1.6147676839412755,0.6020599913279624,0.208110049366951
5280784679820094848,0,13,0,4.0,7.722964949656691,0.6020599913279624,0.8877840638160706
5280784679820094848,0,61,0,2.0,1.5246684021641486,0.3010299956639812,0.18317539989948273
5280784679820094848,0,63,0,1.0,2.222111190171295,0.0,0.34676578640937805
5280784679820094848,0,64,0,2.0,2.524221748989492,0.3010299956639812,0.4021275043487549
5280784679820094848,0,65,0,2.0,1.6896984498614702,0.3010299956639812,0.22780920565128326
5280784679820094848,0,66,0,1.0,1.5231660802350555,0.0,0.1827472597360611
5280784679820094848,0,67,0,3.0,1.4749920171819608,0.47712125471966244,0.16878966987133026
5280499395210041472,0,1,3,2.0,1.7935635397459566,0.3010299956639812,0.25371676683425903
5280499395210041472,0,3,3,1.0,1.8003393528491338,0.0,0.2553543746471405
5280499395210041472,0,5,3,1.0,1.2144799300240394,0.0,0.08439034223556519
5280499395210041472,0,8,3,1.0,1.4614631143049113,0.0,0.16478785872459412
5280499395210041472,0,9,3,1.0,1.4010037059452287,0.0,0.14643928408622742
5280499395210041472,0,13,3,2.0,2.401227404554733,0.3010299956639812,0.3804332911968231
5280499395210041472,0,29,3,1.0,1.629081872592516,0.0,0.2119429111480713
5280499395210041472,0,30,3,1.0,1.7869134078788889,0.0,0.2521035075187683
5280499395210041472,0,31,3,1.0,1.5988612653043823,0.0,0.20381078124046326
5280499395210041472,0,32,3,1.0,1.8783864012936067,0.0,0.27378493547439575
5280499395210041472,0,35,3,3.0,2.13013680468325,0.47712125471966244,0.32840749621391296
5280499395210041472,0,36,3,1.0,1.468445822293779,0.0,0.16685792803764343
5280499395210041472,0,37,3,1.0,1.3296705217363882,0.0,0.12374404072761536
5280499395210041472,0,38,3,3.0,2.2098647079478395,0.47712125471966244,0.3443656861782074
5280499395210041472,0,39,3,2.0,1.5316658673691483,0.3010299956639812,0.18516403436660767
5280499395210041472,0,61,3,2.0,2.9011110228734616,0.3010299956639812,0.4625643491744995
5280499395210041472,0,62,3,1.0,1.5624765845889406,0.0,0.1938135176897049
5280499395210041472,0,63,3,3.0,2.33195783410057,0.47712125471966244,0.36772069334983826
5280499395210041472,0,67,3,2.0,1.8226874629399004,0.3010299956639812,0.260712206363678
138475453636454272,0,58,1,1.0,1.8515084682112166,0.0,0.26752570271492004
235786905619492096,0,18,0,3.0,4.0163349113304605,0.47712125471966244,0.6038299202919006
5094664333632217088,0,31,1,5.0,4.071660973170236,0.6989700043360189,0.6097716093063354
6140121843780100096,0,10,3,3.0,3.574252458181632,0.47712125471966244,0.553185224533081
6140121843780100096,0,37,3,4.0,2.652151259736527,0.6020599913279624,0.4235982894897461
4896131604975984000,0,5,4,11.0,3.746151452762096,1.0413926851582251,0.5735853314399719
4896131604975984000,0,31,4,6.0,3.418373839736608,0.7781512503836436,0.5338195562362671
4896131604975984000,0,32,4,6.0,3.9725193293343506,0.7781512503836436,0.5990660190582275
4891725758804028672,0,5,1,2.0,1.6207248337101088,0.3010299956639812,0.2097092866897583
4891725758804028672,0,32,1,5.0,1.6021374405321966,0.6989700043360189,0.20469976961612701
4891725758804030208,0,5,4,2.0,1.4941989807400466,0.3010299956639812,0.1744084358215332
4891725758804030208,0,32,4,9.0,9.724721889969898,0.9542425094393249,0.9878771901130676
4658386881465454464,0,4,1,1.0,1.5490311584870542,0.0,0.19006015360355377
4658386881465454464,0,8,1,1.0,1.496517259214887,0.0,0.17508172988891602
4658386881465454464,0,9,1,2.0,1.8521655858028,0.3010299956639812,0.2676798105239868
4658386881465454464,0,12,1,3.0,1.7858123541298958,0.47712125471966244,0.25183582305908203
4658386881465454464,0,13,1,1.0,1.700642596756159,0.0,0.23061305284500122
4658386881465454464,0,27,1,1.0,1.8014190767260034,0.0,0.2556147575378418
4658386881465454464,0,29,1,1.0,1.5889067037525133,0.0,0.20109839737415314
4658386881465454464,0,37,1,1.0,1.5809341030932507,0.0,0.19891376793384552
4658386881465454464,0,38,1,1.0,1.6268958607775579,0.0,0.21135975420475006
4658386881465454464,0,61,1,1.0,1.6957006281875195,0.0,0.22934918105602264
4658386881465454464,0,63,1,1.0,2.0838461736455383,0.0,0.31886565685272217
4658386881465454464,0,64,1,1.0,1.8091220458311856,0.0,0.2574678659439087
6009975332460963840,0,12,4,2.0,3.1361522466202736,0.3010299956639812,0.49639713764190674
6009975332460963840,0,38,4,10.0,8.650611851519669,1.0,0.9370468258857727
6110461521194069120,0,11,1,1.0,1.4967361173687364,0.0,0.1751452386379242
4660457919032600704,0,4,1,1.0,1.347834922931159,0.0,0.1296367049217224
4660457919032600704,0,5,1,1.0,1.3297925221120905,0.0,0.1237838864326477
4660457919032600704,0,6,1,1.0,1.448497380790209,0.0,0.1609177142381668
4660457919032600704,0,7,1,1.0,2.1667329425885336,0.0,0.33580538630485535
4660457919032600704,0,10,1,1.0,1.3697840724035661,0.0,0.1366521120071411
4660457919032600704,0,11,1,3.0,1.4685613576395686,0.47712125471966244,0.16689209640026093
4660457919032600704,0,13,1,1.0,1.6493863429600581,0.0,0.21732239425182343
4660457919032600704,0,28,1,3.0,1.4337129480759778,0.47712125471966244,0.15646220743656158
4660457919032600704,0,29,1,1.0,1.5029200091481234,0.0,0.17693586647510529
4660457919032600704,0,32,1,1.0,3.0306226063463013,0.0,0.48153185844421387
4660457919032600704,0,33,1,1.0,2.4188360568005014,0.0,0.3836064338684082
4660457919032600704,0,34,1,1.0,1.9680758953904407,0.0,0.29404184222221375
4660457919032600704,0,38,1,1.0,1.394664664307498,0.0,0.14446979761123657
4660457919032600704,0,39,1,4.0,1.888808361893433,0.6020599913279624,0.2761878967285156
6111042819247380864,0,11,2,3.0,1.4688191153385752,0.47712125471966244,0.16696831583976746
4651792839690242432,0,1,0,1.0,2.117494077703772,0.0,0.32582220435142517
4651792839690242432,0,2,0,2.0,1.5392139765276132,0.3010299956639812,0.1872989982366562
4651792839690242432,0,3,0,2.0,2.101785175691292,0.3010299956639812,0.32258832454681396
4651792839690242432,0,5,0,1.0,2.0839592885216853,0.0,0.31888923048973083
4651792839690242432,0,6,0,2.0,4.347879217761437,0.3010299956639812,0.6382774710655212
4651792839690242432,0,7,0,3.0,1.691189079061537,0.47712125471966244,0.22819216549396515
4651792839690242432,0,8,0,1.0,1.7086725722859397,0.0,0.23265884816646576
4651792839690242432,0,9,0,1.0,1.942957204275001,0.0,0.2884632349014282
4651792839690242432,0,10,0,1.0,2.1705504045238233,0.0,0.3365698754787445
4651792839690242432,0,12,0,1.0,1.5518841158577015,0.0,0.19085928797721863
4651792839690242432,0,30,0,2.0,2.163134897930753,0.3010299956639812,0.33508360385894775
4651792839690242432,0,31,0,3.0,1.9278885455644923,0.47712125471966244,0.2850819230079651
4651792839690242432,0,33,0,1.0,1.6793637471327232,0.0,0.22514477372169495
4651792839690242432,0,35,0,1.0,1.7101920279760112,0.0,0.23304487764835358
4651792839690242432,0,37,0,2.0,1.7865929020466245,0.3010299956639812,0.2520256042480469
4651792839690242432,0,39,0,1.0,1.8034579433397027,0.0,0.25610601902008057
6117102949382766976,0,38,4,8.0,4.958256054663216,0.9030899869919435,0.695328950881958
6117091335791141632,0,11,3,3.0,1.8558816459381868,0.47712125471966244,0.2685502767562866
6053614296155611648,0,11,2,1.0,1.351459633645614,0.0,0.13080307841300964
5861105924894081280,0,11,1,7.0,3.4021758596558045,0.8450980400142568,0.5317567586898804
5861105924894081280,0,64,1,2.0,3.890214684975488,0.3010299956639812,0.5899735689163208
6007977176247794816,0,12,4,2.0,1.683484949732866,0.3010299956639812,0.22620923817157745
6007977176247794816,0,38,4,4.0,1.7148738282854465,0.6020599913279624,0.23423217236995697
6117656381689358080,0,11,0,4.0,3.603491774544174,0.6020599913279624,0.5567235350608826
6116685787798275968,0,38,2,1.0,1.5735881785171915,0.0,0.19689108431339264
5525256593428618240,0,62,2,1.0,1.3861000913390191,0.0,0.1417945921421051
2326864473241905152,0,29,2,1.0,1.3778686221200134,0.0,0.13920781016349792
2082241759050306944,0,56,0,1.0,1.617505493761036,0.0,0.20884576439857483
2082759521646392832,0,56,1,4.0,5.177118931266218,0.6020599913279624,0.7140881419181824
142796499973911808,0,58,0,2.0,4.77421497185187,0.3010299956639812,0.6789019703865051
142081302019408896,0,58,3,1.0,1.5731269411661755,0.0,0.1967637687921524
139037368500882688,0,58,3,1.0,1.27666465988924,0.0,0.10607683658599854
230530071809812480,0,59,2,3.0,6.263518659929525,0.47712125471966244,0.7968183755874634
188874420957475968,0,59,3,4.0,3.5386892774849823,0.6020599913279624,0.5488424301147461
2083488948836309504,0,56,1,7.0,8.423478121877299,0.8450980400142568,0.925491452217102
2071438919870108672,0,56,1,5.0,2.1756917760742307,0.6989700043360189,0.3375973701477051
2983526111937415040,0,5,4,10.0,4.838903052094096,1.0,0.6847469210624695
2983526111937415040,0,32,4,12.0,11.134187124862624,1.0791812460476249,1.0466585159301758
2983526215016630912,0,5,1,7.0,4.6892870163633775,0.8450980400142568,0.6711068153381348
2983526215016630912,0,32,1,8.0,7.817634231146332,0.9030899869919435,0.8930753469467163
5885609533590397568,0,12,1,1.0,2.0878191653343032,0.0,0.3196928799152374
5893392327911628928,0,11,4,3.0,15.652566650983166,0.47712125471966244,1.1945855617523193
5893392327911628928,0,38,4,6.0,16.593383109655132,0.7781512503836436,1.2199349403381348
5885736875087999488,0,12,2,4.0,2.6122455787312915,0.6020599913279624,0.4170140027999878
5885736875087999488,0,39,2,5.0,5.666447367533077,0.6989700043360189,0.7533108592033386
6027119982956696704,0,39,2,1.0,2.679351281847238,0.0,0.4280296564102173
6422068442263108864,0,66,4,3.0,2.8967401077880806,0.47712125471966244,0.46190953254699707
6422068442263108864,0,67,4,6.0,3.545496605854369,0.7781512503836436,0.5496770739555359
434698385971110400,0,58,4,1.0,1.5548303495602287,0.0,0.19168300926685333
435096924580530176,0,58,2,2.0,4.00467590449562,0.3010299956639812,0.6025673747062683
434759065273696256,0,58,0,3.0,2.5054794957394235,0.47712125471966244,0.3988908529281616
3416029971479737984,0,43,0,4.0,2.806913984683714,0.6020599913279624,0.4482291042804718
3416029971479737984,0,44,0,2.0,2.7349074669404065,0.3010299956639812,0.4369426369667053
5630731369497024000,0,9,3,1.0,1.2169114031929666,0.0,0.08525896072387695
1599483685462706688,0,23,1,4.0,1.2941853277145832,0.6020599913279624,0.11199647188186646
1599483685462706688,0,50,1,2.0,1.5686721019890542,0.3010299956639812,0.1955321729183197
3416152085989711232,0,43,1,2.0,1.6969322541663712,0.3010299956639812,0.22966450452804565
3416152085989711232,0,44,1,1.0,1.426947003944992,0.0,0.15440784394741058
234871974505484288,0,58,3,1.0,8.610553240606217,0.0,0.9350310564041138
2070182624751742592,0,56,3,4.0,3.895928527757288,0.6020599913279624,0.5906109809875488
4723899224517492992,0,2,2,8.0,3.052748900048342,0.9030899869919435,0.4846910834312439
4723899224517492992,0,3,2,1.0,2.153449742486338,0.0,0.3331347405910492
4723899224517492992,0,4,2,4.0,1.6743776727102115,0.6020599913279624,0.22385342419147491
4812387026967964160,0,4,0,4.0,1.7471087609989997,0.6020599913279624,0.24231994152069092
4812387026967964160,0,31,0,3.0,2.1733333504985803,0.47712125471966244,0.33712634444236755
4812786596365701248,0,5,1,4.0,3.0278603798720103,0.6020599913279624,0.48113584518432617
4812786596365701248,0,6,1,7.0,5.061813335520684,0.8450980400142568,0.7043061256408691
4812786596365701248,0,31,1,5.0,2.5325570522205227,0.6989700043360189,0.40355923771858215
4812786596365701248,0,32,1,2.0,3.0101187841904915,0.3010299956639812,0.4785836338996887
4814443246854579072,0,4,3,1.0,2.9776383300364135,0.0,0.47387194633483887
4814443246854579072,0,5,3,4.0,4.7603644105608325,0.6020599913279624,0.6776401996612549
4735002470891376512,0,2,0,3.0,2.123661026683251,0.47712125471966244,0.3270851969718933
4735002470891376512,0,3,0,1.0,3.08006408507059,0.0,0.488559752702713
4735002470891376512,0,4,0,3.0,3.622477839073445,0.47712125471966244,0.5590057373046875
4735002470891376512,0,29,0,1.0,1.7038644066582602,0.0,0.23143503069877625
4735002470891376512,0,30,0,2.0,1.7143416499865018,0.3010299956639812,0.23409737646579742
4736393250021662976,0,3,3,6.0,7.360215829005062,0.7781512503836436,0.866890549659729
4736393250021662976,0,4,3,2.0,4.086869492813868,0.3010299956639812,0.6113907694816589
4736393250021662976,0,30,3,5.0,3.34078871885935,0.6989700043360189,0.5238490104675293
4736393250021662976,0,31,3,3.0,3.9155293565897455,0.47712125471966244,0.5927904844284058
224610095047453184,0,58,1,4.0,4.793211921228848,0.6020599913279624,0.680626630783081
2884080885842578176,0,5,0,25.0,9.088324290718381,1.3979400086720377,0.9584838151931763
2884080885842578176,0,6,0,6.0,3.074284343521865,0.7781512503836436,0.4877440333366394
2884080885842578176,0,32,0,1.0,3.2521570269900804,0.0,0.5121715068817139
2884080885842578176,0,33,0,7.0,4.594326430981466,0.8450980400142568,0.6622218489646912
2886635051355088640,0,32,2,2.0,2.966643515221294,0.3010299956639812,0.472265362739563
2886635051355088640,0,33,2,6.0,3.656425819305668,0.7781512503836436,0.5630567669868469
2882707247924774784,0,5,4,1.0,1.5061775136424713,0.0,0.17787615954875946
2895915341810614400,0,6,1,1.0,1.4985944650550866,0.0,0.1756841242313385
2886477992990104704,0,6,4,1.0,1.5731025982416877,0.0,0.19675704836845398
354143766071577728,0,58,4,7.0,2.4213346101689965,0.8450980400142568,0.3840548098087311
3403472651040492672,0,43,0,2.0,3.9598737840010405,0.3010299956639812,0.5976813435554504
3403472651040492672,0,44,0,6.0,4.394295530288302,0.7781512503836436,0.6428892612457275
3403472651040492672,0,45,0,5.0,4.536583028255144,0.6989700043360189,0.6567288637161255
3403472655338006912,0,43,4,5.0,4.606514021482228,0.6989700043360189,0.6633723974227905
3403472655338006912,0,44,4,3.0,7.025691971510213,0.47712125471966244,0.8466891050338745
3403472655338006912,0,45,4,2.0,2.977935648868477,0.3010299956639812,0.47391530871391296
685209805274547840,0,44,0,2.0,1.4077793678202566,0.3010299956639812,0.1485345959663391
685209805274547840,0,45,0,2.0,1.5254362391901601,0.3010299956639812,0.18339405953884125
685209805274547840,0,46,0,1.0,1.7272898301684587,0.0,0.2373652160167694
6032006281320648832,0,12,2,9.0,5.289790853694156,0.9542425094393249,0.7234385013580322
6032006281320648832,0,39,2,7.0,2.954365543832101,0.8450980400142568,0.47046422958374023
6032011675805796992,0,12,0,2.0,1.928916232495954,0.3010299956639812,0.28531336784362793
6032011675805796992,0,39,0,5.0,2.9027353824119597,0.6989700043360189,0.46280744671821594
4733231157659118464,0,3,4,4.0,4.4090260105388515,0.6020599913279624,0.6443426609039307
4733231157659118464,0,4,4,2.0,3.1813688271920086,0.3010299956639812,0.5026140213012695
4733231157659118464,0,30,4,1.0,4.934866990938214,0.0,0.6932754516601562
4733231157659118464,0,31,4,4.0,4.480867697711763,0.6020599913279624,0.6513621211051941
6064353054428529152,0,65,1,59.0,23.567098038750192,1.7708520116421442,1.3723061084747314
5872688764458062080,0,38,3,3.0,5.590502275139214,0.47712125471966244,0.7474508285522461
5872591904353080576,0,11,1,10.0,5.761451393546047,1.0,0.7605319023132324
5872591904353080576,0,38,1,6.0,6.421815704388569,0.7781512503836436,0.8076578378677368
6126844862925599232,0,64,4,5.0,2.774255954252469,0.6989700043360189,0.4431465268135071
6023434969702417024,0,12,0,3.0,1.4145347011704537,0.47712125471966244,0.15061360597610474
6023434969702417024,0,39,0,3.0,1.6007428227105711,0.47712125471966244,0.20432156324386597
6127521165654898176,0,64,3,2.0,2.199609392870195,0.3010299956639812,0.34234556555747986
6037784008760031872,0,12,3,3.0,2.770586029667106,0.47712125471966244,0.44257164001464844
6037784004457590528,0,12,2,3.0,4.475501561109926,0.47712125471966244,0.6508417129516602
6025381517607402240,0,12,1,2.0,5.266947484061477,0.3010299956639812,0.7215589880943298
6031756692179764864,0,39,2,3.0,1.4370701216380475,0.47712125471966244,0.1574779599905014
6030732668910742400,0,12,3,2.0,1.3131660030518506,0.3010299956639812,0.11831963062286377
6021156025722769920,0,39,0,3.0,1.5535867165640898,0.47712125471966244,0.1913354992866516
5938777453485732736,0,12,4,1.0,3.454951032505307,0.0,0.5384418964385986
5938777453485732736,0,39,4,6.0,4.7536437276197345,0.7781512503836436,0.677026629447937
2543590790741654656,0,42,4,3.0,2.626057083501671,0.47712125471966244,0.41930416226387024
2543590790741654656,0,43,4,4.0,5.381680004722599,0.6020599913279624,0.7309178709983826
2528384544928958720,0,30,3,6.0,1.3211820949925306,0.7781512503836436,0.12096267938613892
2528384544928958720,0,42,3,6.0,2.5029181597754255,0.7781512503836436,0.398446649312973
2528384544928958720,0,43,3,4.0,1.22876804775911,0.6020599913279624,0.08946990966796875
3228103402564766976,0,5,4,1.0,1.4205619821709596,0.0,0.15246018767356873
5932926672897227648,0,12,0,6.0,5.24924623927047,0.7781512503836436,0.7200969457626343
5932926672897227648,0,39,0,4.0,5.2908000845506,0.6020599913279624,0.72352135181427
5983063479721274880,0,12,2,1.0,2.5809152350059676,0.0,0.4117737412452698
4808382502540424832,0,5,0,7.0,2.7244447081748184,0.8450980400142568,0.4352779984474182
4808382502540424832,0,6,0,4.0,1.972185147497937,0.6020599913279624,0.29494768381118774
4808382502540424832,0,32,0,4.0,2.8430029690004717,0.6020599913279624,0.4537773132324219
4808382502540424832,0,33,0,9.0,9.455804206824762,0.9542425094393249,0.9756984710693359
4804797819756106112,0,6,4,2.0,4.200668728842049,0.3010299956639812,0.6233184337615967
2883711175057786752,0,5,3,1.0,1.941774390890749,0.0,0.2881987690925598
2020810635689327872,0,14,0,1.0,1.1918792376670793,0.0,0.07623225450515747
2814781829038090752,0,56,3,1.0,1.304146931235318,0.0,0.11532652378082275
4794259344400859648,0,61,2,4.0,2.167259802472175,0.6020599913279624,0.33591097593307495
5554080977943991680,0,61,4,2.0,1.4726937943807048,0.3010299956639812,0.16811245679855347
5553058397770606464,0,32,2,2.0,1.8662207467823164,0.3010299956639812,0.27096301317214966
5553058397770606464,0,33,2,2.0,1.8569486782247586,0.3010299956639812,0.26879990100860596
5553080555504933120,0,61,1,1.0,1.2617067797243307,0.0,0.1009584367275238
5553080555504933120,0,65,1,1.0,1.4573416398633925,0.0,0.1635613739490509
5550008111996883840,0,65,4,2.0,1.17621099357033,0.3010299956639812,0.07048523426055908
5553489887364727424,0,61,2,5.0,2.4174932685562847,0.6989700043360189,0.383365273475647
5554253704348670720,0,61,0,3.0,7.137905909990562,0.47712125471966244,0.853570818901062
5549740136101187840,0,28,3,4.0,1.3784501489153687,0.6020599913279624,0.13939106464385986
5549740136101187840,0,33,3,4.0,1.3261116220231304,0.6020599913279624,0.12258008122444153
5549740136101187840,0,38,3,1.0,1.4199872450563027,0.0,0.1522844433784485
5500506964642881664,0,1,0,1.0,1.6626473005536346,0.0,0.22080013155937195
5500506964642881664,0,4,0,1.0,1.2947810251756573,0.0,0.11219632625579834
5500506964642881664,0,5,0,1.0,1.5327066706934052,0.0,0.18545904755592346
5500506964642881664,0,6,0,1.0,2.0255398285815978,0.0,0.3065407872200012
5500506964642881664,0,7,0,1.0,1.611261448261615,0.0,0.20716601610183716
5500506964642881664,0,8,0,3.0,1.3039410225563086,0.47712125471966244,0.11525794863700867
5500506964642881664,0,11,0,7.0,2.266527769516996,0.8450980400142568,0.35536104440689087
5500506964642881664,0,28,0,1.0,1.3352613367091304,0.0,0.1255662739276886
5500506964642881664,0,31,0,2.0,1.5429951656248937,0.3010299956639812,0.18836456537246704
5500506964642881664,0,32,0,2.0,1.4067132505760425,0.3010299956639812,0.14820557832717896
5500506964642881664,0,34,0,2.0,1.498248046830751,0.3010299956639812,0.17558372020721436
5500506964642881664,0,35,0,3.0,1.715863674284117,0.47712125471966244,0.2344827800989151
5500506964642881664,0,38,0,5.0,3.8636592754816723,0.6989700043360189,0.5869988203048706
5500506964642881664,0,61,0,3.0,3.8371566389113685,0.47712125471966244,0.5840095281600952
5500506964642881664,0,65,0,1.0,2.384290409220034,0.0,0.37735915184020996
5500506964642881664,0,66,0,3.0,1.2503088009822578,0.47712125471966244,0.09701728820800781
5500506964642881664,0,67,0,1.0,2.3090249330101758,0.0,0.36342862248420715
5548907741375873920,0,61,3,2.0,1.4909775632208557,0.3010299956639812,0.1734711080789566
4830136546254312576,0,30,0,1.0,1.2222214971550818,0.0,0.08714991807937622
4782436776903676288,0,4,1,2.0,2.035758054307884,0.3010299956639812,0.30872616171836853
4782436776903676288,0,5,1,5.0,2.4631095275227626,0.6989700043360189,0.39148372411727905
4782436776903676288,0,30,1,2.0,1.5723968712179481,0.3010299956639812,0.19656217098236084
4782436776903676288,0,32,1,1.0,1.7082333983075084,0.0,0.23254720866680145
4781262017448757120,0,3,2,2.0,2.7907416213131833,0.3010299956639812,0.4457196295261383
4781262017448757120,0,4,2,3.0,2.1178572322590075,0.47712125471966244,0.325896680355072
4781262017448757120,0,5,2,1.0,6.1870213420083715,0.0,0.791481614112854
4781262017448757120,0,30,2,4.0,4.372522469851566,0.6020599913279624,0.6407320499420166
4781262017448757120,0,32,2,2.0,6.2503285716937365,0.3010299956639812,0.7959028482437134
4773708200768145664,0,4,0,13.0,8.164941766242418,1.1139433523068367,0.9119530916213989
4773708200768145664,0,5,0,13.0,7.847695277401525,1.1139433523068367,0.8947421312332153
4773708200768145664,0,6,0,7.0,10.642874940984886,0.8450980400142568,1.0270589590072632
4773708200768145664,0,31,0,9.0,9.324157872389932,0.9542425094393249,0.9696096181869507
4773708200768145664,0,32,0,10.0,5.765650112538541,1.0,0.7608482837677002
4773708200768145664,0,33,0,10.0,7.137406310958063,1.0,0.8535404205322266
1436001566431649408,0,14,1,7.0,4.28911597793992,0.8450980400142568,0.6323677897453308
1436001566431649408,0,15,1,8.0,4.194911515364931,0.9030899869919435,0.6227228045463562
1436001566431649408,0,16,1,2.0,3.9000103935667565,0.3010299956639812,0.5910657644271851
1436001566431649408,0,17,1,8.0,8.96657131876263,0.9030899869919435,0.9526264071464539
1436001566431649408,0,18,1,10.0,3.5627646780595037,1.0,0.5517871379852295
1436001566431649408,0,19,1,14.0,14.188711830288783,1.146128035678238,1.1519429683685303
1436001566431649408,0,20,1,13.0,7.935181691552196,1.1139433523068367,0.8995568752288818
1436001566431649408,0,21,1,4.0,14.890090552203025,0.6020599913279624,1.1728973388671875
1436001566431649408,0,22,1,5.0,6.183093635590745,0.6989700043360189,0.7912058234214783
1436001566431649408,0,24,1,11.0,5.690190862619907,1.0413926851582251,0.7551268339157104
1436001566431649408,0,26,1,7.0,15.826866581606199,0.8450980400142568,1.199394941329956
1436001566431649408,0,40,1,8.0,5.935705005588953,0.9030899869919435,0.7734723091125488
1436001566431649408,0,41,1,7.0,9.280366319694814,0.8450980400142568,0.96756511926651
1436001566431649408,0,47,1,1.0,1.6340008427296935,0.0,0.21325227618217468
1436001566431649408,0,48,1,2.0,13.814296238050279,0.3010299956639812,1.1403287649154663
1436001566431649408,0,49,1,6.0,8.20943139590406,0.7781512503836436,0.9143130779266357
1436001566431649408,0,50,1,1.0,4.358904514927676,0.0,0.6393773555755615
1436001566431649408,0,51,1,3.0,6.7032712367520935,0.47712125471966244,0.826286792755127
1436001566431649408,0,52,1,6.0,6.493329715696111,0.7781512503836436,0.8124674558639526
1436001566431649408,0,53,1,2.0,3.0326776160614095,0.3010299956639812,0.4818262457847595
1436001566431649408,0,55,1,5.0,6.93980991694101,0.6989700043360189,0.8413475751876831
1436001566431649408,0,57,1,2.0,6.867107916440769,0.3010299956639812,0.8367738723754883
1436001566431649408,0,58,1,10.0,12.801488358872826,1.0,1.1072604656219482
1436001566431649408,0,59,1,6.0,12.336372573038371,0.7781512503836436,1.0911874771118164
1436001566431649408,0,60,1,4.0,10.566026961629495,0.6020599913279624,1.023911714553833
4774162470868265728,0,4,4,8.0,9.108343420293739,0.9030899869919435,0.9594393968582153
4774162470868265728,0,5,4,11.0,5.937000431599057,1.0413926851582251,0.7735670804977417
4774162470868265728,0,6,4,7.0,8.770166264938087,0.8450980400142568,0.9430078268051147
4774162470868265728,0,7,4,11.0,9.679443603139656,1.0413926851582251,0.9858503937721252
4774162470868265728,0,8,4,6.0,3.1271440260626466,0.7781512503836436,0.4951478838920593
4774162470868265728,0,9,4,10.0,8.028536443039231,1.0,0.9046363830566406
4774162470868265728,0,10,4,10.0,2.3393248126180115,1.0,0.3690905272960663
4774162470868265728,0,11,4,5.0,2.0832192195962325,0.6989700043360189,0.3187349736690521
4774162470868265728,0,12,4,9.0,8.878698263684623,0.9542425094393249,0.9483492970466614
4774162470868265728,0,13,4,3.0,3.329504277359245,0.47712125471966244,0.5223795771598816
4774162470868265728,0,27,4,5.0,4.080679029454769,0.6989700043360189,0.6107324361801147
4774162470868265728,0,28,4,7.0,2.916179053060797,0.8450980400142568,0.4648141860961914
4774162470868265728,0,29,4,15.0,11.393203909185955,1.1760912590556813,1.0566458702087402
4774162470868265728,0,30,4,15.0,9.351519361229888,1.1760912590556813,0.9708821773529053
4774162470868265728,0,31,4,9.0,4.60377479500865,0.9542425094393249,0.663114070892334
4774162470868265728,0,32,4,6.0,3.7969624497588996,0.7781512503836436,0.5794363021850586
4774162470868265728,0,33,4,2.0,4.137760222582183,0.3010299956639812,0.6167653203010559
4774162470868265728,0,34,4,8.0,8.893810223139067,0.9030899869919435,0.9490878582000732
4774162470868265728,0,35,4,11.0,8.014648320856406,1.0413926851582251,0.9038844704627991
4774162470868265728,0,36,4,17.0,9.348091902307248,1.2304489213782739,0.9707229733467102
4774162470868265728,0,37,4,6.0,2.049291013255884,0.7781512503836436,0.3116036355495453
4774162470868265728,0,38,4,10.0,9.873310340897817,1.0,0.994462788105011
4774162470868265728,0,39,4,10.0,9.422633389011661,1.0,0.9741722941398621
4774162470868265728,0,62,4,10.0,5.3885297737287114,1.0,0.7314702868461609
4774162470868265728,0,63,4,10.0,6.970209061044768,1.0,0.843245804309845
4774162470868265728,0,64,4,13.0,8.40038826023679,1.1139433523068367,0.9242993593215942
4774162470868265728,0,65,4,4.0,2.4096357157082786,0.6020599913279624,0.38195139169692993
4774162470868265728,0,66,4,10.0,7.086772466574707,1.0,0.850448489189148
4774162470868265728,0,67,4,17.0,9.353737420809885,1.2304489213782739,0.9709851741790771
4774590352689683328,0,5,0,5.0,2.304799435455822,0.6989700043360189,0.3626331388950348
4774590352689683328,0,6,0,3.0,7.747451121183479,0.47712125471966244,0.8891588449478149
4774590352689683328,0,7,0,8.0,6.962515351242783,0.9030899869919435,0.8427661657333374
4774590352689683328,0,8,0,4.0,2.799596384233778,0.6020599913279624,0.44709542393684387
4774590352689683328,0,9,0,3.0,2.236377689426331,0.47712125471966244,0.3495451509952545
4774590352689683328,0,10,0,1.0,2.051002739288905,0.0,0.3119662404060364
4774590352689683328,0,11,0,2.0,2.6966679193385104,0.3010299956639812,0.43082746863365173
4774590352689683328,0,12,0,3.0,2.125264085985991,0.47712125471966244,0.3274129033088684
4774590352689683328,0,13,0,6.0,5.114942870856072,0.7781512503836436,0.7088407874107361
4774590352689683328,0,27,0,3.0,3.917627873337925,0.47712125471966244,0.5930231809616089
4774590352689683328,0,28,0,2.0,1.5583297012249688,0.3010299956639812,0.19265934824943542
4774590352689683328,0,29,0,5.0,4.849483979799839,0.6989700043360189,0.6856955289840698
4774590352689683328,0,30,0,6.0,4.319066830028639,0.7781512503836436,0.6353899240493774
4774590352689683328,0,31,0,3.0,2.786442723340459,0.47712125471966244,0.44505012035369873
4774590352689683328,0,32,0,6.0,2.6926259047928522,0.7781512503836436,0.4301760196685791
4774590352689683328,0,33,0,3.0,2.255092573938381,0.47712125471966244,0.3531643748283386
4774590352689683328,0,34,0,4.0,3.5990933681817343,0.6020599913279624,0.5561931133270264
4774590352689683328,0,35,0,3.0,2.6344717538323135,0.47712125471966244,0.4206935465335846
4774590352689683328,0,36,0,3.0,1.9980009976366864,0.47712125471966244,0.3005957007408142
4774590352689683328,0,37,0,1.0,1.5534702486057042,0.0,0.19130294024944305
4774590352689683328,0,38,0,7.0,3.686976909799462,0.8450980400142568,0.5666704177856445
4774590352689683328,0,39,0,5.0,5.439844983556346,0.6989700043360189,0.7355865240097046
4774590352689683328,0,62,0,3.0,3.0712614404827674,0.47712125471966244,0.4873167872428894
4774590352689683328,0,63,0,5.0,4.687255030784358,0.6989700043360189,0.6709185838699341
4774590352689683328,0,64,0,2.0,1.8110294406948755,0.3010299956639812,0.25792551040649414
4774590352689683328,0,65,0,5.0,4.568655067304038,0.6989700043360189,0.6597883701324463
4774590352689683328,0,66,0,5.0,2.704857211901915,0.6989700043360189,0.4321443438529968
4774590352689683328,0,67,0,2.0,1.7472543744032913,0.3010299956639812,0.24235613644123077
4776747109171556864,0,6,0,1.0,1.2151553425536383,0.0,0.08463180065155029
4721962812741729792,0,2,4,7.0,4.008525649001795,0.8450980400142568,0.6029846668243408
4721962812741729792,0,3,4,4.0,2.724240931697032,0.6020599913279624,0.4352455139160156
4721962812741729792,0,28,4,1.0,1.8144552697314982,0.0,0.25874626636505127
4721962812741729792,0,29,4,3.0,2.0836954586867598,0.47712125471966244,0.31883424520492554
4721962812741729792,0,30,4,1.0,1.8077957810612377,0.0,0.2571493685245514
4803022688295732992,0,5,1,7.0,3.776084856044679,0.8450980400142568,0.577041745185852
4803022688295732992,0,6,1,4.0,3.6145745713130624,0.6020599913279624,0.5580571889877319
4803022688295732992,0,33,1,6.0,5.408936936461307,0.7781512503836436,0.7331119179725647
5941934421908267776,0,12,2,6.0,4.597536406834504,0.7781512503836436,0.6625251770019531
5941934421908267776,0,39,2,16.0,10.453115371540429,1.2041199826559248,1.0192457437515259
5990352829505960320,0,12,0,2.0,1.8540328630720304,0.3010299956639812,0.26811742782592773
6143632653128880896,0,10,1,6.0,2.2569049580650318,0.7781512503836436,0.35351327061653137
6143632653128880896,0,64,1,2.0,1.846354556781148,0.3010299956639812,0.2663151025772095
5942058808498758400,0,12,0,3.0,7.953273091926932,0.47712125471966244,0.9005458950996399
6213136455314990208,0,11,2,3.0,2.6127292629849808,0.47712125471966244,0.4170944094657898
6213982946125990528,0,65,3,1.0,1.479414752809244,0.0,0.1700899451971054
6213042069112745856,0,11,1,3.0,1.4637564671872036,0.47712125471966244,0.16546882688999176
5561375378603169024,0,61,4,2.0,1.469598710742235,0.3010299956639812,0.1671987622976303
6130408066568440960,0,37,1,1.0,1.7090219638652144,0.0,0.2327476441860199
5561761375904179072,0,7,1,17.0,12.515140018125631,1.2304489213782739,1.097435712814331
5561761375904179072,0,8,1,12.0,5.518936318889363,1.0791812460476249,0.7418553829193115
5561761375904179072,0,61,1,10.0,14.065007031362441,1.0,1.1481399536132812
2418664520110763520,0,29,3,4.0,3.0334027564682535,0.6020599913279624,0.48193007707595825
5590251405808521856,0,33,1,2.0,2.6505605377250046,0.3010299956639812,0.4233377277851105
5590251405808521856,0,34,1,3.0,2.052276170226428,0.47712125471966244,0.3122358024120331
6234647025921565952,0,38,4,3.0,1.9189161188556825,0.47712125471966244,0.28305599093437195
4913138232358905216,0,2,4,5.0,2.5430717443959234,0.6989700043360189,0.40535861253738403
4913138232358905216,0,3,4,4.0,3.2365867484330866,0.6020599913279624,0.510087251663208
4913138232358905216,0,29,4,6.0,2.973588353228715,0.7781512503836436,0.4732808470726013
4913138232358905216,0,30,4,3.0,1.8547207860634345,0.47712125471966244,0.2682785391807556
6234377340635038848,0,38,3,1.0,1.5033829971948318,0.0,0.17706963419914246
5561082152596584320,0,7,1,5.0,8.821817540662801,0.6989700043360189,0.9455580711364746
5561082152596584320,0,8,1,3.0,4.240391947277488,0.47712125471966244,0.6274060010910034
5561082152596584320,0,34,1,7.0,9.476394785486473,0.8450980400142568,0.9766431450843811
5561082152596584320,0,61,1,8.0,3.7362155356459135,0.9030899869919435,0.5724319219589233
67144808584290560,0,44,4,1.0,1.2303462001649168,0.0,0.0900273323059082
65963348980559616,0,43,2,1.0,1.2402584010487383,0.0,0.09351217746734619
65963348980559616,0,44,2,1.0,1.1576434550700745,0.0,0.06357482075691223
163355546348513152,0,43,4,3.0,3.460476253092066,0.47712125471966244,0.5391358733177185
163355546348513152,0,44,4,5.0,6.693528281812682,0.6989700043360189,0.8256551027297974
1650434611913105152,0,14,3,5.0,2.7466665451716126,0.6989700043360189,0.4388059377670288
1650434611913105152,0,16,3,3.0,1.7953361316157188,0.47712125471966244,0.2541457712650299
1650434611913105152,0,18,3,5.0,1.9667503812176501,0.6989700043360189,0.29374924302101135
1650434611913105152,0,19,3,7.0,1.438079506451103,0.8450980400142568,0.1577828973531723
1650434611913105152,0,20,3,6.0,1.8556079801759306,0.7781512503836436,0.26848623156547546
1650434611913105152,0,22,3,9.0,2.581799866699879,0.9542425094393249,0.4119225740432739
1650434611913105152,0,23,3,1.0,1.6343235819527193,0.0,0.21333804726600647
1650434611913105152,0,24,3,5.0,1.8921147380011942,0.6989700043360189,0.2769474685192108
1650434611913105152,0,25,3,3.0,1.3914767359098577,0.47712125471966244,0.1434759497642517
1650434611913105152,0,26,3,8.0,2.317437638044077,0.9030899869919435,0.36500805616378784
1650434611913105152,0,47,3,2.0,2.702404510848282,0.3010299956639812,0.4317503571510315
1650434611913105152,0,48,3,2.0,3.922755258254272,0.3010299956639812,0.5935912132263184
1650434611913105152,0,49,3,6.0,3.717591931026543,0.7781512503836436,0.5702617168426514
1650434611913105152,0,50,3,6.0,2.5565487397120856,0.7781512503836436,0.4076540768146515
1650434611913105152,0,52,3,6.0,6.736687288776224,0.7781512503836436,0.8284463882446289
1650434611913105152,0,53,3,2.0,2.1146032712542464,0.3010299956639812,0.32522889971733093
1650434611913105152,0,54,3,1.0,2.177090430763743,0.0,0.33787646889686584
1650434611913105152,0,55,3,4.0,3.86009964297988,0.6020599913279624,0.5865985155105591
1650434611913105152,0,56,3,4.0,5.514883961051305,0.6020599913279624,0.7415363788604736
1650434611913105152,0,57,3,6.0,4.689482668795832,0.7781512503836436,0.6711249351501465
1650434611913105152,0,58,3,5.0,3.2852635140387765,0.6989700043360189,0.5165702104568481
1650434611913105152,0,59,3,4.0,6.37372280947655,0.6020599913279624,0.8043931722640991
1650434611913105152,0,60,3,3.0,5.136965526142964,0.47712125471966244,0.7107066512107849
65965066967451904,0,43,3,1.0,1.6352970075125857,0.0,0.2135966420173645
66289044940711168,0,43,2,3.0,2.709847208757172,0.47712125471966244,0.43294480443000793
66289044940711168,0,44,2,3.0,2.744893117783756,0.47712125471966244,0.4385254383087158
66290591128921216,0,43,0,1.0,1.1916133693550235,0.0,0.07613536715507507
5561913967502395264,0,61,0,1.0,2.0446432179456075,0.0,0.3106175363063812
3182546714520680960,0,32,4,1.0,1.8706517804359817,0.0,0.271992951631546
2886418894240281344,0,6,1,13.0,5.530490345191447,1.1139433523068367,0.7427636384963989
2886418894240281344,0,33,1,22.0,13.185763032560946,1.3424226808222062,1.120105266571045
4901711454686667008,0,28,2,1.0,1.4179470882235867,0.0,0.1516600251197815
4901711454686667008,0,29,2,1.0,1.4284333784758898,0.0,0.1548599898815155
5179904664065847040,0,4,4,3.0,1.996342821358342,0.47712125471966244,0.3002351224422455
5568547080632115584,0,6,4,1.0,1.4310302938619204,0.0,0.1556488275527954
5568547080632115584,0,7,4,1.0,1.2991126308201006,0.0,0.11364680528640747
5554682513883554176,0,61,2,9.0,5.625726764435339,0.9542425094393249,0.7501786351203918
5554669525902464000,0,61,1,1.0,1.6578099421915216,0.0,0.2195347398519516
5568708605762682368,0,61,1,1.0,1.4651807370783863,0.0,0.16589120030403137
5569009390912299136,0,61,4,3.0,1.8076407186431087,0.47712125471966244,0.2571121156215668
5556389643125086336,0,61,4,1.0,2.5956007242464603,0.0,0.4142378866672516
5569041792145391616,0,61,0,10.0,4.265678636616671,1.0,0.6299881339073181
5568747466626837888,0,6,0,1.0,2.159354631254467,0.0,0.3343239724636078
5568747466626837888,0,34,0,1.0,2.5097771785226652,0.0,0.3996351659297943
5568747466626837888,0,61,0,2.0,2.7119711022789383,0.3010299956639812,0.43328505754470825
5568864873853123456,0,7,3,1.0,2.005231942852543,0.0,0.30216461420059204
5569977820138544000,0,33,2,1.0,1.5975649830642897,0.0,0.2034585326910019
5569977820138544000,0,34,2,2.0,1.569370772545355,0.3010299956639812,0.19572556018829346
6233037070321568128,0,65,1,2.0,3.1587448726444913,0.3010299956639812,0.49951454997062683
4793327233418050176,0,4,3,4.0,3.7282478124587977,0.6020599913279624,0.5715047717094421
4793327233418050176,0,5,3,13.0,7.835058681194293,1.1139433523068367,0.8940422534942627
4793327233418050176,0,6,3,3.0,2.682294528897255,0.47712125471966244,0.428506463766098
4793327233418050176,0,7,3,15.0,12.994904958552961,1.1760912590556813,1.1137731075286865
4793327233418050176,0,27,3,9.0,4.678848198863971,0.9542425094393249,0.670138955116272
4793327233418050176,0,31,3,5.0,4.0928109492941855,0.6989700043360189,0.6120216846466064
4793327233418050176,0,32,3,8.0,3.5263825665609447,0.9030899869919435,0.5473294258117676
4793327233418050176,0,33,3,8.0,8.119427241595062,0.9030899869919435,0.9095253944396973
4793327233418050176,0,64,3,4.0,3.9689639876203717,0.6020599913279624,0.5986771583557129
4804324239481612928,0,33,1,1.0,1.388717815522019,0.0,0.14261400699615479
6233126130764332416,0,38,3,1.0,2.889810349357637,0.0,0.46086934208869934
6233126130764332416,0,65,3,2.0,2.423123294075826,0.3010299956639812,0.38437551259994507
6233617058406105472,0,38,2,1.0,1.6864284335462891,0.0,0.226967915892601
4715353682706569728,0,2,3,4.0,5.691673296735034,0.6020599913279624,0.7552399635314941
4673548429552928384,0,2,1,2.0,1.692997577442004,0.3010299956639812,0.2286563366651535
4673548429552928384,0,4,1,4.0,1.6102626048283784,0.6020599913279624,0.20689670741558075
4673548429552928384,0,11,1,2.0,1.5311239287257559,0.3010299956639812,0.18501034379005432
4673548429552928384,0,28,1,4.0,1.5523825344893438,0.6020599913279624,0.19099874794483185
4673548429552928384,0,29,1,2.0,1.5462126775405227,0.3010299956639812,0.18926922976970673
4673548429552928384,0,31,1,3.0,3.232208522486413,0.47712125471966244,0.5094993710517883
4673548429552928384,0,34,1,2.0,1.6447148159647274,0.3010299956639812,0.2160906046628952
4673548429552928384,0,38,1,8.0,2.793339861124393,0.9030899869919435,0.44612377882003784
4673548429552928384,0,61,1,1.0,1.9183656412506938,0.0,0.282931387424469
4673548429552928384,0,64,1,3.0,2.211263479902568,0.47712125471966244,0.34464049339294434
4673548429552928384,0,65,1,7.0,2.773057795791523,0.8450980400142568,0.44295892119407654
4673547673638684416,0,2,4,2.0,1.5048691629642665,0.3010299956639812,0.1774987429380417
4673547673638684416,0,3,4,4.0,1.6997450440662865,0.6020599913279624,0.23038378357887268
4673547673638684416,0,4,4,3.0,1.7355964017598975,0.47712125471966244,0.23944874107837677
4673547673638684416,0,11,4,4.0,2.6553033163868593,0.6020599913279624,0.4241141378879547
4673547673638684416,0,28,4,6.0,1.8119448489490446,0.7781512503836436,0.25814497470855713
4673547673638684416,0,29,4,3.0,1.5261093694054473,0.47712125471966244,0.18358565866947174
4673547673638684416,0,30,4,4.0,2.009718572706248,0.6020599913279624,0.3031352460384369
4673547673638684416,0,31,4,2.0,1.5105757894884038,0.3010299956639812,0.1791425198316574
4673547673638684416,0,34,4,7.0,2.5194117402232092,0.8450980400142568,0.4012991487979889
4673547673638684416,0,38,4,7.0,2.599600376398835,0.8450980400142568,0.4149065911769867
4673547673638684416,0,61,4,4.0,2.2098345305634806,0.6020599913279624,0.34435975551605225
4673547673638684416,0,64,4,2.0,1.6533550121555043,0.3010299956639812,0.2183661162853241
4673547673638684416,0,65,4,4.0,2.3125490300077893,0.6020599913279624,0.3640909492969513
5551301137671778048,0,61,3,1.0,1.382767477598005,0.0,0.14074915647506714
5502110258755211392,0,62,0,1.0,1.5544244236531837,0.0,0.19156961143016815
5503329617151018112,0,61,0,4.0,4.684015199428174,0.6020599913279624,0.6706182956695557
5502055145734899200,0,61,2,1.0,1.6028786243024002,0.0,0.20490063726902008
5502055145734899200,0,62,2,2.0,1.6479663153020006,0.3010299956639812,0.21694833040237427
5503058724973354368,0,61,3,2.0,2.1623447505289177,0.3010299956639812,0.33492493629455566
5498773206605448832,0,61,4,1.0,1.43671993251256,0.0,0.1573721170425415
5502162348119160064,0,61,4,1.0,1.3276910641653799,0.0,0.12309703230857849
5502162348119160064,0,62,4,1.0,1.4972709190664713,0.0,0.17530038952827454
5503303160152397312,0,61,4,1.0,2.573466722932695,0.0,0.4105185568332672
5498567735369575552,0,62,0,1.0,2.034604610712133,0.0,0.30848002433776855
5498567735369575552,0,66,0,1.0,1.9496798577805021,0.0,0.2899633049964905
5498573920122510976,0,62,4,1.0,1.4581910904573339,0.0,0.16381444036960602
5498573920122510976,0,66,4,4.0,3.212707768607609,0.6020599913279624,0.506871223449707
5498601747215261056,0,7,2,2.0,1.6237540697296171,0.3010299956639812,0.21052025258541107
5509106691761261184,0,7,0,4.0,1.4250197133646527,0.6020599913279624,0.15382087230682373
5509106691761261184,0,8,0,1.0,1.395342900604822,0.0,0.1446809470653534
5508273983502423424,0,61,2,2.0,1.3093348791912087,0.3010299956639812,0.11705073714256287
5501985807782788224,0,61,4,3.0,1.6304996697923853,0.47712125471966244,0.2123207151889801
5498821482037753472,0,61,2,6.0,6.434556053978927,0.7781512503836436,0.8085185885429382
5498821482037753472,0,62,2,6.0,7.207836953932235,0.7781512503836436,0.8578049540519714
5498602919742073088,0,61,3,2.0,2.447124246820503,0.3010299956639812,0.38865602016448975
5498584159324593920,0,61,1,4.0,3.4857973198992958,0.6020599913279624,0.542302131652832
5498584159324593920,0,62,1,2.0,1.4983621225870711,0.3010299956639812,0.1756167858839035
5498584159324593920,0,66,1,2.0,2.0876534072207775,0.3010299956639812,0.31965839862823486
5498490425958477440,0,61,2,1.0,1.4718528636686514,0.0,0.16786439716815948
5498490425958477440,0,62,2,2.0,3.2515250687898343,0.3010299956639812,0.5120871067047119
5497715235901280896,0,61,2,8.0,3.7884289233266575,0.9030899869919435,0.5784591436386108
5497715235901280896,0,62,2,4.0,1.6147134991482313,0.6020599913279624,0.2080954760313034
5497715235901280896,0,66,2,2.0,1.4291378438129694,0.3010299956639812,0.1550741195678711
5508211929814903424,0,6,1,1.0,1.4296916590817554,0.0,0.15524238348007202
5509141395097306496,0,61,2,1.0,1.6350280992403639,0.0,0.2135252207517624
5507984330907547008,0,61,0,2.0,1.238568682939342,0.3010299956639812,0.09292009472846985
5504552514599147136,0,61,4,1.0,1.29900039807846,0.0,0.11360928416252136
5509259970554685056,0,61,4,1.0,2.7564562179685455,0.0,0.44035109877586365
5508329813779217024,0,61,2,1.0,1.281543109427116,0.0,0.10773321986198425
5508329813779217024,0,62,2,1.0,1.5334607193225236,0.0,0.18567265570163727
5504561138893574144,0,61,1,8.0,5.266937364017511,0.9030899869919435,0.721558153629303
5504561138893574144,0,62,1,8.0,4.6099722975987865,0.9030899869919435,0.6636983156204224
5504561138893574144,0,66,1,2.0,1.4373820752957993,0.3010299956639812,0.15757222473621368
5508139087169734400,0,6,3,1.0,1.7203673789627645,0.0,0.23562119901180267
5508139087169734400,0,8,3,1.0,1.2813077088634903,0.0,0.10765343904495239
5508139087169734400,0,61,3,1.0,1.7185052322862433,0.0,0.23515085875988007
5508139087169734400,0,62,3,1.0,1.6394237476655953,0.0,0.21469122171401978
5509203105187545344,0,61,3,1.0,1.7187617446646883,0.0,0.2352156788110733
5508339232645845248,0,62,3,3.0,3.548031729009553,0.47712125471966244,0.5499874949455261
5504586462020870912,0,61,0,1.0,1.4220284832097245,0.0,0.1529082953929901
5504586462020870912,0,62,0,1.0,1.6538604843326319,0.0,0.21849887073040009
5505019875761121408,0,61,1,2.0,1.5027254079787933,0.3010299956639812,0.1768796294927597
5505019875761121408,0,62,1,2.0,1.4472403260827902,0.3010299956639812,0.1605406552553177
5503457126140166912,0,61,1,3.0,1.778998554824635,0.47712125471966244,0.2501755952835083
5503457126140166912,0,62,1,3.0,1.6721340354460263,0.47712125471966244,0.22327108681201935
5503802200992517888,0,62,1,2.0,1.3289183269842995,0.3010299956639812,0.12349829077720642
5508377303235673728,0,61,4,2.0,1.4781750923571377,0.3010299956639812,0.16972588002681732
5514007451307863808,0,7,4,3.0,1.7499980571916347,0.47712125471966244,0.24303756654262543
5514007451307863808,0,8,4,4.0,3.0471492199606387,0.6020599913279624,0.4838937222957611
5514007451307863808,0,9,4,3.0,3.189996887850611,0.47712125471966244,0.5037902593612671
5514007451307863808,0,35,4,4.0,2.5803689129457807,0.6020599913279624,0.41168180108070374
5514007451307863808,0,36,4,3.0,2.0061108732563975,0.47712125471966244,0.30235493183135986
5513998895734764544,0,34,3,1.0,3.5393819058086615,0.0,0.5489274263381958
5513998895734764544,0,35,3,5.0,6.354175713652853,0.6989700043360189,0.8030592203140259
5513998895734764544,0,36,3,1.0,2.325936059178879,0.0,0.3665977716445923
5513998895734764544,0,61,3,2.0,5.287991415464263,0.3010299956639812,0.723290741443634
5513998895734764544,0,62,3,1.0,2.848405556429098,0.0,0.45460182428359985
5512911139434249216,0,62,3,1.0,1.5033429694267124,0.0,0.17705807089805603
5512914094371744512,0,34,4,1.0,1.54317989132942,0.0,0.18841655552387238
5513493846240655360,0,7,3,1.0,1.5548814578628256,0.0,0.19169728457927704
5513493846240655360,0,36,3,3.0,1.4550553919069553,0.47712125471966244,0.16287952661514282
5513128464781980800,0,34,3,2.0,3.2278526102704226,0.3010299956639812,0.5089136958122253
5513128464781980800,0,36,3,6.0,3.282306137105951,0.7781512503836436,0.516179084777832
6402514555672235264,0,1,4,11.0,10.12302471146151,1.0413926851582251,1.005310297012329
6402514555672235264,0,27,4,4.0,5.161709853599939,0.6020599913279624,0.7127935886383057
177998876564778112,0,59,3,2.0,1.9233995420808787,0.3010299956639812,0.2840695083141327
5553819843932588928,0,7,3,1.0,1.3164262616692977,0.0,0.11939653754234314
5500945669783652352,0,5,1,1.0,1.4590506980655507,0.0,0.16407038271427155
5500945669783652352,0,6,1,1.0,1.6932740444424894,0.0,0.22872725129127502
2073339803682617344,0,14,2,4.0,3.3917196360064215,0.6020599913279624,0.5304199457168579
176126683141831296,0,59,3,2.0,1.522978890532163,0.3010299956639812,0.18269388377666473
166562375089681408,0,43,3,1.0,1.2488208998131296,0.0,0.09650015830993652
6235516331604178816,0,12,3,3.0,1.297939435615288,0.47712125471966244,0.11325442790985107
6235516331604178816,0,38,3,2.0,1.9303582460033324,0.3010299956639812,0.28563791513442993
2596395760081700608,0,42,4,1.0,1.1050716133324832,0.0,0.0433904230594635
359644107351294336,0,58,2,6.0,5.843660934312752,0.7781512503836436,0.7666850090026855
6069025016752691968,0,11,0,5.0,1.879978725018407,0.6989700043360189,0.274152934551239
6069025016752691968,0,64,0,3.0,2.356231799041446,0.47712125471966244,0.3722180128097534
6082812342808458752,0,11,4,1.0,1.8930207286021594,0.0,0.2771553695201874
6070369925634339072,0,11,2,1.0,1.7135967837379011,0.0,0.23390863835811615
6070369925634339072,0,64,2,1.0,2.6491954577918007,0.0,0.42311400175094604
6068878231956147328,0,11,0,1.0,2.86808947617968,0.0,0.4575926959514618
6068878231956147328,0,64,0,4.0,2.6214071972879593,0.6020599913279624,0.4185344874858856
6070831823595497984,0,64,1,1.0,1.465119205323681,0.0,0.1658729612827301
6069224028358222464,0,38,3,6.0,2.210776896306983,0.7781512503836436,0.344544917345047
6094529696485204864,0,11,4,6.0,4.027952125181502,0.7781512503836436,0.6050843000411987
6094529696485204864,0,64,4,4.0,8.502591287174543,0.6020599913279624,0.9295513033866882
2508964107269556864,0,42,1,5.0,1.668133224789032,0.6989700043360189,0.2222307324409485
6069443965048494208,0,64,2,7.0,4.015871361266495,0.8450980400142568,0.6037797927856445
6065855262173303040,0,11,4,2.0,1.6678307618625947,0.3010299956639812,0.222151979804039
6094727338001355520,0,11,2,5.0,1.883952384865773,0.6989700043360189,0.275069922208786
6094727338001355520,0,64,2,1.0,1.958866430405822,0.0,0.2920048236846924
6066053552224632832,0,11,1,2.0,1.6534902018899391,0.3010299956639812,0.21840162575244904
6066053552224632832,0,38,1,1.0,1.8869428345160582,0.0,0.2757587432861328
6093868241464544896,0,11,2,1.0,1.1944102830160463,0.0,0.0771535336971283
6065108247103154176,0,38,2,1.0,1.744509546294179,0.0,0.24167335033416748
6093930226433316352,0,11,4,4.0,2.54045872882023,0.6020599913279624,0.40491214394569397
6093930226433316352,0,38,4,5.0,1.4444881503933085,0.6989700043360189,0.1597139835357666
6110400429578451712,0,11,0,4.0,1.7656060497656598,0.6020599913279624,0.24689380824565887
6097014287827105792,0,38,4,4.0,3.5628683413785525,0.6020599913279624,0.5517997741699219
6109757795093391232,0,38,2,3.0,5.1801992950687135,0.47712125471966244,0.7143464684486389
6092937607953160192,0,11,4,4.0,1.5046103447122614,0.6020599913279624,0.17742404341697693
6093230902676627072,0,11,1,3.0,1.7847460261395844,0.47712125471966244,0.25157642364501953
3014411427921646080,0,32,4,5.0,4.72597095122834,0.6989700043360189,0.6744910478591919
6087419605766169856,0,64,0,2.0,4.246563004409504,0.3010299956639812,0.6280375719070435
6083912679070170496,0,11,0,1.0,4.675306170740098,0.0,0.6698100566864014
6083912679070170496,0,38,0,2.0,2.89649104563989,0.3010299956639812,0.4618721902370453
6083912679070170496,0,64,0,4.0,2.137511648795617,0.6020599913279624,0.32990849018096924
6083084059619602560,0,64,0,5.0,4.078550267803567,0.6989700043360189,0.6105058193206787
6112637935742759680,0,11,4,1.0,2.605370219162055,0.0,0.41586944460868835
6083102609575550592,0,64,1,5.0,1.7920643308007302,0.6989700043360189,0.2533535957336426
6108378423394146944,0,64,1,1.0,1.5276957862183114,0.0,0.18403688073158264
6111472590854708480,0,64,4,8.0,4.221383258406346,0.9030899869919435,0.6254547834396362
6111516944976886528,0,11,1,6.0,2.1770733995570906,0.7781512503836436,0.33787307143211365
6111891710944533504,0,11,0,3.0,1.5734600614631387,0.47712125471966244,0.19685572385787964
6111440842456581504,0,64,3,1.0,1.9768030686502789,0.0,0.2959634065628052
6083158341074049536,0,11,1,1.0,1.596883731071458,0.0,0.20327329635620117
6083158341074049536,0,38,1,1.0,1.467604497341627,0.0,0.1666090339422226
6107254005256375040,0,11,3,8.0,2.3125610906788046,0.9030899869919435,0.36409321427345276
6106993554140699520,0,38,1,4.0,5.292628807498708,0.6020599913279624,0.7236714363098145
6106993554140699520,0,64,1,7.0,3.443367457908364,0.8450980400142568,0.5369833707809448
6108229512590103424,0,64,4,6.0,4.5625106055827045,0.7781512503836436,0.6592038869857788
6108254663917414784,0,64,0,2.0,1.6933675271075153,0.3010299956639812,0.22875122725963593
6108164297805133184,0,64,3,6.0,2.841364654660301,0.7781512503836436,0.45352697372436523
6108158422289782912,0,64,2,6.0,4.965263291887008,0.7781512503836436,0.6959422826766968
6112060967015331712,0,38,4,1.0,1.66836418657883,0.0,0.22229085862636566
4823217285221309696,0,5,4,19.0,11.603137365382008,1.2787536009528289,1.064575433731079
4823217285221309696,0,6,4,15.0,12.402144853307814,1.1760912590556813,1.0934967994689941
4823217285221309696,0,32,4,19.0,14.963443315325682,1.2787536009528289,1.1750315427780151
2989968391083143808,0,5,4,1.0,1.2167368018287419,0.0,0.08519664406776428
2543516161389433472,0,42,2,7.0,6.535233745095633,0.8450980400142568,0.8152611255645752
2543516161389433472,0,43,2,14.0,8.71644125700075,1.146128035678238,0.940339207649231
4823262708795280384,0,5,1,1.0,1.3746317333390734,0.0,0.13818636536598206
4823262708795280384,0,32,1,1.0,1.0656230998099858,0.0,0.027603626251220703
4823262708795280384,0,33,1,3.0,1.0192015401704932,0.47712125471966244,0.008260071277618408
4822948351549058304,0,33,1,1.0,1.4512010780823843,0.0,0.16172759234905243
6081540963771765376,0,64,2,2.0,2.8180115423994865,0.3010299956639812,0.44994276762008667
6081540826332813568,0,64,0,1.0,1.638037869414013,0.0,0.21432393789291382
6084621829711973504,0,64,1,1.0,2.108498797545711,0.0,0.3239733576774597
6085297995001143680,0,11,3,3.0,4.427586350005721,0.47712125471966244,0.6461670398712158
6085297995001143680,0,37,3,3.0,6.2950932907742185,0.47712125471966244,0.7990021705627441
6084943746097972096,0,64,2,5.0,2.1031826470862036,0.6989700043360189,0.3228769898414612
6080364825623490688,0,11,2,7.0,1.9175051535233274,0.8450980400142568,0.28273653984069824
6080364825623490688,0,37,2,6.0,4.509134048775831,0.7781512503836436,0.6540931463241577
6080364825623490688,0,38,2,6.0,10.625880378965464,0.7781512503836436,1.0263649225234985
6080364825623490688,0,64,2,13.0,8.732627660879906,1.1139433523068367,0.9411449432373047
6081458603477669120,0,64,4,3.0,1.7104606802844253,0.47712125471966244,0.233113095164299
6081196404313313792,0,11,1,1.0,1.4456845297089664,0.0,0.16007353365421295
6081196404313313792,0,37,1,4.0,1.6257315221540312,0.6020599913279624,0.21104882657527924
6081196404313313792,0,38,1,3.0,2.0232623869864295,0.47712125471966244,0.30605220794677734
6085252056031182976,0,64,4,4.0,2.144029809268028,0.6020599913279624,0.3312308192253113
6085064761097406464,0,11,1,2.0,2.442814827968284,0.3010299956639812,0.3878905475139618
6085064761097406464,0,64,1,9.0,3.93519423368704,0.9542425094393249,0.5949661731719971
6081945068654385280,0,11,3,3.0,2.0769590465940424,0.47712125471966244,0.31742793321609497
6081945068654385280,0,37,3,4.0,2.1970792425848056,0.6020599913279624,0.34184572100639343
6081945068654385280,0,38,3,8.0,3.585289120606601,0.9030899869919435,0.5545241832733154
6081945068654385280,0,64,3,4.0,2.5393815834224602,0.6020599913279624,0.404727965593338
6084976250411076224,0,64,3,2.0,2.0021100813616766,0.3010299956639812,0.3014879524707794
6080428429800735872,0,64,0,7.0,6.225605330494131,0.8450980400142568,0.7941815853118896
6080820298315369088,0,11,1,3.0,2.4346826632688288,0.47712125471966244,0.3864423632621765
6080820298315369088,0,64,1,2.0,2.4519853639597264,0.3010299956639812,0.3895178735256195
2989206326445903616,0,5,1,76.0,12.05617822778911,1.8808135922807914,1.081209659576416
2989206326445903616,0,32,1,30.0,15.96563783782742,1.4771212547196624,1.203186273574829
6082096148423381376,0,64,2,3.0,1.7602863071897206,0.47712125471966244,0.24558331072330475
6082109102044905216,0,64,3,2.0,2.6437169475691196,0.3010299956639812,0.42221495509147644
6080854078239398016,0,11,1,5.0,3.967889946045107,0.6989700043360189,0.5985596179962158
6080854078239398016,0,64,1,3.0,4.046586831008842,0.47712125471966244,0.6070888638496399
6068150149097373568,0,11,1,5.0,1.9582843348692553,0.6989700043360189,0.2918757498264313
6068150149097373568,0,64,1,4.0,2.317945947570301,0.6020599913279624,0.3651033043861389
6080667951539303808,0,11,3,2.0,1.6707307095009234,0.3010299956639812,0.2229064553976059
6080667951539303808,0,37,3,2.0,1.6339145056559987,0.3010299956639812,0.21322932839393616
6080667951539303808,0,38,3,2.0,2.816771677837806,0.3010299956639812,0.4497516453266144
6083243896822763648,0,11,2,2.0,1.9227488180693195,0.3010299956639812,0.28392255306243896
6080698806585094656,0,64,1,4.0,4.595149368847379,0.6020599913279624,0.662299633026123
6083320592058578816,0,64,4,1.0,1.7910301575168666,0.0,0.2531028985977173
463995319973484416,0,18,2,3.0,4.527239631294185,0.47712125471966244,0.6558334827423096
453919257978009216,0,58,3,2.0,1.3447054072872955,0.3010299956639812,0.12862715125083923
2901692175901636480,0,5,0,11.0,6.8319177955615835,1.0413926851582251,0.8345426321029663
2901692175901636480,0,6,0,15.0,10.755793038119082,1.1760912590556813,1.0316424369812012
2901692175901636480,0,32,0,14.0,7.263063921677113,1.146128035678238,0.8611198663711548
2901692175901636480,0,33,0,14.0,4.186063259556821,1.146128035678238,0.6218057870864868
2988967075290032256,0,5,2,11.0,8.935774042413918,1.0413926851582251,0.9511321783065796
2988967075290032256,0,6,2,8.0,8.67606709145546,0.9030899869919435,0.938322901725769
2988967075290032256,0,32,2,14.0,10.767517310962143,1.146128035678238,1.0321155786514282
2900656848263249920,0,5,3,7.0,5.690376731497644,0.8450980400142568,0.755141019821167
2900656848263249920,0,6,3,1.0,3.3363180720666836,0.0,0.5232674479484558
6138600978681605120,0,37,4,1.0,1.5614354953042042,0.0,0.1935240477323532
6138660661547205504,0,10,0,1.0,1.751777239471459,0.0,0.24347887933254242
6085983368702487680,0,64,1,1.0,2.6778644229396096,0.0,0.4277885854244232
2531488844210764544,0,30,4,3.0,4.2327435987407025,0.47712125471966244,0.6266219615936279
2531488844210764544,0,42,4,2.0,2.1770469566318362,0.3010299956639812,0.337867796421051
2531488844210764544,0,43,4,3.0,2.9560300664043972,0.47712125471966244,0.47070884704589844
2531732317316926336,0,30,0,1.0,1.3669793260942429,0.0,0.13576194643974304
2641618093513228800,0,42,2,1.0,2.8426052008985154,0.0,0.45371654629707336
2484875735945832704,0,30,4,1.0,1.4621091688926937,0.0,0.16497980058193207
450365430234579072,0,58,3,7.0,3.3453172372733904,0.8450980400142568,0.5244373083114624
452203568860985856,0,58,1,2.0,2.097991329392341,0.3010299956639812,0.3218036890029907
2462582794095456000,0,30,2,2.0,1.4631857914673816,0.3010299956639812,0.16529947519302368
5904227499576770048,0,11,2,1.0,2.2818735082148947,0.0,0.3582915663719177
5905910473910261120,0,11,0,1.0,1.1757782825625205,0.0,0.07032543420791626
2625503165763607808,0,42,0,1.0,2.133587427752303,0.0,0.32911044359207153
2649338761082702976,0,42,3,1.0,1.319369994901033,0.0,0.12036660313606262
358044661529405056,0,58,4,1.0,2.3223008830204646,0.0,0.36591848731040955
455268393101629440,0,58,4,1.0,1.6012556147091521,0.0,0.20446066558361053
355625667228299648,0,18,4,1.0,1.518950073487623,0.0,0.1815434992313385
2623655475128272384,0,42,3,1.0,1.4460711884278545,0.0,0.1601896733045578
2496200774431287424,0,4,1,7.0,1.5457894303836517,0.8450980400142568,0.18915033340454102
461461804664397056,0,58,0,3.0,1.9158397634131976,0.47712125471966244,0.28235918283462524
459462170968707456,0,58,2,7.0,5.191195207490997,0.8450980400142568,0.7152673602104187
461060551639685888,0,18,3,1.0,1.8706697521239908,0.0,0.2719971239566803
461060551639685888,0,58,3,7.0,1.9959361281907655,0.8450980400142568,0.3001466393470764
461072508828461824,0,58,4,3.0,3.0733762745459416,0.47712125471966244,0.4876157343387604
447361152152230656,0,58,0,2.0,1.5490236113325404,0.3010299956639812,0.19005803763866425
447440007751299072,0,58,1,3.0,1.694034372601843,0.47712125471966244,0.22892221808433533
425805913888427648,0,58,1,1.0,1.3829668533386346,0.0,0.1408117711544037
441640221355365760,0,58,3,5.0,4.093165969761151,0.6989700043360189,0.6120593547821045
441715915858562944,0,58,1,3.0,4.00147124922599,0.47712125471966244,0.6022197008132935
442697264345359360,0,58,3,12.0,4.255629085765379,1.0791812460476249,0.6289637684822083
442748975750904320,0,58,4,1.0,1.5669721090750948,0.0,0.19506126642227173
441663998293948544,0,58,4,3.0,2.0308355893499908,0.47712125471966244,0.307674765586853
441662349026548224,0,58,3,4.0,1.5498623144983572,0.6020599913279624,0.1902931183576584
441447669380929792,0,58,1,1.0,1.3712417200674736,0.0,0.137114018201828
435362937672941184,0,58,4,5.0,3.8702524016274413,0.6989700043360189,0.5877392888069153
441429321280764288,0,58,3,5.0,3.495029392016548,0.6989700043360189,0.5434508323669434
441648398972798080,0,58,2,2.0,1.898158229834544,0.3010299956639812,0.2783324122428894
441774911528969088,0,58,2,2.0,1.3630867961732176,0.3010299956639812,0.13452351093292236
443396210143348864,0,58,4,1.0,1.8375073673090778,0.0,0.26422908902168274
443396210143348864,0,59,4,1.0,1.3869204370124009,0.0,0.1420515477657318
441646096870597760,0,58,1,1.0,3.9566474191505088,0.0,0.5973273515701294
441458252180075008,0,58,4,2.0,1.4139928216652506,0.3010299956639812,0.15044720470905304
441452067427314432,0,58,4,5.0,4.248655255427938,0.6989700043360189,0.6282514929771423
441451723829949056,0,58,2,1.0,1.7944250506617963,0.0,0.2539253234863281
441430214633926272,0,58,0,4.0,6.926469370470041,0.6020599913279624,0.8405119180679321
441429733597631232,0,58,4,7.0,2.3453476131992037,0.8450980400142568,0.3702072203159332
441378159630386816,0,58,2,1.0,1.6535260576732203,0.0,0.21841104328632355
441358776436543488,0,58,3,3.0,1.3746642777487628,0.47712125471966244,0.1381966471672058
441370600488018048,0,58,0,2.0,2.1594633981585325,0.3010299956639812,0.33434584736824036
441372971309927936,0,58,1,1.0,1.786881035896341,0.0,0.25209563970565796
441459278671283968,0,58,0,5.0,5.104394992519775,0.6989700043360189,0.7079442739486694
441361529517032832,0,58,4,1.0,1.5247201931015897,0.0,0.18319015204906464
6061537102071013632,0,11,4,4.0,1.3518568063067957,0.6020599913279624,0.13093069195747375
6061537102071013632,0,64,4,2.0,1.6657866130757149,0.3010299956639812,0.2216193675994873
6056071532867594752,0,11,2,1.0,1.7507393436433787,0.0,0.2432214915752411
6067570809548679168,0,11,3,2.0,1.5142623111624867,0.3010299956639812,0.18020111322402954
6057241207070752640,0,11,2,1.0,1.5407718812495304,0.0,0.1877383440732956
6060626706443891200,0,64,1,1.0,2.8444116988860664,0.0,0.45399245619773865
6067536759058432896,0,38,2,1.0,1.250564766102809,0.0,0.09710618853569031
6063338823686668928,0,11,1,1.0,2.2376694751117445,0.0,0.349795937538147
6063338823686668928,0,38,1,1.0,2.2404808211058485,0.0,0.35034123063087463
6067700551925654656,0,11,1,3.0,3.2718707392849664,0.47712125471966244,0.5147961378097534
5989177829530793856,0,12,1,9.0,2.5620551206898807,0.9542425094393249,0.4085884690284729
5987195753669912064,0,12,3,3.0,2.4148104250831834,0.47712125471966244,0.3828830420970917
5986289545599659264,0,12,1,6.0,2.2948998027114924,0.7781512503836436,0.3607637286186218
5987637963513563136,0,12,2,2.0,4.573997297609548,0.3010299956639812,0.6602959036827087
5989438654307412864,0,12,3,2.0,2.301888901209391,0.3010299956639812,0.36208435893058777
5989480401391030528,0,12,4,2.0,1.928593019781628,0.3010299956639812,0.2852405905723572
5995529983082554496,0,12,0,3.0,2.194921594864165,0.47712125471966244,0.3414190113544464
5994581997903943168,0,39,3,1.0,2.344054629036896,0.0,0.3699677288532257
5984600871856861056,0,12,0,3.0,1.4806203483998233,0.47712125471966244,0.17044371366500854
5984596714328025216,0,39,4,1.0,1.7358244351466523,0.0,0.239505797624588
5994932776468000000,0,39,4,5.0,3.1022916138311225,0.6989700043360189,0.49168261885643005
5501006658317182464,0,7,3,3.0,1.4478572910948586,0.47712125471966244,0.16072575747966766
5500734868491020672,0,61,3,2.0,1.6850309181896965,0.3010299956639812,0.22660787403583527
5500734868491020672,0,65,3,1.0,2.2322546522067532,0.0,0.348743736743927
5500734868491020672,0,66,3,1.0,1.6245075948521401,0.0,0.21072174608707428
5500838536124246016,0,61,2,11.0,6.103974383769662,1.0413926851582251,0.7856127023696899
5500838536124246016,0,65,2,2.0,4.095193884028164,0.3010299956639812,0.6122744679450989
5500838536124246016,0,66,2,4.0,3.800767439318676,0.6020599913279624,0.5798712968826294
5500781735175024000,0,6,3,2.0,1.4530663054635256,0.3010299956639812,0.1622854322195053
5499936730426293120,0,62,0,1.0,1.5851476114028429,0.0,0.20006971061229706
5499936730426293120,0,66,0,2.0,1.7286639106978698,0.3010299956639812,0.23771056532859802
5550758219445350016,0,6,0,1.0,1.4754312145400696,0.0,0.16891896724700928
5550758219445350016,0,8,0,1.0,1.2704127333719821,0.0,0.10394483804702759
5502604317431258624,0,61,1,1.0,1.6020885168713674,0.0,0.2046865075826645
5550909127416677760,0,6,2,2.0,2.0268701921185164,0.3010299956639812,0.3068259358406067
5550909127416677760,0,7,2,1.0,1.5364323360020546,0.0,0.18651343882083893
5550909127416677760,0,8,2,2.0,2.383799939834414,0.3010299956639812,0.37726980447769165
5550909127416677760,0,32,2,1.0,1.511841118222305,0.0,0.17950615286827087
5550909127416677760,0,33,2,1.0,2.831773374937313,0.0,0.45205849409103394
5550909127416677760,0,34,2,2.0,1.9320119944977425,0.3010299956639812,0.286009818315506
5550909127416677760,0,61,2,1.0,1.6751784283878632,0.0,0.22406107187271118
5550909917690722944,0,61,0,2.0,1.4025972703273186,0.3010299956639812,0.14693298935890198
5551124940933094912,0,61,1,1.0,2.4577807196069443,0.0,0.390543133020401
5552012723556654464,0,61,2,1.0,2.7375354401962877,0.0,0.4373597502708435
5502519856900256896,0,6,2,1.0,1.621024983274636,0.0,0.2097897082567215
5502519856900256896,0,7,2,3.0,1.50995484238813,0.47712125471966244,0.17896395921707153
5502519856900256896,0,8,2,3.0,1.2168160415236757,0.47712125471966244,0.0852249264717102
5551538941421122304,0,61,1,1.0,1.454618017570578,0.0,0.16274896264076233
5776454833841481728,0,66,2,13.0,5.4393238885185635,1.1139433523068367,0.7355449199676514
6067196013523931264,0,11,0,2.0,1.8896769789200327,0.3010299956639812,0.2763875722885132
6067196013523931264,0,38,0,1.0,1.8288211628017579,0.0,0.2621712386608124
5776061547977660544,0,39,1,1.0,1.3653964332342674,0.0,0.1352587640285492
5773796558322153088,0,66,4,1.0,1.271808359393186,0.0,0.10442167520523071
6063606211158709760,0,11,0,1.0,1.432828348201074,0.0,0.15619416534900665
6063606211158709760,0,38,0,1.0,1.8703869747927966,0.0,0.2719314694404602
2724868849064224896,0,55,0,1.0,1.6696820529289467,0.0,0.22263377904891968
2547792093390641024,0,42,0,2.0,1.4743241837384964,0.3010299956639812,0.16859298944473267
2551213292538579328,0,42,1,1.0,1.4419277638024872,0.0,0.15894350409507751
4840770472961988608,0,4,4,3.0,1.5835106622248356,0.47712125471966244,0.19962099194526672
4840770472961988608,0,5,4,4.0,4.472096286833248,0.6020599913279624,0.6505111455917358
4840770472961988608,0,31,4,5.0,5.392148114899291,0.6989700043360189,0.7317618131637573
68168419548529920,0,42,0,2.0,1.2544644247493661,0.3010299956639812,0.09845834970474243
68168419548529920,0,44,0,2.0,1.4926796137604676,0.3010299956639812,0.17396660149097443
68282837477714816,0,42,3,1.0,1.1709049679586092,0.0,0.068521648645401
68364682374473856,0,42,3,1.0,1.4369597754920649,0.0,0.15744461119174957
68385057699293056,0,42,0,1.0,1.6135268208141118,0.0,0.20777618885040283
68390830135333504,0,42,0,2.0,2.8604284626550984,0.3010299956639812,0.4564310908317566
68390830135333504,0,43,0,1.0,1.5805412103204357,0.0,0.1988058239221573
68395399980532864,0,44,3,3.0,3.1145920431884213,0.47712125471966244,0.4934011697769165
68395606138958592,0,44,4,1.0,1.3175504347232523,0.0,0.11976724863052368
68587161680620288,0,42,3,3.0,7.094426272138325,0.47712125471966244,0.8509172797203064
68587161680620288,0,43,3,4.0,7.477052345350694,0.6020599913279624,0.8737304210662842
68587161680620288,0,44,3,5.0,7.51787217696087,0.6989700043360189,0.8760949373245239
70118197262752768,0,42,3,2.0,1.7721276937388664,0.3010299956639812,0.24849501252174377
70118197262752768,0,43,3,2.0,1.2003870320201475,0.3010299956639812,0.07932129502296448
70118197262752768,0,44,3,1.0,1.2363545429381337,0.0,0.09214302897453308
70169251536714624,0,42,4,1.0,1.499967712372421,0.0,0.17608191072940826
70169251536714624,0,43,4,2.0,1.2223400975663576,0.3010299956639812,0.08719205856323242
70169251536714624,0,44,4,1.0,1.1842672001111965,0.0,0.07344970107078552
70200935512668800,0,43,2,2.0,1.697636034301164,0.3010299956639812,0.2298445850610733
70200935512668800,0,44,2,1.0,1.2015714043258765,0.0,0.07974958419799805
70224643732103680,0,42,3,3.0,1.4505380441085594,0.47712125471966244,0.16152912378311157
70224643732103680,0,43,3,1.0,1.208224638274695,0.0,0.08214768767356873
71078483230315520,0,42,4,4.0,3.439738979483816,0.6020599913279624,0.5365254878997803
71078483230315520,0,44,4,3.0,2.6514402930031316,0.47712125471966244,0.42348185181617737
71202831123254272,0,42,2,1.0,1.284733760688291,0.0,0.10881313681602478
71202831123254272,0,43,2,1.0,1.604229636714525,0.0,0.205266535282135
71202831123254272,0,58,2,3.0,1.3831078856166865,0.47712125471966244,0.1408560574054718
71207710206088192,0,42,4,1.0,1.2860084143250863,0.0,0.10924381017684937
71207710206088192,0,43,4,1.0,1.5792382693189606,0.0,0.19844765961170197
71207710206088192,0,44,4,1.0,1.4030908286781256,0.0,0.1470857858657837
71207710206088192,0,58,4,2.0,2.5559882816406088,0.3010299956639812,0.4075588583946228
71205133225715328,0,43,1,1.0,1.22491926952882,0.0,0.08810746669769287
71079441007018880,0,42,0,1.0,2.129914776332728,0.0,0.32836222648620605
71079441007018880,0,43,0,1.0,1.1360816643814502,0.0,0.05540955066680908
71079441007018880,0,44,0,1.0,1.2592936445086977,0.0,0.10012701153755188
70121805035254144,0,42,4,1.0,1.3754668118634308,0.0,0.13845011591911316
70114039734416128,0,42,0,4.0,2.468317937034439,0.6020599913279624,0.3924010992050171
70114039734416128,0,43,0,3.0,2.5224309628010886,0.47712125471966244,0.40181928873062134
70114039734416128,0,44,0,2.0,1.890282394756772,0.3010299956639812,0.27652668952941895
70088819686490496,0,42,1,1.0,1.30541370252156,0.0,0.11574816703796387
70088819686490496,0,43,1,5.0,1.2174376133030964,0.6989700043360189,0.08544671535491943
70088819686490496,0,44,1,1.0,1.3109296931435912,0.0,0.1175794005393982
68390417818463872,0,44,2,1.0,1.5687362065026884,0.0,0.19554992020130157
68378563708730624,0,43,4,2.0,1.6043534883137467,0.3010299956639812,0.20530006289482117
68367190635351936,0,42,1,1.0,1.284024961562793,0.0,0.10857346653938293
68367190635351936,0,44,1,1.0,1.188440294015401,0.0,0.07497736811637878
68363411064150272,0,42,4,1.0,2.887529544824874,0.0,0.4605264365673065
68363411064150272,0,43,4,1.0,1.2792093950100478,0.0,0.10694164037704468
68291977168100480,0,44,4,3.0,1.4593637178120278,0.47712125471966244,0.16416354477405548
68265279651517056,0,42,1,1.0,2.354029960612426,0.0,0.37181198596954346
68265279651517056,0,44,1,3.0,1.5564009629680666,0.47712125471966244,0.1921214908361435
68259438496008832,0,42,4,5.0,2.4352524513406584,0.6989700043360189,0.38654398918151855
68259438496008832,0,43,4,3.0,2.3970271027252683,0.47712125471966244,0.37967294454574585
68259438496008832,0,44,4,5.0,3.217699853943096,0.6989700043360189,0.507545530796051
65254851174771584,0,42,4,2.0,1.4543775227173799,0.3010299956639812,0.16267715394496918
65254851174771584,0,43,4,4.0,2.1615807015076873,0.6020599913279624,0.33477145433425903
65254851174771584,0,44,4,5.0,3.518052519554764,0.6989700043360189,0.546302318572998
65254885534508672,0,43,3,1.0,1.2518256200385458,0.0,0.09754383563995361
65257187636977536,0,42,4,1.0,1.5901016265001104,0.0,0.20142488181591034
65257187636977536,0,44,4,1.0,1.1952157617556614,0.0,0.07744631171226501
65257806112264832,0,43,1,3.0,2.2882668374659683,0.47712125471966244,0.35950666666030884
65257806112264832,0,44,1,7.0,3.2204783536708965,0.8450980400142568,0.5079203844070435
68267680536205440,0,42,3,5.0,1.8501603982491317,0.6989700043360189,0.26720938086509705
68267680536205440,0,43,3,1.0,2.5535687596333627,0.0,0.4071475565433502
68267680536205440,0,44,3,4.0,1.6529176359316882,0.6020599913279624,0.21825121343135834
68268165869533568,0,43,4,1.0,1.642850791313427,0.0,0.21559812128543854
68325649711754880,0,42,4,11.0,5.7546440781841905,1.0413926851582251,0.7600184679031372
68325649711754880,0,43,4,6.0,7.417651710254517,0.7781512503836436,0.8702664375305176
68325649711754880,0,44,4,4.0,3.2172631288551123,0.6020599913279624,0.5074865818023682
69894962042148096,0,43,0,1.0,1.1388020000246677,0.0,0.05644822120666504
69898810332838400,0,42,2,1.0,1.4820867073677548,0.0,0.17087361216545105
69898810332838400,0,44,2,1.0,1.5615582397947683,0.0,0.19355818629264832
69908156181656576,0,44,2,1.0,1.1188291727241608,0.0,0.048763781785964966
70097581419826944,0,42,2,1.0,1.7441607990728256,0.0,0.24158652126789093
70097581419826944,0,44,2,6.0,5.703548247249784,0.7781512503836436,0.7561451196670532
70127955428529536,0,42,1,1.0,1.8536574508030559,0.0,0.26802948117256165
70127955428529536,0,43,1,2.0,1.2593913844934375,0.3010299956639812,0.10016071796417236
70127955428529536,0,44,1,1.0,1.259303236691384,0.0,0.10013031959533691
70201725786644608,0,44,4,1.0,1.600059282287627,0.0,0.20413607358932495
6139584010795996160,0,10,0,6.0,2.3427242564763633,0.7781512503836436,0.3697211742401123
6139584010795996160,0,37,0,8.0,7.724897455679035,0.9030899869919435,0.8878927230834961
6139583907716775936,0,10,1,2.0,1.6449653372462707,0.3010299956639812,0.2161567509174347
6139583907716775936,0,37,1,9.0,3.653490316595398,0.9542425094393249,0.5627079606056213
6134976541682753664,0,11,3,7.0,4.968259196230647,0.8450980400142568,0.6962042450904846
6134976541682753664,0,37,3,7.0,3.577385485397829,0.8450980400142568,0.5535657405853271
6134516941522596352,0,11,1,8.0,5.393053264807509,0.9030899869919435,0.7318347096443176
6134516941522596352,0,64,1,10.0,3.7742279123657516,1.0,0.576828122138977
6086598923417379584,0,11,0,3.0,4.2297743869482325,0.47712125471966244,0.6263172030448914
6086598923417379584,0,64,0,1.0,1.928773016903884,0.0,0.28528112173080444
6134738359978868608,0,64,3,1.0,1.6764943720357368,0.0,0.22440209984779358
6086203271028306432,0,64,2,1.0,1.7700015056443121,0.0,0.24797363579273224
435617886930938112,0,58,4,5.0,5.437675824871162,0.6989700043360189,0.7354133129119873
435621494703658240,0,58,0,1.0,1.2431282036516722,0.0,0.09451591968536377
442601194515899264,0,58,1,5.0,6.129752262259237,0.6989700043360189,0.7874429225921631
435424750841023488,0,58,0,1.0,1.3881768238418095,0.0,0.14244478940963745
4784114803446931200,0,3,3,7.0,3.4268638533274647,0.8450980400142568,0.5348968505859375
4784114803446931200,0,4,3,6.0,6.295725747564778,0.7781512503836436,0.7990458011627197
4784114803446931200,0,5,3,7.0,4.792327861437407,0.8450980400142568,0.6805465221405029
4784114803446931200,0,30,3,6.0,6.336083241044932,0.7781512503836436,0.8018208742141724
4784114803446931200,0,31,3,5.0,6.172562188362316,0.6989700043360189,0.7904654741287231
4784114803446931200,0,32,3,7.0,4.603137308556337,0.8450980400142568,0.6630539298057556
4784592055918721920,0,4,2,5.0,4.933580317835915,0.6989700043360189,0.693162202835083
4784592055918721920,0,30,2,4.0,2.508183724697168,0.6020599913279624,0.3993593454360962
4784592055918721920,0,31,2,3.0,1.9486782830411125,0.47712125471966244,0.2897401452064514
4784584668571800960,0,3,2,2.0,2.3923824711773634,0.3010299956639812,0.37883061170578003
4784584668571800960,0,4,2,1.0,2.7822546905197023,0.0,0.44439688324928284
4784584668571800960,0,5,2,6.0,3.5806711414005408,0.7781512503836436,0.5539644360542297
4784584668571800960,0,30,2,6.0,3.0780498363437943,0.7781512503836436,0.4882756471633911
4784584668571800960,0,31,2,6.0,4.606192864947694,0.7781512503836436,0.6633421182632446
4784584668571800960,0,32,2,5.0,2.7656821279459454,0.6989700043360189,0.4418022632598877
4784133288986121728,0,3,3,5.0,3.5736819970325606,0.6989700043360189,0.5531159043312073
4784133288986121728,0,4,3,10.0,4.938119028407503,1.0,0.6935615539550781
4784133288986121728,0,5,3,4.0,4.382787909326066,0.6020599913279624,0.6417504549026489
4784133288986121728,0,6,3,2.0,2.3899570900696268,0.3010299956639812,0.3783901035785675
4784133288986121728,0,30,3,12.0,5.608943968961089,1.0791812460476249,0.7488811016082764
4784133288986121728,0,31,3,13.0,7.273889444978914,1.1139433523068367,0.8617666959762573
4784133288986121728,0,32,3,5.0,3.7908162091650883,0.6989700043360189,0.5787327289581299
4786264859778429824,0,4,3,2.0,1.479671064689095,0.3010299956639812,0.17016518115997314
4786264859778429824,0,5,3,5.0,1.8923093803046385,0.6989700043360189,0.27699214220046997
4786264859778429824,0,6,3,2.0,1.453921295651483,0.3010299956639812,0.16254089772701263
4786264859778429824,0,31,3,3.0,1.7250032275222225,0.47712125471966244,0.23678991198539734
4786264859778429824,0,32,3,3.0,1.76207546562244,0.47712125471966244,0.2460245043039322
61917043110119552,0,42,1,2.0,1.6763173270692,0.3010299956639812,0.22435623407363892
61867084050575104,0,42,2,6.0,6.082532516242462,0.7781512503836436,0.7840844392776489
61867084050575104,0,43,2,2.0,3.250175874274067,0.3010299956639812,0.5119068622589111
233674297109487488,0,59,4,1.0,1.2991690628594137,0.0,0.11366567015647888
5499127141972838016,0,7,0,1.0,1.5203467729704665,0.0,0.1819426566362381
5499127141972838016,0,10,0,3.0,1.328001965578242,0.47712125471966244,0.12319871783256531
5499127141972838016,0,11,0,1.0,1.2913077988384591,0.0,0.11102977395057678
5499127141972838016,0,12,0,2.0,1.3982793411085954,0.3010299956639812,0.14559394121170044
5499127141972838016,0,13,0,2.0,1.6366651800327932,0.3010299956639812,0.21395984292030334
5499399653353202176,0,1,2,1.0,1.3328042827349553,0.0,0.12476637959480286
5499399653353202176,0,5,2,1.0,1.4816063848520242,0.0,0.17073284089565277
5499399653353202176,0,6,2,2.0,1.4514495138198316,0.3010299956639812,0.16180193424224854
5499399653353202176,0,8,2,1.0,1.3437470843221597,0.0,0.12831753492355347
5499399653353202176,0,9,2,1.0,1.3853173052657637,0.0,0.1415492594242096
5499399653353202176,0,10,2,3.0,1.2306191058877691,0.47712125471966244,0.09012365341186523
5499399653353202176,0,11,2,4.0,1.3594043139374563,0.6020599913279624,0.13334864377975464
5499399653353202176,0,12,2,2.0,1.460065652770913,0.3010299956639812,0.16437238454818726
5499399653353202176,0,29,2,5.0,1.4370911761324991,0.6989700043360189,0.15748432278633118
5499399653353202176,0,30,2,4.0,1.3055658192415773,0.6020599913279624,0.11579877138137817
5499399653353202176,0,31,2,2.0,1.336171062461623,0.3010299956639812,0.12586206197738647
5499399653353202176,0,32,2,1.0,1.4232964559681294,0.0,0.1532953679561615
5499399653353202176,0,34,2,1.0,1.33500919801847,0.0,0.12548425793647766
5499399653353202176,0,35,2,3.0,1.2809950807708361,0.47712125471966244,0.10754746198654175
5499399653353202176,0,36,2,2.0,1.2693578727925896,0.3010299956639812,0.10358408093452454
5499399653353202176,0,38,2,1.0,1.6726400837098283,0.0,0.2234025001525879
5499399653353202176,0,39,2,3.0,1.2713672632006519,0.47712125471966244,0.10427102446556091
58368884727558784,0,42,1,1.0,1.4918688859398004,0.0,0.17373065650463104
58368884727558784,0,43,1,2.0,1.945473576182859,0.3010299956639812,0.28902533650398254
58368884727558784,0,44,1,2.0,1.7587886030007036,0.3010299956639812,0.24521364271640778
67920926352940032,0,42,3,3.0,4.695278710288884,0.47712125471966244,0.671661376953125
67920926352940032,0,43,3,5.0,3.8783378353342934,0.6989700043360189,0.5886456370353699
67920926352940032,0,44,3,4.0,3.553688735518318,0.6020599913279624,0.5506793856620789
5499575059818725504,0,62,2,3.0,1.5703012548808835,0.47712125471966244,0.19598297774791718
2174323414028790272,0,56,4,2.0,1.363318135930444,0.3010299956639812,0.13459721207618713
5496424026997233792,0,1,1,2.0,1.5888771556602015,0.3010299956639812,0.20109032094478607
5496424026997233792,0,2,1,2.0,1.5916545674432694,0.3010299956639812,0.2018488198518753
5496424026997233792,0,3,1,2.0,1.4987933138253147,0.3010299956639812,0.1757417470216751
5496424026997233792,0,4,1,2.0,1.4412885002158147,0.3010299956639812,0.15875092148780823
5496424026997233792,0,5,1,3.0,1.5947692687890478,0.47712125471966244,0.20269785821437836
5496424026997233792,0,6,1,2.0,1.610363660301923,0.3010299956639812,0.2069239616394043
5496424026997233792,0,7,1,1.0,1.644962853856425,0.0,0.21615609526634216
5496424026997233792,0,8,1,2.0,1.3741072614750989,0.3010299956639812,0.13802063465118408
5496424026997233792,0,10,1,1.0,1.5615218601291398,0.0,0.1935480684041977
5496424026997233792,0,12,1,2.0,1.5588133956848635,0.3010299956639812,0.19279412925243378
5496424026997233792,0,13,1,1.0,1.6516555037529215,0.0,0.2179194688796997
5499683980189548800,0,28,4,2.0,3.757033054373441,0.3010299956639812,0.574845016002655
5499683980189548800,0,29,4,4.0,4.529044362119842,0.6020599913279624,0.6560065746307373
5499683980189548800,0,31,4,2.0,4.379086548632798,0.3010299956639812,0.6413835287094116
5499683980189548800,0,32,4,7.0,6.369211519414504,0.8450980400142568,0.8040856719017029
5499683980189548800,0,33,4,5.0,4.202359425039297,0.6989700043360189,0.6234931945800781
5499683980189548800,0,34,4,4.0,4.620355101820575,0.6020599913279624,0.6646753549575806
5499683980189548800,0,35,4,9.0,3.642921608005066,0.9542425094393249,0.5614498257637024
5499683980189548800,0,38,4,6.0,8.908132395963252,0.7781512503836436,0.9497866630554199
5499683980189548800,0,39,4,3.0,2.325828802874645,0.47712125471966244,0.36657774448394775
5499683980189548800,0,61,4,4.0,3.7444063551354825,0.6020599913279624,0.5733829736709595
5499683980189548800,0,62,4,2.0,3.9860345175125658,0.3010299956639812,0.6005410552024841
5499683980189548800,0,65,4,9.0,3.9940422434335643,0.9542425094393249,0.6014126539230347
5499683980189548800,0,66,4,4.0,4.037181431440857,0.6020599913279624,0.6060782670974731
5499683980189548800,0,67,4,7.0,4.9202262163528125,0.8450980400142568,0.6919850707054138
5496317309945329536,0,27,3,1.0,1.5909066739943245,0.0,0.20164470374584198
5496317309945329536,0,29,3,1.0,1.3785256358246836,0.0,0.13941484689712524
5496317309945329536,0,30,3,2.0,1.4935815883068455,0.3010299956639812,0.1742289513349533
5496317309945329536,0,31,3,8.0,1.404686767047118,0.9030899869919435,0.14757949113845825
5496317309945329536,0,32,3,2.0,1.4699943377786107,0.3010299956639812,0.16731566190719604
5496317309945329536,0,34,3,1.0,1.5175260714415835,0.0,0.18113616108894348
5496317309945329536,0,35,3,2.0,1.3450429062196925,0.3010299956639812,0.12873613834381104
5496317309945329536,0,36,3,3.0,1.403718351837012,0.47712125471966244,0.14727997779846191
5496317309945329536,0,37,3,5.0,1.4633007623382215,0.6989700043360189,0.1653335988521576
5496317309945329536,0,38,3,3.0,1.5822048933032307,0.47712125471966244,0.19926272332668304
5496317309945329536,0,39,3,2.0,1.608642605427586,0.3010299956639812,0.20645956695079803
5496317309945329536,0,61,3,5.0,1.5109050473381356,0.6989700043360189,0.17923717200756073
5496317309945329536,0,62,3,2.0,1.4088879620538581,0.3010299956639812,0.14887645840644836
5496317309945329536,0,63,3,3.0,1.7254271171031208,0.47712125471966244,0.23689661920070648
5496317309945329536,0,64,3,4.0,1.7223536314538006,0.6020599913279624,0.23612232506275177
5496317309945329536,0,65,3,3.0,1.5213535759489871,0.47712125471966244,0.1822301596403122
5496317309945329536,0,66,3,4.0,1.3312342876568206,0.6020599913279624,0.1242544949054718
5495120835135720832,0,4,2,3.0,1.3182288910533502,0.47712125471966244,0.11999082565307617
5495120835135720832,0,5,2,1.0,1.5383398649521718,0.0,0.18705229461193085
5495120835135720832,0,6,2,1.0,1.5398754338045193,0.0,0.18748559057712555
5495120835135720832,0,7,2,4.0,1.5428270839213614,0.6020599913279624,0.18831725418567657
5495120835135720832,0,8,2,2.0,1.2630980423206122,0.3010299956639812,0.10143706202507019
5495120835135720832,0,9,2,5.0,1.5351161392516721,0.6989700043360189,0.186141237616539
5495120835135720832,0,10,2,1.0,1.3395108652120566,0.0,0.12694624066352844
5495120835135720832,0,11,2,1.0,1.260833043908368,0.0,0.10065758228302002
5495120835135720832,0,13,2,3.0,1.611586995104993,0.47712125471966244,0.20725375413894653
5495179693367660416,0,6,2,1.0,1.6476140292412593,0.0,0.2168554812669754
5495206425243888512,0,61,2,2.0,1.902207517036291,0.3010299956639812,0.2792578935623169
5495206425243888512,0,62,2,1.0,1.3640635919384743,0.0,0.13483461737632751
5496266217014369920,0,61,4,3.0,1.6211048545554227,0.47712125471966244,0.20981110632419586
5496266217014369920,0,62,4,3.0,1.7594374435818496,0.47712125471966244,0.24537383019924164
5496266217014369920,0,63,4,6.0,1.7570901368818383,0.7781512503836436,0.24479404091835022
5496266217014369920,0,65,4,1.0,1.536516158039137,0.0,0.18653713166713715
5496266217014369920,0,66,4,4.0,2.045264597457523,0.6020599913279624,0.31074950098991394
5496266217014369920,0,67,4,2.0,1.848746196808156,0.3010299956639812,0.26687729358673096
5498054057280883584,0,5,0,1.0,1.3906995978175838,0.0,0.14323332905769348
5482771051813336448,0,61,2,2.0,2.9078587504534803,0.3010299956639812,0.46357330679893494
5482771051813336448,0,62,2,2.0,1.9446208122542212,0.3010299956639812,0.28883492946624756
5482771051813336448,0,63,2,5.0,2.732414391653938,0.6989700043360189,0.43654656410217285
5482771051813336448,0,64,2,2.0,3.2537044147491807,0.3010299956639812,0.5123780965805054
5482771051813336448,0,65,2,6.0,4.031654371524823,0.7781512503836436,0.6054832935333252
5482771051813336448,0,66,2,1.0,1.3905734409543584,0.0,0.14319393038749695
6127629158312984064,0,64,4,3.0,1.544778858919359,0.47712125471966244,0.18886631727218628
6079255040437333760,0,64,2,3.0,3.0697557381721436,0.47712125471966244,0.48710381984710693
6079187145591732864,0,10,3,5.0,2.3728768243412275,0.6989700043360189,0.375275194644928
6079187145591732864,0,11,3,1.0,1.960798086569584,0.0,0.29243287444114685
6077824373954815744,0,10,1,7.0,3.072686068488982,0.8450980400142568,0.48751819133758545
6077824373954815744,0,11,1,9.0,3.246258177429654,0.9542425094393249,0.511383056640625
6077824373954815744,0,37,1,6.0,3.2983552823004647,0.7781512503836436,0.5182974338531494
6077824373954815744,0,64,1,4.0,2.635002588337987,0.6020599913279624,0.42078104615211487
67878663874731136,0,42,4,2.0,1.383672918172802,0.3010299956639812,0.14103344082832336
67878663874731136,0,43,4,4.0,4.284632155145869,0.6020599913279624,0.6319135427474976
67878663874731136,0,44,4,2.0,1.6881868337427794,0.3010299956639812,0.22742050886154175
67656665605333888,0,42,4,1.0,1.2809960477254903,0.0,0.10754778981208801
67656665605333888,0,44,4,3.0,1.4756255721205125,0.47712125471966244,0.16897617280483246
58327275084465408,0,43,3,1.0,1.3487557141609994,0.0,0.12993329763412476
58327275084465408,0,44,3,1.0,1.269888897115347,0.0,0.10376572608947754
67998201404864896,0,42,2,2.0,1.2654578528672995,0.3010299956639812,0.1022476851940155
67998201404864896,0,43,2,1.0,1.2067582483888437,0.0,0.08162027597427368
67998201404864896,0,44,2,3.0,1.7550295616653062,0.47712125471966244,0.24428443610668182
67899520235887616,0,42,1,1.0,1.2881306979047389,0.0,0.1099599301815033
67899520235887616,0,44,1,3.0,1.1261662622910298,0.47712125471966244,0.05160251259803772
67576332537157888,0,44,1,1.0,1.7945126037191161,0.0,0.2539465129375458
68006241583701888,0,42,3,2.0,1.7025270960696375,0.3010299956639812,0.23109403252601624
67667935599570432,0,43,2,1.0,1.2744120635119747,0.0,0.1053098738193512
67667935599570432,0,44,2,1.0,1.1798275430831922,0.0,0.0718185305595398
64555694921236352,0,42,0,5.0,2.7921995643842927,0.6989700043360189,0.44594645500183105
68014964661425280,0,42,4,1.0,1.373197149461607,0.0,0.13773289322853088
6090045200871214464,0,11,3,2.0,1.5422454243636352,0.3010299956639812,0.1881534904241562
6090045200871214464,0,38,3,3.0,1.9920864470655093,0.47712125471966244,0.299308180809021
6059156487610025472,0,11,1,1.0,1.3895648840211372,0.0,0.14287883043289185
67832346947351424,0,42,2,2.0,1.1786642798695433,0.3010299956639812,0.07139012217521667
67832346947351424,0,43,2,1.0,1.511275288936533,0.0,0.179343581199646
6060185901035937024,0,11,0,2.0,1.108589998224781,0.3010299956639812,0.04477095603942871
6057088443681190272,0,11,0,12.0,4.579692715011361,1.0791812460476249,0.6608363389968872
5289143682612922624,0,1,1,3.0,4.811223217288594,0.47712125471966244,0.6822555065155029
5289143682612922624,0,2,1,1.0,1.789274463806802,0.0,0.25267696380615234
5289143682612922624,0,4,1,2.0,1.3789146765130509,0.3010299956639812,0.13953739404678345
5289143682612922624,0,5,1,1.0,1.4968042667394421,0.0,0.17516501247882843
5289143682612922624,0,6,1,1.0,1.8165353175209322,0.0,0.25924384593963623
5289143682612922624,0,7,1,1.0,2.048461199377248,0.0,0.3114277422428131
5289143682612922624,0,8,1,1.0,1.350735061873958,0.0,0.1305701732635498
5289143682612922624,0,11,1,1.0,2.3539853762302916,0.0,0.37180376052856445
5289143682612922624,0,13,1,3.0,1.5471498137403925,0.47712125471966244,0.18953236937522888
5289143682612922624,0,61,1,1.0,1.599257889010908,0.0,0.20391850173473358
5289143682612922624,0,62,1,3.0,2.535785173473598,0.47712125471966244,0.40411245822906494
5289143682612922624,0,63,1,2.0,1.6756192228298457,0.3010299956639812,0.2241753339767456
5289143682612922624,0,67,1,3.0,1.6823918630036563,0.47712125471966244,0.22592715919017792
2659252645113464320,0,42,2,1.0,1.246724368950664,0.0,0.0957704484462738
2659235357870273024,0,42,1,1.0,1.3975677409516782,0.0,0.14537286758422852
2561673084092908160,0,43,4,1.0,1.0595529679037439,0.0,0.02512267231941223
5785561435822530688,0,66,3,2.0,2.1163386172937964,0.3010299956639812,0.32558515667915344
216227109157115648,0,42,4,2.0,1.5333329231418649,0.3010299956639812,0.1856364607810974
216227109157115648,0,43,4,2.0,1.6277015534299222,0.3010299956639812,0.21157477796077728
216227109157115648,0,58,4,2.0,1.5640157471898788,0.3010299956639812,0.19424112141132355
5890753839256421504,0,11,1,3.0,1.7318853838848223,0.47712125471966244,0.23851914703845978
458316720378428288,0,18,1,5.0,4.3335427509273545,0.6989700043360189,0.6368430852890015
168099148748337280,0,58,2,1.0,2.050031408729987,0.0,0.3117605149745941
6347713968430779648,0,66,1,61.0,13.07304145710643,1.7853298350107671,1.1163766384124756
6347713968430779648,0,67,1,63.0,11.114894674203537,1.7993405494535817,1.045905351638794
6347492932234149120,0,12,1,3.0,4.097897645437166,0.47712125471966244,0.6125611066818237
6347492932234149120,0,13,1,3.0,3.3482073138139725,0.47712125471966244,0.5248123407363892
6347492932234149120,0,27,1,1.0,2.27548055293521,0.0,0.3570731282234192
6347492932234149120,0,39,1,3.0,5.7391533954939735,0.47712125471966244,0.7588478326797485
6347492932234149120,0,66,1,2.0,4.408888046307474,0.3010299956639812,0.6443290710449219
6347492932234149120,0,67,1,3.0,2.4557539400072184,0.47712125471966244,0.39018484950065613
6368539474575610880,0,13,0,5.0,1.507659510143068,0.6989700043360189,0.17830327153205872
252068645605801600,0,59,1,2.0,1.9345059604509425,0.3010299956639812,0.28657007217407227
252173752044912000,0,59,3,10.0,2.987777374582005,1.0,0.47534823417663574
5885861360428778112,0,12,1,11.0,7.452478710492187,1.0413926851582251,0.8723007440567017
5885861360428778112,0,39,1,11.0,15.67392605285071,1.0413926851582251,1.1951777935028076
216796896699976576,0,43,3,3.0,3.326894248396365,0.47712125471966244,0.522038996219635
247179456693727744,0,59,0,4.0,1.2870752570548218,0.6020599913279624,0.10960394144058228
275029678210654336,0,19,0,1.0,4.320484374042116,0.0,0.6355324387550354
274848568032380032,0,59,4,2.0,4.578036814559875,0.3010299956639812,0.660679280757904
271704617611080192,0,59,4,1.0,1.681707385326984,0.0,0.22575043141841888
5343898988034171904,0,64,0,3.0,1.8371180298736811,0.47712125471966244,0.26413705945014954
5341813867326388224,0,10,1,4.0,2.219135579090557,0.6020599913279624,0.3461838364601135
5341813867326388224,0,11,1,3.0,3.2008221254690614,0.47712125471966244,0.5052615404129028
152466120624336896,0,44,1,1.0,1.4159625259566369,0.0,0.15105175971984863
152889226442871296,0,19,3,1.0,1.3248817689573125,0.0,0.1221771240234375
152692791818308480,0,44,2,1.0,1.3803053152525873,0.0,0.1399751603603363
151373820245230080,0,43,4,3.0,6.013106119683208,0.47712125471966244,0.7790988683700562
151373820245230080,0,44,4,2.0,6.131861705119477,0.3010299956639812,0.787592351436615
151374198202645376,0,43,1,2.0,4.364420155833275,0.3010299956639812,0.639926552772522
151374198202645376,0,44,1,4.0,4.783037348284991,0.6020599913279624,0.6797037720680237
151327159721125888,0,43,1,1.0,1.1725173414403167,0.0,0.06911927461624146
151327159721125888,0,44,1,1.0,2.281519021429449,0.0,0.358224093914032
149369139966814976,0,43,3,3.0,3.8300584514933917,0.47712125471966244,0.5832054018974304
151106780654065792,0,43,4,4.0,3.74974341111419,0.6020599913279624,0.5740015506744385
151106780654065792,0,44,4,7.0,4.069245936060629,0.8450980400142568,0.6095139384269714
147869784062378624,0,43,4,3.0,2.2975585268821397,0.47712125471966244,0.3612665832042694
151793082068521856,0,43,1,3.0,2.4986157619056586,0.47712125471966244,0.3976994752883911
151793082068521856,0,44,1,6.0,2.947129662615104,0.7781512503836436,0.46939924359321594
146277553787186048,0,43,2,2.0,1.5553890576859177,0.3010299956639812,0.1918390393257141
146277553787186048,0,44,2,1.0,2.6435698215373087,0.0,0.42219078540802
147799209159857280,0,43,4,1.0,1.9915112892752733,0.0,0.2991827726364136
147799209159857280,0,44,4,1.0,2.52044582285023,0.0,0.4014773666858673
147806733942555008,0,43,2,7.0,4.092271174966231,0.8450980400142568,0.6119644045829773
151028990206478080,0,43,2,2.0,1.6861359017263817,0.3010299956639812,0.22689257562160492
151028990206478080,0,44,2,4.0,2.4681444961041716,0.6020599913279624,0.3923705816268921
151795487250202240,0,43,0,1.0,1.636859771906479,0.0,0.21401147544384003
151795487250202240,0,44,0,1.0,1.4231844328926944,0.0,0.1532611846923828
159114317681899264,0,59,3,7.0,2.1095193998525734,0.8450980400142568,0.32418352365493774
147796013704188928,0,43,0,16.0,4.79218645331125,1.2041199826559248,0.6805337071418762
147796013704188928,0,44,0,27.0,9.687480092651306,1.4313637641589874,0.986210823059082
147796013704189440,0,43,3,1.0,3.145327572856471,0.0,0.4976658821105957
147796013704189440,0,44,3,34.0,6.988336715587163,1.5314789170422551,0.8443738222122192
147801339463632000,0,43,4,4.0,2.887228571938761,0.6020599913279624,0.4604811668395996
147790202612482560,0,43,3,2.0,4.074018733681778,0.3010299956639812,0.610023021697998
147790202612482560,0,44,3,7.0,2.998727249931334,0.8450980400142568,0.4769369661808014
147790206908395776,0,43,2,5.0,2.973730378705218,0.6989700043360189,0.47330158948898315
147790206908395776,0,44,2,4.0,2.794221370752583,0.6020599913279624,0.44626080989837646
147605282796916992,0,43,3,3.0,3.1292485946446007,0.47712125471966244,0.4954400658607483
147605282796916992,0,44,3,3.0,2.2861037237171073,0.47712125471966244,0.3590959310531616
147606657186323712,0,43,0,5.0,3.4193493499008185,0.6989700043360189,0.5339434742927551
147606657186323712,0,44,0,4.0,5.195356954303775,0.6020599913279624,0.7156153917312622
151574107455728256,0,43,3,1.0,1.6071391494322547,0.0,0.2060534805059433
151574107455728256,0,44,3,3.0,1.8697654770276964,0.47712125471966244,0.2717871367931366
5342369292491441664,0,64,4,9.0,3.6778576122393503,0.9542425094393249,0.5655949115753174
5885915442658792576,0,12,2,1.0,2.183598765566798,0.0,0.3391728401184082
4622912654918835200,0,2,0,15.0,11.028836594822366,1.1760912590556813,1.0425297021865845
4622912654918835200,0,5,0,12.0,12.378997095667641,1.0791812460476249,1.0926854610443115
4622912654918835200,0,8,0,9.0,5.247628399317763,0.9542425094393249,0.7199630737304688
4622912654918835200,0,11,0,3.0,6.752219536784436,0.47712125471966244,0.82944655418396
4622912654918835200,0,12,0,11.0,7.386263099649483,1.0413926851582251,0.8684247732162476
4622912654918835200,0,13,0,15.0,9.102235115193562,1.1760912590556813,0.9591480493545532
4622912654918835200,0,27,0,10.0,9.876710772301761,1.0,0.9946123361587524
4622912654918835200,0,28,0,12.0,10.993045506838536,1.0791812460476249,1.0411180257797241
4622912654918835200,0,29,0,6.0,6.913912597009108,0.7781512503836436,0.8397238850593567
4622912654918835200,0,32,0,18.0,9.400484838244832,1.255272505103306,0.9731502532958984
4622912654918835200,0,35,0,6.0,7.454950238129181,0.7781512503836436,0.872444748878479
4622912654918835200,0,38,0,7.0,10.580474343128483,0.8450980400142568,1.0245051383972168
4622912654918835200,0,39,0,9.0,6.591145594822036,0.9542425094393249,0.8189609050750732
4622912654918835200,0,61,0,7.0,9.916232756941668,0.8450980400142568,0.9963467121124268
4622912654918835200,0,62,0,17.0,11.203183261188917,1.2304489213782739,1.0493414402008057
4622912654918835200,0,65,0,12.0,13.058917921255057,1.0791812460476249,1.1159071922302246
4622912654918835200,0,66,0,6.0,11.046057199487553,0.7781512503836436,1.0432072877883911
4622912654918835200,0,67,0,14.0,9.079161074838884,1.146128035678238,0.9580457210540771
136887655766542848,0,58,4,1.0,2.093187691103847,0.0,0.32080817222595215
136858106391499264,0,58,1,2.0,1.6672572344813463,0.3010299956639812,0.22200261056423187
123135926398673024,0,58,2,1.0,1.2716824284949186,0.0,0.10437867045402527
123235054244013696,0,58,2,1.0,1.3592820220642676,0.0,0.13330957293510437
5985860706051315456,0,12,2,2.0,1.7878703628760575,0.3010299956639812,0.2523360252380371
5985860706051315456,0,39,2,2.0,1.7304260341338589,0.3010299956639812,0.23815304040908813
176490587130871808,0,59,0,2.0,2.6572196153505,0.3010299956639812,0.42442744970321655
2515008917256894976,0,42,0,1.0,1.0638225155432914,0.0,0.02686917781829834
2513568007268649728,0,31,2,1.0,1.286519300770677,0.0,0.10941630601882935
2314824374241137408,0,29,4,1.0,1.4905303116112585,0.0,0.1733408123254776
2326686352358040064,0,29,3,1.0,1.7790363997545744,0.0,0.2501848340034485
4792329460975742208,0,1,3,8.0,8.834461962859613,0.9030899869919435,0.9461801052093506
4792329460975742208,0,4,3,12.0,8.217053687798812,1.0791812460476249,0.9147161245346069
4792329460975742208,0,5,3,9.0,7.161157252841528,0.9542425094393249,0.8549832105636597
4792329460975742208,0,6,3,7.0,11.293819146783665,0.8450980400142568,1.0528408288955688
4792329460975742208,0,7,3,15.0,10.474697320901086,1.1760912590556813,1.0201414823532104
4792329460975742208,0,11,3,8.0,5.092215047433053,0.9030899869919435,0.7069067358970642
4792329460975742208,0,31,3,12.0,7.682280831219804,1.0791812460476249,0.8854901790618896
4792329460975742208,0,32,3,16.0,11.31026129011774,1.2041199826559248,1.053472638130188
4792329460975742208,0,33,3,13.0,5.658412530038863,1.1139433523068367,0.7526946067810059
4792329460975742208,0,34,3,8.0,8.416345827901685,0.9030899869919435,0.9251235723495483
4792329460975742208,0,61,3,5.0,6.754594177052757,0.6989700043360189,0.8295992612838745
4792329460975742208,0,65,3,7.0,7.526856165198826,0.8450980400142568,0.8766136169433594
4792329460975742208,0,67,3,14.0,7.865268768520759,1.146128035678238,0.8957135677337646
4794623282749449472,0,5,3,18.0,7.047092043814444,1.255272505103306,0.8480099439620972
4794623282749449472,0,6,3,19.0,12.470098926608367,1.2787536009528289,1.0958698987960815
4794623282749449472,0,7,3,11.0,10.603745349748579,1.0413926851582251,1.0254592895507812
4794623282749449472,0,32,3,14.0,9.079971054739456,1.146128035678238,0.9580844640731812
4794623282749449472,0,33,3,14.0,6.6767985282463895,1.146128035678238,0.8245682716369629
4792137974154287104,0,1,4,7.0,5.901432851519781,0.8450980400142568,0.7709574699401855
4792137974154287104,0,4,4,2.0,4.144529843680644,0.3010299956639812,0.6174752712249756
4792137974154287104,0,5,4,15.0,13.46087779219036,1.1760912590556813,1.1290733814239502
4792137974154287104,0,6,4,6.0,16.8493951449183,0.7781512503836436,1.2265843152999878
4792137974154287104,0,7,4,12.0,13.41254718747179,1.0791812460476249,1.1275112628936768
4792137974154287104,0,8,4,9.0,9.795372983390603,0.9542425094393249,0.9910209774971008
4792137974154287104,0,11,4,5.0,12.35347798471247,0.6989700043360189,1.0917892456054688
4792137974154287104,0,27,4,7.0,8.99186283240348,0.8450980400142568,0.9538496732711792
4792137974154287104,0,28,4,10.0,9.946819574539454,1.0,0.9976842403411865
4792137974154287104,0,31,4,10.0,13.093144834727259,1.0,1.1170439720153809
4792137974154287104,0,32,4,10.0,10.618967149855617,1.0,1.0260822772979736
4792137974154287104,0,33,4,8.0,8.390817651446898,0.9030899869919435,0.9238042831420898
4792137974154287104,0,34,4,10.0,5.1092738616737305,1.0,0.7083591818809509
4792137974154287104,0,37,4,5.0,4.946360329347998,0.6989700043360189,0.6942857503890991
4792137974154287104,0,38,4,7.0,6.1663658432695785,0.8450980400142568,0.7900292873382568
4792137974154287104,0,61,4,9.0,11.824723119083039,0.9542425094393249,1.0727909803390503
4792137974154287104,0,64,4,4.0,2.3637197436834723,0.6020599913279624,0.3735959827899933
4792137974154287104,0,65,4,3.0,2.0660221453241485,0.47712125471966244,0.3151349723339081
4792137974154287104,0,66,4,4.0,3.8173859341541747,0.6020599913279624,0.5817660689353943
4792137974154287104,0,67,4,3.0,4.426156142218504,0.47712125471966244,0.6460267305374146
3418414193726125184,0,44,3,1.0,1.3643758013200624,0.0,0.13493400812149048
6071578628205554816,0,10,2,5.0,1.3293271193049578,0.6989700043360189,0.12363186478614807
6071578628205554816,0,11,2,1.0,1.1001094551695574,0.0,0.04143589735031128
5211779639299317632,0,7,2,1.0,1.6190372012848449,0.0,0.2092568278312683
5211779639299317632,0,8,2,1.0,1.4150547940133664,0.0,0.15077325701713562
5211779639299317632,0,9,2,1.0,1.7033751531705588,0.0,0.23131030797958374
6072797338079356672,0,10,0,3.0,1.5029192872106265,0.47712125471966244,0.17693565785884857
6072797338079356672,0,11,0,2.0,1.087752393659985,0.3010299956639812,0.03653004765510559
6072797338079356672,0,37,0,9.0,2.4420425028630066,0.9542425094393249,0.3877532184123993
6072797338079356672,0,38,0,1.0,1.5422208714059504,0.0,0.18814657628536224
6072797338079356672,0,64,0,4.0,3.796899916686847,0.6020599913279624,0.5794291496276855
5415215579938528512,0,63,3,9.0,2.3795736229622055,0.9542425094393249,0.37649914622306824
6207141200664109184,0,11,0,11.0,8.720861457669526,1.0413926851582251,0.9405593872070312
6207141200664109184,0,38,0,18.0,9.965512354339868,1.255272505103306,0.9984996318817139
2079702883620012416,0,41,1,1.0,1.5274847696980787,0.0,0.1839768886566162
5355751581627180288,0,9,1,29.0,18.62939803924757,1.462397997898956,1.2701988220214844
5355751581627180288,0,10,1,15.0,13.943130876758593,1.1760912590556813,1.1443603038787842
5355751581627180288,0,36,1,21.0,21.531602710056283,1.3222192947339193,1.3330763578414917
5355751581627180288,0,37,1,28.0,21.36410063997999,1.4471580313422192,1.3296846151351929
5355751581627180288,0,63,1,29.0,16.768380467894243,1.462397997898956,1.2244911193847656
5355751581627180288,0,64,1,20.0,22.132315406786056,1.3010299956639813,1.3450268507003784
6074516458849906560,0,10,2,3.0,2.4915391488197587,0.47712125471966244,0.3964677155017853
6074516458849906560,0,11,2,7.0,3.9087003073534996,0.8450980400142568,0.5920323729515076
6211201147349071104,0,11,3,4.0,2.3011586049430663,0.6020599913279624,0.36194655299186707
5213934514587912320,0,6,1,4.0,2.0291360993562852,0.6020599913279624,0.30731117725372314
5213934514587912320,0,9,1,8.0,4.628841063630883,0.9030899869919435,0.6654722690582275
5213934514587912320,0,10,1,3.0,1.6945639099432697,0.47712125471966244,0.22905795276165009
5213934514587912320,0,11,1,5.0,4.46927137400608,0.6989700043360189,0.6502367258071899
5213934514587912320,0,12,1,7.0,2.0407565886770103,0.8450980400142568,0.3097912073135376
5213934514587912320,0,13,1,6.0,3.1300324810230316,0.7781512503836436,0.4955488443374634
5213934514587912320,0,27,1,5.0,4.53916764669645,0.6989700043360189,0.6569762229919434
5213934514587912320,0,29,1,1.0,1.6742446814893088,0.0,0.22381892800331116
5213934514587912320,0,30,1,5.0,4.02482606243671,0.6989700043360189,0.6047471165657043
5213934514587912320,0,36,1,8.0,7.491120210534677,0.9030899869919435,0.8745467662811279
5213934514587912320,0,37,1,5.0,4.510843650432268,0.6989700043360189,0.6542577743530273
5213934514587912320,0,39,1,15.0,3.4529316418762304,1.1760912590556813,0.5381879806518555
5213934514587912320,0,61,1,4.0,2.658385601033602,0.6020599913279624,0.4246179759502411
5213934514587912320,0,62,1,7.0,4.232682021466473,0.8450980400142568,0.6266156435012817
5213934514587912320,0,63,1,3.0,3.5458893144905983,0.47712125471966244,0.5497251749038696
5213934514587912320,0,64,1,5.0,3.1623683687356916,0.6989700043360189,0.5000124573707581
5213934514587912320,0,65,1,4.0,2.8527319243525113,0.6020599913279624,0.4552609622478485
5213934514587912320,0,66,1,9.0,4.618086779033627,0.9542425094393249,0.6644620895385742
6073105991611649024,0,64,0,3.0,2.376782314792728,0.47712125471966244,0.3759894073009491
6058441766355347200,0,11,1,2.0,4.279158618628908,0.3010299956639812,0.6313583850860596
6058441766355347200,0,37,1,3.0,2.7689909665688566,0.47712125471966244,0.4423215389251709
6058441766355347200,0,38,1,4.0,4.359563223446561,0.6020599913279624,0.6394429802894592
6348023721472455552,0,66,0,1.0,1.4891385731791034,0.0,0.1729351133108139
6348023721472455552,0,67,0,2.0,1.3343319027464575,0.3010299956639812,0.12526386976242065
6125962401763825792,0,64,1,4.0,3.678069620367583,0.6020599913279624,0.565619945526123
6076435072302030976,0,10,1,2.0,1.5047207229548742,0.3010299956639812,0.17745590209960938
6076435072302030976,0,11,1,1.0,1.9444893738494662,0.0,0.2888055741786957
6076435072302030976,0,64,1,1.0,2.4893003781030383,0.0,0.39607730507850647
6127113865316332416,0,64,2,1.0,2.457717304727346,0.0,0.3905319273471832
6061008546211404288,0,11,2,10.0,1.4849391530322753,1.0,0.17170865833759308
6380815728057364992,0,67,2,3.0,1.352177263697318,0.47712125471966244,0.13103362917900085
6074563978391541888,0,10,0,1.0,2.4825305402253357,0.0,0.3948945999145508
6074563978391541888,0,11,0,1.0,1.8510896155117684,0.0,0.2674274444580078
6074563978391541888,0,37,0,5.0,1.7329673995477746,0.6989700043360189,0.2387903928756714
5984404849554176896,0,12,3,2.0,3.9303095003280553,0.3010299956639812,0.5944267511367798
6083750638577673088,0,11,4,5.0,2.421480833405434,0.6989700043360189,0.38408103585243225
6083750638577673088,0,64,4,3.0,2.609755252403108,0.47712125471966244,0.4165997803211212
6088398892669867520,0,64,2,1.0,1.5132435342552593,0.0,0.17990882694721222
6107760364720372864,0,64,1,5.0,1.9551698205122041,0.6989700043360189,0.2911844849586487
6107503285157801600,0,64,0,10.0,16.28384890059504,1.0,1.2117570638656616
6202164153904129792,0,11,3,1.0,2.1069597109905964,0.0,0.32365623116493225
6360333338262148224,0,66,2,2.0,1.5086755629476105,0.3010299956639812,0.17859585583209991
6360333338262148224,0,67,2,1.0,1.625513378137581,0.0,0.2109905481338501
4651039433708142720,0,3,4,1.0,1.689033600938378,0.0,0.22763828933238983
4657094577352065280,0,5,4,1.0,1.3930956948884596,0.0,0.1439809501171112
4657094577352065280,0,6,4,1.0,1.3886434857528795,0.0,0.14259076118469238
4657094577352065280,0,8,4,2.0,1.2471045397590914,0.3010299956639812,0.09590286016464233
4657094577352065280,0,12,4,1.0,1.2509183810350841,0.0,0.09722897410392761
4657094577352065280,0,30,4,1.0,1.3017825958934903,0.0,0.11453846096992493
4657094577352065280,0,36,4,1.0,1.3696135709203217,0.0,0.13659805059432983
4657094577352065280,0,38,4,1.0,1.4057535189505836,0.0,0.14790917932987213
4657094577352065280,0,39,4,1.0,1.448511197364701,0.0,0.1609218567609787
6359481732146453888,0,27,0,1.0,1.4763895304767538,0.0,0.16920095682144165
6359481732146453888,0,39,0,2.0,1.534988679116489,0.3010299956639812,0.1861051768064499
5201196599363180928,0,64,0,9.0,2.843408207367797,0.9542425094393249,0.4538392126560211
5201196599363180928,0,66,0,25.0,7.153505087918155,1.3979400086720377,0.8545188903808594
5208216951043609216,0,1,2,2.0,1.6731882506353228,0.3010299956639812,0.22354480624198914
5208216951043609216,0,4,2,4.0,3.393194647242358,0.6020599913279624,0.5306087732315063
5208216951043609216,0,7,2,2.0,4.920684074307054,0.3010299956639812,0.6920254826545715
5208216951043609216,0,10,2,1.0,1.9006339280659235,0.0,0.2788984775543213
5208216951043609216,0,11,2,3.0,1.9616673676075091,0.47712125471966244,0.292625367641449
5208216951043609216,0,12,2,2.0,1.5297255164795418,0.3010299956639812,0.18461351096630096
5208216951043609216,0,13,2,2.0,2.5173605675316697,0.3010299956639812,0.40094542503356934
5208216951043609216,0,31,2,7.0,2.5254259019928886,0.8450980400142568,0.40233463048934937
5208216951043609216,0,34,2,2.0,2.1024230553519097,0.3010299956639812,0.32272011041641235
5208216951043609216,0,37,2,1.0,2.4539526199489545,0.0,0.3898661732673645
5208216951043609216,0,38,2,1.0,2.6995481218403445,0.0,0.4312910735607147
5208216951043609216,0,61,2,2.0,2.88475599688697,0.3010299956639812,0.46010908484458923
5208216951043609216,0,64,2,1.0,2.2601956436829567,0.0,0.3541460335254669
5208216951043609216,0,66,2,2.0,1.686400370045749,0.3010299956639812,0.226960688829422
5208216951043609216,0,67,2,3.0,2.1895295292560304,0.47712125471966244,0.34035080671310425
5194732226906088832,0,11,1,6.0,3.3403009043407192,0.7781512503836436,0.5237855911254883
5194732226906088832,0,12,1,4.0,2.4367044260412505,0.6020599913279624,0.3868028521537781
5496780273059907584,0,4,2,5.0,8.522020768018841,0.6989700043360189,0.9305425882339478
5496780273059907584,0,5,2,8.0,10.656529354711356,0.9030899869919435,1.0276157855987549
5496780273059907584,0,6,2,7.0,10.157469149951465,0.8450980400142568,1.00678551197052
5496780273059907584,0,7,2,11.0,10.543116549833195,1.0413926851582251,1.0229690074920654
5496780273059907584,0,8,2,3.0,6.738791950343494,0.47712125471966244,0.8285820484161377
5496780273059907584,0,9,2,14.0,12.711140183636223,1.146128035678238,1.1041845083236694
5496780273059907584,0,10,2,6.0,6.9768674774504555,0.7781512503836436,0.8436604738235474
5496780273059907584,0,11,2,5.0,8.347874356453637,0.6989700043360189,0.9215759038925171
5496780273059907584,0,12,2,7.0,9.70056111040482,0.8450980400142568,0.9867968559265137
5496780273059907584,0,13,2,8.0,9.23632154113864,0.9030899869919435,0.9654990434646606
5496780273059907584,0,27,2,11.0,11.234464290973975,1.0413926851582251,1.0505523681640625
5496780273059907584,0,28,2,5.0,6.32613420597475,0.6989700043360189,0.8011384010314941
5496780273059907584,0,29,2,9.0,9.499600888911965,0.9542425094393249,0.9777053594589233
5496780273059907584,0,30,2,10.0,8.171259885883659,1.0,0.912289023399353
5496780273059907584,0,31,2,13.0,14.345698897153174,1.1139433523068367,1.1567217111587524
5496780273059907584,0,32,2,12.0,11.18817425947009,1.0791812460476249,1.0487592220306396
5496780273059907584,0,33,2,16.0,13.903640000307348,1.2041199826559248,1.143128514289856
5496780273059907584,0,34,2,8.0,9.766070784039886,0.9030899869919435,0.9897198677062988
5496780273059907584,0,35,2,6.0,11.42861939265123,0.7781512503836436,1.057993769645691
5496780273059907584,0,36,2,7.0,8.35936907202111,0.8450980400142568,0.9221735000610352
5496780273059907584,0,37,2,9.0,9.559241872451752,0.9542425094393249,0.9804234504699707
5496780273059907584,0,38,2,8.0,9.836814371284612,0.9030899869919435,0.9928544759750366
5496780273059907584,0,39,2,9.0,9.682803843842333,0.9542425094393249,0.9860011339187622
5496780273059907584,0,61,2,9.0,8.274622939059922,0.9542425094393249,0.917748212814331
5496780273059907584,0,62,2,9.0,10.974545858097795,0.9542425094393249,1.0403865575790405
5496780273059907584,0,63,2,9.0,12.218644234049682,0.9542425094393249,1.0870230197906494
5496780273059907584,0,65,2,9.0,7.067606644060601,0.9542425094393249,0.8492723703384399
5496780273059907584,0,66,2,9.0,7.464518760588966,0.9542425094393249,0.8730018138885498
5496780273059907584,0,67,2,11.0,9.66889745054991,1.0413926851582251,0.9853769540786743
5497085250097903872,0,7,3,2.0,1.5604753567524894,0.3010299956639812,0.1932569146156311
5497164414935218432,0,7,3,1.0,1.5972157441519286,0.0,0.2033635824918747
5497164414935218432,0,29,3,1.0,1.5646434647621839,0.0,0.1944153904914856
5497164414935218432,0,39,3,1.0,1.8241868789220081,0.0,0.26106932759284973
5497164414935218432,0,61,3,1.0,1.6790556184490384,0.0,0.22506508231163025
5483194157631839104,0,61,2,1.0,1.6716069762191565,0.0,0.22313417494297028
5483194157631839104,0,62,2,1.0,1.4307132388997006,0.0,0.15555259585380554
5483194157631839104,0,63,2,2.0,2.689319919781359,0.3010299956639812,0.4296424686908722
5483194157631839104,0,65,2,3.0,2.1197625246862524,0.47712125471966244,0.3262872099876404
5483194157631839104,0,67,2,1.0,1.207044890006639,0.0,0.0817234218120575
5496804462316135168,0,4,3,7.0,2.6370285525508996,0.8450980400142568,0.42111483216285706
5496804462316135168,0,5,3,7.0,3.4663147658196625,0.8450980400142568,0.5398679971694946
5496804462316135168,0,6,3,8.0,8.86189447229806,0.9030899869919435,0.9475265741348267
5496804462316135168,0,8,3,4.0,1.7448502810638058,0.6020599913279624,0.24175816774368286
5496804462316135168,0,9,3,11.0,8.006806084548696,1.0413926851582251,0.9034593105316162
5496804462316135168,0,10,3,4.0,2.704451490679766,0.6020599913279624,0.4320791959762573
5496804462316135168,0,11,3,9.0,7.1196120798441855,0.9542425094393249,0.8524563312530518
5496804462316135168,0,12,3,3.0,4.097775040800075,0.47712125471966244,0.6125481128692627
5496804462316135168,0,13,3,7.0,3.87939189605556,0.8450980400142568,0.5887636542320251
5496804462316135168,0,27,3,6.0,5.087306386003019,0.7781512503836436,0.7064878940582275
5496804462316135168,0,28,3,5.0,3.0757133286021574,0.6989700043360189,0.4879458546638489
5496804462316135168,0,29,3,6.0,4.9058241307843895,0.7781512503836436,0.6907119750976562
5496804462316135168,0,30,3,4.0,4.407115469077073,0.6020599913279624,0.64415442943573
5496804462316135168,0,31,3,1.0,2.808838118510142,0.0,0.4485267102718353
5496804462316135168,0,32,3,7.0,2.1440374599603143,0.8450980400142568,0.33123236894607544
5496804462316135168,0,33,3,3.0,2.967816560790603,0.47712125471966244,0.4724370539188385
5496804462316135168,0,34,3,5.0,9.638059351347882,0.6989700043360189,0.9839895963668823
5496804462316135168,0,35,3,9.0,7.2537625974494695,0.9542425094393249,0.860563337802887
5496804462316135168,0,36,3,9.0,6.471227054291585,0.9542425094393249,0.8109866380691528
5496804462316135168,0,37,3,6.0,4.006656128078658,0.7781512503836436,0.6027820706367493
5496804462316135168,0,38,3,4.0,4.289960786392784,0.6020599913279624,0.6324533224105835
5496804462316135168,0,39,3,3.0,5.194300343074627,0.47712125471966244,0.7155270576477051
5496804462316135168,0,61,3,1.0,4.172436154419061,0.0,0.6203896999359131
5496804462316135168,0,62,3,6.0,4.950341420030432,0.7781512503836436,0.6946351528167725
5496804462316135168,0,63,3,2.0,4.819569569167022,0.3010299956639812,0.6830082535743713
5496804462316135168,0,65,3,3.0,3.8655618115332397,0.47712125471966244,0.5872126221656799
5496804462316135168,0,66,3,6.0,4.548541903537306,0.7781512503836436,0.657872200012207
5496804462316135168,0,67,3,6.0,6.8109075402032095,0.7781512503836436,0.833204984664917
5483197967266425344,0,61,4,1.0,2.8735994846849167,0.0,0.45842623710632324
5483197967266425344,0,63,4,3.0,3.5294673359887696,0.47712125471966244,0.5477091670036316
5483197967266425344,0,64,4,5.0,5.579191937259756,0.6989700043360189,0.7465713024139404
5483197967266425344,0,65,4,5.0,2.8993510822862,0.6989700043360189,0.4623008072376251
5483197967266425344,0,66,4,3.0,2.4480414707395415,0.47712125471966244,0.38881877064704895
5483197967266425344,0,67,4,4.0,1.7046992091568431,0.6020599913279624,0.23164775967597961
5483627257836618368,0,27,2,6.0,1.4708640828570072,0.7781512503836436,0.16757254302501678
5483627257836618368,0,28,2,2.0,1.3093067565434204,0.3010299956639812,0.11704140901565552
5483627257836618368,0,29,2,4.0,1.4599739788849118,0.6020599913279624,0.16434511542320251
5483627257836618368,0,31,2,2.0,1.6075900055355965,0.3010299956639812,0.206175297498703
5483627257836618368,0,32,2,4.0,1.3767720590981167,0.6020599913279624,0.13886204361915588
5483627257836618368,0,33,2,2.0,1.5334490388670674,0.3010299956639812,0.18566934764385223
5483627257836618368,0,36,2,6.0,1.6264587873181795,0.7781512503836436,0.21124306321144104
5483627257836618368,0,37,2,2.0,1.3402776090216035,0.3010299956639812,0.12719476222991943
5483627257836618368,0,38,2,5.0,1.473366601770788,0.6989700043360189,0.16831082105636597
5483627257836618368,0,39,2,4.0,1.4992016870033151,0.6020599913279624,0.17586006224155426
5498353330602152064,0,61,1,1.0,1.3077055713287609,0.0,0.11650997400283813
5497492069400296832,0,61,3,1.0,1.3581396704442166,0.0,0.13294443488121033
5497492069400296832,0,62,3,1.0,1.4323946079525696,0.0,0.15606267750263214
5497492069400296832,0,67,3,1.0,1.3155308818194351,0.0,0.11910104751586914
5484469384961133952,0,3,4,1.0,1.57124069901626,0.0,0.19624271988868713
5484469384961133952,0,4,4,1.0,2.5534376894806345,0.0,0.4071252644062042
5484469384961133952,0,8,4,2.0,3.443731839576233,0.3010299956639812,0.5370293259620667
5484469384961133952,0,9,4,1.0,2.2896310175646883,0.0,0.35976549983024597
5484469384961133952,0,13,4,2.0,2.2876574994468797,0.3010299956639812,0.3593910038471222
5484469384961133952,0,61,4,2.0,2.533903240418626,0.3010299956639812,0.40379002690315247
5484469384961133952,0,62,4,1.0,3.0105689154060293,0.0,0.4786485731601715
5484469384961133952,0,63,4,1.0,2.180111841490882,0.0,0.33847877383232117
5484469384961133952,0,64,4,1.0,1.8896039737906605,0.0,0.2763707935810089
5497498700829802624,0,62,4,1.0,1.263010675129954,0.0,0.1014070212841034
5484070296600672896,0,61,0,1.0,1.3305789037156366,0.0,0.1240406334400177
5484070296600672896,0,62,0,5.0,1.3727256931783804,0.6989700043360189,0.13758376240730286
5484070296600672896,0,63,0,2.0,1.6053875542886065,0.3010299956639812,0.20557989180088043
5484070296600672896,0,64,0,4.0,1.6859323859873625,0.6020599913279624,0.22684015333652496
5484070296600672896,0,65,0,2.0,1.3851569419597096,0.3010299956639812,0.14149898290634155
5484070296600672896,0,66,0,1.0,1.2724538309394078,0.0,0.10464203357696533
5485188873586165376,0,7,4,3.0,2.044816365707115,0.47712125471966244,0.31065431237220764
5483768819959044736,0,62,2,1.0,1.2856070324472104,0.0,0.10910823941230774
5483768819959044736,0,64,2,1.0,1.89964008079982,0.0,0.2786713242530823
5483768819959044736,0,65,2,1.0,1.1648369432505346,0.0,0.06626513600349426
5483768819959044736,0,66,2,1.0,1.2079317483195842,0.0,0.082042396068573
5485217396465653504,0,61,4,1.0,3.13542728712132,0.0,0.4962967336177826
5485217396465653504,0,62,4,5.0,4.006087579488526,0.6989700043360189,0.6027204394340515
5485217396465653504,0,63,4,3.0,2.429727460797482,0.47712125471966244,0.3855575621128082
5485217396465653504,0,66,4,4.0,3.9620439184709126,0.6020599913279624,0.5979192852973938
5485217396465653504,0,67,4,1.0,1.427359455745522,0.0,0.15453335642814636
5485167574845066496,0,61,4,2.0,1.7608891776607367,0.3010299956639812,0.24573202431201935
5485167574845066496,0,62,4,2.0,1.7677904018704713,0.3010299956639812,0.24743077158927917
5485167574845066496,0,63,4,2.0,2.581437935272937,0.3010299956639812,0.41186168789863586
5485167574845066496,0,66,4,3.0,1.7910328614235818,0.47712125471966244,0.2531035542488098
5485167574845066496,0,67,4,2.0,1.3245552369747016,0.3010299956639812,0.1220700740814209
5484083245924897024,0,27,0,3.0,4.0447062202484645,0.47712125471966244,0.6068869829177856
5484083245924897024,0,28,0,10.0,2.1602017946209613,1.0,0.33449432253837585
5484083245924897024,0,29,0,2.0,1.9415353565641111,0.3010299956639812,0.2881453037261963
5484083245924897024,0,30,0,6.0,1.8648158958272638,0.7781512503836436,0.2706359624862671
5484083245924897024,0,31,0,4.0,4.200061120922053,0.6020599913279624,0.6232556104660034
5484083245924897024,0,32,0,5.0,4.06230712628565,0.6989700043360189,0.6087727546691895
5484083245924897024,0,33,0,8.0,5.207600631511117,0.9030899869919435,0.7166376709938049
5484083245924897024,0,34,0,7.0,3.5195365822805944,0.8450980400142568,0.5464854836463928
5484083245924897024,0,35,0,5.0,2.2097644720942413,0.6989700043360189,0.34434598684310913
5484083245924897024,0,36,0,6.0,3.876207697399266,0.7781512503836436,0.588407039642334
5484083245924897024,0,37,0,5.0,3.9129819016436107,0.6989700043360189,0.5925078392028809
5484083245924897024,0,38,0,4.0,4.395789648237414,0.6020599913279624,0.6430369019508362
5484083245924897024,0,39,0,10.0,4.419768989822301,1.0,0.6453995704650879
5480620785027051136,0,4,4,1.0,1.252615405914137,0.0,0.09781774878501892
5480620785027051136,0,7,4,2.0,1.3889378740199554,0.3010299956639812,0.14268282055854797
5480620785027051136,0,67,4,1.0,1.5431514583322572,0.0,0.18840855360031128
5484036830215159808,0,27,4,3.0,1.6155532906420136,0.47712125471966244,0.20832128822803497
5484036830215159808,0,28,4,1.0,1.1558776547395424,0.0,0.06291186809539795
5484036830215159808,0,29,4,3.0,1.4884363990202802,0.47712125471966244,0.17273028194904327
5484036830215159808,0,34,4,2.0,1.4562187524035106,0.3010299956639812,0.16322661936283112
5484036830215159808,0,35,4,2.0,1.692550411110295,0.3010299956639812,0.22854161262512207
5484036830215159808,0,36,4,2.0,1.5933670690998791,0.3010299956639812,0.20231583714485168
5484036830215159808,0,37,4,1.0,1.512368603727483,0.0,0.17965765297412872
5484036830215159808,0,38,4,1.0,1.351808382468162,0.0,0.13091513514518738
5484036830215159808,0,39,4,1.0,1.3026710319436396,0.0,0.1148347556591034
5484036830215159808,0,61,4,3.0,1.314557988433002,0.47712125471966244,0.1187797486782074
5484036830215159808,0,64,4,4.0,1.4367755882923667,0.6020599913279624,0.15738894045352936
5484036830215159808,0,67,4,3.0,1.3023831308717422,0.47712125471966244,0.11473876237869263
5485319341809870208,0,61,1,7.0,4.51109686521969,0.8450980400142568,0.6542821526527405
5485319341809870208,0,62,1,10.0,3.120745436944548,1.0,0.4942583441734314
5485319341809870208,0,63,1,4.0,3.2033877637174375,0.6020599913279624,0.5056095123291016
5485319341809870208,0,66,1,2.0,2.6652501534582247,0.3010299956639812,0.42573797702789307
5485319341809870208,0,67,1,3.0,2.1636497472798473,0.47712125471966244,0.3351869583129883
5480611297441954816,0,6,4,1.0,1.5626145303233991,0.0,0.19385185837745667
5480611297441954816,0,10,4,1.0,1.4228193203666526,0.0,0.15314975380897522
5480611297441954816,0,30,4,1.0,1.3973366303884542,0.0,0.14530104398727417
5480611297441954816,0,34,4,2.0,2.1623943117704596,0.3010299956639812,0.33493489027023315
5480611297441954816,0,35,4,1.0,1.7008322483207359,0.0,0.23066148161888123
5480611297441954816,0,36,4,1.0,1.522048927139015,0.0,0.18242861330509186
5480611297441954816,0,37,4,1.0,1.873849218895896,0.0,0.2727346420288086
5480611297441954816,0,64,4,1.0,1.9518404517491963,0.0,0.2904443144798279
5480611297441954816,0,67,4,1.0,1.3511140344421695,0.0,0.1306920051574707
5480450322068448512,0,4,0,1.0,1.3658656535039428,0.0,0.13540798425674438
5480450322068448512,0,6,0,1.0,1.397737118436554,0.0,0.14542549848556519
5480450322068448512,0,9,0,1.0,1.327062649697314,0.0,0.12289142608642578
5480450322068448512,0,11,0,1.0,1.330112586760852,0.0,0.12388840317726135
5480450322068448512,0,12,0,4.0,1.5615586148472815,0.6020599913279624,0.19355829060077667
5480450322068448512,0,13,0,1.0,1.3222718560926947,0.0,0.12132075428962708
5480450322068448512,0,31,0,1.0,1.550392745679076,0.0,0.19044172763824463
5480450322068448512,0,32,0,1.0,1.4448135622923755,0.0,0.1598118096590042
5480450322068448512,0,36,0,2.0,1.4956758110792312,0.3010299956639812,0.17483747005462646
5480450322068448512,0,38,0,2.0,1.4081638122965057,0.3010299956639812,0.14865317940711975
5480450322068448512,0,39,0,3.0,1.272270823865766,0.47712125471966244,0.10457956790924072
5480450322068448512,0,61,0,1.0,1.3935571250509118,0.0,0.14412477612495422
5480450322068448512,0,63,0,1.0,1.3878008835282225,0.0,0.14232715964317322
5480450322068448512,0,64,0,1.0,1.4429994775034398,0.0,0.1592661738395691
5114516020369038848,0,31,4,1.0,1.429807677502827,0.0,0.15527762472629547
5484245599985272704,0,61,2,3.0,2.059257374546733,0.47712125471966244,0.31371062994003296
5484245599985272704,0,63,2,3.0,2.1216270181479664,0.47712125471966244,0.32666903734207153
5484245599985272704,0,66,2,1.0,2.7328539382259116,0.0,0.4366164207458496
5484245599985272704,0,67,2,1.0,1.3926273456551743,0.0,0.1438349187374115
5484160078596625408,0,62,4,2.0,3.1536505589295123,0.3010299956639812,0.49881356954574585
5484160078596625408,0,63,4,1.0,2.833481017497327,0.0,0.45232030749320984
5484160078596625408,0,66,4,5.0,1.9745676878561533,0.6989700043360189,0.29547202587127686
5480870099288834560,0,13,2,1.0,1.9454849239737915,0.0,0.2890278697013855
5491322675297755392,0,61,2,3.0,1.6567992966376763,0.47712125471966244,0.21926990151405334
5491322675297755392,0,66,2,1.0,1.4398088060163687,0.0,0.158304825425148
5491322675297755392,0,67,2,1.0,1.2666028182005031,0.0,0.10264045000076294
5491098168767496960,0,8,3,1.0,1.1233613981061616,0.0,0.05051949620246887
5480853636677533056,0,61,3,1.0,1.3824331298959451,0.0,0.1406441330909729
5480853636677533056,0,64,3,1.0,1.4027434810404595,0.0,0.1469782590866089
5480872744988273536,0,62,3,1.0,2.38322469124345,0.0,0.3771649897098541
5480872744988273536,0,63,3,6.0,3.299779727370192,0.7781512503836436,0.5184849500656128
5480872744988273536,0,64,3,1.0,2.913480148932009,0.0,0.46441206336021423
5480872744988273536,0,67,3,1.0,2.857874111910375,0.0,0.4560430943965912
5483905674796611200,0,4,3,4.0,3.0937370843878496,0.6020599913279624,0.4904834032058716
5483905674796611200,0,5,3,4.0,2.6634991356581876,0.6020599913279624,0.4254525601863861
5483905674796611200,0,6,3,5.0,1.4661269119601972,0.6989700043360189,0.16617156565189362
5483905674796611200,0,8,3,5.0,2.1220527692437927,0.6989700043360189,0.32675617933273315
5483905674796611200,0,9,3,4.0,2.7863128931859675,0.6020599913279624,0.4450298845767975
5483905674796611200,0,10,3,8.0,1.4969687213291156,0.9030899869919435,0.17521272599697113
5483905674796611200,0,12,3,2.0,2.052510105646435,0.3010299956639812,0.31228530406951904
5483905674796611200,0,13,3,2.0,1.5499007623965844,0.3010299956639812,0.19030389189720154
5483905674796611200,0,27,3,5.0,2.52210366096856,0.6989700043360189,0.4017629325389862
5483905674796611200,0,28,3,4.0,1.9441386035748036,0.6020599913279624,0.2887272238731384
5483905674796611200,0,29,3,1.0,1.3655031580116892,0.0,0.13529270887374878
5483905674796611200,0,30,3,6.0,3.7458465803373118,0.7781512503836436,0.5735499858856201
5483905674796611200,0,31,3,7.0,1.8851651751197456,0.8450980400142568,0.2753494083881378
5483905674796611200,0,32,3,5.0,2.5104956397024343,0.6989700043360189,0.3997594714164734
5483905674796611200,0,33,3,2.0,2.375339965883535,0.3010299956639812,0.37572577595710754
5483905674796611200,0,34,3,2.0,2.9219055603869215,0.3010299956639812,0.46566617488861084
5483905674796611200,0,35,3,5.0,3.5090880707007326,0.6989700043360189,0.5451942682266235
5483905674796611200,0,36,3,2.0,3.264468948451437,0.3010299956639812,0.5138125419616699
5483905674796611200,0,37,3,4.0,2.778308209562874,0.6020599913279624,0.44378042221069336
5483905674796611200,0,38,3,5.0,2.2239481922955875,0.6989700043360189,0.3471246659755707
5483905674796611200,0,39,3,5.0,2.3424966266721654,0.6989700043360189,0.36967897415161133
5483905674796611200,0,62,3,5.0,2.703143055483399,0.6989700043360189,0.4318690299987793
5483905674796611200,0,63,3,4.0,3.4927305888307543,0.6020599913279624,0.5431650876998901
5483905674796611200,0,66,3,3.0,2.6343688898979507,0.47712125471966244,0.420676589012146
5483905674796611200,0,67,3,4.0,1.602912997593235,0.6020599913279624,0.20490995049476624
5491101501662087040,0,61,4,3.0,1.9379045650732962,0.47712125471966244,0.2873323857784271
5491101501662087040,0,62,4,2.0,2.542874902880044,0.3010299956639812,0.4053249955177307
5491101501662087040,0,66,4,1.0,1.322022895980928,0.0,0.12123897671699524
5491101501662087040,0,67,4,1.0,1.6367958039444306,0.0,0.21399450302124023
5490256355177080320,0,67,0,2.0,1.175527702565051,0.3010299956639812,0.07023286819458008
5479696714223465088,0,4,2,3.0,1.4971388445247866,0.47712125471966244,0.17526207864284515
5479696714223465088,0,5,2,2.0,1.7099894810077674,0.3010299956639812,0.23299343883991241
5479696714223465088,0,7,2,1.0,1.8154728199881665,0.0,0.25898975133895874
5479696714223465088,0,11,2,2.0,1.5105513260891512,0.3010299956639812,0.1791354864835739
5479696714223465088,0,12,2,2.0,1.7424745458920416,0.3010299956639812,0.24116644263267517
5479696714223465088,0,13,2,1.0,1.7842821567157952,0.0,0.25146353244781494
5479696714223465088,0,28,2,1.0,1.3315305766826369,0.0,0.1243511438369751
5479696714223465088,0,30,2,5.0,1.5140323187793507,0.6989700043360189,0.18013514578342438
5479696714223465088,0,31,2,6.0,1.7725010076616212,0.7781512503836436,0.2485864907503128
5479696714223465088,0,32,2,3.0,1.7425516720265835,0.47712125471966244,0.24118566513061523
5479696714223465088,0,33,2,2.0,1.6747226948615845,0.3010299956639812,0.22394290566444397
5479696714223465088,0,35,2,1.0,1.4607972963699467,0.0,0.16458995640277863
5479696714223465088,0,36,2,4.0,1.765904977022331,0.6020599913279624,0.24696733057498932
5479696714223465088,0,37,2,2.0,1.58946276827778,0.3010299956639812,0.201250359416008
5479696714223465088,0,38,2,4.0,1.8432073223913,0.6020599913279624,0.265574187040329
5479696714223465088,0,39,2,2.0,1.8643965914745229,0.3010299956639812,0.2705383002758026
3015860275008838272,0,6,3,21.0,9.446208253389136,1.3222192947339193,0.9752575159072876
5995168724780802944,0,12,0,13.0,4.680920225131588,1.1139433523068367,0.6703312397003174
5995168724780802944,0,39,0,13.0,6.585734689214386,1.1139433523068367,0.8186042308807373
253451144041592832,0,59,3,1.0,1.5422772273747982,0.0,0.1881624460220337
5234888938486545408,0,10,3,7.0,4.666340503320042,0.8450980400142568,0.6689764261245728
5234888938486545408,0,11,3,10.0,2.8290658070203802,1.0,0.45164304971694946
5234888938486545408,0,37,3,6.0,8.188553170210321,0.7781512503836436,0.9132071733474731
5234888938486545408,0,38,3,10.0,8.155737903596387,1.0,0.9114632606506348
5234888938486545408,0,64,3,2.0,3.5329780811611284,0.3010299956639812,0.5481409430503845
5211227379520496896,0,4,2,1.0,1.2831972319899412,0.0,0.10829341411590576
5211227379520496896,0,5,2,1.0,2.245983874620101,0.0,0.35140663385391235
5211227379520496896,0,6,2,1.0,1.707697304229359,0.0,0.23241089284420013
5211227379520496896,0,7,2,3.0,1.812858480658722,0.47712125471966244,0.25836390256881714
5211227379520496896,0,8,2,1.0,1.2070549953451812,0.0,0.0817270576953888
5211227379520496896,0,10,2,1.0,1.374411960831094,0.0,0.13811692595481873
5211227379520496896,0,13,2,2.0,2.7550481326237017,0.3010299956639812,0.44012919068336487
5211227379520496896,0,27,2,2.0,1.8696588563165537,0.3010299956639812,0.2717623710632324
5211227379520496896,0,28,2,3.0,1.97786633091676,0.47712125471966244,0.29619693756103516
5211227379520496896,0,30,2,1.0,1.746812835705391,0.0,0.2422463744878769
5211227379520496896,0,31,2,1.0,2.211628753471841,0.0,0.3447122275829315
5211227379520496896,0,34,2,2.0,2.950729894997849,0.3010299956639812,0.46992945671081543
5211227379520496896,0,37,2,1.0,1.2615287810746447,0.0,0.1008971631526947
5211227379520496896,0,38,2,1.0,1.9372608982407309,0.0,0.2871881127357483
5287415735666649728,0,5,4,2.0,1.6670316309291255,0.3010299956639812,0.22194384038448334
5287415735666649728,0,7,4,2.0,1.586025191962521,0.3010299956639812,0.20031008124351501
5287415735666649728,0,8,4,1.0,1.2982377576122308,0.0,0.11335423588752747
5287415735666649728,0,9,4,1.0,1.6036694515362215,0.0,0.20511485636234283
5287415735666649728,0,10,4,3.0,1.3907385350759531,0.47712125471966244,0.14324548840522766
5287415735666649728,0,11,4,1.0,1.356310293156193,0.0,0.13235905766487122
5287415735666649728,0,12,4,1.0,1.4965010849057974,0.0,0.17507703602313995
5287415735666649728,0,27,4,2.0,1.4525209285654954,0.3010299956639812,0.16212239861488342
5287415735666649728,0,28,4,1.0,1.4952101689216093,0.0,0.1747022420167923
5287415735666649728,0,29,4,2.0,1.4092667617633416,0.3010299956639812,0.14899320900440216
5287415735666649728,0,30,4,4.0,1.5448557154762133,0.6020599913279624,0.18888792395591736
5287415735666649728,0,31,4,5.0,1.530794729240116,0.6989700043360189,0.18491695821285248
5287415735666649728,0,34,4,1.0,1.604246369883062,0.0,0.20527106523513794
5287415735666649728,0,35,4,1.0,1.4075002065459072,0.0,0.14844846725463867
5287415735666649728,0,36,4,2.0,1.5094399034058616,0.3010299956639812,0.1788158267736435
5287415735666649728,0,38,4,5.0,1.6647323205100335,0.6989700043360189,0.22134441137313843
5287415735666649728,0,39,4,3.0,1.5427514928285941,0.47712125471966244,0.18829597532749176
5859820114746274944,0,11,1,4.0,1.817408860299325,0.6020599913279624,0.2594526410102844
5859820114746274944,0,37,1,2.0,1.6863548908076815,0.3010299956639812,0.22694897651672363
5219929494363272960,0,63,4,4.0,3.521130002117409,0.6020599913279624,0.5466820597648621
5219929494363272960,0,64,4,3.0,3.210199871477707,0.47712125471966244,0.5065320730209351
5219929494363272960,0,65,4,3.0,3.6205895972641335,0.47712125471966244,0.5587792992591858
5219929494363272960,0,66,4,1.0,3.620147377065955,0.0,0.5587262511253357
5216817330997074304,0,63,3,2.0,1.845572342302887,0.3010299956639812,0.26613107323646545
5216817330997074304,0,66,3,1.0,1.4001422661604919,0.0,0.1461721658706665
5217170892705584512,0,63,0,2.0,1.8046275841002362,0.3010299956639812,0.2563875913619995
5217170892705584512,0,64,0,1.0,2.126408076434741,0.0,0.3276466131210327
5217170892705584512,0,66,0,1.0,1.2870661599032986,0.0,0.10960087180137634
5216440061069982592,0,10,3,3.0,2.2305617072926256,0.47712125471966244,0.34841424226760864
5216440061069982592,0,11,3,1.0,2.418007761053802,0.0,0.3834576904773712
5216440061069982592,0,12,3,3.0,1.701648107847513,0.47712125471966244,0.23086975514888763
5216440061069982592,0,33,3,4.0,3.7381168800140747,0.6020599913279624,0.5726528763771057
5216440061069982592,0,37,3,3.0,2.938783972439617,0.47712125471966244,0.46816766262054443
5216440061069982592,0,39,3,5.0,3.685790487849327,0.6989700043360189,0.5665306448936462
5216440061069982592,0,64,3,5.0,3.155592363325608,0.6989700043360189,0.4990808963775635
5216440061069982592,0,66,3,3.0,2.7391195261565557,0.47712125471966244,0.4376109838485718
5785197909789170176,0,12,0,1.0,1.3945165205061931,0.0,0.14442366361618042
5785197909789170176,0,66,0,1.0,1.343663267021517,0.0,0.12829044461250305
5785003742907637760,0,12,1,3.0,1.3842590794550045,0.47712125471966244,0.14121738076210022
5771056197390268288,0,65,4,3.0,2.128259867211713,0.47712125471966244,0.32802465558052063
5771056197390268288,0,66,4,1.0,1.4367872718432333,0.0,0.1573924720287323
5770118932446648960,0,65,1,2.0,2.501406303146091,0.3010299956639812,0.39818423986434937
5770118932446648960,0,66,1,1.0,2.763375272136055,0.0,0.4414398670196533
256926837732163584,0,59,3,1.0,1.97155512352564,0.0,0.29480892419815063
125716102232827904,0,58,4,1.0,1.5768515757291033,0.0,0.19779081642627716
173005891184914176,0,59,4,1.0,1.3428954157242106,0.0,0.12804219126701355
5508539790438872448,0,61,4,3.0,2.546876323656362,0.47712125471966244,0.4060078561306
5508539790438872448,0,62,4,1.0,2.03287462431892,0.0,0.3081105947494507
5508721416016007936,0,61,0,1.0,1.5006005134164224,0.0,0.17626509070396423
5511674154493369600,0,61,0,4.0,1.6636028909869696,0.6020599913279624,0.22104966640472412
5560214431763466368,0,7,2,1.0,1.7217672034554685,0.0,0.23597443103790283
5530457008552460416,0,61,3,1.0,1.4457636985182833,0.0,0.16009731590747833
3446657108391160576,0,43,3,3.0,2.331577646873459,0.47712125471966244,0.3676498830318451
3446657108391160576,0,44,3,2.0,4.476230108053857,0.3010299956639812,0.6509124040603638
3446657108391160576,0,45,3,4.0,5.999293004636246,0.6020599913279624,0.7781000733375549
453287657264888192,0,58,4,4.0,2.6411721507205868,0.6020599913279624,0.4217967092990875
3417723112010385024,0,43,4,1.0,1.4467326273754144,0.0,0.1603882759809494
3417723112010385024,0,45,4,2.0,1.6414579046358528,0.3010299956639812,0.21522974967956543
437648925424449408,0,58,0,1.0,2.1828591122663474,0.0,0.33902570605278015
443512071181546880,0,59,1,1.0,1.3664450212965773,0.0,0.13559216260910034
3417709063174377344,0,43,0,2.0,3.6846297323951953,0.3010299956639812,0.5663938522338867
3417709063174377344,0,44,0,3.0,1.763468142529864,0.47712125471966244,0.24636761844158173
3417708788296471040,0,43,3,2.0,2.2514562571786283,0.3010299956639812,0.3524635136127472
3417708788296471040,0,44,3,2.0,1.7990976741097746,0.3010299956639812,0.2550547420978546
3417708788296471040,0,45,3,1.0,2.274775649863665,0.0,0.35693857073783875
3416914803461557888,0,43,3,2.0,5.06593462719298,0.3010299956639812,0.7046595811843872
3416914803461557888,0,44,3,2.0,2.4454732370748538,0.3010299956639812,0.38836291432380676
3416914803461557888,0,45,3,1.0,1.943519539738135,0.0,0.28858891129493713
3416914803461558144,0,43,2,2.0,5.682594181354144,0.3010299956639812,0.7545466423034668
3416914803461558144,0,44,2,3.0,2.7736489114359575,0.47712125471966244,0.4430514872074127
3416914803461558144,0,45,2,2.0,1.8909554795263752,0.3010299956639812,0.2766813039779663
3417712018111853568,0,43,4,13.0,10.289786153727134,1.1139433523068367,1.012406349182129
3417712018111853568,0,44,4,2.0,8.254000315902973,0.3010299956639812,0.9166644811630249
3417712018111853568,0,45,4,11.0,8.225809671109348,1.0413926851582251,0.915178656578064
3417885431711520000,0,43,1,5.0,3.044094925707345,0.6989700043360189,0.48345819115638733
3417885431711520000,0,44,1,4.0,1.7451642565369923,0.6020599913279624,0.2418363094329834
3417885431711520000,0,45,1,2.0,1.417787131264905,0.3010299956639812,0.15161103010177612
441995982085109120,0,59,1,1.0,1.498490191839481,0.0,0.17565390467643738
441938429523471104,0,59,0,3.0,1.4945191308489592,0.47712125471966244,0.1745014786720276
442417954031852032,0,59,3,1.0,2.075212983765851,0.0,0.3170626759529114
249764790788074624,0,59,1,4.0,4.375704788315607,0.6020599913279624,0.641048014163971
249672122574436096,0,59,4,3.0,3.795474442035466,0.47712125471966244,0.5792660713195801
3416935213146235776,0,44,0,1.0,1.1287538672492476,0.0,0.05259925127029419
514673700690854144,0,52,0,1.0,1.526892024822204,0.0,0.1838083267211914
514673700690854144,0,58,0,2.0,4.048513878176298,0.3010299956639812,0.6072956323623657
3416833542680562304,0,45,3,1.0,2.643230428842471,0.0,0.42213502526283264
5992785980013356416,0,39,2,2.0,2.217627430338369,0.3010299956639812,0.34588858485221863
287272259145040896,0,59,0,2.0,1.9910431394366792,0.3010299956639812,0.29908066987991333
1101333488479920896,0,60,4,1.0,1.375584707291336,0.0,0.1384873390197754
5490838129969482112,0,61,0,3.0,1.4450243632343445,0.47712125471966244,0.15987516939640045
5490838129969482112,0,62,0,3.0,1.3295603021513496,0.47712125471966244,0.12370803952217102
4658442922197295232,0,2,2,1.0,1.6864168030491935,0.0,0.22696492075920105
4658442922197295232,0,3,2,1.0,1.5205906634823525,0.0,0.18201231956481934
4658442922197295232,0,5,2,1.0,2.1618874755449284,0.0,0.3348330855369568
4658442922197295232,0,9,2,1.0,2.0249821089304243,0.0,0.3064211905002594
4658442922197295232,0,30,2,1.0,1.6033394526824367,0.0,0.20502547919750214
4658442922197295232,0,31,2,1.0,1.6843246774469027,0.0,0.22642581164836884
4658442922197295232,0,37,2,1.0,1.7267031433754585,0.0,0.23721767961978912
4658442922197295232,0,61,2,1.0,1.6796997109967118,0.0,0.22523164749145508
4658442922197295232,0,67,2,1.0,1.465142329699645,0.0,0.16587981581687927
6059120375521329536,0,10,3,2.0,2.2293518920662136,0.3010299956639812,0.3481786251068115
6059120375521329536,0,11,3,4.0,4.127282952932986,0.6020599913279624,0.6156642436981201
5220833331577540608,0,63,3,2.0,1.5188974362427585,0.3010299956639812,0.18152844905853271
5220833331577540608,0,64,3,1.0,1.5853703471528213,0.0,0.20013073086738586
5220833331577540608,0,65,3,1.0,2.0828538574637308,0.0,0.3186587989330292
5220835801180967296,0,62,0,1.0,1.5938595061066885,0.0,0.20245003700256348
5220835801180967296,0,63,0,5.0,1.8143247855908233,0.6989700043360189,0.25871503353118896
5220835801180967296,0,64,0,2.0,1.5015909426691336,0.3010299956639812,0.17655164003372192
6088027047281877120,0,11,3,5.0,2.689196644848596,0.6989700043360189,0.4296225607395172
6075936134538464768,0,11,0,3.0,1.3878606918971217,0.47712125471966244,0.1423458755016327
6086245121189346560,0,64,3,9.0,2.8998417601019866,0.9542425094393249,0.4623742997646332
6088154010814701568,0,64,4,3.0,2.3371570567311726,0.47712125471966244,0.3686878979206085
6071727753787733120,0,10,2,6.0,6.658971760882902,0.7781512503836436,0.8234071731567383
6071727753787733120,0,11,2,2.0,3.1733694297154877,0.3010299956639812,0.5015206336975098
6071727753787733120,0,64,2,5.0,5.005697707521838,0.6989700043360189,0.6994646191596985
5216534069313881472,0,63,4,2.0,1.5014688934930747,0.3010299956639812,0.1765163391828537
5216534069313881472,0,64,4,2.0,2.6069964340627374,0.3010299956639812,0.41614043712615967
5216534069313881472,0,65,4,1.0,3.5693204662252147,0.0,0.5525855422019958
5216534069313881472,0,66,4,2.0,1.8943608985317308,0.3010299956639812,0.2774627208709717
5217124781937081984,0,10,2,2.0,1.3407604624847713,0.3010299956639812,0.12735119462013245
6076050346312676608,0,64,2,69.0,31.39276933242461,1.8388490907372552,1.496829628944397
111019720578786560,0,42,4,3.0,4.537604243716,0.47712125471966244,0.6568266153335571
111019720578786560,0,43,4,1.0,1.8709485921455848,0.0,0.27206185460090637
117448530705462912,0,42,2,2.0,2.2487922409345193,0.3010299956639812,0.3519493341445923
246697015908283264,0,59,2,1.0,1.671730981955137,0.0,0.22316639125347137
63004013433406208,0,42,2,7.0,5.595932558789162,0.8450980400142568,0.7478724718093872
63004013433406208,0,43,2,5.0,1.617745764788535,0.6989700043360189,0.208910271525383
2170284942179709824,0,56,0,5.0,3.0948968822097127,0.6989700043360189,0.4906461834907532
2168530022847665408,0,56,2,1.0,1.545391379335303,0.0,0.18903848528862
117179356515011584,0,42,4,1.0,1.1911375551240884,0.0,0.07596191763877869
117179356515011584,0,43,4,1.0,1.2817111786455322,0.0,0.10779017210006714
117179356515011584,0,44,4,1.0,2.1203156477593,0.0,0.3264005184173584
63034902838166272,0,42,3,1.0,2.0086245414273236,0.0,0.3028987646102905
63034902838166272,0,43,3,4.0,2.536251219418956,0.6020599913279624,0.4041922688484192
63034902838166272,0,44,3,7.0,4.995380595927056,0.8450980400142568,0.69856858253479
117517421980731776,0,42,3,3.0,2.1859132791733127,0.47712125471966244,0.33963292837142944
117517421980731776,0,43,3,3.0,1.3540145391081224,0.47712125471966244,0.13162332773208618
117215807902051200,0,43,4,2.0,1.437691136934439,0.3010299956639812,0.15766559541225433
117215807902051200,0,44,4,4.0,1.4263378726170133,0.6020599913279624,0.15422241389751434
118010205052095104,0,42,2,5.0,2.5181321751219854,0.6989700043360189,0.4010785222053528
118010205052095104,0,43,2,9.0,3.35495347895733,0.9542425094393249,0.525686502456665
118010205052095104,0,58,2,11.0,5.48902436042526,1.0413926851582251,0.7394951581954956
117944577952339456,0,58,4,2.0,1.6428461691301266,0.3010299956639812,0.21559689939022064
5335755730084266624,0,10,2,5.0,2.0260843544609375,0.6989700043360189,0.3066575229167938
5335755730084266624,0,11,2,5.0,3.190391817256265,0.6989700043360189,0.5038440227508545
5335755730084266624,0,37,2,3.0,5.513006439207588,0.47712125471966244,0.7413884997367859
5335755730084266624,0,38,2,2.0,2.7517829582716113,0.3010299956639812,0.4396141767501831
926393285761209984,0,20,3,3.0,1.356411467546633,0.47712125471966244,0.13239145278930664
4795598309045006208,0,5,2,4.0,3.701428196458028,0.6020599913279624,0.5683693289756775
4795598309045006208,0,6,2,3.0,4.069891034717329,0.47712125471966244,0.609582781791687
4795598309045006208,0,31,2,8.0,2.370180061190036,0.9030899869919435,0.3747813403606415
4795598309045006208,0,32,2,5.0,2.5713004316787607,0.6989700043360189,0.4101528227329254
4795598309045006208,0,33,2,3.0,1.9070716794030549,0.47712125471966244,0.28036701679229736
4794011228433961728,0,4,4,1.0,1.8110368973396096,0.0,0.2579272985458374
4794011228433961728,0,5,4,4.0,3.0020011405523856,0.6020599913279624,0.47741085290908813
4794011228433961728,0,6,4,12.0,6.230840070088806,1.0791812460476249,0.7945466041564941
4794011228433961728,0,31,4,2.0,1.697446098475426,0.3010299956639812,0.22979599237442017
4794011228433961728,0,32,4,5.0,2.716103663238886,0.6989700043360189,0.4339463412761688
4794011228433961728,0,33,4,5.0,3.027435501639152,0.6989700043360189,0.48107489943504333
117141354644522752,0,42,3,1.0,1.4303959597116982,0.0,0.1554562747478485
117141354644522752,0,43,3,1.0,1.371921463343114,0.0,0.13732925057411194
117138193548596480,0,42,4,6.0,1.8292784094104289,0.7781512503836436,0.26227980852127075
117138193548596480,0,43,4,1.0,1.6942471210369767,0.0,0.2289767563343048
117138193548596480,0,44,4,5.0,3.119297884409128,0.6989700043360189,0.4940568506717682
68979034496030848,0,42,2,4.0,2.325446902062265,0.6020599913279624,0.366506427526474
68979034496030848,0,43,2,5.0,4.962548430602123,0.6989700043360189,0.6957047581672668
68979034496030848,0,44,2,2.0,5.23126631317955,0.3010299956639812,0.7186068296432495
5505718100004664192,0,62,3,2.0,1.5028012035304292,0.3010299956639812,0.17690153419971466
5490938670862242176,0,8,2,1.0,1.5623978328467893,0.0,0.19379162788391113
6017449090982143232,0,12,0,2.0,1.6561718272763426,0.3010299956639812,0.21910539269447327
5891343113106300544,0,11,4,4.0,2.4063946254822337,0.6020599913279624,0.3813668489456177
5481705934284033152,0,2,4,2.0,1.4976328866502768,0.3010299956639812,0.1754053682088852
5481705934284033152,0,4,4,1.0,1.6030797047602274,0.0,0.2049551159143448
5481705934284033152,0,5,4,1.0,1.2298572828951069,0.0,0.08985471725463867
5481705934284033152,0,6,4,2.0,1.9861283448082048,0.3010299956639812,0.2980073094367981
5481705934284033152,0,7,4,3.0,1.440302609824936,0.47712125471966244,0.15845374763011932
5481705934284033152,0,8,4,1.0,1.515959317730909,0.0,0.1806875467300415
5481705934284033152,0,9,4,1.0,2.2774441913700145,0.0,0.3574477434158325
5481705934284033152,0,11,4,1.0,1.3191045632693943,0.0,0.1202792227268219
5481705934284033152,0,12,4,1.0,1.3025719889399523,0.0,0.11480173468589783
5481705934284033152,0,13,4,2.0,1.2969324707705077,0.3010299956639812,0.11291736364364624
5481705934284033152,0,61,4,1.0,1.7148883616700743,0.0,0.23423585295677185
5481705934284033152,0,63,4,3.0,1.5963886617087495,0.47712125471966244,0.20313863456249237
5481705934284033152,0,64,4,2.0,1.6603910674567721,0.3010299956639812,0.22021038830280304
5481705934284033152,0,66,4,1.0,1.705771380223955,0.0,0.23192082345485687
5481705934284033152,0,67,4,1.0,1.3677253761746562,0.0,0.1359989047050476
5555416163017823104,0,61,3,9.0,7.802804336925173,0.9542425094393249,0.8922507166862488
5491506843495850240,0,7,0,5.0,4.216231813701713,0.6989700043360189,0.6249244809150696
5491506843495850240,0,8,0,4.0,2.7296109466812974,0.6020599913279624,0.4361007511615753
5491506843495850240,0,9,0,4.0,5.096294644747289,0.6020599913279624,0.7072545289993286
5491506843495850240,0,33,0,6.0,7.358513921193365,0.7781512503836436,0.8667901158332825
5491506843495850240,0,34,0,5.0,5.517618521724212,0.6989700043360189,0.7417516708374023
5491506843495850240,0,35,0,5.0,3.4553090523845795,0.6989700043360189,0.538486897945404
5491506843495850240,0,36,0,7.0,5.698762760358527,0.8450980400142568,0.7557805776596069
5491506843495850240,0,39,0,5.0,2.9229580165169295,0.6989700043360189,0.46582257747650146
5491506843495850240,0,61,0,8.0,4.336874665122568,0.9030899869919435,0.6371768712997437
5491506843495850240,0,62,0,2.0,5.063783909151737,0.3010299956639812,0.7044751644134521
5491506843495850240,0,66,0,5.0,4.3002560698084595,0.6989700043360189,0.6334943175315857
5491436062434687744,0,61,1,10.0,7.082649747118558,1.0,0.8501957654953003
5491436062434687744,0,62,1,17.0,6.340429223788894,1.2304489213782739,0.8021186590194702
5491436062434687744,0,66,1,6.0,6.211980113743599,0.7781512503836436,0.7932300567626953
5490181210429412608,0,62,4,2.0,1.5914210655213492,0.3010299956639812,0.2017851024866104
5490181210429412608,0,67,4,1.0,1.306820248080431,0.0,0.11621585488319397
5479723411740391168,0,63,4,2.0,1.4223101355892567,0.3010299956639812,0.152994304895401
5479723411740391168,0,66,4,1.0,1.1934067366239915,0.0,0.07678848505020142
5480524131083131776,0,61,2,2.0,4.89599978037686,0.3010299956639812,0.6898413896560669
5480524131083131776,0,62,2,5.0,4.595360014182878,0.6989700043360189,0.662319540977478
5480524131083131776,0,63,2,1.0,3.8727715070187037,0.0,0.5880218744277954
5480524131083131776,0,64,2,4.0,3.8557293273072015,0.6020599913279624,0.586106538772583
5480524131083131776,0,67,2,2.0,2.484852912513767,0.3010299956639812,0.3953006863594055
5486822511643776256,0,67,3,1.0,1.2250677229733071,0.0,0.08816009759902954
5486829039994165376,0,2,0,1.0,1.8317572855214235,0.0,0.26286792755126953
5486829039994165376,0,3,0,1.0,1.536214947199142,0.0,0.1864519864320755
5486829039994165376,0,5,0,1.0,1.7050869851965622,0.0,0.23174653947353363
5486829039994165376,0,6,0,2.0,1.7725106167139029,0.3010299956639812,0.24858884513378143
5486829039994165376,0,8,0,1.0,1.571372571200096,0.0,0.19627916812896729
5486829039994165376,0,9,0,1.0,1.7178980107780233,0.0,0.23499737679958344
5486829039994165376,0,12,0,2.0,1.8816299860705705,0.3010299956639812,0.2745342254638672
5486829039994165376,0,13,0,4.0,2.740674813274766,0.6020599913279624,0.4378575086593628
5486829039994165376,0,27,0,1.0,4.839409797699566,0.0,0.6847923994064331
5486829039994165376,0,29,0,1.0,1.564880608412612,0.0,0.19448120892047882
5486829039994165376,0,30,0,2.0,2.1376979419656363,0.3010299956639812,0.3299463391304016
5486829039994165376,0,31,0,3.0,2.2712738910931765,0.47712125471966244,0.356269508600235
5486829039994165376,0,32,0,1.0,2.4632545547668676,0.0,0.3915092945098877
5486829039994165376,0,33,0,5.0,1.903601608764342,0.6989700043360189,0.27957606315612793
5486829039994165376,0,34,0,4.0,1.9048409038737009,0.6020599913279624,0.27985870838165283
5486829039994165376,0,36,0,2.0,2.4639559783326614,0.3010299956639812,0.39163294434547424
5486829039994165376,0,37,0,2.0,3.4534596032672944,0.3010299956639812,0.5382543802261353
5486829039994165376,0,39,0,3.0,2.7424069359661063,0.47712125471966244,0.4381318986415863
5486829039994165376,0,61,0,4.0,2.0070739271242135,0.6020599913279624,0.3025633692741394
5486829039994165376,0,62,0,2.0,4.195428552452696,0.3010299956639812,0.6227763295173645
5486829039994165376,0,63,0,2.0,2.7740267509504744,0.3010299956639812,0.4431106448173523
5486829039994165376,0,67,0,2.0,1.8402220337331403,0.3010299956639812,0.26487022638320923
5810139540794248960,0,12,4,2.0,1.5694107813624505,0.3010299956639812,0.19573663175106049
5491212311818226816,0,62,4,2.0,1.6833954781920613,0.3010299956639812,0.22618615627288818
5486570929639242624,0,63,1,3.0,2.1650800321632206,0.47712125471966244,0.3354739546775818
5486570929639242624,0,64,1,3.0,1.8209154812092287,0.47712125471966244,0.2602897882461548
5486572269669078144,0,62,0,1.0,1.6281076217951722,0.0,0.21168310940265656
5486572269669078144,0,64,0,1.0,1.378651551132953,0.0,0.13945451378822327
5487037191289385600,0,61,3,1.0,1.5427414884026733,0.0,0.18829315900802612
5487037191289385600,0,67,3,1.0,1.2174889100746507,0.0,0.08546501398086548
5486966341508992256,0,61,1,2.0,1.4082894389238196,0.3010299956639812,0.14869192242622375
5486966341508992256,0,66,1,3.0,1.5705248682660267,0.47712125471966244,0.19604481756687164
5486966341508992256,0,67,1,2.0,1.9630770162368687,0.3010299956639812,0.29293733835220337
5228603404155099392,0,10,3,2.0,1.5083116509521861,0.3010299956639812,0.17849108576774597
5228603404155099392,0,11,3,3.0,1.463935976012596,0.47712125471966244,0.16552208364009857
4662589219211975296,0,1,3,4.0,4.446273029240874,0.6020599913279624,0.6479961276054382
4662589219211975296,0,2,3,5.0,3.115814395295589,0.6989700043360189,0.49357157945632935
4662589219211975296,0,3,3,3.0,1.8095682825378048,0.47712125471966244,0.25757497549057007
4662589219211975296,0,4,3,3.0,4.488863972612427,0.47712125471966244,0.6521364450454712
4662589219211975296,0,5,3,5.0,3.923574754594396,0.6989700043360189,0.5936819314956665
4662589219211975296,0,6,3,7.0,4.0744828444479,0.8450980400142568,0.6100724935531616
4662589219211975296,0,7,3,6.0,5.231742344918562,0.7781512503836436,0.7186463475227356
4662589219211975296,0,8,3,4.0,3.5038410693152575,0.6020599913279624,0.5445443987846375
4662589219211975296,0,10,3,4.0,3.157092505394348,0.6020599913279624,0.49928730726242065
4662589219211975296,0,11,3,1.0,3.097241799331068,0.0,0.49097511172294617
4662589219211975296,0,12,3,6.0,3.851600241910419,0.7781512503836436,0.5856412053108215
4662589219211975296,0,13,3,8.0,3.4744612705952056,0.9030899869919435,0.5408874750137329
4662589219211975296,0,27,3,5.0,3.151872161989611,0.6989700043360189,0.498568594455719
4662589219211975296,0,28,3,5.0,6.80674164836779,0.6989700043360189,0.8329392671585083
4662589219211975296,0,29,3,4.0,4.300581275494459,0.6020599913279624,0.6335271596908569
4662589219211975296,0,30,3,7.0,4.715255677238334,0.8450980400142568,0.6735052466392517
4662589219211975296,0,31,3,5.0,3.201234651074282,0.6989700043360189,0.5053175091743469
4662589219211975296,0,32,3,5.0,5.40456553010102,0.6989700043360189,0.7327607870101929
4662589219211975296,0,33,3,6.0,4.468750641238524,0.7781512503836436,0.6501861214637756
4662589219211975296,0,34,3,2.0,2.7434190229934523,0.3010299956639812,0.43829214572906494
4662589219211975296,0,35,3,2.0,3.7985000450161843,0.3010299956639812,0.579612135887146
4662589219211975296,0,36,3,3.0,3.167823038037253,0.47712125471966244,0.5007609128952026
4662589219211975296,0,37,3,5.0,2.813369833671049,0.6989700043360189,0.44922682642936707
4662589219211975296,0,38,3,1.0,2.768518250202715,0.0,0.4422473907470703
4662589219211975296,0,39,3,3.0,4.122108298520902,0.47712125471966244,0.6151193976402283
4662589219211975296,0,62,3,3.0,4.293663420886687,0.47712125471966244,0.6328279972076416
4662589219211975296,0,63,3,3.0,3.3111542843709922,0.47712125471966244,0.5199794173240662
4662589219211975296,0,64,3,8.0,2.6278792406212057,0.9030899869919435,0.41960540413856506
4662589219211975296,0,65,3,4.0,2.5337227568330896,0.6020599913279624,0.40375909209251404
4662589219211975296,0,66,3,2.0,6.316219864133272,0.3010299956639812,0.800457239151001
5981858685540705152,0,12,1,4.0,2.330120996518861,0.6020599913279624,0.36737847328186035
5981858685540705152,0,39,1,10.0,12.933371142776899,1.0,1.1117117404937744
5236792880333011968,0,10,1,3.0,7.422378929185016,0.47712125471966244,0.8705431222915649
5236792880333011968,0,11,1,3.0,2.672766043588497,0.47712125471966244,0.42696094512939453
5236792880333011968,0,64,1,2.0,1.9398083623652294,0.3010299956639812,0.28775882720947266
2084478371858053760,0,56,4,5.0,5.50152291679562,0.6989700043360189,0.7404829263687134
6011259699490841856,0,12,4,3.0,1.7769544165345572,0.47712125471966244,0.24967628717422485
6011259699490841856,0,38,4,7.0,5.602537520764592,0.8450980400142568,0.7483847737312317
6011288183714670336,0,12,3,1.0,3.7766995480617256,0.0,0.5771124362945557
6011288183714670336,0,38,3,2.0,3.2331766107171878,0.3010299956639812,0.5096294283866882
6008416877820091520,0,12,4,1.0,1.751975899626005,0.0,0.24352812767028809
5236296171620605824,0,64,3,36.0,54.2533423217254,1.5563025007672873,1.734426498413086
5981630983552995328,0,12,0,5.0,4.0564054978641595,0.6989700043360189,0.6081413626670837
5981630983552995328,0,39,0,9.0,4.68397019968426,0.9542425094393249,0.6706141233444214
5410009942142844032,0,9,4,16.0,7.793755179009105,1.2041199826559248,0.8917467594146729
5410009942142844032,0,35,4,7.0,5.839886282002786,0.8450980400142568,0.766404390335083
5410009942142844032,0,36,4,3.0,3.939279934479578,0.47712125471966244,0.5954168438911438
5410009942142844032,0,62,4,15.0,13.51703841130027,1.1760912590556813,1.1308815479278564
5410009942142844032,0,63,4,15.0,5.827343568401005,1.1760912590556813,0.7654706239700317
2132774072206249344,0,15,0,5.0,2.5481981230972894,0.6989700043360189,0.40623319149017334
2132774072206249344,0,26,0,2.0,2.3240612230963307,0.3010299956639812,0.3662475645542145
2132774072206249344,0,40,0,6.0,3.1989029771475685,0.7781512503836436,0.5050010681152344
2132774072206249344,0,41,0,6.0,7.008832257365014,0.7781512503836436,0.8456456661224365
2132774072206249344,0,53,0,1.0,2.5114078355577147,0.0,0.39991724491119385
2132774072206249344,0,54,0,5.0,5.802523653780553,0.6989700043360189,0.7636169195175171
2132774072206249344,0,55,0,7.0,3.116421046393102,0.8450980400142568,0.49365612864494324
5282159520330090624,0,1,1,2.0,1.4600152063738578,0.3010299956639812,0.16435737907886505
5282159520330090624,0,4,1,1.0,1.4756008140275085,0.0,0.16896888613700867
5282159520330090624,0,5,1,1.0,1.2980692137380936,0.0,0.11329784989356995
5282159520330090624,0,6,1,4.0,1.5632473173795212,0.6020599913279624,0.19402769207954407
5282159520330090624,0,7,1,2.0,1.4861820384626254,0.3010299956639812,0.17207200825214386
5282159520330090624,0,8,1,1.0,1.533652354632662,0.0,0.18572692573070526
5282159520330090624,0,10,1,1.0,1.3282112180574446,0.0,0.12326714396476746
5282159520330090624,0,11,1,2.0,1.493473052027863,0.3010299956639812,0.17419739067554474
5282159520330090624,0,12,1,1.0,1.230725937264738,0.0,0.09016135334968567
5282159520330090624,0,13,1,5.0,1.4330588384190297,0.6989700043360189,0.1562640219926834
5282159520330090624,0,27,1,3.0,1.4560375420726144,0.47712125471966244,0.16317257285118103
5282159520330090624,0,28,1,1.0,1.5023786018693637,0.0,0.1767793893814087
5282159520330090624,0,29,1,2.0,1.4477920160567395,0.3010299956639812,0.16070617735385895
5282159520330090624,0,30,1,1.0,1.2279786353543538,0.0,0.08919081091880798
5282159520330090624,0,31,1,1.0,1.5444921382005252,0.0,0.18878570199012756
5282159520330090624,0,32,1,1.0,1.6146746622915322,0.0,0.20808503031730652
5282159520330090624,0,33,1,1.0,1.5183455846354257,0.0,0.18137063086032867
5282159520330090624,0,34,1,4.0,1.8900499585446666,0.6020599913279624,0.2764732837677002
5282159520330090624,0,36,1,3.0,1.5098564097317253,0.47712125471966244,0.17893564701080322
5282159520330090624,0,37,1,1.0,1.4756516976752232,0.0,0.16898386180400848
5282159520330090624,0,38,1,2.0,1.6966185152884308,0.3010299956639812,0.229584202170372
5282159520330090624,0,39,1,4.0,1.6124279820828098,0.6020599913279624,0.207480326294899
5275255721179872128,0,4,1,3.0,1.4444907771875133,0.47712125471966244,0.15971477329730988
5275255721179872128,0,6,1,1.0,1.7735906898055522,0.0,0.248853400349617
5275255721179872128,0,10,1,1.0,1.5763995503765267,0.0,0.19766630232334137
5275255721179872128,0,11,1,1.0,1.5500316412986406,0.0,0.1903405636548996
5275255721179872128,0,12,1,1.0,1.644222970685905,0.0,0.21596071124076843
5274169506769902848,0,1,1,6.0,7.771143508532562,0.7781512503836436,0.8904849290847778
5274169506769902848,0,2,1,12.0,11.536354196899879,1.0791812460476249,1.0620685815811157
5274169506769902848,0,3,1,10.0,13.015474075013865,1.0,1.1144599914550781
5274169506769902848,0,4,1,8.0,10.698798840731756,0.9030899869919435,1.0293350219726562
5274169506769902848,0,5,1,8.0,10.363452934679174,0.9030899869919435,1.0155044794082642
5274169506769902848,0,6,1,10.0,10.346646106807345,1.0,1.0147995948791504
5274169506769902848,0,7,1,8.0,12.13549706351994,0.9030899869919435,1.0840575695037842
5274169506769902848,0,8,1,5.0,7.454945122366412,0.6989700043360189,0.8724444508552551
5274169506769902848,0,9,1,9.0,12.247515034869128,0.9542425094393249,1.088047981262207
5274169506769902848,0,11,1,2.0,6.6869411177011955,0.3010299956639812,0.8252274990081787
5274169506769902848,0,12,1,8.0,10.162770747180849,0.9030899869919435,1.007012128829956
5274169506769902848,0,13,1,10.0,7.669039041463695,1.0,0.884740948677063
5274169506769902848,0,27,1,10.0,7.340231914284779,1.0,0.8657097816467285
5274169506769902848,0,28,1,7.0,6.609885650583191,0.8450980400142568,0.8201939463615417
5274169506769902848,0,29,1,13.0,9.422823492375903,1.1139433523068367,0.974181056022644
5274169506769902848,0,30,1,9.0,11.949786696346006,0.9542425094393249,1.0773601531982422
5274169506769902848,0,31,1,15.0,10.571683989893373,1.1760912590556813,1.024144172668457
5274169506769902848,0,32,1,15.0,13.45679927364539,1.1760912590556813,1.1289417743682861
5274169506769902848,0,33,1,16.0,13.283724633833518,1.2041199826559248,1.1233198642730713
5274169506769902848,0,34,1,7.0,11.799248641154318,0.8450980400142568,1.0718543529510498
5274169506769902848,0,35,1,7.0,9.605108646378959,0.8450980400142568,0.982502281665802
5274169506769902848,0,36,1,10.0,12.309258593071466,1.0,1.0902318954467773
5274169506769902848,0,37,1,10.0,13.42951906507593,1.0,1.1280604600906372
5274169506769902848,0,38,1,12.0,11.543490772288667,1.0791812460476249,1.0623371601104736
5274169506769902848,0,39,1,13.0,10.967947678442629,1.1139433523068367,1.0401253700256348
5274169506769902848,0,61,1,13.0,10.951498137336449,1.1139433523068367,1.039473533630371
5274169506769902848,0,62,1,8.0,15.283655085354834,0.9030899869919435,1.1842272281646729
5274169506769902848,0,63,1,11.0,17.450464193022952,1.0413926851582251,1.241806983947754
5274169506769902848,0,64,1,8.0,11.305174079811975,0.9030899869919435,1.0532772541046143
5274169506769902848,0,65,1,14.0,12.567948236655582,1.146128035678238,1.09926438331604
5274169506769902848,0,66,1,15.0,14.521696151037844,1.1760912590556813,1.1620173454284668
5274169506769902848,0,67,1,7.0,9.957720797391726,0.8450980400142568,0.9981599450111389
2448500283527252608,0,42,1,2.0,1.2583949824638614,0.3010299956639812,0.09981697797775269
2545879114955390976,0,42,4,2.0,1.5509898773588724,0.3010299956639812,0.19060896337032318
6010385312871022208,0,12,1,3.0,1.549657966366392,0.47712125471966244,0.19023585319519043
4790875077673493760,0,32,4,4.0,2.1341795994533506,0.6020599913279624,0.3292309641838074
455743279049438464,0,58,4,4.0,1.9738744584242562,0.6020599913279624,0.295319527387619
438419648715329408,0,58,1,2.0,4.0003164882643985,0.3010299956639812,0.6020943522453308
451158727875214848,0,58,4,10.0,5.2950184290483175,1.0,0.7238674759864807
5804652977768972416,0,66,2,3.0,1.3744107347311245,0.47712125471966244,0.13811653852462769
5220674555226952960,0,12,4,1.0,1.3635674805117848,0.0,0.13467663526535034
438223592047536640,0,58,4,5.0,7.86675965369743,0.6989700043360189,0.8957958817481995
683040919806533760,0,46,1,4.0,2.368937435576841,0.6020599913279624,0.3745535910129547
438625910224539392,0,58,2,2.0,2.1450584837234703,0.3010299956639812,0.33143913745880127
1115041920280912000,0,60,3,1.0,1.232614201243222,0.0,0.09082716703414917
439076606913564672,0,58,3,1.0,1.4424784679763782,0.0,0.15910933911800385
68618978798306432,0,42,0,4.0,2.379492794788485,0.6020599913279624,0.37648439407348633
68618978798306432,0,43,0,6.0,4.5974228304314675,0.7781512503836436,0.6625144481658936
68618978798306432,0,44,0,9.0,4.06487313370878,0.9542425094393249,0.609046995639801
69436328253987328,0,43,3,1.0,1.370765573409928,0.0,0.13696318864822388
70954307135798912,0,42,3,2.0,3.9306962794899563,0.3010299956639812,0.5944694876670837
70954307135798912,0,43,3,3.0,1.3539727276866027,0.47712125471966244,0.13160991668701172
70954307135798912,0,44,3,3.0,3.744455689877384,0.47712125471966244,0.5733886957168579
71262410909499264,0,42,0,4.0,1.7076991206173382,0.6020599913279624,0.23241135478019714
71262410909499264,0,43,0,2.0,1.5687215122895597,0.3010299956639812,0.19554585218429565
71262410909499264,0,44,0,7.0,2.5657692506925187,0.8450980400142568,0.40921759605407715
70313016978627584,0,44,1,3.0,1.238647814448027,0.47712125471966244,0.09294784069061279
70153484713977472,0,42,2,3.0,3.441781830650632,0.47712125471966244,0.5367833375930786
70153484713977472,0,44,2,1.0,1.9251573725731996,0.0,0.2844662368297577
70143314231433600,0,42,1,1.0,1.2795507385049214,0.0,0.10705751180648804
70129050643128832,0,42,0,1.0,1.5519312401622354,0.0,0.19087247550487518
70129050643128832,0,43,0,1.0,1.2660003638545116,0.0,0.10243383049964905
70129050643128832,0,44,0,1.0,1.4479658409579015,0.0,0.16075831651687622
70098612211973248,0,43,2,1.0,1.5358159364211363,0.0,0.18633916974067688
70098612211973248,0,44,2,5.0,3.1092249783609414,0.6989700043360189,0.49265214800834656
69904410970171392,0,42,4,1.0,1.4594074818403753,0.0,0.1641765683889389
69904410970171392,0,43,4,4.0,2.9959704511005203,0.6020599913279624,0.4765375256538391
69904410970171392,0,44,4,3.0,1.9911725323697267,0.47712125471966244,0.2991088926792145
69904617128601984,0,42,4,3.0,1.5244333248138122,0.47712125471966244,0.18310843408107758
69904617128601984,0,43,4,3.0,2.0623663033087154,0.47712125471966244,0.31436580419540405
69904101732529408,0,42,0,4.0,2.711941698334921,0.6020599913279624,0.433280348777771
69904101732529408,0,43,0,7.0,5.48600806331142,0.8450980400142568,0.7392564415931702
69904101732529408,0,44,0,6.0,5.481308055552783,0.7781512503836436,0.7388842105865479
69896473870624640,0,42,1,5.0,2.2385725560644874,0.6989700043360189,0.3499711751937866
69896473870624640,0,43,1,2.0,3.526634727880795,0.3010299956639812,0.5473604798316956
69896473870624640,0,44,1,3.0,2.888502224687268,0.47712125471966244,0.4606727063655853
69876506565909632,0,43,0,2.0,1.9124070187711941,0.3010299956639812,0.2815803289413452
69876506565909632,0,44,0,1.0,1.7027650984017764,0.0,0.23115473985671997
68327402058399232,0,43,4,2.0,1.7813220156576428,0.3010299956639812,0.25074243545532227
68327402058399232,0,44,4,2.0,1.8068627542347007,0.3010299956639812,0.25692516565322876
68323966084583680,0,42,0,2.0,1.7896916106179577,0.3010299956639812,0.25277820229530334
68323966084583680,0,43,0,3.0,2.5466077121466077,0.47712125471966244,0.4059620499610901
68323966084583680,0,44,0,3.0,1.404242658536387,0.47712125471966244,0.14744216203689575
68317746971945600,0,42,2,2.0,1.3810224359454657,0.3010299956639812,0.14020073413848877
68317746971945600,0,43,2,3.0,1.9925656442192423,0.47712125471966244,0.29941263794898987
68317746971945600,0,44,2,2.0,1.855298324275266,0.3010299956639812,0.2684137523174286
68314414077327744,0,42,3,6.0,1.991464414674847,0.7781512503836436,0.2991725504398346
68314414077327744,0,43,3,5.0,2.8341966478636538,0.6989700043360189,0.45242998003959656
68314414077327744,0,44,3,8.0,3.9879174037211693,0.9030899869919435,0.6007461547851562
68297921403225984,0,43,0,2.0,2.6910930832225497,0.3010299956639812,0.429928719997406
68297921403225984,0,44,0,2.0,1.97227663678642,0.3010299956639812,0.2949678301811218
68294554148575232,0,42,0,1.0,1.399992964093177,0.0,0.14612585306167603
68294554148575232,0,43,0,1.0,2.31436931568444,0.0,0.3644326627254486
68294554148575232,0,44,0,2.0,2.454912159950673,0.3010299956639812,0.3900359570980072
5221973868734158976,0,10,4,5.0,4.611519495403614,0.6989700043360189,0.6638440489768982
5221973868734158976,0,11,4,3.0,2.55209268180365,0.47712125471966244,0.4068964421749115
5221973868734158976,0,12,4,2.0,3.392488722201312,0.3010299956639812,0.5305184125900269
5221973868734158976,0,36,4,5.0,7.380366583192201,0.6989700043360189,0.8680779337882996
5221973868734158976,0,37,4,7.0,5.778666721139649,0.8450980400142568,0.7618276476860046
5221973868734158976,0,38,4,3.0,8.258138405459354,0.47712125471966244,0.9168821573257446
5221973868734158976,0,39,4,12.0,8.145097761052039,1.0791812460476249,0.9108963012695312
5222203804103923968,0,36,3,1.0,1.443210607986306,0.0,0.15932971239089966
5222203804103923968,0,37,3,2.0,1.6388386772806822,0.3010299956639812,0.21453620493412018
5222203804103923968,0,38,3,3.0,1.9929274768284828,0.47712125471966244,0.2994914948940277
5997561193360156160,0,12,4,3.0,1.9039076987089234,0.47712125471966244,0.2796458899974823
5219070981938857216,0,10,0,3.0,1.507278569814736,0.47712125471966244,0.17819352447986603
5219070981938857216,0,12,0,1.0,1.6448820328516216,0.0,0.21613475680351257
5332922112460126976,0,10,0,1.0,1.606887000918713,0.0,0.20598533749580383
5332922112460126976,0,11,0,3.0,3.048486306419065,0.47712125471966244,0.48408424854278564
5332514197981975808,0,10,3,1.0,2.2934218425694928,0.0,0.36048394441604614
5332514197981975808,0,11,3,1.0,1.513154336281729,0.0,0.1798832267522812
5273994409542400896,0,61,2,1.0,1.5353295269922027,0.0,0.18620160222053528
5273994409542400896,0,62,2,3.0,1.3628691500094026,0.47712125471966244,0.1344541609287262
5273994409542400896,0,64,2,3.0,1.6303352015911947,0.47712125471966244,0.2122769057750702
5273994409542400896,0,65,2,1.0,2.4514390810976647,0.0,0.38942110538482666
5273994409542400896,0,67,2,2.0,1.3964435221205287,0.3010299956639812,0.145023375749588
5270586438892438528,0,61,1,3.0,2.1564891018979573,0.47712125471966244,0.3337472677230835
5270586438892438528,0,63,1,1.0,1.6606465975499967,0.0,0.22027722001075745
5270586438892438528,0,64,1,5.0,2.2048817814632535,0.6989700043360189,0.3433853089809418
5270586438892438528,0,65,1,2.0,1.4415359314387182,0.3010299956639812,0.15882547199726105
5270586438892438528,0,66,1,1.0,1.4313394630874396,0.0,0.15574264526367188
5221210807662502144,0,62,1,1.0,1.8137439462309515,0.0,0.258575975894928
5221210807662502144,0,63,1,2.0,1.8767104266608676,0.3010299956639812,0.2733972668647766
5221210807662502144,0,64,1,2.0,1.6231838365442788,0.3010299956639812,0.21036770939826965
5221210807662502144,0,65,1,2.0,1.613369434245034,0.3010299956639812,0.20773382484912872
5221210807662502144,0,66,1,1.0,2.0531300719015295,0.0,0.3124164640903473
5271426397057175936,0,5,0,1.0,1.917377916235937,0.0,0.28270772099494934
5271426397057175936,0,9,0,4.0,2.199668110262587,0.6020599913279624,0.34235715866088867
5271426397057175936,0,10,0,4.0,1.7377066603542652,0.6020599913279624,0.23997646570205688
5271426397057175936,0,12,0,3.0,3.2781778399100934,0.47712125471966244,0.5156325101852417
5271426397057175936,0,28,0,1.0,1.674479764282699,0.0,0.22387990355491638
5271426397057175936,0,29,0,1.0,1.7363162173368467,0.0,0.23962882161140442
5271426397057175936,0,31,0,1.0,2.5453847258717723,0.0,0.4057534337043762
5271426397057175936,0,36,0,3.0,3.0724667870711424,0.47712125471966244,0.48748719692230225
5271426397057175936,0,37,0,2.0,1.5748800276469872,0.3010299956639812,0.1972474753856659
5271426397057175936,0,38,0,1.0,1.7501972361942448,0.0,0.24308699369430542
5271426397057175936,0,39,0,3.0,2.1932104573690667,0.47712125471966244,0.34108030796051025
5335220267909593216,0,11,4,1.0,1.7461793752756902,0.0,0.24208885431289673
5276004248080596992,0,63,2,1.0,1.4533131656475091,0.0,0.16235920786857605
5276004248080596992,0,65,2,1.0,1.3746522975431228,0.0,0.13819286227226257
5332306630778119552,0,11,1,2.0,1.3898835024479124,0.3010299956639812,0.14297839999198914
5270025516164009728,0,63,2,2.0,2.819707403257164,0.3010299956639812,0.4502040445804596
5270025516164009728,0,64,2,2.0,1.5104393281699064,0.3010299956639812,0.179103285074234
5270025516164009728,0,65,2,2.0,1.9453335365412725,0.3010299956639812,0.28899407386779785
4654653661534633088,0,4,3,4.0,1.6896134598173118,0.6020599913279624,0.22778736054897308
4654653661534633088,0,5,3,3.0,1.369638101524467,0.47712125471966244,0.13660582900047302
4654653661534633088,0,6,3,1.0,1.313889175342894,0.0,0.11855873465538025
4654653661534633088,0,9,3,1.0,1.3657173823433224,0.0,0.13536083698272705
4654653661534633088,0,11,3,3.0,1.5870698796592464,0.47712125471966244,0.20059604942798615
4654653661534633088,0,12,3,1.0,1.2010882345386247,0.0,0.07957491278648376
4654653661534633088,0,13,3,1.0,1.3758098599394515,0.0,0.13855841755867004
4654653661534633088,0,28,3,1.0,1.2019213930065142,0.0,0.07987606525421143
4654653661534633088,0,29,3,1.0,2.01800853144152,0.0,0.30492299795150757
4654653661534633088,0,30,3,2.0,1.3019404540905097,0.3010299956639812,0.11459112167358398
4654653661534633088,0,32,3,1.0,1.3804053430282404,0.0,0.1400066316127777
4654653661534633088,0,33,3,1.0,1.3948570450532025,0.0,0.14452970027923584
4654653661534633088,0,34,3,1.0,1.33934762447951,0.0,0.1268933117389679
4654653661534633088,0,37,3,1.0,1.3423037415710632,0.0,0.12785080075263977
4654653661534633088,0,39,3,3.0,1.5149125259996437,0.47712125471966244,0.18038755655288696
6006995587234176000,0,11,3,5.0,9.987721392885867,0.6989700043360189,0.9994664192199707
6006995587234176000,0,38,3,1.0,5.518251630970163,0.0,0.7418015003204346
5221476752038447104,0,10,0,1.0,1.3756538068263426,0.0,0.13850915431976318
5221476752038447104,0,11,0,1.0,1.2531162081714444,0.0,0.09799134731292725
5223338912419663360,0,9,4,1.0,1.634204930312356,0.0,0.2133065164089203
5223338912419663360,0,10,4,3.0,2.757663288499924,0.47712125471966244,0.44054123759269714
5223338912419663360,0,11,4,4.0,5.14137168487255,0.6020599913279624,0.7110790014266968
5223338912419663360,0,12,4,1.0,2.083993610305036,0.0,0.3188963830471039
5223338912419663360,0,29,4,1.0,1.4382226553599322,0.0,0.15782612562179565
5223338912419663360,0,36,4,2.0,1.9482808989634195,0.3010299956639812,0.2896515727043152
5223338912419663360,0,37,4,4.0,1.6122050957816512,0.6020599913279624,0.20742028951644897
5223338912419663360,0,39,4,2.0,1.721724314897524,0.3010299956639812,0.2359636127948761
5223338912419663360,0,62,4,2.0,3.0242249771712726,0.3010299956639812,0.4806140959262848
5223338912419663360,0,63,4,2.0,2.3709630124374974,0.3010299956639812,0.37492477893829346
5223338912419663360,0,64,4,2.0,1.6905123328987874,0.3010299956639812,0.22801834344863892
5223338912419663360,0,65,4,1.0,1.6073694976618191,0.0,0.20611572265625
5221537843653900544,0,9,3,10.0,6.191870111004773,1.0,0.7918218374252319
5221537843653900544,0,10,3,13.0,3.317364095831542,1.1139433523068367,0.5207931399345398
5221537843653900544,0,11,3,5.0,4.353912696113549,0.6989700043360189,0.6388797163963318
5221537843653900544,0,29,3,8.0,2.4070446749216385,0.9030899869919435,0.38148415088653564
5221537843653900544,0,36,3,15.0,11.624633301260625,1.1760912590556813,1.06537926197052
5221537843653900544,0,37,3,7.0,7.504141307179839,0.8450980400142568,0.8753010034561157
5221537843653900544,0,38,3,14.0,3.918537723253111,1.146128035678238,0.5931240320205688
5221537843653900544,0,39,3,12.0,4.103316156313007,1.0791812460476249,0.6131349802017212
5221537843653900544,0,63,3,7.0,7.462545899571806,0.8450980400142568,0.8728870153427124
5221537843653900544,0,64,3,15.0,9.09952967620658,1.1760912590556813,0.9590189456939697
5221537843653900544,0,65,3,12.0,10.364258004545928,1.0791812460476249,1.015538215637207
4853515084038073344,0,4,4,8.0,6.526504411880021,0.9030899869919435,0.8146806359291077
4853515084038073344,0,30,4,10.0,9.464279777968104,1.0,0.9760875701904297
4853515084038073344,0,31,4,9.0,6.6264122752927594,0.9542425094393249,0.82127845287323
5290758899551803520,0,8,2,2.0,1.2456763552500172,0.3010299956639812,0.0954052209854126
5277462269217606400,0,7,0,4.0,12.129329495368177,0.6020599913279624,1.0838367938995361
5277462269217606400,0,8,0,8.0,13.233828581783989,0.9030899869919435,1.12168550491333
5277462269217606400,0,9,0,8.0,11.570242250924034,0.9030899869919435,1.0633424520492554
5277462269217606400,0,10,0,5.0,8.008995377127777,0.6989700043360189,0.9035780429840088
5277462269217606400,0,28,0,11.0,6.5118676254441015,1.0413926851582251,0.813705563545227
5277462269217606400,0,31,0,6.0,6.402086848491629,0.7781512503836436,0.8063215613365173
5277462269217606400,0,37,0,6.0,4.085978317588924,0.7781512503836436,0.6112960577011108
5277462269217606400,0,38,0,8.0,7.10348038684034,0.9030899869919435,0.8514711856842041
5277462269217606400,0,61,0,11.0,4.697294833822773,1.0413926851582251,0.6718478202819824
5277462269217606400,0,62,0,7.0,4.852513252186292,0.8450980400142568,0.6859667301177979
5277462269217606400,0,63,0,11.0,6.1347851602665475,1.0413926851582251,0.7877993583679199
5277462269217606400,0,64,0,6.0,5.284982590074438,0.7781512503836436,0.7230435609817505
5289742199192372096,0,8,0,4.0,3.036336097959568,0.6020599913279624,0.48234984278678894
5289742199192372096,0,9,0,4.0,4.216128235594596,0.6020599913279624,0.6249138116836548
5277096097486882560,0,5,2,3.0,4.719842275780529,0.47712125471966244,0.6739274859428406
5277096097486882560,0,8,2,3.0,3.3577265322044205,0.47712125471966244,0.5260453224182129
5277096097486882560,0,9,2,2.0,3.9762661254078453,0.3010299956639812,0.5994754433631897
5277096097486882560,0,10,2,3.0,5.157773969574349,0.47712125471966244,0.712462306022644
5277096097486882560,0,28,2,3.0,3.250793293277193,0.47712125471966244,0.5119893550872803
5277096097486882560,0,31,2,5.0,3.1374009297513537,0.6989700043360189,0.49657002091407776
5277096097486882560,0,36,2,2.0,2.9975913547852766,0.3010299956639812,0.4767724275588989
5277096097486882560,0,37,2,2.0,2.5276045383376964,0.3010299956639812,0.40270912647247314
5277096097486882560,0,38,2,2.0,5.135284324712909,0.3010299956639812,0.7105644941329956
5277096097486882560,0,61,2,2.0,4.333976944603709,0.3010299956639812,0.6368865966796875
5277096097486882560,0,62,2,1.0,4.436687545888776,0.0,0.6470588445663452
5277096097486882560,0,64,2,1.0,5.002952498321348,0.0,0.6992263793945312
5277096097486882560,0,65,2,6.0,3.0184974046060495,0.7781512503836436,0.4797908067703247
6053316942666110720,0,11,4,13.0,5.806763461879433,1.1139433523068367,0.7639341354370117
6053316942666110720,0,37,4,11.0,11.07485952595965,1.0413926851582251,1.0443382263183594
6053316942666110720,0,38,4,11.0,7.315947291464754,1.0413926851582251,0.8642705678939819
5276268264011703296,0,65,4,1.0,1.4403305809668892,0.0,0.15846218168735504
5276491847127422208,0,9,1,4.0,1.5456404011326423,0.6020599913279624,0.1891084611415863
5276491847127422208,0,10,1,3.0,1.7278082428954267,0.47712125471966244,0.2374955415725708
5276491847127422208,0,28,1,1.0,1.3220805953901704,0.0,0.12125793099403381
5276491847127422208,0,31,1,1.0,1.4333521672253458,0.0,0.1563529074192047
5276491847127422208,0,35,1,1.0,1.3206928791918022,0.0,0.12080183625221252
5276491847127422208,0,36,1,2.0,1.5470236899817833,0.3010299956639812,0.1894969642162323
5276491847127422208,0,37,1,3.0,1.441265109455457,0.47712125471966244,0.15874387323856354
5276491847127422208,0,61,1,2.0,1.335316590027865,0.3010299956639812,0.12558424472808838
5276491847127422208,0,64,1,4.0,2.3929187137097214,0.6020599913279624,0.37892794609069824
6054526444144689792,0,37,1,9.0,8.393409142124991,0.9542425094393249,0.9239383935928345
6054526444144689792,0,38,1,8.0,8.435093148443439,0.9030899869919435,0.926089882850647
5276446767151154048,0,8,1,1.0,1.1482179214553276,0.0,0.06002432107925415
5276446767151154048,0,9,1,1.0,1.2886061717868988,0.0,0.11012020707130432
5901055271097855360,0,11,1,2.0,2.405713385092168,0.3010299956639812,0.38124388456344604
5276180822776055424,0,63,1,1.0,3.6324178706927195,0.0,0.560195803642273
5276180822776055424,0,64,1,1.0,2.381138474760665,0.0,0.37678465247154236
5276180822776055424,0,65,1,2.0,1.9568213257724232,0.3010299956639812,0.2915511727333069
5202135964549093248,0,11,4,1.0,1.6660428020383624,0.0,0.22168615460395813
5202135964549093248,0,38,4,3.0,2.2589716157514688,0.47712125471966244,0.35391077399253845
5202135964549093248,0,39,4,1.0,2.1069889172815772,0.0,0.32366225123405457
5202135964549093248,0,64,4,4.0,2.752964367878176,0.6020599913279624,0.43980059027671814
5202135964549093248,0,66,4,4.0,2.5619673908420446,0.6020599913279624,0.40857359766960144
2954995674982867968,0,5,0,4.0,2.0581180154439163,0.6020599913279624,0.3134702742099762
2954995674982867968,0,32,0,1.0,2.094417894106804,0.0,0.3210633397102356
1028250599848535936,0,60,1,1.0,1.2944544502395507,0.0,0.11208677291870117
5276844309323980800,0,1,2,1.0,2.389284929951424,0.0,0.37826794385910034
5276844309323980800,0,9,2,6.0,2.9030385694121428,0.7781512503836436,0.46285280585289
5276844309323980800,0,10,2,4.0,2.4259473836298233,0.6020599913279624,0.3848813772201538
5276844309323980800,0,11,2,3.0,2.071043967463078,0.47712125471966244,0.31618931889533997
5276844309323980800,0,35,2,1.0,3.3391000105605775,0.0,0.5236294269561768
5276844309323980800,0,36,2,4.0,2.532590593932069,0.6020599913279624,0.403564989566803
5276844309323980800,0,37,2,4.0,1.9704623958352372,0.6020599913279624,0.29456815123558044
5276844309323980800,0,38,2,5.0,1.9600650354092055,0.6989700043360189,0.2922704815864563
5276844309323980800,0,61,2,1.0,2.015652968258739,0.0,0.304415762424469
5276844309323980800,0,62,2,1.0,2.4686135260767226,0.0,0.3924531042575836
5276844309323980800,0,64,2,5.0,3.540168441289791,0.6989700043360189,0.5490239262580872
6053028978057952256,0,11,4,5.0,5.758039617540021,0.6989700043360189,0.7602746486663818
5780960117099482112,0,13,1,2.0,1.7691243443172633,0.3010299956639812,0.24775835871696472
5860783355676896512,0,11,0,3.0,2.9703509521985123,0.47712125471966244,0.47280776500701904
5860783355676896512,0,37,0,3.0,4.187173944905553,0.47712125471966244,0.6219210028648376
5860783355676896512,0,38,0,7.0,4.881815337043936,0.8450980400142568,0.6885813474655151
6053706655144658688,0,64,3,12.0,13.528845983820762,1.0791812460476249,1.1312607526779175
5802267930890380672,0,66,1,2.0,1.5399334476845994,0.3010299956639812,0.1875019520521164
5802676468179636992,0,12,0,2.0,1.432563782487041,0.3010299956639812,0.15611396729946136
5802676468179636992,0,13,0,1.0,1.6404310549232664,0.0,0.21495798230171204
5777796100589331072,0,12,4,2.0,1.3654743911618212,0.3010299956639812,0.13528355956077576
6058292889962189952,0,11,2,2.0,1.7235211731079119,0.3010299956639812,0.23641662299633026
6058292889962189952,0,37,2,1.0,1.5763579030534434,0.0,0.1976548284292221
6058292889962189952,0,38,2,2.0,1.5765661506723596,0.3010299956639812,0.19771219789981842
5859214936650280960,0,38,1,2.0,1.5766546507166164,0.3010299956639812,0.19773657619953156
5860326027522215296,0,11,2,1.0,1.3289517954359338,0.0,0.1235092282295227
6053499603394694400,0,11,1,1.0,1.5928239027033564,0.0,0.20216776430606842
6054609629050407680,0,11,3,2.0,1.835765698396564,0.3010299956639812,0.2638172507286072
423737148403508864,0,58,2,2.0,2.369389238821876,0.3010299956639812,0.3746364116668701
6090846749152290944,0,11,1,8.0,3.553082544826632,0.9030899869919435,0.550605297088623
6090846749152290944,0,38,1,4.0,1.6812897945622323,0.6020599913279624,0.22564257681369781
6090846710488713344,0,11,0,3.0,2.8756559597674967,0.47712125471966244,0.45873692631721497
6090846710488713344,0,38,0,3.0,2.3804455987457662,0.47712125471966244,0.37665826082229614
5854812388999707008,0,11,2,2.0,3.3507922141693087,0.3010299956639812,0.5251474976539612
5854812388999707008,0,12,2,4.0,2.150250431422084,0.6020599913279624,0.3324890434741974
5854812388999707008,0,38,2,1.0,1.4285328747812038,0.0,0.154890239238739
2906679938602481408,0,5,3,2.0,4.469340686947565,0.3010299956639812,0.6502434611320496
2906679938602481408,0,6,3,7.0,2.5357247921596464,0.8450980400142568,0.4041021168231964
2906668221931697024,0,6,1,2.0,1.5943523688239165,0.3010299956639812,0.20258431136608124
2905813763957931136,0,5,3,3.0,4.147987974525845,0.47712125471966244,0.6178374886512756
2905813763957931136,0,6,3,7.0,6.787300950887979,0.8450980400142568,0.8316971063613892
2905813763957931136,0,32,3,5.0,3.227685158392192,0.6989700043360189,0.5088911652565002
2905869735971665664,0,5,4,20.0,14.14193642732541,1.3010299956639813,1.1505088806152344
2905869735971665664,0,6,4,23.0,13.932935002544273,1.3617278360175928,1.1440426111221313
2905869735971665664,0,32,4,15.0,8.01036069082306,1.1760912590556813,0.9036520719528198
5855198832989286400,0,11,2,10.0,5.76550134906067,1.0,0.7608370780944824
5855198832989286400,0,64,2,8.0,3.3300247921074733,0.9030899869919435,0.5224474668502808
5855198832989286400,0,65,2,3.0,2.9897986128825487,0.47712125471966244,0.4756419360637665
2332987344259403008,0,29,4,1.0,1.1448747067785494,0.0,0.0587579607963562
2320863922893254656,0,29,2,1.0,1.2096917308857342,0.0,0.08267471194267273
2320860074602561408,0,2,3,5.0,4.944062914946107,0.6989700043360189,0.6940839886665344
2332934533341535744,0,29,4,1.0,1.151331719433869,0.0,0.061200469732284546
2332909347653323136,0,2,0,1.0,1.4079352005923114,0.0,0.14858266711235046
2320887936054365696,0,29,2,2.0,1.4291760919542744,0.3010299956639812,0.1550857424736023
2320886222363524992,0,29,4,6.0,1.5661182360939405,0.7781512503836436,0.19482454657554626
2320872650266808192,0,2,2,2.0,1.5761851054607092,0.3010299956639812,0.19760721921920776
2320847533296914560,0,2,3,6.0,3.5937941537871696,0.7781512503836436,0.5555531978607178
2320847533296914560,0,29,3,2.0,2.268316344357035,0.3010299956639812,0.3557036221027374
2320867633745079168,0,29,1,1.0,1.153380773311915,0.0,0.06197270750999451
2320868389659322368,0,29,0,1.0,5.596957181200943,0.0,0.7479519844055176
2320870863560481664,0,2,4,2.0,2.208143587769157,0.3010299956639812,0.3440273106098175
2320870863560481664,0,29,4,1.0,1.6196897248110034,0.0,0.20943182706832886
2320873749778503552,0,2,2,1.0,1.8661083095250748,0.0,0.27093684673309326
2320873749778503552,0,29,2,1.0,1.6796843231900513,0.0,0.22522766888141632
2320874054720005248,0,2,0,2.0,1.674196026001714,0.3010299956639812,0.22380630671977997
2320874054720005248,0,29,0,2.0,1.3411820090427138,0.3010299956639812,0.12748771905899048
2320875467765417984,0,29,3,1.0,1.2166884589646085,0.0,0.0851793885231018
2320881377640416640,0,2,4,2.0,1.4762544352814808,0.3010299956639812,0.16916121542453766
2320881377640416640,0,29,4,5.0,2.035112330251938,0.6989700043360189,0.3085883855819702
2333005344467248768,0,2,2,2.0,1.478435298334386,0.3010299956639812,0.16980232298374176
2333005344467248768,0,29,2,2.0,1.3842052205167368,0.3010299956639812,0.1412004828453064
2336552648151249280,0,29,0,1.0,1.440789859785656,0.0,0.15860064327716827
5860509641630862848,0,11,3,1.0,1.156790501697182,0.0,0.063254714012146
5869895042887586176,0,11,1,4.0,1.6713786048980799,0.6020599913279624,0.22307483851909637
917794104103040896,0,47,2,2.0,1.3082126886132412,0.3010299956639812,0.11667835712432861
5864956895605575552,0,11,2,1.0,2.673691331703309,0.0,0.42711126804351807
5863824329964744192,0,11,4,4.0,4.807645639650883,0.6020599913279624,0.6819324493408203
5863807042641766400,0,11,1,1.0,4.685765381914926,0.0,0.6707805395126343
5863807042641766400,0,38,1,4.0,2.439014557345706,0.6020599913279624,0.38721439242362976
5237584116368377088,0,64,0,1.0,2.207592397434879,0.0,0.34391888976097107
5869164726649009280,0,11,0,1.0,1.1954921962454756,0.0,0.07754674553871155
5869164726649009280,0,38,0,1.0,1.2311328259166936,0.0,0.0903049111366272
2986264067687780736,0,5,0,3.0,2.5382327833588416,0.47712125471966244,0.40453144907951355
2970964397748737280,0,32,2,2.0,1.5036522322574661,0.3010299956639812,0.17714740335941315
4615260912983205376,0,12,2,2.0,2.2976100835695625,0.3010299956639812,0.3612763285636902
4615260912983205376,0,13,2,4.0,1.9584121364527702,0.6020599913279624,0.291904091835022
4615260912983205376,0,39,2,1.0,1.4230358962746783,0.0,0.15321585536003113
472903391382457600,0,59,2,1.0,1.343659302196212,0.0,0.12828916311264038
6022499010422921088,0,12,1,4.0,2.7952767489632206,0.6020599913279624,0.44642481207847595
6022499010422921088,0,39,1,4.0,4.300881123941846,0.6020599913279624,0.6335574388504028
1017853411738183040,0,21,2,2.0,1.30877173268762,0.3010299956639812,0.1168639063835144
5237279792173016832,0,10,3,3.0,2.5399896438259213,0.47712125471966244,0.4048319458961487
5237279792173016832,0,11,3,3.0,2.4778123881852374,0.47712125471966244,0.3940684199333191
5551322578148763264,0,61,0,5.0,2.032480712506835,0.6989700043360189,0.30802643299102783
5501802532938604288,0,61,4,3.0,4.03610222393104,0.47712125471966244,0.6059621572494507
5501802532938604288,0,66,4,2.0,1.6448594578614795,0.3010299956639812,0.21612879633903503
5501353073200480768,0,61,1,1.0,1.465743339559113,0.0,0.16605792939662933
5501353073200480768,0,62,1,5.0,2.997151802134535,0.6989700043360189,0.4767087399959564
5501353073200480768,0,66,1,1.0,1.4401568326310759,0.0,0.15840978920459747
5498237297765443456,0,61,0,7.0,4.026794696165681,0.8450980400142568,0.6049594879150391
5498237297765443456,0,62,0,4.0,3.5858402725939507,0.6020599913279624,0.5545909404754639
5498237297765443456,0,66,0,3.0,5.510578944020872,0.47712125471966244,0.7411972284317017
5502935270433290880,0,61,2,2.0,1.3112559254977856,0.3010299956639812,0.11768746376037598
5551290932829456768,0,61,2,1.0,1.7340926323218555,0.0,0.2390722930431366
5551303199256033280,0,61,4,1.0,1.4646058879021566,0.0,0.16572077572345734
5502022297825142144,0,61,2,1.0,1.3864275244135336,0.0,0.14189717173576355
5502022297825142144,0,62,2,1.0,1.3604511009309057,0.0,0.13368293642997742
4666276706323312896,0,1,4,4.0,1.6881532962524735,0.6020599913279624,0.2274118810892105
4666276706323312896,0,2,4,5.0,2.836650025059311,0.6989700043360189,0.452805757522583
4666276706323312896,0,3,4,2.0,2.003906568490064,0.3010299956639812,0.3018774688243866
4666276706323312896,0,4,4,3.0,1.4940894255800037,0.47712125471966244,0.17437659204006195
4666276706323312896,0,6,4,5.0,2.301190345270501,0.6989700043360189,0.361952543258667
4666276706323312896,0,7,4,6.0,4.817943311739043,0.7781512503836436,0.6828616857528687
4666276706323312896,0,9,4,8.0,8.096454070304377,0.9030899869919435,0.9082948565483093
4666276706323312896,0,11,4,1.0,1.9743113393668985,0.0,0.29541563987731934
4666276706323312896,0,12,4,3.0,1.9167141035081876,0.47712125471966244,0.28255733847618103
4666276706323312896,0,27,4,2.0,4.381677052471027,0.3010299956639812,0.6416403651237488
4666276706323312896,0,28,4,3.0,2.4335700394803044,0.47712125471966244,0.3862438499927521
4666276706323312896,0,29,4,6.0,4.899867037254458,0.7781512503836436,0.6901842951774597
4666276706323312896,0,30,4,6.0,2.1885786486430185,0.7781512503836436,0.34016215801239014
4666276706323312896,0,31,4,1.0,2.4749415085078583,0.0,0.39356493949890137
4666276706323312896,0,33,4,3.0,2.022035820243327,0.47712125471966244,0.3057888448238373
4666276706323312896,0,34,4,5.0,2.2117453137805145,0.6989700043360189,0.34473511576652527
4666276706323312896,0,36,4,3.0,2.169461418569297,0.47712125471966244,0.3363519310951233
4666276706323312896,0,37,4,3.0,1.7256708075215594,0.47712125471966244,0.23695795238018036
4666276706323312896,0,39,4,2.0,2.3065417607464105,0.3010299956639812,0.3629613220691681
4666276706323312896,0,61,4,3.0,1.709190499453985,0.47712125471966244,0.23279047012329102
4666276706323312896,0,62,4,5.0,2.2568535404173353,0.6989700043360189,0.35350337624549866
4666276706323312896,0,63,4,7.0,2.265590867624184,0.8450980400142568,0.355181485414505
4666276706323312896,0,64,4,11.0,2.9662946027948056,1.0413926851582251,0.4722142815589905
4666276706323312896,0,65,4,6.0,2.6136072226696174,0.7781512503836436,0.41724032163619995
4666276706323312896,0,66,4,5.0,2.125534929397763,0.6989700043360189,0.32746824622154236
4666276706323312896,0,67,4,6.0,2.393642322597003,0.7781512503836436,0.3790592551231384
5334136458661121280,0,10,3,4.0,3.801914166970006,0.6020599913279624,0.5800023078918457
5334136458661121280,0,11,3,6.0,3.1612466298870685,0.7781512503836436,0.49985837936401367
5334136458661121280,0,64,3,4.0,4.260294214409101,0.6020599913279624,0.6294395923614502
5864339794779803136,0,38,0,1.0,1.3520162832787965,0.0,0.1309819221496582
6343364815827362688,0,12,0,4.0,1.8296771343733433,0.6020599913279624,0.2623744606971741
6343364815827362688,0,27,0,8.0,4.083173702534636,0.9030899869919435,0.6109978556632996
6343364815827362688,0,39,0,4.0,6.482416649366511,0.6020599913279624,0.8117369413375854
6343364815827362688,0,66,0,7.0,6.250517296017706,0.8450980400142568,0.795915961265564
6343364815827362688,0,67,0,7.0,4.149027627678324,0.8450980400142568,0.6179463267326355
5196882497990438144,0,12,1,2.0,1.5800063736229073,0.3010299956639812,0.19865883886814117
5203215238291098112,0,10,0,1.0,1.5589230967570558,0.0,0.19282469153404236
5202084081343379328,0,64,0,1.0,1.9105019267427452,0.0,0.28114748001098633
5202084081343379328,0,65,0,2.0,2.786127049648826,0.3010299956639812,0.44500091671943665
5201894106349817472,0,65,4,4.0,2.5587308720577173,0.6020599913279624,0.4080246090888977
5201894106349817472,0,66,4,3.0,1.676480739254004,0.47712125471966244,0.22439856827259064
6418654321217826560,0,13,2,1.0,1.572860323014228,0.0,0.1966901570558548
2904082823418486784,0,5,0,8.0,12.600687728277126,0.9030899869919435,1.1003942489624023
2904082823418486784,0,6,0,3.0,3.413328063740826,0.47712125471966244,0.5331780314445496
2904082823418486784,0,32,0,10.0,10.628715782738148,1.0,1.026480793952942
2904082823418486784,0,33,0,12.0,13.07871237935009,1.0791812460476249,1.1165649890899658
6350751231863421440,0,27,4,3.0,2.358473082634574,0.47712125471966244,0.37263092398643494
5856410391736766976,0,11,2,2.0,2.139597298069676,0.3010299956639812,0.33033204078674316
5852330099755477888,0,11,4,3.0,4.745110009267353,0.47712125471966244,0.6762462854385376
5852330099755477888,0,12,4,1.0,2.885417651170015,0.0,0.4602086842060089
398868875433180032,0,58,3,7.0,4.189891280521696,0.8450980400142568,0.6222027540206909
5856485807039227264,0,11,2,2.0,1.4662809526189922,0.3010299956639812,0.16621719300746918
5856485807039227264,0,38,2,2.0,1.6391700209246431,0.3010299956639812,0.21462400257587433
5843249890363582848,0,12,1,2.0,1.5434681690205683,0.3010299956639812,0.18849767744541168
428250398813921280,0,57,4,7.0,2.005927100088529,0.8450980400142568,0.3023151457309723
428250398813921280,0,58,4,1.0,1.637885285291285,0.0,0.21428348124027252
2320959820922837760,0,29,1,1.0,1.3086373822748518,0.0,0.11681932210922241
2320916768170630912,0,2,3,1.0,1.3962615579673872,0.0,0.14496678113937378
5425054731538891264,0,62,0,1.0,2.2602069660121713,0.0,0.3541482090950012
5855695468655866752,0,38,1,5.0,3.553780916773048,0.6989700043360189,0.5506906509399414
2904753628590665600,0,32,4,7.0,5.711061638032922,0.8450980400142568,0.7567168474197388
2904753628590665600,0,33,4,5.0,3.161251619333396,0.6989700043360189,0.4998590648174286
982983431255441024,0,60,0,3.0,3.166401233911774,0.47712125471966244,0.5005659461021423
982984045434527744,0,47,1,4.0,1.5533727633758272,0.6020599913279624,0.1912756860256195
982984045434527744,0,60,1,3.0,5.315400449658142,0.47712125471966244,0.7255359888076782
2005674552440181632,0,16,2,4.0,3.5613269051063265,0.6020599913279624,0.5516118407249451
2005674552440181632,0,17,2,5.0,4.988095351087827,0.6989700043360189,0.6979347467422485
2005674552440181632,0,56,2,2.0,5.33242965105628,0.3010299956639812,0.7269251346588135
2005674552440181632,0,57,2,2.0,3.750413007981874,0.3010299956639812,0.5740790963172913
5843299883788891392,0,11,0,1.0,1.2127594183321266,0.0,0.08377465605735779
5843299883788891392,0,12,0,1.0,1.4078142427205225,0.0,0.14854535460472107
2904319355855451520,0,6,0,2.0,1.5305537183719797,0.3010299956639812,0.1848485767841339
2904801835303287936,0,32,4,6.0,5.5868344072373,0.7781512503836436,0.7471657991409302
2904801835303287936,0,33,4,6.0,5.398557743243605,0.7781512503836436,0.7322777509689331
2904801835303287808,0,6,2,7.0,2.4558130911301017,0.8450980400142568,0.3901953101158142
2904801835303287808,0,32,2,3.0,3.1638995225720445,0.47712125471966244,0.5002226829528809
2904801835303287808,0,33,2,6.0,4.441662100295277,0.7781512503836436,0.6475455164909363
1115616453763089792,0,59,0,1.0,1.4333417410988374,0.0,0.15634974837303162
1115616453763089792,0,60,0,2.0,1.40791230281757,0.3010299956639812,0.14857560396194458
6089133916200093696,0,65,1,6.0,3.507807719372476,0.7781512503836436,0.5450357794761658
6089815299862932992,0,11,0,6.0,4.698945502364165,0.7781512503836436,0.6720004081726074
5843314967714767872,0,11,1,2.0,1.7837280716583708,0.3010299956639812,0.25132864713668823
5843314967714767872,0,12,1,2.0,3.2014165482606254,0.3010299956639812,0.5053421854972839
5843314967714767872,0,38,1,2.0,2.2241552972707237,0.3010299956639812,0.3471651077270508
2904454389629265536,0,33,0,1.0,2.8143493982702537,0.0,0.44937801361083984
5867654513033859712,0,38,3,7.0,12.116238807301414,0.8450980400142568,1.0833678245544434
2906679938602481408,0,32,3,12.0,10.077833654777827,1.0791812460476249,1.0033671855926514
2320870245085192320,0,29,4,2.0,1.1110191147579556,0.3010299956639812,0.04572153091430664
5851200321562649344,0,12,3,2.0,1.6608046641625553,0.3010299956639812,0.22031855583190918
689126373066989312,0,44,1,1.0,1.381501386992735,0.0,0.1403513252735138
5896286341249191040,0,11,4,1.0,2.0860120095457195,0.0,0.3193168044090271
5368919371546982528,0,64,3,4.0,1.544825131408991,0.6020599913279624,0.1888793259859085
5370602689487788672,0,64,0,2.0,1.685964433169388,0.3010299956639812,0.22684840857982635
6091582146329270784,0,11,0,5.0,6.941575988726811,0.6989700043360189,0.8414580821990967
6091582146329270784,0,38,0,7.0,6.46494738631867,0.8450980400142568,0.8105649948120117
5368857695815548672,0,64,2,1.0,1.7861525761729558,0.0,0.2519185543060303
6126097332465328768,0,64,2,3.0,2.8573864176795873,0.47712125471966244,0.455968976020813
5096891158212909312,0,31,3,1.0,1.534731473619911,0.0,0.18603239953517914
3015216991987620096,0,6,4,1.0,2.7418883319901584,0.0,0.4380497634410858
3015216991987620096,0,32,4,2.0,2.0205709393216074,0.3010299956639812,0.30547410249710083
6124952431621117056,0,10,1,4.0,5.668075307022313,0.6020599913279624,0.7534356117248535
6124952431621117056,0,11,1,8.0,4.114811654989805,0.9030899869919435,0.6143499612808228
6124952431621117056,0,37,1,5.0,5.071418430301393,0.6989700043360189,0.7051294445991516
6124952431621117056,0,64,1,2.0,2.9825815572109073,0.3010299956639812,0.47459232807159424
6126370801621215872,0,10,2,1.0,1.7122158215028926,0.0,0.2335585057735443
6126370801621215872,0,64,2,6.0,7.2674472536214125,0.7781512503836436,0.8613818883895874
6126518445412754176,0,10,0,1.0,1.749605830312433,0.0,0.24294021725654602
6126242639795170688,0,10,2,1.0,2.601980841770383,0.0,0.4153040945529938
6126242639795170688,0,37,2,2.0,2.43349372287616,0.3010299956639812,0.3862302303314209
6126242639795170688,0,64,2,3.0,3.2604870367812584,0.47712125471966244,0.5132824778556824
6126246934764070528,0,64,4,4.0,1.7336371099682573,0.6020599913279624,0.2389581948518753
6129550726681927040,0,10,0,3.0,1.5796996724557355,0.47712125471966244,0.19857452809810638
5906915354513369856,0,38,3,1.0,2.441091175918108,0.0,0.38758400082588196
5906607697419524864,0,11,2,2.0,1.3588943241613505,0.3010299956639812,0.13318568468093872
6077003756021639808,0,11,3,5.0,1.0727316978601036,0.6989700043360189,0.030491113662719727
6129584364863667840,0,10,3,2.0,2.723724641559601,0.3010299956639812,0.4351631999015808
6129584364863667840,0,37,3,1.0,1.3976855165529918,0.0,0.1454094648361206
5906592342925665664,0,38,1,2.0,1.4414017504913215,0.3010299956639812,0.15878504514694214
5908591151974504576,0,11,4,5.0,3.120674553110071,0.6989700043360189,0.49424847960472107
6126585034583698944,0,10,0,4.0,1.382275946109061,0.6020599913279624,0.1405947506427765
6126585034583698944,0,37,0,2.0,1.5939402264858162,0.3010299956639812,0.2024720311164856
6126585034583698944,0,64,0,2.0,1.845980572571908,0.3010299956639812,0.266227126121521
6126993159555441664,0,64,0,2.0,2.9438305645872394,0.3010299956639812,0.468912810087204
5856960834741830144,0,64,3,1.0,1.5232812169865733,0.0,0.18278008699417114
6126648703176939392,0,10,4,4.0,3.4020773386768686,0.6020599913279624,0.5317441821098328
6126648703176939392,0,37,4,5.0,6.360361751373284,0.6989700043360189,0.8034818172454834
6126648698878768384,0,10,2,4.0,2.0604803616267,0.6020599913279624,0.3139684796333313
5858220149181921536,0,11,3,6.0,5.882433941117136,0.7781512503836436,0.7695570588111877
5858220149181921536,0,64,3,2.0,2.9549665132798504,0.3010299956639812,0.47055256366729736
5844952827734654720,0,11,2,3.0,1.9722961261772651,0.47712125471966244,0.29497212171554565
5844952827734654720,0,12,2,1.0,1.808230771110158,0.0,0.25725385546684265
5844573358774024320,0,11,3,7.0,2.9501439583564566,0.8450980400142568,0.46984320878982544
5844573358774024320,0,12,3,3.0,1.7264258386652145,0.47712125471966244,0.23714792728424072
5844573358774024320,0,38,3,1.0,3.322265732604337,0.0,0.5214343667030334
5857065971210881408,0,11,0,17.0,12.781990676781135,1.2304489213782739,1.1065984964370728
5857065971210881408,0,64,0,7.0,10.273084694952015,0.8450980400142568,1.0117008686065674
6004427914044710400,0,11,3,5.0,3.9415280392920624,0.6989700043360189,0.5956646203994751
6004427914044710400,0,38,3,4.0,1.8859144739694804,0.6020599913279624,0.27552199363708496
5844883348015456640,0,11,4,2.0,2.101508850120321,0.3010299956639812,0.32253122329711914
5844883348015456640,0,12,4,4.0,1.8369280560985675,0.6020599913279624,0.2640921473503113
5844883348015456640,0,38,4,3.0,2.7690747643456963,0.47712125471966244,0.44233468174934387
5121805541941481472,0,30,3,4.0,1.9233237823113922,0.6020599913279624,0.28405240178108215
5858234962585024256,0,11,0,1.0,1.3376247921368842,0.0,0.1263343095779419
5845050203239172608,0,11,1,4.0,3.9946074378184164,0.6020599913279624,0.6014741063117981
5845050203239172608,0,12,1,2.0,4.269369688528693,0.3010299956639812,0.6303637623786926
5844826212095061632,0,11,2,2.0,1.661860061583235,0.3010299956639812,0.22059445083141327
5844826212095061632,0,12,2,9.0,4.881269314642988,0.9542425094393249,0.6885327696800232
5844826212095061632,0,38,2,1.0,2.683549596560197,0.0,0.42870962619781494
5844826212095061632,0,65,2,6.0,3.5818945155672717,0.7781512503836436,0.5541127920150757
5861354547596192512,0,11,4,4.0,3.1476560515184078,0.6020599913279624,0.4979872703552246
5843962129072074496,0,11,3,1.0,1.8561717833542117,0.0,0.2686181664466858
5843962129072074496,0,12,3,2.0,2.1221343181890138,0.3010299956639812,0.32677286863327026
6059605569395167232,0,11,2,6.0,1.3311192798658678,0.7781512503836436,0.1242169737815857
6059605569395167232,0,64,2,1.0,1.4295149759630001,0.0,0.15518870949745178
5845197224226679168,0,11,0,1.0,2.090667760884853,0.0,0.32028502225875854
5845197224226679168,0,12,0,11.0,5.715610349612777,1.0413926851582251,0.7570626139640808
5845197224226679168,0,38,0,6.0,7.732999522485943,0.7781512503836436,0.8883479833602905
2993303106774038016,0,6,3,4.0,4.206402091692543,0.6020599913279624,0.6239107847213745
2993303106774038016,0,33,3,4.0,3.140536127454047,0.6020599913279624,0.49700379371643066
1007791368516748672,0,59,1,1.0,1.4267318888134015,0.0,0.15434236824512482
1007791368516748672,0,60,1,1.0,1.261513458434962,0.0,0.10089188814163208
5966510057279631488,0,12,3,3.0,1.2440400370008102,0.47712125471966244,0.0948343575000763
5966509748041919616,0,12,1,1.0,2.6733062452629293,0.0,0.4270487129688263
5966509748041919616,0,39,1,2.0,1.538435878904585,0.3010299956639812,0.18707939982414246
5485842086571808640,0,1,3,1.0,1.4964080475132495,0.0,0.1750500351190567
5485842086571808640,0,2,3,2.0,1.4181551371035814,0.3010299956639812,0.1517237424850464
5485842086571808640,0,3,3,2.0,1.3586096600000994,0.3010299956639812,0.1330946981906891
5485842086571808640,0,4,3,1.0,1.3629086174257643,0.0,0.1344667375087738
5485842086571808640,0,6,3,1.0,1.5666672929887904,0.0,0.1949767768383026
5485842086571808640,0,9,3,1.0,2.3582711099165805,0.0,0.3725937306880951
5485842086571808640,0,11,3,2.0,2.038543172329223,0.3010299956639812,0.3093199133872986
5485842086571808640,0,12,3,1.0,1.3719890607740894,0.0,0.1373506486415863
5485842086571808640,0,29,3,1.0,1.417009592846787,0.0,0.1513727903366089
5485842086571808640,0,31,3,2.0,1.5417937971516513,0.3010299956639812,0.1880262941122055
5485842086571808640,0,33,3,1.0,1.6488544035009542,0.0,0.21718230843544006
5485842086571808640,0,34,3,3.0,1.7470157282408676,0.47712125471966244,0.24229681491851807
5485842086571808640,0,35,3,1.0,1.7201083842331077,0.0,0.23555581271648407
5485842086571808640,0,39,3,1.0,1.563160964390631,0.0,0.19400370121002197
5485842086571808640,0,62,3,3.0,2.0616339026220096,0.47712125471966244,0.31421154737472534
5485842086571808640,0,63,3,2.0,1.6091718968206412,0.3010299956639812,0.20660243928432465
5485842086571808640,0,66,3,1.0,1.3851147391725107,0.0,0.14148575067520142
5485842086571808640,0,67,3,2.0,1.7399149401183374,0.3010299956639812,0.24052801728248596
5486700500213084416,0,61,3,1.0,1.7577315358483778,0.0,0.24495254456996918
5486700500213084416,0,63,3,2.0,3.2256378980081384,0.3010299956639812,0.5086156129837036
5486699125824396928,0,3,1,3.0,3.095217379016169,0.47712125471966244,0.4906911551952362
5486699125824396928,0,6,1,1.0,1.7161318632469154,0.0,0.23455065488815308
5486699125824396928,0,7,1,4.0,2.824968986033145,0.6020599913279624,0.4510136842727661
5486699125824396928,0,9,1,3.0,1.548189452280251,0.47712125471966244,0.18982410430908203
5486699125824396928,0,10,1,3.0,1.664455773528419,0.47712125471966244,0.22127225995063782
5486699125824396928,0,13,1,5.0,2.8847451091717757,0.6989700043360189,0.4601074457168579
5486699125824396928,0,27,1,4.0,1.493072489230926,0.6020599913279624,0.17408089339733124
5486699125824396928,0,30,1,15.0,6.204553628200636,1.1760912590556813,0.792710542678833
5486699125824396928,0,33,1,7.0,3.7133544194308863,0.8450980400142568,0.5697664022445679
5486699125824396928,0,34,1,10.0,3.202329265756695,1.0,0.5054659843444824
5486699125824396928,0,35,1,3.0,1.9174567313060635,0.47712125471966244,0.28272557258605957
5486699125824396928,0,36,1,3.0,1.5597129476442253,0.47712125471966244,0.19304467737674713
5486699125824396928,0,37,1,2.0,2.529288780778359,0.3010299956639812,0.4029984176158905
5486699125824396928,0,61,1,1.0,1.5213145312583694,0.0,0.1822190135717392
5486699125824396928,0,62,1,3.0,3.3154146580893062,0.47712125471966244,0.5205378532409668
5486699125824396928,0,67,1,1.0,2.012832545984066,0.0,0.30380764603614807
5485564807780814848,0,63,4,2.0,1.5991963781842433,0.3010299956639812,0.20390179753303528
5485564807780814848,0,66,4,3.0,1.4044473473562133,0.47712125471966244,0.14750546216964722
5485564807780814848,0,67,4,1.0,1.3808869228517393,0.0,0.14015811681747437
5293390756728204160,0,1,2,4.0,4.979687465129406,0.6020599913279624,0.6972020864486694
5293390756728204160,0,2,2,2.0,2.2832000340126335,0.3010299956639812,0.3585439622402191
5293390756728204160,0,3,2,3.0,3.5900184942636226,0.47712125471966244,0.5550966858863831
5293390756728204160,0,4,2,5.0,4.709535806317993,0.6989700043360189,0.6729781031608582
5293390756728204160,0,5,2,2.0,3.4712935595891143,0.3010299956639812,0.5404913425445557
5293390756728204160,0,6,2,3.0,3.317053146747717,0.47712125471966244,0.5207524299621582
5293390756728204160,0,7,2,7.0,11.920452821076163,0.8450980400142568,1.0762927532196045
5293390756728204160,0,8,2,4.0,3.0864595348221595,0.6020599913279624,0.4894605875015259
5293390756728204160,0,9,2,1.0,2.7317617654391975,0.0,0.4364428222179413
5293390756728204160,0,10,2,4.0,3.9144418385572766,0.6020599913279624,0.5926698446273804
5293390756728204160,0,11,2,2.0,2.5901503959220746,0.3010299956639812,0.4133249819278717
5293390756728204160,0,12,2,5.0,5.774046430378131,0.6989700043360189,0.7614802718162537
5293390756728204160,0,13,2,3.0,2.6142520724915252,0.47712125471966244,0.4173474609851837
5293390756728204160,0,27,2,2.0,2.127651817444477,0.3010299956639812,0.32790055871009827
5293390756728204160,0,28,2,2.0,3.7759594421393476,0.3010299956639812,0.5770273208618164
5293390756728204160,0,29,2,3.0,1.9036345277281266,0.47712125471966244,0.27958357334136963
5293390756728204160,0,30,2,5.0,3.407291660825383,0.6989700043360189,0.5324093103408813
5293390756728204160,0,31,2,2.0,2.3314173339733206,0.3010299956639812,0.3676200211048126
5293390756728204160,0,32,2,3.0,4.200571298125949,0.47712125471966244,0.6233083605766296
5293390756728204160,0,33,2,3.0,3.8786652023159003,0.47712125471966244,0.5886822938919067
5293390756728204160,0,34,2,2.0,2.9975308790476567,0.3010299956639812,0.47676366567611694
5293390756728204160,0,37,2,5.0,2.8427321919247053,0.6989700043360189,0.45373594760894775
5293390756728204160,0,38,2,3.0,4.818957756855275,0.47712125471966244,0.6829531192779541
5293390756728204160,0,39,2,4.0,5.138600731518066,0.6020599913279624,0.710844874382019
5293390756728204160,0,61,2,1.0,3.3700773264451627,0.0,0.5276398658752441
5293390756728204160,0,62,2,2.0,3.870662488048977,0.3010299956639812,0.5877853035926819
5293390756728204160,0,63,2,3.0,3.5697089547147995,0.47712125471966244,0.5526328086853027
5293390756728204160,0,64,2,6.0,10.428056552360147,0.7781512503836436,1.0182033777236938
5293390756728204160,0,66,2,4.0,2.6574493796595644,0.6020599913279624,0.42446500062942505
5293390756728204160,0,67,2,1.0,2.6544233722637314,0.0,0.42397019267082214
5844296281847839232,0,11,2,4.0,1.9263079883623222,0.6020599913279624,0.28472572565078735
5844296281847839232,0,12,2,1.0,1.7625519462358,0.0,0.2461419254541397
5844296281847839232,0,38,2,3.0,2.0394770099519914,0.47712125471966244,0.30951881408691406
2327952401341889664,0,29,1,1.0,1.3269512804059629,0.0,0.12285497784614563
5293485001193584256,0,9,4,2.0,1.5813046312035317,0.3010299956639812,0.1990155428647995
5844015768940264320,0,11,2,3.0,3.521552877090192,0.47712125471966244,0.5467342138290405
5292768703727832192,0,9,3,3.0,1.5195788386873628,0.47712125471966244,0.1817232370376587
5488115915276958464,0,8,3,2.0,1.369220577245059,0.3010299956639812,0.1364734172821045
5488115915276958464,0,9,3,1.0,1.3942198017367085,0.0,0.14433124661445618
5840638344087346048,0,11,3,2.0,1.1964757382919124,0.3010299956639812,0.07790389657020569
5840638344087346048,0,12,3,2.0,1.2972773861906892,0.3010299956639812,0.11303284764289856
5840638344087346048,0,38,3,2.0,2.3537918639528295,0.3010299956639812,0.371768057346344
5840638344087346048,0,39,3,3.0,1.5306918393744895,0.47712125471966244,0.18488776683807373
5320108854927493888,0,7,1,1.0,1.4926181050726475,0.0,0.17394870519638062
5320108854927493888,0,8,1,5.0,1.711688168055352,0.6989700043360189,0.23342464864253998
5320108854927493888,0,35,1,1.0,1.50844414181433,0.0,0.17852923274040222
5320108854927493888,0,36,1,1.0,1.328991557416757,0.0,0.12352222204208374
5850553602536293248,0,11,0,1.0,1.1399955436924583,0.0,0.05690315365791321
5413254188633184384,0,62,0,1.0,1.6870867578307465,0.0,0.22713741660118103
5413254188633184384,0,63,0,2.0,1.6505305288562897,0.3010299956639812,0.21762356162071228
5505105362790244224,0,61,0,1.0,1.396666530012058,0.0,0.14509272575378418
5503885317200203520,0,61,4,6.0,3.755113842615434,0.7781512503836436,0.5746231079101562
5503885317200203520,0,62,4,3.0,2.3476524880168963,0.47712125471966244,0.3706338107585907
5508502991159287552,0,61,2,3.0,2.999654637130601,0.47712125471966244,0.47707125544548035
5508502991159287552,0,62,2,4.0,2.5590848783447755,0.6020599913279624,0.4080846905708313
5505436143991422848,0,62,1,1.0,1.6042388289269522,0.0,0.20526902377605438
5508890186753537152,0,61,3,21.0,3.5595872965322854,1.3222192947339193,0.5513996481895447
5508890186753537152,0,62,3,9.0,3.481725582084892,0.9542425094393249,0.5417945384979248
5505581176447311488,0,62,2,3.0,1.8527561866229514,0.47712125471966244,0.26781827211380005
3463395523652894336,0,10,1,4.0,3.769798565137796,0.6020599913279624,0.5763181447982788
3463395523652894336,0,37,1,9.0,2.8709346683755346,0.9542425094393249,0.4580233097076416
3463395523652894336,0,63,1,11.0,7.929038492966288,1.0413926851582251,0.8992205262184143
3463395519358168064,0,10,3,4.0,5.048562493480328,0.6020599913279624,0.703167736530304
3463395519358168064,0,37,3,8.0,4.526960036952361,0.9030899869919435,0.6558066606521606
3463395519358168064,0,63,3,8.0,5.543586965424847,0.9030899869919435,0.743790864944458
2011423520771256192,0,57,3,2.0,1.3412016126635293,0.3010299956639812,0.12749406695365906
462484350477522560,0,59,2,1.0,1.2779781375595871,0.0,0.10652342438697815
50706216395526144,0,43,3,3.0,4.857540022605325,0.47712125471966244,0.6864163875579834
51096508663685632,0,42,3,2.0,1.2574146414340552,0.3010299956639812,0.09947851300239563
51096508663685632,0,43,3,1.0,1.3530747443059796,0.0,0.13132178783416748
51096508663685632,0,44,3,2.0,1.3137891892604487,0.3010299956639812,0.1185256838798523
63627264728628224,0,42,3,3.0,2.7243471179046805,0.47712125471966244,0.43526244163513184
63849572235829248,0,42,0,1.0,3.9826206698282896,0.0,0.6001689434051514
63849572235829248,0,43,0,2.0,2.331342301083659,0.3010299956639812,0.3676060438156128
63849572235829248,0,44,0,3.0,1.9735580679829268,0.47712125471966244,0.29524990916252136
64095656682494720,0,42,3,1.0,1.404066808025819,0.0,0.1473877727985382
64095656682494720,0,44,3,1.0,1.5406706995852453,0.0,0.18770982325077057
64103009666497024,0,42,4,2.0,1.8728741327099094,0.3010299956639812,0.2725085914134979
64103009666497024,0,43,4,2.0,1.2449497199388908,0.3010299956639812,0.09515181183815002
64103009666497024,0,44,4,2.0,1.6050704741565422,0.3010299956639812,0.20549410581588745
64157023175179776,0,42,3,1.0,1.1694392522679837,0.0,0.0679776668548584
65671634801986048,0,43,4,4.0,3.590331379541277,0.6020599913279624,0.5551345348358154
65671634801986048,0,44,4,1.0,1.314974003805689,0.0,0.11891716718673706
65673593307063552,0,42,2,2.0,3.9001249400362963,0.3010299956639812,0.591078519821167
65673593307063552,0,43,2,5.0,5.418839265303751,0.6989700043360189,0.7339062690734863
65673593307063552,0,44,2,2.0,4.266330868939925,0.3010299956639812,0.6300545334815979
65675895409522048,0,44,2,1.0,1.2072170236365385,0.0,0.08178535103797913
66468918172339328,0,44,4,1.0,1.3332117087543627,0.0,0.12489911913871765
66480944080770176,0,42,1,1.0,1.4933273757387324,0.0,0.17415502667427063
66481734354737792,0,42,3,1.0,1.3696843443178157,0.0,0.13662049174308777
66481734354737792,0,44,3,1.0,1.7963519585043073,0.0,0.2543914318084717
66481837433947392,0,42,3,1.0,3.254502057774325,0.0,0.5124845504760742
66481837433947392,0,43,3,2.0,3.3356491586356602,0.3010299956639812,0.523180365562439
66481837433947392,0,44,3,2.0,4.565116261070018,0.3010299956639812,0.6594518423080444
71873842454589568,0,42,4,1.0,1.3199613425707106,0.0,0.12056121230125427
71873842454589568,0,58,4,1.0,1.7183098957814367,0.0,0.23510149121284485
71422522993688448,0,58,4,8.0,3.386515200910969,0.9030899869919435,0.5297530293464661
70165476262750976,0,43,3,2.0,1.849602482567641,0.3010299956639812,0.2670783996582031
70165476262750976,0,44,3,2.0,1.234920279923376,0.3010299956639812,0.09163892269134521
70158977974956672,0,42,1,3.0,2.228503760263584,0.47712125471966244,0.34801337122917175
70158977974956672,0,43,1,5.0,2.846136142218334,0.6989700043360189,0.4542556703090668
70158977974956672,0,44,1,7.0,4.221458576237015,0.8450980400142568,0.625462532043457
68606918530067072,0,42,0,1.0,1.9544563089493159,0.0,0.29102596640586853
68606918530067072,0,44,0,1.0,1.4382699800392045,0.0,0.15784041583538055
68580530251050496,0,42,1,1.0,2.4128904436139504,0.0,0.3825376033782959
68580530251050496,0,43,1,6.0,5.864983532630387,0.7781512503836436,0.7682667970657349
68580530251050496,0,44,1,4.0,1.760165757866139,0.6020599913279624,0.24555356800556183
68356367317952256,0,42,3,3.0,1.986633783037022,0.47712125471966244,0.29811781644821167
68356367317952256,0,43,3,4.0,3.34007856891392,0.6020599913279624,0.5237566828727722
68356367317952256,0,44,3,3.0,1.8019096584298826,0.47712125471966244,0.25573301315307617
68334235349446528,0,42,1,2.0,1.3612567336395343,0.3010299956639812,0.13394004106521606
68334235349446528,0,43,1,2.0,1.54018095585445,0.3010299956639812,0.18757174909114838
68162921990400256,0,43,3,1.0,1.270454056771303,0.0,0.10395896434783936
68162921990400256,0,44,3,2.0,1.242901991610125,0.3010299956639812,0.0944368839263916
68186114813689344,0,43,0,1.0,1.3178893479190508,0.0,0.11987894773483276
68283421593270400,0,43,2,1.0,1.4910734349275152,0.0,0.17349903285503387
68385603159177344,0,44,1,1.0,2.068325576783839,0.0,0.3156189024448395
68577300435634432,0,42,2,1.0,1.2143180102133866,0.0,0.0843324363231659
68581694185489920,0,43,4,1.0,1.1623758246281783,0.0,0.06534656882286072
68591456647799552,0,44,0,1.0,1.0683760991480051,0.0,0.02872416377067566
70160287942261376,0,43,0,2.0,1.6338576602294066,0.3010299956639812,0.2132142186164856
70160287942261376,0,44,0,1.0,1.3778686221200134,0.0,0.13920781016349792
71404385348752768,0,42,3,1.0,1.3222511681168274,0.0,0.12131395936012268
71404385348752768,0,58,3,1.0,1.7325931976034088,0.0,0.2386966049671173
70472789763930496,0,42,2,1.0,1.2096777019509815,0.0,0.08266967535018921
70472789763930496,0,43,2,1.0,1.2028037440525379,0.0,0.08019477128982544
69985499953396480,0,42,2,3.0,1.4430456720353158,0.47712125471966244,0.15928007662296295
69985499953396480,0,43,2,1.0,1.2831203613588984,0.0,0.1082673966884613
69985499953396480,0,44,2,1.0,1.7598135788841966,0.0,0.2454666644334793
69983369649631872,0,42,4,2.0,1.4264935082471466,0.3010299956639812,0.15426979959011078
69983369649631872,0,43,4,2.0,1.871628406730485,0.3010299956639812,0.27221962809562683
69983369649631872,0,44,4,1.0,1.8794819784596775,0.0,0.274038165807724
66950435545271680,0,42,2,1.0,1.2472579072687757,0.0,0.09595626592636108
66950435545271680,0,43,2,1.0,1.2579103704462353,0.0,0.09964969754219055
66779564565300224,0,43,3,1.0,1.3022364786361067,0.0,0.11468985676765442
66779358406877568,0,42,2,3.0,1.2923650254820551,0.47712125471966244,0.11138519644737244
66779358406877568,0,44,2,4.0,1.7592495871651934,0.6020599913279624,0.24532745778560638
66774513683782912,0,42,0,4.0,3.1046945439707585,0.6020599913279624,0.4920188784599304
66774513683782912,0,43,0,9.0,4.538990101722669,0.9542425094393249,0.6569592356681824
66774513683782912,0,44,0,6.0,4.611135336907171,0.7781512503836436,0.6638078689575195
66745754582838272,0,42,3,1.0,1.337552554569619,0.0,0.12631085515022278
66745754582838272,0,44,3,1.0,1.6750272697300854,0.0,0.22402188181877136
66745170467302656,0,42,2,1.0,1.7190361078566725,0.0,0.23528499901294708
66745170467302656,0,43,2,2.0,2.015635816786807,0.3010299956639812,0.3044120669364929
66722355601033600,0,42,3,5.0,2.46602404877347,0.6989700043360189,0.3919973075389862
66722355601033600,0,43,3,4.0,2.9258062401567244,0.6020599913279624,0.46624556183815
66722355601033600,0,44,3,2.0,1.9733092982789229,0.3010299956639812,0.29519516229629517
66532621126978304,0,42,3,3.0,1.8874735448702702,0.47712125471966244,0.2758808732032776
66532621126978304,0,43,3,4.0,3.2952391342927863,0.6020599913279624,0.5178869366645813
66532621126978304,0,44,3,1.0,1.6760755453724505,0.0,0.22429358959197998
6347785471046590080,0,66,3,2.0,1.9228163743825317,0.3010299956639812,0.28393781185150146
6347785471046590080,0,67,3,4.0,2.4759216584808676,0.6020599913279624,0.39373689889907837
6347593949864940672,0,12,3,3.0,1.8269753908165394,0.47712125471966244,0.26173269748687744
6347593949864940672,0,13,3,3.0,1.6373303137041382,0.47712125471966244,0.2141363024711609
115111724898931840,0,44,2,1.0,1.1560357484754036,0.0,0.06297126412391663
230065150189406080,0,59,3,8.0,6.677220065153999,0.9030899869919435,0.8245956897735596
226446348183951616,0,59,2,1.0,1.2436285411603585,0.0,0.09469068050384521
226367423865175808,0,59,4,6.0,1.806197539785652,0.7781512503836436,0.2567652463912964
230355107723858688,0,59,4,1.0,1.9310196284701522,0.0,0.2857866883277893
227020465053797760,0,59,4,1.0,2.9234276128233723,0.0,0.46589234471321106
423254497156733440,0,57,2,2.0,1.3692427517909134,0.3010299956639812,0.136480450630188
423254497156733440,0,58,2,5.0,1.762539306952282,0.6989700043360189,0.2461388111114502
242053950101197184,0,58,0,1.0,1.3016537863529387,0.0,0.11449548602104187
245357913824994560,0,59,0,3.0,1.3517743383940104,0.47712125471966244,0.1309041976928711
231659132813603968,0,19,1,2.0,2.7158129174112178,0.3010299956639812,0.433899849653244
231659132813603968,0,59,1,4.0,3.7331304111773904,0.6020599913279624,0.5720731616020203
245073999307152384,0,59,1,4.0,3.9432172598495407,0.6020599913279624,0.5958507061004639
243800008926727936,0,59,0,1.0,1.3154584833704575,0.0,0.11907714605331421
232930099535920000,0,59,3,1.0,1.1785780620094781,0.0,0.07135835289955139
115474112763499136,0,58,0,7.0,1.9959238012983742,0.8450980400142568,0.3001439571380615
122767864881453568,0,58,0,3.0,3.714403403517947,0.47712125471966244,0.5698890686035156
111728390182594304,0,44,3,1.0,1.2048226961055246,0.0,0.08092314004898071
70252681278085376,0,42,3,1.0,1.7472017987113482,0.0,0.24234306812286377
70252681278085376,0,43,3,1.0,1.652283813157146,0.0,0.2180846482515335
70252681278085376,0,44,3,2.0,1.3655608809456283,0.3010299956639812,0.1353110671043396
70248180152474368,0,42,4,1.0,1.390097449789451,0.0,0.14304524660110474
70248180152474368,0,43,4,3.0,1.5027130851177521,0.47712125471966244,0.17687606811523438
70248180152474368,0,44,4,9.0,4.272232421059011,0.9542425094393249,0.6306548714637756
69942515919994368,0,42,3,1.0,1.457467353149721,0.0,0.16359883546829224
69942515919994368,0,44,3,2.0,1.5693162265012177,0.3010299956639812,0.1957104653120041
69934334006064768,0,43,2,3.0,3.049266701386301,0.47712125471966244,0.48419541120529175
69934334006064768,0,44,2,1.0,1.2744280675467932,0.0,0.10531532764434814
69932276717968512,0,42,3,1.0,2.3009789092555253,0.0,0.36191263794898987
69932276717968512,0,43,3,3.0,3.1375324783217935,0.47712125471966244,0.49658823013305664
69930764889482752,0,44,0,2.0,1.682576073146719,0.3010299956639812,0.22597470879554749
69930283851373184,0,42,0,2.0,2.5941537546011113,0.3010299956639812,0.4139957129955292
69930283851373184,0,43,0,2.0,1.6329199961706238,0.3010299956639812,0.21296490728855133
69930283851373184,0,44,0,5.0,2.000943297123884,0.6989700043360189,0.30123478174209595
69892385061858944,0,42,2,3.0,1.3201127991686956,0.47712125471966244,0.1206110417842865
69892385061858944,0,43,2,6.0,5.398950447138475,0.7781512503836436,0.7323093414306641
69892385061858944,0,44,2,7.0,1.665308750486424,0.8450980400142568,0.22149476408958435
69838131035001856,0,43,1,1.0,1.2173297634600369,0.0,0.08540824055671692
69824730737081600,0,42,4,1.0,1.1798975777915846,0.0,0.07184430956840515
69823940463098752,0,42,4,3.0,2.9044559203908102,0.47712125471966244,0.4630647897720337
69823940463098752,0,43,4,4.0,3.8829938333859118,0.6020599913279624,0.5891667008399963
69823940463098752,0,44,4,3.0,3.8410857265770635,0.47712125471966244,0.5844539999961853
69811639676769536,0,42,2,2.0,2.8181668297484004,0.3010299956639812,0.449966698884964
68322145018429952,0,42,2,1.0,1.2771034750068606,0.0,0.10622608661651611
68310359628169088,0,42,1,2.0,2.4273025297659054,0.3010299956639812,0.3851239085197449
68310359628169088,0,44,1,3.0,3.7565695287907883,0.47712125471966244,0.574791431427002
68310359628169472,0,42,4,2.0,5.050112723643831,0.3010299956639812,0.7033010721206665
68310359628169472,0,43,4,2.0,7.570754876306192,0.3010299956639812,0.8791391849517822
68310359628169472,0,44,4,3.0,4.65975895861131,0.47712125471966244,0.6683634519577026
69811364798863744,0,42,0,4.0,2.5336728566074647,0.6020599913279624,0.40375053882598877
69811364798863744,0,43,0,4.0,3.1801002443843855,0.6020599913279624,0.5024408102035522
69811364798863744,0,44,0,5.0,3.0664149004665417,0.6989700043360189,0.486630916595459
68308882159427840,0,42,0,1.0,1.5743807060112482,0.0,0.19710975885391235
68308882159427840,0,43,0,1.0,1.20169913343443,0.0,0.07979574799537659
68308882159427840,0,44,0,3.0,1.9681392367631068,0.47712125471966244,0.2940558195114136
68303487680516224,0,42,2,4.0,2.517671359074894,0.6020599913279624,0.4009990394115448
68303487680516224,0,43,2,10.0,6.104596017417452,1.0,0.7856569290161133
68303487680516224,0,44,2,7.0,3.394613926419389,0.8450980400142568,0.530790388584137
68303728198686080,0,42,1,1.0,1.558277249853536,0.0,0.19264473021030426
68303728198686080,0,43,1,3.0,1.4370201739190926,0.47712125471966244,0.15746286511421204
68303728198686080,0,44,1,2.0,1.6399531511049361,0.3010299956639812,0.21483144164085388
65299965511216384,0,42,2,3.0,1.3514880125001394,0.47712125471966244,0.13081219792366028
65299965511216384,0,43,2,1.0,1.3461909624199646,0.0,0.12910667061805725
65299381395665664,0,43,1,3.0,1.8633560954161656,0.47712125471966244,0.2702958583831787
65299381395665664,0,44,1,5.0,1.5825210943359196,0.6989700043360189,0.199349507689476
65293368441513344,0,42,3,1.0,2.4334245891126822,0.0,0.3862178921699524
65293368441513344,0,43,3,2.0,1.8920829271200348,0.3010299956639812,0.27694016695022583
65292268929825408,0,42,2,1.0,1.6696785010283097,0.0,0.22263285517692566
65285633203088768,0,42,4,1.0,1.4069927867983303,0.0,0.14829187095165253
65248151025861120,0,42,1,2.0,2.768348601188638,0.3010299956639812,0.4422207772731781
65248151025861120,0,43,1,2.0,3.305832091488523,0.3010299956639812,0.5192807912826538
65248151025861120,0,44,1,3.0,3.5692190644609245,0.47712125471966244,0.5525732040405273
46843632046026240,0,43,1,8.0,5.819424808655675,0.9030899869919435,0.7648800611495972
46843632046026240,0,44,1,9.0,6.208090240275653,0.9542425094393249,0.7929580211639404
5419087269618221824,0,62,1,6.0,3.0279950236546727,0.7781512503836436,0.4811551570892334
5419087269618221824,0,63,1,7.0,2.699771541892773,0.8450980400142568,0.4313270151615143
66584332530000512,0,42,0,1.0,2.5222789897724276,0.0,0.40179312229156494
66584332530000512,0,43,0,2.0,1.971817067807999,0.3010299956639812,0.2948666214942932
66584332530000512,0,44,0,5.0,2.119177407177825,0.6989700043360189,0.3261673152446747
67085641114472320,0,42,3,2.0,1.1999609899472128,0.3010299956639812,0.07916712760925293
67331381964358656,0,42,2,1.0,1.2950280544059403,0.0,0.11227917671203613
67285614792891264,0,42,2,3.0,1.690913010498158,0.47712125471966244,0.22812126576900482
67285614792891264,0,43,2,5.0,3.5861380283312454,0.6989700043360189,0.554627001285553
67285614792891264,0,44,2,1.0,2.5288182875947296,0.0,0.40291762351989746
67281869581448704,0,43,1,2.0,1.6443226594535854,0.3010299956639812,0.21598704159259796
66628995894842624,0,43,1,1.0,1.2385944362481434,0.0,0.09292912483215332
66628995894842624,0,44,1,2.0,1.0774153872896417,0.3010299956639812,0.03238317370414734
66624357329718400,0,44,0,1.0,1.1600442423124033,0.0,0.06447455286979675
66581549393480704,0,42,2,2.0,1.3682305116612334,0.3010299956639812,0.1361592710018158
66581549393480704,0,43,2,1.0,2.757744851037156,0.0,0.44055408239364624
66581549393480704,0,44,2,2.0,2.5133636079421673,0.3010299956639812,0.40025532245635986
121984909523078016,0,58,3,2.0,1.5930206062666756,0.3010299956639812,0.20222139358520508
5496747081552620928,0,61,3,5.0,2.234931284003525,0.6989700043360189,0.3492641746997833
5496747081552620928,0,62,3,3.0,3.2060843812390156,0.47712125471966244,0.5059749484062195
5496747081552620928,0,63,3,5.0,2.8391522846519206,0.6989700043360189,0.4531886875629425
5496747081552620928,0,64,3,1.0,1.7947401877653757,0.0,0.25400158762931824
5496747081552620928,0,65,3,5.0,1.4904951264191968,0.6989700043360189,0.17333056032657623
5496747081552620928,0,66,3,1.0,1.227003381581646,0.0,0.08884575963020325
5496747081552620928,0,67,3,2.0,1.9822740474924752,0.3010299956639812,0.2971636950969696
5484571119849822464,0,1,2,3.0,4.991977801851516,0.47712125471966244,0.6982726454734802
5484571119849822464,0,2,2,2.0,2.8575405412394392,0.3010299956639812,0.4559924006462097
5484571119849822464,0,3,2,1.0,5.250734861941344,0.0,0.7202200889587402
5484571119849822464,0,4,2,2.0,3.1277848636548735,0.3010299956639812,0.495236873626709
5484571119849822464,0,6,2,1.0,1.7482268602428641,0.0,0.2425977885723114
5484571119849822464,0,9,2,1.0,2.5934971329541403,0.0,0.41388577222824097
5484571119849822464,0,10,2,2.0,2.907564038609089,0.3010299956639812,0.4635292887687683
5484571119849822464,0,11,2,4.0,1.8221682165566964,0.6020599913279624,0.26058846712112427
5484571119849822464,0,12,2,2.0,2.573194424118388,0.3010299956639812,0.4104726016521454
5484571119849822464,0,13,2,2.0,1.8092258350869788,0.3010299956639812,0.2574927806854248
5484571119849822464,0,27,2,1.0,2.517103359970035,0.0,0.40090104937553406
5484571119849822464,0,30,2,4.0,4.188502212618487,0.6020599913279624,0.6220587491989136
5484571119849822464,0,31,2,1.0,2.5259231507748487,0.0,0.40242013335227966
5484571119849822464,0,32,2,1.0,3.076788248063102,0.0,0.488097608089447
5484571119849822464,0,33,2,2.0,2.9927366122788746,0.3010299956639812,0.47606849670410156
5484571119849822464,0,34,2,6.0,3.713211723403806,0.7781512503836436,0.5697497129440308
5484571119849822464,0,36,2,1.0,3.844743911054006,0.0,0.5848674178123474
5484571119849822464,0,37,2,1.0,3.253547678104569,0.0,0.5123571753501892
5484571119849822464,0,38,2,3.0,8.626194937118694,0.47712125471966244,0.9358192682266235
5484571119849822464,0,39,2,2.0,2.553356562529795,0.3010299956639812,0.4071114659309387
5484571119849822464,0,61,2,2.0,4.238849421188614,0.3010299956639812,0.6272479891777039
5484571119849822464,0,63,2,3.0,7.585436273384405,0.47712125471966244,0.8799805641174316
5484571119849822464,0,64,2,2.0,4.469523481984105,0.3010299956639812,0.6502612233161926
5484571119849822464,0,66,2,3.0,4.547430850098134,0.47712125471966244,0.6577661037445068
5484571119849822464,0,67,2,1.0,2.330385163741573,0.0,0.3674277067184448
111721552594418304,0,42,0,5.0,3.0702154195156295,0.6989700043360189,0.4871688485145569
163511608280866816,0,43,4,2.0,1.9621337269343264,0.3010299956639812,0.29272860288619995
163891901865601408,0,44,4,3.0,1.4425317235943722,0.47712125471966244,0.15912537276744843
5479628029106555776,0,28,2,2.0,1.2899316697516567,0.3010299956639812,0.11056670546531677
5479628029106555776,0,29,2,2.0,1.3840669256822085,0.3010299956639812,0.1411570906639099
5479628029106555776,0,30,2,2.0,1.485418925070657,0.3010299956639812,0.17184895277023315
5479628029106555776,0,31,2,3.0,1.6117009077993392,0.47712125471966244,0.20728445053100586
5479628029106555776,0,32,2,1.0,1.5894959267315163,0.0,0.20125941932201385
5479628029106555776,0,33,2,2.0,1.555615724919789,0.3010299956639812,0.19190232455730438
5479628029106555776,0,34,2,2.0,1.5824281928691706,0.3010299956639812,0.19932401180267334
5479628029106555776,0,35,2,1.0,1.2923942919189013,0.0,0.11139503121376038
5479628029106555776,0,36,2,5.0,1.5906467571550804,0.6989700043360189,0.20157374441623688
5479628029106555776,0,37,2,2.0,1.4101197359178588,0.3010299956639812,0.14925599098205566
5479628029106555776,0,38,2,2.0,1.8153278122481797,0.3010299956639812,0.25895506143569946
5479628029106555776,0,39,2,2.0,1.6328550616693218,0.3010299956639812,0.21294763684272766
148021722825803904,0,43,2,2.0,2.775304172415533,0.3010299956639812,0.44331058859825134
148021722825803904,0,44,2,1.0,3.8906626626045417,0.0,0.5900235772132874
5287208409004384384,0,5,2,8.0,3.048263104170394,0.9030899869919435,0.484052449464798
5287208409004384384,0,6,2,2.0,2.097830665956183,0.3010299956639812,0.32177042961120605
5287208409004384384,0,7,2,3.0,4.005007339558142,0.47712125471966244,0.6026033163070679
5287208409004384384,0,8,2,2.0,1.9738003675874438,0.3010299956639812,0.29530322551727295
5287208409004384384,0,12,2,6.0,5.154905032451442,0.7781512503836436,0.7122206687927246
5287208409004384384,0,13,2,3.0,4.049857632224622,0.47712125471966244,0.6074397563934326
5287208409004384384,0,27,2,1.0,2.355631196353703,0.0,0.37210729718208313
5287208409004384384,0,28,2,1.0,2.7268126234743346,0.0,0.43565529584884644
5287208409004384384,0,29,2,2.0,2.2044811642282727,0.3010299956639812,0.34330639243125916
5287208409004384384,0,30,2,2.0,2.5943307095472696,0.3010299956639812,0.41402533650398254
5287208409004384384,0,34,2,2.0,2.6892444408957954,0.3010299956639812,0.4296302795410156
5287208409004384384,0,36,2,3.0,3.280099530396472,0.47712125471966244,0.5158870220184326
5287208409004384384,0,37,2,6.0,9.84310492071813,0.7781512503836436,0.9931321144104004
5287208409004384384,0,38,2,4.0,7.882541907954437,0.6020599913279624,0.8966662883758545
5287208409004384384,0,39,2,2.0,2.6730780448880576,0.3010299956639812,0.427011638879776
5287208409004384384,0,61,2,5.0,2.446711347940766,0.6989700043360189,0.3885827362537384
5287208409004384384,0,62,2,3.0,1.8293487072498442,0.47712125471966244,0.26229649782180786
5287208409004384384,0,63,2,4.0,4.931941311487969,0.6020599913279624,0.6930178999900818
5287208409004384384,0,64,2,2.0,3.7734598068746656,0.3010299956639812,0.5767397284507751
5287208409004384384,0,65,2,1.0,2.3156916905151315,0.0,0.3646807372570038
5287208409004384384,0,66,2,2.0,1.7086449593841972,0.3010299956639812,0.23265182971954346
3420008412568724736,0,43,4,3.0,3.602300081103837,0.47712125471966244,0.5565798878669739
3420008412568724736,0,44,4,1.0,3.693341021824096,0.0,0.5674194097518921
5281448892220945536,0,2,1,1.0,1.7246769017357757,0.0,0.23670774698257446
5281448892220945536,0,4,1,1.0,2.1026021061171565,0.0,0.3227570950984955
5281448892220945536,0,5,1,2.0,2.4498609790745314,0.3010299956639812,0.3891414403915405
5281448892220945536,0,7,1,7.0,3.7453649016340123,0.8450980400142568,0.5734941363334656
5281448892220945536,0,8,1,1.0,1.8852079952645449,0.0,0.27535927295684814
5281448892220945536,0,9,1,2.0,1.9283794273461436,0.3010299956639812,0.28519248962402344
5281448892220945536,0,10,1,2.0,2.011740961059815,0.3010299956639812,0.30357205867767334
5281448892220945536,0,11,1,1.0,1.686408586527455,0.0,0.22696280479431152
5281448892220945536,0,12,1,1.0,1.7434130859790984,0.0,0.24140030145645142
5281448892220945536,0,13,1,2.0,2.0005581810483455,0.3010299956639812,0.30115118622779846
5281448892220945536,0,27,1,1.0,1.2659084524230604,0.0,0.10240229964256287
5281448892220945536,0,29,1,1.0,1.3715069135192914,0.0,0.13719800114631653
5281448892220945536,0,30,1,1.0,1.369735288389384,0.0,0.1366366446018219
5281448892220945536,0,31,1,4.0,1.5090258936927432,0.6020599913279624,0.17869669198989868
5281448892220945536,0,33,1,3.0,1.8949172312067872,0.47712125471966244,0.27759024500846863
5281448892220945536,0,34,1,1.0,1.4167075047983062,0.0,0.15128019452095032
5281448892220945536,0,35,1,1.0,1.318073309021148,0.0,0.11993956565856934
5281448892220945536,0,36,1,2.0,3.17817650910326,0.3010299956639812,0.5021780133247375
5281448892220945536,0,37,1,3.0,2.0834182231117833,0.47712125471966244,0.3187764585018158
5281448892220945536,0,38,1,2.0,1.8026075580316154,0.3010299956639812,0.25590118765830994
5281448892220945536,0,39,1,2.0,2.482613335186784,0.3010299956639812,0.3949090838432312
5281448892220945536,0,62,1,1.0,2.3753714253793397,0.0,0.37573152780532837
5281448892220945536,0,64,1,3.0,5.458469878549566,0.47712125471966244,0.7370709180831909
5281448892220945536,0,65,1,2.0,1.8383479769370128,0.3010299956639812,0.26442772150039673
5281448892220945536,0,66,1,1.0,2.0004014099250265,0.0,0.3011171519756317
5281448892220945536,0,67,1,2.0,1.7013491999628272,0.3010299956639812,0.23079346120357513
120907044530235776,0,58,1,2.0,1.3224514376921561,0.3010299956639812,0.12137973308563232
122143479715593472,0,43,1,2.0,1.394404657482946,0.3010299956639812,0.1443888247013092
122143479715593472,0,58,1,2.0,1.8082162532111528,0.3010299956639812,0.2572503685951233
170677640956492160,0,43,0,1.0,1.5703310501992769,0.0,0.19599121809005737
170677640956492160,0,59,0,3.0,2.134269962552922,0.47712125471966244,0.3292493522167206
173117525974708096,0,43,0,1.0,1.6477639578674474,0.0,0.2168949991464615
173117525974708096,0,44,0,2.0,2.7221662708461802,0.3010299956639812,0.43491464853286743
172910744773671936,0,44,3,2.0,1.7620645830524304,0.3010299956639812,0.2460218220949173
171644901948236160,0,44,0,1.0,1.2877348393368786,0.0,0.10982644557952881
5491972001335869440,0,62,1,1.0,1.4546104812287903,0.0,0.16274671256542206
5879951932099030528,0,11,2,3.0,3.9094009720972176,0.47712125471966244,0.5921102166175842
5879951932099030528,0,12,2,3.0,3.9089283046838466,0.47712125471966244,0.5920577049255371
5879951932099030528,0,38,2,3.0,3.414575335851583,0.47712125471966244,0.5333366990089417
5289206152913535360,0,27,1,1.0,1.3330868332579449,0.0,0.12485843896865845
5289206152913535360,0,28,1,1.0,1.536134409399961,0.0,0.1864292174577713
5289206152913535360,0,29,1,1.0,1.3659363269653941,0.0,0.1354304552078247
5289206152913535360,0,30,1,2.0,1.43335856064232,0.3010299956639812,0.1563548445701599
5289206152913535360,0,31,1,3.0,1.5518245336160221,0.47712125471966244,0.1908426135778427
5289206152913535360,0,32,1,3.0,1.5004616583455241,0.47712125471966244,0.17622490227222443
5289206152913535360,0,33,1,2.0,1.4947045149630345,0.3010299956639812,0.17455534636974335
5289206152913535360,0,34,1,2.0,1.4766320946041638,0.3010299956639812,0.1692723035812378
5289206152913535360,0,35,1,1.0,1.6030391126358439,0.0,0.20494411885738373
5289206152913535360,0,36,1,1.0,1.400087116695697,0.0,0.14615505933761597
5289206152913535360,0,38,1,2.0,1.467079939663746,0.3010299956639812,0.1664537787437439
5289206152913535360,0,61,1,1.0,1.3555411678720608,0.0,0.13211271166801453
5289206152913535360,0,62,1,1.0,1.4455980739881764,0.0,0.16004756093025208
5289206152913535360,0,63,1,1.0,1.5378166177146342,0.0,0.18690454959869385
5289206152913535360,0,64,1,3.0,1.506282631878424,0.47712125471966244,0.17790646851062775
5289206152913535488,0,27,3,1.0,1.3750938418116252,0.0,0.138332337141037
5289206152913535488,0,30,3,2.0,1.2917746945006419,0.3010299956639812,0.11118677258491516
5289206152913535488,0,31,3,2.0,1.571223177993214,0.3010299956639812,0.19623787701129913
5289206152913535488,0,32,3,2.0,1.5703464060542904,0.3010299956639812,0.19599546492099762
5289206152913535488,0,33,3,1.0,1.509468336757958,0.0,0.17882400751113892
5289206152913535488,0,34,3,2.0,1.4065556226262834,0.3010299956639812,0.14815691113471985
5289206152913535488,0,37,3,1.0,1.2970949923909059,0.0,0.11297178268432617
5289206152913535488,0,38,3,4.0,1.4742173503584057,0.6020599913279624,0.16856151819229126
5289206152913535488,0,61,3,2.0,1.2940679261120853,0.3010299956639812,0.11195707321166992
5289206152913535488,0,64,3,1.0,1.4348147890835874,0.0,0.15679584443569183
122441859683763712,0,42,4,1.0,2.7149200004929015,0.0,0.4337570369243622
122441859683763712,0,43,4,3.0,5.804377890042112,0.47712125471966244,0.7637556791305542
122441859683763712,0,58,4,3.0,4.247234464456447,0.47712125471966244,0.6281062364578247
4767439021687332096,0,1,2,2.0,1.5626155490118965,0.3010299956639812,0.19385214149951935
4767439021687332096,0,2,2,1.0,1.7627745092344178,0.0,0.24619676172733307
4767439021687332096,0,3,2,1.0,1.3938105655037183,0.0,0.14420375227928162
4767439021687332096,0,4,2,6.0,2.658345467890318,0.7781512503836436,0.4246114194393158
4767439021687332096,0,5,2,6.0,1.9811432942325191,0.7781512503836436,0.2969158887863159
4767439021687332096,0,6,2,3.0,2.815856581387566,0.47712125471966244,0.44961053133010864
4767439021687332096,0,7,2,4.0,3.006097035078938,0.6020599913279624,0.47800299525260925
4767439021687332096,0,8,2,1.0,1.4143833790955762,0.0,0.15056714415550232
4767439021687332096,0,9,2,2.0,1.5662746676056678,0.3010299956639812,0.19486792385578156
4767439021687332096,0,10,2,1.0,1.6937148932451302,0.0,0.22884030640125275
4767439021687332096,0,11,2,1.0,1.5833822262600095,0.0,0.19958576560020447
4767439021687332096,0,12,2,1.0,1.3730565624235558,0.0,0.13768842816352844
4767439021687332096,0,27,2,5.0,2.8672903212729377,0.6989700043360189,0.45747166872024536
4767439021687332096,0,29,2,4.0,1.5287772183070518,0.6020599913279624,0.18434420228004456
4767439021687332096,0,31,2,1.0,1.4897061325944478,0.0,0.17310060560703278
4767439021687332096,0,32,2,3.0,1.5626516860755886,0.47712125471966244,0.193862184882164
4767439021687332096,0,33,2,5.0,4.644569409499216,0.6989700043360189,0.6669454574584961
4767439021687332096,0,34,2,4.0,2.2459174478281776,0.6020599913279624,0.35139378905296326
4767439021687332096,0,36,2,4.0,2.247721995311223,0.6020599913279624,0.35174259543418884
4767439021687332096,0,37,2,2.0,1.5020266706196583,0.3010299956639812,0.1766776442527771
4767439021687332096,0,38,2,1.0,1.8497025014866442,0.0,0.26710188388824463
4767439021687332096,0,62,2,1.0,2.023065797558665,0.0,0.30601000785827637
4767439021687332096,0,63,2,2.0,2.230258656289666,0.3010299956639812,0.348355233669281
4767439021687332096,0,65,2,1.0,1.3563922000846471,0.0,0.1323852837085724
4764908637411876736,0,4,3,2.0,3.791263667501047,0.3010299956639812,0.5787839889526367
4764908637411876736,0,5,3,7.0,6.442943104116933,0.8450980400142568,0.8090842962265015
4764908637411876736,0,6,3,3.0,3.643124102262611,0.47712125471966244,0.5614739656448364
4764908637411876736,0,7,3,5.0,6.445854746472824,0.6989700043360189,0.809280514717102
4764908637411876736,0,8,3,11.0,5.320296262022764,1.0413926851582251,0.7259358167648315
4764908637411876736,0,10,3,2.0,4.028507190033278,0.3010299956639812,0.6051441431045532
4764908637411876736,0,11,3,4.0,3.519252567410532,0.6020599913279624,0.5464504361152649
4764908637411876736,0,12,3,2.0,3.0522407271176806,0.3010299956639812,0.48461878299713135
4764908637411876736,0,13,3,8.0,4.916890137326792,0.9030899869919435,0.6916905045509338
4764908637411876736,0,27,3,5.0,3.712258348898041,0.6989700043360189,0.569638192653656
4764908637411876736,0,28,3,8.0,3.2359604805555526,0.9030899869919435,0.5100032091140747
4764908637411876736,0,29,3,6.0,3.2832531812766392,0.7781512503836436,0.5163043737411499
4764908637411876736,0,30,3,9.0,4.824013325134736,0.9542425094393249,0.6834084987640381
4764908637411876736,0,31,3,8.0,5.750298689148238,0.9030899869919435,0.7596904039382935
4764908637411876736,0,32,3,7.0,6.539009102431457,0.8450980400142568,0.81551194190979
4764908637411876736,0,33,3,5.0,4.463967524347779,0.6989700043360189,0.6497210264205933
4764908637411876736,0,34,3,2.0,4.243215449160706,0.3010299956639812,0.6276950836181641
4764908637411876736,0,35,3,2.0,2.981021137977097,0.3010299956639812,0.4743650555610657
4764908637411876736,0,36,3,3.0,3.4848817683171553,0.47712125471966244,0.5421880483627319
4764908637411876736,0,37,3,4.0,3.6845407309481786,0.6020599913279624,0.5663833618164062
4764908637411876736,0,38,3,1.0,3.5915920660473035,0.0,0.5552870035171509
4764908637411876736,0,39,3,5.0,2.099418837186469,0.6989700043360189,0.32209908962249756
4764908637411876736,0,61,3,5.0,3.8269714702640423,0.6989700043360189,0.582855224609375
4764908637411876736,0,62,3,5.0,5.954200120758909,0.6989700043360189,0.7748234272003174
4764908637411876736,0,64,3,1.0,3.6503282117075955,0.0,0.5623319149017334
4764908637411876736,0,65,3,3.0,3.035843781732603,0.47712125471966244,0.4822794198989868
4764908637411876736,0,66,3,8.0,4.384382213195515,0.9030899869919435,0.6419084072113037
4764908637411876736,0,67,3,3.0,2.88291497358781,0.47712125471966244,0.4598318338394165
6018064886202720512,0,12,1,1.0,2.279162865687439,0.0,0.35777536034584045
5498909546046688256,0,8,3,2.0,1.5538429768098345,0.3010299956639812,0.19140712916851044
5498909546046688256,0,30,3,1.0,1.4675136089133274,0.0,0.1665821373462677
5498909546046688256,0,39,3,1.0,1.8538015767159919,0.0,0.2680632472038269
5498909546046688256,0,61,3,1.0,1.5192788630214493,0.0,0.1816374957561493
5498909546046688256,0,67,3,1.0,1.5848317012316935,0.0,0.199983149766922
118715683496508032,0,58,3,1.0,1.3717388351300854,0.0,0.1372714340686798
122293563052804352,0,42,2,1.0,1.3637609995882438,0.0,0.1347382664680481
122293563052804352,0,43,2,4.0,3.899772747136444,0.6020599913279624,0.5910392999649048
122293563052804352,0,58,2,2.0,1.4669915500962984,0.3010299956639812,0.1664276123046875
168047815299448960,0,58,3,1.0,1.2490200756771892,0.0,0.09656941890716553
70461554129560448,0,43,0,4.0,3.045415834065759,0.6020599913279624,0.48364660143852234
70457877637565824,0,42,4,1.0,1.3912115953025237,0.0,0.14339318871498108
66942910762588928,0,43,2,1.0,1.1900537029729579,0.0,0.07556656002998352
66830485697459456,0,43,4,1.0,1.250053317160666,0.0,0.09692853689193726
66830485697459456,0,44,4,2.0,1.465877774637623,0.3010299956639812,0.1660977602005005
66828870789879168,0,42,4,4.0,3.1412691661527323,0.6020599913279624,0.4971051514148712
66828870789879168,0,43,4,6.0,3.0073164298884643,0.7781512503836436,0.47817912697792053
66828870789879168,0,44,4,5.0,3.0848500612187113,0.6989700043360189,0.489234060049057
66818322350220416,0,43,4,1.0,1.2749811610154278,0.0,0.10550376772880554
66818322350220416,0,44,4,1.0,1.2253817537098972,0.0,0.08827140927314758
66816187748666624,0,42,2,3.0,2.4124980549689483,0.47712125471966244,0.38246697187423706
66816187748666624,0,43,2,1.0,3.902826856701182,0.0,0.5913792848587036
66816187748666624,0,44,2,3.0,3.6253262287446124,0.47712125471966244,0.5593470931053162
66763965244167808,0,43,2,1.0,1.1800061600491933,0.0,0.07188427448272705
66739982146803456,0,42,2,1.0,1.4526372046291989,0.0,0.16215716302394867
66739982146803456,0,43,2,1.0,1.4362591421103061,0.0,0.15723280608654022
66739982146803456,0,44,2,2.0,1.5312706125963693,0.3010299956639812,0.18505194783210754
66522381924952704,0,42,3,2.0,1.7760205494769195,0.3010299956639812,0.2494479864835739
66522381924952704,0,43,3,1.0,2.1593875274786067,0.0,0.33433058857917786
66522381924952704,0,44,3,1.0,1.7256169866328788,0.0,0.23694440722465515
66521381194879232,0,44,3,2.0,3.284641351349654,0.3010299956639812,0.5164879560470581
66523103479455744,0,43,1,1.0,1.542308396020381,0.0,0.18817122280597687
66523103479455744,0,44,1,1.0,1.19813812288526,0.0,0.07850688695907593
66523103479455232,0,43,4,1.0,1.4327998836580047,0.0,0.15618553757667542
66719194505127168,0,42,2,2.0,1.2501983823267937,0.3010299956639812,0.09697893261909485
66719228864863360,0,42,0,3.0,1.6435085139910943,0.47712125471966244,0.21577195823192596
66719228864863360,0,43,0,2.0,1.725556950790489,0.3010299956639812,0.2369292974472046
66719228864863360,0,44,0,3.0,3.2765383180534657,0.47712125471966244,0.5154152512550354
66720294016753280,0,42,1,3.0,1.9433720392849068,0.47712125471966244,0.28855594992637634
66720294016753280,0,43,1,3.0,1.481705670262736,0.47712125471966244,0.17076194286346436
66720294016753280,0,44,1,1.0,1.6684348266314062,0.0,0.22230924665927887
66720946851771904,0,43,3,1.0,1.61492166067504,0.0,0.2081514596939087
66750358787789056,0,43,1,1.0,1.3055418986535632,0.0,0.11579081416130066
66765751950550144,0,43,0,5.0,2.3599048657859867,0.6989700043360189,0.3728944957256317
66765751950550144,0,44,0,5.0,1.2918750441512585,0.6989700043360189,0.11122050881385803
66940299422471296,0,42,3,1.0,1.9217130759383803,0.0,0.2836885452270508
66940299422471296,0,43,3,2.0,1.8447415946073358,0.3010299956639812,0.2659355401992798
66940299422471296,0,44,3,1.0,1.481098064429492,0.0,0.1705838143825531
66941635153934848,0,43,1,1.0,1.1701412465827705,0.0,0.0682382881641388
66951466337428480,0,42,2,1.0,1.2103301780318783,0.0,0.08290386199951172
66951466337428480,0,43,2,1.0,1.1762396475319166,0.0,0.07049581408500671
66951466337428480,0,44,2,1.0,1.1948154142394478,0.0,0.07730081677436829
69962719446879232,0,42,2,4.0,1.5577134422886063,0.6020599913279624,0.19248756766319275
69962719446879232,0,43,2,1.0,1.2537459124544774,0.0,0.09820953011512756
70457671479120000,0,42,4,1.0,1.8396359333702916,0.0,0.26473188400268555
70457671479120000,0,43,4,3.0,5.340629720432899,0.47712125471966244,0.7275924682617188
70457671479120000,0,44,4,4.0,3.937234122470683,0.6020599913279624,0.595191240310669
66512074003566976,0,42,4,2.0,3.061810690907262,0.3010299956639812,0.4859783351421356
66512074003566976,0,43,4,2.0,2.0825192842818825,0.3010299956639812,0.3185890316963196
66512074003566976,0,44,4,1.0,1.290969165819224,0.0,0.11091586947441101
66515922294233728,0,42,2,4.0,2.202451662450983,0.6020599913279624,0.3429063856601715
66556535504957568,0,43,3,4.0,2.6707894146524334,0.6020599913279624,0.4266396462917328
66747816167123712,0,42,0,1.0,5.476615832597735,0.0,0.7385122776031494
66747816167123712,0,43,0,1.0,3.7746791112613916,0.0,0.5768800377845764
66747816167123712,0,44,0,1.0,1.2494903732849096,0.0,0.09673291444778442
66749121837171840,0,43,4,2.0,1.602535701721042,0.3010299956639812,0.20480771362781525
66749121837171840,0,44,4,4.0,3.3604825067136823,0.6020599913279624,0.5264016389846802
66761903659793152,0,42,1,1.0,1.3545205596510643,0.0,0.13178560137748718
66761903659793152,0,43,1,3.0,1.3788566729688314,0.47712125471966244,0.1395191252231598
66761903659793152,0,44,1,1.0,1.5933028874335238,0.0,0.2022983431816101
66876596467931776,0,44,0,2.0,2.057637455782734,0.3010299956639812,0.31336885690689087
66937859881182848,0,43,4,2.0,2.092988185307719,0.3010299956639812,0.32076677680015564
66937859881182848,0,44,4,4.0,4.012056960598201,0.6020599913279624,0.6033670902252197
66981599827956864,0,42,4,2.0,1.2684780551570756,0.3010299956639812,0.10328295826911926
66981599827956864,0,43,4,2.0,1.9720067826567058,0.3010299956639812,0.29490840435028076
66981599827956864,0,44,4,2.0,1.99274545833556,0.3010299956639812,0.2994518280029297
69996976105980800,0,43,1,1.0,1.7716767084497027,0.0,0.2483844757080078
69996976105980800,0,44,1,1.0,2.0416942423617463,0.0,0.30999070405960083
70453303494018432,0,42,3,1.0,1.1589227522871464,0.0,0.06405448913574219
70493268167993984,0,42,0,1.0,1.3651145287968802,0.0,0.13516908884048462
70493268167993984,0,43,0,2.0,1.4148132188084657,0.3010299956639812,0.15069910883903503
70493268167993984,0,44,0,5.0,5.0891171568061075,0.6989700043360189,0.7066424489021301
70495707709395584,0,43,1,5.0,1.4621637011210802,0.6989700043360189,0.16499599814414978
66974453002505088,0,43,3,1.0,1.3605556652335944,0.0,0.13371631503105164
66930403817997696,0,42,4,5.0,4.130697780391973,0.6989700043360189,0.6160234212875366
66930403817997696,0,43,4,3.0,1.7422424108500947,0.47712125471966244,0.24110858142375946
66930403817997696,0,44,4,1.0,1.930768933612982,0.0,0.2857303023338318
66878245735176704,0,43,0,3.0,2.1985758310102197,0.47712125471966244,0.34214144945144653
66878245735176704,0,44,0,3.0,3.0021088828250746,0.47712125471966244,0.4774264395236969
66872095342031872,0,43,2,2.0,1.2588606033376912,0.3010299956639812,0.09997764229774475
66872095342031872,0,44,2,2.0,1.1662884870937642,0.3010299956639812,0.06680598855018616
66757746131459200,0,42,3,1.0,1.1999368633441563,0.0,0.07915839552879333
66757746131459200,0,43,3,1.0,1.190311218435897,0.0,0.07566052675247192
66754241438299520,0,42,2,1.0,1.78305815979162,0.0,0.251165509223938
66754241438299520,0,43,2,2.0,2.6887255578368663,0.3010299956639812,0.4295464754104614
66565365957676416,0,43,4,1.0,1.412103279861786,0.0,0.14986646175384521
66565365957676416,0,44,4,2.0,1.580022420427228,0.3010299956639812,0.19866324961185455
66553443128503552,0,43,3,3.0,1.7277020700186212,0.47712125471966244,0.23746885359287262
66553443128503552,0,44,3,1.0,1.6516083547625104,0.0,0.21790707111358643
66539252556578816,0,42,0,1.0,1.5650412121724824,0.0,0.19452577829360962
66539252556578816,0,43,0,2.0,2.0241706114811704,0.3010299956639812,0.30624711513519287
66539252556578816,0,44,0,1.0,2.132278760873023,0.0,0.32884398102760315
66509771901085696,0,42,2,1.0,1.2519914243049,0.0,0.09760135412216187
66509771901085696,0,43,2,2.0,1.6206775111416925,0.3010299956639812,0.20969660580158234
66509771901085696,0,44,2,1.0,1.2102258645161759,0.0,0.08286643028259277
66536331978799616,0,44,0,1.0,2.0587741471240246,0.0,0.31360870599746704
66541142342159232,0,44,1,1.0,2.0260711462039662,0.0,0.306654691696167
66560349435890176,0,42,1,1.0,1.5978585409206922,0.0,0.20353832840919495
66560349435890176,0,43,1,1.0,1.151913595895414,0.0,0.061419904232025146
66560727393001216,0,42,2,1.0,1.174450317282574,0.0,0.0698346495628357
66560727393001216,0,43,2,1.0,1.1823189595642563,0.0,0.07273465394973755
66566946505629440,0,44,2,1.0,1.573225989987244,0.0,0.19679111242294312
66658240329321088,0,42,2,2.0,1.5134249577638539,0.3010299956639812,0.17996089160442352
66957612431742080,0,42,1,3.0,2.9035179164838483,0.47712125471966244,0.4629245102405548
66957612431742080,0,43,1,6.0,3.6226255004221004,0.7781512503836436,0.5590234398841858
66957612431742080,0,44,1,3.0,2.445116657895428,0.47712125471966244,0.3882995843887329
66969535261875072,0,42,0,2.0,1.4213749250349461,0.3010299956639812,0.15270864963531494
66969535261875072,0,43,0,2.0,1.6107449545587402,0.3010299956639812,0.20702677965164185
66969535261875072,0,44,0,2.0,2.0666305929858404,0.3010299956639812,0.3152628540992737
6018780148565450880,0,12,3,1.0,1.7311052755465914,0.0,0.23832347989082336
236932356220839424,0,58,3,2.0,1.8720650102575611,0.3010299956639812,0.2723209261894226
227379043283984000,0,59,2,1.0,1.5371352119944406,0.0,0.18671207129955292
226898453623006464,0,59,0,2.0,1.7328787466922235,0.3010299956639812,0.23876817524433136
225724892459307648,0,59,0,1.0,1.179279634656656,0.0,0.07161679863929749
2272973624497670400,0,52,3,2.0,2.402484659763853,0.3010299956639812,0.38066062331199646
177986678857606656,0,59,3,4.0,1.2390156595790716,0.6020599913279624,0.09307679533958435
178210154596289280,0,59,2,2.0,1.3886542537935103,0.3010299956639812,0.1425941288471222
179710369494047488,0,59,2,1.0,1.4034630135148725,0.0,0.14720097184181213
68183125516472320,0,42,3,3.0,2.0659964841427207,0.47712125471966244,0.3151295781135559
68183125516472320,0,43,3,1.0,1.2401944003656147,0.0,0.09348976612091064
68183125516472320,0,44,3,2.0,1.3623958171319777,0.3010299956639812,0.13430330157279968
68183331674900864,0,44,4,4.0,2.381338484022275,0.6020599913279624,0.3768211305141449
68233531252642432,0,43,0,1.0,1.3844582902444091,0.0,0.14127987623214722
68233531252642432,0,44,0,1.0,2.219175172860548,0.0,0.3461915850639343
68348155340347776,0,43,2,1.0,1.2715458647274793,0.0,0.10433202981948853
68348155340347776,0,44,2,3.0,1.2588999959767708,0.47712125471966244,0.09999123215675354
68354374452892160,0,43,3,1.0,1.5133798335140318,0.0,0.17994794249534607
68354374452892160,0,44,3,2.0,1.3587683484847757,0.3010299956639812,0.13314542174339294
68556508497159936,0,43,3,1.0,1.8791181765172271,0.0,0.2739540934562683
68595751615127296,0,44,1,2.0,2.7060869968515666,0.3010299956639812,0.4323417544364929
68600321460320768,0,42,2,2.0,1.7462331185078859,0.3010299956639812,0.2421022206544876
68607090328759040,0,42,4,3.0,2.764618951872603,0.47712125471966244,0.44163528084754944
68607090328759040,0,43,4,4.0,3.3016012503585377,0.6020599913279624,0.5187246203422546
68607090328759040,0,44,4,2.0,2.2765652654930735,0.3010299956639812,0.35728010535240173
68660244843997312,0,44,4,1.0,2.4348697930339327,0.0,0.38647574186325073
70175474946486784,0,43,3,1.0,1.1614053304258147,0.0,0.06498381495475769
70189837317110016,0,42,3,2.0,3.0330482818481785,0.3010299956639812,0.481879323720932
70189837317110016,0,43,3,3.0,1.3723551615412974,0.47712125471966244,0.13746652007102966
71409985986006016,0,42,1,1.0,1.5792757119757268,0.0,0.19845795631408691
71409985986006016,0,43,1,2.0,1.7449757088062514,0.3010299956639812,0.24178938567638397
71409985986006016,0,44,1,4.0,2.5058761742025757,0.6020599913279624,0.39895960688591003
71409985986006016,0,58,1,4.0,2.881189797113924,0.6020599913279624,0.45957186818122864
232162125023265152,0,59,2,1.0,1.4219469061754335,0.0,0.152883380651474
441781955276048256,0,58,3,1.0,1.3938572418274353,0.0,0.1442182958126068
4802947444765742848,0,5,3,11.0,1.9445350093242841,1.0413926851582251,0.28881576657295227
4802947444765742848,0,6,3,4.0,2.7845283896415367,0.6020599913279624,0.44475165009498596
4802947444765742848,0,33,3,6.0,2.782111691408839,0.7781512503836436,0.44437456130981445
4802947444765743104,0,5,4,5.0,1.7885784123721336,0.6989700043360189,0.2525079846382141
4802947444765743104,0,6,4,3.0,2.6407323093071486,0.47712125471966244,0.4217243790626526
4802947444765743104,0,33,4,5.0,2.886556400174963,0.6989700043360189,0.46038004755973816
249293478258283904,0,59,2,1.0,1.6517220359881368,0.0,0.21793696284294128
249298460420296448,0,59,1,1.0,1.6999112649853816,0.0,0.23042625188827515
249673217788323712,0,59,2,1.0,2.3442500755419853,0.0,0.37000393867492676
5520757731149443712,0,35,1,1.0,1.4450408240567028,0.0,0.1598801165819168
986225547448347776,0,47,0,1.0,1.2591016433925872,0.0,0.10006079077720642
986225547448347776,0,60,0,1.0,1.717147475100909,0.0,0.2348075956106186
5504459227910113280,0,61,4,2.0,1.7514018002472755,0.3010299956639812,0.24338579177856445
5504459227910113280,0,62,4,2.0,1.913616721852963,0.3010299956639812,0.2818549573421478
5491682971514706176,0,7,0,1.0,1.2537724975613858,0.0,0.09821873903274536
5510159336707573632,0,61,0,1.0,1.277338366134852,0.0,0.10630595684051514
5510159336707573632,0,62,0,1.0,1.5132149259506074,0.0,0.1799006164073944
5300961615845927936,0,8,1,2.0,2.184940428994285,0.3010299956639812,0.33943960070610046
5300961615845927936,0,9,1,3.0,1.6480182232251153,0.47712125471966244,0.21696200966835022
5300961615845927936,0,10,1,1.0,1.4763493602727518,0.0,0.16918914020061493
5300961615845927936,0,35,1,3.0,1.3264639334532429,0.47712125471966244,0.1226954460144043
5300961615845927936,0,36,1,4.0,3.0120765910499707,0.6020599913279624,0.47886601090431213
5300961615845927936,0,37,1,1.0,1.4134356307264289,0.0,0.1502760350704193
5300961615845927936,0,62,1,1.0,1.5841838174552156,0.0,0.19980557262897491
5300961615845927936,0,64,1,5.0,4.1673015451719175,0.6989700043360189,0.6198549270629883
5297800829152578816,0,9,0,14.0,8.142209691842506,1.146128035678238,0.9107422828674316
5297800829152578816,0,10,0,2.0,1.625624147687394,0.3010299956639812,0.21102014183998108
5297800829152578816,0,11,0,4.0,4.557538936808293,0.6020599913279624,0.6587303876876831
5297800829152578816,0,35,0,4.0,2.0095292288921307,0.6020599913279624,0.3030943274497986
5297800829152578816,0,36,0,2.0,3.097599099870071,0.3010299956639812,0.4910252094268799
5297800829152578816,0,37,0,3.0,1.6854687534136943,0.47712125471966244,0.22672070562839508
448749904056580992,0,18,3,5.0,3.053858963447087,0.6989700043360189,0.4848489761352539
448749904056580992,0,19,3,7.0,3.6599407866952403,0.8450980400142568,0.5634740591049194
448749904056580992,0,59,3,1.0,2.1621750044656203,0.0,0.33489084243774414
5411758406149071872,0,63,2,2.0,1.3936107740710215,0.3010299956639812,0.14414149522781372
5418346439299020288,0,63,0,1.0,1.8365331701731444,0.0,0.26399877667427063
5298428169260191104,0,9,3,7.0,5.1803443319686115,0.8450980400142568,0.7143586277961731
5298428169260191104,0,10,3,3.0,5.381800399078036,0.47712125471966244,0.730927586555481
5298428169260191104,0,35,3,4.0,7.141327633554192,0.6020599913279624,0.8537789583206177
5298428169260191104,0,36,3,8.0,7.48448151779939,0.9030899869919435,0.8741617202758789
5298428169260191104,0,37,3,7.0,11.78147471537269,0.8450980400142568,1.071199655532837
5298428169260191104,0,62,3,6.0,8.008881061902743,0.7781512503836436,0.9035718441009521
5298428169260191104,0,64,3,4.0,8.91338865746726,0.6020599913279624,0.9500428438186646
5197213279191665920,0,11,0,4.0,3.1537358260230333,0.6020599913279624,0.4988253116607666
5197213279191665920,0,13,0,3.0,2.086301473095213,0.47712125471966244,0.319377064704895
5197213279191665920,0,65,0,4.0,4.264799978578537,0.6020599913279624,0.6298986673355103
5197213279191665920,0,66,0,1.0,1.715905298231405,0.0,0.23449331521987915
3419962546614118144,0,43,2,3.0,7.105212047815996,0.47712125471966244,0.8515770435333252
5197785708136379264,0,12,4,3.0,1.6588051539662867,0.47712125471966244,0.2197953760623932
5200035927402217088,0,11,1,6.0,2.8662429607963307,0.7781512503836436,0.45731300115585327
5200035927402217088,0,12,1,3.0,3.5877965616970227,0.47712125471966244,0.5548278093338013
5200035927402217088,0,38,1,6.0,2.4311349338968804,0.7781512503836436,0.385809063911438
5200035927402217088,0,39,1,5.0,2.6351901055132547,0.6989700043360189,0.4208119511604309
5197359166343260928,0,66,3,4.0,1.575541675435396,0.6020599913279624,0.19742989540100098
5297100607744079872,0,9,2,6.0,7.086007054057684,0.7781512503836436,0.8504015803337097
5297100607744079872,0,10,2,4.0,5.5558704321685175,0.6020599913279624,0.7447521090507507
5297100607744079872,0,36,2,9.0,5.454628858600445,0.9542425094393249,0.7367652058601379
5297100607744079872,0,37,2,4.0,2.912377743867034,0.6020599913279624,0.4642477035522461
5297100607744079872,0,38,2,5.0,4.391870555315154,0.6989700043360189,0.6426495313644409
5297100607744079872,0,62,2,5.0,3.0055714654649046,0.6989700043360189,0.4779270589351654
5297100607744079872,0,63,2,5.0,3.5108328739263515,0.6989700043360189,0.54541015625
5297100607744079872,0,64,2,3.0,3.406484154425379,0.47712125471966244,0.5323063731193542
5788534858859490432,0,11,0,4.0,4.052792322285442,0.6020599913279624,0.6077543497085571
5788534858859490432,0,12,0,4.0,3.8390877490387774,0.6020599913279624,0.5842280387878418
5788345708499360256,0,11,1,4.0,2.281290450501581,0.6020599913279624,0.35818058252334595
5788345708499360256,0,38,1,3.0,1.9010119402864192,0.47712125471966244,0.27898484468460083
5788345708499360256,0,39,1,2.0,2.029456107655797,0.3010299956639812,0.30737966299057007
5788629416859695360,0,11,2,1.0,1.189693291245649,0.0,0.07543501257896423
5784054864371100288,0,66,4,1.0,1.26930290986786,0.0,0.1035652756690979
5782928071110346368,0,65,3,1.0,1.8354505369602845,0.0,0.26374268531799316
5782928071110346368,0,66,3,1.0,1.3785471096731323,0.0,0.13942161202430725
5788291557551905280,0,11,3,2.0,1.7452631788955013,0.3010299956639812,0.24186092615127563
5788291557551905280,0,12,3,2.0,1.6158100145852057,0.3010299956639812,0.20839029550552368
5783851794020129408,0,66,2,3.0,1.4899205184265942,0.47712125471966244,0.17316310107707977
2495869576617667328,0,31,2,1.0,2.149028283136004,0.0,0.33224213123321533
5788400615362184704,0,11,3,1.0,3.2628980808303734,0.0,0.5136035084724426
5788400615362184704,0,12,3,5.0,4.1213169073293505,0.6989700043360189,0.6150360107421875
5787367211869748608,0,38,2,1.0,2.918605457643894,0.0,0.4651753902435303
5787367211869748608,0,39,2,4.0,2.9064778335138826,0.6020599913279624,0.4633670151233673
5787367211869748608,0,66,2,2.0,1.9755602003510722,0.3010299956639812,0.29569026827812195
5783990646019774080,0,66,3,1.0,2.078529990542772,0.0,0.3177562952041626
5784226834860798080,0,11,2,1.0,1.5903863370995546,0.0,0.20150263607501984
5784226834860798080,0,12,2,1.0,1.6986284027304588,0.0,0.23009838163852692
5784226834860798080,0,66,2,1.0,1.431912702779355,0.0,0.15591654181480408
4538445491620915840,0,26,0,3.0,1.6192218080996454,0.47712125471966244,0.20930634438991547
5787985373626550784,0,11,0,2.0,1.2806502761230358,0.3010299956639812,0.10743054747581482
5841242525720711040,0,39,0,2.0,1.6857907840715034,0.3010299956639812,0.22680367529392242
5869799144814683008,0,11,0,3.0,2.5155931198597963,0.47712125471966244,0.4006403982639313
5836756960654872832,0,11,2,7.0,5.596732884995525,0.8450980400142568,0.7479345798492432
5836756960654872832,0,12,2,8.0,5.4451274329826695,0.9030899869919435,0.7360080480575562
5836756960654872832,0,38,2,9.0,8.183582828521079,0.9542425094393249,0.9129434823989868
5836756960654872832,0,39,2,10.0,5.149447563900041,1.0,0.7117606401443481
6063860919887691136,0,38,0,1.0,1.8865106580304072,0.0,0.2756592631340027
5838183443852841216,0,38,0,3.0,2.0594125400336987,0.47712125471966244,0.31374335289001465
5838183443852841216,0,39,0,4.0,2.3139442001831805,0.6020599913279624,0.36435288190841675
5838183443852841216,0,64,0,1.0,2.208156013106314,0.0,0.3440297544002533
6136010593708194176,0,11,1,3.0,1.4993294164653845,0.47712125471966244,0.17589706182479858
6136010593708194176,0,64,1,2.0,2.32262138175685,0.3010299956639812,0.3659784197807312
5788664871812309376,0,11,0,7.0,3.1771869524063785,0.8450980400142568,0.5020427703857422
5788664871812309376,0,38,0,8.0,6.485005238675541,0.9030899869919435,0.8119103312492371
5788664871812309376,0,39,0,10.0,3.9310205128252282,1.0,0.5945053100585938
5299141546145254528,0,9,3,2.0,1.3258756775781055,0.3010299956639812,0.12250280380249023
5299141546145254528,0,36,3,4.0,1.603607771031571,0.6020599913279624,0.20509815216064453
5299141546145254528,0,37,3,3.0,1.3785470150739474,0.47712125471966244,0.13942158222198486
5299141546145254528,0,62,3,15.0,7.380909526507389,1.1760912590556813,0.8681098818778992
5299141546145254528,0,64,3,6.0,2.7940234957532613,0.7781512503836436,0.44623005390167236
6110315664105638784,0,11,4,3.0,1.5087285189158404,0.47712125471966244,0.17861109972000122
5841394189606679040,0,11,0,2.0,1.522556308946013,0.3010299956639812,0.1825733631849289
5841394189606679040,0,38,0,5.0,2.954016048323609,0.6989700043360189,0.47041285037994385
5841394189606679040,0,39,0,1.0,2.9208196097347043,0.0,0.4655047357082367
5841382846589454080,0,11,3,3.0,3.435202393071184,0.47712125471966244,0.5359523296356201
5841382846589454080,0,12,3,15.0,7.673848530962287,1.1760912590556813,0.885013222694397
5841382846589454080,0,38,3,8.0,6.474514902953721,0.9030899869919435,0.8112072348594666
5841382846589454080,0,39,3,5.0,5.522495185617298,0.6989700043360189,0.7421353459358215
5841382846589454080,0,64,3,3.0,3.764932596880629,0.47712125471966244,0.5757572054862976
5841334609821849472,0,11,4,16.0,7.402285157213305,1.2041199826559248,0.8693658113479614
5841334609821849472,0,12,4,9.0,9.955015207792352,0.9542425094393249,0.9980419278144836
5841334609821849472,0,64,4,11.0,9.662564400897557,1.0413926851582251,0.9850924015045166
5841316570956614656,0,11,1,1.0,2.6297333398690452,0.0,0.4199117124080658
5841316570956614656,0,12,1,8.0,4.475354146137722,0.9030899869919435,0.6508274078369141
5841316570956614656,0,38,1,5.0,3.2511145402930812,0.6989700043360189,0.5120322704315186
5841316570956614656,0,39,1,6.0,2.867506175441465,0.7781512503836436,0.45750436186790466
5841316570956614656,0,64,1,2.0,3.509471930060888,0.3010299956639812,0.5452417731285095
6107717307669590528,0,11,4,15.0,3.47571466269077,1.1760912590556813,0.5410441160202026
6095194836601599872,0,38,3,6.0,2.744600420229408,0.7781512503836436,0.43847912549972534
5841324542416019712,0,11,0,1.0,3.987782765078947,0.0,0.6007314920425415
5841324542416019712,0,12,0,1.0,2.982946304757197,0.0,0.4746454358100891
5841324542416019712,0,39,0,2.0,4.086527918106147,0.3010299956639812,0.6113544702529907
5841324542416019712,0,64,0,2.0,2.2198672642044803,0.3010299956639812,0.346327006816864
5250150091153808768,0,11,4,3.0,3.121624230369962,0.47712125471966244,0.4943806231021881
5250150091153808768,0,36,4,1.0,2.487093656822518,0.0,0.3956921398639679
5250150091153808768,0,37,4,1.0,1.9649034691679226,0.0,0.2933412194252014
5250150091153808768,0,38,4,4.0,3.0979260415276757,0.6020599913279624,0.49107104539871216
5250150091153808768,0,63,4,1.0,1.7380814299729965,0.0,0.24007011950016022
5250150091153808768,0,64,4,7.0,3.343577138464278,0.8450980400142568,0.5242113471031189
5842105814153598464,0,11,1,3.0,1.5723018667110937,0.47712125471966244,0.19653593003749847
5842105814153598464,0,12,1,4.0,2.1758721393449623,0.6020599913279624,0.3376333713531494
5842105814153598464,0,64,1,5.0,1.8077083242220386,0.6989700043360189,0.25712835788726807
5836849083411678976,0,11,1,13.0,3.3791234934933625,1.1139433523068367,0.5288040637969971
5836849083411678976,0,12,1,6.0,3.954446591287555,0.7781512503836436,0.59708571434021
5838361599097855104,0,11,2,1.0,1.4413460638726845,0.0,0.15876826643943787
5838361599097855104,0,12,2,1.0,1.8488561923561089,0.0,0.2669031322002411
5838361599097855104,0,38,2,2.0,1.9754773702538635,0.3010299956639812,0.29567205905914307
5838361599097855104,0,39,2,1.0,1.7390016725980428,0.0,0.2402999997138977
5247811842236238592,0,9,4,4.0,5.977918571014921,0.6020599913279624,0.7765499949455261
5247811842236238592,0,10,4,3.0,2.409828527288548,0.47712125471966244,0.381986141204834
5247811842236238592,0,36,4,2.0,1.3626660324759683,0.3010299956639812,0.13438943028450012
5247811842236238592,0,37,4,3.0,2.791689935244577,0.47712125471966244,0.4458671808242798
5247811842236238592,0,38,4,3.0,9.724444283157764,0.47712125471966244,0.9878647923469543
5247811842236238592,0,63,4,2.0,2.3341654562886305,0.3010299956639812,0.3681316375732422
5247811842236238592,0,64,4,2.0,2.4339757099148986,0.3010299956639812,0.3863162398338318
5250988846733325312,0,9,1,21.0,12.46505799692573,1.3222192947339193,1.0956943035125732
5250988846733325312,0,10,1,20.0,10.836891330511563,1.3010299956639813,1.0349047183990479
5250988846733325312,0,36,1,14.0,12.377284669934355,1.146128035678238,1.092625379562378
5250988846733325312,0,37,1,17.0,9.064679626982082,1.2304489213782739,0.9573524594306946
5250988846733325312,0,64,1,14.0,5.290483499327365,1.146128035678238,0.723495364189148
5837552805215620224,0,11,1,1.0,1.3270774935712193,0.0,0.12289628386497498
5837552805215620224,0,12,1,1.0,1.6829513677303187,0.0,0.2260715663433075
5837552805215620224,0,38,1,1.0,2.088493508136991,0.0,0.3198331296443939
5837552805215620224,0,39,1,4.0,1.9663700919771674,0.6020599913279624,0.2936652600765228
5250327421767096192,0,63,0,3.0,2.2483308789931713,0.47712125471966244,0.3518602252006531
5250327421767096192,0,64,0,4.0,2.5715624714441336,0.6020599913279624,0.41019707918167114
5789221641309120128,0,11,1,3.0,1.8126144190514704,0.47712125471966244,0.2583054304122925
5789221641309120128,0,12,1,6.0,4.0604927701513915,0.7781512503836436,0.6085787415504456
5789221641309120128,0,39,1,1.0,3.235769515175057,0.0,0.5099775791168213
5789159999939365248,0,38,4,1.0,1.4406983086726124,0.0,0.15857304632663727
5788100444388033024,0,38,4,1.0,1.5318475022774807,0.0,0.1852155327796936
5788100444388033024,0,39,4,3.0,1.7326261317412435,0.47712125471966244,0.2387048602104187
5788100444388033024,0,66,4,2.0,1.4995428718972552,0.3010299956639812,0.17595888674259186
5250658718363945856,0,63,1,10.0,3.15009433558386,1.0,0.49832355976104736
5789044482500658560,0,66,3,6.0,3.5925770696672803,0.7781512503836436,0.5554060935974121
5788204799213069312,0,66,1,1.0,2.896456858413237,0.0,0.4618670642375946
5249913283844160256,0,9,4,2.0,1.6111341335481582,0.3010299956639812,0.20713169872760773
5249913283844160256,0,11,4,6.0,2.1656036665567218,0.7781512503836436,0.335578978061676
5249913283844160256,0,36,4,3.0,2.036037330902801,0.47712125471966244,0.30878573656082153
5249913283844160256,0,37,4,8.0,7.223158704456514,0.9030899869919435,0.8587271571159363
6087900607743104128,0,64,1,9.0,6.8272555410543205,0.9542425094393249,0.8342461585998535
6087959014999185152,0,11,2,1.0,1.5222603417891984,0.0,0.18248893320560455
6087959014999185152,0,64,2,2.0,2.2148707507715706,0.3010299956639812,0.34534838795661926
6087958675701081600,0,64,2,2.0,1.8899024957015151,0.3010299956639812,0.2764393985271454
6087062882961607552,0,64,4,1.0,1.9060969634420268,0.0,0.28014498949050903
6087056870007363840,0,11,1,4.0,4.083812041444785,0.6020599913279624,0.6110657453536987
6087056870007363840,0,64,1,3.0,4.545567012352558,0.47712125471966244,0.6575880646705627
5325609711604226048,0,8,3,2.0,1.760960291325149,0.3010299956639812,0.2457495629787445
6010503407289419776,0,12,2,2.0,9.063384632380885,0.3010299956639812,0.9572904109954834
5287814136834217088,0,1,4,3.0,1.595513065705721,0.47712125471966244,0.20290036499500275
5287814136834217088,0,2,4,1.0,1.4355797841835598,0.0,0.15702733397483826
5287814136834217088,0,4,4,1.0,1.2548106176350824,0.0,0.09857818484306335
5287814136834217088,0,5,4,1.0,1.4613406163253968,0.0,0.16475145518779755
5287814136834217088,0,7,4,2.0,1.3567646597537482,0.3010299956639812,0.13250452280044556
5287814136834217088,0,8,4,2.0,1.2119320534997782,0.3010299956639812,0.08347827196121216
5287814136834217088,0,11,4,1.0,1.2709516995171166,0.0,0.10412904620170593
5287814136834217088,0,12,4,3.0,1.5803950665473119,0.47712125471966244,0.19876566529273987
5287814136834217088,0,13,4,1.0,1.5574890344829198,0.0,0.19242499768733978
5287814136834217088,0,30,4,1.0,1.5610281663291805,0.0,0.1934107393026352
5287814136834217088,0,31,4,1.0,1.6172066617257588,0.0,0.20876552164554596
5287814136834217088,0,32,4,2.0,1.576850006723843,0.3010299956639812,0.19779038429260254
5287814136834217088,0,33,4,2.0,1.4533366023425507,0.3010299956639812,0.16236621141433716
5287814136834217088,0,34,4,2.0,1.4736415849986921,0.3010299956639812,0.1683918684720993
5287814136834217088,0,36,4,1.0,1.423786794951343,0.0,0.15344496071338654
5287814136834217088,0,37,4,2.0,1.506744898071089,0.3010299956639812,0.17803972959518433
5287814136834217088,0,38,4,2.0,1.6443471453386211,0.3010299956639812,0.2159935086965561
5287814136834217088,0,39,4,1.0,1.5757265130143605,0.0,0.19748084247112274
2586208995304374656,0,42,2,7.0,5.250342130074646,0.8450980400142568,0.7201876044273376
2586208995304374656,0,43,2,2.0,2.984589859269335,0.3010299956639812,0.47488465905189514
7324465427953664,0,31,3,3.0,1.6264027035173159,0.47712125471966244,0.21122808754444122
7324465427953664,0,42,3,1.0,1.5365912327264573,0.0,0.18655835092067719
2173892959536126208,0,16,2,3.0,5.163441516776561,0.47712125471966244,0.7129392623901367
2173892959536126208,0,17,2,2.0,5.374603631872101,0.3010299956639812,0.7303464412689209
5904259793414798976,0,11,3,2.0,1.2016058708820498,0.3010299956639812,0.0797620415687561
2605329773093717248,0,42,0,1.0,1.996577916564614,0.0,0.30028626322746277
600076960693274496,0,34,3,1.0,3.732613995466779,0.0,0.5720130801200867
2067085163054605824,0,41,1,5.0,5.8158254475504965,0.6989700043360189,0.7646113634109497
2067085163054605824,0,55,1,3.0,6.35362458466231,0.47712125471966244,0.8030215501785278
203469162206110720,0,19,1,1.0,1.661983344258508,0.0,0.22062666714191437
179359659644316416,0,59,4,5.0,3.6524695631583994,0.6989700043360189,0.5625866055488586
5894560662071814656,0,11,0,1.0,1.4558622486589041,0.0,0.16312028467655182
6215622111807324928,0,38,0,2.0,1.5302999338302807,0.3010299956639812,0.18477655947208405
5879721824937877376,0,12,4,1.0,2.0475143962113567,0.0,0.3112269639968872
6055325578610485760,0,11,4,1.0,1.2155067855750967,0.0,0.08475738763809204
5861825349107118976,0,11,1,4.0,1.6552005712433029,0.6020599913279624,0.21885062754154205
5861825349107118976,0,38,1,2.0,2.9226814293077537,0.3010299956639812,0.46578148007392883
5861825550891696000,0,11,2,5.0,1.5756175216343762,0.6989700043360189,0.19745080173015594
5188942580928380288,0,12,1,6.0,2.2396117034282352,0.7781512503836436,0.3501727283000946
5188942580928380288,0,13,1,2.0,1.860992039516189,0.3010299956639812,0.26974451541900635
5188942580928380288,0,38,1,3.0,2.5488443253866135,0.47712125471966244,0.4063433110713959
5188942580928380288,0,39,1,6.0,2.2101645327891695,0.7781512503836436,0.34442460536956787
5188942580928380288,0,67,1,1.0,2.393810692395212,0.0,0.3790898025035858
5244271552233795200,0,10,1,1.0,3.155361535578089,0.0,0.4990491271018982
5244271552233795200,0,11,1,1.0,4.592962759681593,0.0,0.662092924118042
6210702308369949952,0,11,4,2.0,2.3074279845945975,0.3010299956639812,0.3631281554698944
6210702308369949952,0,38,4,2.0,2.1321726800253606,0.3010299956639812,0.32882237434387207
5245619587849287424,0,63,3,8.0,3.1472480546051647,0.9030899869919435,0.49793097376823425
5245619587849287424,0,64,3,14.0,8.174838134995031,1.146128035678238,0.9124791622161865
5245619587849287424,0,65,3,7.0,2.9742189491668563,0.8450980400142568,0.4733729362487793
5230321567172871040,0,10,3,2.0,1.9418655354733358,0.3010299956639812,0.288219153881073
5230321567172871040,0,11,3,1.0,1.7933242908970237,0.0,0.25365883111953735
5230321567172871040,0,12,3,1.0,1.9209036809692053,0.0,0.2835055887699127
5230321567172871040,0,37,3,8.0,7.487798073110455,0.9030899869919435,0.8743541240692139
5230321567172871040,0,38,3,3.0,2.46570118966447,0.47712125471966244,0.3919404447078705
5230321361014440704,0,10,2,9.0,6.491177883441168,0.9542425094393249,0.8123235106468201
5230321361014440704,0,11,2,6.0,3.712600231108379,0.7781512503836436,0.5696781873703003
5230321361014440704,0,12,2,8.0,5.7390573007087955,0.9030899869919435,0.7588405609130859
5230321361014440704,0,64,2,16.0,10.945740018424786,1.2041199826559248,1.0392451286315918
5230321361014440704,0,65,2,14.0,12.955841314140661,1.146128035678238,1.1124656200408936
5244883529229180928,0,10,2,2.0,2.0987006413785805,0.3010299956639812,0.3219504952430725
5244883529229180928,0,11,2,2.0,3.028045516616778,0.3010299956639812,0.4811623990535736
5244883529229180928,0,63,2,5.0,5.162746372699416,0.6989700043360189,0.7128807902336121
5244883529229180928,0,65,2,6.0,4.451406174331981,0.7781512503836436,0.6484972238540649
2910322758064916480,0,6,3,2.0,1.5855895779709814,0.3010299956639812,0.20019078254699707
2912748177637124992,0,33,0,1.0,4.957949841506613,0.0,0.6953021287918091
5998266426996208384,0,12,2,6.0,3.246960411719137,0.7781512503836436,0.511476993560791
5997477080726175744,0,12,3,6.0,3.473718415186267,0.7781512503836436,0.5407946109771729
5996559916242322688,0,12,2,6.0,3.9535056144699756,0.7781512503836436,0.5969823598861694
5217191783426895104,0,64,1,1.0,1.7497477494960356,0.0,0.24297544360160828
5217191783426895104,0,65,1,2.0,1.4006092020639143,0.3010299956639812,0.14631697535514832
5217191783426895104,0,66,1,3.0,2.6673187759323294,0.47712125471966244,0.42607492208480835
5220432662669261696,0,63,2,1.0,1.7354323482148564,0.0,0.23940768837928772
5220432662669261696,0,64,2,1.0,1.8174452774229723,0.0,0.25946134328842163
5220432662669261696,0,65,2,2.0,1.3923790888569774,0.3010299956639812,0.14375749230384827
5341856262911551872,0,37,3,8.0,2.808874162835432,0.9030899869919435,0.4485322833061218
2020227207322611200,0,14,0,3.0,1.2581636611932836,0.47712125471966244,0.09973713755607605
24667616384335872,0,43,2,1.0,1.2977010232884236,0.0,0.11317464709281921
2430016221753453696,0,42,3,1.0,1.2645471555639003,0.0,0.10193502902984619
5245493178380614016,0,10,4,1.0,3.3185221025588527,0.0,0.5209447145462036
5976418783039311488,0,12,1,2.0,1.3605538913078767,0.3010299956639812,0.13371574878692627
5251595399203626880,0,36,2,3.0,3.2685844676309803,0.47712125471966244,0.514359712600708
5251595399203626880,0,37,2,1.0,3.805570560992261,0.0,0.5804197788238525
5251595399203626880,0,38,2,2.0,3.821177301845191,0.3010299956639812,0.5821971893310547
5252895434280467072,0,10,1,3.0,6.914666063328101,0.47712125471966244,0.8397712111473083
5252895434280467072,0,11,1,11.0,6.808508430287108,1.0413926851582251,0.8330519795417786
5252895434280467072,0,36,1,10.0,3.705057105973437,1.0,0.5687949061393738
5252895434280467072,0,37,1,7.0,3.032787291785674,0.8450980400142568,0.48184195160865784
5252895434280467072,0,63,1,8.0,10.496292136884593,0.9030899869919435,1.02103590965271
5252895434280467072,0,64,1,14.0,2.7695240092688134,1.146128035678238,0.4424051344394684
3192643431015406464,0,32,2,1.0,1.7844805232859264,0.0,0.251511812210083
5253033285548628864,0,10,1,9.0,7.807707358838302,0.9542425094393249,0.8925235271453857
5253033285548628864,0,11,1,6.0,8.922688259923438,0.7781512503836436,0.950495719909668
5253033285548628864,0,63,1,7.0,4.993824549384341,0.8450980400142568,0.6984332799911499
5253033285548628864,0,64,1,10.0,12.202013560316926,1.0,1.0864315032958984
6057647854580472064,0,10,3,2.0,2.0017239165398073,0.3010299956639812,0.3014041781425476
6057647854580472064,0,37,3,3.0,2.3636222610402844,0.47712125471966244,0.3735780715942383
6057647854580472064,0,38,3,1.0,1.3649918169023345,0.0,0.13513004779815674
3198734278756825856,0,32,3,1.0,1.2897140218974175,0.0,0.11049342155456543
6217128305295069440,0,11,1,5.0,1.6877140687732672,0.6989700043360189,0.22729887068271637
6054046850929570560,0,11,0,2.0,4.176655817309322,0.3010299956639812,0.6208286881446838
6054046850929570560,0,64,0,2.0,5.291301141164419,0.3010299956639812,0.723562479019165
5504494373625210880,0,62,3,1.0,1.9047156832855425,0.0,0.2798301577568054
2898375632218397696,0,33,0,2.0,1.527241345470312,0.3010299956639812,0.1839076727628708
2898375636516851840,0,33,1,1.0,2.4379079840776496,0.0,0.38701730966567993
5504182700735898752,0,61,2,1.0,1.362100137670153,0.0,0.1342090368270874
5504498844688310656,0,61,1,6.0,3.15392454717879,0.7781512503836436,0.49885129928588867
5504498844688310656,0,62,1,1.0,1.8142256836780084,0.0,0.25869131088256836
6147538049710195840,0,37,0,1.0,1.908371377639095,0.0,0.2806628942489624
6057456092878899072,0,10,0,4.0,2.892137411353804,0.6020599913279624,0.461218923330307
6057456092878899072,0,11,0,2.0,1.672250219627664,0.3010299956639812,0.2233012616634369
6057500245143971328,0,11,4,2.0,1.3368379158382433,0.3010299956639812,0.1260787546634674
6057500245143971328,0,38,4,2.0,1.9689497540407004,0.3010299956639812,0.29423463344573975
335890326862258048,0,18,3,5.0,1.2997803441137596,0.6989700043360189,0.11386996507644653
5860803662284763392,0,11,4,2.0,1.6605495085749906,0.3010299956639812,0.22025182843208313
5860803662284763392,0,64,4,7.0,2.007609769103643,0.8450980400142568,0.30267930030822754
236803335400887168,0,58,4,1.0,1.384493062447905,0.0,0.1412907838821411
4763704324285023616,0,4,4,17.0,6.336502399344656,1.2304489213782739,0.8018496036529541
4763704324285023616,0,5,4,7.0,3.1916894738393182,0.8450980400142568,0.504020631313324
4763704324285023616,0,6,4,10.0,7.804167704158188,1.0,0.8923265933990479
4763704324285023616,0,7,4,5.0,5.141970090844539,0.6989700043360189,0.7111295461654663
4763704324285023616,0,8,4,4.0,5.018240947700953,0.6020599913279624,0.7005515098571777
4763704324285023616,0,9,4,8.0,6.10742684255299,0.9030899869919435,0.7858582735061646
4763704324285023616,0,10,4,7.0,2.9758115438459223,0.8450980400142568,0.4736054241657257
4763704324285023616,0,12,4,5.0,5.0098963859340975,0.6989700043360189,0.6998287439346313
4763704324285023616,0,13,4,10.0,8.593618844602807,1.0,0.9341760873794556
4763704324285023616,0,27,4,1.0,2.7223809142742663,0.0,0.4349488914012909
4763704324285023616,0,28,4,6.0,3.6819308096026555,0.7781512503836436,0.5660756230354309
4763704324285023616,0,29,4,13.0,9.444646169172534,1.1139433523068367,0.9751856923103333
4763704324285023616,0,30,4,9.0,9.181948480846566,0.9542425094393249,0.9629348516464233
4763704324285023616,0,31,4,6.0,3.7094159849122024,0.7781512503836436,0.5693055391311646
4763704324285023616,0,32,4,14.0,8.532421369151551,1.146128035678238,0.9310722947120667
4763704324285023616,0,33,4,6.0,5.777187794280131,0.7781512503836436,0.7617164850234985
4763704324285023616,0,34,4,11.0,9.496082663972897,1.0413926851582251,0.9775444865226746
4763704324285023616,0,35,4,4.0,2.0618365036763384,0.6020599913279624,0.3142542243003845
4763704324285023616,0,36,4,8.0,5.506408782280687,0.9030899869919435,0.7408684492111206
4763704324285023616,0,37,4,6.0,6.445518584503511,0.7781512503836436,0.8092578649520874
4763704324285023616,0,38,4,7.0,4.934756594772158,0.8450980400142568,0.6932657361030579
4763704324285023616,0,39,4,11.0,3.6592084953104846,1.0413926851582251,0.5633871555328369
4763704324285023616,0,61,4,12.0,5.216956795956167,1.0791812460476249,0.7174172401428223
4763704324285023616,0,62,4,2.0,4.104228011499342,0.3010299956639812,0.6132314801216125
4763704324285023616,0,63,4,15.0,8.437921816275878,1.1760912590556813,0.9262354969978333
4763704324285023616,0,64,4,11.0,7.908390351337419,1.0413926851582251,0.8980880975723267
4763704324285023616,0,65,4,10.0,6.523659302516307,1.0,0.8144912719726562
4763704324285023616,0,66,4,5.0,5.8899105579530655,0.6989700043360189,0.770108699798584
4763704324285023616,0,67,4,2.0,2.9707663920082577,0.3010299956639812,0.47286850214004517
4770255837334959488,0,3,1,2.0,2.8585955107244274,0.3010299956639812,0.45615270733833313
4770255837334959488,0,4,1,6.0,4.870221982376131,0.7781512503836436,0.6875487565994263
4770255837334959488,0,5,1,6.0,5.678639873008573,0.7781512503836436,0.754244327545166
4770255837334959488,0,6,1,2.0,4.8190847428609676,0.3010299956639812,0.682964563369751
4770255837334959488,0,7,1,1.0,3.3661416843941376,0.0,0.5271323919296265
4770255837334959488,0,10,1,1.0,2.4287320978762197,0.0,0.3853796124458313
4770255837334959488,0,13,1,7.0,6.584601349288565,0.8450980400142568,0.818529486656189
4770255837334959488,0,27,1,7.0,8.958639823347806,0.8450980400142568,0.9522420763969421
4770255837334959488,0,30,1,3.0,4.547750406201195,0.47712125471966244,0.6577966213226318
4770255837334959488,0,31,1,11.0,8.716462790174363,1.0413926851582251,0.9403402805328369
4770255837334959488,0,32,1,9.0,8.309455986164249,0.9542425094393249,0.9195725917816162
4770255837334959488,0,33,1,1.0,3.0228649270434507,0.0,0.48041874170303345
4770255837334959488,0,36,1,4.0,5.348779267378181,0.6020599913279624,0.7282546758651733
4770255837334959488,0,37,1,8.0,5.9288301322695,0.9030899869919435,0.7729690074920654
4770255837334959488,0,64,1,5.0,9.424753193890627,0.6989700043360189,0.9742699861526489
4770255837334959488,0,65,1,5.0,8.108580734571884,0.6989700043360189,0.908944845199585
4770255837334959488,0,66,1,1.0,3.2590621092082444,0.0,0.5130926370620728
4770255837334959488,0,67,1,3.0,3.4239857688872464,0.47712125471966244,0.5345319509506226
6057867344587703040,0,37,3,1.0,1.5230859652429303,0.0,0.18272441625595093
5168681021169216896,0,31,2,3.0,2.0952876045132247,0.47712125471966244,0.32124364376068115
6053080174073021696,0,11,4,3.0,1.9292330123267685,0.47712125471966244,0.2853846848011017
6053080174073021696,0,37,4,4.0,3.461578746444569,0.6020599913279624,0.5392742156982422
6053080174073021696,0,38,4,3.0,2.628524545360826,0.47712125471966244,0.41971203684806824
6053080174073021696,0,64,4,3.0,3.44076450349647,0.47712125471966244,0.5366549491882324
6053080105353531520,0,11,0,2.0,2.4944686516655987,0.3010299956639812,0.3969780504703522
6054414843716969344,0,37,2,1.0,2.046850616203588,0.0,0.31108614802360535
5288017095509716480,0,1,4,10.0,8.188951017842989,1.0,0.9132282733917236
5288017095509716480,0,2,4,13.0,10.30806801961901,1.1139433523068367,1.0131772756576538
5288017095509716480,0,4,4,9.0,7.034357145278775,0.9542425094393249,0.8472244143486023
5288017095509716480,0,5,4,13.0,7.66635764994724,1.1139433523068367,0.8845890760421753
5288017095509716480,0,7,4,13.0,8.545347613492407,1.1139433523068367,0.9317297339439392
5288017095509716480,0,8,4,14.0,5.064879312690575,1.146128035678238,0.7045691013336182
5288017095509716480,0,9,4,13.0,5.43992561590144,1.1139433523068367,0.7355929613113403
5288017095509716480,0,10,4,13.0,7.737218333573408,1.1139433523068367,0.8885848522186279
5288017095509716480,0,11,4,8.0,10.932966372633947,0.9030899869919435,1.0387380123138428
5288017095509716480,0,12,4,5.0,7.838551025925738,0.6989700043360189,0.8942357897758484
5288017095509716480,0,27,4,8.0,8.314947827059646,0.9030899869919435,0.9198595285415649
5288017095509716480,0,28,4,7.0,5.396899810418933,0.8450980400142568,0.7321443557739258
5288017095509716480,0,30,4,16.0,12.084038227805936,1.2041199826559248,1.0822120904922485
5288017095509716480,0,31,4,12.0,13.01565985213258,1.0791812460476249,1.1144661903381348
5288017095509716480,0,32,4,19.0,11.58770704647211,1.2787536009528289,1.063997507095337
5288017095509716480,0,34,4,12.0,11.322067836378313,1.0791812460476249,1.0539257526397705
5288017095509716480,0,35,4,8.0,9.411718581414434,0.9030899869919435,0.9736689329147339
5288017095509716480,0,37,4,10.0,8.177103673491544,1.0,0.912599503993988
5288017095509716480,0,38,4,9.0,7.498592176699414,0.9542425094393249,0.8749797344207764
5288017095509716480,0,61,4,17.0,9.049238833114062,1.2304489213782739,0.9566120505332947
5288017095509716480,0,62,4,19.0,12.72885957792225,1.2787536009528289,1.1047894954681396
5288017095509716480,0,63,4,23.0,15.407924461515707,1.3617278360175928,1.187744140625
5288017095509716480,0,64,4,18.0,7.61670532150991,1.255272505103306,0.8817671537399292
5288017095509716480,0,65,4,13.0,10.333768837914947,1.1139433523068367,1.0142587423324585
5770429166524323200,0,12,0,1.0,1.518963207025139,0.0,0.18154725432395935
5770429166524323200,0,66,0,1.0,1.5175530950405463,0.0,0.1811438947916031
5895054033558799744,0,11,1,1.0,1.1519120940023242,0.0,0.06141933798789978
5765023348885716480,0,27,3,1.0,1.3687712442350781,0.0,0.13633087277412415
5765023348885716480,0,39,3,2.0,1.5474785482165674,0.3010299956639812,0.1896246373653412
5769731629474854400,0,12,2,1.0,1.488630631003088,0.0,0.17278695106506348
5769731629474854400,0,13,2,1.0,1.431140086466489,0.0,0.15568214654922485
6100487782498941696,0,11,2,2.0,1.572630009951556,0.3010299956639812,0.19662655889987946
6100487782498941696,0,38,2,1.0,1.3759360937071885,0.0,0.1385982632637024
5305106431102283648,0,8,1,7.0,3.287791246773861,0.8450980400142568,0.5169042348861694
5305106431102283648,0,9,1,9.0,2.8283355569944466,0.9542425094393249,0.45153093338012695
5305106431102283648,0,10,1,5.0,2.2499795643469245,0.6989700043360189,0.35217857360839844
5305106431102283648,0,35,1,2.0,1.5352289134265265,0.3010299956639812,0.18617314100265503
5305106431102283648,0,36,1,1.0,1.6501334753568346,0.0,0.21751907467842102
5305106431102283648,0,37,1,3.0,1.7347925387362342,0.47712125471966244,0.23924754559993744
5305106431102283648,0,63,1,4.0,2.745254229778397,0.6020599913279624,0.43858256936073303
5303232279154864128,0,35,3,1.0,1.4596901269181366,0.0,0.16426067054271698
5303232279154864128,0,36,3,4.0,1.553075228746564,0.6020599913279624,0.19119249284267426
5303232279154864128,0,37,3,7.0,2.421820670372015,0.8450980400142568,0.3841419816017151
5303232279154864128,0,62,3,1.0,2.0499443308720116,0.0,0.31174206733703613
5778187659868384384,0,66,0,1.0,1.4827406069584848,0.0,0.17106518149375916
5778786481389569536,0,66,3,2.0,2.583915247956616,0.3010299956639812,0.41227826476097107
5775111230632453248,0,13,2,1.0,1.3460691202545567,0.0,0.12906736135482788
5775292443892879360,0,66,4,4.0,2.0883176650878466,0.6020599913279624,0.3197965621948242
5775129780593308288,0,66,3,1.0,1.6979074330302883,0.0,0.22991400957107544
5768812231596292480,0,66,1,2.0,1.3217752525904334,0.3010299956639812,0.12115761637687683
5774925310087923584,0,66,1,2.0,1.3716358586005406,0.3010299956639812,0.13723883032798767
5775319725524297728,0,66,0,4.0,2.017809544695397,0.6020599913279624,0.30488017201423645
5777560152266523648,0,39,3,3.0,1.430988608267984,0.47712125471966244,0.15563617646694183
447869740701681920,0,58,0,1.0,1.458807117836388,0.0,0.16399787366390228
447869740701681920,0,59,0,1.0,1.1630300816818622,0.0,0.06559094786643982
5774659400072255232,0,66,0,4.0,3.6544627040574755,0.6020599913279624,0.5628235340118408
5773752887094707200,0,66,2,1.0,1.3158049848596531,0.0,0.11919152736663818
448096210033606400,0,58,0,8.0,4.239447512555622,0.9030899869919435,0.627309262752533
448096210033606400,0,59,0,2.0,1.5861493796457147,0.3010299956639812,0.20034408569335938
5303566187102489344,0,9,2,6.0,1.589977784023711,0.7781512503836436,0.2013910561800003
5303566187102489344,0,10,2,6.0,7.545822538512342,0.7781512503836436,0.8777065873146057
5303566187102489344,0,35,2,3.0,3.828782372618726,0.47712125471966244,0.5830606818199158
5303566187102489344,0,36,2,3.0,1.95134681155108,0.47712125471966244,0.29033446311950684
5303566187102489344,0,37,2,6.0,5.097395681863758,0.7781512503836436,0.7073483467102051
5303566187102489344,0,62,2,4.0,4.981155018522262,0.6020599913279624,0.6973300576210022
5303566187102489344,0,64,2,6.0,10.833245068239952,0.7781512503836436,1.0347585678100586
241039788061910016,0,58,1,7.0,2.1416200237268654,0.8450980400142568,0.33074241876602173
435211342506946688,0,58,3,1.0,1.5463281769277877,0.0,0.18930166959762573
5310127660192135552,0,9,1,1.0,1.8873603452214898,0.0,0.27585482597351074
5310127660192135552,0,35,1,2.0,3.5495021319991764,0.3010299956639812,0.550167441368103
5310127660192135552,0,36,1,2.0,2.251805454920736,0.3010299956639812,0.3525308668613434
5310127660192135552,0,37,1,4.0,3.788940580845679,0.6020599913279624,0.5785177946090698
5310127660192135552,0,63,1,3.0,2.0467048241573975,0.47712125471966244,0.3110552132129669
435326859946780800,0,58,2,8.0,3.4805282993623403,0.9030899869919435,0.5416451692581177
435320915712179840,0,58,0,5.0,4.660170832542472,0.6989700043360189,0.668401837348938
243160574195380352,0,58,1,7.0,6.493526668473101,0.8450980400142568,0.812480628490448
448081400987405696,0,58,4,1.0,1.944054556194231,0.0,0.2887084484100342
448081400987405696,0,59,4,1.0,1.331202406026735,0.0,0.1242440938949585
448026253606629376,0,58,4,1.0,2.154750997515696,0.0,0.3333970904350281
448026253606629376,0,59,4,1.0,1.7007941996033817,0.0,0.23065176606178284
449611508854184576,0,58,1,12.0,7.990303467587241,1.0791812460476249,0.9025632739067078
449611508854184576,0,59,1,6.0,5.4215381073498055,0.7781512503836436,0.7341225147247314
461634977743619584,0,58,2,1.0,1.6454118439372767,0.0,0.21627461910247803
461634977743619584,0,59,2,2.0,1.7785105494459943,0.3010299956639812,0.2500564455986023
72023341675567360,0,42,4,1.0,1.490633212607825,0.0,0.17337079346179962
72023341675567360,0,43,4,2.0,1.8115731105652533,0.3010299956639812,0.2580558657646179
72023341675567360,0,44,4,2.0,1.2835591934057669,0.3010299956639812,0.10841590166091919
72023341675567360,0,58,4,1.0,1.6280461744108905,0.0,0.21166671812534332
71917685480203136,0,42,3,2.0,1.2867913325941798,0.3010299956639812,0.10950812697410583
71917685480203136,0,44,3,1.0,1.1426007324134762,0.0,0.057894498109817505
70334384440377472,0,43,0,2.0,1.259652925945416,0.3010299956639812,0.10025089979171753
70334384440377472,0,44,0,1.0,1.1638516155302443,0.0,0.0658976137638092
70286319462343808,0,44,2,1.0,1.3249537768173392,0.0,0.12220072746276855
70242785673539712,0,44,3,1.0,1.8380258134224017,0.0,0.26435160636901855
70234882933734400,0,42,0,1.0,1.6123882597064003,0.0,0.2074696272611618
70234882933734400,0,43,0,4.0,2.2710475933172165,0.6020599913279624,0.35622623562812805
70234882933734400,0,44,0,1.0,1.64794115355291,0.0,0.216941699385643
69918979499309952,0,43,4,1.0,1.5143565105820407,0.0,0.180228129029274
69917635172718720,0,42,3,1.0,1.709255537289664,0.0,0.232806995511055
69917635172718720,0,43,3,4.0,3.746210579292072,0.6020599913279624,0.5735921859741211
69917635172718720,0,44,3,4.0,3.4844188223021266,0.6020599913279624,0.5421303510665894
69918086146123520,0,42,3,2.0,1.2527895678233865,0.3010299956639812,0.09787812829017639
69918086146123520,0,43,3,1.0,1.2657934422246016,0.0,0.10236284136772156
69918086146123520,0,44,3,2.0,1.349377733461564,0.3010299956639812,0.13013353943824768
69911867033651200,0,42,3,1.0,1.2456166052681308,0.0,0.0953843891620636
69834282744302208,0,44,0,1.0,1.2298827706720346,0.0,0.08986371755599976
69834763780636672,0,42,4,2.0,2.3163145358225754,0.3010299956639812,0.36479753255844116
69834763780636672,0,43,4,2.0,4.934820258517394,0.3010299956639812,0.6932713389396667
69834763780636672,0,44,4,2.0,3.219817640725399,0.3010299956639812,0.5078312754631042
69834759483788928,0,42,0,4.0,2.683347589892582,0.6020599913279624,0.42867693305015564
69834759483788928,0,43,0,3.0,4.34216516961005,0.47712125471966244,0.6377063393592834
69834759483788928,0,44,0,4.0,2.9062085892471052,0.6020599913279624,0.4633267819881439
69814388455816960,0,43,3,2.0,2.871762034152662,0.3010299956639812,0.45814844965934753
69807963184755840,0,43,1,2.0,1.3002108657624425,0.3010299956639812,0.11401379108428955
69806039039416832,0,44,0,1.0,1.12783342464647,0.0,0.05224496126174927
66802276352348416,0,42,4,1.0,1.9816036770389238,0.0,0.29701679944992065
65297594689312768,0,43,4,1.0,2.0204884404517642,0.0,0.30545637011528015
65297594689312768,0,44,4,1.0,4.154045080138698,0.0,0.6184712052345276
65298483745290368,0,42,3,1.0,1.3835505318326462,0.0,0.14099502563476562
65275089060719104,0,43,1,1.0,1.2849219992637901,0.0,0.10887676477432251
65275020341243520,0,42,0,1.0,1.3261202671406078,0.0,0.12258291244506836
65275020341243520,0,43,0,2.0,1.2810530114331262,0.3010299956639812,0.10756710171699524
65275020341243520,0,44,0,1.0,1.2920106881348679,0.0,0.1112661063671112
65244646332548352,0,43,4,4.0,1.5998550126484627,0.6020599913279624,0.20408062636852264
65196405259884544,0,42,0,1.0,1.3767309620512476,0.0,0.13884907960891724
65196405259884544,0,43,0,1.0,1.3510292940677828,0.0,0.13066476583480835
65196405259884544,0,44,0,1.0,1.513197584700732,0.0,0.17989563941955566
65216363971331072,0,43,3,2.0,1.4038544677787563,0.3010299956639812,0.14732208847999573
65222518661019520,0,42,2,2.0,1.6906979542651854,0.3010299956639812,0.22806602716445923
65222518661019520,0,43,2,1.0,2.3911288617404707,0.0,0.3786029815673828
65222518661019520,0,44,2,1.0,2.0681656239929707,0.0,0.31558531522750854
65270450496044416,0,42,3,3.0,1.8046409586371357,0.47712125471966244,0.2563908100128174
65270450496044416,0,43,3,3.0,3.2912237553017882,0.47712125471966244,0.5173574090003967
65270450496044416,0,44,3,4.0,2.6292129488518525,0.6020599913279624,0.4198257625102997
65269935099961600,0,42,0,1.0,1.172694529804664,0.0,0.06918489933013916
65276703968959488,0,42,2,1.0,1.8581963648496878,0.0,0.2690916061401367
65281166437426176,0,42,2,1.0,2.7098384688311,0.0,0.4329434037208557
65281166437426176,0,43,2,4.0,4.093377199079817,0.6020599913279624,0.61208176612854
65281166437426176,0,44,2,8.0,4.424982064703921,0.9030899869919435,0.6459115147590637
65281239453865856,0,43,3,1.0,1.6875251851411994,0.0,0.22725026309490204
65281239453865856,0,44,3,2.0,1.7622768052912614,0.3010299956639812,0.2460741251707077
65282098447322752,0,43,0,3.0,4.230222567806287,0.47712125471966244,0.626363217830658
65282098447322752,0,44,0,1.0,1.3702869591798732,0.0,0.1368115246295929
65284469269256704,0,44,3,1.0,1.4569245734573233,0.0,0.16343706846237183
66798977817468288,0,42,3,1.0,2.2941614907767875,0.0,0.3606239855289459
66798977817468288,0,43,3,1.0,2.2752416576616183,0.0,0.357027530670166
66798977817468288,0,44,3,2.0,2.469858267933888,0.3010299956639812,0.39267203211784363
66802207632871808,0,42,1,2.0,1.5886572522517064,0.3010299956639812,0.2010302096605301
66802207632871808,0,43,1,7.0,2.8389722679970304,0.8450980400142568,0.4531611502170563
66802207632871808,0,44,1,7.0,3.4244829847123315,0.8450980400142568,0.5345950126647949
66802654309459712,0,44,0,1.0,2.194599139524673,0.0,0.34135520458221436
66804406656115328,0,42,2,7.0,1.3906087484541316,0.8450980400142568,0.1432049572467804
66804406656115328,0,43,2,6.0,1.4193668641711887,0.7781512503836436,0.15209466218948364
66804406656115328,0,44,2,3.0,1.2572232718990728,0.47712125471966244,0.09941241145133972
69822875311156224,0,42,4,1.0,1.1983346426335801,0.0,0.07857811450958252
69822875311156224,0,43,4,2.0,1.2617701588469186,0.3010299956639812,0.1009802520275116
69834866859848192,0,42,3,1.0,1.3869524157730937,0.0,0.14206156134605408
69834866859848192,0,43,3,2.0,1.4559265387767666,0.3010299956639812,0.1631394624710083
69834866859848192,0,44,3,1.0,1.5550145714004222,0.0,0.1917344629764557
69860293066219136,0,42,4,2.0,1.8226226741237452,0.3010299956639812,0.26069676876068115
69860293066219136,0,43,4,4.0,1.987004492214696,0.6020599913279624,0.2981988489627838
69860293066219136,0,44,4,2.0,1.277624588517555,0.3010299956639812,0.10640326142311096
69863454162150656,0,42,3,2.0,2.1900960478030314,0.3010299956639812,0.34046316146850586
69863454162150656,0,43,3,3.0,3.3268759844935216,0.47712125471966244,0.522036612033844
69863454162150656,0,44,3,4.0,6.47646210359408,0.6020599913279624,0.8113378286361694
70042743277270016,0,43,1,3.0,4.5970366916478405,0.47712125471966244,0.662477970123291
70230652389756928,0,44,0,1.0,1.0661762922369304,0.0,0.027829021215438843
70049477786093056,0,42,0,1.0,1.6434136675107471,0.0,0.2157468944787979
70049477786093056,0,43,0,1.0,1.4221343646885896,0.0,0.15294063091278076
70049477786093056,0,44,0,1.0,1.5339102213641649,0.0,0.18579994142055511
70044456967585280,0,43,2,1.0,1.3261039779662034,0.0,0.12257757782936096
70037795475083008,0,42,1,1.0,1.4630689722418961,0.0,0.1652648001909256
70037795475083008,0,43,1,1.0,1.8228593270566829,0.0,0.26075315475463867
70037795475083008,0,44,1,1.0,2.325628668175745,0.0,0.3665403723716736
69873418486230272,0,43,4,4.0,2.8061686553736642,0.6020599913279624,0.4481137692928314
69873418486230272,0,44,4,2.0,2.177170957308167,0.3010299956639812,0.3378925323486328
69859262274067584,0,42,0,3.0,3.2263914646859906,0.47712125471966244,0.5087170600891113
69859262274067584,0,43,0,3.0,2.1374465233599955,0.47712125471966244,0.3298952579498291
69859262274067584,0,44,0,7.0,1.9731729419109978,0.8450980400142568,0.29516515135765076
69859124835119360,0,42,1,1.0,1.2406547341338139,0.0,0.0936509370803833
69859124835119360,0,43,1,1.0,1.304056814222775,0.0,0.11529651284217834
69859124835119360,0,44,1,2.0,1.3944356605357506,0.3010299956639812,0.14439848065376282
66807464672814336,0,43,0,2.0,1.1952306072061463,0.3010299956639812,0.07745170593261719
66807464672814336,0,44,0,1.0,1.2390284983009159,0.0,0.09308129549026489
66801795315987584,0,44,3,1.0,1.0813447028127603,0.0,0.03396415710449219
66801623517295104,0,42,4,2.0,2.651746893364804,0.3010299956639812,0.42353206872940063
66801623517295104,0,43,4,1.0,1.6158167783241426,0.0,0.20839211344718933
66801623517295104,0,44,4,2.0,6.360115590902348,0.3010299956639812,0.8034650087356567
66801623514684416,0,42,1,3.0,1.9718334404811462,0.47712125471966244,0.2948702275753021
66801623514684416,0,43,1,2.0,1.99794780059988,0.3010299956639812,0.3005841374397278
66801623514684416,0,44,1,9.0,5.237629904987301,0.9542425094393249,0.7191348075866699
66799763794633856,0,42,2,1.0,2.0070473453723596,0.0,0.3025576174259186
66799763794633856,0,43,2,2.0,1.6182898227455706,0.3010299956639812,0.2090563029050827
66785852397412224,0,43,0,1.0,1.1582794695045695,0.0,0.06381335854530334
66785852397412224,0,44,0,2.0,1.746675829142869,0.3010299956639812,0.24221231043338776
65280071222749824,0,42,2,2.0,1.5220957721711248,0.3010299956639812,0.18244197964668274
65280071222749824,0,43,2,5.0,1.9001640611691881,0.6989700043360189,0.2787910997867584
65276772687884544,0,42,0,2.0,1.4619571215074914,0.3010299956639812,0.16493463516235352
65276772687884544,0,43,0,2.0,1.2457631217711809,0.3010299956639812,0.09543547034263611
65276772687884544,0,44,0,1.0,1.2316692425330196,0.0,0.09049409627914429
65229184450247296,0,43,0,1.0,1.082469113408582,0.0,0.03441551327705383
65228772133391488,0,43,3,1.0,1.1373173882697922,0.0,0.05588167905807495
65228772133391488,0,44,3,1.0,1.100246557425026,0.0,0.041490018367767334
66642641008348416,0,42,3,1.0,2.7756767136790113,0.0,0.4433688819408417
66642641008348416,0,44,3,1.0,1.3656903916009218,0.0,0.1353522539138794
66649409876772096,0,42,3,1.0,1.2326705360900096,0.0,0.09084701538085938
66649409876772096,0,43,3,1.0,1.5314966026041805,0.0,0.18511603772640228
66649409876772096,0,44,3,2.0,1.7178909376172422,0.3010299956639812,0.23499558866024017
66652467893487488,0,42,3,1.0,2.4491234001958864,0.0,0.3890106678009033
66652467893487488,0,43,3,9.0,8.089923984115831,0.9542425094393249,0.9079444408416748
66652467893487488,0,44,3,7.0,2.5701477738895244,0.8450980400142568,0.4099580943584442
66699712533433600,0,44,3,1.0,1.1107712074055212,0.0,0.045624613761901855
66899239535574400,0,42,1,1.0,1.4337073401533786,0.0,0.15646050870418549
66899239535574400,0,43,1,2.0,1.516314721565451,0.3010299956639812,0.18078935146331787
66899239535574400,0,44,1,1.0,1.5636832850706048,0.0,0.19414879381656647
67352066526730240,0,42,3,1.0,1.4215469927190352,0.0,0.15276122093200684
67352066526730240,0,43,3,1.0,3.3417379606304323,0.0,0.5239723920822144
67352066526730240,0,44,3,1.0,6.028900160543859,0.0,0.7802380919456482
67373094686549632,0,42,0,2.0,2.284472148690615,0.3010299956639812,0.35878586769104004
67373094686549632,0,43,0,2.0,2.1068258299076823,0.3010299956639812,0.32362863421440125
67373094686549632,0,44,0,3.0,1.8505558014577812,0.47712125471966244,0.26730218529701233
67376633739588352,0,42,0,1.0,2.2024758445808743,0.0,0.34291115403175354
67376633739588352,0,43,0,2.0,1.4942554275962963,0.3010299956639812,0.17442484200000763
67376633739588352,0,44,0,5.0,2.440920150631847,0.6989700043360189,0.3875535726547241
70404894921335936,0,42,4,9.0,3.4598185344311476,0.9542425094393249,0.5390533208847046
70404894921335936,0,43,4,5.0,2.2981712906581886,0.6989700043360189,0.361382395029068
70404894921335936,0,44,4,9.0,3.8801006201047574,0.9542425094393249,0.5888429880142212
5310142950274535424,0,9,3,5.0,2.9037225496644514,0.6989700043360189,0.462955117225647
5310142950274535424,0,10,3,4.0,2.523568974343926,0.6020599913279624,0.40201517939567566
5310142950274535424,0,35,3,2.0,2.0777142859844426,0.3010299956639812,0.317585825920105
5310142950274535424,0,36,3,5.0,4.2868543589521515,0.6989700043360189,0.632138729095459
5310142950274535424,0,37,3,3.0,2.6272477961570466,0.47712125471966244,0.41950103640556335
5310142950274535424,0,62,3,2.0,6.555452083571089,0.3010299956639812,0.8166026473045349
5310142950274535424,0,63,3,5.0,3.9723105203545277,0.6989700043360189,0.5990431904792786
3243665031151732864,0,31,0,1.0,1.531083057285149,0.0,0.1849987506866455
5310606291358320512,0,9,0,20.0,12.409098298630829,1.3010299956639813,1.0937402248382568
5310606291358320512,0,10,0,14.0,10.982233176418353,1.146128035678238,1.0406906604766846
5310606291358320512,0,36,0,15.0,11.623261320958198,1.1760912590556813,1.0653280019760132
5310606291358320512,0,37,0,23.0,20.20036628239303,1.3617278360175928,1.3053592443466187
4678136244899047808,0,1,2,2.0,1.9947799231944745,0.3010299956639812,0.2998949885368347
4678136244899047808,0,2,2,3.0,2.4348415555676546,0.47712125471966244,0.3864707052707672
4678136244899047808,0,5,2,2.0,1.5590479439362879,0.3010299956639812,0.1928594708442688
4678136244899047808,0,6,2,1.0,1.7145573017195568,0.0,0.23415200412273407
4678136244899047808,0,7,2,1.0,1.8800040108780915,0.0,0.274158775806427
4678136244899047808,0,8,2,1.0,1.6500055235340825,0.0,0.21748539805412292
4678136244899047808,0,9,2,2.0,1.6566761142922386,0.3010299956639812,0.21923761069774628
4678136244899047808,0,10,2,1.0,1.4130587649297812,0.0,0.15016022324562073
4678136244899047808,0,11,2,1.0,1.5541880646530988,0.0,0.19150356948375702
4678136244899047808,0,12,2,1.0,3.3464546888842874,0.0,0.524584949016571
4678136244899047808,0,13,2,1.0,1.4992823975887128,0.0,0.1758834421634674
4678136244899047808,0,27,2,2.0,3.0409406049264973,0.3010299956639812,0.48300793766975403
4678136244899047808,0,31,2,1.0,1.7796454475913805,0.0,0.2503334879875183
4678136244899047808,0,32,2,1.0,1.8335823459888583,0.0,0.26330041885375977
4678136244899047808,0,33,2,1.0,1.7677114914829044,0.0,0.24741138517856598
4678136244899047808,0,34,2,1.0,2.265696589857328,0.0,0.35520175099372864
4678136244899047808,0,35,2,2.0,1.5695717423463962,0.3010299956639812,0.1957811713218689
4678136244899047808,0,39,2,2.0,1.77797161658128,0.3010299956639812,0.24992482364177704
4678136244899047808,0,61,2,1.0,1.5660369365698465,0.0,0.19480200111865997
4678136244899047808,0,62,2,1.0,1.597163353940216,0.0,0.20334933698177338
4678136244899047808,0,63,2,1.0,2.329120886467419,0.0,0.36719202995300293
4678136244899047808,0,64,2,3.0,1.9746148422593388,0.47712125471966244,0.2954823970794678
4678136244899047808,0,65,2,1.0,1.628268345601212,0.0,0.21172598004341125
6036302107604912128,0,12,0,1.0,1.3134546653704704,0.0,0.11841508746147156
3415529414514502144,0,43,3,4.0,4.122722169729018,0.6020599913279624,0.6151840686798096
4654322231790939776,0,4,3,2.0,1.5037884415701097,0.3010299956639812,0.1771867424249649
4654322231790939776,0,5,3,1.0,2.0467190096326067,0.0,0.3110582232475281
4654322231790939776,0,6,3,2.0,3.341303660518437,0.3010299956639812,0.5239159464836121
4654322231790939776,0,7,3,3.0,3.3968947726497976,0.47712125471966244,0.5310820937156677
4654322231790939776,0,9,3,1.0,1.7310326948081123,0.0,0.23830527067184448
4654322231790939776,0,10,3,2.0,1.8255257951573587,0.3010299956639812,0.26138797402381897
4654322231790939776,0,11,3,2.0,2.039791090400482,0.3010299956639812,0.30958569049835205
4654322231790939776,0,27,3,2.0,1.4027241329941378,0.3010299956639812,0.14697226881980896
4654322231790939776,0,28,3,5.0,1.6725688065076987,0.6989700043360189,0.22338399291038513
4654322231790939776,0,29,3,4.0,1.578608325452564,0.6020599913279624,0.1982743889093399
4654322231790939776,0,30,3,5.0,1.9734722070670374,0.6989700043360189,0.29523101449012756
4654322231790939776,0,31,3,1.0,1.465068634590728,0.0,0.1658579707145691
4654322231790939776,0,32,3,6.0,2.767235976599579,0.7781512503836436,0.442046195268631
4654322231790939776,0,34,3,2.0,1.6510100422091472,0.3010299956639812,0.2177497148513794
4654322231790939776,0,35,3,2.0,2.0741934644838467,0.3010299956639812,0.3168492615222931
4654322231790939776,0,36,3,2.0,2.071840560950306,0.3010299956639812,0.3163563311100006
4654322231790939776,0,37,3,3.0,3.895031411508268,0.47712125471966244,0.5905109643936157
4654322231790939776,0,38,3,3.0,3.93416226694307,0.47712125471966244,0.5948522686958313
4654322231790939776,0,39,3,5.0,2.978944097487005,0.6989700043360189,0.47406235337257385
4654322231790939776,0,61,3,2.0,1.8113887615951632,0.3010299956639812,0.25801166892051697
4654322231790939776,0,62,3,2.0,2.040732781747141,0.3010299956639812,0.3097861409187317
4654322231790939776,0,64,3,1.0,2.096531845974963,0.0,0.3215014636516571
4654322231790939776,0,65,3,2.0,1.6908620721284096,0.3010299956639812,0.22810818254947662
4654322231790939776,0,66,3,1.0,1.4454028112187944,0.0,0.1599888950586319
5194120112463898496,0,11,0,5.0,5.124010197158254,0.6989700043360189,0.7096099853515625
5194120112463898496,0,12,0,7.0,8.477342510602474,0.8450980400142568,0.9282597303390503
5194120112463898496,0,13,0,5.0,8.492879760206419,0.6989700043360189,0.9290549755096436
5194120112463898496,0,27,0,6.0,6.3647156517447065,0.7781512503836436,0.8037790060043335
5194120112463898496,0,38,0,10.0,7.228842313107766,1.0,0.859068751335144
5194120112463898496,0,39,0,11.0,8.468316458078517,1.0413926851582251,0.9277970790863037
5194120112463898496,0,61,0,8.0,7.775357518339439,0.9030899869919435,0.8907203674316406
5194120112463898496,0,65,0,9.0,5.961205043155847,0.9542425094393249,0.7753340601921082
5194120112463898496,0,67,0,6.0,5.56720378581483,0.7781512503836436,0.7456371188163757
4677997740793659776,0,4,3,2.0,2.686564929786438,0.3010299956639812,0.4291973412036896
4677997740793659776,0,5,3,1.0,4.266522342064445,0.0,0.6300740242004395
4677997740793659776,0,6,3,1.0,5.181178372951226,0.0,0.7144285440444946
4677997740793659776,0,7,3,1.0,7.244435402800184,0.0,0.8600045442581177
4677997740793659776,0,8,3,1.0,2.04571082173772,0.0,0.3108442425727844
4677997740793659776,0,9,3,1.0,3.5840950845976973,0.0,0.5543795228004456
4677997740793659776,0,10,3,1.0,2.7734110036414195,0.0,0.4430142343044281
4677997740793659776,0,11,3,2.0,2.252730008777204,0.3010299956639812,0.3527091443538666
4677997740793659776,0,12,3,1.0,3.5435833211223042,0.0,0.5494426488876343
4677997740793659776,0,13,3,4.0,3.063841014269021,0.6020599913279624,0.48626622557640076
4677997740793659776,0,61,3,1.0,1.9649019859685342,0.0,0.29334089159965515
4677997740793659776,0,62,3,1.0,3.519548658250725,0.0,0.5464869737625122
4677997740793659776,0,63,3,1.0,3.658730927415121,0.0,0.5633304715156555
4677997740793659776,0,65,3,1.0,3.9664040869792356,0.0,0.5983969569206238
4677997740793659776,0,66,3,2.0,2.5629498201763736,0.3010299956639812,0.4087401032447815
45630728985147648,0,44,4,6.0,3.5478160172548647,0.7781512503836436,0.5499610900878906
5378040370245563008,0,10,2,5.0,1.9026680967860414,0.6989700043360189,0.2793630361557007
512554009762579584,0,58,4,1.0,1.6002837289855865,0.0,0.2041969895362854
5239251727594949120,0,10,2,2.0,1.2296844525689852,0.3010299956639812,0.08979368209838867
5239251727594949120,0,63,2,1.0,1.6655937257016435,0.0,0.22156907618045807
6075548419252913152,0,10,4,4.0,2.9619531220486333,0.6020599913279624,0.4715781807899475
6075548419252913152,0,11,4,9.0,3.3784093677607117,0.9542425094393249,0.528712272644043
6075548419252913152,0,37,4,1.0,2.458110469621925,0.0,0.39060139656066895
5239723525484923904,0,11,0,2.0,1.261008002253065,0.3010299956639812,0.10071784257888794
5239674700295136000,0,37,1,10.0,16.57340907363435,1.0,1.219411849975586
5239674700295136000,0,38,1,13.0,5.95563690145451,1.1139433523068367,0.7749282121658325
5239674700295136000,0,63,1,1.0,5.239619305498155,0.0,0.7192997336387634
5239674700295136000,0,64,1,9.0,9.642862214374116,0.9542425094393249,0.984205961227417
5239660372284736896,0,10,3,4.0,1.463517373924742,0.6020599913279624,0.16539788246154785
5239660372284736896,0,11,3,1.0,1.431074730372784,0.0,0.15566231310367584
6071792178303014912,0,10,1,5.0,5.18932390094234,0.6989700043360189,0.7151107788085938
6071792178303014912,0,11,1,8.0,6.278139179312782,0.9030899869919435,0.7978309392929077
6071792178303014912,0,37,1,1.0,6.031948373959476,0.0,0.780457615852356
6071792178303014912,0,38,1,5.0,7.670079017018421,0.6989700043360189,0.8847998380661011
5239823134370969088,0,10,2,1.0,1.2478846676930144,0.0,0.0961744487285614
5239823134370969088,0,37,2,10.0,1.0398639810616823,1.0,0.016976535320281982
5239086805168167168,0,63,2,5.0,3.680212597815698,0.6989700043360189,0.5658729076385498
245793664026998528,0,59,1,2.0,2.440856333296271,0.3010299956639812,0.3875422179698944
5239498744077038976,0,10,4,4.0,2.9607257084894507,0.6020599913279624,0.47139817476272583
4660206027800195584,0,1,0,4.0,6.823570357962502,0.6020599913279624,0.8340116739273071
4660206027800195584,0,3,0,4.0,5.201127187840399,0.6020599913279624,0.7160974740982056
4660206027800195584,0,4,0,3.0,2.8728321110536172,0.47712125471966244,0.45831024646759033
4660206027800195584,0,5,0,3.0,3.969962584132626,0.47712125471966244,0.5987864136695862
4660206027800195584,0,6,0,6.0,4.747653137391177,0.7781512503836436,0.6764789819717407
4660206027800195584,0,7,0,6.0,5.185483675064151,0.7781512503836436,0.7147892713546753
4660206027800195584,0,8,0,3.0,4.7699329601837,0.47712125471966244,0.6785122752189636
4660206027800195584,0,10,0,3.0,3.6726445463430313,0.47712125471966244,0.5649788975715637
4660206027800195584,0,11,0,3.0,4.589989683390283,0.47712125471966244,0.6618117094039917
4660206027800195584,0,13,0,5.0,5.005440086971395,0.6989700043360189,0.6994422674179077
4660206027800195584,0,27,0,5.0,6.094322896838074,0.6989700043360189,0.7849254608154297
4660206027800195584,0,28,0,11.0,5.713651944497596,1.0413926851582251,0.7569137811660767
4660206027800195584,0,30,0,4.0,5.708883052635733,0.6020599913279624,0.7565511465072632
4660206027800195584,0,31,0,5.0,5.339309065539185,0.6989700043360189,0.7274850606918335
4660206027800195584,0,33,0,3.0,3.728462725303079,0.47712125471966244,0.5715298056602478
4660206027800195584,0,34,0,6.0,4.545980647224144,0.7781512503836436,0.6576275825500488
4660206027800195584,0,35,0,5.0,2.72959952064829,0.6989700043360189,0.43609893321990967
4660206027800195584,0,36,0,4.0,4.682400622054012,0.6020599913279624,0.6704685688018799
4660206027800195584,0,37,0,2.0,4.22203103566783,0.3010299956639812,0.6255214214324951
4660206027800195584,0,38,0,5.0,3.7838343841238555,0.6989700043360189,0.5779321193695068
4660206027800195584,0,61,0,4.0,6.477921777050142,0.6020599913279624,0.8114356994628906
4660206027800195584,0,62,0,4.0,12.641178596169793,0.6020599913279624,1.1017875671386719
4660206027800195584,0,64,0,6.0,5.847603349968252,0.7781512503836436,0.7669779062271118
4660206027800195584,0,65,0,8.0,8.762030895525067,0.9030899869919435,0.9426047801971436
4660206027800195584,0,66,0,3.0,4.228245008067839,0.47712125471966244,0.6261601448059082
4660206027800195584,0,67,0,3.0,4.77152533067098,0.47712125471966244,0.6786572337150574
6045059133601989376,0,12,3,4.0,1.7579851571202902,0.6020599913279624,0.2450152039527893
6045035386718140032,0,12,2,2.0,3.2876811479746846,0.3010299956639812,0.5168896913528442
6038192786565512064,0,12,4,1.0,1.8261381017481635,0.0,0.26153361797332764
6220173643266533120,0,11,2,1.0,2.0818948724133763,0.0,0.31845879554748535
6215319505597073792,0,11,4,11.0,10.983855101509057,1.0413926851582251,1.040754795074463
5552518640641540864,0,61,1,1.0,1.3296715254335287,0.0,0.12374436855316162
4775042698645311360,0,2,2,11.0,8.066727612571515,1.0413926851582251,0.9066973924636841
4775042698645311360,0,3,2,14.0,12.976330788970653,1.146128035678238,1.1131519079208374
4775042698645311360,0,4,2,4.0,4.8501389412606075,0.6020599913279624,0.6857541799545288
4775042698645311360,0,5,2,14.0,9.15522386489282,1.146128035678238,0.9616689682006836
4775042698645311360,0,8,2,9.0,11.009472837669898,0.9542425094393249,1.0417665243148804
4775042698645311360,0,9,2,15.0,10.24649129154424,1.1760912590556813,1.0105751752853394
4775042698645311360,0,12,2,7.0,4.2678388792225785,0.8450980400142568,0.6302080154418945
4775042698645311360,0,29,2,16.0,12.524288061805663,1.2041199826559248,1.0977530479431152
4775042698645311360,0,30,2,12.0,6.137154071132058,1.0791812460476249,0.7879670262336731
4775042698645311360,0,31,2,19.0,10.773356145812418,1.2787536009528289,1.032351016998291
4775042698645311360,0,32,2,17.0,7.928397557859651,1.2304489213782739,0.8991854190826416
4775042698645311360,0,35,2,13.0,8.537068110715147,1.1139433523068367,0.9313087463378906
4775042698645311360,0,36,2,21.0,16.527466533508765,1.3222192947339193,1.2182062864303589
4775042698645311360,0,39,2,15.0,10.667471939489372,1.1760912590556813,1.0280615091323853
4775042698645311360,0,62,2,10.0,4.513551122735922,1.0,0.6545183658599854
4775042698645311360,0,63,2,9.0,7.573001628122987,0.9542425094393249,0.8792680501937866
4775042698645311360,0,64,2,16.0,14.003490479539181,1.2041199826559248,1.1462363004684448
4775042698645311360,0,65,2,12.0,9.866709340276534,1.0791812460476249,0.9941723346710205
4775042698645311360,0,66,2,20.0,7.767718508839469,1.3010299956639813,0.8902934789657593
2968166003220173696,0,5,4,11.0,7.675254675835831,1.0413926851582251,0.8850927948951721
2968166003220173696,0,6,4,4.0,3.8309032730067667,0.6020599913279624,0.5833011865615845
2968166003220173696,0,32,4,6.0,5.587693248681592,0.7781512503836436,0.7472325563430786
4702194830625123712,0,1,4,16.0,15.623223549840958,1.2041199826559248,1.1937706470489502
4702194830625123712,0,27,4,14.0,6.756196279528801,1.146128035678238,0.8297022581100464
4702194830625123712,0,28,4,15.0,9.216986261426714,1.1760912590556813,0.9645889401435852
4702194830625123712,0,67,4,8.0,8.759392913624145,0.9030899869919435,0.9424740076065063
5201664579001450880,0,64,1,3.0,2.073696486374179,0.47712125471966244,0.31674519181251526
5201664579001450880,0,65,1,4.0,2.6859621451632703,0.6020599913279624,0.4290998876094818
5201664579001450880,0,66,1,4.0,1.9209304400042748,0.6020599913279624,0.2835116386413574
5201932413160136064,0,11,2,7.0,5.812759603773373,0.8450980400142568,0.7643823623657227
5201932413160136064,0,12,2,12.0,10.90379078348613,1.0791812460476249,1.037577509880066
5201932413160136064,0,38,2,3.0,4.135417220936903,0.47712125471966244,0.6165193319320679
5201932413160136064,0,39,2,7.0,5.41215894494469,0.8450980400142568,0.7333705425262451
5201932413160136064,0,64,2,15.0,9.989377411247947,1.1760912590556813,0.9995384216308594
5201932413160136064,0,65,2,9.0,8.258473894611965,0.9542425094393249,0.9168998003005981
5201932413160136064,0,66,2,9.0,7.796333466967717,0.9542425094393249,0.8918904066085815
5201817793371491456,0,64,3,2.0,1.3374024928060575,0.3010299956639812,0.1262621283531189
5201817793371491456,0,65,3,1.0,1.4229050972786628,0.0,0.1531759351491928
5201817793371491456,0,66,3,3.0,1.2830995815437398,0.47712125471966244,0.10826036334037781
5202456197310017664,0,66,4,2.0,5.3635607755597965,0.3010299956639812,0.7294532060623169
6456232811155783936,0,27,1,1.0,1.7777559183735823,0.0,0.2498721331357956
5198621753588073088,0,64,2,3.0,1.6651019782689456,0.47712125471966244,0.22144083678722382
5199197588443014272,0,64,4,4.0,1.798145198085859,0.6020599913279624,0.25482475757598877
5199197588443014272,0,65,4,1.0,2.028683327885985,0.0,0.30721426010131836
5199197588443014272,0,66,4,2.0,1.3324241368807268,0.3010299956639812,0.12464249134063721
5198509362883878528,0,65,4,6.0,6.962050960296798,0.7781512503836436,0.8427371978759766
5198509362883878528,0,66,4,8.0,5.416189340525576,0.9030899869919435,0.7336938381195068
5198548842223142912,0,66,1,2.0,1.2558103862578696,0.3010299956639812,0.09892407059669495
5200814729530874240,0,64,1,5.0,2.7625980905467804,0.6989700043360189,0.44131770730018616
5200814729530874240,0,66,1,4.0,1.9262643668673647,0.6020599913279624,0.2847158908843994
5200743875452345344,0,66,3,1.0,1.285148980240566,0.0,0.10895347595214844
5786663249547896576,0,39,4,1.0,1.4074704100745594,0.0,0.14843927323818207
4778915109878774912,0,3,1,7.0,7.2653220643065906,0.8450980400142568,0.861254870891571
4778915109878774912,0,4,1,5.0,6.196591709331158,0.6989700043360189,0.7921528816223145
4778915109878774912,0,5,1,8.0,9.72178206261161,0.9030899869919435,0.9877458810806274
4778915109878774912,0,29,1,8.0,5.163892241234622,0.9030899869919435,0.7129771709442139
4778915109878774912,0,30,1,8.0,3.6846944620706226,0.9030899869919435,0.566401481628418
4778915109878774912,0,31,1,9.0,10.66872231547461,0.9542425094393249,1.0281124114990234
4778915109878774912,0,32,1,13.0,6.7567146336053625,1.1139433523068367,0.8297355771064758
4778915109878774912,0,39,1,18.0,9.75037727805582,1.255272505103306,0.9890214204788208
4778915109878774912,0,66,1,15.0,8.349024720583675,1.1760912590556813,0.9216357469558716
1105902749568357888,0,60,2,1.0,1.2156514288068827,0.0,0.0848090648651123
5947481458063322368,0,13,2,9.0,10.73927551173337,0.9542425094393249,1.0309749841690063
5947481458063322368,0,39,2,11.0,5.660553986915417,1.0413926851582251,0.7528589367866516
5232514298297802880,0,10,1,4.0,2.4150462419928935,0.6020599913279624,0.38292545080184937
5372105069042468736,0,10,1,2.0,1.7833212482548513,0.3010299956639812,0.25122958421707153
3409493546650264704,0,44,3,4.0,1.6978545945472956,0.6020599913279624,0.22990049421787262
5239135492911437568,0,38,3,3.0,4.998903712752983,0.47712125471966244,0.6988747715950012
5232233789697993728,0,10,3,5.0,2.6787482775288525,0.6989700043360189,0.42793190479278564
5232233789697993728,0,11,3,4.0,1.382383041631355,0.6020599913279624,0.1406283974647522
5232233789697993728,0,38,3,3.0,1.7752085617323548,0.47712125471966244,0.2492493838071823
5232233789697993728,0,64,3,4.0,4.0466640285734075,0.6020599913279624,0.6070971488952637
5232669917858509568,0,65,0,1.0,1.4184168471603453,0.0,0.1518038809299469
6359627073840128256,0,66,3,1.0,1.1860950090901694,0.0,0.07411947846412659
6359627073840128256,0,67,3,1.0,1.2076984322529452,0.0,0.08195850253105164
2708287457803120640,0,55,0,2.0,1.3850934481642596,0.3010299956639812,0.14147907495498657
6068338371741297536,0,11,4,10.0,7.000497322777301,1.0,0.8451288938522339
6068338371741297536,0,64,4,5.0,3.546234369496924,0.6989700043360189,0.5497674345970154
409038567717304960,0,58,4,5.0,4.890026428894344,0.6989700043360189,0.6893112063407898
5238609720201102080,0,10,1,4.0,2.425808215114397,0.6020599913279624,0.3848564624786377
5231722379355280000,0,10,2,1.0,1.9965769574952994,0.0,0.30028605461120605
5231722379355280000,0,11,2,3.0,3.7840727555951155,0.47712125471966244,0.5779594779014587
5231722379355280000,0,37,2,3.0,4.58573066481922,0.47712125471966244,0.661408543586731
5231722379355280000,0,38,2,5.0,3.7443565071502163,0.6989700043360189,0.5733771920204163
2897904220905879552,0,33,3,2.0,1.3445377506309664,0.3010299956639812,0.1285730004310608
5231661287738368000,0,11,2,4.0,1.5858380580765146,0.6020599913279624,0.20025883615016937
5238340129374896512,0,10,3,2.0,2.366191240845539,0.3010299956639812,0.3740498423576355
5238340129374896512,0,11,3,7.0,1.8860079145971331,0.8450980400142568,0.2755435109138489
5238340129374896512,0,37,3,5.0,2.4573122301986086,0.6989700043360189,0.390460342168808
5238340129374896512,0,38,3,8.0,4.78335310963938,0.9030899869919435,0.6797324419021606
5325281335588219008,0,8,3,3.0,4.083667439692723,0.47712125471966244,0.6110503673553467
5325281335588219008,0,9,3,4.0,3.8108744997303288,0.6020599913279624,0.5810246467590332
5325281335588219008,0,35,3,4.0,2.897293169904188,0.6020599913279624,0.46199244260787964
5325281335588219008,0,36,3,4.0,1.5247278834210933,0.6020599913279624,0.18319234251976013
5325281335588219008,0,62,3,4.0,3.132327497064799,0.6020599913279624,0.49586716294288635
5325281335588219008,0,63,3,7.0,3.093474905476926,0.8450980400142568,0.4904465973377228
5368378549268711552,0,10,3,3.0,5.960231531064288,0.47712125471966244,0.7752631306648254
5368378549268711552,0,37,3,1.0,1.7984137213210936,0.0,0.2548896074295044
6076319726660327424,0,37,1,3.0,1.5315772651000112,0.47712125471966244,0.18513891100883484
6071472529664191360,0,10,3,11.0,1.7779176895759448,1.0413926851582251,0.24991165101528168
6071472529664191360,0,11,3,2.0,1.327910291298785,0.3010299956639812,0.12316873669624329
6078760195785278208,0,10,2,7.0,9.93956781786636,0.8450980400142568,0.9973675012588501
6078760195785278208,0,11,2,8.0,5.774957036019651,0.9030899869919435,0.7615487575531006
6078760195785278208,0,64,2,23.0,10.122141134768993,1.3617278360175928,1.005272388458252
5323490299871503872,0,62,4,11.0,4.808360942295013,1.0413926851582251,0.6819970607757568
5323490299871503872,0,63,4,10.0,6.5929387563705015,1.0,0.8190790414810181
5323690033028759936,0,9,0,8.0,8.55554418811782,0.9030899869919435,0.9322476387023926
5323690033028759936,0,35,0,8.0,4.118670047471963,0.9030899869919435,0.6147570013999939
5323690033028759936,0,36,0,10.0,4.649985729832945,1.0,0.6674516201019287
2757493837257149056,0,42,4,2.0,2.307013167922094,0.3010299956639812,0.36305007338523865
6083278020342514560,0,64,3,4.0,2.1542233349870648,0.6020599913279624,0.3332907259464264
5792178743477357312,0,66,0,1.0,1.459620662468505,0.0,0.1642400026321411
5792495742123741056,0,12,1,3.0,1.5730388010561664,0.47712125471966244,0.19673943519592285
5792495742123741056,0,39,1,2.0,1.581069826738767,0.3010299956639812,0.19895105063915253
5379728773429025024,0,10,3,2.0,1.5728931351173456,0.3010299956639812,0.19669921696186066
6128493718050020096,0,10,3,18.0,10.690544003215457,1.255272505103306,1.0289998054504395
6128493718050020096,0,37,3,3.0,5.209013101713703,0.47712125471966244,0.7167554497718811
6080182860754037248,0,64,4,3.0,5.705435064249996,0.47712125471966244,0.7562887668609619
6081151015098289792,0,64,2,2.0,1.453117558784105,0.3010299956639812,0.16230075061321259
2454062437973588864,0,30,3,2.0,2.0286706595348183,0.3010299956639812,0.3072115480899811
2727676456301311744,0,56,1,1.0,1.485330551800049,0.0,0.17182311415672302
4657783116463742336,0,1,1,2.0,4.563016587645232,0.3010299956639812,0.6592520475387573
4657783116463742336,0,2,1,4.0,2.453348320846048,0.6020599913279624,0.38975921273231506
4657783116463742336,0,5,1,1.0,1.9218361169488023,0.0,0.2837163507938385
4657783116463742336,0,6,1,4.0,4.526986752998849,0.6020599913279624,0.655809223651886
4657783116463742336,0,8,1,1.0,1.580068176399272,0.0,0.19867582619190216
4657783116463742336,0,9,1,5.0,3.850030584273028,0.6989700043360189,0.5854641795158386
4657783116463742336,0,10,1,7.0,6.94170365102749,0.8450980400142568,0.8414660692214966
4657783116463742336,0,11,1,5.0,3.2864233955381565,0.6989700043360189,0.5167235136032104
4657783116463742336,0,12,1,3.0,6.247915118541698,0.47712125471966244,0.7957351207733154
4657783116463742336,0,13,1,3.0,2.646183570311749,0.47712125471966244,0.4226199686527252
4657783116463742336,0,29,1,4.0,1.9295388541569918,0.6020599913279624,0.28545352816581726
4657783116463742336,0,30,1,1.0,2.4974732358483953,0.0,0.3975008428096771
4657783116463742336,0,32,1,1.0,1.7718128795619768,0.0,0.24841785430908203
4657783116463742336,0,33,1,3.0,1.5818572754002307,0.47712125471966244,0.19916729629039764
4657783116463742336,0,35,1,1.0,1.6884658173408107,0.0,0.22749227285385132
4657783116463742336,0,36,1,7.0,2.1252114381502265,0.8450980400142568,0.32740214467048645
4657783116463742336,0,37,1,4.0,1.7062040670365117,0.6020599913279624,0.2320309728384018
4657783116463742336,0,38,1,3.0,1.809171953318656,0.47712125471966244,0.25747984647750854
4657783116463742336,0,39,1,2.0,2.5640100424020695,0.3010299956639812,0.40891972184181213
4657783116463742336,0,61,1,3.0,3.5656688807811228,0.47712125471966244,0.552141010761261
4657783116463742336,0,62,1,3.0,2.050520323214232,0.47712125471966244,0.31186407804489136
4657783116463742336,0,64,1,2.0,3.178295590683497,0.3010299956639812,0.5021942853927612
4657783116463742336,0,65,1,5.0,2.6389298519504463,0.6989700043360189,0.421427845954895
4657783116463742336,0,66,1,2.0,4.672459344951315,0.3010299956639812,0.6695455312728882
5842775554171002496,0,11,4,12.0,7.001550418635059,1.0791812460476249,0.8451942205429077
5842775554171002496,0,12,4,7.0,6.897325855500111,0.8450980400142568,0.8386807441711426
5842775554171002496,0,64,4,3.0,6.894433585625117,0.47712125471966244,0.838498592376709
5193207655251945088,0,11,1,1.0,3.362294622649748,0.0,0.5266357660293579
5193207655251945088,0,12,1,1.0,1.6733790318930148,0.0,0.2235943228006363
5193207655251945088,0,13,1,1.0,1.7804220782906683,0.0,0.2505229711532593
5193207655251945088,0,27,1,1.0,2.0297423197019913,0.0,0.3074409067630768
5193207655251945088,0,39,1,2.0,2.2196756380874354,0.3010299956639812,0.3462895154953003
5193207655251945088,0,66,1,1.0,3.391324918563566,0.0,0.5303694009780884
5193207655251945088,0,67,1,1.0,1.8230232009486314,0.0,0.26079219579696655
5859373919170289024,0,11,4,2.0,4.625882855447064,0.3010299956639812,0.6651946306228638
5859373919170289024,0,37,4,3.0,4.566716720410293,0.47712125471966244,0.6596040725708008
5859373919170289024,0,38,4,7.0,9.006621025344227,0.8450980400142568,0.9545618891716003
2753439761791577984,0,43,2,1.0,1.3613409010673427,0.0,0.13396689295768738
6072893029952309632,0,10,2,1.0,2.9345921029620423,0.0,0.467547744512558
6072893029952309632,0,11,2,7.0,3.2677555671364877,0.8450980400142568,0.5142495632171631
6072893029952309632,0,64,2,12.0,11.764767353954655,1.0791812460476249,1.0705833435058594
2752136947888573056,0,43,1,2.0,1.4127008064139224,0.3010299956639812,0.15005019307136536
6059011558230752128,0,10,0,3.0,1.7032621246170243,0.47712125471966244,0.23128148913383484
6059011558230752128,0,11,0,2.0,1.6934827462178474,0.3010299956639812,0.22878077626228333
6059011558230752128,0,37,0,4.0,1.440812946216947,0.6020599913279624,0.1586076021194458
6059011558230752128,0,38,0,3.0,1.243866835373728,0.47712125471966244,0.09477388858795166
6059011558230752128,0,64,0,2.0,2.950876701085094,0.3010299956639812,0.4699510633945465
6072564997530148224,0,11,0,7.0,1.108400894173235,0.8450980400142568,0.0446968674659729
6072564997530148224,0,64,0,1.0,1.7367775684506528,0.0,0.23974420130252838
118159193173934848,0,42,3,1.0,1.4850155290940967,0.0,0.17173099517822266
118159193173934848,0,44,3,2.0,2.0959787425965617,0.3010299956639812,0.3213868737220764
118159193173934848,0,58,3,1.0,1.5234637393741515,0.0,0.18283212184906006
69122520763444352,0,42,1,2.0,1.807897385170183,0.3010299956639812,0.2571737766265869
69122520763444352,0,43,1,3.0,3.3483323066562414,0.47712125471966244,0.5248285531997681
69122520763444352,0,44,1,4.0,5.605957947037056,0.6020599913279624,0.7486498355865479
6073626576005897216,0,64,2,2.0,2.7951229147173775,0.3010299956639812,0.446400910615921
68748751233818112,0,44,0,1.0,1.7254213745710119,0.0,0.23689517378807068
68897842434107392,0,42,3,4.0,5.596057746220017,0.6020599913279624,0.7478821873664856
68897842434107392,0,43,3,8.0,4.807158714048729,0.9030899869919435,0.6818884611129761
68897842434107392,0,44,3,4.0,4.352210006701956,0.6020599913279624,0.6387098431587219
71108440625265280,0,42,0,1.0,1.108749765320545,0.0,0.04483354091644287
70356580830628864,0,42,2,2.0,1.5291400343793797,0.3010299956639812,0.1844472587108612
70356580830628864,0,44,2,1.0,1.1392419761880301,0.0,0.056615978479385376
70129913933603328,0,42,0,1.0,1.1157801548631054,0.0,0.047578632831573486
70132658415356672,0,42,2,2.0,3.9527525602374602,0.3010299956639812,0.5968996286392212
70132658415356672,0,43,2,5.0,6.946867366947206,0.6989700043360189,0.8417890071868896
70132658415356672,0,44,2,6.0,5.189135881556104,0.7781512503836436,0.715095043182373
70123003329050880,0,42,0,1.0,1.1506117946530945,0.0,0.0609288215637207
70123003329050880,0,43,0,1.0,1.1428995058934275,0.0,0.058008044958114624
69906713072633856,0,43,1,2.0,1.2000310668930536,0.3010299956639812,0.07919248938560486
69906571336964608,0,43,0,1.0,1.8458517479959056,0.0,0.2661968171596527
69906571336964608,0,44,0,1.0,1.4913322272242449,0.0,0.17357440292835236
69906472554465792,0,43,4,1.0,1.3695742852741528,0.0,0.13658559322357178
69906472554465792,0,44,4,3.0,1.4237445387527556,0.47712125471966244,0.15343207120895386
69889876800977408,0,42,3,2.0,1.4986849130348114,0.3010299956639812,0.17571033537387848
69889876800977408,0,43,3,4.0,1.916364398500515,0.6020599913279624,0.28247809410095215
69889876800977408,0,44,3,1.0,1.405114045589665,0.0,0.14771157503128052
69883417170175488,0,43,4,2.0,1.3585044062413731,0.3010299956639812,0.13306105136871338
69878503727603072,0,42,0,1.0,1.6215796581798207,0.0,0.20993828773498535
69878503727603072,0,43,0,3.0,2.511897842537632,0.47712125471966244,0.40000197291374207
69878503727603072,0,44,0,3.0,2.0849994895135535,0.47712125471966244,0.31910595297813416
69876923179646080,0,43,2,2.0,1.4786294428382218,0.3010299956639812,0.16985934972763062
69876923179646080,0,44,2,2.0,1.6200382080424929,0.3010299956639812,0.20952525734901428
69876712724339456,0,42,1,6.0,3.2632012661343066,0.7781512503836436,0.5136438608169556
69876712724339456,0,43,1,10.0,5.279281623243984,1.0,0.7225748300552368
69876712724339456,0,44,1,7.0,5.293897228734508,0.8450980400142568,0.7237755060195923
69829541100441600,0,42,1,3.0,3.3779049335459237,0.47712125471966244,0.5286474227905273
69829541100441600,0,43,1,3.0,1.7638048339092434,0.47712125471966244,0.2464505285024643
69829541100441600,0,44,1,1.0,1.5126614020424654,0.0,0.1797417253255844
68323485048225152,0,42,1,1.0,1.3184532509643105,0.0,0.12006473541259766
68323485048225152,0,43,1,1.0,2.449513341303495,0.0,0.3890798091888428
68323485048225152,0,44,1,4.0,2.2872997597235116,0.6020599913279624,0.35932308435440063
68303659479211776,0,42,0,1.0,1.4254808595573194,0.0,0.1539613902568817
68296890611072384,0,42,3,8.0,4.27608172733513,0.9030899869919435,0.6310459971427917
68296890611072384,0,43,3,2.0,1.805977673710125,0.3010299956639812,0.2567123770713806
68296890611072384,0,44,3,3.0,3.3437138900229546,0.47712125471966244,0.524229109287262
68296650092601088,0,42,4,2.0,1.3360602123475023,0.3010299956639812,0.12582603096961975
68296650092601088,0,43,4,2.0,1.578242598786285,0.3010299956639812,0.19817376136779785
68296650092601088,0,44,4,2.0,1.6777132569241286,0.3010299956639812,0.22471773624420166
65289623229979136,0,42,2,1.0,1.3273323241175068,0.0,0.12297967076301575
65289623229979136,0,43,2,1.0,2.169784051676489,0.0,0.3364165127277374
65289279632597760,0,43,0,3.0,2.037866638180458,0.47712125471966244,0.3091757595539093
65289279632598016,0,44,1,3.0,4.740943893524943,0.47712125471966244,0.6758648157119751
65289004754691200,0,42,4,1.0,1.4497245876433498,0.0,0.16128550469875336
65289004754691200,0,43,4,1.0,1.3011155504444867,0.0,0.11431586742401123
65289004754691200,0,44,4,8.0,5.160638837221658,0.9030899869919435,0.7127034664154053
65245539685760640,0,42,3,1.0,1.6433770724428476,0.0,0.2157372236251831
65245539685760640,0,44,3,3.0,5.742268683005654,0.47712125471966244,0.7590835094451904
65213172812266752,0,43,1,2.0,1.668442154133841,0.3010299956639812,0.22231115400791168
65213172812266240,0,43,2,2.0,1.3669221998119816,0.3010299956639812,0.13574379682540894
65213172812266240,0,44,2,1.0,1.163359423934939,0.0,0.06571391224861145
65212932294091264,0,43,0,1.0,1.9952470347938585,0.0,0.29999667406082153
65212932294091264,0,44,0,1.0,1.4204145965058652,0.0,0.15241512656211853
65226092073881856,0,44,4,1.0,1.1547259606168985,0.0,0.0624789297580719
66727234683931520,0,42,2,4.0,3.494343045217682,0.6020599913279624,0.5433655381202698
66727234683931520,0,43,2,6.0,3.483102058113498,0.7781512503836436,0.5419661998748779
66727234683931520,0,44,2,5.0,3.713394171443568,0.6989700043360189,0.5697710514068604
66728265476081408,0,42,0,1.0,1.139561845235565,0.0,0.05673789978027344
66728089380491648,0,42,4,1.0,1.2728394019101672,0.0,0.104773610830307
66729021390315904,0,43,2,1.0,1.2292678355712516,0.0,0.08964651823043823
66733763034205696,0,43,1,2.0,1.5017774101005663,0.3010299956639812,0.17660556733608246
66733763034205696,0,44,1,4.0,1.7836922077432051,0.6020599913279624,0.25131991505622864
66734720809017856,0,42,1,3.0,1.7323683823609044,0.47712125471966244,0.23864024877548218
66734720809017856,0,43,1,5.0,2.6467354720364558,0.6989700043360189,0.4227105379104614
66734720809017856,0,44,1,5.0,4.2168597019398995,0.6989700043360189,0.6249891519546509
66734725106867968,0,42,0,1.0,2.123996233701738,0.0,0.327153742313385
66734725106867968,0,44,0,1.0,1.8412454421799171,0.0,0.26511168479919434
66735446661374976,0,43,4,1.0,1.1938960741511913,0.0,0.07696652412414551
66735446661374976,0,44,4,1.0,1.1910532037747719,0.0,0.07593116164207458
66782897460055424,0,43,3,5.0,2.7239072572624936,0.6989700043360189,0.4351923167705536
66782897460055424,0,44,3,2.0,1.5792176247605334,0.3010299956639812,0.1984419822692871
66809491897360896,0,43,3,1.0,1.6361664790330837,0.0,0.2138274908065796
66809491897360896,0,44,3,2.0,1.606314038136698,0.3010299956639812,0.20583045482635498
66846291177113088,0,42,1,2.0,2.1420559605551968,0.3010299956639812,0.33083081245422363
66846291177113088,0,43,1,3.0,1.8552228280207033,0.47712125471966244,0.2683960795402527
69854348831573504,0,42,3,2.0,1.378873610130018,0.3010299956639812,0.1395244598388672
69854348831573504,0,43,3,4.0,2.874693721093219,0.6020599913279624,0.4585915803909302
69857235049588736,0,43,0,1.0,2.5352376180246865,0.0,0.40401867032051086
69857235049588736,0,44,0,1.0,1.3049751000251755,0.0,0.11560222506523132
69858094042908928,0,42,2,3.0,1.8165138769904268,0.47712125471966244,0.25923871994018555
69858094042908928,0,43,2,6.0,2.9761352299879644,0.7781512503836436,0.4736526608467102
69858094042908928,0,44,2,7.0,4.046759000259474,0.8450980400142568,0.6071073412895203
71967816338491648,0,42,2,1.0,1.3216289561546615,0.0,0.12110954523086548
71967816338491648,0,43,2,1.0,1.5509732739587412,0.0,0.1906043142080307
71967816338491648,0,58,2,3.0,1.5987243435146763,0.47712125471966244,0.2037735879421234
6061141965074631936,0,11,1,3.0,2.0506759561403594,0.47712125471966244,0.31189703941345215
6061141965074631936,0,38,1,1.0,1.9223675388557044,0.0,0.2838364243507385
6060009296312432896,0,11,3,9.0,9.697243950392535,0.9542425094393249,0.9866483211517334
6060009296312432896,0,37,3,14.0,8.420944379414813,1.146128035678238,0.9253607988357544
6060009296312432896,0,38,3,17.0,9.479978576276345,1.2304489213782739,0.9768073558807373
6059997201683638016,0,11,3,3.0,3.3182925638029337,0.47712125471966244,0.5209146738052368
6059992460039778560,0,11,2,3.0,1.1309338500770194,0.47712125471966244,0.05343720316886902
6073962889118462976,0,11,3,7.0,5.6954178101104995,0.8450980400142568,0.7555255889892578
6073980172067600640,0,11,4,23.0,13.833545843176841,1.3617278360175928,1.1409335136413574
6073671037505307904,0,37,0,3.0,1.7301899832698526,0.47712125471966244,0.2380937933921814
6073671037505307904,0,38,0,3.0,2.6722521737580434,0.47712125471966244,0.4268774390220642
6056768210935590656,0,11,1,6.0,5.789295189068561,0.7781512503836436,0.7626256942749023
6056768210935590656,0,38,1,7.0,5.094121249517303,0.8450980400142568,0.7070692777633667
6060133266248365568,0,11,4,2.0,1.3380843768232402,0.3010299956639812,0.1264835000038147
6061376298490107520,0,11,2,4.0,1.5219462073498202,0.6020599913279624,0.18239930272102356
6061376298490107520,0,64,2,1.0,2.420997997964146,0.0,0.3839944303035736
6061691686532176512,0,64,3,5.0,3.013293655480008,0.6989700043360189,0.4790414571762085
6061362107917642240,0,37,3,6.0,6.782602120470403,0.7781512503836436,0.8313963413238525
6061362107917642240,0,38,3,5.0,3.037989681220053,0.6989700043360189,0.4825862944126129
6057147611155597440,0,64,1,96.0,28.723093417889878,1.9822712330395684,1.4582312107086182
6061730165117884928,0,11,3,4.0,2.0478358976166064,0.6020599913279624,0.31129515171051025
6061730165117884928,0,64,3,2.0,2.4265962206950116,0.3010299956639812,0.38499751687049866
6018271319508580608,0,12,2,1.0,1.6577900906896972,0.0,0.21952953934669495
6063306491170458880,0,11,4,4.0,4.171288159099642,0.6020599913279624,0.6202701926231384
6067650970822132224,0,11,0,4.0,5.944902943432803,0.6020599913279624,0.7741447687149048
6067650970822131584,0,11,4,2.0,7.922283531749617,0.3010299956639812,0.8988503813743591
6066852519230372608,0,11,1,3.0,2.546917745128592,0.47712125471966244,0.40601491928100586
6067730685416937984,0,64,4,2.0,2.0847107788387644,0.3010299956639812,0.3190458118915558
6066618357619673856,0,11,0,1.0,1.693277588439462,0.0,0.22872816026210785
6063021374073101440,0,11,2,1.0,1.1775990503758333,0.0,0.0709974467754364
6063021374073101440,0,38,2,1.0,1.349754750608815,0.0,0.130254864692688
5771915981123227904,0,12,4,1.0,1.8059603235245745,0.0,0.25670820474624634
5771915981123227904,0,13,4,3.0,1.4994348284737917,0.47712125471966244,0.17592759430408478
5771915981123227904,0,39,4,3.0,1.5728540628880991,0.47712125471966244,0.1966884285211563
5773505698840226304,0,12,1,1.0,1.573664038663871,0.0,0.19691202044487
5773505698840226304,0,39,1,1.0,1.8300307365018744,0.0,0.2624583840370178
5773505668780214784,0,66,3,1.0,2.053122745599309,0.0,0.31241491436958313
5778418149292321536,0,66,1,3.0,1.955459109009714,0.47712125471966244,0.29124873876571655
5778608227365947776,0,65,4,3.0,1.6066453658555464,0.47712125471966244,0.2059200257062912
5778608227365947776,0,66,4,2.0,1.3864918405188964,0.3010299956639812,0.14191731810569763
6365152703884977536,0,66,4,2.0,2.323124132712719,0.3010299956639812,0.366072416305542
66597767189992832,0,42,1,1.0,1.5513349170762594,0.0,0.1907055675983429
66597767189992832,0,43,1,3.0,1.727117376544373,0.47712125471966244,0.2373218536376953
66597767189992832,0,44,1,3.0,1.5653514050342867,0.47712125471966244,0.19461184740066528
66570554277316992,0,44,1,1.0,1.587294301525514,0.0,0.200657457113266
2981590730954537984,0,5,3,1.0,1.2326905837962547,0.0,0.09085407853126526
166173869528755968,0,59,4,1.0,1.2270983627407057,0.0,0.08887937664985657
5429168141979720960,0,62,4,2.0,4.773563056526092,0.3010299956639812,0.6788426637649536
233181715902566016,0,59,1,5.0,6.005788803609865,0.6989700043360189,0.7785700559616089
245628118808909056,0,59,2,1.0,4.94715466174205,0.0,0.6943554878234863
233593860965180928,0,59,1,3.0,1.8017945427140818,0.47712125471966244,0.2557052671909332
452387638277527168,0,58,2,3.0,2.303231171972856,0.47712125471966244,0.36233752965927124
249209331258050816,0,58,1,4.0,6.849272167147144,0.6020599913279624,0.8356444239616394
249208987660681216,0,58,2,8.0,7.818585977440503,0.9030899869919435,0.8931282162666321
249205036290763136,0,58,1,9.0,4.476812539462548,0.9542425094393249,0.6509689092636108
249161227624791168,0,58,0,4.0,1.9175912112423155,0.6020599913279624,0.2827560305595398
443285709224782464,0,59,4,1.0,1.4450076051198675,0.0,0.15987013280391693
249173425331718144,0,58,3,9.0,7.736357186500496,0.9542425094393249,0.8885365128517151
249168580608693632,0,58,0,2.0,1.927844226811171,0.3010299956639812,0.2850719392299652
5491520892330604928,0,6,4,1.0,1.4393852499869408,0.0,0.15817704796791077
5491520892330604928,0,7,4,1.0,1.4601131952111275,0.0,0.16438652575016022
5892127477204807168,0,11,0,2.0,1.7023762149162065,0.3010299956639812,0.23105554282665253
5233432944572581760,0,11,2,2.0,1.2025829717969607,0.3010299956639812,0.08011505007743835
2204053147600222848,0,17,0,2.0,1.495900038059501,0.3010299956639812,0.17490257322788239
6071362063101149312,0,37,0,3.0,3.871121496401373,0.47712125471966244,0.5878368020057678
6071362063101149312,0,38,0,1.0,4.2653730468034965,0.0,0.6299570202827454
6075815841096386816,0,10,4,1.0,1.8571394481043904,0.0,0.26884451508522034
6076672429371485184,0,10,3,1.0,1.4907117740151623,0.0,0.17339368164539337
6076672429371485184,0,11,3,2.0,1.4372353115524545,0.3010299956639812,0.1575278788805008
6076672429371485184,0,37,3,4.0,1.3124415176035207,0.6020599913279624,0.11807996034622192
6072531874748921088,0,64,4,8.0,5.532326745653791,0.9030899869919435,0.7429078221321106
2799909177630458880,0,57,1,1.0,1.4544377050821455,0.0,0.16269512474536896
6059887422284508800,0,11,0,6.0,8.886282130623789,0.7781512503836436,0.9487200975418091
6059887422284508800,0,64,0,2.0,3.718143009506728,0.3010299956639812,0.5703260898590088
2204007002470375680,0,17,1,6.0,2.8358584627161614,0.7781512503836436,0.45268455147743225
6073242571576880128,0,64,1,5.0,4.664831892241588,0.6989700043360189,0.6688359975814819
6073455876824893312,0,11,3,8.0,9.413038800721996,0.9030899869919435,0.9737298488616943
6073455876824893312,0,37,3,5.0,3.7259981118519074,0.6989700043360189,0.57124263048172
6073455876824893312,0,38,3,4.0,9.594303752633882,0.6020599913279624,0.982013463973999
6073455876824893312,0,64,3,4.0,5.981659297500529,0.6020599913279624,0.7768216729164124
6074374346993398144,0,11,0,2.0,4.620379198426586,0.3010299956639812,0.664677619934082
6074374346993398144,0,64,0,7.0,2.578291466583266,0.8450980400142568,0.41133201122283936
6629609336546072320,0,66,1,1.0,1.2785310170173378,0.0,0.10671126842498779
6061045208061223680,0,11,1,1.0,1.7149474379102703,0.0,0.23425081372261047
6061045208061223680,0,64,1,1.0,2.2359380537953557,0.0,0.34945976734161377
6074661594397232896,0,64,1,2.0,4.567804901874644,0.3010299956639812,0.6597075462341309
6061410520794760064,0,11,0,6.0,4.9626703460999915,0.7781512503836436,0.6957154273986816
6061410520794760064,0,37,0,3.0,3.045462855759595,0.47712125471966244,0.48365330696105957
6061410520794760064,0,38,0,9.0,3.169775309025797,0.9542425094393249,0.5010284781455994
5895421476610128512,0,38,2,3.0,1.5479785262364842,0.47712125471966244,0.18976493179798126
5896104582551095680,0,11,3,6.0,5.309608373162644,0.7781512503836436,0.7250624895095825
5861423821187455360,0,11,0,7.0,7.790654874346338,0.8450980400142568,0.891573965549469
639148587423211264,0,21,1,2.0,1.246916964072781,0.3010299956639812,0.0958375334739685
639148587423211264,0,44,1,1.0,1.5530340910620934,0.0,0.1911809891462326
639148587423211264,0,45,1,3.0,1.4874938427548237,0.47712125471966244,0.17245517671108246
639148587423211264,0,48,1,1.0,1.3904092251495213,0.0,0.14314264059066772
6053654393972421504,0,11,2,1.0,1.8735146627910575,0.0,0.2726570963859558
6053654393972421504,0,64,2,5.0,6.356993147972196,0.6989700043360189,0.8032517433166504
435289613991362304,0,58,4,2.0,1.6897984606747207,0.3010299956639812,0.22783491015434265
435242919106224256,0,58,4,6.0,6.66795971908048,0.7781512503836436,0.8239929676055908
1384769474242031616,0,25,2,15.0,7.25921523251316,1.1760912590556813,0.8608896732330322
1384769474242031616,0,50,2,8.0,9.530516549216918,0.9030899869919435,0.9791164398193359
1384769474242031616,0,51,2,12.0,10.422299008918039,1.0791812460476249,1.0179635286331177
124425340004945280,0,43,1,1.0,1.2133772526166722,0.0,0.08399584889411926
228325069960280448,0,59,2,1.0,1.391361965930519,0.0,0.1434401273727417
227621726116173312,0,59,1,1.0,1.5321579502162783,0.0,0.18530353903770447
5784436016949501952,0,66,0,1.0,2.3161114053214464,0.0,0.3647594451904297
5783483629422753536,0,12,1,1.0,1.5857400651039455,0.0,0.20023199915885925
6074796250199371648,0,11,2,3.0,1.9204102215568903,0.47712125471966244,0.2833940088748932
6074796250199371648,0,37,2,2.0,2.685639056678671,0.3010299956639812,0.4290476441383362
6074796250199371648,0,38,2,2.0,3.389602291425999,0.3010299956639812,0.5301487445831299
6074796250199371648,0,64,2,3.0,3.6434396157457183,0.47712125471966244,0.5615115761756897
6082389271351101696,0,64,0,4.0,2.22224812732653,0.6020599913279624,0.3467925488948822
5899085049326425984,0,11,0,1.0,1.8087980530910008,0.0,0.2573900818824768
2968720157077395712,0,5,2,4.0,4.045709437015784,0.6020599913279624,0.6069946885108948
2968720157077395712,0,6,2,1.0,1.3890523487219106,0.0,0.1427186131477356
5785057339800256384,0,39,2,4.0,1.5828640245221228,0.6020599913279624,0.19944360852241516
2656650960084472320,0,42,4,1.0,1.6562570673132542,0.0,0.21912774443626404
2659702787750762624,0,42,0,1.0,1.4083744848479702,0.0,0.14871814846992493
5106733402188456320,0,31,0,4.0,8.818619323556764,0.6020599913279624,0.945400595664978
5141461678818746880,0,30,2,1.0,2.1683418802178585,0.0,0.33612775802612305
5141461683110761728,0,30,0,2.0,2.4211011697816427,0.3010299956639812,0.38401293754577637
5179037454333642240,0,31,0,6.0,1.5891624649065634,0.7781512503836436,0.20116829872131348
5780348135799374592,0,66,4,1.0,1.2017363250297288,0.0,0.07980918884277344
5779156054737495680,0,66,3,2.0,1.939340655203736,0.3010299956639812,0.2876541018486023
5782065813479856896,0,12,0,1.0,1.2540030975417007,0.0,0.09829860925674438
5806384364988144512,0,66,3,1.0,1.8475337616105976,0.0,0.2665923833847046
5781333366937123072,0,66,4,3.0,2.037968166920257,0.47712125471966244,0.30919739603996277
232476413551448320,0,59,1,2.0,3.3456684880840277,0.3010299956639812,0.5244829058647156
3417331587088694016,0,43,0,1.0,2.3161867427247635,0.0,0.36477357149124146
3417331587088694016,0,44,0,1.0,1.2133214664570753,0.0,0.0839758813381195
3417331587088693760,0,43,1,1.0,2.070872293651439,0.0,0.31615331768989563
3417331587088693760,0,44,1,1.0,1.1911382090338507,0.0,0.07596215605735779
3417331587088693760,0,45,1,1.0,1.3269378038076156,0.0,0.12285056710243225
3417333133276904704,0,45,3,1.0,1.269299948383229,0.0,0.10356426239013672
68620868583787904,0,44,3,2.0,1.7846627460850868,0.3010299956639812,0.2515561580657959
70938810893886208,0,42,2,1.0,1.2466430105146165,0.0,0.0957421064376831
71042439864623104,0,42,1,1.0,2.029823107047817,0.0,0.30745819211006165
71042439864623104,0,43,1,2.0,1.9383047541304066,0.3010299956639812,0.2874220609664917
71042439864623104,0,44,1,1.0,1.7669348882751814,0.0,0.24722054600715637
71161771235981312,0,42,3,1.0,1.377312670300551,0.0,0.1390325427055359
71161771235981312,0,43,3,1.0,1.4444773954555332,0.0,0.15971074998378754
71161771235981312,0,44,3,4.0,2.445545062607966,0.6020599913279624,0.3883756697177887
70948534699826816,0,44,3,2.0,1.2204784604027585,0.3010299956639812,0.08653011918067932
68653201097557888,0,42,4,1.0,1.7556045490187964,0.0,0.2444266974925995
68653201097557888,0,43,4,1.0,1.4811934533366544,0.0,0.17061178386211395
68653201097557888,0,44,4,1.0,1.9629423098354688,0.0,0.2929075360298157
68236795427794816,0,42,0,2.0,1.7735462669345612,0.3010299956639812,0.2488425225019455
68236795427794816,0,43,0,3.0,2.681873788295923,0.47712125471966244,0.42843833565711975
68236795427794816,0,44,0,5.0,2.882873033403679,0.6989700043360189,0.4598255157470703
68225834671270528,0,44,0,1.0,1.2210440858844827,0.0,0.08673134446144104
68175806892217216,0,43,1,3.0,1.553353522891514,0.47712125471966244,0.19127030670642853
68175806892217216,0,44,1,7.0,5.284260929829298,0.8450980400142568,0.722984254360199
68150861722174848,0,44,3,2.0,1.3817251376360038,0.3010299956639812,0.14042165875434875
66473728535654784,0,44,0,1.0,1.1393489280273739,0.0,0.05665674805641174
66593437863017984,0,43,3,1.0,1.2368002961744993,0.0,0.09229958057403564
66648001127514368,0,43,1,1.0,1.2015614273493924,0.0,0.07974597811698914
66694455493470464,0,43,3,1.0,1.7646312830774702,0.0,0.2466539740562439
66694455493470464,0,44,3,2.0,3.473451445628827,0.3010299956639812,0.5407612323760986
66897933865345920,0,42,3,1.0,1.699930104381694,0.0,0.23043106496334076
66897933865345920,0,44,3,2.0,1.3094043348358992,0.3010299956639812,0.11707377433776855
66898002584817280,0,42,2,8.0,3.2350896810886396,0.9030899869919435,0.5098863244056702
66898002584817280,0,43,2,3.0,2.28394108747861,0.47712125471966244,0.3586848974227905
66898002584817280,0,44,2,7.0,3.0123242228860523,0.8450980400142568,0.4789017140865326
67278158729741696,0,43,0,1.0,1.0662463852295834,0.0,0.027857571840286255
70433241705178240,0,43,2,2.0,1.3906556038447668,0.3010299956639812,0.14321959018707275
163647015711395584,0,43,3,1.0,1.369768374852962,0.0,0.13664713501930237
163647015711395584,0,44,3,1.0,1.3227492212073129,0.0,0.12147751450538635
148037764527442944,0,43,1,1.0,1.5333320813744196,0.0,0.1856362223625183
148037764527442944,0,44,1,1.0,1.7825159529193852,0.0,0.2510334253311157
440591459061462144,0,58,2,1.0,1.538530156818127,0.0,0.18710601329803467
440522052390302464,0,58,1,3.0,2.6530228042575543,0.47712125471966244,0.4237409830093384
437776125175852032,0,58,3,2.0,3.2151408446011955,0.3010299956639812,0.5072000026702881
249387589580453120,0,59,2,2.0,1.515325967050896,0.3010299956639812,0.18050606548786163
249497472023780608,0,59,2,3.0,1.3823242281827781,0.47712125471966244,0.14060992002487183
249840657090141056,0,59,0,3.0,3.3442338723441662,0.47712125471966244,0.5242966413497925
443627416818824704,0,59,2,2.0,3.378296234417808,0.3010299956639812,0.5286977291107178
443632055387911936,0,59,3,5.0,2.3309801293703236,0.6989700043360189,0.36753857135772705
444124808393596672,0,59,0,7.0,3.892424638679733,0.8450980400142568,0.5902202129364014
249859692385393408,0,59,4,1.0,1.4861770921812143,0.0,0.17207056283950806
443661295524894848,0,59,4,1.0,3.645303252503232,0.0,0.5617336630821228
248693041829110528,0,59,4,1.0,1.7915555294921282,0.0,0.2532302737236023
251179484294840960,0,59,4,3.0,2.007916461795824,0.47712125471966244,0.30274564027786255
251590010155184000,0,59,3,2.0,1.881115763684762,0.3010299956639812,0.274415522813797
251116983931933056,0,59,0,3.0,1.8202568346454986,0.47712125471966244,0.26013267040252686
250076021297305216,0,59,3,2.0,4.320309453241746,0.3010299956639812,0.6355148553848267
250091723698373888,0,59,2,5.0,4.493462231400965,0.6989700043360189,0.6525810956954956
172804852355164800,0,43,4,1.0,1.3677029446371864,0.0,0.13599178194999695
172804852355164800,0,44,4,3.0,1.8626033610890271,0.47712125471966244,0.27012038230895996
3417690504619315584,0,43,0,3.0,5.7734101219453775,0.47712125471966244,0.761432409286499
3417690504619315584,0,44,0,6.0,3.799359284550707,0.7781512503836436,0.5797103643417358
3417690504619315584,0,45,0,1.0,2.8327309664177496,0.0,0.4522053301334381
6077340588840515712,0,11,4,3.0,1.324779128154618,0.47712125471966244,0.12214347720146179
5886747291936159104,0,12,4,6.0,3.558948838908115,0.7781512503836436,0.5513217449188232
2177727437621217152,0,56,3,4.0,2.501480801423969,0.6020599913279624,0.3981971740722656
2177727437621217152,0,57,3,3.0,2.635461730715482,0.47712125471966244,0.4208567142486572
5894194318558985984,0,11,1,2.0,1.4342686839100267,0.3010299956639812,0.1566305160522461
5894194318558985984,0,38,1,1.0,1.585430564608409,0.0,0.20014722645282745
241707913177328640,0,58,2,2.0,1.6179321117973775,0.3010299956639812,0.20896029472351074
248334085642021888,0,59,2,3.0,7.114163737264978,0.47712125471966244,0.8521238565444946
244809807276984064,0,59,3,2.0,1.7264960344296736,0.3010299956639812,0.23716558516025543
244569632706176768,0,59,4,5.0,4.009285477005934,0.6989700043360189,0.6030669808387756
244961093205959424,0,59,0,1.0,1.5284922089279858,0.0,0.1842632293701172
231285741236679296,0,59,1,2.0,1.464728860621881,0.3010299956639812,0.16575723886489868
3401113206463326208,0,43,1,1.0,2.2890264998639034,0.0,0.3596508204936981
3401113206463326208,0,44,1,2.0,2.309291779565255,0.3010299956639812,0.36347880959510803
3401113206463326208,0,45,1,5.0,2.6553341106032975,0.6989700043360189,0.42411917448043823
6071307396762179200,0,10,4,7.0,3.563618523386689,0.8450980400142568,0.5518912076950073
6071307396762179200,0,11,4,3.0,2.5427635755061924,0.47712125471966244,0.40530598163604736
6071307396762179200,0,37,4,5.0,8.544734258889108,0.6989700043360189,0.9316985607147217
6071307396762179200,0,38,4,5.0,2.762160014997924,0.6989700043360189,0.4412488341331482
6071307396762179200,0,64,4,9.0,3.197728341378758,0.9542425094393249,0.5048415660858154
5430883998593799296,0,62,0,8.0,4.8359194434469845,0.9030899869919435,0.6844790577888489
6055197867775111808,0,11,1,4.0,2.892046714105575,0.6020599913279624,0.46120530366897583
6055144988135153664,0,11,1,1.0,1.3176486273897399,0.0,0.11979961395263672
6055144988135153664,0,64,1,1.0,1.5318736245782696,0.0,0.18522293865680695
6055144988135153664,0,65,1,2.0,1.758660130776383,0.3010299956639812,0.24518191814422607
5862876928853591040,0,11,2,3.0,3.889085092047201,0.47712125471966244,0.5898474454879761
5862876928853591040,0,64,2,6.0,5.721499016385341,0.7781512503836436,0.7575098276138306
6055539128696775680,0,11,3,3.0,1.879157893403803,0.47712125471966244,0.2739632725715637
6055539128696775680,0,64,3,1.0,1.7131903783173625,0.0,0.23380562663078308
6056392104882486272,0,11,4,3.0,6.502003076309684,0.47712125471966244,0.8130471706390381
6056392104882486272,0,37,4,12.0,11.385069540197975,1.0791812460476249,1.056335687637329
6056392104882486272,0,38,4,5.0,3.6665354912858112,0.6989700043360189,0.5642558932304382
6056392104882486272,0,64,4,6.0,3.7395557125400214,0.7781512503836436,0.5728200078010559
5861485526917386368,0,11,1,3.0,2.001053010420373,0.47712125471966244,0.3012585937976837
5861952372686654464,0,11,3,9.0,2.2299060669531032,0.9542425094393249,0.34828656911849976
5310420473889933952,0,9,3,4.0,1.9593345440227132,0.6020599913279624,0.29210859537124634
5310420473889933952,0,10,3,2.0,1.608637472352418,0.3010299956639812,0.206458181142807
5310420473889933952,0,62,3,1.0,3.1159362720066466,0.0,0.49358856678009033
5310420473889933952,0,63,3,3.0,2.6214847298217614,0.47712125471966244,0.4185473322868347
6055724499479516544,0,11,2,5.0,2.5425145897585515,0.6989700043360189,0.4052634537220001
6055724499479516544,0,64,2,8.0,2.7980237886561468,0.9030899869919435,0.4468514025211334
6055675914807779840,0,11,3,6.0,5.032933684089166,0.7781512503836436,0.7018212080001831
3404440083835128704,0,43,0,1.0,1.232475743499369,0.0,0.09077838063240051
5886639367992962432,0,38,3,1.0,1.647861656258905,0.0,0.21692074835300446
6087541548478148096,0,64,2,5.0,2.697456725367627,0.6989700043360189,0.4309544861316681
6083709613047577344,0,11,3,1.0,3.7075434863987344,0.0,0.5690862536430359
6083709613047577344,0,37,3,1.0,2.3319291898902335,0.0,0.36771535873413086
6087513373492116480,0,64,1,2.0,3.9991027836689312,0.3010299956639812,0.6019625663757324
6087571819407240960,0,64,3,1.0,1.3155023552715894,0.0,0.11909162998199463
6087579000592625664,0,64,4,2.0,1.7837696893921413,0.3010299956639812,0.25133877992630005
6087622225143342976,0,64,0,1.0,2.1623447505289177,0.0,0.33492493629455566
6084186040847060864,0,11,0,3.0,1.3478931014312352,0.47712125471966244,0.12965545058250427
6082510698667769472,0,64,3,3.0,1.794359788855093,0.47712125471966244,0.25390952825546265
6070093879497533824,0,11,3,3.0,4.4953892283162675,0.47712125471966244,0.6527673006057739
6070093879497533824,0,38,3,4.0,10.36800823516744,0.6020599913279624,1.015695333480835
6083457996661174784,0,11,1,3.0,2.226754218021991,0.47712125471966244,0.3476722836494446
6083457996661174784,0,37,1,4.0,4.495407737413725,0.6020599913279624,0.6527690887451172
6083457996661174784,0,38,1,1.0,1.9003428394601591,0.0,0.27883195877075195
6083457996661174784,0,64,1,3.0,4.805600619687077,0.47712125471966244,0.6817476749420166
6082613262484373504,0,11,0,4.0,4.129633814884377,0.6020599913279624,0.6159115433692932
6082613262484373504,0,38,0,3.0,1.9523172022236228,0.47712125471966244,0.2905503809452057
6082613262484373504,0,64,0,3.0,2.4135029954590377,0.47712125471966244,0.382647842168808
6082617591804976512,0,11,1,5.0,5.8817558202574425,0.6989700043360189,0.7695069909095764
6082617591804976512,0,38,1,3.0,3.7944858855068984,0.47712125471966244,0.5791529417037964
6082617591804976512,0,64,1,3.0,5.0072141590059545,0.47712125471966244,0.6995961666107178
6082600686820423424,0,11,3,4.0,2.1727325512600832,0.6020599913279624,0.33700627088546753
6082600686820423424,0,38,3,5.0,7.518102269342329,0.6989700043360189,0.8761082291603088
5862081981988722048,0,11,3,2.0,3.561280471928465,0.3010299956639812,0.5516061782836914
5862081981988722048,0,64,3,1.0,1.8070499906901658,0.0,0.2569701671600342
65018417518780672,0,43,2,1.0,1.5822947413941364,0.0,0.19928738474845886
65017906418989312,0,42,2,5.0,2.7841628757294408,0.6989700043360189,0.4446946382522583
65017906418989312,0,43,2,3.0,1.6799091605544132,0.47712125471966244,0.22528579831123352
65017906418989312,0,44,2,8.0,2.524025154088156,0.9030899869919435,0.40209367871284485
65011412428446592,0,42,1,3.0,1.6367870429432163,0.47712125471966244,0.213992178440094
65011412428446592,0,43,1,4.0,3.1946292171264044,0.6020599913279624,0.5044204592704773
65011412428446592,0,44,1,2.0,1.8731416041884432,0.3010299956639812,0.2725706100463867
65010239900405504,0,42,1,1.0,2.1740150240465055,0.0,0.3372625410556793
65010239900405504,0,43,1,1.0,1.3378566763026325,0.0,0.1264095902442932
65010175477867776,0,43,1,3.0,2.08031139236273,0.47712125471966244,0.3181283473968506
65005846150835200,0,42,3,2.0,1.6220033994209067,0.3010299956639812,0.2100517600774765
65005846150835200,0,43,3,1.0,2.676934200380487,0.0,0.4276376962661743
64990792288875264,0,43,4,1.0,1.3416065421268526,0.0,0.12762516736984253
64990349908937984,0,42,2,1.0,1.3434966622374078,0.0,0.1282365918159485
64990349908937984,0,44,2,4.0,1.8920857835854665,0.6020599913279624,0.27694082260131836
64967569402404480,0,42,2,2.0,1.2550333990513578,0.3010299956639812,0.09865528345108032
64963377514329984,0,42,1,1.0,1.3006801771870953,0.0,0.11417052149772644
64963377514329984,0,44,1,3.0,3.1286394465012424,0.47712125471966244,0.4953555166721344
64959662365552384,0,42,1,5.0,2.5145672401822425,0.6989700043360189,0.4004632532596588
64959662365552384,0,43,1,8.0,4.364350074118385,0.9030899869919435,0.6399195790290833
64959662365552384,0,44,1,8.0,3.1110431442788933,0.9030899869919435,0.49290603399276733
64912009705490304,0,42,4,2.0,1.6254166701104928,0.3010299956639812,0.21096470952033997
64912009705490304,0,43,4,3.0,1.6116869724161516,0.47712125471966244,0.207280695438385
64912009705490304,0,44,4,7.0,3.3440594650252633,0.8450980400142568,0.5242739915847778
64884899871954176,0,43,2,4.0,2.8938306178773425,0.6020599913279624,0.46147310733795166
64884624994048256,0,43,4,2.0,1.718600402756636,0.3010299956639812,0.23517490923404694
64884624994048256,0,44,4,1.0,1.8454087208925165,0.0,0.26609256863594055
64021714523841280,0,44,0,1.0,1.1267845964032994,0.0,0.051840901374816895
64021680164106112,0,42,0,2.0,1.9911437017484666,0.3010299956639812,0.2991026043891907
64021680164106112,0,43,0,4.0,2.3010861249411727,0.6020599913279624,0.3619328737258911
64006905476619776,0,42,0,1.0,1.1715818736824404,0.0,0.06877264380455017
64006905476619776,0,44,0,1.0,1.596229386870732,0.0,0.20309530198574066
63327682168301952,0,42,2,1.0,1.2060359419229574,0.0,0.08136025071144104
63327682168301952,0,44,2,2.0,1.5840367390184764,0.3010299956639812,0.19976525008678436
64027143362491008,0,42,0,2.0,2.1814395364729813,0.3010299956639812,0.3387431800365448
64027143362491008,0,43,0,1.0,1.333618527191305,0.0,0.12503162026405334
64027143362491008,0,44,0,1.0,1.3963184731160463,0.0,0.14498448371887207
64128294135554688,0,42,2,2.0,1.9533934331821554,0.3010299956639812,0.29078972339630127
64128294135554688,0,43,2,3.0,2.240928116161108,0.47712125471966244,0.35042792558670044
64128294135554688,0,44,2,5.0,2.3383838142808155,0.6989700043360189,0.3689157962799072
64129019988396160,0,42,4,1.0,1.5981849989252142,0.0,0.20362704992294312
64894623677888640,0,42,2,1.0,1.3476499523352496,0.0,0.12957710027694702
64894623677888640,0,44,2,1.0,2.5120693589474676,0.0,0.4000316262245178
64900739711320960,0,43,0,1.0,1.2852260605996835,0.0,0.10897952318191528
64895139073954944,0,42,2,7.0,4.953705634499725,0.8450980400142568,0.6949301958084106
64895139073954944,0,43,2,9.0,3.5654633515597274,0.9542425094393249,0.5521159768104553
64895139073954944,0,44,2,11.0,2.832744379273259,1.0413926851582251,0.45220738649368286
64913452814489216,0,42,0,1.0,1.4747251308683471,0.0,0.1687110811471939
64913452814489216,0,44,0,1.0,1.664265552784219,0.0,0.2212226241827011
64938569783224960,0,42,2,1.0,1.3307287477525074,0.0,0.12408953905105591
64938569783224960,0,43,2,1.0,2.023535228117265,0.0,0.30611076951026917
64938569783224960,0,44,2,1.0,1.4574964077629196,0.0,0.16360749304294586
64990586130069504,0,42,3,1.0,1.4953371991654003,0.0,0.17473913729190826
65012408860856832,0,43,0,1.0,1.28013996338476,0.0,0.10725745558738708
65012408860856832,0,44,0,2.0,1.3598698886088592,0.3010299956639812,0.13349735736846924
65013474012743936,0,42,0,3.0,2.112391224812383,0.47712125471966244,0.3247743546962738
65013474012743936,0,43,0,3.0,2.3570544608802484,0.47712125471966244,0.3723696172237396
65013474012743936,0,44,0,2.0,2.427454610460703,0.3010299956639812,0.38515111804008484
66517468482370304,0,42,2,1.0,1.2452792725240949,0.0,0.09526675939559937
66517468482370304,0,43,2,1.0,1.1845642691180713,0.0,0.07355862855911255
65014195567317504,0,42,3,1.0,1.646240714408657,0.0,0.21649333834648132
65014195567317504,0,43,3,1.0,2.6142886695740506,0.0,0.4173535406589508
65014195567317504,0,44,3,1.0,2.571704001668565,0.0,0.4102209806442261
65000863988835200,0,44,0,1.0,1.7119934741359286,0.0,0.2335021048784256
64998905483757568,0,42,4,4.0,2.0764109643891944,0.6020599913279624,0.3173133134841919
64998905483757568,0,44,4,3.0,2.7098079722885697,0.47712125471966244,0.43293851613998413
64988803720689408,0,44,2,1.0,1.2453902822586869,0.0,0.09530547261238098
64988322684358144,0,42,4,1.0,1.3068737864176858,0.0,0.11623364686965942
64988322684358144,0,43,4,1.0,1.2872817708579862,0.0,0.10967361927032471
64987876007763968,0,44,1,2.0,1.2114268442446805,0.3010299956639812,0.08329719305038452
64941211186036352,0,43,4,1.0,1.4227563945487982,0.0,0.15313054621219635
64934893291213952,0,42,2,7.0,3.104840274643486,0.8450980400142568,0.4920392632484436
64934893291213952,0,43,2,4.0,4.063829469435498,0.6020599913279624,0.6089354753494263
64934893291213952,0,44,2,4.0,2.7223655953835135,0.6020599913279624,0.4349464476108551
64933037865353600,0,42,1,3.0,2.6229878028653175,0.47712125471966244,0.41879627108573914
64933037865353600,0,43,1,4.0,3.606900412196361,0.6020599913279624,0.5571341514587402
64909153549943296,0,43,1,1.0,1.2718481571972853,0.0,0.1044352650642395
64889126119831040,0,42,4,1.0,1.4440848207014356,0.0,0.15959270298480988
64889126119831040,0,43,4,2.0,1.59575138393664,0.3010299956639812,0.20296522974967957
64889126119831040,0,44,4,4.0,1.4268726352600645,0.6020599913279624,0.15438520908355713
64016904160440960,0,42,0,1.0,1.4350795243167949,0.0,0.15687596797943115
64016904160440960,0,43,0,5.0,2.7611914152435477,0.6989700043360189,0.4410965144634247
64009448097245440,0,43,4,1.0,2.094613511533992,0.0,0.32110390067100525
63953819680971008,0,43,4,1.0,1.3941328361598913,0.0,0.14430415630340576
63953819680971008,0,44,4,1.0,1.4309104449151917,0.0,0.15561245381832123
50976077779666688,0,43,1,2.0,1.5335078629658685,0.3010299956639812,0.18568600714206696
51177941243505536,0,42,2,1.0,2.403275808542153,0.0,0.3808036148548126
51177941243505536,0,43,2,2.0,2.0853951367058228,0.3010299956639812,0.31918835639953613
51177941243505536,0,44,2,1.0,1.978511269801728,0.0,0.2963385283946991
63705433133130368,0,43,1,1.0,1.3313010679869646,0.0,0.12427628040313721
63957526236677632,0,43,1,1.0,1.1571559534740854,0.0,0.06339189410209656
64916751349465856,0,44,3,1.0,1.238926302359381,0.0,0.09304547309875488
64917094946846848,0,43,2,2.0,3.2167138843998013,0.3010299956639812,0.5074124336242676
64921458633614976,0,42,2,1.0,1.1632029627644973,0.0,0.06565549969673157
64921458633614976,0,43,2,2.0,1.578694394287969,0.3010299956639812,0.19829806685447693
64936508198907904,0,44,3,1.0,1.5458365287362572,0.0,0.18916356563568115
66500013736315264,0,42,0,8.0,2.6188204371322215,0.9030899869919435,0.41810572147369385
66500013736315264,0,43,0,6.0,2.5064013926186663,0.7781512503836436,0.39905062317848206
66503449709270400,0,42,4,8.0,2.3696261488649584,0.9030899869919435,0.374679833650589
66503449709270400,0,43,4,10.0,3.345658845412622,1.0,0.5244816541671753
66503449709270400,0,44,4,17.0,5.7223314374784815,1.2304489213782739,0.7575730085372925
66511970924353792,0,42,0,2.0,2.2840967251555817,0.3010299956639812,0.3587144911289215
66511970924353792,0,43,0,1.0,2.4742030002757573,0.0,0.3934353291988373
66511970924353792,0,44,0,1.0,1.1725566070337534,0.0,0.06913381814956665
66502281478384000,0,42,1,1.0,1.2257514630285673,0.0,0.08840242028236389
66502281478384000,0,43,1,1.0,1.4668364282069757,0.0,0.16638168692588806
66501181966524800,0,43,0,1.0,1.5131764016471814,0.0,0.17988955974578857
66452047540860160,0,43,3,2.0,1.5576210886027948,0.3010299956639812,0.19246181845664978
66451497784867712,0,42,4,2.0,1.3672966127034645,0.3010299956639812,0.13586273789405823
66451497784867712,0,43,4,4.0,2.49756955470755,0.6020599913279624,0.397517591714859
66451497784867712,0,44,4,7.0,3.5269890425793142,0.8450980400142568,0.5474041104316711
66451429065390080,0,42,2,1.0,1.196030237326853,0.0,0.07774215936660767
64944170420647296,0,42,3,7.0,4.148456526362046,0.8450980400142568,0.6178865432739258
64944170420647296,0,43,3,2.0,4.599712567666839,0.3010299956639812,0.6627306938171387
64915754917051520,0,42,2,1.0,2.080707292211312,0.0,0.31821098923683167
64059407158605568,0,42,2,1.0,1.1687304609769766,0.0,0.06771436333656311
64059407158605568,0,43,2,1.0,1.340357811915366,0.0,0.1272207498550415
64057895330132224,0,43,2,1.0,1.3838605539382292,0.0,0.14109233021736145
63717665199974016,0,43,1,1.0,1.493173055333633,0.0,0.17411014437675476
63717665199974016,0,44,1,1.0,1.337900744346928,0.0,0.1264238953590393
63690898963950592,0,42,4,3.0,2.1589982876132088,0.47712125471966244,0.3342522978782654
63690898963950592,0,43,4,3.0,2.043858063233985,0.47712125471966244,0.3104507327079773
63940208928422656,0,42,0,1.0,1.104969547302336,0.0,0.04335030913352966
63959351598814336,0,42,2,3.0,1.9925069859378424,0.47712125471966244,0.29939985275268555
63959351598814336,0,44,2,1.0,1.3459795238795824,0.0,0.12903845310211182
66453181412027392,0,43,3,1.0,2.1060662230997362,0.0,0.3234720230102539
66453181412027392,0,44,3,1.0,1.1497109240484955,0.0,0.06058865785598755
66509634462127360,0,43,1,2.0,3.3640476944885536,0.3010299956639812,0.5268621444702148
66429232674604544,0,42,1,1.0,1.412876477863396,0.0,0.15010419487953186
66429232674604544,0,43,1,2.0,2.7193158651642286,0.3010299956639812,0.4344596564769745
66429232674604544,0,44,1,3.0,1.7177968673482165,0.47712125471966244,0.2349718064069748
64174546641593984,0,42,1,1.0,1.756925860153031,0.0,0.24475343525409698
64174546641593984,0,44,1,1.0,1.6089190981601074,0.0,0.20653420686721802
64172038380708224,0,43,1,3.0,1.5159490189205016,0.47712125471966244,0.18068459630012512
64168705486089216,0,44,0,2.0,1.2455637814909353,0.3010299956639812,0.095365971326828
64117784354039040,0,43,0,1.0,1.4945499496848271,0.0,0.1745104342699051
64117062799542016,0,43,2,4.0,2.267771609319,0.6020599913279624,0.3555993139743805
64117062799542016,0,44,2,2.0,1.1681026552810534,0.3010299956639812,0.06748101115226746
64064011363520512,0,42,0,2.0,2.0140703916091263,0.3010299956639812,0.30407464504241943
64064011363520512,0,44,0,2.0,1.2366997267256052,0.3010299956639812,0.09226426482200623
64037588724758400,0,43,1,1.0,2.026000796307006,0.0,0.3066396117210388
64050645425295872,0,42,2,2.0,1.6317764287052583,0.3010299956639812,0.21266065537929535
64050645425295872,0,43,2,2.0,1.6346740919689968,0.3010299956639812,0.21343117952346802
64050645425295872,0,44,2,1.0,2.1524937036916847,0.0,0.3329418897628784
64066107307543296,0,42,2,1.0,1.634430745917728,0.0,0.2133665233850479
64066107307543296,0,43,2,4.0,2.118629669519118,0.6020599913279624,0.32605504989624023
64066107307543296,0,44,2,1.0,1.7444830301985024,0.0,0.2416667491197586
64092907903452800,0,44,1,1.0,1.1943684824745946,0.0,0.07713833451271057
64094037476647040,0,42,3,7.0,4.115216026094979,0.8450980400142568,0.6143926382064819
64094037476647040,0,43,3,2.0,2.061775664675991,0.3010299956639812,0.3142414093017578
64148738180119680,0,42,3,1.0,3.640365648657788,0.0,0.561145007610321
64148738180119680,0,43,3,11.0,4.082989336998165,1.0413926851582251,0.6109782457351685
64148738180119680,0,44,3,8.0,3.467939776713818,0.9030899869919435,0.5400715470314026
65677372878285312,0,44,3,1.0,1.4475405806667925,0.0,0.1606307476758957
66485582645439104,0,42,3,1.0,1.268967173790121,0.0,0.10345038771629333
66485582645439104,0,43,3,1.0,2.3462664577423182,0.0,0.3703773319721222
66485582645439104,0,44,3,1.0,1.4962708125153317,0.0,0.17501020431518555
51533495816916096,0,43,1,2.0,2.37118299457324,0.3010299956639812,0.3749650716781616
63730309584280960,0,43,4,1.0,1.664213361520634,0.0,0.22120900452136993
63730309584280960,0,44,4,1.0,1.1872651985741969,0.0,0.07454773783683777
63824901943723392,0,42,3,1.0,1.226679928220643,0.0,0.08873125910758972
63826070174824192,0,42,0,2.0,1.8436059205991457,0.3010299956639812,0.2656680941581726
63826070174824192,0,43,0,2.0,2.278420548262329,0.3010299956639812,0.35763388872146606
63826448131945984,0,42,4,2.0,1.8498805942442054,0.3010299956639812,0.26714369654655457
63826448131945984,0,43,4,2.0,2.6516207917134214,0.3010299956639812,0.42351141571998596
63839023796354560,0,43,4,2.0,1.4208093651687141,0.3010299956639812,0.1525358110666275
64104933811828480,0,43,3,2.0,2.7883313937786225,0.3010299956639812,0.44534438848495483
64104933811828480,0,44,3,1.0,1.2141769417407844,0.0,0.08428198099136353
65674383581036800,0,43,0,1.0,1.7187813237337168,0.0,0.23522062599658966
65674383581036800,0,44,0,1.0,2.129946931737635,0.0,0.32836878299713135
65680499614460800,0,42,1,1.0,1.370417952513823,0.0,0.13685303926467896
65680499614460800,0,43,1,2.0,3.55228777729379,0.3010299956639812,0.5505081415176392
65688333634791040,0,42,2,2.0,1.4292930003113258,0.3010299956639812,0.15512126684188843
65688333634791040,0,43,2,5.0,1.820809272080756,0.6989700043360189,0.26026445627212524
65688539793220480,0,44,4,1.0,1.1186772419033872,0.0,0.04870480298995972
66473178779856768,0,43,4,2.0,1.435616185163875,0.3010299956639812,0.1570383459329605
66473178779856768,0,44,4,1.0,1.2625216864739206,0.0,0.10123884677886963
65712488530853120,0,42,4,2.0,2.4752152999031143,0.3010299956639812,0.39361298084259033
65712488530853120,0,43,4,1.0,2.176404357852334,0.0,0.33773958683013916
65712488530853120,0,44,4,1.0,1.394239032481138,0.0,0.1443372368812561
64073597730589952,0,43,3,3.0,1.542202880262699,0.47712125471966244,0.18814150989055634
63838886357191936,0,43,1,1.0,1.8151569073437905,0.0,0.25891417264938354
63838886357191936,0,44,1,1.0,1.8267379528048846,0.0,0.26167625188827515
63677326867342464,0,42,2,3.0,1.501638343081879,0.47712125471966244,0.17656534910202026
63677326867342464,0,43,2,2.0,1.8182349102198485,0.3010299956639812,0.25964999198913574
63677326867342464,0,44,2,2.0,1.4348675156021145,0.3010299956639812,0.15681180357933044
50907014706346624,0,43,0,1.0,2.548555569012455,0.0,0.4062941074371338
50907014706346624,0,44,0,2.0,1.1733678804735999,0.3010299956639812,0.06943419575691223
63661521387693824,0,42,3,9.0,3.443205837917736,0.9542425094393249,0.5369629859924316
63661521387693824,0,43,3,10.0,3.9793053190884997,1.0,0.5998072624206543
63661521387693824,0,44,3,7.0,8.667129204957206,0.8450980400142568,0.9378752708435059
63773774653147904,0,42,3,3.0,1.8505056412655632,0.47712125471966244,0.2672904133796692
63773774653147904,0,43,3,6.0,2.9871426740678735,0.7781512503836436,0.47525596618652344
63773774653147904,0,44,3,3.0,1.8090212418713585,0.47712125471966244,0.2574436664581299
63884584809145600,0,42,2,1.0,1.3441132123680963,0.0,0.12843585014343262
63884584809145600,0,43,2,2.0,1.5052269764722586,0.3010299956639812,0.17760199308395386
63892006512622848,0,42,0,1.0,1.5410068872920446,0.0,0.18780457973480225
63892006512622848,0,43,0,2.0,2.628564949809968,0.3010299956639812,0.4197187125682831
65588484235454592,0,44,1,1.0,1.2449476695865753,0.0,0.09515109658241272
65603946117575936,0,42,4,2.0,1.5543968501399839,0.3010299956639812,0.19156190752983093
65603946117575936,0,43,4,1.0,1.9614732634052148,0.0,0.2925823926925659
65603946117575936,0,44,4,1.0,3.3304699675963274,0.0,0.522505521774292
65720734868130816,0,42,2,1.0,1.4086652260629315,0.0,0.14880779385566711
65720734868130816,0,43,2,3.0,1.7334530788548062,0.47712125471966244,0.23891209065914154
65720734868130816,0,44,2,2.0,2.437778166570638,0.3010299956639812,0.3869941830635071
65690498298435840,0,42,3,1.0,1.4884441106142616,0.0,0.17273253202438354
65690498298435840,0,44,3,1.0,2.425811211481587,0.0,0.3848569989204407
65589137070475264,0,42,0,3.0,1.6540751680957646,0.47712125471966244,0.2185552418231964
65589137070475264,0,43,0,2.0,1.362862135777766,0.3010299956639812,0.13445192575454712
65589137070475264,0,44,0,3.0,1.332321460320527,0.47712125471966244,0.12460902333259583
65641913628380288,0,42,1,4.0,10.339423551687688,0.6020599913279624,1.0144963264465332
65641913628380288,0,43,1,2.0,10.873982647705745,0.3010299956639812,1.036388635635376
65641913628380288,0,44,1,5.0,10.099170241821858,0.6989700043360189,1.0042856931686401
65699569269925888,0,42,4,1.0,1.198729424027843,0.0,0.07872116565704346
65699569269925888,0,43,4,1.0,1.2320096519230195,0.0,0.09061411023139954
65717814290369920,0,42,3,1.0,1.3305913215929699,0.0,0.12404468655586243
65717814290369920,0,43,3,1.0,2.601335984186997,0.0,0.4151964485645294
65717814290369920,0,44,3,1.0,1.1429100153591294,0.0,0.058012038469314575
65701527774387840,0,43,1,2.0,2.856355807525365,0.3010299956639812,0.4558123052120209
65701527774387840,0,44,1,4.0,1.9152092080564587,0.6020599913279624,0.28221622109413147
65626623544976768,0,42,2,1.0,1.3618674158646162,0.0,0.13413482904434204
65626623544976768,0,44,2,2.0,1.3786273321187712,0.3010299956639812,0.13944688439369202
51303388648134400,0,42,2,3.0,1.51803324767212,0.47712125471966244,0.18128128349781036
51303388648134400,0,43,2,3.0,1.4439452004236846,0.47712125471966244,0.1595507115125656
6012244273489826560,0,12,2,5.0,4.283725488258867,0.6989700043360189,0.6318216323852539
5869330679822111744,0,64,4,1.0,1.5481314991994963,0.0,0.18980784714221954
5868548755256438656,0,11,1,6.0,5.397587220317507,0.7781512503836436,0.7321996688842773
5868548755256438656,0,38,1,5.0,2.0058072092165182,0.6989700043360189,0.3022891879081726
5432940635090033408,0,62,0,2.0,1.3525828151701442,0.3010299956639812,0.13116386532783508
5257836605156299776,0,9,4,1.0,1.9380245200197852,0.0,0.2873592674732208
5257836605156299776,0,10,4,3.0,3.4109570674685417,0.47712125471966244,0.5328762531280518
5257836605156299776,0,36,4,3.0,3.0814705930956494,0.47712125471966244,0.48875802755355835
5257836605156299776,0,37,4,1.0,2.0826970687211577,0.0,0.3186261057853699
989426530738246016,0,60,3,1.0,2.3161617889252493,0.0,0.3647688925266266
989334210417772288,0,60,2,3.0,3.679239418236608,0.47712125471966244,0.5657580494880676
989314350488989056,0,47,1,2.0,1.3776406745895866,0.3010299956639812,0.1391359567642212
5432743478910701312,0,62,4,3.0,1.9824691217721684,0.47712125471966244,0.29720643162727356
417692273991883520,0,58,0,2.0,8.117214446269713,0.3010299956639812,0.9094070196151733
5490713545856521984,0,61,1,1.0,1.1673552609330107,0.0,0.06720304489135742
5493687415572195840,0,61,3,4.0,6.114591051267994,0.6020599913279624,0.7863674163818359
5493687415572195840,0,62,3,5.0,7.97803505614434,0.6989700043360189,0.9018959403038025
5493720881958287488,0,61,4,3.0,2.4732228517988593,0.47712125471966244,0.3932632505893707
5493720881958287488,0,62,4,1.0,1.9242028583539255,0.0,0.2842508554458618
5506503597984732288,0,61,0,3.0,1.4813814540411079,0.47712125471966244,0.17066690325737
5506503597984732288,0,62,0,3.0,3.4410818546215483,0.47712125471966244,0.5366950035095215
5431369604772879488,0,63,2,3.0,2.72667752590605,0.47712125471966244,0.4356337785720825
5357917177155467136,0,9,4,1.0,1.7142416570244843,0.0,0.23407204449176788
5357917177155467136,0,10,4,3.0,1.545012673742919,0.47712125471966244,0.18893204629421234
4889151973881979008,0,4,2,7.0,6.015184501964666,0.8450980400142568,0.7792489528656006
4889151973881979008,0,5,2,12.0,10.642848648797404,1.0791812460476249,1.0270578861236572
4889151973881979008,0,31,2,7.0,4.370282248773287,0.8450980400142568,0.6405094861984253
5330915817276900864,0,62,1,1.0,1.553305449371245,0.0,0.19125686585903168
5842802835803988352,0,11,0,10.0,9.551955423793606,1.0,0.9800922870635986
5842802835803988352,0,12,0,15.0,9.834222614296204,1.1760912590556813,0.9927400350570679
5842802835803988352,0,64,0,12.0,9.438881009938482,1.0791812460476249,0.9749205112457275
5854831974036429056,0,64,2,7.0,2.548927932672932,0.8450980400142568,0.4063575565814972
5856059166484152320,0,64,0,15.0,19.73215865391929,1.1760912590556813,1.2951745986938477
5784379254658527104,0,11,2,3.0,1.3559322823225528,0.47712125471966244,0.1322380006313324
5784379254658527104,0,12,2,3.0,1.525812816280102,0.47712125471966244,0.1835012584924698
5850443303440130816,0,38,3,5.0,3.783680151761669,0.6989700043360189,0.5779144167900085
5850443303440130816,0,65,3,4.0,2.891806786960535,0.6020599913279624,0.4611692726612091
5850443307764629376,0,11,3,3.0,1.9444381352944557,0.47712125471966244,0.2887941300868988
5850443307764629376,0,12,3,6.0,4.604038913375299,0.7781512503836436,0.6631389856338501
5850443307764629376,0,38,3,7.0,5.186303595811415,0.8450980400142568,0.7148579359054565
5850443307764629376,0,65,3,8.0,3.8833205274451097,0.9030899869919435,0.5892032384872437
5850361767779111168,0,38,4,4.0,1.797827119045054,0.6020599913279624,0.2547479271888733
3478519134297202560,0,36,2,1.0,1.2520629932416671,0.0,0.09762617945671082
5847401027808272384,0,11,3,1.0,1.3974562085512032,0.0,0.14533820748329163
5431592977432228992,0,62,3,4.0,4.192842277785247,0.6020599913279624,0.6225085258483887
5431592977432228992,0,63,3,6.0,1.918092765089459,0.7781512503836436,0.2828696072101593
6128156202336951424,0,10,0,3.0,1.4012828287855594,0.47712125471966244,0.1465258002281189
6128156202336951424,0,11,0,3.0,3.046285539371481,0.47712125471966244,0.48377060890197754
6128156202336951424,0,37,0,1.0,1.5980089314107635,0.0,0.20357920229434967
6128156202336951424,0,64,0,5.0,1.9209740725308437,0.6989700043360189,0.28352150321006775
5857973686781549568,0,11,4,1.0,1.184337254542017,0.0,0.07347539067268372
231889927176318720,0,59,3,5.0,4.731171160380137,0.6989700043360189,0.6749686598777771
442184853266451968,0,59,2,2.0,1.3533445968386177,0.3010299956639812,0.13140839338302612
249462940486302208,0,59,2,1.0,1.5456918968043,0.0,0.18912293016910553
249026709247699200,0,59,4,2.0,1.761130262804856,0.3010299956639812,0.2457914799451828
251533355242461312,0,59,0,5.0,3.675924863759266,0.6989700043360189,0.5653666257858276
448726573794583936,0,59,0,1.0,1.7722424342482155,0.0,0.24852313101291656
5431498178916093440,0,63,3,4.0,1.6103463660504937,0.6020599913279624,0.20691929757595062
6053807844583576064,0,38,1,1.0,1.7237551904039567,0.0,0.23647558689117432
6057951732118101504,0,11,4,5.0,1.539539598583693,0.6989700043360189,0.18739086389541626
6054576746800130560,0,37,4,4.0,2.385812684504918,0.6020599913279624,0.3776363432407379
6054576746800130560,0,38,4,4.0,1.9882391428483603,0.6020599913279624,0.29846861958503723
6053796677666775296,0,64,0,5.0,4.886327885643299,0.6989700043360189,0.6889826059341431
6053744657018593280,0,11,4,1.0,1.445887619305333,0.0,0.16013453900814056
6058353191286687872,0,38,0,4.0,1.506244284061362,0.6020599913279624,0.1778954118490219
6347020657630525312,0,66,2,7.0,9.480574488475574,0.8450980400142568,0.9768346548080444
6347020657630525312,0,67,2,3.0,4.119177122204397,0.47712125471966244,0.6148104667663574
5342849298035172864,0,10,2,2.0,1.275147494623832,0.3010299956639812,0.10556042194366455
5342849298035172864,0,37,2,1.0,1.262060080991477,0.0,0.1010800302028656
4792149175429007360,0,4,4,8.0,3.8168704353822775,0.9030899869919435,0.5817074179649353
4792149175429007360,0,5,4,8.0,5.721619160253653,0.9030899869919435,0.7575189471244812
4792149175429007360,0,6,4,10.0,6.346166374761921,1.0,0.80251145362854
4792149175429007360,0,7,4,12.0,10.203647467686203,1.0791812460476249,1.0087554454803467
4792149175429007360,0,8,4,9.0,5.400533407506987,0.9542425094393249,0.7324366569519043
4792149175429007360,0,11,4,5.0,5.329814667474744,0.6989700043360189,0.7267121076583862
4792149175429007360,0,27,4,9.0,6.6374857695119225,0.9542425094393249,0.8220036029815674
4792149175429007360,0,28,4,4.0,6.080626141546198,0.6020599913279624,0.7839483022689819
4792149175429007360,0,31,4,16.0,6.472571841060431,1.2041199826559248,0.8110768795013428
4792149175429007360,0,32,4,16.0,5.087418798439503,1.2041199826559248,0.7064974904060364
4792149175429007360,0,33,4,9.0,8.880734702378353,0.9542425094393249,0.948448896408081
4792149175429007360,0,34,4,13.0,6.943625538132501,1.1139433523068367,0.8415862917900085
4792149175429007360,0,37,4,10.0,5.590213790123261,1.0,0.7474284172058105
4792149175429007360,0,38,4,7.0,5.680730510941757,0.8450980400142568,0.7544041872024536
4792149175429007360,0,61,4,2.0,4.702497049609519,0.3010299956639812,0.672328531742096
4792149175429007360,0,64,4,11.0,11.553479247116732,1.0413926851582251,1.0627127885818481
4792149175429007360,0,65,4,11.0,7.510393368391353,1.0413926851582251,0.8756626844406128
4792149175429007360,0,66,4,10.0,8.01459552254051,1.0,0.9038816094398499
4792149175429007360,0,67,4,9.0,4.870536146373702,0.9542425094393249,0.6875767707824707
5215814919990121856,0,10,4,1.0,2.4899538569586923,0.0,0.3961912989616394
5215814919990121856,0,11,4,2.0,1.9806328648402807,0.3010299956639812,0.2968039810657501
5215814919990121856,0,12,4,2.0,4.104609372358999,0.3010299956639812,0.6132718324661255
5215814919990121856,0,37,4,6.0,3.3166484558003106,0.7781512503836436,0.5206994414329529
5215814919990121856,0,38,4,1.0,2.897207281299141,0.0,0.46197956800460815
5215814919990121856,0,39,4,5.0,3.576641731908137,0.6989700043360189,0.5534754395484924
5215814919990121856,0,64,4,5.0,7.540104950803683,0.6989700043360189,0.8773773908615112
5215814919990121856,0,65,4,6.0,2.916944193665076,0.7781512503836436,0.46492812037467957
5215814919990121856,0,66,4,1.0,4.514320559209793,0.0,0.6545923948287964
5217812354662194048,0,10,4,5.0,5.129808202138927,0.6989700043360189,0.7101011276245117
5217812354662194048,0,12,4,4.0,4.071085435266365,0.6020599913279624,0.6097102165222168
5217812354662194048,0,37,4,6.0,7.864370703271802,0.7781512503836436,0.8956639766693115
5217812354662194048,0,38,4,5.0,3.2087418725062564,0.6989700043360189,0.5063347816467285
5217812354662194048,0,39,4,6.0,5.246588519795736,0.7781512503836436,0.7198770046234131
5217812354662194048,0,63,4,6.0,7.216770357445886,0.7781512503836436,0.8583428859710693
5217812354662194048,0,64,4,4.0,6.394672678374036,0.6020599913279624,0.8058183193206787
5217812354662194048,0,65,4,13.0,7.788655677142488,1.1139433523068367,0.891462504863739
5215977785150811008,0,37,2,1.0,1.4888880797844415,0.0,0.17286205291748047
5215977785150811008,0,38,2,2.0,1.4301352779990113,0.3010299956639812,0.1553771197795868
5215977785150811008,0,39,2,4.0,1.7958548795730418,0.6020599913279624,0.2542712390422821
5215977785150811008,0,64,2,2.0,1.643436560987603,0.3010299956639812,0.21575294435024261
5215977785150811008,0,66,2,4.0,1.4386039124880565,0.6020599913279624,0.15794123709201813
5215977780854979328,0,37,1,1.0,1.576955241742611,0.0,0.19781936705112457
5215977780854979328,0,39,1,3.0,1.7888072078655013,0.47712125471966244,0.2525635361671448
5215977780854979328,0,65,1,1.0,1.6256414944585604,0.0,0.21102477610111237
5217868876431672960,0,10,3,7.0,7.149157119391088,0.8450980400142568,0.8542548418045044
5217868876431672960,0,11,3,3.0,6.344067664590439,0.47712125471966244,0.8023678064346313
5217868876431672960,0,12,3,6.0,8.437888232585031,0.7781512503836436,0.9262337684631348
5217868876431672960,0,37,3,13.0,6.560646317621935,1.1139433523068367,0.8169466257095337
5217868876431672960,0,38,3,13.0,8.300421857723647,1.1139433523068367,0.9191001653671265
5217868876431672960,0,39,3,9.0,7.712958217860894,0.9542425094393249,0.8872209787368774
5217868876431672960,0,63,3,10.0,9.854694480406435,1.0,0.9936431646347046
5217868876431672960,0,64,3,7.0,9.888472899441558,0.8450980400142568,0.9951292276382446
5217868876431672960,0,65,3,10.0,6.572901584420074,1.0,0.8177571296691895
5217433641625835648,0,10,3,3.0,1.4928284537615324,0.47712125471966244,0.17400990426540375
5274939091892309120,0,5,4,4.0,7.06068429326594,0.6020599913279624,0.8488467931747437
5274939091892309120,0,6,4,8.0,6.724119258439486,0.9030899869919435,0.8276354074478149
5274939091892309120,0,7,4,9.0,9.91673904365626,0.9542425094393249,0.9963688850402832
5274939091892309120,0,8,4,10.0,8.594954062188528,1.0,0.9342435598373413
5274939091892309120,0,9,4,1.0,6.686377644372068,0.0,0.8251909017562866
5274939091892309120,0,10,4,1.0,6.122516511421552,0.0,0.7869299650192261
5274939091892309120,0,11,4,7.0,8.271535686331106,0.8450980400142568,0.9175861477851868
5274939091892309120,0,12,4,7.0,9.441542212658574,0.8450980400142568,0.9750429391860962
5274939091892309120,0,13,4,5.0,7.631481063742327,0.6989700043360189,0.8826088309288025
5274939091892309120,0,27,4,8.0,7.922767391444477,0.9030899869919435,0.8988769054412842
5274939091892309120,0,28,4,12.0,8.417296528413834,1.0791812460476249,0.9251726269721985
5274939091892309120,0,29,4,10.0,8.43587114016536,1.0,0.926129937171936
5274939091892309120,0,31,4,7.0,8.56887472898743,0.8450980400142568,0.9329237937927246
5274939091892309120,0,32,4,12.0,8.560427920307381,1.0791812460476249,0.9324954748153687
5274939091892309120,0,33,4,15.0,11.858869063005946,1.1760912590556813,1.0740432739257812
5274939091892309120,0,34,4,11.0,10.362963664819615,1.0413926851582251,1.0154839754104614
5274939091892309120,0,35,4,3.0,6.705981151668229,0.47712125471966244,0.8264623284339905
5274939091892309120,0,36,4,6.0,7.651481827212957,0.7781512503836436,0.883745551109314
5274939091892309120,0,37,4,6.0,7.979387426047578,0.7781512503836436,0.9019695520401001
5274939091892309120,0,38,4,6.0,9.094277226796194,0.7781512503836436,0.9587681889533997
5274939091892309120,0,39,4,8.0,9.867723653920173,0.9030899869919435,0.9942169785499573
5274939091892309120,0,61,4,6.0,7.8380142200549106,0.7781512503836436,0.8942060470581055
5274939091892309120,0,62,4,6.0,5.730044153972807,0.7781512503836436,0.7581579685211182
5274939091892309120,0,63,4,11.0,8.089815175474179,1.0413926851582251,0.9079385995864868
5274939091892309120,0,64,4,9.0,9.24718523416765,0.9542425094393249,0.9660095572471619
5274939091892309120,0,65,4,2.0,6.682796936157937,0.3010299956639812,0.8249582648277283
5274939091892309120,0,66,4,7.0,5.983136371469613,0.8450980400142568,0.7769289016723633
2885799594315319808,0,32,0,3.0,1.4235378189884271,0.47712125471966244,0.1533690094947815
2885799594315319808,0,33,0,2.0,1.5288754681208783,0.3010299956639812,0.18437211215496063
5205351069689954560,0,10,1,1.0,1.5304084159271312,0.0,0.18480734527111053
5204300933005060480,0,37,4,4.0,1.4761826630730501,0.6020599913279624,0.16914010047912598
5204300933005060480,0,38,4,1.0,1.4401346955545296,0.0,0.15840311348438263
5204300933005060480,0,39,4,2.0,1.5193493420747781,0.3010299956639812,0.18165764212608337
5204956727269231744,0,11,2,1.0,1.5126451570493258,0.0,0.17973706126213074
5204956727269231744,0,64,2,2.0,1.59991309042458,0.3010299956639812,0.20409639179706573
5204523004293421696,0,11,3,4.0,7.593116946301828,0.6020599913279624,0.8804200887680054
5204523004293421696,0,12,3,3.0,6.58464020859245,0.47712125471966244,0.8185320496559143
5204523004293421696,0,37,3,3.0,4.279874000229258,0.47712125471966244,0.631430983543396
5204523004293421696,0,38,3,5.0,7.676127984612038,0.6989700043360189,0.8851422071456909
5204523004293421696,0,39,3,5.0,4.685782745560046,0.6989700043360189,0.6707821488380432
4805574899598831232,0,5,4,7.0,6.1734288855527915,0.8450980400142568,0.7905264496803284
4805574899598831232,0,6,4,2.0,6.830027764800592,0.3010299956639812,0.8344224691390991
4805574899598831232,0,32,4,5.0,5.36564882004747,0.6989700043360189,0.7296222448348999
4805574899598831232,0,33,4,9.0,12.774775682759461,0.9542425094393249,1.1063532829284668
5201194816953813504,0,64,1,1.0,1.2411572274431604,0.0,0.09382680058479309
5201218181575917952,0,66,0,1.0,1.1615962237842057,0.0,0.06505519151687622
5201553704423697792,0,64,3,4.0,6.605180009761072,0.6020599913279624,0.8198846578598022
5225597889120103424,0,64,4,3.0,2.3180200721019184,0.47712125471966244,0.3651171922683716
5225597889120103424,0,65,4,2.0,2.565250779287349,0.3010299956639812,0.4091298282146454
5225599096011296640,0,65,0,3.0,1.4958002634236505,0.47712125471966244,0.17487360537052155
5201206052588955264,0,66,3,3.0,6.222668487062865,0.47712125471966244,0.7939766645431519
5225732755394043520,0,65,3,1.0,1.4322901740323095,0.0,0.15603101253509521
5201361599124919936,0,64,1,1.0,2.5109851240819765,0.0,0.39984413981437683
5201347064956072448,0,64,3,1.0,2.1514540817280987,0.0,0.33273208141326904
5201214367644997376,0,64,4,1.0,1.469919591663515,0.0,0.16729357838630676
5201201139145691648,0,39,2,1.0,3.8643577002594376,0.0,0.5870773196220398
5201120634278654208,0,64,3,4.0,2.938462130553503,0.6020599913279624,0.46812009811401367
5201120634278654208,0,66,3,2.0,2.79754861153391,0.3010299956639812,0.4467776417732239
5201126441074447872,0,64,4,2.0,5.677547310353606,0.3010299956639812,0.7541607618331909
5201126441074447872,0,66,4,10.0,7.936479959838011,1.0,0.8996279239654541
5201129121134048768,0,38,3,1.0,2.2911085786446894,0.0,0.3600456714630127
5201129121134048768,0,39,3,1.0,2.4652301754771995,0.0,0.39185747504234314
5201129121134048768,0,66,3,1.0,1.877728743058744,0.0,0.27363285422325134
5201129292932746880,0,64,4,1.0,1.2678324253396176,0.0,0.10306185483932495
5201129705249611008,0,64,2,2.0,1.6384621448310503,0.3010299956639812,0.21443641185760498
5201129705249611008,0,66,2,3.0,1.625751882268339,0.47712125471966244,0.211054265499115
5201153619627528960,0,66,1,1.0,1.479305266498771,0.0,0.17005780339241028
5225392628342178688,0,64,4,1.0,1.4861335452182316,0.0,0.1720578372478485
5201351806599748992,0,64,0,1.0,1.4264919909624978,0.0,0.15426933765411377
5201351428642607744,0,64,4,1.0,2.041101960436782,0.0,0.30986469984054565
5201163480873128064,0,66,0,3.0,2.0493825636296936,0.47712125471966244,0.3116230368614197
5225374383321284224,0,64,3,1.0,1.6083338773330003,0.0,0.20637620985507965
5225374074083637376,0,64,2,4.0,1.6436838985360143,0.6020599913279624,0.21581830084323883
5201265666735512064,0,64,2,3.0,2.205456055837746,0.47712125471966244,0.3434984087944031
5201157193040414464,0,64,4,1.0,3.1591357161869067,0.0,0.49956828355789185
5201264464144664832,0,64,4,6.0,9.37973607605669,0.7781512503836436,0.9721906185150146
5201264464144664832,0,66,4,2.0,4.640950145026449,0.3010299956639812,0.6666069030761719
5201240309248796672,0,64,1,2.0,1.7138410378489477,0.3010299956639812,0.2339705377817154
5201272195086070144,0,64,0,4.0,2.470942717866617,0.6020599913279624,0.3928626775741577
5201272195086070144,0,65,0,7.0,2.4538413126663574,0.8450980400142568,0.38984647393226624
5201272195086070144,0,66,0,5.0,1.6373854821701304,0.6989700043360189,0.21415093541145325
5302978704290910592,0,10,2,1.0,1.8363188102756187,0.0,0.26394808292388916
5302978704290910592,0,35,2,2.0,1.5985200797574664,0.3010299956639812,0.20371809601783752
5302978704290910592,0,37,2,2.0,2.3545923455473123,0.3010299956639812,0.371915727853775
5302977089383194368,0,10,4,1.0,1.8202999292305648,0.0,0.2601429522037506
5302977089383194368,0,36,4,1.0,1.3834202768066584,0.0,0.1409541368484497
5224622660965933568,0,11,4,1.0,4.270598599672889,0.0,0.6304887533187866
5224622660965933568,0,12,4,3.0,4.973285054994342,0.47712125471966244,0.6966433525085449
5224626096939825024,0,64,1,5.0,2.31192910102612,0.6989700043360189,0.36397451162338257
5226891709370645376,0,11,4,2.0,1.4851573370960947,0.3010299956639812,0.17177246510982513
5226891709370645376,0,12,4,3.0,1.6077360714255036,0.47712125471966244,0.2062147557735443
5226891709370645376,0,37,4,1.0,1.688106090033233,0.0,0.22739973664283752
5226532233485499136,0,12,1,3.0,1.6509939542208982,0.47712125471966244,0.21774548292160034
5226532233485499136,0,38,1,3.0,2.3096193584382196,0.47712125471966244,0.3635404109954834
5226532233485499136,0,39,1,1.0,1.575993833315801,0.0,0.19755451381206512
5224238622169880576,0,64,2,2.0,1.4661178068628504,0.3010299956639812,0.16616886854171753
5224238622169880576,0,66,2,4.0,1.2472382217677924,0.6020599913279624,0.09594941139221191
5224191892926385408,0,12,0,4.0,1.4863643994619178,0.6020599913279624,0.17212529480457306
5224188216434490880,0,11,2,6.0,2.389318377704484,0.7781512503836436,0.37827402353286743
5224188216434490880,0,12,2,7.0,2.4341218613649303,0.8450980400142568,0.386342316865921
5841257781444541824,0,11,0,3.0,2.149984553194124,0.47712125471966244,0.33243533968925476
5841257781444541824,0,12,0,2.0,1.6235921760057546,0.3010299956639812,0.21047694981098175
5841257781444541824,0,38,0,5.0,2.063683184377691,0.6989700043360189,0.3146430253982544
5841257781444541824,0,39,0,4.0,1.975298707663311,0.6020599913279624,0.2956327795982361
5841257781444541824,0,64,0,2.0,1.8755020460197103,0.3010299956639812,0.2731175422668457
5224879500011370496,0,12,0,4.0,2.659199339961927,0.6020599913279624,0.4247508943080902
5224879500011370496,0,64,0,3.0,3.2105263601798377,0.47712125471966244,0.5065762400627136
2201852990466726144,0,17,3,2.0,2.098777692337236,0.3010299956639812,0.3219664394855499
5419520786436241536,0,62,3,3.0,1.6951074551112875,0.47712125471966244,0.22919723391532898
5419520786436241536,0,63,3,2.0,4.246676655547186,0.3010299956639812,0.6280491948127747
243108622271431424,0,58,2,1.0,2.260893546362614,0.0,0.35428011417388916
249111302925370368,0,58,3,2.0,1.5237370411504843,0.3010299956639812,0.1829100251197815
241630363247656448,0,58,4,10.0,7.755193663868438,1.0,0.8895926475524902
242889888176483968,0,58,4,1.0,1.316659711384869,0.0,0.11947354674339294
6065295988717973504,0,64,3,4.0,1.5364482038481115,0.6020599913279624,0.18651792407035828
6019182466737664128,0,12,4,5.0,1.564843023821057,0.6989700043360189,0.19447077810764313
5969200871522420992,0,12,4,3.0,4.084994829357907,0.47712125471966244,0.6111915111541748
434860941896323072,0,58,1,2.0,1.4588525670411623,0.3010299956639812,0.1640114039182663
435250169011098496,0,58,3,3.0,1.563249784677869,0.47712125471966244,0.19402837753295898
249216168846376448,0,58,4,1.0,2.4536941455839303,0.0,0.3898204267024994
441573048067694592,0,58,4,2.0,2.0537462792923242,0.3010299956639812,0.3125467896461487
462902955169368320,0,58,0,18.0,11.314046367758024,1.255272505103306,1.0536179542541504
462902955169368320,0,59,0,5.0,1.7475166170417995,0.6989700043360189,0.24242131412029266
463006584139846144,0,58,1,12.0,5.993694221992239,1.0791812460476249,0.777694582939148
463006584139846144,0,59,1,8.0,6.121015949275647,0.9030899869919435,0.7868235111236572
5251337013966892928,0,11,1,1.0,1.5501751368417203,0.0,0.1903807669878006
5251337013966892928,0,63,1,2.0,1.824751653542824,0.3010299956639812,0.2612037658691406
5251337013966892928,0,64,1,2.0,1.5349856770838533,0.3010299956639812,0.18610432744026184
5252222670597991040,0,10,3,2.0,3.998557258088112,0.3010299956639812,0.6019033193588257
5252222670597991040,0,11,3,3.0,2.6466684531507623,0.47712125471966244,0.42269954085350037
5252222670597991040,0,36,3,1.0,1.7650947070645568,0.0,0.2467680126428604
5253546997989686912,0,10,4,8.0,10.303086550292322,0.9030899869919435,1.0129673480987549
5253546997989686912,0,11,4,7.0,5.6751229152323255,0.8450980400142568,0.7539752721786499
5253546997989686912,0,36,4,7.0,4.992685583904097,0.8450980400142568,0.6983342170715332
6202965083703333504,0,11,2,7.0,4.4319734186361615,0.8450980400142568,0.646597146987915
6202965083703333504,0,38,2,13.0,8.501759302403034,1.1139433523068367,0.9295088052749634
5239758155778687360,0,63,0,5.0,9.108700948035873,0.6989700043360189,0.9594564437866211
5239758155778687360,0,64,0,4.0,2.2848794628665763,0.6020599913279624,0.35886329412460327
6000290249941664128,0,11,0,1.0,2.7526266086225557,0.0,0.43974730372428894
5258252942105518080,0,9,0,6.0,11.877424816535108,0.7781512503836436,1.0747222900390625
5258252942105518080,0,10,0,10.0,8.265234183550426,1.0,0.917255163192749
5258252942105518080,0,36,0,3.0,7.32451606537269,0.47712125471966244,0.8647789359092712
5258252942105518080,0,37,0,11.0,10.069129230014825,1.0413926851582251,1.0029919147491455
5258513835596515328,0,9,0,9.0,6.744337865574878,0.9542425094393249,0.8289393186569214
5258513835596515328,0,10,0,7.0,5.038376923701623,0.8450980400142568,0.7022906541824341
5258513835596515328,0,36,0,3.0,3.140090051214223,0.47712125471966244,0.49694210290908813
5258513835596515328,0,37,0,8.0,7.716116558206967,0.9030899869919435,0.8873987793922424
5258513835596515328,0,63,0,10.0,8.520037352599566,1.0,0.9304414987564087
5258513835596515328,0,64,0,7.0,5.528810106167304,0.8450980400142568,0.7426316738128662
5355142868813361792,0,10,2,2.0,2.0435587822340624,0.3010299956639812,0.31038713455200195
5355142868813361792,0,36,2,1.0,1.476896184232309,0.0,0.16934996843338013
5355142868813361792,0,37,2,2.0,1.8124436452265735,0.3010299956639812,0.2582645118236542
5960473802851757440,0,12,2,1.0,1.5416921252002869,0.0,0.18799765408039093
2972231722338351360,0,6,0,1.0,1.6562269486656835,0.0,0.2191198468208313
2972231722338351360,0,32,0,3.0,1.6619916698751975,0.47712125471966244,0.22062884271144867
5430950793922553344,0,62,1,9.0,4.790807449595474,0.9542425094393249,0.6804087162017822
119707889661936768,0,42,1,6.0,2.3231155241396797,0.7781512503836436,0.36607080698013306
119707889661936768,0,43,1,2.0,2.52620466228405,0.3010299956639812,0.4024685323238373
119707889661936768,0,58,1,5.0,1.6754889499067578,0.6989700043360189,0.22414156794548035
69649736589001600,0,42,3,1.0,1.8714602920783565,0.0,0.27218061685562134
2971453504327314816,0,32,1,2.0,1.4232176872969449,0.3010299956639812,0.15327133238315582
69585140280997760,0,42,4,1.0,1.4101621683494723,0.0,0.14926905930042267
69585140280997760,0,43,4,3.0,1.9595079976256808,0.47712125471966244,0.29214704036712646
69585140280997760,0,44,4,1.0,1.5893430654716376,0.0,0.2012176513671875
69583456653826048,0,42,0,3.0,1.3829268050713353,0.47712125471966244,0.14079919457435608
69583456653826048,0,43,0,6.0,4.260054492888996,0.7781512503836436,0.6294151544570923
69583456653826048,0,44,0,1.0,1.6032263509980833,0.0,0.20499484241008759
69643757994608512,0,18,1,1.0,2.009522471867929,0.0,0.3030928671360016
69754121474458112,0,42,0,1.0,1.159306856836791,0.0,0.06419840455055237
69754121474458112,0,43,0,1.0,1.1682535223564976,0.0,0.0675370991230011
69754155834196224,0,44,4,1.0,1.1603960701519116,0.0,0.06460624933242798
117857755189714048,0,44,0,1.0,1.718993759174997,0.0,0.2352742999792099
119443869432136192,0,44,1,1.0,1.157766594010709,0.0,0.06362101435661316
69763329884321152,0,42,1,2.0,1.4706899312076025,0.3010299956639812,0.16752111911773682
69763329884321664,0,42,1,3.0,3.097989393121736,0.47712125471966244,0.4910799264907837
69763329884321664,0,43,1,1.0,1.8386365087885104,0.0,0.2644958794116974
69763329884321664,0,44,1,1.0,2.2932296895509237,0.0,0.36044755578041077
5253461579649011456,0,11,2,2.0,1.4561563479544402,0.3010299956639812,0.1632080078125
5253452062000579200,0,10,0,2.0,1.9727758424413229,0.3010299956639812,0.29507774114608765
5241158353812624256,0,10,3,1.0,1.966674668376794,0.0,0.29373252391815186
69573251811510912,0,42,0,1.0,1.1792377162625274,0.0,0.07160136103630066
69794528526747136,0,43,4,1.0,1.1479558055687886,0.0,0.05992516875267029
69260990509512192,0,42,0,1.0,1.558789648638905,0.0,0.1927875131368637
69260990509512192,0,43,0,3.0,1.674773089558156,0.47712125471966244,0.22395597398281097
69260990509512192,0,44,0,4.0,1.41911043225111,0.6020599913279624,0.15201619267463684
5239626420542800512,0,10,4,4.0,1.6887556823900032,0.6020599913279624,0.22756682336330414
5239626420542800512,0,11,4,4.0,1.6466093734017946,0.6020599913279624,0.21659058332443237
5239626420542800512,0,37,4,12.0,4.914924112473239,1.0791812460476249,0.6915168166160583
5239626420542800512,0,38,4,5.0,4.544403671140698,0.6989700043360189,0.6574769020080566
5239414803234249216,0,37,0,3.0,2.8265454758834654,0.47712125471966244,0.4512559771537781
5239414803234249216,0,38,0,3.0,2.3777816782951007,0.47712125471966244,0.3761719763278961
2971873418987106048,0,6,0,12.0,4.796619444223396,1.0791812460476249,0.680935263633728
2971873418987106048,0,32,0,14.0,10.645597994726083,1.146128035678238,1.0271700620651245
69349535555140608,0,42,0,4.0,3.180460774267065,0.6020599913279624,0.5024900436401367
69349535555140608,0,43,0,3.0,1.7925877919242907,0.47712125471966244,0.2534804344177246
71309655549854080,0,42,0,7.0,5.226482554264404,0.8450980400142568,0.7182095050811768
71309655549854080,0,43,0,3.0,2.5869563826985025,0.47712125471966244,0.41278910636901855
71309655549854080,0,44,0,3.0,2.0824241101040486,0.47712125471966244,0.3185691833496094
71309655549854080,0,58,0,5.0,2.5168662133579787,0.6989700043360189,0.40086013078689575
71304810826584704,0,58,2,1.0,1.4676351640148462,0.0,0.16661810874938965
5239525196750143616,0,10,4,4.0,3.4262223980775213,0.6020599913279624,0.5348155498504639
5239525196750143616,0,11,4,3.0,3.423325589141072,0.47712125471966244,0.5344482064247131
5241109872219554816,0,10,2,2.0,1.386571193197907,0.3010299956639812,0.14194217324256897
5338114113795669760,0,10,2,1.0,1.5946229036950939,0.0,0.20265799760818481
68475767408245632,0,42,3,2.0,1.542274475674039,0.3010299956639812,0.1881616711616516
68475767408245632,0,44,3,2.0,2.0467403582558665,0.3010299956639812,0.311062753200531
69704643451409792,0,43,2,2.0,1.2636270548917723,0.3010299956639812,0.10161891579627991
69704643451409792,0,44,2,3.0,4.234807536391506,0.47712125471966244,0.6268336772918701
119400851039785600,0,42,4,1.0,1.5644955701785932,0.0,0.19437433779239655
119400851039785600,0,43,4,1.0,1.2188306616266833,0.0,0.08594337105751038
119400851039785600,0,44,4,3.0,1.7341044131212267,0.47712125471966244,0.23907524347305298
119400851039785600,0,58,4,1.0,1.3256884441861643,0.0,0.12244147062301636
69707907626540928,0,42,3,3.0,1.5071486635051898,0.47712125471966244,0.17815609276294708
68475904847290240,0,42,4,1.0,1.2141023728853795,0.0,0.08425530791282654
68475904847290240,0,44,4,1.0,1.2329794930630493,0.0,0.09095585346221924
68046133239891584,0,42,1,1.0,1.5477975808631554,0.0,0.18971416354179382
68046133239891584,0,43,1,3.0,1.8314330093878404,0.47712125471966244,0.2627910375595093
68046133239891584,0,44,1,5.0,1.947716383912878,0.6989700043360189,0.28952571749687195
68508855836353536,0,42,1,1.0,1.284914151765273,0.0,0.10887411236763
3008655553269260032,0,6,1,4.0,7.9673774308349685,0.6020599913279624,0.9013153910636902
3008655553269260032,0,32,1,8.0,8.155669624609187,0.9030899869919435,0.9114596247673035
68530124514310912,0,42,4,1.0,2.6855177933375733,0.0,0.4290280342102051
68530124514310912,0,44,4,1.0,1.5099644269632908,0.0,0.1789667159318924
69294010218010240,0,44,2,1.0,1.8938357892633966,0.0,0.2773423194885254
69294319455655808,0,43,4,4.0,2.3862472373594974,0.6020599913279624,0.37771543860435486
69294319455655808,0,44,4,4.0,1.6623132644792555,0.6020599913279624,0.22071287035942078
69409424578948608,0,43,2,1.0,1.2710790408686616,0.0,0.10417255759239197
69409424578948608,0,44,2,3.0,2.4002727061887907,0.47712125471966244,0.3802605867385864
69470206956077056,0,42,4,1.0,1.2382279907236564,0.0,0.09280061721801758
69470206956077056,0,44,4,1.0,1.1560766041103532,0.0,0.06298661231994629
119609655169509760,0,43,1,2.0,1.1746086943446588,0.3010299956639812,0.06989321112632751
71351883668034048,0,43,3,1.0,1.717228370563716,0.0,0.23482805490493774
68536549785807232,0,42,4,5.0,4.903764269369925,0.6989700043360189,0.6905295848846436
68536549785807232,0,43,4,7.0,1.913073015658831,0.8450980400142568,0.2817315459251404
68536549785807232,0,44,4,8.0,3.5343903419256884,0.9030899869919435,0.5483145117759705
68505110624876032,0,42,2,4.0,1.393703062868117,0.6020599913279624,0.14417025446891785
68505110624876032,0,43,2,5.0,4.274387769728712,0.6989700043360189,0.6308739185333252
68505110624876032,0,44,2,1.0,2.329503550502754,0.0,0.3672633767127991
68398732874994944,0,42,0,1.0,1.579334885104366,0.0,0.1984742283821106
68398732874994944,0,43,0,1.0,1.6448313524317404,0.0,0.2161213755607605
68506347575444096,0,42,0,4.0,1.5414649480623521,0.6020599913279624,0.18793365359306335
68506347575444096,0,43,0,1.0,1.2490991891904233,0.0,0.09659692645072937
68632310376680064,0,43,1,1.0,1.1584087970255899,0.0,0.06386184692382812
68632310376680064,0,44,1,1.0,2.184808189603388,0.0,0.3394133150577545
5241060531628414080,0,37,1,1.0,1.7607409176249746,0.0,0.24569545686244965
71216093982249984,0,42,1,1.0,1.3085914045527687,0.0,0.11680406332015991
71216093982249984,0,43,1,2.0,1.317647813608289,0.3010299956639812,0.11979934573173523
71216093982249984,0,44,1,3.0,1.5953973959228094,0.47712125471966244,0.20286887884140015
71452282823829632,0,42,1,1.0,1.3859287953218051,0.0,0.14174091815948486
71021927100882560,0,42,2,9.0,2.4849564182025103,0.9542425094393249,0.39531877636909485
71021927100882560,0,43,2,5.0,1.7673866070361157,0.6989700043360189,0.24733155965805054
71021927100882560,0,44,2,9.0,4.961082954688222,0.9542425094393249,0.6955764889717102
69502298951642496,0,44,4,1.0,1.1502521194925328,0.0,0.06079304218292236
68513356962056704,0,43,2,2.0,2.3268655016788875,0.3010299956639812,0.36677128076553345
68513356962056704,0,44,2,2.0,1.4024729213986462,0.3010299956639812,0.14689448475837708
68222119524026112,0,44,2,1.0,1.1966016119032035,0.0,0.07794958353042603
68433814167849728,0,43,3,5.0,2.042977735680636,0.6989700043360189,0.31026363372802734
68433814167849728,0,44,3,6.0,4.220886773719774,0.7781512503836436,0.6254037022590637
68448142178730752,0,43,0,1.0,1.169004459944178,0.0,0.06781616806983948
68610006610414976,0,42,1,3.0,2.834671241557039,0.47712125471966244,0.45250269770622253
68610006610414976,0,43,1,1.0,1.8395725618803729,0.0,0.2647169232368469
68610006610414976,0,44,1,10.0,6.649583400573679,1.0,0.8227944374084473
5240822208157707648,0,10,4,5.0,5.142468345173431,0.6989700043360189,0.7111716270446777
5240822208157707648,0,11,4,1.0,2.1775811062378523,0.0,0.33797433972358704
5240822208157707648,0,37,4,4.0,5.792727074789999,0.6020599913279624,0.7628830671310425
5240822208157707648,0,38,4,4.0,2.5961094742734616,0.6020599913279624,0.41432300209999084
71036358190950528,0,43,2,4.0,1.5753563730671845,0.6020599913279624,0.19737881422042847
71036358190950528,0,44,2,3.0,1.324579415035845,0.47712125471966244,0.12207800149917603
5240144982036017536,0,10,2,6.0,7.474782765770438,0.7781512503836436,0.873598575592041
5240144982036017536,0,11,2,5.0,8.222227166295601,0.6989700043360189,0.9149894714355469
5240144982036017536,0,37,2,13.0,5.98259361319309,1.1139433523068367,0.7768895030021667
5240144982036017536,0,38,2,6.0,5.782688302028597,0.7781512503836436,0.7621297836303711
5240144982036017536,0,64,2,9.0,10.083287428114605,0.9542425094393249,1.003602147102356
123540271799676928,0,58,4,3.0,1.6038151061751449,0.47712125471966244,0.20515429973602295
123560853282931712,0,58,0,1.0,2.463549875562081,0.0,0.391561359167099
138206721826797056,0,58,2,2.0,1.8234753691266927,0.3010299956639812,0.2608999013900757
125313573601126656,0,58,2,1.0,1.5146722486638369,0.0,0.1803186684846878
3415712448841620224,0,43,2,1.0,1.5282179493813781,0.0,0.18418529629707336
219108276300681472,0,59,0,1.0,2.2240119852878477,0.0,0.34713712334632874
170983958023614336,0,59,3,1.0,1.337707131199053,0.0,0.12636104226112366
169868125520651776,0,59,1,2.0,2.2640955820585513,0.3010299956639812,0.354894757270813
5240643988513310592,0,10,3,9.0,2.6128813067778975,0.9542425094393249,0.41711968183517456
5240643988513310592,0,11,3,6.0,2.4816255975994226,0.7781512503836436,0.39473626017570496
5240643988513310592,0,64,3,2.0,1.8026034759617555,0.3010299956639812,0.25590020418167114
5237089988983192064,0,38,4,1.0,1.3706573086397664,0.0,0.13692888617515564
5308164516542077440,0,9,1,1.0,1.2371905151495455,0.0,0.09243658185005188
5308164516542077440,0,10,1,1.0,1.419454527181455,0.0,0.15212148427963257
6346943657457140480,0,39,3,3.0,1.5585541766806508,0.47712125471966244,0.1927219033241272
271503235181875584,0,59,1,3.0,2.4545757645403454,0.47712125471966244,0.389976441860199
270380290211175680,0,59,4,2.0,2.8890023667145583,0.3010299956639812,0.4607478976249695
258175504984188544,0,59,1,3.0,1.2312417296663891,0.47712125471966244,0.09034332633018494
976696316393172736,0,60,4,1.0,1.1435861181830078,0.0,0.05826887488365173
983274453943206400,0,60,1,1.0,1.236298548753256,0.0,0.0921233594417572
986999844152694016,0,60,3,2.0,1.1729928815084079,0.3010299956639812,0.06929537653923035
2937373630331185792,0,6,3,7.0,5.576471250109251,0.8450980400142568,0.7463594675064087
6205244749264438528,0,38,0,1.0,1.5462266303845413,0.0,0.1892731487751007
6211292986632776320,0,11,4,5.0,2.886501531877291,0.6989700043360189,0.46037179231643677
2630280165829126656,0,42,1,1.0,1.2388525088675435,0.0,0.09301960468292236
2900262501549317376,0,6,2,1.0,1.358522025655728,0.0,0.13306668400764465
465192378897736576,0,58,4,1.0,1.9785991150444688,0.0,0.29635781049728394
989790812685221888,0,60,2,1.0,1.1336637194345087,0.0,0.05448424816131592
989937911021233920,0,60,2,1.0,1.3112850798300524,0.0,0.11769711971282959
987407002755987328,0,60,0,1.0,1.3072153355045177,0.0,0.11634713411331177
989712476778038272,0,60,4,4.0,5.214084994602871,0.6020599913279624,0.7171781063079834
987354745890145152,0,47,4,2.0,1.3419670220403928,0.3010299956639812,0.12774184346199036
5426190217812767360,0,62,3,7.0,6.370172272770689,0.8450980400142568,0.804151177406311
2893796578605149952,0,6,4,1.0,1.9339798093927052,0.0,0.28645193576812744
2893796578605149952,0,7,4,1.0,1.2894996848383924,0.0,0.11042124032974243
2893814896644875264,0,33,4,1.0,1.3604711729193002,0.0,0.13368934392929077
4691426694779173376,0,1,3,1.0,1.912061248634502,0.0,0.28150179982185364
4691426694779173376,0,2,3,3.0,1.3804378346702721,0.47712125471966244,0.1400168538093567
4691426694779173376,0,27,3,1.0,2.6776505331673772,0.0,0.42775389552116394
4691426694779173376,0,28,3,3.0,3.1306294401536325,0.47712125471966244,0.4956316649913788
4691426694779173376,0,29,3,2.0,1.4134652139990942,0.3010299956639812,0.15028512477874756
5583279333855503488,0,6,2,11.0,4.684111628906626,1.0413926851582251,0.670627236366272
5583279333855503488,0,7,2,12.0,6.29916216939343,1.0791812460476249,0.7992827892303467
5583279333855503488,0,33,2,13.0,19.459690690275785,1.1139433523068367,1.2891359329223633
5583279333855503488,0,34,2,19.0,15.69303572951433,1.2787536009528289,1.1957069635391235
5608173582779027584,0,6,0,8.0,10.338518249053216,0.9030899869919435,1.0144582986831665
5608173582779027584,0,7,0,12.0,14.676714210068711,1.0791812460476249,1.1666288375854492
5608173582779027584,0,34,0,11.0,7.786771342339366,1.0413926851582251,0.891357421875
985895487801943936,0,20,2,1.0,1.3195805132731735,0.0,0.12043589353561401
3105605708307826944,0,6,2,9.0,5.033845548511914,0.9542425094393249,0.7018998861312866
3105605708307826944,0,33,2,3.0,2.186289818073188,0.47712125471966244,0.33970773220062256
5609087483100434816,0,6,4,11.0,7.605119087868548,1.0413926851582251,0.8811060190200806
5609087483100434816,0,7,4,9.0,4.363030711375243,0.9542425094393249,0.6397882699966431
5609087483100434816,0,34,4,14.0,10.03132429576035,1.146128035678238,1.0013582706451416
3417324783860561536,0,43,1,1.0,1.9706848417136122,0.0,0.2946171760559082
3417324783860561536,0,44,1,5.0,1.8388211071335696,0.6989700043360189,0.2645394802093506
3417324783860561536,0,45,1,8.0,5.470650335652661,0.9030899869919435,0.738038957118988
3417570387270978176,0,43,4,1.0,2.287710089862117,0.0,0.35940098762512207
3417570387270978176,0,44,4,1.0,1.4351735744396839,0.0,0.1569044291973114
3417570387270978176,0,45,4,1.0,1.571339952561073,0.0,0.196270152926445
3417253246885485696,0,45,1,1.0,3.8911624935193747,0.0,0.5900793671607971
3417279085408497920,0,43,0,1.0,1.6564408029244726,0.0,0.21917591989040375
3417279085408497920,0,45,0,3.0,2.0105972621304713,0.47712125471966244,0.3033250868320465
6208136391829015936,0,11,1,3.0,1.9503984514873143,0.47712125471966244,0.2901233434677124
3417304335519678976,0,45,1,1.0,1.8763533416559133,0.0,0.27331462502479553
3417281009553784320,0,43,0,2.0,2.2909873642051237,0.3010299956639812,0.3600226938724518
3417275718154334848,0,43,3,4.0,4.130733496295487,0.6020599913279624,0.6160271763801575
3417275718154334848,0,44,3,4.0,4.424521143737664,0.6020599913279624,0.6458662748336792
3417275718154334848,0,45,3,4.0,4.521139700831958,0.6020599913279624,0.6552479267120361
3417263726605650688,0,43,2,1.0,1.4334822050989229,0.0,0.15639230608940125
3417741494472219008,0,43,3,12.0,6.715595683959056,1.0791812460476249,0.8270845413208008
3417741494472219008,0,44,3,7.0,4.084866443862419,0.8450980400142568,0.6111778616905212
3417741494472219008,0,45,3,8.0,2.941449596585897,0.9030899869919435,0.46856141090393066
3417741498767326976,0,43,2,7.0,5.674663394094771,0.8450980400142568,0.7539401054382324
3417741498767326976,0,44,2,7.0,4.631946738965872,0.8450980400142568,0.6657635569572449
3417741498767326976,0,45,2,4.0,3.5590953760555624,0.6020599913279624,0.5513396263122559
6013772083553731968,0,11,0,14.0,7.983274986154694,1.146128035678238,0.902181088924408
524946502242696192,0,52,4,1.0,1.7654102053345446,0.0,0.24684563279151917
524946502242696192,0,58,4,1.0,1.541102856195688,0.0,0.18783162534236908
6208566369594256768,0,11,2,4.0,1.9389884186709938,0.6020599913279624,0.28757521510124207
6209499099050323968,0,11,2,3.0,1.5838228854652712,0.47712125471966244,0.19970661401748657
6209499099050323968,0,38,2,3.0,2.1471195236062193,0.47712125471966244,0.33185622096061707
6209492506280547200,0,11,0,4.0,2.359691921274554,0.6020599913279624,0.3728553056716919
6209492506280547200,0,38,0,2.0,4.032975924505766,0.3010299956639812,0.6056256294250488
3245140743257978496,0,31,1,1.0,1.9632394844538048,0.0,0.29297327995300293
5425922486731177600,0,62,3,3.0,1.6460080147963172,0.47712125471966244,0.21643194556236267
5425922486731177600,0,63,3,2.0,1.799116563339565,0.3010299956639812,0.25505930185317993
4761723524024662528,0,2,0,2.0,1.226600214528714,0.3010299956639812,0.08870303630828857
4761723524024662528,0,3,0,1.0,1.148820218914645,0.0,0.06025207042694092
4761723524024662528,0,5,0,1.0,1.3077478385499628,0.0,0.11652401089668274
4761723524024662528,0,6,0,2.0,1.3353262114862443,0.3010299956639812,0.1255873739719391
4761723524024662528,0,11,0,1.0,1.1743925331074245,0.0,0.06981328129768372
4761723524024662528,0,13,0,2.0,1.2369877081544634,0.3010299956639812,0.09236538410186768
4761723524024662528,0,27,0,1.0,1.4191981768123727,0.0,0.15204304456710815
4761723524024662528,0,29,0,1.0,1.2108352622986573,0.0,0.0830850601196289
4761723524024662528,0,32,0,4.0,1.2872289468086975,0.6020599913279624,0.10965579748153687
4761723524024662528,0,33,0,1.0,1.355264367231673,0.0,0.13202401995658875
4761723524024662528,0,34,0,2.0,1.3814633719467961,0.3010299956639812,0.14033937454223633
4761723524024662528,0,36,0,1.0,1.277065265460984,0.0,0.10621309280395508
4761723524024662528,0,37,0,2.0,1.2562668610116818,0.3010299956639812,0.09908190369606018
4761723524024662528,0,38,0,1.0,1.2388262401254424,0.0,0.09301039576530457
4761723524024662528,0,39,0,2.0,1.2250831073431314,0.3010299956639812,0.08816555142402649
4761723524024662528,0,62,0,2.0,1.4181292509685361,0.3010299956639812,0.15171581506729126
4761723524024662528,0,63,0,2.0,1.4274375230800156,0.3010299956639812,0.15455710887908936
4761723524024662528,0,64,0,2.0,1.5810833346455322,0.3010299956639812,0.1989547610282898
4761495650239473664,0,27,3,9.0,9.035598733719333,0.9542425094393249,0.9559569358825684
4761495650239473664,0,28,3,8.0,9.105306250684269,0.9030899869919435,0.9592945575714111
4761495650239473664,0,29,3,8.0,8.311851232947866,0.9030899869919435,0.9196977615356445
4761495650239473664,0,30,3,17.0,6.2148641468945645,1.2304489213782739,0.7934316396713257
4761495650239473664,0,31,3,9.0,4.419209749075705,0.9542425094393249,0.645344614982605
4761495650239473664,0,32,3,7.0,7.732804243228263,0.8450980400142568,0.8883370161056519
4761495650239473664,0,33,3,21.0,10.641493228456502,1.3222192947339193,1.0270025730133057
4761495650239473664,0,34,3,13.0,2.9893538436818012,1.1139433523068367,0.47557732462882996
4761495650239473664,0,35,3,11.0,8.60135938421392,1.0413926851582251,0.9345670938491821
4761495650239473664,0,36,3,9.0,7.978655913298658,0.9542425094393249,0.9019297361373901
4761495650239473664,0,37,3,11.0,4.785765005940796,1.0413926851582251,0.6799513697624207
4761495650239473664,0,38,3,7.0,4.9597043588566905,0.8450980400142568,0.69545578956604
4761495650239473664,0,39,3,6.0,4.466003232211974,0.7781512503836436,0.6499190330505371
5155187986271622912,0,31,4,1.0,1.795674101692587,0.0,0.25422751903533936
3185678437170300800,0,32,0,2.0,1.7975335196089917,0.3010299956639812,0.2546769976615906
62104028807382784,0,42,1,3.0,1.566584836182688,0.47712125471966244,0.19495391845703125
62104028807382784,0,43,1,3.0,3.599468794875102,0.47712125471966244,0.5562384128570557
5426782167383257344,0,62,0,3.0,2.4984316196113117,0.47712125471966244,0.39766746759414673
149868833642016128,0,43,4,2.0,1.5958469840218419,0.3010299956639812,0.20299124717712402
149868833642016128,0,44,4,3.0,1.464366052963556,0.47712125471966244,0.1656496524810791
163246832135164544,0,43,0,4.0,1.980334824032356,0.6020599913279624,0.2967386245727539
163246832135164544,0,44,0,2.0,1.4548576037514658,0.3010299956639812,0.1628204882144928
163233981593016064,0,43,2,1.0,4.301643824827058,0.0,0.6336344480514526
163178353176600448,0,44,2,1.0,1.5558567852274472,0.0,0.1919696182012558
163181342473839744,0,19,0,3.0,2.9342153475936157,0.47712125471966244,0.4674919843673706
163181342473839744,0,43,0,1.0,3.93671324528258,0.0,0.5951337814331055
163181342473839744,0,44,0,1.0,2.599847994584636,0.0,0.4149479568004608
163184366130809984,0,43,4,4.0,4.467432826725494,0.6020599913279624,0.6500580310821533
163184366130809984,0,44,4,3.0,4.1467829634203,0.47712125471966244,0.6177113056182861
163184366130809472,0,19,2,7.0,4.068227391094165,0.8450980400142568,0.6094052195549011
163184366130809472,0,43,2,4.0,11.44980458848027,0.6020599913279624,1.05879807472229
163184366130809472,0,44,2,6.0,5.112472430667602,0.7781512503836436,0.7086309790611267
164738521519622656,0,19,0,1.0,2.414595840107752,0.0,0.3828444480895996
164738521519622656,0,43,0,5.0,2.6196519061699868,0.6989700043360189,0.4182435870170593
164738521519622656,0,44,0,3.0,3.12996825938561,0.47712125471966244,0.49553993344306946
163183644576299264,0,19,1,6.0,1.5292617093042615,0.7781512503836436,0.18448181450366974
163183644576299264,0,43,1,4.0,3.2674703448103295,0.6020599913279624,0.5142116546630859
163183644576299264,0,44,1,3.0,4.145207926661579,0.47712125471966244,0.6175463199615479
163178387536338944,0,43,2,1.0,1.2889612560156538,0.0,0.11023986339569092
163178387536338944,0,44,2,1.0,1.204795743442632,0.0,0.08091342449188232
163177116226018944,0,43,3,1.0,1.4689710699545937,0.0,0.1670132428407669
163177116226018944,0,44,3,2.0,1.5552821667532153,0.3010299956639812,0.19180919229984283
162758236656524416,0,43,3,1.0,2.3718380178481584,0.0,0.3750850260257721
162758236656524416,0,44,3,1.0,2.7019681929592076,0.0,0.43168023228645325
162757545164429696,0,43,4,2.0,2.748018110822842,0.3010299956639812,0.4390195906162262
162757545164429696,0,44,4,4.0,4.404248186756487,0.6020599913279624,0.6438717842102051
162933230804130432,0,44,0,2.0,2.234296897626806,0.3010299956639812,0.34914088249206543
163179521407696384,0,44,4,2.0,2.6236713354871646,0.3010299956639812,0.4189094305038452
164684340508950144,0,19,0,1.0,1.9555342558816835,0.0,0.29126542806625366
162967384383246336,0,44,1,2.0,2.952969836243852,0.3010299956639812,0.47025901079177856
3481965141177021568,0,10,4,2.0,4.532797819576408,0.3010299956639812,0.6563663482666016
3481965141177021568,0,36,4,3.0,2.566772865301905,0.47712125471966244,0.4093874394893646
3414676232147787136,0,44,2,1.0,1.4230645086319227,0.0,0.15322458744049072
3414676232147787136,0,45,2,1.0,1.3193086113524826,0.0,0.12034639716148376
3395636917001953792,0,43,2,10.0,5.47667596387675,1.0,0.7385170459747314
3395636917001953792,0,44,2,4.0,6.444727788376766,0.6020599913279624,0.8092045783996582
164676575208109568,0,19,1,4.0,1.4301887649128766,0.6020599913279624,0.15539336204528809
164676575208109568,0,44,1,3.0,1.7077166986653405,0.47712125471966244,0.2324158251285553
164698634160139264,0,19,0,1.0,3.175383951949962,0.0,0.5017962455749512
164698634160139264,0,43,0,1.0,3.9731392786175435,0.0,0.5991337895393372
164698634160139264,0,44,0,3.0,4.115447032450329,0.47712125471966244,0.6144170165061951
164506116546058112,0,43,3,3.0,1.8647727710724626,0.47712125471966244,0.27062591910362244
164513022853468160,0,19,1,3.0,1.6626883751962942,0.47712125471966244,0.22081086039543152
164513022853468160,0,43,1,1.0,1.4606000306951479,0.0,0.16453130543231964
164513022853468160,0,44,1,1.0,1.90675762253648,0.0,0.2802954912185669
164705368668853120,0,43,2,4.0,5.984718123416801,0.6020599913279624,0.7770437002182007
164518589131083136,0,19,2,5.0,4.970571947304222,0.6989700043360189,0.696406364440918
164518589131083136,0,43,2,5.0,2.593470615268524,0.6989700043360189,0.4138813316822052
164518589131083136,0,44,2,6.0,5.33010068741433,0.7781512503836436,0.7267354130744934
164513602672978304,0,44,1,1.0,1.299164337807906,0.0,0.11366409063339233
164507353496637952,0,19,4,5.0,5.790344885387231,0.6989700043360189,0.7627044320106506
164507353496637952,0,43,4,1.0,4.234572736011697,0.0,0.6268095970153809
164507353496637952,0,44,4,4.0,6.25072833087379,0.6020599913279624,0.7959306240081787
150393571269837184,0,43,4,2.0,6.432376909693886,0.3010299956639812,0.8083714842796326
150393571269837184,0,44,4,1.0,2.932247179808626,0.0,0.4672005772590637
164502062096975744,0,19,2,1.0,1.9349766178976788,0.0,0.28667572140693665
164502062096975744,0,44,2,1.0,1.3326527417889196,0.0,0.12471699714660645
164513538249595136,0,43,3,6.0,8.310612461991244,0.7781512503836436,0.9196330308914185
164513538249595136,0,44,3,4.0,6.333614943828458,0.6020599913279624,0.801651656627655
164832740220756608,0,19,1,23.0,5.557883071440743,1.3617278360175928,0.744909405708313
164832740220756608,0,43,1,18.0,4.250160517823915,1.255272505103306,0.6284053325653076
164832740220756608,0,44,1,22.0,3.482973946411877,1.3424226808222062,0.5419502258300781
164832740220756608,0,59,1,21.0,6.556284360278245,1.3222192947339193,0.8166577816009521
164598303725828608,0,43,2,2.0,4.022747417302687,0.3010299956639812,0.6045227646827698
164598303725828608,0,44,2,4.0,1.8139159628508539,0.6020599913279624,0.2586171627044678
164504467278644096,0,19,1,2.0,1.7841494348559135,0.3010299956639812,0.2514312267303467
164504467278644096,0,43,1,1.0,2.076518973306168,0.0,0.31733590364456177
164504467278644096,0,44,1,3.0,3.6176992498912726,0.47712125471966244,0.5584324598312378
164436297557793280,0,43,4,2.0,2.9010122803022615,0.3010299956639812,0.4625495672225952
164436297557793280,0,44,4,1.0,2.475669874082247,0.0,0.3936927318572998
164422961683000320,0,43,0,1.0,2.284834777049394,0.0,0.3588548004627228
164422961683000320,0,44,0,1.0,3.17653381323128,0.0,0.5019534826278687
150360590217078016,0,43,1,1.0,1.3469185498964265,0.0,0.12934133410453796
150360590217078016,0,44,1,1.0,1.8491183303869045,0.0,0.26696470379829407
164423034699251968,0,43,3,1.0,2.1450449414558816,0.0,0.3314363956451416
164445437248152832,0,19,3,6.0,1.3193750650563287,0.7781512503836436,0.12036827206611633
164445437248152832,0,43,3,4.0,4.171662582708239,0.6020599913279624,0.6203091740608215
164445437248152832,0,44,3,1.0,1.9669451426113946,0.0,0.2937922477722168
152362491654557696,0,43,1,2.0,2.3788225982432234,0.3010299956639812,0.37636205554008484
152362491654557696,0,44,1,2.0,3.0189755134758,0.3010299956639812,0.4798595905303955
152416436443721728,0,43,4,4.0,5.523499538905229,0.6020599913279624,0.7422143220901489
152416436443721728,0,44,4,4.0,2.3340935383741335,0.6020599913279624,0.3681182563304901
165259178932295552,0,43,1,3.0,1.848500474917541,0.47712125471966244,0.266819566488266
165259178932295552,0,44,1,1.0,1.3139755535760105,0.0,0.11858728528022766
152511475478780416,0,19,4,6.0,3.6821627614205905,0.7781512503836436,0.5661029815673828
152511475478780416,0,43,4,5.0,4.699407277518232,0.6989700043360189,0.6720430850982666
152511475478780416,0,44,4,3.0,2.177686457503927,0.47712125471966244,0.33799535036087036
164536250037820160,0,43,3,2.0,1.4683337218924644,0.3010299956639812,0.16682477295398712
164550882989640192,0,43,4,9.0,7.154628333714366,0.9542425094393249,0.8545870780944824
164550882989640192,0,44,4,5.0,7.74778925704647,0.6989700043360189,0.8891777992248535
149525098819498752,0,43,0,5.0,6.452755245477162,0.6989700043360189,0.809745192527771
149525098819498752,0,44,0,7.0,8.58419330140827,0.8450980400142568,0.9336994886398315
165267730210427648,0,59,0,1.0,1.9081350149070186,0.0,0.2806091010570526
149623711269425408,0,43,4,18.0,8.288093600261114,1.255272505103306,0.918454647064209
149623711269425408,0,44,4,6.0,5.348517937024024,0.7781512503836436,0.7282334566116333
6010508698689256064,0,12,3,4.0,3.9425657258192546,0.6020599913279624,0.5957789421081543
152029992465874560,0,44,1,2.0,1.6875180054324712,0.3010299956639812,0.227248415350914
152226491513195648,0,43,1,9.0,2.940688723219998,0.9542425094393249,0.46844905614852905
152226491513195648,0,44,1,3.0,3.403775006534059,0.47712125471966244,0.5319608449935913
152118881108855680,0,43,0,1.0,1.8726334281839856,0.0,0.27245277166366577
152916508075102592,0,19,4,1.0,2.3207304254375694,0.0,0.36562469601631165
152917298349085824,0,19,1,7.0,1.4772266161145764,0.8450980400142568,0.169447124004364
152917298349085824,0,43,1,2.0,1.872354080089156,0.3010299956639812,0.2723879814147949
3414671383128459136,0,43,3,1.0,2.2119971232280253,0.0,0.34478455781936646
3414671383128459136,0,44,3,1.0,1.8155201617926502,0.0,0.25900107622146606
6010706473346764416,0,12,4,4.0,2.4468455030504717,0.6020599913279624,0.38860654830932617
2035038900276000000,0,14,0,6.0,3.156899478629667,0.7781512503836436,0.4992607533931732
2035038900276000000,0,41,0,11.0,6.177520016731528,1.0413926851582251,0.7908141613006592
2035038900276000000,0,55,0,18.0,5.891939889562063,1.255272505103306,0.7702583074569702
5511623576958199424,0,33,3,4.0,4.637458446687787,0.6020599913279624,0.6662800312042236
5511623576958199424,0,35,3,2.0,2.9204470274327465,0.3010299956639812,0.46544933319091797
5510237706972009600,0,61,1,2.0,1.6148141136664524,0.3010299956639812,0.20812253654003143
5510237706972009600,0,62,1,2.0,1.6261576874239632,0.3010299956639812,0.21116265654563904
5510258155314499200,0,62,2,2.0,1.4124917160618649,0.3010299956639812,0.1499859094619751
2937742585201191040,0,6,4,1.0,1.6172357378498836,0.0,0.20877332985401154
5510379891868246528,0,62,3,1.0,1.617774017988786,0.0,0.20891785621643066
5511956351024205568,0,7,2,2.0,1.6142331180210863,0.3010299956639812,0.20796625316143036
5511894400416216192,0,61,1,2.0,1.4387022907592295,0.3010299956639812,0.15797093510627747
2320972018629984384,0,29,0,3.0,2.6434622487455965,0.47712125471966244,0.4221731126308441
2320989851334122752,0,29,3,1.0,2.342730526254304,0.0,0.3697223365306854
67680850564641792,0,42,3,1.0,1.3355314857808585,0.0,0.12565413117408752
67680850564641792,0,44,3,2.0,1.1943193072398985,0.3010299956639812,0.07712045311927795
64985127228608128,0,42,0,1.0,1.62478614547124,0.0,0.21079620718955994
64985127228608128,0,44,0,3.0,4.362883408291582,0.47712125471966244,0.6397736072540283
64984951133439232,0,42,1,1.0,1.341162405708434,0.0,0.1274813711643219
64984951133439232,0,44,1,1.0,1.5489128530974376,0.0,0.19002698361873627
64971933089093760,0,42,0,1.0,1.9696484174759457,0.0,0.29438871145248413
64971933089093760,0,44,0,1.0,2.2305268084126726,0.0,0.34840744733810425
64971177174850304,0,42,3,1.0,1.5723305131214482,0.0,0.1965438425540924
64964717544035200,0,44,1,4.0,1.7891817640782963,0.6020599913279624,0.25265446305274963
64950488315122560,0,43,0,1.0,1.0823260564808905,0.0,0.03435811400413513
63485427727244544,0,43,2,2.0,2.2857595595443083,0.3010299956639812,0.359030544757843
63485427727244544,0,44,2,3.0,2.3479942091849066,0.47712125471966244,0.370697021484375
63296380446670080,0,44,0,1.0,1.1366002988861883,0.0,0.055607765913009644
51020711079738496,0,42,0,2.0,1.3010400169771579,0.3010299956639812,0.11429065465927124
51020711079738496,0,43,0,2.0,1.2935050437266737,0.3010299956639812,0.11176812648773193
63094894941091328,0,42,3,1.0,1.186606835183576,0.0,0.07430684566497803
63102694601689728,0,43,4,1.0,1.5468662620412328,0.0,0.18945276737213135
63995562466405760,0,44,3,2.0,1.089666459153108,0.3010299956639812,0.037293583154678345
64024081049308800,0,42,0,1.0,1.26475187728279,0.0,0.10200533270835876
64024081049308800,0,43,0,1.0,2.3583283984975325,0.0,0.37260428071022034
64808483812941440,0,43,2,2.0,1.9284752366404656,0.3010299956639812,0.28521406650543213
64808483812941440,0,44,2,3.0,1.6279762389372758,0.47712125471966244,0.21164806187152863
64905618794174720,0,42,1,2.0,1.9906178552827958,0.3010299956639812,0.29898789525032043
64905618794174720,0,43,1,5.0,2.613271497371253,0.6989700043360189,0.4171845316886902
64905618794174720,0,44,1,5.0,1.8759649134344603,0.6989700043360189,0.27322471141815186
64951111087777536,0,42,0,5.0,3.175862501708919,0.6989700043360189,0.5018616914749146
64951111087777536,0,44,0,3.0,1.3998032370140865,0.47712125471966244,0.14606699347496033
64960663095015680,0,42,0,3.0,2.289312243404802,0.47712125471966244,0.35970503091812134
64960663095015680,0,43,0,2.0,4.214111573661857,0.3010299956639812,0.6247060298919678
64960663095015680,0,44,0,7.0,3.5783931129765056,0.8450980400142568,0.5536880493164062
64977705525131904,0,42,3,5.0,3.33281429053714,0.6989700043360189,0.5228111147880554
64977705525131904,0,43,3,1.0,1.862788959576417,0.0,0.2701636552810669
64977705525131904,0,44,3,2.0,1.841836352621374,0.3010299956639812,0.2652510404586792
64979732749686016,0,43,4,1.0,1.2951245685540798,0.0,0.11231154203414917
64979732749686016,0,44,4,1.0,1.4293571470465491,0.0,0.15514075756072998
64980278208557696,0,42,4,5.0,4.170957846908641,0.6989700043360189,0.620235800743103
64980278208557696,0,43,4,4.0,2.988802282294411,0.6020599913279624,0.47549718618392944
64980278208557696,0,44,4,9.0,4.61522412101565,0.9542425094393249,0.664192795753479
64980832261312640,0,43,3,3.0,3.4997852397108224,0.47712125471966244,0.5440413951873779
64980832261312640,0,44,3,1.0,1.299105498983288,0.0,0.11364442110061646
65003612767943040,0,43,2,1.0,1.259392767253209,0.0,0.10016119480133057
65003612767943040,0,44,2,1.0,1.2158576627591018,0.0,0.08488273620605469
65004437401569664,0,43,1,1.0,1.3087413769096812,0.0,0.11685383319854736
65004437401569664,0,44,1,1.0,1.985225337363348,0.0,0.29780980944633484
65005262035285888,0,42,0,2.0,1.596775796481399,0.3010299956639812,0.2032439410686493
65005262035285888,0,44,0,5.0,4.113261181116841,0.6989700043360189,0.6141862869262695
65199222758514048,0,42,1,2.0,1.5525365286244104,0.3010299956639812,0.19104182720184326
65199222758514048,0,43,1,1.0,1.3914476128474162,0.0,0.14346686005592346
65210389673469312,0,44,3,1.0,1.2366692604644163,0.0,0.09225356578826904
53864804065393536,0,43,1,1.0,1.3728921541555137,0.0,0.13763642311096191
6212203936312947584,0,11,0,2.0,1.5366444831481405,0.3010299956639812,0.18657340109348297
6226863415611316864,0,11,3,12.0,6.8108542590109495,1.0791812460476249,0.8332015872001648
5380716164932441600,0,10,4,2.0,1.4282280360933537,0.3010299956639812,0.15479755401611328
3417501869656406528,0,43,2,3.0,1.2565727643259732,0.47712125471966244,0.09918764233589172
3417501869656406528,0,44,2,2.0,1.2357222954014242,0.3010299956639812,0.0919208824634552
3417531079730520320,0,43,0,4.0,2.4844675750395093,0.6020599913279624,0.3952333331108093
3417531079730520320,0,44,0,2.0,2.7240164213184292,0.3010299956639812,0.435209721326828
3417531079730520320,0,45,0,5.0,3.566168561940024,0.6989700043360189,0.5522018671035767
3417585849153289600,0,43,3,7.0,6.181366981334856,0.8450980400142568,0.7910845279693604
3417585849153289600,0,44,3,2.0,1.7647614630735882,0.3010299956639812,0.24668601155281067
3417585849153289600,0,45,3,1.0,2.014939507297568,0.0,0.3042620122432709
2175448287444715008,0,56,3,1.0,1.5230544534555754,0.0,0.18271543085575104
65078929312363392,0,42,1,4.0,2.613680219935307,0.6020599913279624,0.41725245118141174
65078929312363392,0,43,1,2.0,1.6846757376956991,0.3010299956639812,0.22651632130146027
65078929312363392,0,44,1,6.0,3.0203584780138915,0.7781512503836436,0.480058491230011
68544177647936768,0,42,0,5.0,1.8044703168892116,0.6989700043360189,0.25634974241256714
68544177647936768,0,43,0,2.0,1.61451162416847,0.3010299956639812,0.20804117619991302
70146853284493312,0,43,2,2.0,1.933784861906686,0.3010299956639812,0.2864081561565399
2172653294535244544,0,56,4,2.0,1.8043509515576353,0.3010299956639812,0.2563210129737854
2172653294535244544,0,57,4,1.0,1.6231124392120826,0.0,0.21034860610961914
5164508305822021248,0,31,2,1.0,1.4368700946744268,0.0,0.15741750597953796
2332954427629986048,0,29,1,2.0,1.7981854246567277,0.3010299956639812,0.25483447313308716
2333161479413305984,0,29,3,1.0,1.0899365817684938,0.0,0.0374012291431427
2333385333109198208,0,29,2,1.0,1.1389253231525744,0.0,0.05649524927139282
2332965216587822464,0,29,0,1.0,1.4040242217901664,0.0,0.14737460017204285
247999421789789952,0,58,2,5.0,2.748499774990087,0.6989700043360189,0.43909570574760437
248238187611328768,0,59,3,2.0,1.3366193244314273,0.3010299956639812,0.12600773572921753
247893387636884480,0,59,3,2.0,4.348295750832769,0.3010299956639812,0.6383190751075745
247971315522875136,0,59,3,1.0,1.703291286902298,0.0,0.23128892481327057
151106780653458944,0,43,0,5.0,2.9331153618544916,0.6989700043360189,0.46732914447784424
151106780653458944,0,44,0,7.0,3.702201455726204,0.8450980400142568,0.5684600472450256
2393862836322877952,0,29,0,1.0,1.429499427716713,0.0,0.15518398582935333
6040402598781896704,0,65,4,2.0,3.1331654755739806,0.3010299956639812,0.4959833323955536
6043151824525797376,0,12,1,2.0,2.61200627957208,0.3010299956639812,0.4169742166996002
6072379626754219648,0,10,1,4.0,3.4247640516819944,0.6020599913279624,0.5346306562423706
6072379626754219648,0,11,1,4.0,2.2613517445450477,0.6020599913279624,0.3543681204319
6072379626754219648,0,64,1,6.0,5.0989000241932985,0.7781512503836436,0.7074764966964722
6042740469730660096,0,12,4,1.0,1.3737052484810588,0.0,0.13789355754852295
6041996993724872576,0,12,1,3.0,7.285127031695671,0.47712125471966244,0.8624371290206909
6075501415129209984,0,64,3,5.0,7.647763185426371,0.6989700043360189,0.8835344314575195
6072328705619124864,0,11,3,1.0,1.42046596530247,0.0,0.15243083238601685
6072024999891475200,0,10,0,2.0,1.3057619487541894,0.3010299956639812,0.11586400866508484
6072024999891475200,0,11,0,5.0,2.496244896403636,0.6989700043360189,0.39728718996047974
6072024999891475200,0,37,0,5.0,2.156626434886002,0.6989700043360189,0.3337749242782593
6072024999891475200,0,38,0,6.0,3.409233826137003,0.7781512503836436,0.5326567888259888
6071185037402269056,0,11,4,2.0,1.4461423897515184,0.3010299956639812,0.16021105647087097
6071185037402269056,0,37,4,1.0,1.9193837736332193,0.0,0.28316181898117065
6071185037402269056,0,38,4,3.0,2.264682792485984,0.47712125471966244,0.3550073802471161
3416299661066003584,0,43,0,4.0,6.072124849127833,0.6020599913279624,0.7833406925201416
3416299661066003584,0,44,0,4.0,2.8380382739467187,0.6020599913279624,0.4530182480812073
3416299661066003584,0,45,0,10.0,7.247766942444929,1.0,0.8602042198181152
3416299557986788608,0,43,1,10.0,8.637471846927069,1.0,0.9363866448402405
3416299557986788608,0,44,1,3.0,3.3022932485494807,0.47712125471966244,0.5188156366348267
3416299557986788608,0,45,1,12.0,8.130848428266662,1.0791812460476249,0.9101358652114868
6071087597518919040,0,10,1,5.0,2.4436905256531523,0.6989700043360189,0.3880462050437927
6071087597518919040,0,11,1,7.0,3.646581239591613,0.8450980400142568,0.5618858933448792
6071087597518919040,0,64,1,12.0,9.25901090717452,1.0791812460476249,0.9665645956993103
336409949186470400,0,58,4,1.0,1.4880011928219528,0.0,0.1726032793521881
6042061899270749440,0,12,2,1.0,1.4827339424012416,0.0,0.17106322944164276
65233788655261568,0,42,4,1.0,1.3178212508373688,0.0,0.11985650658607483
65233788655261568,0,44,4,2.0,1.242532992685499,0.3010299956639812,0.09430792927742004
65232757863112192,0,42,3,1.0,1.233657490045508,0.0,0.09119459986686707
65232757863112192,0,43,3,4.0,3.4041931317375047,0.6020599913279624,0.5320141911506653
65232757863112192,0,44,3,4.0,1.2021172959074347,0.6020599913279624,0.0799468457698822
65232105028172160,0,43,1,1.0,1.385081757258743,0.0,0.14147540926933289
65184894747573376,0,43,3,2.0,1.80877173898736,0.3010299956639812,0.2573837637901306
65184894747573376,0,44,3,1.0,4.315840406787737,0.0,0.6350653767585754
65086591535491584,0,43,2,1.0,1.5464771133090918,0.0,0.18934349715709686
65086591535491584,0,44,2,1.0,1.4264917951839509,0.0,0.154269278049469
65089473457126784,0,43,2,1.0,1.4999475894266703,0.0,0.17607608437538147
65089473457126784,0,44,2,1.0,3.0810265635925647,0.0,0.4886954426765442
65089336018173440,0,42,1,1.0,1.339647557862508,0.0,0.12699055671691895
65089336018173440,0,43,1,2.0,1.59043004670855,0.3010299956639812,0.2015145719051361
65084358152509440,0,43,0,3.0,1.772496689686737,0.47712125471966244,0.24858543276786804
65084358152509440,0,44,0,1.0,1.8465086319294952,0.0,0.2663513422012329
65062917675789184,0,42,2,1.0,2.2106987676661047,0.0,0.34452956914901733
65062917675789184,0,43,2,2.0,1.64994313646495,0.3010299956639812,0.2174689769744873
65062917675789184,0,44,2,1.0,1.3181666560368497,0.0,0.11997032165527344
65056526764528128,0,42,3,4.0,1.9958257367331145,0.6020599913279624,0.30012261867523193
65056526764528128,0,43,3,1.0,2.233186809927509,0.0,0.34892505407333374
63576446674056320,0,44,1,1.0,1.4112716221132973,0.0,0.14961060881614685
63547270960574336,0,42,0,12.0,2.8075500785017837,1.0791812460476249,0.44832751154899597
63547270960574336,0,43,0,8.0,7.041388012165655,0.9030899869919435,0.8476582765579224
63547270960574336,0,44,0,7.0,7.48041796749109,0.8450980400142568,0.8739258646965027
45022222315428608,0,42,4,5.0,2.193823543100836,0.6989700043360189,0.34120169281959534
45022222315428608,0,43,4,4.0,2.8116229888566404,0.6020599913279624,0.44895708560943604
45022222315428608,0,44,4,9.0,4.773891296230942,0.9542425094393249,0.6788725256919861
57036757670988288,0,42,3,1.0,2.2959406764003973,0.0,0.3609606623649597
57036757670988288,0,43,3,2.0,1.9929566068006308,0.3010299956639812,0.2994978427886963
57036757670988288,0,44,3,5.0,2.5192860537547306,0.6989700043360189,0.40127748250961304
63546038305742720,0,44,0,2.0,2.2694845415917304,0.3010299956639812,0.3559272289276123
64822017259193600,0,43,3,1.0,1.2301916198492016,0.0,0.08997276425361633
64870296982175488,0,42,2,5.0,2.5063460107642297,0.6989700043360189,0.3990410268306732
64870296982175488,0,43,2,2.0,1.8960251823555605,0.3010299956639812,0.277844101190567
64870296982175488,0,44,2,3.0,3.0430566954538882,0.47712125471966244,0.4833100438117981
65058760147520000,0,42,3,1.0,1.1593531584218684,0.0,0.064215749502182
65058760147520000,0,43,3,1.0,1.204388467865366,0.0,0.08076658844947815
65058760147520000,0,44,3,1.0,1.483829723134609,0.0,0.1713840663433075
65072435323295872,0,42,1,1.0,1.8750852284439201,0.0,0.27302101254463196
65072435323295872,0,44,1,3.0,1.3210625163503873,0.47712125471966244,0.12092337012290955
65179946945247488,0,43,3,2.0,2.136929110687498,0.3010299956639812,0.3297901153564453
65181527493208192,0,44,0,1.0,2.1554256593602283,0.0,0.33353304862976074
65181115176348544,0,42,0,2.0,2.8474774473368467,0.3010299956639812,0.4544602930545807
65181115176348544,0,43,0,1.0,1.6606777652261897,0.0,0.22028537094593048
65181115176348544,0,44,0,2.0,3.473867641039053,0.3010299956639812,0.5408132672309875
65241863193865856,0,44,2,1.0,1.1627214977591205,0.0,0.0654757022857666
65194584193758336,0,42,4,3.0,1.5669439903995803,0.47712125471966244,0.19505347311496735
65194584193758336,0,43,4,1.0,1.5201360413420348,0.0,0.18188245594501495
65170016980919808,0,42,4,1.0,1.288675942757476,0.0,0.11014372110366821
65170016980919808,0,44,4,3.0,3.767398145335956,0.47712125471966244,0.5760415196418762
65167577439502592,0,42,4,1.0,1.323898053660977,0.0,0.12185454368591309
65167577439502592,0,43,4,1.0,1.5240494012520371,0.0,0.18299904465675354
65167577439502592,0,44,4,3.0,1.3563887561709989,0.47712125471966244,0.13238418102264404
65163110673516928,0,43,2,1.0,1.4497885569813278,0.0,0.16130466759204865
65163110673516928,0,44,2,1.0,1.4673797286785843,0.0,0.16654251515865326
65161976802151680,0,43,1,1.0,1.8098868242895838,0.0,0.2576514184474945
64866654848374144,0,43,1,1.0,1.2938949513285796,0.0,0.11189901828765869
64866654848374144,0,44,1,1.0,1.163316155526616,0.0,0.06569775938987732
64864593265614464,0,42,0,8.0,4.01716017386288,0.9030899869919435,0.6039191484451294
64864593265614464,0,43,0,1.0,2.2797311434898777,0.0,0.35788363218307495
64864593265614464,0,44,0,4.0,2.788492699704366,0.6020599913279624,0.44536951184272766
64770241424108032,0,42,1,1.0,1.4151457837917945,0.0,0.1508011817932129
64743646986745600,0,44,0,1.0,1.2918925086235553,0.0,0.11122637987136841
63585036608738048,0,42,1,1.0,1.5194646073945595,0.0,0.18169058859348297
63585036608738048,0,43,1,1.0,1.3397108989977273,0.0,0.12701109051704407
63081799584947712,0,44,2,1.0,1.3836348433724117,0.0,0.1410214900970459
63988351216124288,0,42,1,1.0,1.798494187377226,0.0,0.25490903854370117
63988351216124288,0,43,1,3.0,1.606869027267485,0.47712125471966244,0.20598047971725464
64768763955442944,0,42,0,2.0,1.411817738858115,0.3010299956639812,0.14977863430976868
64768763955442944,0,43,0,3.0,2.4750632841915245,0.47712125471966244,0.39358630776405334
64768763955442944,0,44,0,2.0,2.3301497784187126,0.3010299956639812,0.36738383769989014
64797523056344064,0,42,4,1.0,2.116080126885643,0.0,0.32553210854530334
64797523056344064,0,43,4,2.0,1.719283201954411,0.3010299956639812,0.2353474199771881
64797523056344064,0,44,4,1.0,3.4189171631493545,0.0,0.533888578414917
64798038452412928,0,43,3,3.0,1.7580037353366653,0.47712125471966244,0.245019793510437
64798038452412928,0,44,3,1.0,1.8942831627820758,0.0,0.27744489908218384
64871740091177600,0,43,1,1.0,1.5794215354714911,0.0,0.19849805533885956
64874454510493440,0,43,0,1.0,1.4545778907433005,0.0,0.16273698210716248
64874454510493440,0,44,0,1.0,1.162691338014028,0.0,0.06546443700790405
64974338270788864,0,42,4,2.0,1.5132746353670055,0.3010299956639812,0.17991775274276733
64974338270788864,0,43,4,4.0,2.752434701245661,0.6020599913279624,0.43971702456474304
64974338270788864,0,44,4,5.0,1.808693047206934,0.6989700043360189,0.2573648691177368
65162492198224768,0,42,0,1.0,1.1383835199558172,0.0,0.05628859996795654
65163797868281088,0,42,3,2.0,1.5019761658703383,0.3010299956639812,0.17666304111480713
65163797868281088,0,43,3,1.0,2.3101356232212016,0.0,0.3636374771595001
65165653294149760,0,42,0,2.0,1.3191182318751464,0.3010299956639812,0.12028372287750244
65165653294149760,0,43,0,2.0,2.051122516522569,0.3010299956639812,0.3119916021823883
65165653294149760,0,44,0,5.0,5.41936434811711,0.6989700043360189,0.7339483499526978
65168844452782208,0,44,4,1.0,1.1593151305238576,0.0,0.06420150399208069
65169943964429952,0,42,1,2.0,1.5418477039913203,0.3010299956639812,0.18804147839546204
65169943964429952,0,43,1,2.0,1.2042786336724736,0.3010299956639812,0.0807269811630249
65190048708380160,0,42,4,2.0,2.197437196905184,0.3010299956639812,0.3419164717197418
65190048708380160,0,43,4,4.0,5.92333856858823,0.6020599913279624,0.772566556930542
65190048708380160,0,44,4,2.0,3.5163451490893425,0.3010299956639812,0.5460914969444275
65190220507070208,0,44,1,1.0,1.4461168362599257,0.0,0.16020338237285614
65214856439472640,0,44,2,1.0,2.626622091011762,0.0,0.41939759254455566
65202383854448384,0,42,2,1.0,1.2187540506511627,0.0,0.08591607213020325
65178568258674176,0,43,0,4.0,4.082011610319298,0.6020599913279624,0.6108742356300354
65178568258674176,0,44,0,4.0,5.727651581904478,0.6020599913279624,0.7579765915870667
64982344089813248,0,44,0,3.0,1.344541810314028,0.47712125471966244,0.12857431173324585
64981137202021376,0,42,4,2.0,3.0626852884004725,0.3010299956639812,0.4861023724079132
64981137202021376,0,43,4,3.0,3.8878523097859716,0.47712125471966244,0.5897097587585449
64981137202021376,0,44,4,5.0,3.4595630788733787,0.6989700043360189,0.5390212535858154
64971722633920768,0,43,4,1.0,1.2958596806257519,0.0,0.11255797743797302
64857721317916032,0,43,0,2.0,1.817388656593393,0.3010299956639812,0.2594478130340576
63989691247627776,0,44,2,1.0,1.9643237583581197,0.0,0.2932130694389343
63593798341985152,0,44,2,1.0,1.1613242799795196,0.0,0.0649535059928894
6072591282731852416,0,10,0,2.0,1.5313667107585056,0.3010299956639812,0.1850792020559311
6072591282731852416,0,11,0,2.0,1.1733072510068498,0.3010299956639812,0.0694117546081543
6072591282731852416,0,37,0,1.0,1.3011518009233565,0.0,0.11432796716690063
6072591282731852416,0,38,0,1.0,1.7592888228700299,0.0,0.24533714354038239
6042510190769087744,0,12,0,1.0,1.4350435308482385,0.0,0.15686507523059845
143044302406892416,0,58,3,1.0,1.5153220156154352,0.0,0.1805049329996109
6042164669240420864,0,12,3,2.0,1.4817288530678552,0.3010299956639812,0.17076873779296875
6041765409082144640,0,65,0,8.0,7.267082207398723,0.9030899869919435,0.8613600730895996
6038749066428207616,0,12,3,1.0,1.395772317538649,0.0,0.14481458067893982
4664791781512629376,0,27,0,8.0,1.7480282053610474,0.9030899869919435,0.24254843592643738
4664791781512629376,0,29,0,2.0,1.5606938760104072,0.3010299956639812,0.1933177262544632
4664791781512629376,0,30,0,5.0,1.407159202629409,0.6989700043360189,0.14834323525428772
4664791781512629376,0,31,0,3.0,1.1834047000798984,0.47712125471966244,0.07313328981399536
4664791781512629376,0,32,0,3.0,1.3763922179608055,0.47712125471966244,0.13874220848083496
4664791781512629376,0,33,0,4.0,1.519220480482835,0.6020599913279624,0.18162080645561218
4664791781512629376,0,34,0,2.0,1.299035698197348,0.3010299956639812,0.11362108588218689
4664791781512629376,0,36,0,5.0,1.3650590728951812,0.6989700043360189,0.1351514458656311
4664791781512629376,0,37,0,3.0,2.7897360059826988,0.47712125471966244,0.44556310772895813
3411640446183668608,0,43,3,1.0,1.384175869702421,0.0,0.1411912739276886
3411640446183668608,0,44,3,2.0,1.4863293126096333,0.3010299956639812,0.1721150428056717
3407348463889031424,0,43,1,3.0,2.179722605410174,0.47712125471966244,0.3384012281894684
5997706878653873024,0,12,0,8.0,7.493170556463396,0.9030899869919435,0.8746656179428101
3419134438264747648,0,44,0,3.0,3.922250830850311,0.47712125471966244,0.5935353636741638
3419288030590780416,0,43,2,1.0,4.472823051704483,0.0,0.6505817174911499
3419288030590780416,0,44,2,1.0,2.253028382800247,0.0,0.35276666283607483
3419115128091798400,0,43,1,1.0,2.313288973383673,0.0,0.36422988772392273
5998336623943748224,0,39,1,25.0,3.8048227085550557,1.3979400086720377,0.5803344249725342
2402197409339616768,0,2,1,1.0,1.5700950738397323,0.0,0.19592595100402832
2402197409339616768,0,42,1,1.0,1.3650622578015306,0.0,0.13515245914459229
3420824426291884672,0,43,1,3.0,3.387648062838544,0.47712125471966244,0.5298982858657837
3420824426291884672,0,44,1,1.0,2.796907298405246,0.0,0.4466780722141266
2314750947480284288,0,29,2,1.0,1.1196753417127676,0.0,0.049092113971710205
2314771219725893120,0,29,0,1.0,2.9711643554699805,0.0,0.47292667627334595
2314778538350155904,0,29,3,1.0,1.0849043484810739,0.0,0.03539144992828369
2320833338430890240,0,2,0,5.0,2.9601554594563,0.6989700043360189,0.47131451964378357
2320838943363481984,0,2,3,2.0,2.2601706727190125,0.3010299956639812,0.3541412353515625
2320838943363481984,0,29,3,1.0,1.4600447125454494,0.0,0.16436615586280823
2320847224060422912,0,29,4,1.0,1.326732484728023,0.0,0.122783362865448
2320841520343862400,0,29,0,3.0,2.580824202814437,0.47712125471966244,0.4117584228515625
2320835576109126400,0,2,4,4.0,2.489274242516375,0.6020599913279624,0.39607274532318115
2320834476597503232,0,2,0,1.0,1.3135936568686153,0.0,0.11846104264259338
2320834304798813568,0,2,0,1.0,1.244846181367422,0.0,0.09511569142341614
2320834304798813568,0,29,0,1.0,1.191818305977197,0.0,0.07621005177497864
2314754795770961152,0,29,1,1.0,1.1010983933891807,0.0,0.04182612895965576
2314565542331796992,0,29,3,1.0,1.1404641547260217,0.0,0.057081639766693115
2320767406387158016,0,29,3,1.0,1.051196849376433,0.0,0.02168405055999756
2320769193094622464,0,2,0,7.0,5.393894901871689,0.8450980400142568,0.7319024801254272
2320769193094622464,0,29,0,2.0,6.05236459678386,0.3010299956639812,0.7819250822067261
2320782486018143616,0,29,2,1.0,1.1070779927440166,0.0,0.04417821764945984
2320783074428967808,0,29,3,1.0,1.1882969314248768,0.0,0.07492497563362122
2320788812505222016,0,29,1,2.0,1.5001131614345413,0.3010299956639812,0.17612402141094208
2320793038753034112,0,29,0,1.0,1.2725594037654446,0.0,0.10467806458473206
2320795577078419456,0,2,2,1.0,2.336447797938865,0.0,0.36855608224868774
2320842551136015872,0,2,1,1.0,1.7590480501598627,0.0,0.24527770280838013
2320842551136015872,0,29,1,1.0,1.5194053314636125,0.0,0.18167364597320557
2320820109931857792,0,29,1,1.0,1.4513054467858952,0.0,0.16175882518291473
2320820114226919808,0,29,0,1.0,1.7680088340022218,0.0,0.24748443067073822
2320819392672414848,0,2,2,1.0,1.4563976866309771,0.0,0.16327998042106628
2320795237776344704,0,2,3,1.0,1.841929126098676,0.0,0.26527291536331177
2320795031617857152,0,2,4,4.0,1.9775545930907994,0.6020599913279624,0.2961284816265106
2320795031617857152,0,29,4,4.0,2.053924990066053,0.6020599913279624,0.3125845789909363
2320788297109149184,0,2,2,1.0,1.3904759205722268,0.0,0.14316347241401672
2320573342584677376,0,29,3,2.0,1.059045216889704,0.3010299956639812,0.02491450309753418
288097854939053824,0,60,1,1.0,1.1822771765270128,0.0,0.07271930575370789
2320551519855979776,0,29,1,1.0,1.1061345395945448,0.0,0.04380795359611511
2320572827189658240,0,29,2,1.0,2.1776888485137955,0.0,0.33799582719802856
2320771220319192448,0,2,2,2.0,2.9726239429941104,0.3010299956639812,0.4731399714946747
2320774278335949952,0,2,3,1.0,1.344052337820306,0.0,0.12841618061065674
2320774278335949952,0,29,3,1.0,1.2901972516443003,0.0,0.11065611243247986
2320777267633186688,0,29,1,2.0,2.504870758580782,0.3010299956639812,0.3987853229045868
2320817743404975360,0,29,3,2.0,1.1776531132748977,0.3010299956639812,0.07101738452911377
2320822863006024576,0,29,3,2.0,3.476034283229506,0.3010299956639812,0.5410840511322021
2320822863006024832,0,29,1,5.0,3.0040503481208587,0.6989700043360189,0.4777072072029114
2320803724631758336,0,29,4,3.0,1.2991768191132969,0.47712125471966244,0.11366826295852661
2320804235732643584,0,29,3,2.0,1.7653163797430242,0.3010299956639812,0.2468225508928299
2320797539878825472,0,29,1,2.0,1.2691565859500622,0.3010299956639812,0.10351520776748657
2320797539878825600,0,29,0,1.0,1.2267328771367776,0.0,0.08875000476837158
2320584853098129408,0,2,0,3.0,1.3982316531511596,0.47712125471966244,0.14557912945747375
2320583547428048768,0,29,4,1.0,1.162015422480234,0.0,0.06521189212799072
2320583096455767680,0,29,2,1.0,1.0919910137544417,0.0,0.038219064474105835
2320558082565935744,0,29,2,1.0,1.3511624334081977,0.0,0.13070756196975708
2314470125338387968,0,29,0,1.0,1.1617396336268995,0.0,0.06510880589485168
2320563958081386752,0,29,1,1.0,1.1116373707160832,0.0,0.045963138341903687
2320602926320492672,0,2,3,13.0,4.882886120222886,1.1139433523068367,0.6886765956878662
2320602926320492672,0,29,3,1.0,2.899718983370689,0.0,0.46235591173171997
2320812486365053696,0,29,4,1.0,1.3779943828550187,0.0,0.13924744725227356
2320808878592526336,0,2,0,1.0,1.500408220329785,0.0,0.1762094348669052
2320808638074358144,0,29,1,1.0,1.2002460170103457,0.0,0.07927027344703674
2320619659513134592,0,2,3,2.0,1.4241118920815556,0.3010299956639812,0.1535441130399704
2320617116892496256,0,2,0,1.0,1.2253978988305962,0.0,0.08827713131904602
2320617116892496256,0,29,0,1.0,1.1941236098698864,0.0,0.07704928517341614
2320606564157139200,0,29,1,1.0,1.0976772999249864,0.0,0.04047468304634094
2320605949977761536,0,29,2,1.0,1.1250989876408721,0.0,0.051190733909606934
2320591205353715712,0,29,3,1.0,1.4160076120339613,0.0,0.15106558799743652
2320506719053074432,0,29,3,1.0,1.740758326849105,0.0,0.24073848128318787
2320589319864133632,0,29,0,1.0,1.1456143116681987,0.0,0.0590384304523468
2320611649398413312,0,29,0,2.0,1.4861668427226482,0.3010299956639812,0.1720675677061081
2320613337321278336,0,29,3,1.0,1.105186884968778,0.0,0.0434357225894928
2320618456922292736,0,29,0,1.0,1.2438337172572198,0.0,0.09476232528686523
2320596123092361088,0,2,0,2.0,3.662978496791023,0.3010299956639812,0.5638343691825867
2320540803913561088,0,29,2,1.0,1.3065472994360225,0.0,0.11612513661384583
2320549840524781184,0,29,1,1.0,1.2268899695629665,0.0,0.08880561590194702
2320550046683235328,0,2,3,1.0,1.3459740743955715,0.0,0.12903669476509094
2320694632461933696,0,2,3,4.0,1.7689857698996436,0.6020599913279624,0.24772433936595917
2320704768584775552,0,2,3,5.0,1.7848747504571212,0.6989700043360189,0.251607745885849
2320704768584775552,0,29,3,6.0,5.452322101928127,0.7781512503836436,0.7365815043449402
2320701019077983744,0,29,1,1.0,1.2521603438723763,0.0,0.09765994548797607
2320646082151622400,0,29,1,1.0,1.147751558964687,0.0,0.059847891330718994
2320523967641801088,0,29,0,2.0,1.5214652346786364,0.3010299956639812,0.18226203322410583
2320652022091035648,0,29,0,1.0,1.521978270637376,0.0,0.18240845203399658
2319909478080738944,0,29,3,1.0,1.2319438788836172,0.0,0.09059092402458191
2319797465333629440,0,29,1,1.0,1.287762498640667,0.0,0.10983577370643616
1110233897668770944,0,60,0,1.0,1.3099306282114727,0.0,0.1172482967376709
5460728077057780864,0,9,2,8.0,5.276690530462485,0.9030899869919435,0.7223616242408752
5460728077057780864,0,62,2,6.0,7.399832105133864,0.7781512503836436,0.8692218661308289
5460728077057780864,0,63,2,5.0,4.417232957617173,0.6989700043360189,0.6451503038406372
4943150845347891840,0,3,0,1.0,4.282451657426782,0.0,0.6316924691200256
6128684517677422848,0,10,1,5.0,2.704701300846981,0.6989700043360189,0.43211930990219116
6128684517677422848,0,64,1,9.0,5.283754013371799,0.9542425094393249,0.722942590713501
6145303429765430784,0,10,2,6.0,9.85787067445542,0.7781512503836436,0.9937831163406372
6145303429765430784,0,37,2,1.0,2.8859695417486018,0.0,0.4602917432785034
6145303429765430784,0,64,2,6.0,7.185083868687398,0.7781512503836436,0.8564318418502808
6145304323118631680,0,10,0,3.0,4.469461527124119,0.47712125471966244,0.6502552032470703
6145304323118631680,0,64,0,1.0,2.6820267270470417,0.0,0.4284631013870239
6129199845030851840,0,10,0,2.0,1.4860708275958483,0.3010299956639812,0.17203950881958008
6129199845030851840,0,37,0,2.0,2.32760778971304,0.3010299956639812,0.36690980195999146
6132347265781770368,0,10,1,4.0,2.7745750428702896,0.6020599913279624,0.44319647550582886
6132347265781770368,0,37,1,10.0,6.442833456782403,1.0,0.8090769052505493
6132347265781770368,0,64,1,3.0,3.368573529209985,0.47712125471966244,0.5274460315704346
6129159919015101824,0,10,1,7.0,2.3182742768022933,0.8450980400142568,0.3651648163795471
6129159919015101824,0,11,1,7.0,2.8092812837991428,0.8450980400142568,0.44859522581100464
6129159919015101824,0,37,1,2.0,1.5778042500652105,0.3010299956639812,0.19805312156677246
6132261228997846400,0,10,2,1.0,1.5080434443401214,0.0,0.17841385304927826
6138425847095084288,0,10,1,4.0,2.8849329775111485,0.6020599913279624,0.46013572812080383
6138425847095084288,0,37,1,5.0,2.9902149259231994,0.6989700043360189,0.4757024049758911
133118598625441920,0,18,1,6.0,1.3390578660380095,0.7781512503836436,0.1267993450164795
133118598625441920,0,58,1,2.0,1.7721635075465483,0.3010299956639812,0.24850378930568695
5568735509437699456,0,34,2,1.0,1.577020388173273,0.0,0.19783730804920197
3417000045675832704,0,43,0,1.0,1.8599357023927612,0.0,0.26949793100357056
3417000045675832704,0,44,0,1.0,1.640447377696317,0.0,0.21496230363845825
3417000045675832704,0,45,0,2.0,1.5544035701387429,0.3010299956639812,0.19156378507614136
3416995170889924864,0,43,1,2.0,1.7089384645670096,0.3010299956639812,0.23272642493247986
3416995170889924864,0,44,1,3.0,1.4683146782702272,0.47712125471966244,0.16681914031505585
3416676170784043008,0,43,1,2.0,1.312059436495001,0.3010299956639812,0.11795350909233093
3416676170784043008,0,45,1,1.0,1.1154350419857666,0.0,0.047444283962249756
5427228225514558592,0,35,3,2.0,1.7392633927158705,0.3010299956639812,0.24036535620689392
5427228225514558592,0,36,3,3.0,1.704660079621167,0.47712125471966244,0.23163779079914093
5427229771702799872,0,36,2,1.0,1.9540675353358978,0.0,0.2909395694732666
5427272240335502848,0,9,0,2.0,1.4458249630723117,0.3010299956639812,0.16011571884155273
5427272240335502848,0,35,0,1.0,1.2892655654130722,0.0,0.11034238338470459
5427272240335502848,0,36,0,1.0,1.9653716767808083,0.0,0.2934446930885315
3416721525637589760,0,43,4,4.0,2.31772724629742,0.6020599913279624,0.36506232619285583
3416721525637589760,0,44,4,1.0,1.6296063149298898,0.0,0.21208269894123077
3416721525637589760,0,45,4,2.0,1.477584092840483,0.3010299956639812,0.16955220699310303
5427055086787524736,0,62,1,5.0,1.7978029384560732,0.6989700043360189,0.2547420859336853
4799008375640297344,0,4,1,3.0,1.4162307315104894,0.47712125471966244,0.15113401412963867
4799008375640297344,0,5,1,1.0,1.57063086674522,0.0,0.19607412815093994
4799008375640297344,0,6,1,3.0,2.3714461213126343,0.47712125471966244,0.3750132620334625
4799008375640297344,0,31,1,7.0,5.288151808458239,0.8450980400142568,0.7233039140701294
4799008375640297344,0,32,1,10.0,6.241463239876649,1.0,0.7952864170074463
4799008375640297344,0,33,1,10.0,6.329111194587354,1.0,0.8013427257537842
5423841729700324224,0,62,2,5.0,2.2426535522024653,0.6989700043360189,0.35076218843460083
5423841729700324224,0,63,2,6.0,2.8981506049833428,0.7781512503836436,0.4621209502220154
5327443422118531712,0,62,1,2.0,2.445827182838042,0.3010299956639812,0.3884257674217224
5327443422118531712,0,63,1,1.0,1.7385189721287289,0.0,0.24017943441867828
5427691493560560000,0,62,3,2.0,4.633172550883738,0.3010299956639812,0.6658784747123718
5423963981647184896,0,62,2,3.0,3.6846828308732626,0.47712125471966244,0.5664001107215881
5423963981647184896,0,63,2,5.0,2.656122855781848,0.6989700043360189,0.4242481589317322
5423916221609696768,0,63,3,2.0,1.5561473776651138,0.3010299956639812,0.1920507252216339
5424399079009601920,0,62,1,4.0,2.6712436110350626,0.6020599913279624,0.4267134964466095
4844618213903654784,0,4,4,1.0,1.7552451523230657,0.0,0.2443377822637558
4844618213903654784,0,5,4,4.0,6.851826696107408,0.6020599913279624,0.8358063697814941
6201313612939182976,0,11,1,3.0,4.22673764572946,0.47712125471966244,0.6260052919387817
5424403305257380736,0,62,3,2.0,1.3206224622639107,0.3010299956639812,0.12077867984771729
5424403305257380736,0,63,3,4.0,1.4665390145294634,0.6020599913279624,0.16629362106323242
5424328504107357440,0,8,3,2.0,1.613218151674347,0.3010299956639812,0.20769309997558594
5424328504107357440,0,9,3,2.0,1.2723105488324558,0.3010299956639812,0.10459312796592712
3428560757607125760,0,43,2,1.0,1.6972061026404113,0.0,0.22973458468914032
3428560757607125760,0,44,2,1.0,1.8215317413340602,0.0,0.2604367434978485
3428560757607125760,0,45,2,1.0,1.4961550479218575,0.0,0.17497660219669342
6207460471351260160,0,11,4,10.0,7.090268933856439,1.0,0.8506627082824707
5263453249831454208,0,32,2,1.0,1.6295525827168418,0.0,0.2120683789253235
5263453249831454208,0,61,2,1.0,1.3443858903841739,0.0,0.12852394580841064
4841023012742841216,0,4,4,1.0,1.154532234953182,0.0,0.062406063079833984
4841023012742841216,0,5,4,1.0,2.211796159068535,0.0,0.34474509954452515
4841047206294554240,0,4,0,7.0,4.070073133016829,0.8450980400142568,0.6096022129058838
4841047206294554240,0,5,0,9.0,5.1564688086549335,0.9542425094393249,0.7123523950576782
4841047206294554240,0,31,0,9.0,5.501856661329259,0.9542425094393249,0.7405092716217041
4841047206294554240,0,32,0,13.0,6.674940417575834,1.1139433523068367,0.8244473934173584
5424477694093494400,0,62,3,8.0,6.7600751628735205,0.9030899869919435,0.8299515247344971
5424477694093494400,0,63,3,8.0,5.354127597202989,0.9030899869919435,0.7286887168884277
3443008855794991872,0,43,4,1.0,1.5710217811258893,0.0,0.19618220627307892
3443008855794991872,0,44,4,3.0,1.573504979529299,0.47712125471966244,0.19686812162399292
3443008855794991872,0,45,4,4.0,2.501014966147543,0.6020599913279624,0.3981162905693054
6207170234643124480,0,11,4,2.0,1.5270566938519414,0.3010299956639812,0.18385516107082367
6207170234643124480,0,38,4,2.0,2.154314990259216,0.3010299956639812,0.33330920338630676
5422658380306752256,0,62,4,1.0,1.9966773882552447,0.0,0.30030789971351624
5422658380306752256,0,63,4,3.0,2.302348297930893,0.47712125471966244,0.3621710240840912
5422882886838455808,0,35,1,1.0,1.2742816774715207,0.0,0.10526543855667114
5422778742469774848,0,62,3,3.0,2.380109934361643,0.47712125471966244,0.37659701704978943
5422778742469774848,0,63,3,2.0,1.847005282343392,0.3010299956639812,0.2664681375026703
5555979044252237056,0,33,4,1.0,1.3178473859546231,0.0,0.11986511945724487
5555979044252237056,0,34,4,6.0,2.822145914119459,0.7781512503836436,0.4505794644355774
5555979044252237184,0,33,3,2.0,2.5055054576020392,0.3010299956639812,0.39889535307884216
5555979044252237184,0,34,3,6.0,5.078586987857202,0.7781512503836436,0.7057428956031799
4866413317504891392,0,4,0,5.0,8.173451517770854,0.6989700043360189,0.9124054908752441
4866413317504891392,0,5,0,9.0,8.833186522116497,0.9542425094393249,0.9461174011230469
4866413317504891392,0,31,0,6.0,6.972743620621596,0.7781512503836436,0.843403697013855
4866413317504891392,0,32,0,11.0,5.639147201686868,1.0413926851582251,0.7512134313583374
139731027195468544,0,58,4,3.0,1.7056948870864617,0.47712125471966244,0.2319013476371765
130054431520892032,0,58,0,3.0,2.4960585308387357,0.47712125471966244,0.3972547650337219
5423205623557565184,0,62,2,3.0,1.2482836947845222,0.47712125471966244,0.09631329774856567
4826952051342945792,0,5,2,9.0,10.69856390664739,0.9542425094393249,1.0293254852294922
4827811319679831936,0,5,1,3.0,1.405451081854255,0.47712125471966244,0.1478157341480255
4827811319679831936,0,32,1,4.0,3.7491655231729992,0.6020599913279624,0.5739346146583557
5425770066932742400,0,63,4,5.0,6.037441196776759,0.6989700043360189,0.7808529138565063
4866123458751856128,0,4,3,3.0,2.5103056262516743,0.47712125471966244,0.39972659945487976
4866123458751856128,0,31,3,3.0,4.680922152427395,0.47712125471966244,0.6703314185142517
4866123458751856128,0,32,3,4.0,6.666784779542615,0.6020599913279624,0.8239164352416992
4827527233363019776,0,5,3,5.0,1.5674223454139646,0.6989700043360189,0.19518603384494781
4827527233363019776,0,6,3,1.0,1.547884465992808,0.0,0.18973854184150696
4827527233363019776,0,32,3,2.0,1.4744787315171286,0.3010299956639812,0.16863851249217987
4826580622571056896,0,5,1,6.0,5.088454366463156,0.7781512503836436,0.7065858840942383
4826580622571056896,0,6,1,17.0,12.148335119163658,1.2304489213782739,1.0845167636871338
4826580622571056896,0,32,1,16.0,5.071570862206997,1.2041199826559248,0.7051424980163574
4827556988896385536,0,5,4,2.0,1.7914791848757068,0.3010299956639812,0.25321176648139954
4827556988896385536,0,6,4,2.0,2.6548181268572293,0.3010299956639812,0.4240347743034363
2906284045696794880,0,5,1,15.0,10.69996771448114,1.1760912590556813,1.0293824672698975
2906284045696794880,0,6,1,7.0,6.712037097580489,0.8450980400142568,0.8268543481826782
2906284045696794880,0,32,1,7.0,2.458974607602737,0.8450980400142568,0.3907540440559387
4826297841924166272,0,6,1,1.0,1.302534000616351,0.0,0.11478906869888306
5425764981691642752,0,62,2,2.0,1.8243377271203807,0.3010299956639812,0.2611052393913269
5425764981691642752,0,63,2,2.0,1.873512991446267,0.3010299956639812,0.27265670895576477
4866114903176979200,0,4,0,1.0,1.3304626743506258,0.0,0.12400269508361816
4866114903176979200,0,5,0,1.0,2.0136400506841667,0.0,0.30398184061050415
4866114903176979200,0,31,0,2.0,2.5375295436405474,0.3010299956639812,0.40441110730171204
4866114903176979200,0,32,0,2.0,1.3417541292181554,0.3010299956639812,0.12767294049263
4823127842525040896,0,5,3,8.0,5.706739759881699,0.9030899869919435,0.7563880681991577
4823127842525040896,0,6,3,4.0,5.999022121506155,0.6020599913279624,0.7780804634094238
4823127842525040896,0,32,3,8.0,10.1251533921147,0.9030899869919435,1.005401611328125
2905315960068496000,0,32,0,3.0,8.824716548294756,0.47712125471966244,0.9457007646560669
5425872184073924992,0,62,3,2.0,1.4600188633033295,0.3010299956639812,0.1643584668636322
5425872184073924992,0,63,3,1.0,3.5152898613395633,0.0,0.5459611415863037
5424999206203549824,0,62,1,3.0,1.8135738126990648,0.47712125471966244,0.258535236120224
5424999206203549824,0,63,1,2.0,1.7697064389885921,0.3010299956639812,0.24790123105049133
5425030920239092864,0,62,3,1.0,2.47178236184696,0.0,0.3930102288722992
5425030920239092864,0,63,3,3.0,3.0765686738943163,0.47712125471966244,0.4880666136741638
5425114581901008128,0,62,4,2.0,1.858964922284328,0.3010299956639812,0.26927119493484497
5425114581901008128,0,63,4,1.0,3.429075536953956,0.0,0.5351770520210266
5971100758867578496,0,12,3,6.0,6.027816318135711,0.7781512503836436,0.7801600098609924
5971100758867578496,0,39,3,8.0,6.884871995568056,0.9030899869919435,0.8378958702087402
5361659502425809920,0,63,0,1.0,1.3190542350545194,0.0,0.12026265263557434
5361659502425809920,0,64,0,1.0,1.2820910206175526,0.0,0.10791885852813721
4975223840049378432,0,2,0,5.0,2.3549389553051094,0.6989700043360189,0.37197965383529663
5350236465660622848,0,36,0,1.0,1.731360698413274,0.0,0.2383875548839569
5350236465660622848,0,37,0,3.0,1.8311141938359752,0.47712125471966244,0.2627154290676117
5350236469955359744,0,37,1,5.0,1.9064067251791068,0.6989700043360189,0.2802155613899231
5350236469955359744,0,63,1,1.0,2.2015962393292057,0.0,0.34273767471313477
5350236469955359744,0,64,1,2.0,1.479358765055839,0.3010299956639812,0.1700735092163086
463205836263318016,0,58,2,4.0,1.8568969430784255,0.6020599913279624,0.26878780126571655
463205836263318016,0,59,2,10.0,4.262369246125605,1.0,0.6296510696411133
463437180381228800,0,59,1,3.0,1.7240967222363628,0.47712125471966244,0.2365616261959076
5969371330150837888,0,39,0,2.0,1.6227492636559542,0.3010299956639812,0.21025142073631287
6014950343400492928,0,38,3,1.0,1.6113525593644538,0.0,0.20719057321548462
431890542519116928,0,58,2,1.0,1.8316371206927766,0.0,0.2628394365310669
66482868226100096,0,42,2,1.0,1.308019871123768,0.0,0.11661434173583984
66482868226100096,0,43,2,3.0,1.7174186342731,0.47712125471966244,0.23487617075443268
66482868226100096,0,44,2,2.0,3.361482094466251,0.3010299956639812,0.5265308022499084
66542551091588352,0,42,3,2.0,1.737785781592806,0.3010299956639812,0.23999623954296112
66542551091588352,0,43,3,4.0,2.6666745607856974,0.6020599913279624,0.42597001791000366
66542551091588352,0,44,3,2.0,1.7175535227402212,0.3010299956639812,0.2349102795124054
66550350752004352,0,42,0,3.0,1.7006796500918226,0.47712125471966244,0.23062251508235931
66550350752004352,0,43,0,3.0,1.687675792362485,0.47712125471966244,0.22728902101516724
66550350752004352,0,44,0,6.0,2.2576731099011025,0.7781512503836436,0.35366106033325195
66659271121456768,0,42,1,2.0,1.997523097740475,0.3010299956639812,0.3004918098449707
66659271121456768,0,43,1,2.0,1.8839543240863104,0.3010299956639812,0.2750703692436218
66852647730267264,0,42,0,6.0,4.779327893441265,0.7781512503836436,0.6793668270111084
66852647730267264,0,43,0,7.0,6.735651844276441,0.8450980400142568,0.8283796310424805
66852647730267264,0,44,0,5.0,4.813429836262927,0.6989700043360189,0.6824546456336975
66671468828544384,0,42,1,2.0,2.1955402814669904,0.3010299956639812,0.3415414094924927
66671468828544384,0,43,1,8.0,2.1747424279099374,0.9030899869919435,0.33740782737731934
66671468828544384,0,44,1,6.0,2.7594515940686217,0.7781512503836436,0.4408227801322937
66867800374681344,0,43,0,4.0,1.4177003495176728,0.6020599913279624,0.1515844464302063
66867800374681344,0,44,0,2.0,1.8439543693128173,0.3010299956639812,0.2657501697540283
66911231083913600,0,42,0,1.0,2.2540683627412714,0.0,0.3529670834541321
66911231083913600,0,43,0,5.0,1.9286493994263318,0.6989700043360189,0.28525328636169434
66911231083913600,0,44,0,8.0,5.183048164857707,0.9030899869919435,0.7145852446556091
67368353043627648,0,43,3,2.0,1.4495888486858743,0.3010299956639812,0.16124483942985535
67368834079847680,0,42,4,3.0,2.204114197376268,0.47712125471966244,0.3432340919971466
67368834079847680,0,43,4,5.0,3.368376587035976,0.6989700043360189,0.5274206399917603
67368834079847680,0,44,4,2.0,1.3986625349761266,0.3010299956639812,0.1457129418849945
67368868438779392,0,43,4,2.0,1.3547138173782471,0.3010299956639812,0.1318475604057312
70426507196531456,0,43,2,1.0,1.3380414963846419,0.0,0.12646958231925964
70426507196531456,0,44,2,1.0,1.2182918942446521,0.0,0.08575135469436646
70426782074435584,0,44,0,1.0,1.171747824306615,0.0,0.06883415579795837
67349764424286848,0,42,1,1.0,1.3474983878572249,0.0,0.1295282542705536
67349764424286848,0,43,1,3.0,2.7006804184802835,0.47712125471966244,0.4314731955528259
67349764424286848,0,44,1,1.0,1.2500764784174467,0.0,0.09693658351898193
66915560410893440,0,44,1,2.0,1.497991755068227,0.3010299956639812,0.17550942301750183
66887660303617408,0,42,0,1.0,1.3232322068493967,0.0,0.12163606286048889
66887660303617408,0,43,0,1.0,1.2368632729382945,0.0,0.09232169389724731
66887660303617408,0,44,0,3.0,2.354947035395149,0.47712125471966244,0.371981143951416
66886011036187392,0,43,2,1.0,1.1867528441915929,0.0,0.07436028122901917
66886011036187392,0,44,2,3.0,1.5275134905509025,0.47712125471966244,0.18398505449295044
66885942316710784,0,43,1,1.0,1.3282579762753437,0.0,0.12328243255615234
66885942316710784,0,44,1,2.0,1.1782737617683765,0.3010299956639812,0.0712462067604065
66863058730966528,0,44,2,1.0,1.523823673617251,0.0,0.1829347163438797
66665902550940672,0,42,1,6.0,4.999918518263286,0.7781512503836436,0.698962926864624
66665902550940672,0,43,1,3.0,1.7146149546229024,0.47712125471966244,0.23416660726070404
66665902550940672,0,44,1,2.0,2.1250610854458722,0.3010299956639812,0.32737141847610474
66665902550940800,0,42,3,5.0,4.063277345012065,0.6989700043360189,0.6088764667510986
66665902550940800,0,43,3,5.0,1.9760812555293072,0.6989700043360189,0.29580479860305786
66665902550940800,0,44,3,5.0,3.3245194127306132,0.6989700043360189,0.5217288732528687
66659408560406528,0,42,2,1.0,1.2048578346849705,0.0,0.08093580603599548
66659408560406528,0,44,2,2.0,1.4439705173641502,0.3010299956639812,0.15955832600593567
66658996243552000,0,42,1,2.0,1.4657287048345966,0.3010299956639812,0.16605359315872192
66658996243552000,0,43,1,4.0,2.035264978080826,0.6020599913279624,0.30862095952033997
66658996243552000,0,44,1,2.0,2.0150574550178755,0.3010299956639812,0.3042874336242676
66640712564777856,0,42,0,3.0,2.2382592009830544,0.47712125471966244,0.3499103784561157
66640712564777856,0,43,0,6.0,4.767930811237656,0.7781512503836436,0.6783299446105957
66640712564777856,0,44,0,12.0,5.686704213413004,1.0791812460476249,0.7548606395721436
66546742979468416,0,44,4,2.0,1.1831057298081713,0.3010299956639812,0.07302355766296387
66497952151148544,0,42,4,1.0,1.4433595666464605,0.0,0.15937453508377075
66483795939004416,0,44,3,1.0,1.151445811377194,0.0,0.06124350428581238
66483761579269888,0,43,2,1.0,1.372475333186135,0.0,0.13750454783439636
6014848745955612672,0,38,2,1.0,1.9368245071525827,0.0,0.2870902717113495
138666459421872640,0,58,4,6.0,5.375695444360637,0.7781512503836436,0.7304346561431885
176770034888040064,0,19,0,1.0,1.6067835173429479,0.0,0.20595736801624298
444663603454525696,0,59,2,1.0,1.3865872736107046,0.0,0.1419472098350525
444596155287096448,0,19,1,2.0,2.0602193628533874,0.3010299956639812,0.3139134645462036
444596155287096448,0,59,1,2.0,1.9005259383811786,0.3010299956639812,0.2788738012313843
1100481878068429184,0,60,0,1.0,1.3878706919555222,0.0,0.1423490047454834
1002733958624970624,0,60,1,1.0,1.2034071748163788,0.0,0.0804125964641571
1101654374076602880,0,60,0,2.0,1.2107208522214337,0.3010299956639812,0.08304402232170105
1101375338641369728,0,60,3,1.0,1.332062472595569,0.0,0.12452459335327148
6014500681803685248,0,38,1,2.0,1.7348316456561166,0.3010299956639812,0.2392573356628418
2390974419276875776,0,29,2,4.0,1.4731822971930655,0.6020599913279624,0.1682564914226532
5201378641555926656,0,66,2,12.0,6.135997712788625,1.0791812460476249,0.7878851890563965
2024060998210085632,0,14,2,3.0,2.3588108753418844,0.47712125471966244,0.37269312143325806
121349735399525632,0,18,4,1.0,1.364477483725906,0.0,0.13496637344360352
121349735399525632,0,42,4,1.0,2.069762015867828,0.0,0.3159204125404358
221072278943046912,0,58,3,2.0,1.8434536056824453,0.3010299956639812,0.2656322121620178
221111242886836224,0,58,1,5.0,1.630070353155272,0.6989700043360189,0.21220634877681732
5372905513514424320,0,63,3,8.0,4.7403947600711644,0.9030899869919435,0.6758145093917847
5372905513514424320,0,64,3,4.0,5.852552379479159,0.6020599913279624,0.7673453092575073
5329184189553837184,0,9,2,1.0,2.0321970428586407,0.0,0.30796581506729126
5329184189553837184,0,61,2,6.0,3.7298466513193733,0.7781512503836436,0.5716909766197205
5329184189553837184,0,62,2,4.0,3.168390459958545,0.6020599913279624,0.5008386969566345
2968785096982770304,0,5,3,16.0,8.693171116708525,1.2041199826559248,0.9391782283782959
2968785096982770304,0,6,3,8.0,7.185470436227929,0.9030899869919435,0.8564552068710327
2968785096982770304,0,32,3,4.0,2.1320626541566035,0.6020599913279624,0.3287999629974365
2967108307393042048,0,6,3,5.0,3.7126919485326213,0.6989700043360189,0.5696889162063599
2967108307393042048,0,32,3,6.0,5.541958271337368,0.7781512503836436,0.7436632513999939
2967108307393042048,0,33,3,6.0,7.414215623981812,0.7781512503836436,0.8700652122497559
2967055977510839680,0,6,1,5.0,5.214600256292553,0.6989700043360189,0.7172210216522217
2967055977510839680,0,32,1,3.0,4.608820937280807,0.47712125471966244,0.6635898351669312
2967055977510839680,0,33,1,2.0,1.9257594869109165,0.3010299956639812,0.2846020460128784
2915492970976554368,0,6,1,7.0,7.973380714319854,0.8450980400142568,0.9016425013542175
2915492970976554368,0,32,1,7.0,3.387642483599529,0.8450980400142568,0.5298975706100464
2915492970976554368,0,33,1,4.0,5.516405517724475,0.6020599913279624,0.7416561841964722
2915869966027648256,0,6,2,1.0,3.540927450945208,0.0,0.5491170287132263
2967689566788320512,0,33,2,3.0,1.5156309865695636,0.47712125471966244,0.18059347569942474
2915967582044326528,0,6,4,3.0,1.9337723880598783,0.47712125471966244,0.2864053547382355
2915967582044326528,0,32,4,3.0,2.0938923615754734,0.47712125471966244,0.3209543526172638
2915967582044326528,0,33,4,4.0,1.4947474412023005,0.6020599913279624,0.1745678186416626
6036037331464428800,0,12,1,4.0,1.4049255526869624,0.6020599913279624,0.14765331149101257
6010849616018065920,0,12,0,3.0,1.278388805121585,0.47712125471966244,0.10666295886039734
6036418346602207616,0,12,4,7.0,2.3600041385015054,0.8450980400142568,0.37291276454925537
168744115397150592,0,43,1,4.0,1.7675194161236263,0.6020599913279624,0.24736419320106506
216905198595755392,0,43,0,1.0,1.4441870919541115,0.0,0.15962345898151398
5998788660658648192,0,12,0,5.0,2.0040717282221627,0.6989700043360189,0.3019132614135742
5998788660658648192,0,39,0,3.0,1.2159380968082205,0.47712125471966244,0.08491146564483643
168534933310539776,0,43,3,1.0,1.3312407736979561,0.0,0.12425661087036133
5369330447152203136,0,10,4,2.0,1.1600424910037122,0.3010299956639812,0.06447389721870422
6036780566970110592,0,12,1,1.0,1.7853883928818448,0.0,0.2517327070236206
6030802041226804224,0,39,4,17.0,6.425638421261252,1.2304489213782739,0.8079162836074829
6038520956430662144,0,12,2,2.0,4.63846926627526,0.3010299956639812,0.666374683380127
6038328988573686400,0,12,0,2.0,1.370558175334063,0.3010299956639812,0.136897474527359
2991362056431878912,0,6,0,12.0,6.05307567954593,1.0791812460476249,0.7819761037826538
2991362056431878912,0,33,0,8.0,6.640357737169782,0.9030899869919435,0.8221914768218994
5766091009035511680,0,38,0,1.0,1.4795832364457944,0.0,0.1701394021511078
219121161202558464,0,59,4,6.0,3.2721644292920677,0.7781512503836436,0.5148351192474365
5579734916388215808,0,33,3,1.0,3.6461673709235476,0.0,0.5618366003036499
5579728220535205376,0,61,2,4.0,2.615818670591294,0.6020599913279624,0.4176076352596283
5603962659403414912,0,61,2,1.0,1.5491424567109757,0.0,0.1900913566350937
5578690109759506304,0,61,4,4.0,3.7890768265087753,0.6020599913279624,0.578533411026001
5579558002391788544,0,61,1,3.0,1.55707840756582,0.47712125471966244,0.19231048226356506
5579538791000341504,0,33,0,1.0,1.2489838205627593,0.0,0.09655681252479553
5578667672850415616,0,61,0,2.0,4.066976337014233,0.3010299956639812,0.6092716455459595
5578784629101462784,0,61,3,1.0,1.928830593058747,0.0,0.2852940857410431
5603679810036813184,0,61,1,1.0,3.343089375608324,0.0,0.5241479873657227
5578824490696712960,0,61,2,1.0,2.211990596159537,0.0,0.3447832763195038
876668490869958656,0,46,0,1.0,1.278565497669552,0.0,0.10672298073768616
5885178529338386048,0,12,0,1.0,1.8465466458676985,0.0,0.2663602828979492
6038409321640732672,0,65,1,1.0,1.702074259121474,0.0,0.23097850382328033
6038851737631487616,0,12,4,3.0,2.297850539057694,0.47712125471966244,0.3613217771053314
6038851737631487616,0,65,4,2.0,2.8468598527450553,0.3010299956639812,0.4543660879135132
6015107302986648064,0,12,4,8.0,5.522411813554763,0.9030899869919435,0.7421287894248962
6014606097483584512,0,12,1,2.0,2.3113776990971147,0.3010299956639812,0.36387091875076294
6014606097483584512,0,38,1,5.0,5.22677378917378,0.6989700043360189,0.7182337045669556
6011546843820042112,0,12,1,5.0,3.1771328823835634,0.6989700043360189,0.50203537940979
6126193127410168704,0,64,3,16.0,14.554470538342917,1.2041199826559248,1.1629964113235474
1109659402842585856,0,60,2,1.0,1.1754278404264489,0.0,0.07019597291946411
1109820240777866880,0,60,1,2.0,1.5475234679432444,0.3010299956639812,0.18963724374771118
5996218071193669248,0,12,1,5.0,2.207004996401545,0.6989700043360189,0.3438033163547516
3419115128091798400,0,44,1,6.0,4.47027927772615,0.7781512503836436,0.6503346562385559
4827556988896385536,0,32,4,2.0,3.56098233647326,0.3010299956639812,0.5515698194503784
5350236465660622848,0,64,0,2.0,1.6986566697185028,0.3010299956639812,0.23010560870170593
151499478104075008,0,44,4,1.0,3.3143882844036074,0.0,0.5204033851623535
148400229703257856,0,43,4,3.0,4.4615543115203,0.47712125471966244,0.6494861841201782
6113920619134019456,0,11,0,1.0,3.514456277713829,0.0,0.5458581447601318
6113920619134019456,0,38,0,1.0,2.031546732522583,0.0,0.30782681703567505
6110141563309613056,0,11,3,3.0,2.6102800319000883,0.47712125471966244,0.41668710112571716
2885863400349980288,0,6,2,9.0,9.959072501096765,0.9542425094393249,0.9982188940048218
2885863400349980288,0,32,2,21.0,6.827238674983483,1.3222192947339193,0.8342450857162476
2885863400349980288,0,33,2,10.0,5.638848467431601,1.0,0.7511904239654541
4844691297067063424,0,5,4,1.0,1.4897426281465946,0.0,0.17311124503612518
5495052596695570816,0,1,1,2.0,3.5904333811079217,0.3010299956639812,0.5551468729972839
5495052596695570816,0,2,1,2.0,1.564983004157988,0.3010299956639812,0.1945096254348755
5495052596695570816,0,3,1,2.0,3.198885415888082,0.3010299956639812,0.5049986839294434
5495052596695570816,0,4,1,3.0,4.806952874154706,0.47712125471966244,0.6818698644638062
5495052596695570816,0,5,1,4.0,3.2495603564766613,0.6020599913279624,0.5118246078491211
5495052596695570816,0,6,1,5.0,4.509828457605854,0.6989700043360189,0.6541600227355957
5495052596695570816,0,7,1,4.0,2.44042674032846,0.6020599913279624,0.38746577501296997
5495052596695570816,0,8,1,2.0,1.7719129476842006,0.3010299956639812,0.2484423816204071
5495052596695570816,0,11,1,5.0,1.8299468502693974,0.6989700043360189,0.26243847608566284
5495052596695570816,0,12,1,2.0,3.837311997808153,0.3010299956639812,0.584027111530304
5495052596695570816,0,13,1,2.0,1.7547617964028797,0.3010299956639812,0.24421817064285278
5495052596695570816,0,27,1,2.0,2.241209854851302,0.3010299956639812,0.3504825234413147
5495052596695570816,0,28,1,1.0,1.5742676485589333,0.0,0.19707857072353363
5495052596695570816,0,29,1,1.0,1.636680959925933,0.0,0.21396403014659882
5495052596695570816,0,30,1,2.0,1.433692828525669,0.3010299956639812,0.1564561128616333
5495052596695570816,0,31,1,1.0,1.843042013544574,0.0,0.26553523540496826
5495052596695570816,0,32,1,3.0,3.5538199360138334,0.47712125471966244,0.5506954193115234
5495052596695570816,0,33,1,3.0,2.197473689205552,0.47712125471966244,0.34192368388175964
5495052596695570816,0,34,1,2.0,2.0898286496873504,0.3010299956639812,0.3201106786727905
5495052596695570816,0,36,1,2.0,1.670801679062997,0.3010299956639812,0.22292490303516388
5495052596695570816,0,37,1,3.0,3.3627796492949256,0.47712125471966244,0.5266984105110168
5495052596695570816,0,38,1,4.0,2.3466463025745883,0.6020599913279624,0.37044763565063477
5495052596695570816,0,39,1,1.0,1.8610470814907278,0.0,0.26975736021995544
5495052596695570816,0,61,1,3.0,1.8592301521719317,0.47712125471966244,0.269333153963089
5495052596695570816,0,62,1,2.0,1.6462430867585527,0.3010299956639812,0.21649396419525146
5495052596695570816,0,64,1,1.0,2.3483176092463225,0.0,0.3707568347454071
5495052596695570816,0,65,1,1.0,1.7847767672593153,0.0,0.25158390402793884
5495052596695570816,0,66,1,2.0,1.6936089558733713,0.3010299956639812,0.22881314158439636
151374202498079872,0,43,4,3.0,4.798468337518298,0.47712125471966244,0.6811026334762573
151374202498079872,0,44,4,1.0,6.12600299907342,0.0,0.7871772050857544
147831571737487488,0,43,2,2.0,2.3523657267329225,0.3010299956639812,0.37150484323501587
147831571737487488,0,44,2,2.0,2.9963228541689126,0.3010299956639812,0.4765886068344116
5842480953772012928,0,12,2,2.0,1.3097008880846293,0.3010299956639812,0.11717212200164795
5842480953772012928,0,64,2,2.0,1.615049828828441,0.3010299956639812,0.20818592607975006
5842480953772012928,0,65,2,1.0,1.7424239673502848,0.0,0.24115383625030518
241035596174886016,0,18,2,3.0,1.3504933462652309,0.47712125471966244,0.1304924488067627
241035596174886016,0,58,2,1.0,2.1868527971692133,0.0,0.3398195505142212
6011522757643074304,0,12,2,3.0,2.2470428071929116,0.47712125471966244,0.35161134600639343
6011522757643074304,0,38,2,9.0,3.6919488527003272,0.9542425094393249,0.5672556757926941
5864061893213196032,0,11,1,2.0,2.585651207085494,0.3010299956639812,0.41256994009017944
149629483705467008,0,43,2,2.0,2.066189588813407,0.3010299956639812,0.31517016887664795
149629483705467008,0,44,2,4.0,2.316060387079219,0.6020599913279624,0.36474987864494324
5870273893372957440,0,11,2,9.0,1.1508988417776165,0.9542425094393249,0.061037153005599976
4963614887043956096,0,3,1,7.0,2.4515095677961267,0.8450980400142568,0.3894335925579071
