{
  "n_samples": 2494,
  "mae_dex": 0.5441174762675615,
  "median_ae_dex": 0.3577548885937736,
  "rmse_dex": 0.7710125400738954,
  "bias_dex": -0.1223641879667229,
  "scatter_dex": 0.7612406600113033,
  "correlation": 0.4904711777096593
}