{
  "n_samples": 2494,
  "mae_dex": 0.1533356089596913,
  "median_ae_dex": 0.00795082639299216,
  "rmse_dex": 0.42064677072990986,
  "bias_dex": 0.018479602723239858,
  "scatter_dex": 0.42024065725330834,
  "correlation": 0.8481437110960366
}