{
  "n_samples": 7154,
  "mae_myr": 109.10298525590285,
  "median_ae_myr": 22.19231414794922,
  "rmse_myr": 233.00505513070516,
  "log_mae_dex": 0.2282709542396584,
  "log_bias_dex": 0.003282739374028254,
  "log_scatter_dex": 0.40175072839032266,
  "correlation": 0.7385199899974889
}