{
  "n_samples": 7154,
  "mae_days": 1.9194338936685138,
  "median_ae_days": 0.5791661994895936,
  "rmse_days": 4.917319213010343,
  "log_mae_dex": 0.21175927499114058,
  "log_bias_dex": 0.0030894436520933774,
  "log_scatter_dex": 0.3216862158791441,
  "correlation": 0.6898040735921579
}