{
  "n_samples": 2494,
  "mae_dex": 0.28337778824178583,
  "median_ae_dex": 0.15355681593421155,
  "rmse_dex": 0.48461513867543715,
  "bias_dex": -0.029798895809549888,
  "scatter_dex": 0.4836981067173458,
  "correlation": 0.8238712640236374
}