{"fold_0": {"train_nll": [4.313273876129028, 3.2142836397778773, 2.9316686508889664, 2.7832139713730744, 2.643124365376566, 2.481458445589146, 2.4748818664130323, 2.3802390578753485, 2.2622985772952764, 2.3553306621635604, 2.226630486562878, 2.072979284909541, 1.9955239682971595, 1.968814327864943, 1.973884270759766, 1.8812784896584933, 1.8112787947148263, 1.877815956343152, 1.86664061460323, 1.8314473700666714, 1.7858437982972017, 1.76986965913333, 1.701359618402913, 1.71262945139217, 1.6755325005861943, 1.5732425740343297, 1.5286595335226498, 1.5967646908903408, 1.5010410033629271, 1.5388523260194935, 1.443848569909174, 1.5018112069380307, 1.3757250669724, 1.5557295920136935, 1.4490905543845258, 1.407681636915417, 1.3647947655412143, 1.3114953564259715, 1.2931796178550186, 1.2536530617721573, 1.2541240427441491, 1.22484216326941, 1.1907096207739116, 1.1898814064706256, 1.178620995404964, 1.2022386727208842, 1.1167328094910525, 1.098953832784492, 1.095589900064564, 1.0858452150482454, 1.064879666349453, 1.0721889891939793, 1.0539289882522307, 1.0397108704269769, 1.0179304651363579, 1.0231066667484139, 0.983006626397431, 0.9695313268290732, 0.9972806115427572, 0.97147107888797, 0.9501376424380438, 0.9456268214510534, 0.9368214186781155, 0.9286392261843405, 0.9080226997096458, 0.9073297470912546, 0.9026426628739657, 0.9003486693024875, 0.8890451978824898, 0.8862197805263237, 0.8824791705202244, 0.8717057145908027, 0.8659099232935475, 0.8675759701666708, 0.8639484949723513, 0.8630744224798703, 0.852681657594287, 0.8497987278477701, 0.8470141700728384, 0.8466624470655331, 0.8410926056290438, 0.8377288668929694, 0.8379237002026819, 0.8351439185933264, 0.833119508379208, 0.8336449079140872, 0.8305766926499789, 0.8300301065903627, 0.8286109123535768, 0.827519394293099, 0.8265399875227578, 0.8263140568035638, 0.8254515344131447, 0.8253887244360242, 0.8248758068185054, 0.824667566763853, 0.8245487020823187, 0.8243862407240935, 0.8241535128954656, 0.8241123792403685], "val_nll": [3.4819283485412598, 3.3588829040527344, 2.94502854347229, 3.03538179397583, 2.755798578262329, 3.0705204010009766, 2.8229761123657227, 2.6683831214904785, 2.5481996536254883, 2.646117687225342, 2.503664016723633, 2.471997022628784, 2.3909270763397217, 2.507418394088745, 2.4515223503112793, 2.3801403045654297, 2.2817461490631104, 2.3584938049316406, 2.250922918319702, 2.433448076248169, 2.423250675201416, 2.2946739196777344, 2.2598063945770264, 2.3651576042175293, 2.2670400142669678, 2.243943452835083, 2.3255107402801514, 2.2021265029907227, 2.4681553840637207, 2.231477737426758, 2.1813113689422607, 2.2618138790130615, 2.35223126411438, 2.246262311935425, 2.2419841289520264, 2.234445333480835, 2.236114978790283, 2.221890449523926, 2.208308458328247, 2.178227424621582, 2.287247896194458, 2.2135865688323975, 2.22611141204834, 2.2637503147125244, 2.2783212661743164, 2.2947330474853516, 2.197923421859741, 2.230541229248047, 2.24692964553833, 2.2980830669403076, 2.257690668106079, 2.249483823776245, 2.2818918228149414, 2.2380335330963135, 2.244082450866699, 2.277987003326416, 2.2858598232269287, 2.2941975593566895, 2.2581989765167236, 2.2760238647460938, 2.2955291271209717, 2.3036911487579346, 2.2983386516571045, 2.2968647480010986, 2.2959227561950684, 2.2924814224243164, 2.321455240249634, 2.3017756938934326, 2.3190088272094727, 2.305352210998535, 2.318310260772705, 2.3068642616271973, 2.312467098236084, 2.3077268600463867, 2.304748296737671, 2.299337863922119, 2.309889793395996, 2.316603422164917, 2.3100438117980957, 2.314016342163086, 2.320023536682129, 2.318052291870117, 2.3209125995635986, 2.3215744495391846, 2.3211450576782227, 2.3309788703918457, 2.3180956840515137, 2.322810173034668, 2.3255748748779297, 2.3223602771759033, 2.325058698654175, 2.3238368034362793, 2.3234760761260986, 2.3231136798858643, 2.323674440383911, 2.324263572692871, 2.3235859870910645, 2.323868751525879, 2.3240389823913574, 2.3239872455596924]}, "fold_1": {"train_nll": [4.366867503087841, 3.5034612734953243, 2.8878012790469705, 2.9103760301230666, 2.6734755956577154, 2.3923887666576134, 2.340479846230012, 2.3470847587547228, 2.240889129753342, 2.1700986002633473, 2.0569388837756994, 2.0441432013540326, 2.0639128818779526, 1.9418781608761193, 1.8933595359205961, 1.9940343327178267, 1.8250151640905408, 1.8427579199861668, 1.6659667771421598, 1.8495408566537983, 1.7657954321058098, 1.7289657955895923, 1.6635284882509158, 1.5640696802574074, 1.619524168227622, 1.4970214740785663, 1.503978415816007, 1.4870683301785188, 1.5161722408745715, 1.4106643477040446, 1.4852023690879226, 1.4511809748017, 1.317083859013651, 1.3336577212404392, 1.321538931979445, 1.2931134872481913, 1.2906864625896386, 1.2646126274116531, 1.2212208139155813, 1.1931273246814826, 1.1479202009632974, 1.1890310084891462, 1.135901406198322, 1.1499372933336154, 1.1051432849887854, 1.0643756898467192, 1.0736167749804342, 1.041205775642204, 1.0342705093309252, 1.0254867210655747, 1.0171054688866488, 1.0063740637952197, 0.9972918998741196, 0.9856214489869938, 0.9599235960859096, 0.9471402034491958, 0.9497373596221985, 0.9082359634563775, 0.9146796737261907, 0.9037652665484167, 0.8818098151373243, 0.8877379187123331, 0.8779515136697728, 0.8551470846355798, 0.8781681254297077, 0.8426741601708896, 0.8337509110122023, 0.8261475571410689, 0.8235654632629965, 0.8181547671780438, 0.8164324889441053, 0.8119832840496171, 0.8043408967211155, 0.7877289536959662, 0.7869528718367368, 0.7884053670332761, 0.7782095861817171, 0.779378479850555, 0.7745956270274275, 0.7723736986368596, 0.7708378511822535, 0.7708460326663, 0.7664283597636558, 0.764059026398974, 0.7615958918072656, 0.7607976739893935, 0.7601073286337461, 0.7573317752811378, 0.7567784980327668, 0.756658033999747, 0.7553693180481991, 0.7545373110111825, 0.7553981673383043, 0.753779194875805, 0.7535606129374915, 0.7530247280019557, 0.7528567935278516, 0.7526199654013456, 0.7524939033693684, 0.7524254563337337], "val_nll": [4.0920562744140625, 3.2561991214752197, 2.8503918647766113, 2.8953628540039062, 2.513244390487671, 2.619492769241333, 2.5096018314361572, 2.403763771057129, 2.3215384483337402, 2.1957974433898926, 2.2574751377105713, 2.417154312133789, 2.3870160579681396, 2.2067930698394775, 2.4454121589660645, 2.1489315032958984, 2.1560535430908203, 2.0991125106811523, 2.156761407852173, 2.304234743118286, 2.2492284774780273, 2.0308492183685303, 2.13899827003479, 2.0069665908813477, 1.9731719493865967, 1.9491373300552368, 1.950000286102295, 2.165717601776123, 2.0261101722717285, 2.003161668777466, 2.0103442668914795, 2.0082428455352783, 1.9189534187316895, 2.036947011947632, 1.943918228149414, 1.924703598022461, 2.0650713443756104, 2.007646322250366, 1.9834553003311157, 1.924633502960205, 1.997246503829956, 1.996243953704834, 1.9708925485610962, 1.9677455425262451, 1.9342155456542969, 2.089158296585083, 1.9309648275375366, 1.9807233810424805, 2.0346696376800537, 1.9331907033920288, 2.0111608505249023, 1.9968229532241821, 1.982964038848877, 1.965377926826477, 2.014888048171997, 1.9966604709625244, 1.9710508584976196, 1.9720959663391113, 1.9724262952804565, 2.005241632461548, 1.9702528715133667, 1.9831657409667969, 1.9792622327804565, 1.9825341701507568, 1.9833208322525024, 1.9768760204315186, 2.0064666271209717, 1.9968745708465576, 1.9852283000946045, 2.001239538192749, 2.0171782970428467, 1.9982517957687378, 2.010321855545044, 2.0163676738739014, 2.0187971591949463, 2.0159623622894287, 2.0175156593322754, 2.037707567214966, 2.034837484359741, 2.025609254837036, 2.0181162357330322, 2.0237865447998047, 2.0216572284698486, 2.022230863571167, 2.032658576965332, 2.0224127769470215, 2.0253171920776367, 2.026984214782715, 2.025916576385498, 2.026609182357788, 2.0261945724487305, 2.0276293754577637, 2.0264036655426025, 2.0267179012298584, 2.027186870574951, 2.0277175903320312, 2.028078317642212, 2.0276973247528076, 2.0278990268707275, 2.027848958969116]},