{
  "n_samples": 2494,
  "mae_myr": 67.2420806749783,
  "median_ae_myr": 9.839636230468749,
  "rmse_myr": 180.8363540352632,
  "log_mae_dex": 0.16017698117938645,
  "log_bias_dex": 0.017420823603255337,
  "log_scatter_dex": 0.3404408366365293,
  "correlation": 0.8564288899583525
}