{
  "n_samples": 2494,
  "mae_dex": 0.3043099978684663,
  "median_ae_dex": 0.21026749119381005,
  "rmse_dex": 0.44625593890194487,
  "bias_dex": -0.016130201282863854,
  "scatter_dex": 0.445964325492332,
  "correlation": 0.8542908498008304
}