{"fold_0": {"train_nll": [1.7645712730163086, 1.1692088114952515, 0.9374085495132721, 0.9345738701447696, 0.7492980543740527, 0.6444023421896483, 0.6618095658465712, 0.8230650649519865, 0.5831065722003967, 0.5350238409692156, 0.535324062248748, 0.4877918509538761, 0.5078260427665615, 0.47601350994112496, 0.5032398208587585, 0.4436128616691352, 0.42685775903757206, 0.41089773228866067, 0.41113775024910965, 0.4044773048293853, 0.390669441026055, 0.4014255300403119, 0.39226984034081497, 0.3682914587682139, 0.3544468873727298, 0.37020800670306525, 0.353804510206223, 0.34595548897563577, 0.33604164078144844, 0.34337516000610074, 0.3323178623386758, 0.32743633211495166, 0.3261521924772339, 0.3288615591420917, 0.3255345546948408, 0.3243992528122269, 0.32470980997314913, 0.32236966150318214, 0.3125786705461437, 0.3141083587147669, 0.3112151383875845, 0.3183692726259958, 0.31464554683001106, 0.31087319720125867, 0.30938145586985627, 0.3077384763824677, 0.30681206178450154, 0.3080085549421444, 0.3087267118967129, 0.30675108954758346, 0.3052972079756742, 0.3057855631641013, 0.3047784001292112, 0.30418177812037345, 0.3043865448009514, 0.30437931867096135, 0.304222590220954, 0.303665124163599, 0.3040439793485439, 0.30354170889438753, 0.30362684287145764, 0.30334224348854205, 0.3032936859345866, 0.30325906459458607, 0.3031300047117627, 0.3030535225161092, 0.30307603652826054, 0.30303876964983817, 0.30302410660860296, 0.30302129921788923, 0.30300059084424036, 0.30297253903501736, 0.30295957909348253, 0.3029531100111638, 0.30294786551911274, 0.3029420652943766, 0.30293693105300107, 0.3029333847558092, 0.30293204226271664, 0.3029321785680278], "val_nll": [1.32034170627594, 1.3021398782730103, 0.9027891159057617, 0.9392591714859009, 0.8256333470344543, 0.7094556093215942, 1.0242526531219482, 0.8564988970756531, 0.6506760716438293, 0.6340349316596985, 0.6615018248558044, 0.6440016627311707, 0.6040796637535095, 0.6730536818504333, 0.5377665162086487, 0.5856613516807556, 0.5534582138061523, 0.5300095081329346, 0.535049319267273, 0.5569291710853577, 0.5430271029472351, 0.5145435333251953, 0.5340092182159424, 0.5059006214141846, 0.5158053040504456, 0.4905831217765808, 0.4941629469394684, 0.49873286485671997, 0.49514415860176086, 0.49755898118019104, 0.4893372356891632, 0.5192260146141052, 0.5007793307304382, 0.48258069157600403, 0.49779343605041504, 0.47780895233154297, 0.5001255869865417, 0.4797804355621338, 0.4904366135597229, 0.49043360352516174, 0.4839984178543091, 0.49827638268470764, 0.4926712214946747, 0.4819697439670563, 0.47940075397491455, 0.4832950234413147, 0.4793264865875244, 0.48347437381744385, 0.47476887702941895, 0.47836071252822876, 0.4804263412952423, 0.4788782596588135, 0.47903233766555786, 0.47869575023651123, 0.4788282811641693, 0.48014914989471436, 0.4788711965084076, 0.4801253080368042, 0.4784303307533264, 0.47869253158569336, 0.47916439175605774, 0.47881075739860535, 0.47888946533203125, 0.47880056500434875, 0.4791063666343689, 0.47950470447540283, 0.4795282781124115, 0.47936898469924927, 0.4794251322746277, 0.4796828031539917, 0.47962313890457153, 0.4796523153781891, 0.4795877933502197, 0.47959938645362854, 0.47963252663612366, 0.4795967638492584, 0.4796120226383209, 0.47961294651031494, 0.479611873626709, 0.47961190342903137]}, "fold_1": {"train_nll": [1.7271058559417725, 1.0743482129607267, 0.8697117899128335, 0.8036676511496963, 0.8104766932183611, 0.7324248889166272, 0.6618539993175285, 0.6387794843773621, 0.5583593553913858, 0.5839332593586258, 0.5366855147845282, 0.5099050928213315, 0.5111365281269402, 0.4812865815086212, 0.45894799239836437, 0.4685574083146686, 0.43328699917497043, 0.4453947186947824, 0.44764561255374746, 0.41115773703626735, 0.3850037169032441, 0.38178683114881984, 0.3832698958311864, 0.3568963704701655, 0.3565759492780498, 0.36774999237729455, 0.35653278070365735, 0.3487681009487542, 0.3577482853241578, 0.3515641485044139, 0.3307993554459784, 0.3250795225043574, 0.33099010413538715, 0.3286351260536897, 0.3159874619725711, 0.3162161611125082, 0.3136054208140096, 0.30802620102265077, 0.3103411596171364, 0.31703913331270694, 0.3042175210788398, 0.3039663999615786, 0.3044095621677582, 0.3038139276370735, 0.3012907236276982, 0.30013745449826806, 0.30141753179253544, 0.300416564893627, 0.29880045799310795, 0.297870357731779, 0.29899532761506903, 0.2976571912755947, 0.2976109722334302, 0.2982626173921482, 0.2970790778228897, 0.29671264865355407, 0.29657876455712173, 0.2962004542350769, 0.29618027095565336, 0.2962491684901213, 0.29584653559094204, 0.2957048290714767, 0.29571364542286477, 0.2955713244621644, 0.2955344504488255, 0.2954470097182509, 0.2954154567632503, 0.2954426535026344, 0.29534039289535646, 0.29533527645176066, 0.29531624399588435, 0.2953124500826031, 0.29530261215083825, 0.295283505219018, 0.29528594363428545, 0.29527111258917677, 0.2952683128431469, 0.29526436063115724, 0.29526278594572225, 0.295262755576021], "val_nll": [1.1854132413864136, 0.9209793210029602, 0.8624383211135864, 0.88467937707901, 0.8579998016357422, 0.746029794216156, 0.6779855489730835, 0.6463257670402527, 0.6509230136871338, 0.6418898105621338, 0.6470382213592529, 0.5693681836128235, 0.5998485088348389, 0.5485590100288391, 0.5815250277519226, 0.6044386625289917, 0.5302562117576599, 0.6068896055221558, 0.5697300434112549, 0.539104700088501, 0.4991171658039093, 0.5073366761207581, 0.5034534335136414, 0.4954442083835602, 0.5136069059371948, 0.4997271001338959, 0.5034968256950378, 0.5068182945251465, 0.551021933555603, 0.49834755063056946, 0.48525524139404297, 0.48551011085510254, 0.49429991841316223, 0.4819501042366028, 0.4839842915534973, 0.49365323781967163, 0.4857638478279114, 0.48384594917297363, 0.4943305253982544, 0.48559248447418213, 0.4775877594947815, 0.4846537113189697, 0.4791323244571686, 0.48022887110710144, 0.47871461510658264, 0.48534297943115234, 0.4795683026313782, 0.48060908913612366, 0.4792064428329468, 0.48183968663215637, 0.4775797426700592, 0.47822949290275574, 0.47823306918144226, 0.47838306427001953, 0.477120578289032, 0.4776993691921234, 0.4777476191520691, 0.47757911682128906, 0.47795405983924866, 0.47864797711372375, 0.47806668281555176, 0.47821322083473206, 0.4778708219528198, 0.47773799300193787, 0.4778501093387604, 0.4777882993221283, 0.4777313470840454, 0.4778445363044739, 0.4777856469154358, 0.47780686616897583, 0.47777777910232544, 0.47775834798812866, 0.47775471210479736, 0.4777281880378723, 0.4777258336544037, 0.47773227095603943, 0.47773975133895874, 0.4777370095252991, 0.4777369499206543, 0.4777369499206543]},