{
  "n_samples": 2494,
  "mae_dex": 0.28908364089684296,
  "median_ae_dex": 0.14779869178311655,
  "rmse_dex": 0.4879148659326005,
  "bias_dex": 0.009060347495744078,
  "scatter_dex": 0.48783073550288314,
  "correlation": 0.8210288828330615
}