GaiaDR3_ID,tic_id,sector,fold,y_true_raw,y_pred_raw,y_true_transformed,y_pred_transformed
4931155036049677312,100100909,2,2,8.0,2.3355505885964667,0.9030899869919435,0.3683892786502838
4931155036049677312,100100909,3,2,6.0,2.350631371119657,0.7781512503836436,0.3711845278739929
4931155036049677312,100100909,29,2,3.0,2.718680732743079,0.47712125471966244,0.4343582093715668
4931155036049677312,100100909,30,2,4.0,2.368064475246175,0.6020599913279624,0.3743935227394104
2903814611300494720,100481123,5,3,8.0,2.5012162910878355,0.9030899869919435,0.3981512486934662
2903814611300494720,100481123,6,3,8.0,2.721206093522996,0.9030899869919435,0.4347614347934723
2903814611300494720,100481123,32,3,12.0,2.217209586505222,1.0791812460476249,0.345806747674942
2903814611300494720,100481123,33,3,11.0,2.516499569607061,1.0413926851582251,0.4007968604564667
2900935402664303616,100510452,5,3,4.0,2.4735360021558384,0.6020599913279624,0.393318235874176
2900935402664303616,100510452,6,3,8.0,2.5384273494096834,0.9030899869919435,0.4045647382736206
2900935402664303616,100510452,32,3,9.0,2.5127638184237355,0.9542425094393249,0.40015166997909546
2900935402664303616,100510452,33,3,13.0,2.3288266583433566,1.1139433523068367,0.3671371638774872
2902648338701768192,100608178,5,0,8.0,2.357882425849195,0.9030899869919435,0.37252214550971985
2902648338701768192,100608178,6,0,16.0,2.5965589887119247,1.2041199826559248,0.414398193359375
2902648338701768192,100608178,32,0,18.0,2.7153831924430483,1.255272505103306,0.433831125497818
2902648338701768192,100608178,33,0,10.0,2.66691118196103,1.0,0.42600855231285095
4836484576636946560,101100599,3,1,1.0,2.391011051640663,0.0,0.37858158349990845
4836484576636946560,101100599,4,1,6.0,2.2498963448465297,0.7781512503836436,0.35216251015663147
4836484576636946560,101100599,30,1,2.0,2.533938364922892,0.3010299956639812,0.4037960469722748
4836484576636946560,101100599,31,1,4.0,2.6604247969665535,0.6020599913279624,0.4249509871006012
217737528896201088,101134075,58,1,2.0,2.501289238906332,0.3010299956639812,0.39816391468048096
218164723524007552,101219463,58,2,1.0,2.360607962011057,0.0,0.3730238676071167
4981632377929981056,101963752,2,2,8.0,2.4882886358665925,0.9030899869919435,0.39590075612068176
4981632377929981056,101963752,29,2,14.0,2.4583375252705717,1.146128035678238,0.3906415104866028
5366026728248566912,102974776,63,1,9.0,2.4722361359150438,0.9542425094393249,0.3930899500846863
5416221633076680320,103107644,9,1,1.0,2.371420409435051,0.0,0.37500855326652527
5367692557081429760,103246522,63,2,2.0,2.552811519340175,0.3010299956639812,0.4070187509059906
5367716437099612544,103246633,63,3,5.0,2.575850125132102,0.6989700043360189,0.4109205901622772
501985336493825792,103565448,19,3,23.0,2.5034267815829048,1.3617278360175928,0.398534893989563
501985336493825792,103565448,25,3,12.0,2.4816053325696825,1.0791812460476249,0.3947327136993408
501985336493825792,103565448,26,3,2.0,2.4154410341351435,0.3010299956639812,0.38299643993377686
501985336493825792,103565448,52,3,12.0,2.5210088672729247,1.0791812460476249,0.40157437324523926
501985336493825792,103565448,53,3,16.0,2.5046600300586053,1.2041199826559248,0.3987487852573395
501985336493825792,103565448,59,3,13.0,2.535618997819703,1.1139433523068367,0.4040839970111847
2059315807751116032,103617858,14,1,7.0,2.500076864930358,0.8450980400142568,0.3979533612728119
440285588669406336,104029867,58,2,2.0,2.367648506080851,0.3010299956639812,0.3743172287940979
249009220140976128,104195810,59,1,1.0,2.3705496249018188,0.0,0.3748490512371063
5416606290347735040,105710145,9,1,17.0,2.4931906339330205,1.2304489213782739,0.39675548672676086
5416606290347735040,105710145,36,1,17.0,2.4610515010066827,1.2304489213782739,0.39112070202827454
5416606290347735040,105710145,63,1,13.0,2.161614076649699,1.1139433523068367,0.33477815985679626
6170609308353405312,112176566,11,2,7.0,2.298748093839658,0.8450980400142568,0.3614913821220398
6170609308353405312,112176566,38,2,3.0,2.4499036807326373,0.47712125471966244,0.389149010181427
508850446589797376,11244460,52,2,2.0,2.7345976316334997,0.3010299956639812,0.43689343333244324
2851052759133803776,113603123,57,3,19.0,2.5086774063947295,1.2787536009528289,0.3994448184967041
67724697887107200,113918237,42,1,1.0,1.814259298041765,0.0,0.25869935750961304
67724697887107200,113918237,44,1,1.0,2.487241461688997,0.0,0.39571794867515564
64597927335800064,113918514,42,2,1.0,2.4514005581977414,0.0,0.3894142806529999
64272128296706432,113922031,44,0,2.0,2.7176986593845847,0.3010299956639812,0.43420130014419556
67747615832673408,113922821,42,4,1.0,2.6252053864854266,0.0,0.4191632866859436
67747615832673408,113922821,44,4,5.0,2.7262122202814734,0.6989700043360189,0.4355596601963043
68192093408157568,113923240,42,1,2.0,2.46662723846217,0.3010299956639812,0.39210352301597595
67736070960579072,113951451,44,2,1.0,2.4435199889744212,0.0,0.38801589608192444
64574352259640192,113951846,42,1,1.0,2.554634041714198,0.0,0.40732869505882263
56950239849717248,113953280,43,2,1.0,2.465209705995819,0.0,0.39185386896133423
64250477365329536,113955012,42,3,3.0,2.5658317560201778,0.47712125471966244,0.4092281758785248
64250477365329536,113955012,43,3,5.0,2.4928117012989888,0.6989700043360189,0.3966894745826721
64250477365329536,113955012,44,3,4.0,2.494199405745654,0.6020599913279624,0.39693117141723633
67732257029618048,113955775,42,0,2.0,2.375792664152659,0.3010299956639812,0.3758085370063782
67732257029618048,113955775,43,0,1.0,2.69140574637553,0.0,0.4299791753292084
67732257029618048,113955775,44,0,1.0,2.2589297618148847,0.0,0.3539027273654938
67756789882795008,113955896,42,3,2.0,2.4197586185326987,0.3010299956639812,0.3837720453739166
67756789882795008,113955896,44,3,6.0,2.565622061062622,0.7781512503836436,0.40919268131256104
68141408498321280,113956279,43,1,1.0,2.4867453431448596,0.0,0.3956313133239746
64276315888567424,113978010,42,1,1.0,2.503945816330741,0.0,0.3986249268054962
64276315888567424,113978010,43,1,2.0,2.41618455218807,0.3010299956639812,0.38313010334968567
64276315888567424,113978010,44,1,1.0,2.363253128601653,0.0,0.3735102415084839
64259518272776576,113980856,44,4,2.0,2.632827135441384,0.3010299956639812,0.42042234539985657
68174191984522368,113981932,42,1,4.0,2.2191367973498695,0.6020599913279624,0.3461840748786926
68174191984522368,113981932,43,1,1.0,2.3478393732052307,0.0,0.3706683814525604
68174191984522368,113981932,44,1,2.0,1.885156766444233,0.3010299956639812,0.2753474712371826
68147391388599808,113981961,42,1,1.0,2.27679851887958,0.0,0.35732460021972656
68147391388599808,113981961,43,1,1.0,2.5032403951651054,0.0,0.39850255846977234
68147391388599808,113981961,44,1,1.0,2.503036159072609,0.0,0.39846712350845337
68145776480904064,113981991,43,2,1.0,2.392381157809829,0.0,0.3788303732872009
68120728231661824,113982102,42,0,4.0,3.0073191126895296,0.6020599913279624,0.4781795144081116
68120728231661824,113982102,43,0,1.0,2.646939626742407,0.0,0.4227440357208252
68120728231661824,113982102,44,0,2.0,2.688449734385722,0.3010299956639812,0.4295019209384918
64734709159049600,113982234,44,3,1.0,2.504350157268501,0.0,0.39869505167007446
64720625961541120,113982283,42,1,1.0,2.3058153681481888,0.0,0.36282452940940857
64720625961541120,113982283,43,1,1.0,2.355338144898124,0.0,0.37205326557159424
64720625961541120,113982283,44,1,1.0,2.325012731652958,0.0,0.3664253354072571
64656201452146304,113982460,44,0,1.0,2.250082396404112,0.0,0.35219842195510864
64600813554014592,113982669,42,0,2.0,2.7066370906434347,0.3010299956639812,0.4324300289154053
64600813554014592,113982669,43,0,2.0,2.287964424750953,0.3010299956639812,0.35944926738739014
64600813554014592,113982669,44,0,2.0,2.4203445124527883,0.3010299956639812,0.3838771879673004
64297485783636352,114028702,42,1,2.0,2.40964365275874,0.3010299956639812,0.38195282220840454
64297485783636352,114028702,44,1,1.0,2.5029183315316406,0.0,0.3984466791152954
64653383953596032,114029066,44,3,1.0,2.5280248432285948,0.0,0.40278133749961853
64720179284934016,114029273,43,1,1.0,2.488369744529292,0.0,0.3959149122238159
64720179284934016,114029273,44,1,1.0,2.3910079341820367,0.0,0.3785810172557831
65096899456994304,114029316,42,4,1.0,2.531135848117291,0.0,0.4033154547214508
65096899456994304,114029316,43,4,1.0,2.7397878229244244,0.0,0.43771693110466003
65108714911246720,114029325,42,3,1.0,2.4887258001434214,0.0,0.39597705006599426
65112739296356608,114029415,42,0,2.0,2.5419830248513624,0.3010299956639812,0.4051726460456848
65112739296356608,114029415,43,0,1.0,2.4047400711593774,0.0,0.3810681402683258
68170721650939264,114029659,42,2,1.0,2.4294486980618473,0.0,0.385507732629776
68170721650939264,114029659,43,2,1.0,2.429309995507757,0.0,0.38548293709754944
68170721650939264,114029659,44,2,3.0,2.3429499790537323,0.47712125471966244,0.36976301670074463
68129764842889600,114029810,43,0,1.0,2.6670308730568486,0.0,0.4260280430316925
65125864716379264,114029855,42,0,2.0,2.1329834179543545,0.3010299956639812,0.3289874792098999
65125864716379264,114029855,43,0,2.0,2.400880242518071,0.3010299956639812,0.38037049770355225
65125864716379264,114029855,44,0,1.0,2.53556384035031,0.0,0.4040745496749878
65125452399528320,114029882,42,1,1.0,2.687758547359561,0.0,0.4293902516365051
65125452399528320,114029882,43,1,4.0,2.4827119772329658,0.6020599913279624,0.3949263393878937
65125452399528320,114029882,44,1,3.0,2.4886868620846125,0.47712125471966244,0.39597025513648987
65119164567417856,114029971,42,4,1.0,2.6285799212590923,0.0,0.41972118616104126
65098514364769408,114030043,42,1,2.0,2.5236363396635024,0.3010299956639812,0.4020267724990845
65098514364769408,114030043,43,1,2.0,2.495510134966666,0.3010299956639812,0.3971593379974365
65098514364769408,114030043,44,1,2.0,2.485289984812227,0.3010299956639812,0.3953770697116852
64667535869958784,114030193,44,2,1.0,2.370369878311565,0.0,0.3748161196708679
64665203703566848,114030226,44,1,1.0,2.3491579808239993,0.0,0.37091222405433655
64445988572906752,114030453,42,3,1.0,2.404815486022525,0.0,0.381081759929657
64445988572906752,114030453,43,3,2.0,2.468056086569784,0.3010299956639812,0.3923550248146057
64445988572906752,114030453,44,3,4.0,2.571056943914025,0.6020599913279624,0.4101116955280304
64232271000313472,114030857,43,3,1.0,2.5270903106697613,0.0,0.40262076258659363
64215125490886656,114030914,44,2,1.0,2.3964820457971943,0.0,0.379574179649353
63430967542044800,114059158,42,3,1.0,2.410762376909385,0.0,0.3821544051170349
63430967542044800,114059158,43,3,2.0,2.5251999279331425,0.3010299956639812,0.4022957682609558
63430967542044800,114059158,44,3,1.0,2.3314547713287377,0.0,0.36762699484825134
64401389632616960,114059619,44,1,1.0,2.1928008255674247,0.0,0.34099918603897095
64642801154268672,114059821,42,4,2.0,2.6429694290429757,0.3010299956639812,0.42209213972091675
64644484781444864,114059861,43,4,1.0,2.6623732928361568,0.0,0.4252689480781555
64644484781444864,114059861,44,4,1.0,2.70316772657978,0.0,0.43187299370765686
65047043476608128,114060078,42,0,1.0,2.911568246611609,0.0,0.46412697434425354
65047043476608128,114060078,44,0,1.0,2.3209739376590357,0.0,0.36567026376724243
65101606741121792,114060141,44,2,1.0,2.3471536096576844,0.0,0.370541512966156
65107860213588096,114060200,42,3,1.0,2.4746806535686843,0.0,0.39351916313171387
65107860213588096,114060200,44,3,5.0,2.575770760677214,0.6989700043360189,0.41090720891952515
65150947325369600,114060377,42,0,2.0,2.7231118376128762,0.3010299956639812,0.43506547808647156
65150947325369600,114060377,43,0,1.0,2.1692567270085625,0.0,0.3363109529018402
65150947325369600,114060377,44,0,1.0,2.762214983885802,0.0,0.4412574768066406
68152820227358720,114060387,42,0,1.0,2.718040899181683,0.0,0.434255987405777
68152820227358720,114060387,43,0,1.0,2.0078497735050007,0.0,0.3027312159538269
68152820227358720,114060387,44,0,4.0,2.4932766930259342,0.6020599913279624,0.3967704772949219
68162028637205888,114060454,42,4,1.0,2.6892324456689707,0.0,0.4296283423900604
68162028637205888,114060454,43,4,1.0,2.808544769599065,0.0,0.44848135113716125
68162028637205888,114060454,44,4,1.0,2.6215304229225613,0.0,0.4185549020767212
65151531440914560,114060582,42,0,1.0,2.278117873513657,0.0,0.3575761914253235
65151531440914560,114060582,43,0,1.0,2.3612028662390174,0.0,0.3731333017349243
65153833543386624,114060609,43,2,1.0,2.365440219402743,0.0,0.37391197681427
65153833543386624,114060609,44,2,2.0,2.3651866857998813,0.3010299956639812,0.37386542558670044
65147099034671104,114060627,44,0,1.0,2.4612604184159514,0.0,0.3911575675010681
65147438335354624,114060639,44,1,1.0,2.4895063976277454,0.0,0.39611324667930603
65131121756446592,114060720,42,2,1.0,2.3497159769636395,0.0,0.37101536989212036
65131121756446592,114060720,44,2,3.0,2.587681488691606,0.47712125471966244,0.4129108190536499
65052953351603456,114060900,43,1,1.0,2.432143131400781,0.0,0.38598912954330444
65052639818118400,114060909,43,0,1.0,2.44859102914465,0.0,0.3889162540435791
65042439271761280,114060967,44,4,1.0,2.724958329904559,0.0,0.4353598654270172
65040686925109760,114060999,43,1,1.0,2.475892095423136,0.0,0.3937317132949829
65040686925109760,114060999,44,1,1.0,2.1326766476465018,0.0,0.3289250135421753
65026839950559744,114061043,42,2,1.0,2.515696007056918,0.0,0.40065816044807434
65026839950559744,114061043,44,2,1.0,2.4663345951863986,0.0,0.3920519948005676
64453887017111808,114061192,43,3,1.0,2.4221728549312522,0.0,0.3842051327228546
64453685154291968,114061203,43,3,1.0,2.364351126281886,0.0,0.3737119734287262
64453685154291968,114061203,44,3,2.0,2.478401794010596,0.3010299956639812,0.39417171478271484
63391178965446656,114083477,43,0,1.0,2.8140160801814815,0.0,0.4493265748023987
64449321467581056,114084177,42,4,1.0,2.8573505351430337,0.0,0.45596352219581604
64449321467581056,114084177,43,4,2.0,2.6279144054670853,0.3010299956639812,0.41961121559143066
64449321467581056,114084177,44,4,4.0,2.4833238498993278,0.6020599913279624,0.3950333595275879
64449729487990912,114084192,42,4,1.0,2.6700027269473527,0.0,0.4265117049217224
64449729487990912,114084192,43,4,1.0,2.711369501507211,0.0,0.43318870663642883
64449729487990912,114084192,44,4,1.0,2.620634156067609,0.0,0.4184063971042633
64450283540250240,114084199,42,1,1.0,2.498013149281877,0.0,0.39759472012519836
64450283540250240,114084199,43,1,1.0,2.88275295332634,0.0,0.459807425737381
64450283540250240,114084199,44,1,1.0,2.124775430031276,0.0,0.32731303572654724
64456262134709376,114084277,42,2,1.0,2.534273637168573,0.0,0.40385350584983826
64456262134709376,114084277,43,2,2.0,2.389913465257103,0.3010299956639812,0.3783821761608124
65027905102436608,114084456,42,4,1.0,2.4452020643607986,0.0,0.38831475377082825
65027905102436608,114084456,43,4,3.0,2.7635825448400837,0.47712125471966244,0.44147244095802307
65027905102436608,114084456,44,4,1.0,2.8522693779899777,0.0,0.4551905393600464
65053915424355584,114084607,42,2,1.0,2.4495906645878223,0.0,0.3890935182571411
65053915424355584,114084607,43,2,1.0,2.614075552582944,0.0,0.4173181354999542
65134592089910656,114084814,43,4,4.0,2.66165063605809,0.6020599913279624,0.4251510500907898
65134592089910656,114084814,44,4,2.0,2.7327080399291908,0.3010299956639812,0.436593234539032
65161250950264192,114084989,42,3,6.0,2.552751082951967,0.7781512503836436,0.40700846910476685
65161250950264192,114084989,43,3,1.0,2.4977260379264847,0.0,0.397544801235199
65161250950264192,114084989,44,3,5.0,2.572915797962095,0.6989700043360189,0.4104255735874176
65155856471318912,114085080,43,2,1.0,2.4310807146626967,0.0,0.385799378156662
65136791113382912,114085193,43,3,2.0,2.488891122896504,0.3010299956639812,0.39600589871406555
65136791113382912,114085193,44,3,1.0,2.500943742534573,0.0,0.3981039226055145
65135176205557888,114085225,42,3,1.0,2.494824210352933,0.0,0.3970399498939514
65135176205557888,114085225,43,3,1.0,2.457658950991185,0.0,0.3905216157436371
65135176205557888,114085225,44,3,2.0,2.494281220567287,0.3010299956639812,0.39694541692733765
65129506848731136,114085232,42,0,4.0,2.3889322814039686,0.6020599913279624,0.3782038390636444
65129506848731136,114085232,43,0,7.0,2.6244969605941315,0.8450980400142568,0.4190460741519928
65129506848731136,114085232,44,0,1.0,2.153133379765493,0.0,0.33307093381881714
65079788307324672,114085299,42,0,1.0,2.5616182593330072,0.0,0.4085144102573395
65079788307324672,114085299,43,0,3.0,2.7049628281866247,0.47712125471966244,0.4321613013744354
65079788307324672,114085299,44,0,2.0,2.558264557579196,0.3010299956639812,0.407945454120636
65038281743395584,114085393,42,3,2.0,2.510878638893697,0.3010299956639812,0.39982572197914124
65037731987586304,114085414,42,2,1.0,2.401000516041208,0.0,0.38039225339889526
64438184617001472,114085761,44,2,1.0,2.475700114040249,0.0,0.3936980366706848
64346070453848320,114086003,42,4,1.0,2.5990401113624286,0.0,0.41481298208236694
64346070453848320,114086003,44,4,2.0,2.798446044041375,0.3010299956639812,0.44691693782806396
64331123967672448,114086074,43,0,2.0,2.328738764702491,0.3010299956639812,0.36712077260017395
64331123967672448,114086074,44,0,1.0,2.7291923355504144,0.0,0.4360341429710388
63449521800719488,114165905,44,1,1.0,2.484576009100521,0.0,0.3952522873878479
64818203322590208,114166586,42,1,1.0,2.588014281649505,0.0,0.41296666860580444
64836349560719232,114166622,42,1,1.0,2.3383607073672557,0.0,0.3689115047454834
64836349560719232,114166622,43,1,1.0,2.52397544485129,0.0,0.4020851254463196
64840541448791424,114166657,42,2,1.0,2.349266474172645,0.0,0.37093228101730347
64840541448791424,114166657,43,2,1.0,2.3882818789470086,0.0,0.37808558344841003
64841503521468544,114166663,42,3,1.0,2.3683647984057687,0.0,0.37444859743118286
64841503521468544,114166663,43,3,2.0,2.4724802753775315,0.3010299956639812,0.3931328356266022
64841503521468544,114166663,44,3,9.0,2.493131609036005,0.9542425094393249,0.3967452049255371
64843805623922688,114166696,43,3,1.0,2.4283372996707935,0.0,0.38530901074409485
65237911823760640,114167104,42,0,1.0,2.701088168937264,0.0,0.43153876066207886
65237911823760640,114167104,44,0,2.0,2.5305898175686177,0.3010299956639812,0.4032217562198639
2349094158814399104,114501073,30,1,7.0,2.5637675968600706,0.8450980400142568,0.4088786542415619
4960784984632471424,115379421,30,4,6.0,2.8197842218352704,0.7781512503836436,0.4502158761024475
436047310642418176,116615215,58,4,3.0,2.5763518216289927,0.47712125471966244,0.4110051691532135
6001046782665412480,1166537543,38,2,2.0,2.472837790622484,0.3010299956639812,0.39319562911987305
439681991144937216,116722982,58,2,6.0,2.614580029328457,0.7781512503836436,0.4174019396305084
436179290697325824,116755714,58,0,3.0,2.753861671301197,0.47712125471966244,0.4399421215057373
436253851328943104,116848291,58,0,1.0,2.4304205048306846,0.0,0.3856814205646515
436195096176878592,116989163,18,3,2.0,2.5666028976908213,0.3010299956639812,0.4093586802482605
436195096176878592,116989163,58,3,8.0,2.4938713176171774,0.9030899869919435,0.3968740403652191
436802645068907008,117118743,58,0,6.0,2.7562948738211475,0.7781512503836436,0.44032567739486694
436309342307271808,117261990,58,3,2.0,2.520512931835343,0.3010299956639812,0.40148892998695374
436365692276945792,117264320,58,1,9.0,2.556880160679312,0.9542425094393249,0.40771037340164185
436346141586111360,117399547,58,1,1.0,2.6625485063674743,0.0,0.4252975285053253
436516153570668032,117400431,58,2,3.0,2.7327684236265077,0.47712125471966244,0.4366028308868408
446068882391314176,117529135,58,0,6.0,2.5316508989957303,0.7781512503836436,0.4034038186073303
436513988907722624,117615681,58,1,1.0,2.3807242933152835,0.0,0.37670910358428955
436533947615760384,117615682,58,3,3.0,2.396278298047559,0.47712125471966244,0.3795372545719147
435561296442107520,117619234,58,4,6.0,2.6617505468323337,0.7781512503836436,0.42516735196113586
436441588639061632,117620446,58,4,5.0,2.7620887466201616,0.6989700043360189,0.4412376284599304
436536838133473408,117621564,58,4,4.0,2.6849141381889607,0.6020599913279624,0.428930401802063
442898474972498432,117624789,58,0,4.0,2.296567980260433,0.6020599913279624,0.36107930541038513
435680765247601536,117663428,58,2,2.0,2.4037879350850746,0.3010299956639812,0.3808961510658264
435509516316497920,117664380,58,3,2.0,2.291336403679863,0.3010299956639812,0.36008885502815247
436438672361949312,117751168,58,3,7.0,2.471549145904463,0.8450980400142568,0.3929692506790161
442555358625377024,117752837,58,0,1.0,2.746910641249028,0.0,0.4388445317745209
446011639067173376,117756340,18,4,4.0,2.7560788803810863,0.6020599913279624,0.4402916431427002
442979289077843456,117802134,58,1,2.0,2.472255815478705,0.3010299956639812,0.39309340715408325
436471245393822464,117806121,58,0,8.0,2.7420198554280106,0.9030899869919435,0.4380705952644348
435712582369002624,117806404,18,3,1.0,2.4880246668187964,0.0,0.3958546817302704
435489793827423488,117808121,58,2,8.0,2.324146866841249,0.9030899869919435,0.36626356840133667
442480690613749888,117811471,58,4,2.0,2.8412800340733773,0.3010299956639812,0.453514039516449
442826044645857408,117868990,58,3,1.0,2.5431234003671452,0.0,0.4053674340248108
145238687096970496,118520413,43,0,4.0,2.7503098817345464,0.6020599913279624,0.4393816292285919
147523605402800256,118521008,43,0,9.0,2.47718555437246,0.9542425094393249,0.39395853877067566
147523605402800256,118521008,44,0,6.0,2.4048583926894818,0.7781512503836436,0.3810895085334778
147523609698860160,118521012,43,3,1.0,2.4214103792892128,0.0,0.38406839966773987
147523609698860160,118521012,44,3,4.0,2.499290723426149,0.6020599913279624,0.3978167772293091
146709146460303744,118679162,43,2,1.0,2.4214027358055263,0.0,0.38406702876091003
146708734143437568,118679163,43,3,2.0,2.5798181036607213,0.3010299956639812,0.4115890860557556
146708734143437568,118679163,44,3,3.0,2.47576722088436,0.47712125471966244,0.39370980858802795
146764465639042176,118679322,44,3,1.0,2.4498619877665333,0.0,0.38914161920547485
146767764173923328,118679348,43,0,1.0,2.473925925517975,0.0,0.39338669180870056
146767764173923328,118679348,44,0,2.0,2.736178703276913,0.3010299956639812,0.4371444582939148
146767935972608128,118679380,43,1,5.0,2.4861099371733424,0.6989700043360189,0.39552032947540283
146767935972608128,118679380,44,1,2.0,2.48084083176423,0.3010299956639812,0.39459890127182007
146874275068113664,118710667,43,4,1.0,2.7902615537046715,0.0,0.44564491510391235
5570338906629079936,119289797,6,2,4.0,2.343120410792359,0.6020599913279624,0.3697946071624756
5570338906629079936,119289797,7,2,1.0,2.5344682475769478,0.0,0.4038868546485901
5570338906629079936,119289797,33,2,1.0,2.3688134039167457,0.0,0.3745308518409729
5570338906629079936,119289797,34,2,1.0,2.331982958083077,0.0,0.3677253723144531
5570013515609539712,119523711,61,3,2.0,2.4683946682094158,0.3010299956639812,0.3924145996570587
5101127920110566528,121006547,31,2,2.0,2.3671390434303534,0.3010299956639812,0.3742237687110901
5087228577012243200,121007796,4,4,5.0,2.6853370142372466,0.6989700043360189,0.42899879813194275
5087228577012243200,121007796,31,4,6.0,2.695644592160483,0.7781512503836436,0.4306626319885254
5089009549627861120,121049033,4,1,3.0,2.401097563042873,0.47712125471966244,0.3804098069667816
5089009549627861120,121049033,31,1,8.0,2.376832387163518,0.9030899869919435,0.3759985566139221
6197282223497921152,121196226,11,3,5.0,2.5089676704840875,0.6989700043360189,0.39949506521224976
6199117995597281408,121357059,11,3,2.0,2.483514547802454,0.3010299956639812,0.3950667083263397
6196989444166807424,121407551,11,2,3.0,2.405329921376175,0.47712125471966244,0.38117465376853943
2978888062654110592,121634766,5,3,6.0,2.5196442853658345,0.7781512503836436,0.40133923292160034
2978888062654110592,121634766,32,3,4.0,2.5014385740171177,0.6020599913279624,0.39818984270095825
2978678571329039488,121637793,5,4,1.0,2.6359128133669096,0.0,0.42093104124069214
2978678571329039488,121637793,32,4,11.0,2.7962855128901434,1.0413926851582251,0.44658151268959045
2979189809876856064,121711329,32,0,3.0,2.6931856446421096,0.47712125471966244,0.43026629090309143
6197538822024048128,121779961,11,4,1.0,2.627822617191614,0.0,0.4195960462093353
6200377211288653440,122083452,11,0,4.0,2.76437043673184,0.6020599913279624,0.44159623980522156
5317505864239805696,122189102,8,0,2.0,2.5910664639152454,0.3010299956639812,0.4134785532951355
5317505864239805696,122189102,10,0,2.0,2.2889047672992637,0.3010299956639812,0.35962772369384766
5317505864239805696,122189102,62,0,2.0,2.739004494047187,0.3010299956639812,0.4375927448272705
5317505864239805696,122189102,63,0,1.0,2.53424859455516,0.0,0.40384921431541443
6199540551660194432,122250596,11,4,3.0,2.7145597119223135,0.47712125471966244,0.4336993992328644
6005090236665021952,122288890,11,0,3.0,2.4297478023926953,0.47712125471966244,0.3855611979961395
6005090236665021952,122288890,38,0,13.0,2.8453462283848223,1.1139433523068367,0.45413511991500854
4867211047550361856,1223040,5,3,1.0,2.4933223756996505,0.0,0.3967784345149994
4867211047550361856,1223040,31,3,2.0,2.365739722720279,0.3010299956639812,0.3739669620990753
4867211047550361856,1223040,32,3,6.0,2.3341617722436174,0.7781512503836436,0.36813095211982727
6005539181006707968,122397232,11,0,4.0,2.7834390590588405,0.6020599913279624,0.4445817172527313
6005536363506942976,122397233,11,0,1.0,2.587988707993917,0.0,0.4129623770713806
5304355735219498240,122495856,35,4,2.0,2.7746810965563644,0.3010299956639812,0.4432130753993988
5304355735219498240,122495856,36,4,2.0,2.7702926835318546,0.3010299956639812,0.4425256550312042
5304355735219498240,122495856,37,4,3.0,2.8610955318685787,0.47712125471966244,0.45653235912323
5507400009198303104,122906845,62,3,2.0,2.3051292243789674,0.3010299956639812,0.36269527673721313
5536209619030180992,123212059,34,1,6.0,2.4690729874424084,0.7781512503836436,0.39253392815589905
5536209619030180992,123212059,35,1,5.0,2.50488416605236,0.6989700043360189,0.39878764748573303
2320862200611102848,12359032,2,1,5.0,2.2964231541324165,0.6989700043360189,0.36105191707611084
2320862200611102848,12359032,29,1,2.0,2.5078692856542206,0.3010299956639812,0.39930489659309387
2320821694774884096,12359058,2,1,2.0,2.4655419754482217,0.3010299956639812,0.39191240072250366
2333019328880804096,12359212,29,4,1.0,2.7295217874309947,0.0,0.4360865652561188
5530787819813761024,123642034,7,2,8.0,2.4777889236883324,0.9030899869919435,0.3940643072128296
5530787819813761024,123642034,35,2,5.0,2.4309282399753847,0.6989700043360189,0.38577213883399963
5530787819813761024,123642034,61,2,4.0,2.342257124841627,0.6020599913279624,0.36963456869125366
5530787819813761024,123642034,62,2,6.0,2.366643981979199,0.7781512503836436,0.3741329312324524
2320878628861388928,12377787,2,1,1.0,2.3206227721949033,0.0,0.36560454964637756
2320924464751966720,12377884,29,4,2.0,2.6618683623443453,0.3010299956639812,0.4251865744590759
2320925564263593088,12377891,29,3,2.0,2.568780391002872,0.3010299956639812,0.40972697734832764
2320972529730330368,12377897,29,1,1.0,2.4395006511383697,0.0,0.38730093836784363
2320975660762130944,12377912,29,2,1.0,2.3751210649701937,0.0,0.37568575143814087
2320987132619281152,12377935,29,3,1.0,2.4752524984655113,0.0,0.39361950755119324
2333051420875627520,12393646,29,0,1.0,2.535943006926568,0.0,0.4041394889354706
2320908178235983360,12393842,29,1,2.0,2.5019877576043914,0.3010299956639812,0.3982851803302765
2320902234001248256,12393870,2,4,1.0,2.6311181825191743,0.0,0.4201403558254242
2320906872565926528,12393886,2,0,1.0,2.4330420510621193,0.0,0.3861496150493622
2320932951607396992,12393951,29,3,1.0,3.1364572143593814,0.0,0.4964393675327301
2320945699070402816,12394898,29,3,1.0,2.4101237275634593,0.0,0.382039338350296
2321395983441558272,12394976,29,4,2.0,2.8101180717635397,0.3010299956639812,0.44872456789016724
2321423088979562624,12418007,29,0,2.0,2.7671848954968725,0.3010299956639812,0.4420381784439087
2321395090088371456,12418075,29,3,2.0,2.480778864737578,0.3010299956639812,0.39458805322647095
2320744209268707328,12418282,29,1,1.0,2.495259954394964,0.0,0.3971157968044281
2321330253262075776,12420159,29,2,1.0,2.38139747689007,0.0,0.37683188915252686
2320733901347207936,12420253,29,0,1.0,2.548678693108254,0.0,0.4063150882720947
2321047610054534272,12424475,29,0,2.0,2.3777878787269198,0.3010299956639812,0.37617310881614685
2321128591662265856,12424590,29,1,2.0,2.4772093531394934,0.3010299956639812,0.39396271109580994
2320411160324629120,12509178,29,1,1.0,2.4246633743948074,0.0,0.38465145230293274
5164508202742806784,12546422,4,4,1.0,2.3887219630498397,0.0,0.378165602684021
5164508202742806784,12546422,31,4,1.0,2.352277106108843,0.0,0.371488481760025
70271854012150912,125735913,43,2,2.0,2.4253564718750322,0.3010299956639812,0.3847755789756775
70271854012150912,125735913,44,2,1.0,2.463241201085611,0.0,0.39150694012641907
70019378655328768,125736254,42,1,4.0,2.5088452596468427,0.6020599913279624,0.3994738757610321
70019378655328768,125736254,44,1,1.0,2.5542774960725003,0.0,0.40726807713508606
69871219462957952,125736380,43,3,4.0,2.5114674654873155,0.6020599913279624,0.39992755651474
69856272976786560,125736426,42,2,3.0,2.367484250884962,0.47712125471966244,0.37428709864616394
69841257769938944,125736597,42,3,1.0,2.4104088740907343,0.0,0.3820907175540924
69841257769938944,125736597,43,3,1.0,2.4855540048509157,0.0,0.39542320370674133
66837495084120320,125736623,42,1,2.0,2.226136054077484,0.3010299956639812,0.34755170345306396
66837495084120320,125736623,44,1,1.0,2.251646300560723,0.0,0.35250017046928406
66808220587759104,125736701,43,4,2.0,2.7684380788243197,0.3010299956639812,0.4422348141670227
66808220587759104,125736701,44,4,2.0,2.8020263478332645,0.3010299956639812,0.4474722146987915
66788669895935616,125736770,43,0,1.0,2.626569459979262,0.0,0.41938889026641846
66793583338514816,125736774,42,2,1.0,2.438669295429324,0.0,0.38715291023254395
66793583338514816,125736774,43,2,1.0,2.376949172427107,0.0,0.3760198950767517
66793583338514816,125736774,44,2,1.0,2.49269144713561,0.0,0.39666852355003357
66788253282520192,125736793,43,4,1.0,2.6601620993481387,0.0,0.4249081015586853
66786539592171392,125736833,42,3,1.0,2.5533598916628057,0.0,0.4071120321750641
66783584654831872,125736848,42,4,1.0,2.6235579111136014,0.0,0.41889065504074097
66783584654831872,125736848,43,4,2.0,2.5957576494570618,0.3010299956639812,0.41426414251327515
66783584654831872,125736848,44,4,2.0,2.7805786835628976,0.3010299956639812,0.4441351890563965
66732457364153216,125736921,42,1,1.0,2.46229344369628,0.0,0.39133980870246887
65229734206151680,125736974,42,0,3.0,2.570726507910879,0.47712125471966244,0.41005587577819824
65229734206151680,125736974,43,0,5.0,2.526544979469136,0.6989700043360189,0.4025270342826843
65229734206151680,125736974,44,0,5.0,2.643139012498467,0.6989700043360189,0.42212000489234924
65226401312036864,125736987,42,3,3.0,2.50036510441611,0.47712125471966244,0.3980034291744232
65226401312036864,125736987,43,3,1.0,2.4457295027872585,0.0,0.3884084224700928
65226401312036864,125736987,44,3,2.0,2.576045453414508,0.3010299956639812,0.4109535217285156
65223515093523328,125737018,43,3,2.0,2.4946821177495146,0.3010299956639812,0.39701521396636963
65223515093523328,125737018,44,3,1.0,2.363349785127135,0.0,0.37352800369262695
65211557904569856,125737030,44,3,2.0,2.531454767773682,0.3010299956639812,0.4033701717853546
65211145587780992,125737046,43,3,1.0,2.3795336167552827,0.0,0.37649184465408325
65211145587780992,125737046,44,3,3.0,2.4609466267620697,0.47712125471966244,0.3911021947860718
70274190474468864,125738769,42,2,2.0,2.442762359786071,0.3010299956639812,0.38788121938705444
70274190474468864,125738769,43,2,3.0,2.3886996700618734,0.47712125471966244,0.37816154956817627
70274190474468864,125738769,44,2,2.0,2.4398520581736527,0.3010299956639812,0.3873634934425354
70077270518065920,125738848,42,1,2.0,2.257064793895949,0.3010299956639812,0.3535440266132355
70077270518065920,125738848,43,1,1.0,2.2167650481729133,0.0,0.34571966528892517
70077270518065920,125738848,44,1,3.0,2.4873297050401835,0.47712125471966244,0.3957333564758301
70072773688658432,125738887,42,3,3.0,2.470790625453175,0.47712125471966244,0.39283594489097595
70072773688658432,125738887,43,3,3.0,2.530133666726106,0.47712125471966244,0.4031434655189514
70072773688658432,125738887,44,3,1.0,2.5039829311793755,0.0,0.39863136410713196
70060610341280128,125738909,43,3,2.0,2.370337509106956,0.3010299956639812,0.37481018900871277
70028170451469312,125739049,42,2,4.0,2.342624906850137,0.6020599913279624,0.3697027564048767
70028170451469312,125739049,43,2,4.0,2.374511573795385,0.6020599913279624,0.3755742907524109
70028170451469312,125739049,44,2,2.0,2.3654543414715423,0.3010299956639812,0.37391456961631775
69974504837007232,125754284,42,2,1.0,2.3187297833500815,0.0,0.3652501404285431
69974504837007232,125754284,43,2,1.0,2.452611206770275,0.0,0.38962870836257935
69974504837007232,125754284,44,2,1.0,2.336265667185876,0.0,0.3685222268104553
69968113925681408,125754322,43,3,1.0,2.5154588204205557,0.0,0.40061721205711365
69968113925681408,125754322,44,3,2.0,2.4508922471987247,0.3010299956639812,0.38932421803474426
69951449452730752,125754428,42,0,1.0,2.375721419994468,0.0,0.37579551339149475
69951449452730752,125754428,43,0,1.0,2.5542385840736315,0.0,0.407261461019516
69951449452730752,125754428,44,0,1.0,2.8341781714376597,0.0,0.4524271488189697
69947635521777152,125754485,42,4,2.0,2.7859012626071933,0.3010299956639812,0.4449657201766968
69947635521777152,125754485,43,4,1.0,2.6500127483417724,0.0,0.42324796319007874
69947635521777152,125754485,44,4,1.0,2.883546128329894,0.0,0.45992690324783325
66847631206903040,125754563,42,3,1.0,2.4841085488617125,0.0,0.39517056941986084
66847631206903040,125754563,43,3,6.0,3.0538011245846723,0.7781512503836436,0.4848407506942749
66823304512166528,125754671,42,3,5.0,2.4676613309137294,0.6989700043360189,0.39228555560112
66823304512166528,125754671,43,3,3.0,2.513032654045181,0.47712125471966244,0.4001981317996979
66823304512166528,125754671,44,3,3.0,2.5485365062964314,0.47712125471966244,0.40629085898399353
66823132713476480,125754683,44,4,1.0,2.686704861523142,0.0,0.42921996116638184
66821655244731264,125754697,42,0,1.0,2.457652879583763,0.0,0.39052054286003113
66821655244731264,125754697,43,0,1.0,2.440025687667622,0.0,0.38739439845085144
66821655244731264,125754697,44,0,4.0,2.5410061913244015,0.6020599913279624,0.40500572323799133
66816295125702144,125754781,42,1,6.0,2.3972833913975484,0.7781512503836436,0.3797193765640259
66816295125702144,125754781,43,1,2.0,2.3404839660946632,0.3010299956639812,0.36930567026138306
66816295125702144,125754781,44,1,3.0,2.4634249473332677,0.47712125471966244,0.3915393352508545
66792999222948992,125754787,43,1,2.0,2.5042695588160973,0.3010299956639812,0.39868107438087463
66791659193405952,125754804,43,0,1.0,2.5990229895954675,0.0,0.4148101210594177
66791659193405952,125754804,44,0,1.0,2.1656042609923425,0.0,0.3355790972709656
66742765285619584,125754869,42,0,2.0,2.7458550581142447,0.3010299956639812,0.4386776089668274
66742765285619584,125754869,43,0,6.0,2.568339739220875,0.7781512503836436,0.4096524715423584
66742765285619584,125754869,44,0,2.0,2.8139409635374726,0.3010299956639812,0.44931498169898987
66741116018188416,125754895,42,4,1.0,2.788479496377605,0.0,0.4453674554824829
66741116018188416,125754895,43,4,3.0,2.4897997400842224,0.47712125471966244,0.3961644172668457
66738023641737088,125754907,44,3,1.0,2.5089895363396866,0.0,0.399498850107193
66737576965143296,125754921,44,2,1.0,2.3507436427258477,0.0,0.37120527029037476
66740497542906368,125754923,43,4,2.0,2.5627551331437535,0.3010299956639812,0.4087071120738983
66737405166459264,125754942,42,3,1.0,2.494652159498726,0.0,0.3970099985599518
66737405166459264,125754942,43,3,1.0,2.442575461521331,0.0,0.38784798979759216
66737405166459264,125754942,44,3,1.0,2.3288637344739276,0.0,0.36714407801628113
66730120901930240,125754985,42,3,2.0,2.3279921221810387,0.3010299956639812,0.36698150634765625
66730120901930240,125754985,43,3,8.0,2.567091871170905,0.9030899869919435,0.40944141149520874
66730120901930240,125754985,44,3,6.0,2.543016599314349,0.7781512503836436,0.4053491950035095
66716136489019008,125755030,42,2,1.0,2.3328591062042707,0.0,0.36788851022720337
66716136489019008,125755030,44,2,1.0,2.35815572781814,0.0,0.37257248163223267
66715827250786432,125755046,42,0,1.0,2.8057071126773803,0.0,0.4480423331260681
66711532283494656,125755076,42,4,1.0,2.5331713009145087,0.0,0.40366455912590027
66710845088732160,125755093,42,1,1.0,2.7634693299176827,0.0,0.4414546489715576
66710845088732160,125755093,43,1,3.0,2.4181220891512596,0.47712125471966244,0.38347822427749634
66710845088732160,125755093,44,1,1.0,2.567697404367455,0.0,0.40954384207725525
65212760495396736,125755094,43,4,3.0,2.6257190382507005,0.47712125471966244,0.4192482531070709
66710948167949696,125755099,42,3,1.0,2.508337602502303,0.0,0.3993859887123108
66280248847432192,125783029,43,2,1.0,2.3446081951217352,0.0,0.37007027864456177
147545221974214016,125881335,43,4,1.0,2.862990597484582,0.0,0.45681992173194885
147545221974214016,125881335,44,4,8.0,2.637992336285197,0.9030899869919435,0.42127352952957153
148449845165337600,125882881,43,1,1.0,2.4416380012010035,0.0,0.3876812756061554
157908767605448960,125884323,43,3,2.0,2.4615945204553973,0.3010299956639812,0.391216516494751
148106316500918272,125914458,44,3,2.0,2.4897848756572882,0.3010299956639812,0.396161824464798
147441558642852736,125977598,43,0,5.0,2.693969549864655,0.6989700043360189,0.43039268255233765
147441558642852736,125977598,44,0,2.0,2.540728609605156,0.3010299956639812,0.4049582779407501
135287316592202880,126026661,58,3,7.0,2.5066953497153404,0.8450980400142568,0.3991015553474426
136166066901394048,126027667,58,4,6.0,2.6258094917239747,0.7781512503836436,0.41926321387290955
3247412647814482816,12631414,31,4,3.0,2.807142630525784,0.47712125471966244,0.448264479637146
6099307559847568512,127025883,11,4,1.0,2.812434033768003,0.0,0.4490823447704315
6092201450556437632,127089264,11,3,7.0,2.5510074526377564,0.8450980400142568,0.40671172738075256
6092201450556437632,127089264,38,3,10.0,2.4288907685054193,1.0,0.3854079842567444
6099512000288926208,127249954,11,0,1.0,2.7459765962951863,0.0,0.43869683146476746
6103240203697723392,127311608,11,1,7.0,2.462644585159079,0.8450980400142568,0.3914017379283905
6103240203697723392,127311608,38,1,4.0,2.290426182491328,0.6020599913279624,0.3599162995815277
2594993646533642496,12787754,42,0,3.0,2.5278340234319963,0.47712125471966244,0.40274855494499207
6099761589426489728,128829962,11,1,1.0,2.796025325171308,0.0,0.44654110074043274
5905886387736675840,129116176,11,0,7.0,2.872500539723476,0.8450980400142568,0.45826011896133423
5905886387736675840,129116176,38,0,3.0,2.479528449043427,0.47712125471966244,0.39436909556388855
5905608589252667136,129419398,11,1,1.0,2.356438124822734,0.0,0.3722560405731201
4876536108745448448,13020091,5,4,8.0,2.8068743058359544,0.9030899869919435,0.44822296500205994
4876536108745448448,13020091,32,4,8.0,2.693170859657292,0.9030899869919435,0.4302639067173004
5509434895981911424,130258825,61,0,2.0,2.68015801231818,0.3010299956639812,0.4281603991985321
5562493547567828480,130292176,61,4,3.0,2.470711615698238,0.47712125471966244,0.3928220570087433
5562430806685687936,130292882,61,1,3.0,2.4886154772257263,0.47712125471966244,0.3959577977657318
5562123012149662080,130293719,61,0,3.0,2.4051663530014524,0.47712125471966244,0.3811451196670532
5557658685702796544,130297425,6,0,2.0,2.6308401446662164,0.3010299956639812,0.42009446024894714
5557658685702796544,130297425,7,0,1.0,2.6660215367270457,0.0,0.425863653421402
5557658685702796544,130297425,8,0,1.0,2.6787455201989068,0.0,0.42793145775794983
5557658685702796544,130297425,33,0,1.0,2.4288812679764256,0.0,0.3854062855243683
5557658685702796544,130297425,34,0,3.0,3.0403186036281893,0.47712125471966244,0.4829190969467163
5562489458759467136,130332778,61,3,3.0,2.4503525975293967,0.47712125471966244,0.38922858238220215
5562865663534855936,130332969,61,1,5.0,2.0512848110545066,0.6989700043360189,0.3120259642601013
5558720126740813568,130335750,61,1,1.0,2.489128366569657,0.0,0.39604729413986206
5557668714448447616,130376100,61,4,1.0,2.533570277348848,0.0,0.40373295545578003
5557612712373718656,130376273,61,3,7.0,2.4927957925205146,0.8450980400142568,0.39668670296669006
5562512136187128192,130418093,7,0,4.0,2.6045677692061653,0.6020599913279624,0.41573566198349
5559134436466111360,130513139,6,3,2.0,2.501671348588407,0.3010299956639812,0.39823025465011597
5559134436466111360,130513139,7,3,8.0,2.5043463764728755,0.9030899869919435,0.39869439601898193
5559134436466111360,130513139,8,3,4.0,2.6190089593925467,0.6020599913279624,0.41813698410987854
5559134436466111360,130513139,33,3,3.0,4.343138447785475,0.47712125471966244,0.6378036737442017
5559134436466111360,130513139,34,3,4.0,2.5034984195016183,0.6020599913279624,0.39854732155799866
5509295528586671744,130515595,61,1,4.0,2.45005885877264,0.6020599913279624,0.38917651772499084
5562570582102150784,130519880,61,2,1.0,2.337985733336959,0.0,0.36884185671806335
5558025853867433856,130575241,61,2,2.0,2.3557471015572866,0.3010299956639812,0.3721286654472351
5559172026020076160,130579414,61,1,2.0,2.3776888369206852,0.3010299956639812,0.3761550188064575
5559295136962606848,130648886,61,3,1.0,2.6064454854980936,0.0,0.41604864597320557
5509886275568118784,130651777,61,0,2.0,2.753457480123435,0.3010299956639812,0.43987837433815
5538547421274143488,130797034,34,3,1.0,2.497094680453745,0.0,0.3974350094795227
5538547421274143488,130797034,35,3,5.0,2.558420981163187,0.6989700043360189,0.4079720079898834
5538547283835168000,130797038,34,4,1.0,2.5773459571337276,0.0,0.4111727178096771
5538547283835168000,130797038,35,4,2.0,2.6843999590568135,0.3010299956639812,0.42884722352027893
5888042104328901888,133010063,12,1,4.0,2.2915099998647603,0.6020599913279624,0.3601217567920685
2956556844055510528,13324350,5,4,12.0,2.714534005465173,1.0791812460476249,0.4336952865123749
2956556844055510528,13324350,32,4,15.0,2.6743491707485045,1.1760912590556813,0.42721810936927795
5558548053171571968,134316394,61,4,4.0,2.6975205876622774,0.6020599913279624,0.43096476793289185
5561130183211120384,134353120,33,2,1.0,2.455059231614854,0.0,0.39006197452545166
5508980179205357952,134358110,61,0,2.0,2.6654290315701994,0.3010299956639812,0.42576712369918823
5558201294692005632,134361283,61,3,2.0,2.3175117463206973,0.3010299956639812,0.3650219440460205
5509773270686988800,134468359,61,4,4.0,2.7359233573713806,0.6020599913279624,0.43710392713546753
5509790755494833792,134468535,61,3,6.0,2.5853027510789692,0.7781512503836436,0.41251140832901
5559989650354601216,134471363,61,0,1.0,2.673116749528332,0.0,0.4270179271697998
5559727348112322048,134540869,61,4,1.0,2.5672019735083924,0.0,0.40946003794670105
5511620759459968896,134628183,61,3,6.0,2.3996439164924794,0.7781512503836436,0.3801468014717102
6151049133934677248,135097399,10,1,1.0,2.518908340554871,0.0,0.4012123644351959
2053568110703900672,137759349,40,4,1.0,2.827641198502194,0.0,0.4514243006706238
2053568110703900672,137759349,41,4,1.0,2.6082327355255246,0.0,0.41634634137153625
2053568110703900672,137759349,54,4,4.0,2.6430677317097944,0.6020599913279624,0.4221082925796509
2053568110703900672,137759349,55,4,2.0,2.6820293037072034,0.3010299956639812,0.42846351861953735
124151875142913152,137886595,58,4,4.0,2.4099783555142373,0.6020599913279624,0.38201314210891724
125673496156604928,137993730,58,1,1.0,2.387677039055645,0.0,0.37797558307647705
125547361557297664,138020975,58,1,1.0,2.2069283640609787,0.0,0.3437882363796234
2077569590543585920,138100090,40,3,1.0,2.574267540208234,0.0,0.410653680562973
2077569590543585920,138100090,41,3,2.0,2.500634672716997,0.3010299956639812,0.3980502486228943
2449820419035086208,138666883,42,2,2.0,2.3503200712957195,0.3010299956639812,0.37112700939178467
3183414542727824896,138799692,5,1,3.0,2.4868733312324167,0.47712125471966244,0.3956536650657654
4817239858975897728,13912397,4,1,1.0,2.4750575094770575,0.0,0.39358529448509216
4817239858975897728,13912397,5,1,7.0,2.324727637009941,0.8450980400142568,0.36637207865715027
4817239858975897728,13912397,31,1,5.0,2.4526566492783375,0.6989700043360189,0.389636754989624
4817239858975897728,13912397,32,1,4.0,2.5877626407660776,0.6020599913279624,0.4129244387149811
2969532867969662592,139412540,6,3,2.0,2.527094472632225,0.3010299956639812,0.40262147784233093
5068272932125221504,139526229,30,2,1.0,2.540114794411588,0.0,0.40485334396362305
4813691219557127808,13955147,4,2,3.0,2.487074883161019,0.47712125471966244,0.39568886160850525
4813691219557127808,13955147,5,2,1.0,2.3354568319155047,0.0,0.368371844291687
4813691219557127808,13955147,31,2,4.0,2.5397308213015966,0.6020599913279624,0.40478768944740295
4813691219557127808,13955147,32,2,2.0,2.509244365085345,0.3010299956639812,0.3995429575443268
4814134872498801408,13981777,31,2,7.0,2.5104000282354906,0.8450980400142568,0.3997429311275482
4814134872498801408,13981777,32,2,3.0,2.415576955682014,0.47712125471966244,0.38302087783813477
2888316685668937984,140209922,5,2,5.0,2.5469895788990637,0.6989700043360189,0.4060271680355072
2888316685668937984,140209922,6,2,3.0,2.3662079653939116,0.47712125471966244,0.37405291199684143
2888316685668937984,140209922,32,2,2.0,2.379027963626263,0.3010299956639812,0.37639954686164856
2888316685668937984,140209922,33,2,1.0,2.473715423774722,0.0,0.3933497369289398
5322181262549469312,140305443,9,0,1.0,2.5121645168205857,0.0,0.40004807710647583
50856471531291648,14076629,42,2,4.0,2.3700483204537157,0.6020599913279624,0.37475720047950745
50856471531291648,14076629,43,2,4.0,2.510050689728609,0.6020599913279624,0.39968249201774597
50856471531291648,14076629,44,2,3.0,2.660422058497612,0.47712125471966244,0.4249505400657654
51307065140124032,14076858,42,1,2.0,2.1929451360505405,0.3010299956639812,0.34102776646614075
51307065140124032,14076858,43,1,1.0,2.541272119337361,0.0,0.40505117177963257
51307065140124032,14076858,44,1,4.0,2.466563933850462,0.6020599913279624,0.39209237694740295
65430150263676800,14078231,44,0,1.0,2.621967245987876,0.0,0.4186272621154785
65431185353051776,14078240,43,1,1.0,2.5016110929159012,0.0,0.3982197940349579
65750627840192256,14078777,43,3,2.0,2.483426439802146,0.3010299956639812,0.3950513005256653
65750627840192256,14078777,44,3,1.0,3.095406209436761,0.0,0.49071764945983887
4820295711027399296,14085128,5,0,12.0,2.744907621627356,1.0791812460476249,0.4385277330875397
4820295711027399296,14085128,6,0,3.0,2.6942091476465677,0.47712125471966244,0.4304313063621521
4820295711027399296,14085128,32,0,12.0,2.226273850352934,1.0791812460476249,0.34757858514785767
4813007392044212608,14087575,5,3,17.0,2.5573397296473206,1.2304489213782739,0.4077884256839752
4813007392044212608,14087575,32,3,14.0,2.318277140343169,1.146128035678238,0.3651653528213501
4651456423469407744,140891597,1,1,9.0,2.4818599346693433,0.9542425094393249,0.3947772681713104
4651456423469407744,140891597,2,1,2.0,2.4863148395663215,0.3010299956639812,0.39555612206459045
4651456423469407744,140891597,3,1,2.0,2.3193621995974865,0.3010299956639812,0.3653685748577118
4651456423469407744,140891597,4,1,8.0,2.5629325844132933,0.9030899869919435,0.4087371826171875
4651456423469407744,140891597,5,1,35.0,2.4667701029680273,1.5440680443502757,0.39212867617607117
4651456423469407744,140891597,6,1,34.0,2.4896804854578694,1.5314789170422551,0.3961436152458191
4651456423469407744,140891597,7,1,25.0,2.471375138743994,1.3979400086720377,0.39293867349624634
4651456423469407744,140891597,8,1,8.0,2.366914401336852,0.9030899869919435,0.3741825520992279
4651456423469407744,140891597,9,1,6.0,2.497284208032446,0.7781512503836436,0.3974679708480835
4651456423469407744,140891597,10,1,9.0,2.4325943024778183,0.9542425094393249,0.3860696852207184
4651456423469407744,140891597,11,1,16.0,2.4135588101548042,1.2041199826559248,0.38265788555145264
4651456423469407744,140891597,12,1,3.0,2.6072853708413555,0.47712125471966244,0.4161885678768158
4651456423469407744,140891597,13,1,1.0,2.6222065580113316,0.0,0.41866689920425415
4651456423469407744,140891597,27,1,3.0,2.29584677677966,0.47712125471966244,0.36094290018081665
4651456423469407744,140891597,28,1,3.0,2.495889649063845,0.47712125471966244,0.39722537994384766
4651456423469407744,140891597,29,1,2.0,2.4278889174256997,0.3010299956639812,0.38522881269454956
4651456423469407744,140891597,30,1,8.0,2.4664205735299896,0.9030899869919435,0.3920671343803406
4651456423469407744,140891597,31,1,6.0,2.500583364989602,0.7781512503836436,0.39804133772850037
4651456423469407744,140891597,32,1,13.0,2.369660622307199,1.1139433523068367,0.3746861517429352
4651456423469407744,140891597,33,1,1.0,2.263059051172392,0.0,0.3546958863735199
4651456423469407744,140891597,34,1,4.0,2.4723428485307912,0.6020599913279624,0.39310869574546814
4651456423469407744,140891597,35,1,6.0,2.452556171971176,0.7781512503836436,0.38961896300315857
4651456423469407744,140891597,36,1,5.0,2.359608529991151,0.6989700043360189,0.37283995747566223
4651456423469407744,140891597,37,1,2.0,2.2290667491711087,0.3010299956639812,0.34812307357788086
4651456423469407744,140891597,38,1,5.0,2.257051009158328,0.6989700043360189,0.35354137420654297
4651456423469407744,140891597,39,1,2.0,2.204923541829694,0.3010299956639812,0.3433935344219208
4651456423469407744,140891597,62,1,23.0,2.2803166193237043,1.3617278360175928,0.3579951524734497
4651456423469407744,140891597,63,1,10.0,2.326713495990529,1.0,0.36674290895462036
4651456423469407744,140891597,64,1,12.0,2.4663315487646384,1.0791812460476249,0.39205145835876465
4651456423469407744,140891597,65,1,7.0,2.4159302217133587,0.8450980400142568,0.38308438658714294
4651456423469407744,140891597,66,1,4.0,2.4464831836162984,0.6020599913279624,0.3885422348976135
4651456423469407744,140891597,67,1,6.0,2.362227774983299,0.7781512503836436,0.3733217716217041
51311566265952768,14108773,42,1,1.0,2.498259834288496,0.0,0.39763760566711426
51311566265952768,14108773,43,1,1.0,2.2081802578679315,0.0,0.3440345227718353
51365476695288064,14108972,43,4,2.0,2.6488995135184936,0.3010299956639812,0.4230654835700989
51365476695288064,14108972,44,4,3.0,2.6028239323610323,0.47712125471966244,0.4154447913169861
51783737790828800,14109537,43,4,1.0,2.6895028126144633,0.0,0.4296720027923584
65309100904545280,14109776,43,3,1.0,2.446406126300301,0.0,0.3885285556316376
65309100904545280,14109776,44,3,1.0,2.7542986197483734,0.0,0.44001102447509766
65330099002345216,14109888,44,3,4.0,2.427566886440861,0.6020599913279624,0.38517120480537415
65732447241199744,14110469,42,3,3.0,2.5254853448476995,0.47712125471966244,0.40234485268592834
65754132533480064,14110755,42,4,2.0,2.870844439039804,0.3010299956639812,0.45800966024398804
65754132533480064,14110755,44,4,1.0,2.6506178329952945,0.0,0.4233471155166626
65435102362687616,14111089,42,0,1.0,2.475654584356437,0.0,0.3936900496482849
65435102362687616,14111089,43,0,1.0,2.5752757160204287,0.0,0.4108237326145172
51760270089541504,14111872,43,0,1.0,2.4211252604526945,0.0,0.3840172588825226
50101210121892992,14112924,43,3,1.0,2.4341549345677875,0.0,0.3863482177257538
5161117923061794688,141287580,31,1,3.0,2.4690196164122957,0.47712125471966244,0.3925245404243469
4650268744744759936,141423634,1,1,3.0,2.2988198691957713,0.47712125471966244,0.3615049421787262
4650268744744759936,141423634,2,1,5.0,2.4614396252464013,0.6989700043360189,0.39118918776512146
4650268744744759936,141423634,4,1,2.0,2.6071014494848774,0.3010299956639812,0.41615793108940125
4650268744744759936,141423634,5,1,1.0,2.4843490872551515,0.0,0.3952126204967499
4650268744744759936,141423634,7,1,2.0,1.787383848771388,0.3010299956639812,0.2522178292274475
4650268744744759936,141423634,9,1,1.0,2.3201767651505936,0.0,0.36552107334136963
4650268744744759936,141423634,10,1,1.0,2.458283880216298,0.0,0.3906320333480835
4650268744744759936,141423634,27,1,3.0,2.3973427792683295,0.47712125471966244,0.37973013520240784
4650268744744759936,141423634,29,1,1.0,2.4950962632295357,0.0,0.39708730578422546
4650268744744759936,141423634,30,1,1.0,2.161275899055875,0.0,0.3347102105617523
4650268744744759936,141423634,31,1,1.0,2.3432654483182307,0.0,0.3698214888572693
4650268744744759936,141423634,32,1,4.0,2.2193911236236414,0.6020599913279624,0.3462338447570801
4650268744744759936,141423634,34,1,4.0,2.3161536829717924,0.6020599913279624,0.3647673726081848
4650268744744759936,141423634,36,1,1.0,2.3291181693619594,0.0,0.36719152331352234
4650268744744759936,141423634,37,1,2.0,2.331668047730361,0.3010299956639812,0.36766672134399414
4650268744744759936,141423634,38,1,1.0,2.193718766004599,0.0,0.3411809504032135
4650268744744759936,141423634,39,1,1.0,2.0388126176793127,0.0,0.3093773126602173
4650268744744759936,141423634,61,1,1.0,2.3587519564082275,0.0,0.37268227338790894
4650268744744759936,141423634,62,1,3.0,2.4201646438737128,0.47712125471966244,0.38384491205215454
4650268744744759936,141423634,63,1,3.0,2.4934992970226277,0.47712125471966244,0.39680925011634827
4650268744744759936,141423634,64,1,3.0,2.646971232170261,0.47712125471966244,0.42274922132492065
4650268744744759936,141423634,66,1,2.0,2.5065023558562296,0.3010299956639812,0.39906811714172363
4650268744744759936,141423634,67,1,4.0,2.1279210668484305,0.6020599913279624,0.3279555141925812
50472875115329920,14155535,42,4,1.0,2.7061360216043484,0.0,0.43234962224960327
51257621476724096,14155762,42,3,2.0,2.4925505022719516,0.3010299956639812,0.3966439664363861
51257621476724096,14155762,43,3,5.0,2.384421959863968,0.6989700043360189,0.37738311290740967
51257621476724096,14155762,44,3,1.0,2.511180530979502,0.0,0.3998779356479645
51765595848971648,14156573,42,1,1.0,2.4788709020456583,0.0,0.3942539095878601
51765595848971648,14156573,43,1,4.0,2.474330003243742,0.6020599913279624,0.3934576213359833
65779971056668032,14157805,44,4,1.0,2.5965434869184483,0.0,0.41439560055732727
65768151306811904,14157808,42,2,2.0,2.6000790429069993,0.3010299956639812,0.4149865508079529
65768151306811904,14157808,43,2,6.0,2.3706922932096237,0.7781512503836436,0.37487518787384033
65768151306811904,14157808,44,2,4.0,2.3785258455688947,0.6020599913279624,0.376307874917984
65419434321982464,14158303,42,3,3.0,2.2037050998517813,0.47712125471966244,0.3431534767150879
65419434321982464,14158303,43,3,3.0,2.5171168329173486,0.47712125471966244,0.4009033739566803
65419434321982464,14158303,44,3,2.0,2.528084000290324,0.3010299956639812,0.40279150009155273
65338688937033344,14158619,44,4,1.0,2.639540919186881,0.0,0.4215283989906311
49809495943068288,14160888,43,0,1.0,2.562196479309459,0.0,0.4086124300956726
49809495943068288,14160888,44,0,1.0,2.5457049167902106,0.0,0.40580806136131287
51391658816356608,14177685,43,1,1.0,2.326340549318717,0.0,0.3666732907295227
65467778474649856,14179884,43,2,1.0,2.3995335906080832,0.0,0.38012683391571045
6000321208067075456,141961374,11,0,2.0,2.008128390943265,0.3010299956639812,0.3027914762496948
6000321208067075456,141961374,38,0,3.0,2.576973155583019,0.47712125471966244,0.41110989451408386
5261554496328279552,142015852,4,3,2.0,2.585102463358362,0.3010299956639812,0.4124777615070343
5261554496328279552,142015852,5,3,1.0,2.5276262197116077,0.0,0.4027128517627716
5261554496328279552,142015852,6,3,4.0,2.5713828345717773,0.6020599913279624,0.41016674041748047
5261554496328279552,142015852,7,3,2.0,2.4031653156781063,0.3010299956639812,0.38078364729881287
5261554496328279552,142015852,8,3,4.0,2.4962705912769803,0.6020599913279624,0.3972916603088379
5261554496328279552,142015852,9,3,3.0,2.4405233712192884,0.47712125471966244,0.38748297095298767
5261554496328279552,142015852,10,3,5.0,2.409598676485134,0.6989700043360189,0.3819447159767151
5261554496328279552,142015852,11,3,8.0,2.4705539428384657,0.9030899869919435,0.39279434084892273
5261554496328279552,142015852,27,3,10.0,2.4819696174694323,1.0,0.3947964608669281
5261554496328279552,142015852,28,3,4.0,2.5017281722189306,0.6020599913279624,0.3982401192188263
5261554496328279552,142015852,29,3,6.0,2.5192137911964387,0.7781512503836436,0.401265025138855
5261554496328279552,142015852,30,3,5.0,2.500606358957989,0.6989700043360189,0.3980453312397003
5261554496328279552,142015852,31,3,13.0,2.562042637902971,1.1139433523068367,0.4085863530635834
5261554496328279552,142015852,32,3,10.0,2.5376455177530604,1.0,0.40443095564842224
5261554496328279552,142015852,33,3,7.0,2.563902188252421,0.8450980400142568,0.4089014530181885
5261554496328279552,142015852,34,3,5.0,2.4956670029301073,0.6989700043360189,0.39718663692474365
5261554496328279552,142015852,35,3,7.0,2.4169175185341363,0.8450980400142568,0.3832618296146393
5261554496328279552,142015852,36,3,4.0,2.4601346359571883,0.6020599913279624,0.39095887541770935
5261554496328279552,142015852,37,3,8.0,2.508755564358015,0.9030899869919435,0.3994583487510681
5261554496328279552,142015852,38,3,10.0,2.46340888800698,1.0,0.39153650403022766
5261554496328279552,142015852,61,3,7.0,2.236267503863765,0.8450980400142568,0.34952375292778015
5261554496328279552,142015852,62,3,4.0,2.4760698188921157,0.6020599913279624,0.39376288652420044
5261554496328279552,142015852,63,3,4.0,2.4977052986230572,0.6020599913279624,0.39754119515419006
5261554496328279552,142015852,64,3,5.0,2.530495003657888,0.6989700043360189,0.4032054841518402
5261554496328279552,142015852,65,3,6.0,2.5159898456766627,0.7781512503836436,0.4007088840007782
5261554496328279552,142015852,66,3,2.0,2.6154081778154787,0.3010299956639812,0.41753947734832764
5261554496328279552,142015852,67,3,4.0,2.427832104924793,0.6020599913279624,0.38521865010261536
65552681387907200,14225672,44,1,1.0,2.507470398927649,0.0,0.3992358148097992
65471729844532864,14226320,42,1,6.0,2.4141703720125585,0.7781512503836436,0.382767915725708
65471729844532864,14226320,43,1,6.0,2.4693264732280897,0.7781512503836436,0.39257851243019104
65471729844532864,14226320,44,1,5.0,2.3474880091384485,0.6989700043360189,0.37060338258743286
53335045618385536,14226607,44,1,1.0,2.2214371493143803,0.0,0.34663403034210205
53251929411490688,14226920,42,2,2.0,2.371875453214408,0.3010299956639812,0.37509188055992126
53251929411490688,14226920,43,2,2.0,2.5527582651724616,0.3010299956639812,0.40700969099998474
51398595186022400,14227572,44,4,1.0,2.863807813021022,0.0,0.4569438695907593
3466327989885650176,142387735,10,4,1.0,2.630836714512559,0.0,0.4200938940048218
3466327989885650176,142387735,37,4,2.0,2.5129888520532715,0.3010299956639812,0.4001905620098114
6000431502827942272,142513032,11,4,4.0,2.4720944816091937,0.6020599913279624,0.39306506514549255
53255434104774272,14251565,42,1,1.0,2.4501220760463434,0.0,0.3891877233982086
53255434104774272,14251565,44,1,1.0,3.3496992607981997,0.0,0.5250058174133301
53258732639653760,14251584,43,2,1.0,2.419297708735914,0.0,0.3836893141269684
65561473183104640,14252394,43,2,2.0,2.435247939298508,0.3010299956639812,0.3865431845188141
65506467539939584,14252825,44,0,2.0,2.2667091300430355,0.3010299956639812,0.3553957939147949
51408529447927296,14254194,43,0,1.0,2.7523799269882745,0.0,0.4397083818912506
51408529447927296,14254194,44,0,1.0,2.774052068989487,0.0,0.44311460852622986
65945997312877952,14255379,44,0,2.0,2.6534455737070832,0.3010299956639812,0.4238101840019226
65486951208575488,14255769,44,4,2.0,2.900310627991017,0.3010299956639812,0.4624445140361786
50229028348709248,14282584,43,1,3.0,2.447210395143302,0.47712125471966244,0.38867130875587463
50229028348709248,14282584,44,1,1.0,2.336686705750748,0.0,0.3686004877090454
53341642688604416,14285398,43,4,3.0,2.7059681526523125,0.47712125471966244,0.4323226809501648
53341642688604416,14285398,44,4,2.0,2.403312420731056,0.3010299956639812,0.3808102309703827
2889149393928673664,143141922,6,0,4.0,2.241966203090008,0.6020599913279624,0.350629061460495
2889149393928673664,143141922,32,0,1.0,2.4817660950032856,0.0,0.3947608470916748
2889149393928673664,143141922,33,0,1.0,2.712089093463143,0.0,0.43330395221710205
5532512786061012608,143156471,34,0,2.0,2.3635080768339782,0.3010299956639812,0.37355709075927734
5532512786061012608,143156471,35,0,3.0,2.478025279136382,0.47712125471966244,0.3941057324409485
50561458818290560,14330418,43,1,2.0,2.5659000734438475,0.3010299956639812,0.4092397391796112
50561458818290560,14330418,44,1,1.0,2.4999346447136968,0.0,0.3979286551475525
2984220964629601280,143376069,32,3,1.0,2.4935506305103505,0.0,0.3968181908130646
6000349589207590016,143706146,38,3,1.0,2.5069496013832504,0.0,0.39914560317993164
5518731541677453696,144071902,35,4,1.0,2.5940950096519084,0.0,0.41398587822914124
4841643382115183360,144126052,4,4,1.0,2.7628506174062695,0.0,0.44135740399360657
4841643382115183360,144126052,5,4,6.0,2.483238815966326,0.7781512503836436,0.39501848816871643
4841643382115183360,144126052,31,4,6.0,2.6016176880216406,0.7781512503836436,0.4152434766292572
4841643450834660608,144126053,4,0,7.0,2.4974221643660446,0.8450980400142568,0.3974919617176056
4841643450834660608,144126053,5,0,9.0,2.6455201330481977,0.9542425094393249,0.4225110709667206
4841643450834660608,144126053,31,0,13.0,2.675401315527502,1.1139433523068367,0.4273889362812042
4838343163605429760,144162567,4,1,9.0,2.3959778880547606,0.9542425094393249,0.37948280572891235
4838343163605429760,144162567,5,1,8.0,2.2728035506518487,0.9030899869919435,0.35656189918518066
4809722394897908096,144486791,5,1,2.0,2.4691985409861164,0.3010299956639812,0.39255601167678833
4809722394897908096,144486791,33,1,1.0,2.3310473124514406,0.0,0.3675510883331299
6139670356818693760,144823014,37,0,1.0,2.5300574470250163,0.0,0.4031303822994232
6140126241824588672,145092212,10,3,9.0,2.489025882727015,0.9542425094393249,0.39602941274642944
2972868236492048896,146307240,5,1,14.0,2.525608914209651,1.146128035678238,0.40236610174179077
2972868236492048896,146307240,32,1,6.0,2.5110266510832004,0.7781512503836436,0.39985132217407227
2960923073448935808,146420492,5,3,11.0,2.4018022188243484,1.0413926851582251,0.3805372416973114
2960923073448935808,146420492,32,3,16.0,2.7498126157161633,1.2041199826559248,0.43930310010910034
2962658549474035584,146522418,5,0,14.0,2.6940893460920448,1.146128035678238,0.4304119944572449
2962658549474035584,146522418,32,0,29.0,2.5129705727076335,1.462397997898956,0.4001874029636383
2959946329166222592,146536188,5,1,3.0,2.2659190890838583,0.47712125471966244,0.35524439811706543
5363506063479633536,147273368,63,0,1.0,2.5704290989017533,0.0,0.4100056290626526
1108342875109911680,147793409,60,2,1.0,2.427030540630198,0.0,0.38507524132728577
5570448720352754432,147803919,61,4,1.0,2.6579972470983364,0.0,0.4245545268058777
5569759876318219392,147949155,61,2,1.0,2.3506333067915763,0.0,0.3711848855018616
5570576263701669888,147973432,61,0,4.0,2.5625488548918476,0.6020599913279624,0.40867215394973755
6007542525548142080,148087292,38,3,2.0,2.540494292865002,0.3010299956639812,0.40491822361946106
6007167351565715840,148087359,11,1,4.0,2.516678308239251,0.6020599913279624,0.40082770586013794
5576782796386594944,148126829,33,2,1.0,2.566253662786441,0.0,0.4092995822429657
5576782796386594944,148126829,34,2,1.0,2.43387850318148,0.0,0.38629889488220215
5576782796385434752,148126831,33,3,3.0,2.4631304866432417,0.47712125471966244,0.3914874196052551
5576782796385434752,148126831,34,3,1.0,2.4804578186103194,0.0,0.39453184604644775
5575766400963849344,148128489,61,3,2.0,2.492528950725883,0.3010299956639812,0.39664021134376526
6004331775495542656,148158169,11,1,5.0,2.4611989404734764,0.6989700043360189,0.391146719455719
6004331775495542656,148158169,38,1,5.0,2.4006148382945947,0.6989700043360189,0.38032248616218567
6004336074769756800,148158374,11,3,2.0,2.3244628350299528,0.3010299956639812,0.3663226068019867
5576002800261700992,148184837,61,0,2.0,2.7092719214295693,0.3010299956639812,0.4328525960445404
5575773964404156160,148185952,61,4,1.0,2.643720575934762,0.0,0.4222155511379242
5575903603697575552,148225246,33,3,1.0,2.5007745302292834,0.0,0.39807453751564026
5575903603697575552,148225246,34,3,3.0,2.498270806251396,0.47712125471966244,0.39763951301574707
5575903603697575552,148225246,61,3,3.0,2.5141312299939496,0.47712125471966244,0.4003879427909851
5577259232814653696,148230302,61,3,2.0,2.5257087446450774,0.3010299956639812,0.4023832678794861
5575461428223971200,148270291,6,0,2.0,2.689959083862459,0.3010299956639812,0.4297456741333008
5575461428223971200,148270291,7,0,4.0,2.621584751976475,0.6020599913279624,0.4185639023780823
5575461428223971200,148270291,34,0,7.0,2.741159704845557,0.8450980400142568,0.43793433904647827
5577363411541818496,148277210,61,4,1.0,2.702954968962856,0.0,0.4318388104438782
5563444831284305792,148317892,61,1,1.0,2.3100937724690898,0.0,0.36362960934638977
5575726341806510336,148319776,61,1,7.0,2.3748125516249337,0.8450980400142568,0.37562933564186096
5575728918786875520,148319913,34,2,1.0,2.37463965173906,0.0,0.3755977153778076
5577399970303109248,148342995,7,1,3.0,2.469353924453635,0.47712125471966244,0.39258334040641785
5577399970303109248,148342995,61,1,1.0,2.826209549701915,0.0,0.4512043595314026
5578930348753317376,148399753,61,2,1.0,2.3163226423389767,0.0,0.36479905247688293
5576369075072755712,148407643,61,1,2.0,2.2064139664273,0.3010299956639812,0.3436869978904724
6000949097921032832,148427689,38,1,1.0,2.2673731017924816,0.0,0.3555229902267456
6007723635729905920,148772375,11,3,2.0,2.313379458892767,0.3010299956639812,0.3642468750476837
6007723635729905920,148772375,38,3,3.0,2.5183583807841763,0.47712125471966244,0.4011175334453583
2316506764470447360,149021888,29,2,1.0,2.3290293057775546,0.0,0.3671749532222748
4660702629069418368,149351776,7,3,4.0,2.5818756962567124,0.6020599913279624,0.41193532943725586
4660702629069418368,149351776,36,3,1.0,2.477475234910285,0.0,0.3940093219280243
4660702629069418368,149351776,39,3,1.0,2.589024820872697,0.0,0.41313621401786804
6013480055841212416,149365605,38,1,2.0,2.4938299031958584,0.3010299956639812,0.3968668282032013
4758999690125348352,149497993,1,0,1.0,2.590365473025965,0.0,0.4133610427379608
4758999690125348352,149497993,5,0,2.0,2.6672029155394616,0.3010299956639812,0.42605605721473694
4758999690125348352,149497993,7,0,1.0,2.6017749770067233,0.0,0.41526973247528076
4758999690125348352,149497993,8,0,1.0,2.833638518453056,0.0,0.45234444737434387
4758999690125348352,149497993,9,0,3.0,2.8455621879899797,0.47712125471966244,0.45416808128356934
4758999690125348352,149497993,13,0,1.0,2.497872760561672,0.0,0.39757031202316284
4758999690125348352,149497993,28,0,1.0,2.7293354240346654,0.0,0.436056911945343
4758999690125348352,149497993,29,0,3.0,2.544894473372271,0.47712125471966244,0.40566977858543396
4758999690125348352,149497993,31,0,1.0,2.605844583492514,0.0,0.4159485101699829
4758999690125348352,149497993,33,0,1.0,2.4631500937238573,0.0,0.3914908766746521
4758999690125348352,149497993,34,0,1.0,2.387072679955095,0.0,0.37786564230918884
4758999690125348352,149497993,35,0,3.0,2.52094589691962,0.47712125471966244,0.40156352519989014
4758999690125348352,149497993,36,0,3.0,2.5552848570438504,0.47712125471966244,0.40743932127952576
4758999690125348352,149497993,37,0,1.0,2.1993078305511884,0.0,0.34228602051734924
4758999690125348352,149497993,38,0,1.0,2.513205455176511,0.0,0.40022799372673035
4758999690125348352,149497993,39,0,3.0,2.605073986419634,0.47712125471966244,0.41582006216049194
4758999690125348352,149497993,61,0,3.0,2.747131383096662,0.47712125471966244,0.43887943029403687
4758999690125348352,149497993,62,0,1.0,2.4897794083041878,0.0,0.39616087079048157
4758999690125348352,149497993,64,0,1.0,2.5897426871930485,0.0,0.41325661540031433
4758999690125348352,149497993,66,0,1.0,2.3202563745459446,0.0,0.3655359745025635
4758999690125348352,149497993,67,0,1.0,2.639916975150666,0.0,0.42159026861190796
5999723314253334016,149640056,12,1,2.0,2.114010003316836,0.3010299956639812,0.32510703802108765
6002875579742053888,149771158,12,1,2.0,2.5908891982387763,0.3010299956639812,0.41344884037971497
6002875579742053888,149771158,38,1,3.0,2.777964290799044,0.47712125471966244,0.44372665882110596
6003265837643309824,149805871,12,1,4.0,2.1749288316725806,0.6020599913279624,0.33744505047798157
65823676643738368,149856292,42,1,2.0,2.5006427379070164,0.3010299956639812,0.3980516493320465
65823676643738368,149856292,43,1,3.0,2.505436513114565,0.47712125471966244,0.3988834023475647
66612473157921024,149856569,44,3,1.0,2.511066800247718,0.0,0.3998582661151886
67069835634816896,149856915,42,2,2.0,2.510691697666386,0.3010299956639812,0.3997933864593506
65806050098142720,149907172,42,0,2.0,2.8330064286690675,0.3010299956639812,0.4522475600242615
65806050098142720,149907172,43,0,4.0,2.259734888518452,0.6020599913279624,0.3540574908256531
65806050098142720,149907172,44,0,5.0,2.746321266378035,0.6989700043360189,0.43875133991241455
65783029073414144,149907206,42,0,1.0,2.2107941911754936,0.0,0.3445483148097992
65783029073414144,149907206,44,0,2.0,2.6269178898226047,0.3010299956639812,0.41944649815559387
65864427293364864,149907532,42,2,2.0,2.5784448681605827,0.3010299956639812,0.4113578498363495
65864427293364864,149907532,43,2,1.0,2.363675948986998,0.0,0.3735879361629486
65864427293364864,149907532,44,2,1.0,2.4078669019595664,0.0,0.3816324770450592
66997817623367296,149907667,42,3,4.0,2.8371367110180867,0.6020599913279624,0.45288026332855225
66997817623367296,149907667,43,3,2.0,2.4091064726563203,0.3010299956639812,0.3818559944629669
66997817623367296,149907667,44,3,2.0,3.6324961407997662,0.3010299956639812,0.5602051615715027
67074096242336384,149907927,42,4,2.0,2.772797866595907,0.3010299956639812,0.44291821122169495
67074096242336384,149907927,43,4,1.0,2.7213424139600813,0.0,0.4347831904888153
67074096242336384,149907927,44,4,1.0,2.714146575306408,0.0,0.43363329768180847
67103405099117568,149908035,43,4,2.0,2.790574440412103,0.3010299956639812,0.44569361209869385
67103405099117568,149908035,44,4,1.0,2.4131716119357898,0.0,0.3825882077217102
67527885307288192,149921970,43,0,1.0,2.2861172152551066,0.0,0.35909849405288696
67527885307288192,149921970,44,0,2.0,2.6930052733725063,0.3010299956639812,0.43023720383644104
67429856973800960,149922231,43,0,1.0,2.4146896254808494,0.0,0.38286131620407104
67044198973423744,149922911,42,0,1.0,2.6075564459080325,0.0,0.41623371839523315
65844361206181376,149923419,42,1,1.0,2.2419438950867048,0.0,0.3506247401237488
65844361206181376,149923419,43,1,1.0,3.1818705502794016,0.0,0.5026825070381165
65844361206181376,149923419,44,1,2.0,2.5072093844554804,0.3010299956639812,0.39919060468673706
65830548591559936,149923544,43,4,1.0,2.599044391821793,0.0,0.41481369733810425
65830548591559936,149923544,44,4,2.0,2.645844568309309,0.3010299956639812,0.4225643277168274
67054305033161344,149979913,43,1,1.0,2.2978156911622745,0.0,0.36131519079208374
67046780250475520,149979973,42,3,1.0,2.421774303497236,0.0,0.3841336667537689
67046780250475520,149979973,43,3,1.0,2.478785340189697,0.0,0.3942389190196991
67034994860213888,149979982,42,4,1.0,2.5962432692867505,0.0,0.414345383644104
65787289680918528,149980659,42,4,2.0,2.597579816201214,0.3010299956639812,0.4145689010620117
65787289680918528,149980659,43,4,2.0,2.603969980456001,0.3010299956639812,0.41563597321510315
65787289680918528,149980659,44,4,5.0,2.836250031720192,0.6989700043360189,0.4527445137500763
65775195052996608,149980751,42,3,2.0,2.4316137839332925,0.3010299956639812,0.3858945965766907
65775195052996608,149980751,43,3,1.0,2.4705922581132715,0.0,0.39280107617378235
65775195052996608,149980751,44,3,3.0,2.1386858603879957,0.47712125471966244,0.33014699816703796
148449913884294528,150002984,43,1,6.0,2.464554095830383,0.7781512503836436,0.3917383551597595
148449913884294528,150002984,44,1,19.0,2.4675656574755336,1.2787536009528289,0.39226871728897095
148450085683504896,150002985,43,2,2.0,2.4439026650734585,0.3010299956639812,0.38808390498161316
148450085683504896,150002985,44,2,4.0,2.541388438895001,0.6020599913279624,0.40507104992866516
148354733113981696,150005829,43,1,1.0,2.5026222413214025,0.0,0.398395299911499
148354733113981696,150005829,44,1,1.0,2.44545578446015,0.0,0.38835981488227844
146881048231272192,150059917,43,2,1.0,2.4673062571890974,0.0,0.392223060131073
146881048231272192,150059917,44,2,1.0,2.387460769373478,0.0,0.3779362440109253
5477559813377591552,150068381,4,0,5.0,2.735046162923892,0.6989700043360189,0.43696466088294983
5477559813377591552,150068381,5,0,12.0,2.4228231763688344,1.0791812460476249,0.3843217194080353
5477559813377591552,150068381,6,0,7.0,2.76796146801678,0.8450980400142568,0.442160040140152
5477559813377591552,150068381,7,0,11.0,2.5341372970450355,1.0413926851582251,0.4038301408290863
5477559813377591552,150068381,8,0,5.0,2.5580716307763183,0.6989700043360189,0.4079127013683319
5477559813377591552,150068381,9,0,10.0,2.7062857011552874,1.0,0.43237364292144775
5477559813377591552,150068381,11,0,4.0,2.6674664915038755,0.6020599913279624,0.4260989725589752
5477559813377591552,150068381,12,0,9.0,2.6362465629268703,0.9542425094393249,0.42098602652549744
5477559813377591552,150068381,28,0,2.0,2.54224120462307,0.3010299956639812,0.4052167534828186
5477559813377591552,150068381,29,0,9.0,2.7480735525944033,0.9542425094393249,0.4390283524990082
5477559813377591552,150068381,31,0,10.0,2.6557186128384167,1.0,0.42418205738067627
5477559813377591552,150068381,32,0,10.0,2.4035123133270733,1.0,0.3808463513851166
5477559813377591552,150068381,33,0,6.0,2.733990636357607,0.7781512503836436,0.43679702281951904
5477559813377591552,150068381,34,0,9.0,2.467843882737924,0.9542425094393249,0.39231768250465393
5477559813377591552,150068381,35,0,9.0,2.7701447865007354,0.9542425094393249,0.4425024688243866
5477559813377591552,150068381,36,0,12.0,2.7252120914036437,1.0791812460476249,0.4354003071784973
5477559813377591552,150068381,38,0,13.0,2.7019199853600675,1.1139433523068367,0.43167248368263245
5477559813377591552,150068381,39,0,12.0,2.577459682951737,1.0791812460476249,0.4111918807029724
5477559813377591552,150068381,61,0,10.0,2.0245166494539504,1.0,0.3063213527202606
5477559813377591552,150068381,62,0,12.0,2.4771292881968443,1.0791812460476249,0.39394867420196533
5477559813377591552,150068381,63,0,13.0,2.5822401698515427,1.1139433523068367,0.41199663281440735
5477559813377591552,150068381,64,0,15.0,2.521746291031965,1.1760912590556813,0.4017013907432556
5477559813377591552,150068381,66,0,3.0,2.6777345067539353,0.47712125471966244,0.4277675151824951
5477559813377591552,150068381,67,0,9.0,2.3643908772312865,0.9542425094393249,0.3737192749977112
148589276984170496,150094956,43,2,1.0,2.5773631129621672,0.0,0.41117560863494873
148381984682184192,150095585,43,0,2.0,2.7314312934450165,0.3010299956639812,0.4363902807235718
148112913570653568,150173438,44,4,3.0,2.697062848752029,0.47712125471966244,0.4308910667896271
4568179481487113088,150586084,25,2,4.0,2.352160564578181,0.6020599913279624,0.3714669644832611
4568179481487113088,150586084,52,2,1.0,2.3747015748507008,0.0,0.37560904026031494
4801730010515510784,151584725,5,1,9.0,2.4198084339264643,0.9542425094393249,0.38378098607063293
4801730010515510784,151584725,6,1,7.0,2.5394739420626125,0.8450980400142568,0.4047437608242035
4801730010515510784,151584725,7,1,9.0,2.2553743909809385,0.9542425094393249,0.3532186448574066
4801730010515510784,151584725,32,1,10.0,2.435235071668661,1.0,0.38654088973999023
4801730010515510784,151584725,33,1,8.0,2.4898325446507985,0.9030899869919435,0.39617013931274414
4801105586693968512,151628056,5,0,1.0,2.4977940846190285,0.0,0.3975566327571869
4801105586693968512,151628056,6,0,1.0,2.823749894256133,0.0,0.4508262276649475
4801105586693968512,151628056,7,0,1.0,2.385675327251176,0.0,0.37761133909225464
4824652147895424384,1518580,5,1,3.0,2.134749961652531,0.47712125471966244,0.32934701442718506
4824652147895424384,1518580,32,1,3.0,2.3924451853163258,0.47712125471966244,0.37884199619293213
4896343707641120384,152370762,5,4,5.0,2.632732104277414,0.6989700043360189,0.42040666937828064
4896343707641120384,152370762,31,4,6.0,2.6568567740872937,0.7781512503836436,0.42436814308166504
4896343707641120384,152370762,32,4,2.0,2.6723655027224322,0.3010299956639812,0.4268958568572998
5999484273570254976,152377452,12,4,2.0,2.5899970088649757,0.3010299956639812,0.4132992625236511
4836879747987851392,152560209,3,4,2.0,2.683056668087561,0.3010299956639812,0.4286298453807831
4836879747987851392,152560209,4,4,1.0,2.722454894520981,0.0,0.4349606931209564
4836879747987851392,152560209,5,4,3.0,2.657004274935211,0.47712125471966244,0.4243922531604767
4836879747987851392,152560209,30,4,1.0,2.669237152194725,0.0,0.42638716101646423
4836879747987851392,152560209,32,4,4.0,2.5504287824464202,0.6020599913279624,0.40661320090293884
6126748690015467392,15363037,37,2,1.0,2.428895435445553,0.0,0.38540881872177124
6126748586936452736,15363163,64,1,6.0,2.588757448774003,0.7781512503836436,0.41309136152267456
4839139553621190784,153710618,4,1,4.0,2.5344390289751266,0.6020599913279624,0.40388184785842896
4839139553621190784,153710618,5,1,3.0,2.555819028167478,0.47712125471966244,0.4075300991535187
4839139553621190784,153710618,31,1,3.0,2.2650222288415796,0.47712125471966244,0.3550724685192108
4839368423837856640,153713422,4,1,1.0,2.3880794838743435,0.0,0.37804877758026123
4839368423837856640,153713422,5,1,9.0,2.5170138876111428,0.9542425094393249,0.40088561177253723
4839368423837856640,153713422,31,1,4.0,2.1217736334537727,0.6020599913279624,0.32669904828071594
4839368423837856640,153713422,32,1,2.0,2.50861629338414,0.3010299956639812,0.39943423867225647
4839371237040134528,153713427,4,3,10.0,2.5459954467262893,1.0,0.4058576226234436
4839371237040134528,153713427,5,3,8.0,2.505246194913125,0.9030899869919435,0.3988504111766815
4839371237040134528,153713427,31,3,10.0,2.4530183680026845,1.0,0.3897008001804352
4839371237040134528,153713427,32,3,8.0,2.512000406219275,0.9030899869919435,0.40001970529556274
5986939704898034432,153781478,12,4,14.0,2.8484387855671445,1.146128035678238,0.45460689067840576
4791203492348511232,153797977,4,2,1.0,2.4053087938565803,0.0,0.3811708390712738
4791203492348511232,153797977,5,2,1.0,2.462759840768736,0.0,0.3914220631122589
4791203492348511232,153797977,31,2,1.0,2.337724875453607,0.0,0.36879339814186096
4791684047650720384,153834085,5,1,3.0,2.2478278092133994,0.47712125471966244,0.3517630398273468
4791684047650720384,153834085,31,1,1.0,2.2535021520605483,0.0,0.3528579771518707
4791763208191226624,153835701,4,1,1.0,2.612678523924056,0.0,0.4170859754085541
4791763208191226624,153835701,5,1,8.0,2.3511835861609,0.9030899869919435,0.371286541223526
6077114158167878016,15444490,10,0,2.0,2.7250058265747583,0.3010299956639812,0.4353674352169037
6077114158167878016,15444490,11,0,2.0,2.740695501232966,0.3010299956639812,0.43786078691482544
6077114158167878016,15444490,37,0,1.0,2.6023619041772363,0.0,0.4153676927089691
6077114158167878016,15444490,64,0,3.0,2.659883912780225,0.47712125471966244,0.42486268281936646
6077461328965244160,15446998,10,4,2.0,2.7517542556677705,0.3010299956639812,0.4396096467971802
6077461328965244160,15446998,11,4,5.0,2.901566954535521,0.6989700043360189,0.46263259649276733
6127109913945947392,15523450,64,0,2.0,2.570946676244298,0.3010299956639812,0.4100930690765381
178581445929766656,155662476,59,4,3.0,2.550323074670272,0.47712125471966244,0.4065952003002167
178729291587897984,155866593,59,2,2.0,2.3489556774871776,0.3010299956639812,0.37087482213974
178657174793130496,155973055,59,0,2.0,2.5476596006505368,0.3010299956639812,0.40614140033721924
178659781838389376,156045426,59,1,3.0,2.4777033991784374,0.47712125471966244,0.3940493166446686
5113845146476653696,156215773,4,0,1.0,2.5384520849268934,0.0,0.40456897020339966
5576497816714969344,156710937,61,2,2.0,2.353386476619612,0.3010299956639812,0.3716932535171509
5578127400323942016,156758257,6,2,10.0,2.5518492617649806,1.0,0.4068550169467926
5578127400323942016,156758257,7,2,2.0,2.348633962410576,0.3010299956639812,0.37081533670425415
5578127400323942016,156758257,61,2,3.0,2.377071998874052,0.47712125471966244,0.37604233622550964
5578115511854638080,156759709,61,2,1.0,2.388404307611936,0.0,0.37810784578323364
5563971188116686080,156810164,61,0,4.0,2.525750341824455,0.6020599913279624,0.40239042043685913
5552244793526284672,156831398,61,2,3.0,2.3666894557461786,0.47712125471966244,0.37414127588272095
5556592090703647744,156836091,61,0,4.0,2.6420308408679904,0.6020599913279624,0.42193788290023804
5556524470738581632,156836265,61,4,6.0,2.8023786300985614,0.7781512503836436,0.44752681255340576
5577783390624001152,156841731,61,0,1.0,2.7360142277417308,0.0,0.4371183514595032
5564131648094763776,156843167,61,3,4.0,2.4857402684161074,0.6020599913279624,0.3954557478427887
5563765785600697472,156846362,61,2,7.0,2.3098753365318383,0.8450980400142568,0.3635885417461395
5555470756346115200,156887755,34,3,1.0,2.473989249304896,0.0,0.39339780807495117
5556065596433165312,156933657,6,0,5.0,2.7548925423089354,0.6989700043360189,0.4401046633720398
5556065596433165312,156933657,7,0,3.0,2.7421924071876482,0.47712125471966244,0.43809792399406433
5556065596433165312,156933657,33,0,3.0,2.6030295228708056,0.47712125471966244,0.4154790937900543
5556065596433165312,156933657,34,0,3.0,2.562643814684472,0.47712125471966244,0.4086882472038269
5577941548499406592,156943923,61,1,1.0,2.4631531362158725,0.0,0.3914914131164551
5564117521944064000,156948827,61,2,3.0,2.6993826991716334,0.47712125471966244,0.4312644600868225
5555756118269501824,156986710,61,4,1.0,2.7645555878751584,0.0,0.44162532687187195
5555763746131416064,156988577,6,2,2.0,2.526658544308692,0.3010299956639812,0.40254655480384827
5555763746131416064,156988577,7,2,4.0,2.457641580059884,0.6020599913279624,0.39051854610443115
5555763746131416064,156988577,61,2,1.0,2.6716318836944706,0.0,0.42677661776542664
5556052058696292480,156989166,61,2,6.0,2.3918360083825423,0.7781512503836436,0.3787313997745514
5569314299230776576,156990832,61,4,2.0,2.667893393382257,0.3010299956639812,0.4261684715747833
5569479810090831104,156991337,7,1,2.0,2.5897705884908415,0.3010299956639812,0.4132612943649292
5565685185008197888,157007338,61,1,1.0,2.169646327476266,0.0,0.3363889455795288
5564101995640955008,157008175,61,1,5.0,3.804502096173312,0.6989700043360189,0.5802978277206421
5555858785167602432,157008710,7,1,3.0,2.41246792480846,0.47712125471966244,0.3824615478515625
5555806489645822592,157008805,61,0,1.0,2.7648519313911755,0.0,0.44167187809944153
5552384603301755264,157009924,61,4,1.0,2.650082761589964,0.0,0.423259437084198
5569411876591510400,157013949,61,0,1.0,2.358927260747073,0.0,0.3727145493030548
5552485964529593856,157037747,61,4,1.0,2.6432229920772987,0.0,0.42213380336761475
5552795786290547712,157039362,61,0,2.0,2.310640904059202,0.3010299956639812,0.3637324571609497
5562890608704621056,157044623,61,3,1.0,2.495630696367274,0.0,0.39718031883239746
5563781075684638720,157045968,61,4,1.0,2.7750426996479143,0.0,0.44326967000961304
5563778189466432512,157091587,61,3,3.0,2.3445760168221157,0.47712125471966244,0.37006431818008423
5578346443656712960,157126706,61,0,5.0,2.578540593953766,0.6989700043360189,0.41137397289276123
5565429312334118272,157212164,6,4,1.0,2.6007041359782224,0.0,0.415090948343277
5565429312334118272,157212164,7,4,2.0,2.6741507927554142,0.3010299956639812,0.42718589305877686
5565429312334118272,157212164,61,4,2.0,2.388541985896444,0.3010299956639812,0.3781328797340393
5578332012566717696,157250628,33,3,1.0,2.496825836440114,0.0,0.3973882496356964
5578332012566717824,157250629,34,4,2.0,2.6705931333391173,0.3010299956639812,0.42660772800445557
5565562009644657536,157309606,61,2,3.0,2.367159185917664,0.47712125471966244,0.37422746419906616
5565538267065698048,157316453,34,0,1.0,2.3213449089101066,0.0,0.3657396733760834
53140397701490176,15734486,44,4,1.0,2.6635559794945523,0.0,0.4254618287086487
5566237212862859776,157404515,61,2,1.0,2.5368508705093133,0.0,0.4042949378490448
5565971096690260992,157459952,33,0,1.0,2.6698971931895965,0.0,0.4264945387840271
5565971096690260992,157459952,34,0,1.0,2.718183403008669,0.0,0.4342787563800812
5565986386773432320,157460158,61,3,2.0,2.438589639415935,0.3010299956639812,0.3871387243270874
5564697243749065472,157530079,61,4,4.0,2.3155124489095122,0.6020599913279624,0.36464712023735046
5565916842663096320,157571722,33,2,2.0,2.3470147737732754,0.3010299956639812,0.3705158233642578
5565916842663096320,157571722,34,2,1.0,2.4245449103291454,0.0,0.3846302330493927
53577689793895808,15760655,44,4,4.0,2.7419769543858874,0.6020599913279624,0.4380638003349304
53563915834929024,15760711,44,3,2.0,2.4502012680709324,0.3010299956639812,0.3892017602920532
5572216254013241088,158108871,6,2,1.0,2.212196891197035,0.0,0.34482377767562866
5572216254013241088,158108871,32,2,2.0,2.563964824041489,0.3010299956639812,0.4089120626449585
5572216254013241088,158108871,33,2,3.0,2.3752177179122715,0.47712125471966244,0.3757034242153168
5566867125647181568,158112413,32,0,1.0,2.0240285182787874,0.0,0.30621662735939026
5566867125647181568,158112413,33,0,1.0,2.5185635214389137,0.0,0.40115290880203247
51874997255145728,15815612,43,2,1.0,2.5120033366717136,0.0,0.40002021193504333
51874997255145728,15815612,44,2,3.0,2.3243337948765914,0.47712125471966244,0.36629849672317505
53105728725582976,15818292,44,3,2.0,2.535658322174059,0.3010299956639812,0.4040907323360443
6105019621530973824,158979332,11,0,4.0,2.568098470335831,0.6020599913279624,0.40961167216300964
51942307982163072,15934387,43,1,2.0,2.389410361439768,0.3010299956639812,0.37829074263572693
6105495954881884288,159376787,11,1,1.0,2.4737415657590307,0.0,0.3933543264865875
46922075328601216,15938971,44,2,1.0,2.5082264102115106,0.0,0.39936673641204834
6202888422827248256,159421340,11,0,3.0,2.7164499895879963,0.47712125471966244,0.43400171399116516
6202888422827248256,159421340,38,0,4.0,2.4785125145521025,0.6020599913279624,0.39419111609458923
6101758646135111936,159537270,11,4,3.0,2.4460272545011397,0.47712125471966244,0.38846129179000854
6101758336902846208,159537293,11,3,5.0,2.775950628160317,0.6989700043360189,0.4434117376804352
52798204769096960,16004519,43,3,3.0,2.481240760599608,0.47712125471966244,0.39466890692710876
4843859619599388928,160142472,4,4,8.0,2.617236775160835,0.9030899869919435,0.4178430140018463
4843859619599388928,160142472,5,4,6.0,2.677020907054092,0.7781512503836436,0.4276517629623413
4843859619599388928,160142472,31,4,10.0,2.3861036329548546,1.0,0.37768930196762085
2985096248901553920,160181529,32,0,3.0,2.4298124964669023,0.47712125471966244,0.38557276129722595
6078062727456392192,160204059,10,0,3.0,2.3970701994173726,0.47712125471966244,0.3796807527542114
6078062727456392192,160204059,11,0,3.0,2.7089224205858287,0.47712125471966244,0.43279656767845154
2890062263458259968,160328683,32,4,4.0,2.805180773252827,0.6020599913279624,0.44796085357666016
2889841330340029440,160378588,32,3,3.0,2.504624795779627,0.47712125471966244,0.39874267578125
2889841330340029440,160378588,33,3,2.0,2.477995010777163,0.3010299956639812,0.3941004276275635
6101033170325458560,160404487,11,2,6.0,2.3790389017075126,0.7781512503836436,0.37640154361724854
5907070763611393280,160417246,11,4,1.0,2.6417460300667828,0.0,0.42189106345176697
5907070763611393280,160417246,38,4,8.0,2.5047054056651246,0.9030899869919435,0.39875665307044983
6201606774526785792,160444470,11,2,4.0,2.3975997598085006,0.6020599913279624,0.3797766864299774
6198087096066975744,160502580,11,0,3.0,2.5428496007761785,0.47712125471966244,0.4053206741809845
6198502818841737984,160504689,11,1,3.0,2.469243613046256,0.47712125471966244,0.39256393909454346
6079191754098974848,160523545,64,0,7.0,2.506580102040688,0.8450980400142568,0.39908158779144287
1704563363189801600,160600404,14,3,8.0,2.471720960315646,0.9030899869919435,0.39299944043159485
1704563363189801600,160600404,15,3,9.0,2.429975406443252,0.9542425094393249,0.38560187816619873
1704563363189801600,160600404,18,3,8.0,2.571439124147349,0.9030899869919435,0.41017624735832214
1704563363189801600,160600404,19,3,8.0,2.383586965541694,0.9030899869919435,0.37723100185394287
1704563363189801600,160600404,20,3,7.0,2.4891642369114764,0.8450980400142568,0.3960535526275635
1704563363189801600,160600404,21,3,5.0,2.5213503877385457,0.6989700043360189,0.40163320302963257
1704563363189801600,160600404,22,3,4.0,2.372948308869172,0.6020599913279624,0.3752882778644562
1704563363189801600,160600404,25,3,3.0,2.6633532846761754,0.47712125471966244,0.4254287779331207
1704563363189801600,160600404,26,3,6.0,2.562418730520622,0.7781512503836436,0.40865010023117065
1704563363189801600,160600404,40,3,6.0,2.3614603481206413,0.7781512503836436,0.37318065762519836
1704563363189801600,160600404,41,3,5.0,2.4640685898719337,0.6989700043360189,0.39165279269218445
1704563363189801600,160600404,48,3,3.0,2.4955460972749015,0.47712125471966244,0.39716559648513794
1704563363189801600,160600404,49,3,13.0,2.6545598082606254,1.1139433523068367,0.4239925146102905
1704563363189801600,160600404,52,3,7.0,2.378881855274074,0.8450980400142568,0.3763728737831116
1704563363189801600,160600404,53,3,10.0,4.087047863367134,1.0,0.6114097237586975
1704563363189801600,160600404,55,3,8.0,2.5090320633919654,0.9030899869919435,0.39950621128082275
1704563363189801600,160600404,59,3,2.0,2.4678428666421603,0.3010299956639812,0.3923175036907196
1704563363189801600,160600404,60,3,5.0,2.483139471392126,0.6989700043360189,0.3950011134147644
6198569850392022784,160692586,11,2,2.0,2.5107404561101996,0.3010299956639812,0.3998018205165863
6003698907782693248,160703933,11,2,3.0,2.5202138955036695,0.47712125471966244,0.4014374017715454
6074499794397016960,161468577,64,4,11.0,2.8247138829186342,1.0413926851582251,0.4509744644165039
4786900244356750976,161476008,5,1,2.0,2.5151747092477112,0.3010299956639812,0.4005681574344635
4786900244356750976,161476008,31,1,5.0,2.558262099821423,0.6989700043360189,0.40794503688812256
4786900244356750976,161476008,32,1,9.0,2.4809319124836953,0.9542425094393249,0.3946148455142975
4786900240059859968,161476011,4,4,7.0,2.4683355528106863,0.8450980400142568,0.3924041986465454
4786900240059859968,161476011,5,4,2.0,2.640504715154567,0.3010299956639812,0.42168694734573364
4786900240059859968,161476011,31,4,2.0,2.6550090583071446,0.3010299956639812,0.4240660071372986
4786900240059859968,161476011,32,4,3.0,2.76749975239175,0.47712125471966244,0.4420875906944275
4810403160097500800,161576005,5,4,3.0,2.6706079776400817,0.47712125471966244,0.42661014199256897
4810403160097500800,161576005,6,4,3.0,2.6723924603195934,0.47712125471966244,0.4269002377986908
4810403160097500800,161576005,31,4,1.0,2.73682618705588,0.0,0.43724721670150757
5991052393805794944,161786522,39,3,3.0,2.465147621914141,0.47712125471966244,0.39184293150901794
5374878170505816832,162024196,36,1,4.0,2.574236272927965,0.6020599913279624,0.4106484055519104
5374878170505816832,162024196,37,1,3.0,2.282117797943958,0.47712125471966244,0.35833805799484253
5375025440645600000,162143408,10,2,10.0,2.532504220580983,1.0,0.4035501778125763
5375025440645600000,162143408,36,2,5.0,2.4337968324840165,0.6989700043360189,0.38628432154655457
5375025440645600000,162143408,37,2,6.0,2.387668027427762,0.7781512503836436,0.3779739439487457
5374686516185587584,162582602,10,2,14.0,2.68396912662421,1.146128035678238,0.4287775158882141
5374686516185587584,162582602,63,2,2.0,2.5132778903224953,0.3010299956639812,0.4002405107021332
5374686516185587584,162582602,64,2,6.0,2.4067080674440233,0.7781512503836436,0.3814234137535095
5375536541752546560,162924722,63,3,1.0,2.4972103488296553,0.0,0.3974551260471344
5375536541752546560,162924722,64,3,1.0,2.374755351494527,0.0,0.3756188750267029
6079698074902470272,163042241,10,4,5.0,2.602479234063443,0.6989700043360189,0.41538727283477783
6079698074902470272,163042241,11,4,4.0,2.7564957515624062,0.6020599913279624,0.4403573274612427
6079698074902470272,163042241,37,4,3.0,2.6154803279786836,0.47712125471966244,0.4175514578819275
6079698074902470272,163042241,64,4,7.0,2.6644828330840933,0.8450980400142568,0.4256129264831543
5381966176513651456,163358850,36,2,1.0,2.6055220135037693,0.0,0.4158947467803955
6079629222288915968,163948584,64,2,2.0,2.3615279235359514,0.3010299956639812,0.37319308519363403
6078570392593197696,164592809,10,1,3.0,2.3287334911895288,0.47712125471966244,0.36711978912353516
6078570392593197696,164592809,64,1,7.0,2.302242761274753,0.8450980400142568,0.3621511161327362
4842810376269515776,165219666,4,2,1.0,2.7980591181783803,0.0,0.44685688614845276
4842810376269515776,165219666,31,2,1.0,2.343656708497806,0.0,0.36989399790763855
6078403541703974272,165590041,64,4,8.0,2.6713990599811823,0.9030899869919435,0.42673876881599426
6112762833391909760,165823257,11,4,1.0,2.6355995432872845,0.0,0.42087942361831665
710124055862102144,165883616,47,4,2.0,2.8577707616312673,0.3010299956639812,0.45602738857269287
6127918089350574848,165909066,10,2,15.0,2.362348705946644,1.1760912590556813,0.3733440041542053
6127918089350574848,165909066,11,2,11.0,2.335728656518198,1.0413926851582251,0.36842238903045654
6127918089350574848,165909066,37,2,16.0,2.358166246288899,1.2041199826559248,0.37257441878318787
6127918089350574848,165909066,64,2,6.0,2.6036990995572866,0.7781512503836436,0.4155907928943634
6112460673852380416,166302995,38,3,8.0,2.5535179428665087,0.9030899869919435,0.4071389138698578
6075310478057303936,166558572,11,1,16.0,2.365768295207663,1.2041199826559248,0.37397220730781555
6115448562335910656,166577188,11,0,6.0,2.62921890281293,0.7781512503836436,0.4198267459869385
6115448562335910656,166577188,38,0,3.0,2.5613818402928556,0.47712125471966244,0.408474326133728
6115396507331915904,166616708,11,1,1.0,2.354188274298914,0.0,0.3718411922454834
6115396507331915904,166616708,38,1,1.0,2.485613532622937,0.0,0.39543360471725464
6115777934786544384,166661782,11,0,2.0,2.7066673657624656,0.3010299956639812,0.43243488669395447
5278760380137682816,167119957,4,0,4.0,2.36169695156707,0.6020599913279624,0.3732241690158844
5278760380137682816,167119957,6,0,1.0,2.83358446158277,0.0,0.4523361623287201
5278760380137682816,167119957,7,0,1.0,2.6678769164848717,0.0,0.42616578936576843
5278760380137682816,167119957,9,0,1.0,2.5143154941689807,0.0,0.40041977167129517
5278760380137682816,167119957,28,0,2.0,2.473166675631083,0.3010299956639812,0.3932533860206604
5278760380137682816,167119957,29,0,1.0,2.770070460768408,0.0,0.442490816116333
5278760380137682816,167119957,31,0,1.0,2.439487928441048,0.0,0.38729867339134216
5278760380137682816,167119957,32,0,1.0,2.797997483812465,0.0,0.4468473196029663
5278760380137682816,167119957,33,0,1.0,2.4026330421466677,0.0,0.3806874454021454
5278760380137682816,167119957,34,0,1.0,2.6577351539430483,0.0,0.42451170086860657
5278760380137682816,167119957,35,0,1.0,2.7913495318152606,0.0,0.44581422209739685
5278760380137682816,167119957,37,0,2.0,2.766768116531245,0.3010299956639812,0.4419727623462677
5278760380137682816,167119957,38,0,1.0,2.6735495092347206,0.0,0.4270882308483124
5278760380137682816,167119957,62,0,1.0,2.9186585327669903,0.0,0.465183287858963
5283645647739198464,167123841,8,4,10.0,2.6373555660709447,1.0,0.4211686849594116
5283645647739198464,167123841,9,4,11.0,2.656552499692653,1.0413926851582251,0.4243184030056
5283645647739198464,167123841,10,4,18.0,2.5906525665737123,1.255272505103306,0.41340917348861694
5283645647739198464,167123841,11,4,9.0,2.6477073457608427,0.9542425094393249,0.4228699803352356
5283645647739198464,167123841,12,4,10.0,2.692514118597223,1.0,0.43015798926353455
5283645647739198464,167123841,13,4,11.0,2.5832913538366156,1.0413926851582251,0.41217339038848877
5283645647739198464,167123841,28,4,1.0,2.8270907620846146,0.0,0.4513397514820099
5283645647739198464,167123841,29,4,7.0,2.7207389210392763,0.8450980400142568,0.4346868693828583
5283645647739198464,167123841,30,4,4.0,2.690403985932155,0.6020599913279624,0.4298174977302551
5283645647739198464,167123841,32,4,2.0,2.681984212511763,0.3010299956639812,0.42845621705055237
5283645647739198464,167123841,33,4,3.0,2.9165999256031707,0.47712125471966244,0.46487686038017273
5283645647739198464,167123841,34,4,4.0,2.4723949341033995,0.6020599913279624,0.39311784505844116
5283645647739198464,167123841,35,4,1.0,2.7539843198139544,0.0,0.4399614632129669
5283645647739198464,167123841,37,4,1.0,2.6980526471052904,0.0,0.4310504198074341
5283645647739198464,167123841,38,4,2.0,2.737068093852043,0.3010299956639812,0.4372856020927429
5283645647739198464,167123841,39,4,7.0,2.8166595697891483,0.8450980400142568,0.4497343599796295
5283645647739198464,167123841,61,4,9.0,2.7184995867352004,0.9542425094393249,0.4343292713165283
5283645647739198464,167123841,63,4,3.0,2.42536962017624,0.47712125471966244,0.3847779333591461
5283645647739198464,167123841,64,4,2.0,2.6397939721454873,0.3010299956639812,0.4215700328350067
5283645647739198464,167123841,65,4,2.0,2.3135604405292587,0.3010299956639812,0.3642808496952057
5283645647739198464,167123841,66,4,13.0,2.845416520851261,1.1139433523068367,0.4541458487510681
5283645647739198464,167123841,67,4,1.0,2.4838204789573646,0.0,0.39512020349502563
5280313062351780736,167247123,4,0,2.0,2.596240596882116,0.3010299956639812,0.4143449366092682
5280313062351780736,167247123,5,0,1.0,2.7280516418056098,0.0,0.435852587223053
5280313062351780736,167247123,6,0,4.0,2.6417730413582508,0.6020599913279624,0.42189550399780273
5280313062351780736,167247123,7,0,2.0,2.7494386403349145,0.3010299956639812,0.43924403190612793
5280313062351780736,167247123,8,0,1.0,2.6835656177945184,0.0,0.42871221899986267
5280313062351780736,167247123,12,0,2.0,2.6547982693172716,0.3010299956639812,0.424031525850296
5280313062351780736,167247123,13,0,2.0,2.65461354665962,0.3010299956639812,0.4240013062953949
5278895448265103744,167344029,2,2,3.0,2.4657213248194374,0.47712125471966244,0.3919439911842346
5278895448265103744,167344029,3,2,1.0,2.3416414442934834,0.0,0.3695203959941864
5278895448265103744,167344029,4,2,1.0,2.459431937416954,0.0,0.3908348083496094
5278895448265103744,167344029,5,2,3.0,2.3772292520886116,0.47712125471966244,0.3760710656642914
5278895448265103744,167344029,6,2,1.0,2.3831609104992397,0.0,0.3771533668041229
5278895448265103744,167344029,7,2,1.0,2.493083534717693,0.0,0.39673683047294617
5278895448265103744,167344029,9,2,2.0,2.516100346163613,0.3010299956639812,0.4007279574871063
5278895448265103744,167344029,10,2,1.0,2.468700769722246,0.0,0.3924684524536133
5278895448265103744,167344029,13,2,1.0,2.494782266513653,0.0,0.39703264832496643
5278895448265103744,167344029,27,2,5.0,2.410273408744164,0.6989700043360189,0.3820663094520569
5278895448265103744,167344029,30,2,2.0,2.4707657015023186,0.3010299956639812,0.39283156394958496
5278895448265103744,167344029,31,2,3.0,2.3664828819501915,0.47712125471966244,0.3741033673286438
5278895448265103744,167344029,32,2,1.0,2.3546876783428186,0.0,0.37193331122398376
5278895448265103744,167344029,33,2,1.0,2.5135366043154126,0.0,0.4002852141857147
5278895448265103744,167344029,34,2,4.0,2.3274966230760734,0.6020599913279624,0.3668890595436096
5278895448265103744,167344029,35,2,3.0,2.468505449875018,0.47712125471966244,0.39243409037590027
5278895448265103744,167344029,36,2,6.0,2.5083660038003055,0.7781512503836436,0.39939090609550476
5278895448265103744,167344029,39,2,3.0,2.3697403034089524,0.47712125471966244,0.37470075488090515
5278895448265103744,167344029,61,2,4.0,2.4361366386716172,0.6020599913279624,0.38670164346694946
5278895448265103744,167344029,62,2,8.0,2.3565938513054814,0.9030899869919435,0.37228474020957947
5278895448265103744,167344029,63,2,2.0,2.3240953526276065,0.3010299956639812,0.36625394225120544
5278895448265103744,167344029,64,2,5.0,2.351908131533732,0.6989700043360189,0.37142035365104675
5278895448265103744,167344029,65,2,3.0,2.345820351434188,0.47712125471966244,0.3702947497367859
5280124667903854464,167364796,4,2,2.0,2.51139439316799,0.3010299956639812,0.3999149203300476
5280124667903854464,167364796,5,2,1.0,2.3812977945024945,0.0,0.37681370973587036
5280124667903854464,167364796,8,2,1.0,2.364294178127112,0.0,0.3737015128135681
5280124667903854464,167364796,12,2,1.0,2.32322711922664,0.0,0.36609166860580444
5280124667903854464,167364796,31,2,1.0,2.4209870331019108,0.0,0.383992463350296
5280124667903854464,167364796,32,2,1.0,2.444426803850121,0.0,0.3881770372390747
5280124667903854464,167364796,39,2,2.0,2.3724458459553586,0.3010299956639812,0.37519630789756775
5280124667903854464,167364796,62,2,1.0,2.343943481133057,0.0,0.3699471354484558
5266729004207512320,167439141,5,1,1.0,2.462893523752582,0.0,0.3914456367492676
3187477818011309568,167485031,32,3,5.0,2.554847747540422,0.6989700043360189,0.40736502408981323
6118580864809003904,167670025,11,2,1.0,2.4422694150680795,0.0,0.38779357075691223
6118580864809003904,167670025,38,2,2.0,2.3756276809360073,0.3010299956639812,0.3757783770561218
5480342161908642944,167723520,63,4,1.0,2.7105368219823895,0.0,0.4330553114414215
5479559378348931200,167796747,61,3,4.0,2.5345990397327194,0.6020599913279624,0.40390926599502563
5479559378348931200,167796747,62,3,3.0,2.509461334279192,0.47712125471966244,0.3995805084705353
5479559378348931200,167796747,63,3,3.0,2.558056709837225,0.47712125471966244,0.40791016817092896
5479559378348931200,167796747,64,3,7.0,2.389223774241131,0.8450980400142568,0.37825682759284973
5479559378348931200,167796747,65,3,4.0,2.5133667124580987,0.6020599913279624,0.40025585889816284
5479559378348931200,167796747,66,3,5.0,2.491464091769741,0.6989700043360189,0.3964546322822571
5479559378348931200,167796747,67,3,3.0,2.52707400971611,0.47712125471966244,0.4026179611682892
5286310069347838080,167808464,9,4,1.0,2.6848789475850383,0.0,0.42892470955848694
5286978645433636480,167815117,5,2,1.0,2.355640087066954,0.0,0.37210893630981445
5286978645433636480,167815117,7,2,1.0,2.639271409143122,0.0,0.4214840531349182
5286978645433636480,167815117,10,2,2.0,2.381765847680196,0.3010299956639812,0.3768990635871887
5286978645433636480,167815117,11,2,3.0,2.459121922644643,0.47712125471966244,0.3907800614833832
5286978645433636480,167815117,28,2,1.0,2.3477599451824713,0.0,0.3706536889076233
5286978645433636480,167815117,30,2,2.0,2.3814584322747256,0.3010299956639812,0.37684300541877747
5286978645433636480,167815117,31,2,2.0,2.4664329289319626,0.3010299956639812,0.3920693099498749
5286978645433636480,167815117,32,2,4.0,2.558423790203851,0.6020599913279624,0.4079724848270416
5286978645433636480,167815117,33,2,3.0,2.349544420557344,0.47712125471966244,0.37098366022109985
5286978645433636480,167815117,34,2,5.0,2.4894659098576506,0.6989700043360189,0.39610618352890015
5286978645433636480,167815117,36,2,1.0,2.4916403682855384,0.0,0.3964853584766388
5286978645433636480,167815117,37,2,1.0,2.322266461122182,0.0,0.3659120500087738
5286978645433636480,167815117,39,2,1.0,2.384828765610495,0.0,0.3774572014808655
5286978645433636480,167815117,61,2,1.0,2.329307735028538,0.0,0.36722686886787415
5286978645433636480,167815117,63,2,1.0,2.355983455918788,0.0,0.3721722364425659
5286978645433636480,167815117,66,2,2.0,2.5746510810807948,0.3010299956639812,0.4107183814048767
5286760525517037568,167891320,27,0,1.0,2.514101210705398,0.0,0.40038275718688965
5286760525517037568,167891320,28,0,2.0,2.743859398361262,0.3010299956639812,0.43836185336112976
5286760525517037568,167891320,29,0,5.0,2.425261772925018,0.6989700043360189,0.3847586214542389
5286760525517037568,167891320,30,0,11.0,2.7406415247971023,1.0413926851582251,0.43785223364830017
5286760525517037568,167891320,31,0,5.0,2.7314457261571787,0.6989700043360189,0.43639257550239563
5286760525517037568,167891320,32,0,6.0,2.7262896721621157,0.7781512503836436,0.4355719983577728
5286760525517037568,167891320,33,0,9.0,2.4291311275834024,0.9542425094393249,0.38545095920562744
5286760525517037568,167891320,34,0,5.0,2.825458515106444,0.6989700043360189,0.45108893513679504
5286760525517037568,167891320,36,0,4.0,2.324394087159222,0.6020599913279624,0.3663097620010376
5286760525517037568,167891320,37,0,2.0,2.7092419890068364,0.3010299956639812,0.432847797870636
5286760525517037568,167891320,38,0,3.0,2.5353736693802373,0.47712125471966244,0.40404197573661804
5286760525517037568,167891320,61,0,8.0,2.587127875709075,0.9030899869919435,0.41281789541244507
5286760525517037568,167891320,62,0,3.0,2.6280936633276895,0.47712125471966244,0.41964083909988403
5286760525517037568,167891320,63,0,5.0,2.611102876430158,0.6989700043360189,0.41682398319244385
5286760525517037568,167891320,64,0,7.0,2.6558689665303095,0.8450980400142568,0.4242066442966461
5286760525517037568,167891320,66,0,2.0,2.7387522673456144,0.3010299956639812,0.4375527501106262
5286760525517037568,167891320,67,0,3.0,2.6841013713791937,0.47712125471966244,0.4287989139556885
5479300237202287616,167892392,61,4,5.0,2.6861763302004444,0.6989700043360189,0.4291345179080963
5479300237202287616,167892392,62,4,1.0,2.732448330231268,0.0,0.436551958322525
5479300237202287616,167892392,63,4,5.0,2.322124635534512,0.6989700043360189,0.36588552594184875
5479300237202287616,167892392,64,4,1.0,2.721457824818589,0.0,0.4348016083240509
5479300237202287616,167892392,65,4,2.0,2.759162077595904,0.3010299956639812,0.4407772123813629
5479300237202287616,167892392,66,4,2.0,2.5409807334464225,0.3010299956639812,0.40500137209892273
5479300237202287616,167892392,67,4,4.0,2.525974978431649,0.6020599913279624,0.4024290442466736
6084455730432295552,168511614,11,0,4.0,2.5698493737391614,0.6020599913279624,0.40990766882896423
6084455730432295552,168511614,64,0,6.0,2.694638850124337,0.7781512503836436,0.4305005669593811
2326464319728427264,169286118,29,2,1.0,2.3763904166834613,0.0,0.37591779232025146
6073936913158509568,169475779,11,4,13.0,2.702268026452526,1.1139433523068367,0.43172842264175415
6073936913158509568,169475779,37,4,4.0,2.8619870325143695,0.6020599913279624,0.4566676616668701
6073936913158509568,169475779,38,4,7.0,2.714140242772773,0.8450980400142568,0.4336322844028473
2988451335618073856,169532460,5,1,4.0,2.4770245787164717,0.6020599913279624,0.3939303159713745
2988451335618073856,169532460,32,1,6.0,2.4437644788858663,0.7781512503836436,0.3880593478679657
6081288488414884480,169995319,11,2,1.0,2.449734727738176,0.0,0.38911905884742737
5557138307464889984,170105549,61,1,1.0,2.403961472596036,0.0,0.38092750310897827
5552639964877361152,170160263,61,2,5.0,2.375490910058609,0.6989700043360189,0.37575337290763855
5558925937275832448,170222826,61,2,3.0,2.3604529421504097,0.47712125471966244,0.3729953467845917
5558952978389910912,170274417,6,3,2.0,2.529502970073955,0.3010299956639812,0.4030351936817169
5558952978389910912,170274417,7,3,1.0,2.510137675294339,0.0,0.39969754219055176
5557819832876088576,170277600,61,1,2.0,2.3023264950515596,0.3010299956639812,0.3621669113636017
5558581072879333632,170277704,61,0,1.0,2.561646736555991,0.0,0.4085192382335663
5557751388277155328,170315869,61,0,1.0,2.693598732966335,0.0,0.43033289909362793
5557462766474663040,170316724,61,2,2.0,2.4714908029571836,0.3010299956639812,0.39295899868011475
6085726357858581120,170324620,64,4,2.0,2.7000444506732233,0.3010299956639812,0.43137091398239136
5558891719273931008,170362590,61,4,1.0,2.6140565379380876,0.0,0.41731497645378113
5563244067333324160,170364940,61,0,2.0,2.401496502019914,0.3010299956639812,0.3804819583892822
5563243517577528192,170365121,61,4,2.0,2.467922123368058,0.3010299956639812,0.39233145117759705
5558894949089347968,170367425,61,3,1.0,2.5138802176655797,0.0,0.400344580411911
5562454824142916608,170403073,61,2,3.0,2.3872418981873715,0.47712125471966244,0.37789642810821533
4871160115360229120,170671853,4,4,6.0,2.8737162254573194,0.7781512503836436,0.45844388008117676
4871160115360229120,170671853,5,4,5.0,2.5399051096633825,0.6989700043360189,0.40481749176979065
4871160115360229120,170671853,31,4,10.0,2.651684296701714,1.0,0.42352181673049927
4871160115360229120,170671853,32,4,8.0,2.8035604066610977,0.9030899869919435,0.44770991802215576
4871160149719966976,170673573,4,4,4.0,2.716437500195463,0.6020599913279624,0.4339997172355652
4871160149719966976,170673573,5,4,5.0,2.6526829260823392,0.6989700043360189,0.42368534207344055
4871160149719966976,170673573,31,4,10.0,2.568336390556773,1.0,0.40965190529823303
4871160149719966976,170673573,32,4,11.0,2.625256368822069,1.0413926851582251,0.4191717207431793
4871041608622321664,170674625,31,2,2.0,2.3281146554716674,0.3010299956639812,0.3670043647289276
4871041608622321664,170674625,32,2,5.0,2.350237817607048,0.6989700043360189,0.37111181020736694
4871187053395116032,170698265,4,0,15.0,2.4704432387682282,1.1760912590556813,0.39277487993240356
4871187053395116032,170698265,5,0,7.0,2.734529889159545,0.8450980400142568,0.4368826746940613
4871187053395116032,170698265,31,0,8.0,2.524036932029898,0.9030899869919435,0.4020957052707672
4871187053395116032,170698265,32,0,11.0,2.53185017276031,1.0413926851582251,0.403438001871109
4872803576007316480,170699229,5,4,21.0,2.3707303612331696,1.3222192947339193,0.37488216161727905
4872803576007316480,170699229,31,4,13.0,2.6574752749781285,1.1139433523068367,0.4244692325592041
4872803576007316480,170699229,32,4,16.0,2.7033254043183317,1.2041199826559248,0.4318983256816864
4867591989673394944,170766490,4,0,10.0,2.748044888681696,1.0,0.43902382254600525
4867591989673394944,170766490,5,0,12.0,2.5619125392370763,1.0791812460476249,0.4085642993450165
4867591989673394944,170766490,31,0,5.0,2.533221365097767,0.6989700043360189,0.4036731421947479
4867591989673394944,170766490,32,0,4.0,2.699748569160585,0.6020599913279624,0.4313233196735382
4877824564574114304,170849193,5,1,1.0,2.505744113020602,0.0,0.3989367187023163
4867855155206070784,170867166,32,0,4.0,2.5438974930167224,0.6020599913279624,0.4054996073246002
6002978452796712704,170986304,12,0,2.0,2.736127632189347,0.3010299956639812,0.43713635206222534
172109926647364608,171088770,43,1,1.0,2.1174529560833504,0.0,0.32581377029418945
172109926647364608,171088770,44,1,3.0,2.407512171626902,0.47712125471966244,0.3815684914588928
2895726874349631232,172196228,7,1,1.0,2.5316580218504,0.0,0.4034050405025482
2895507384340007936,172255639,6,2,5.0,2.3841907693466946,0.6989700043360189,0.37734100222587585
2895507384340007936,172255639,7,2,10.0,2.3592881081882475,1.0,0.372780978679657
2895507384340007936,172255639,33,2,10.0,2.4600782506225367,1.0,0.39094892144203186
6002930898917300096,172608996,12,4,18.0,2.34435206808986,1.255272505103306,0.37002283334732056
6002929902484820992,172615355,12,3,5.0,2.526552434714266,0.6989700043360189,0.402528315782547
47508699141782656,17291848,43,2,1.0,2.4034489792201654,0.0,0.3808349072933197
5560787002444155776,173177973,7,0,1.0,2.727941754445898,0.0,0.4358350932598114
5560787002444155776,173177973,8,0,1.0,2.536278718457344,0.0,0.40419697761535645
5560787002444155776,173177973,34,0,2.0,2.710312511047379,0.3010299956639812,0.43301936984062195
145260574251299200,17336502,43,0,3.0,2.725351791864018,0.47712125471966244,0.4354225695133209
145260574251299200,17336502,44,0,1.0,2.354335774078628,0.0,0.37186840176582336
6009015699344451200,173871956,12,2,6.0,2.4145810932692,0.7781512503836436,0.3828417956829071
145257580657289088,17387985,43,0,1.0,2.3737305456521494,0.0,0.3754314184188843
5586843022846201856,174744789,8,2,1.0,2.3313208635587244,0.0,0.36760205030441284
5538682214525847808,175080575,35,3,1.0,2.4659770048258185,0.0,0.3919890224933624
5538708156129113856,175081065,8,3,1.0,2.510007111954803,0.0,0.3996749520301819
5538708156129113856,175081065,34,3,7.0,2.547887759414426,0.8450980400142568,0.4061802923679352
5955394544512544512,17509396,12,3,3.0,2.527930298892661,0.47712125471966244,0.40276509523391724
5587582508831567488,175177533,7,4,3.0,2.801393812360551,0.47712125471966244,0.447374165058136
5587582508831567488,175177533,8,4,2.0,2.6738885746800825,0.3010299956639812,0.42714330554008484
5586861748901598592,175182771,34,3,4.0,2.402340902462467,0.6020599913279624,0.3806346356868744
5538720319477064704,175183709,8,1,3.0,2.486186880221797,0.47712125471966244,0.3955337703227997
5538694068636369280,175184542,8,0,1.0,2.3204496775255974,0.0,0.36557215452194214
5536809162106730112,175385241,35,4,2.0,2.6865831813387744,0.3010299956639812,0.42920029163360596
5045955869739712128,175491080,3,2,9.0,2.406465468382207,0.9542425094393249,0.381379634141922
5045955869739712128,175491080,4,2,12.0,2.400080659174525,1.0791812460476249,0.3802258372306824
5045955869739712128,175491080,30,2,8.0,2.3706631732110983,0.9030899869919435,0.37486985325813293
5045955869739712128,175491080,31,2,10.0,2.5296185773435487,1.0,0.4030550420284271
5047709900023081088,175493040,31,0,1.0,2.5584250191601114,0.0,0.40797269344329834
5538425822158520576,175526653,7,1,2.0,2.474775414097148,0.3010299956639812,0.3935357928276062
5538425822158520576,175526653,34,1,1.0,2.4127452358206427,0.0,0.3825114667415619
2429059676701547008,176283271,29,3,1.0,2.4973508716942905,0.0,0.3974795639514923
6013035857441615616,176463845,12,0,9.0,2.5480545642667196,0.9542425094393249,0.40620872378349304
5265670762922792960,176873028,1,0,3.0,2.757758098080661,0.47712125471966244,0.4405561685562134
5265670762922792960,176873028,2,0,1.0,2.3653998015338664,0.0,0.3739045560359955
5265670762922792960,176873028,4,0,1.0,2.6251605300539618,0.0,0.41915586590766907
5265670762922792960,176873028,6,0,1.0,2.5262584026528647,0.0,0.40247777104377747
5265670762922792960,176873028,12,0,1.0,2.5742889152342023,0.0,0.41065728664398193
5265670762922792960,176873028,27,0,1.0,2.8916079542374304,0.0,0.46113941073417664
5265670762922792960,176873028,66,0,1.0,2.709149405097043,0.0,0.4328329563140869
5266642318884581632,176980970,1,2,5.0,2.3766681472079454,0.6989700043360189,0.3759685456752777
5266642318884581632,176980970,2,2,4.0,2.367868343179603,0.6020599913279624,0.37435755133628845
5266642318884581632,176980970,3,2,1.0,2.4371790212292916,0.0,0.38688743114471436
5266642318884581632,176980970,4,2,3.0,2.485197379776187,0.47712125471966244,0.39536088705062866
5266642318884581632,176980970,5,2,3.0,2.4184350671531973,0.47712125471966244,0.38353443145751953
5266642318884581632,176980970,6,2,2.0,2.598764928291458,0.3010299956639812,0.41476699709892273
5266642318884581632,176980970,7,2,1.0,2.5503276249147655,0.0,0.40659597516059875
5266642318884581632,176980970,8,2,6.0,2.5380991911345085,0.7781512503836436,0.4045085906982422
5266642318884581632,176980970,9,2,4.0,2.543187797287081,0.6020599913279624,0.40537843108177185
5266642318884581632,176980970,10,2,6.0,2.3509915948528692,0.7781512503836436,0.37125107645988464
5266642318884581632,176980970,12,2,1.0,2.4129594907499543,0.0,0.38255003094673157
5266642318884581632,176980970,13,2,5.0,2.3564083714009487,0.6989700043360189,0.3722505569458008
5266642318884581632,176980970,27,2,1.0,2.6115076756560973,0.0,0.41689130663871765
5266642318884581632,176980970,29,2,3.0,2.484345848100114,0.47712125471966244,0.3952120542526245
5266642318884581632,176980970,30,2,2.0,2.5325283770162508,0.3010299956639812,0.4035543203353882
5266642318884581632,176980970,31,2,2.0,2.364230417290896,0.3010299956639812,0.37368980050086975
5266642318884581632,176980970,34,2,1.0,2.43582170415217,0.0,0.38664549589157104
5266642318884581632,176980970,36,2,4.0,2.4875987214987463,0.6020599913279624,0.3957803249359131
5266642318884581632,176980970,37,2,1.0,2.3505313635724687,0.0,0.37116605043411255
5266642318884581632,176980970,39,2,3.0,2.3696123271067973,0.47712125471966244,0.37467730045318604
5266642318884581632,176980970,61,2,5.0,2.3466540321454925,0.6989700043360189,0.3704490661621094
5266642318884581632,176980970,63,2,5.0,2.422023265804033,0.6989700043360189,0.3841783106327057
5266642318884581632,176980970,64,2,6.0,2.3597434148397216,0.7781512503836436,0.3728647828102112
5266642318884581632,176980970,65,2,1.0,2.3595078166808636,0.0,0.3728214204311371
5266642318884581632,176980970,66,2,1.0,2.516242622687165,0.0,0.4007525146007538
5266642318884581632,176980970,67,2,2.0,2.41029110647064,0.3010299956639812,0.38206949830055237
5280784679820094848,177078973,3,0,3.0,2.557343063973689,0.47712125471966244,0.4077889919281006
5280784679820094848,177078973,4,0,2.0,2.7301352844670626,0.3010299956639812,0.4361841678619385
5280784679820094848,177078973,5,0,3.0,2.6517758266241196,0.47712125471966244,0.4235368072986603
5280784679820094848,177078973,7,0,1.0,2.6069356093474285,0.0,0.41613030433654785
5280784679820094848,177078973,8,0,5.0,2.6868132721476594,0.6989700043360189,0.4292374849319458
5280784679820094848,177078973,9,0,3.0,2.6290233312652886,0.47712125471966244,0.4197944402694702
5280784679820094848,177078973,11,0,3.0,2.7017279051603196,0.47712125471966244,0.4316416084766388
5280784679820094848,177078973,12,0,4.0,2.7761142659100924,0.6020599913279624,0.4434373378753662
5280784679820094848,177078973,13,0,4.0,2.4984485930538516,0.6020599913279624,0.3976704180240631
5280784679820094848,177078973,61,0,2.0,2.2578370285216653,0.3010299956639812,0.35369259119033813
5280784679820094848,177078973,63,0,1.0,2.2523295076468957,0.0,0.35263192653656006
5280784679820094848,177078973,64,0,2.0,2.7629010497093502,0.3010299956639812,0.4413653314113617
5280784679820094848,177078973,65,0,2.0,2.2916685122154443,0.3010299956639812,0.3601517975330353
5280784679820094848,177078973,66,0,1.0,2.5988052319620873,0.0,0.41477373242378235
5280784679820094848,177078973,67,0,3.0,2.5789438845127983,0.47712125471966244,0.4114418923854828
5280499395210041472,177115978,1,3,2.0,2.462395333776313,0.3010299956639812,0.39135777950286865
5280499395210041472,177115978,3,3,1.0,2.593944415040544,0.0,0.41396066546440125
5280499395210041472,177115978,5,3,1.0,2.546228698297896,0.0,0.4058974087238312
5280499395210041472,177115978,8,3,1.0,2.2999046597408945,0.0,0.3617098331451416
5280499395210041472,177115978,9,3,1.0,2.395159063375068,0.0,0.37933436036109924
5280499395210041472,177115978,13,3,2.0,2.482994977288015,0.3010299956639812,0.39497584104537964
5280499395210041472,177115978,29,3,1.0,2.3364062721602745,0.0,0.36854836344718933
5280499395210041472,177115978,30,3,1.0,2.5054557692393247,0.0,0.3988867402076721
5280499395210041472,177115978,31,3,1.0,3.267156449645496,0.0,0.5141699314117432
5280499395210041472,177115978,32,3,1.0,2.3896177887402503,0.0,0.37832844257354736
5280499395210041472,177115978,35,3,3.0,2.510741834454529,0.47712125471966244,0.3998020589351654
5280499395210041472,177115978,36,3,1.0,2.5048045817274964,0.0,0.39877384901046753
5280499395210041472,177115978,37,3,1.0,2.654458892308695,0.0,0.42397600412368774
5280499395210041472,177115978,38,3,3.0,2.4147931912998435,0.47712125471966244,0.38287994265556335
5280499395210041472,177115978,39,3,2.0,2.340424220090607,0.3010299956639812,0.36929458379745483
5280499395210041472,177115978,61,3,2.0,2.469537787750643,0.3010299956639812,0.3926156759262085
5280499395210041472,177115978,62,3,1.0,2.602084048102305,0.0,0.41532132029533386
5280499395210041472,177115978,63,3,3.0,2.420409454439254,0.47712125471966244,0.383888840675354
5280499395210041472,177115978,67,3,2.0,2.4769434999030397,0.3010299956639812,0.3939161002635956
138475453636454272,177998752,58,3,1.0,2.4627307728629355,0.0,0.3914169371128082
235786905619492096,178108104,18,2,3.0,2.473461147976897,0.47712125471966244,0.39330509305000305
5094664333632217088,178286446,31,2,5.0,2.317349856198882,0.6989700043360189,0.36499160528182983
6140121843780100096,178725301,10,1,3.0,2.315228678074133,0.47712125471966244,0.36459389328956604
6140121843780100096,178725301,37,1,4.0,2.5189081677013836,0.6020599913279624,0.40121233463287354
4896131604975984000,178857861,5,3,11.0,2.4443080451208252,1.0413926851582251,0.3881559371948242
4896131604975984000,178857861,31,3,6.0,2.4685884546867953,0.7781512503836436,0.39244869351387024
4896131604975984000,178857861,32,3,6.0,2.5508674115128693,0.7781512503836436,0.4066878855228424
4891725758804028672,178969584,5,0,2.0,2.5976202797470895,0.3010299956639812,0.4145756661891937
4891725758804028672,178969584,32,0,5.0,2.6812328655163173,0.6989700043360189,0.4283345341682434
4891725758804030208,178969585,5,4,2.0,2.5145304861087117,0.3010299956639812,0.40045690536499023
4891725758804030208,178969585,32,4,9.0,2.6544120788105596,0.9542425094393249,0.4239683449268341
4658386881465454464,179040880,4,0,1.0,2.6971999956893558,0.0,0.43091315031051636
4658386881465454464,179040880,8,0,1.0,2.4966231516482034,0.0,0.39735299348831177
4658386881465454464,179040880,9,0,2.0,2.724806308726556,0.3010299956639812,0.435335636138916
4658386881465454464,179040880,12,0,3.0,2.58523657813154,0.47712125471966244,0.4125002920627594
4658386881465454464,179040880,13,0,1.0,2.588215327799472,0.0,0.4130004048347473
4658386881465454464,179040880,27,0,1.0,2.5387736685855193,0.0,0.40462398529052734
4658386881465454464,179040880,29,0,1.0,2.5670247551026657,0.0,0.40943005681037903
4658386881465454464,179040880,37,0,1.0,2.3774982705538266,0.0,0.3761202096939087
4658386881465454464,179040880,38,0,1.0,2.7341880123087465,0.0,0.4368283748626709
4658386881465454464,179040880,61,0,1.0,2.492944107329549,0.0,0.3967125415802002
4658386881465454464,179040880,63,0,1.0,2.3578940757308047,0.0,0.37252429127693176
4658386881465454464,179040880,64,0,1.0,2.3116146779406943,0.0,0.36391544342041016
6009975332460963840,179051609,12,2,2.0,2.367928952266105,0.3010299956639812,0.37436866760253906
6009975332460963840,179051609,38,2,10.0,2.553516891495803,1.0,0.40713873505592346
6110461521194069120,179130687,11,4,1.0,2.6891041923573513,0.0,0.429607629776001
4660457919032600704,179234597,4,4,1.0,2.7926859062870224,0.0,0.446022093296051
4660457919032600704,179234597,5,4,1.0,2.6916399443425343,0.0,0.43001696467399597
4660457919032600704,179234597,6,4,1.0,2.518407460936569,0.0,0.4011259973049164
4660457919032600704,179234597,7,4,1.0,2.5926702291346513,0.0,0.41374728083610535
4660457919032600704,179234597,10,4,1.0,2.7251735675029196,0.0,0.43539416790008545
4660457919032600704,179234597,11,4,3.0,2.6981789201796116,0.47712125471966244,0.4310707449913025
4660457919032600704,179234597,13,4,1.0,2.6542481469981207,0.0,0.4239415228366852
4660457919032600704,179234597,28,4,3.0,2.665057388237791,0.47712125471966244,0.42570656538009644
4660457919032600704,179234597,29,4,1.0,2.4404640859557065,0.0,0.3874724209308624
4660457919032600704,179234597,32,4,1.0,2.7220293487630807,0.0,0.43489280343055725
4660457919032600704,179234597,33,4,1.0,2.6264681662341496,0.0,0.4193721413612366
4660457919032600704,179234597,34,4,1.0,2.5325900725549153,0.0,0.4035649001598358
4660457919032600704,179234597,38,4,1.0,2.6343432197356496,0.0,0.42067235708236694
4660457919032600704,179234597,39,4,4.0,2.734328923439447,0.6020599913279624,0.43685075640678406
6111042819247380864,179291515,11,0,3.0,2.114835893961623,0.47712125471966244,0.3252766728401184
4651792839690242432,179315999,1,3,1.0,2.560494892159654,0.0,0.40832391381263733
4651792839690242432,179315999,2,3,2.0,2.4613007852627984,0.3010299956639812,0.3911646902561188
4651792839690242432,179315999,3,3,2.0,2.489893370928336,0.3010299956639812,0.39618074893951416
4651792839690242432,179315999,5,3,1.0,2.3487562927609797,0.0,0.3708379566669464
4651792839690242432,179315999,6,3,2.0,2.357105088139361,0.3010299956639812,0.372378945350647
4651792839690242432,179315999,7,3,3.0,2.5049455319343306,0.47712125471966244,0.39879828691482544
4651792839690242432,179315999,8,3,1.0,2.3617950030928245,0.0,0.37324219942092896
4651792839690242432,179315999,9,3,1.0,2.4766623792478772,0.0,0.39386680722236633
4651792839690242432,179315999,10,3,1.0,2.4381679744570888,0.0,0.3870636224746704
4651792839690242432,179315999,12,3,1.0,2.4138090812319812,0.0,0.38270291686058044
4651792839690242432,179315999,30,3,2.0,2.5945929597484594,0.3010299956639812,0.4140692353248596
4651792839690242432,179315999,31,3,3.0,2.3164769894654818,0.47712125471966244,0.3648279905319214
4651792839690242432,179315999,33,3,1.0,2.473752090532013,0.0,0.39335617423057556
4651792839690242432,179315999,35,3,1.0,2.3883798869354105,0.0,0.3781034052371979
4651792839690242432,179315999,37,3,2.0,2.3736057743892505,0.3010299956639812,0.3754085898399353
4651792839690242432,179315999,39,3,1.0,2.488746464886994,0.0,0.3959806561470032
6117102949382766976,179367270,38,3,8.0,2.511915769332915,0.9030899869919435,0.4000050723552704
6117091335791141632,179410793,11,2,3.0,2.36586619106226,0.47712125471966244,0.37399017810821533
6053614296155611648,179488671,11,4,1.0,2.6961648104875966,0.0,0.4307464361190796
5861105924894081280,179556239,11,2,7.0,2.3380365927846585,0.8450980400142568,0.36885130405426025
5861105924894081280,179556239,64,2,2.0,2.5336297380402493,0.3010299956639812,0.4037431478500366
6007977176247794816,179622269,12,1,2.0,2.485346777452898,0.3010299956639812,0.3953869938850403
6007977176247794816,179622269,38,1,4.0,2.3369775969609896,0.6020599913279624,0.3686545491218567
6117656381689358080,179715817,11,4,4.0,2.739032875703672,0.6020599913279624,0.43759724497795105
6116685787798275968,180022630,38,1,1.0,2.4253473180365313,0.0,0.38477393984794617
5525256593428618240,181358989,62,1,1.0,2.481954799789344,0.0,0.39479386806488037
2326864473241905152,183533586,29,0,1.0,2.6501447748688025,0.0,0.4232695996761322
2082241759050306944,185188499,56,1,1.0,2.524484014835253,0.0,0.40217262506484985
2082759521646392832,185343763,56,2,4.0,2.4995608619995284,0.6020599913279624,0.3978637158870697
142796499973911808,186616851,58,3,2.0,2.5046846084100953,0.3010299956639812,0.3987530469894409
142081302019408896,186619918,58,2,1.0,2.3696967223927707,0.0,0.37469276785850525
139037368500882688,186720624,58,0,1.0,2.2859485767527175,0.0,0.3590664565563202
230530071809812480,187172355,59,3,3.0,2.492982769848465,0.47712125471966244,0.3967192769050598
188874420957475968,187529066,59,0,4.0,2.5234946840843007,0.6020599913279624,0.40200239419937134
2083488948836309504,187936071,56,3,7.0,2.396322039041962,0.8450980400142568,0.3795451819896698
2071438919870108672,188555157,56,3,5.0,2.370305953624451,0.6989700043360189,0.37480440735816956
2983526111937415040,188969240,5,1,10.0,2.983816393389086,1.0,0.4747720956802368
2983526111937415040,188969240,32,1,12.0,2.9594833689250346,1.0791812460476249,0.4712159037590027
2983526215016630912,188969241,5,2,7.0,2.377428117261919,0.8450980400142568,0.376107394695282
2983526215016630912,188969241,32,2,8.0,2.4591420040726777,0.9030899869919435,0.3907836079597473
5885609533590397568,189421351,12,2,1.0,2.4450221941008583,0.0,0.38828280568122864
5893392327911628928,190267332,11,0,3.0,2.6164678365498193,0.47712125471966244,0.4177154004573822
5893392327911628928,190267332,38,0,6.0,2.742718597141874,0.7781512503836436,0.4381812512874603
5885736875087999488,190372855,12,0,4.0,2.5904506200534008,0.6020599913279624,0.4133753180503845
5885736875087999488,190372855,39,0,5.0,2.6168327040495614,0.6989700043360189,0.417775958776474
6027119982956696704,191694822,39,4,1.0,2.6439636877770023,0.0,0.4222554862499237
6422068442263108864,1922376562,66,3,3.0,2.376941179956606,0.47712125471966244,0.3760184347629547
6422068442263108864,1922376562,67,3,6.0,2.502901671233649,0.7781512503836436,0.3984437882900238
434698385971110400,192651737,58,0,1.0,2.5934594031742835,0.0,0.4138794541358948
435096924580530176,192653406,58,3,2.0,2.469439330218053,0.3010299956639812,0.39259836077690125
434759065273696256,192835056,58,1,3.0,2.4278209425075645,0.47712125471966244,0.3852166533470154
3416029971479737984,19330721,43,3,4.0,2.4556882182083184,0.6020599913279624,0.3901732265949249
3416029971479737984,19330721,44,3,2.0,2.5020281056349867,0.3010299956639812,0.3982921838760376
5630731369497024000,19349317,9,1,1.0,2.4437071272044606,0.0,0.3880491554737091
1599483685462706688,193993253,23,1,4.0,2.450838932795328,0.6020599913279624,0.38931477069854736
1599483685462706688,193993253,50,1,2.0,2.4397146032775594,0.3010299956639812,0.3873390257358551
3416152085989711232,19400360,43,3,2.0,2.4885755162608976,0.3010299956639812,0.3959508240222931
3416152085989711232,19400360,44,3,1.0,2.5138389884836996,0.0,0.40033745765686035
234871974505484288,194855412,58,2,1.0,2.4168772161925745,0.0,0.3832545876502991
2070182624751742592,195926788,56,2,4.0,2.7572235357858013,0.6020599913279624,0.44047197699546814
4723899224517492992,197787320,2,4,8.0,2.636034731071758,0.9030899869919435,0.42095112800598145
4723899224517492992,197787320,3,4,1.0,2.5779399336102236,0.0,0.411272794008255
4723899224517492992,197787320,4,4,4.0,2.8035765672154005,0.6020599913279624,0.44771242141723633
4812387026967964160,200340257,4,0,4.0,2.616545222993707,0.6020599913279624,0.4177282452583313
4812387026967964160,200340257,31,0,3.0,2.73449348530999,0.47712125471966244,0.43687689304351807
4812786596365701248,200368439,5,0,4.0,2.488490131734296,0.6020599913279624,0.39593592286109924
4812786596365701248,200368439,6,0,7.0,2.75784590866362,0.8450980400142568,0.44056999683380127
4812786596365701248,200368439,31,0,5.0,2.4054119573325567,0.6989700043360189,0.3811894655227661
4812786596365701248,200368439,32,0,2.0,2.4877952106591943,0.3010299956639812,0.3958146274089813
4814443246854579072,200441011,4,2,1.0,2.4355516016736574,0.0,0.38659733533859253
4814443246854579072,200441011,5,2,4.0,2.499574241049565,0.6020599913279624,0.39786604046821594
4735002470891376512,200740049,2,4,3.0,2.790980824233079,0.47712125471966244,0.44575685262680054
4735002470891376512,200740049,3,4,1.0,2.72224304736064,0.0,0.4349268972873688
4735002470891376512,200740049,4,4,3.0,2.481405586131444,0.47712125471966244,0.39469775557518005
4735002470891376512,200740049,29,4,1.0,2.529441696891723,0.0,0.40302467346191406
4735002470891376512,200740049,30,4,2.0,2.8740406398340284,0.3010299956639812,0.4584929049015045
4736393250021662976,200806186,3,2,6.0,2.3625627008362593,0.7781512503836436,0.3733833432197571
4736393250021662976,200806186,4,2,2.0,2.316546139042292,0.3010299956639812,0.36484095454216003
4736393250021662976,200806186,30,2,5.0,2.5544392851985713,0.6989700043360189,0.4072955846786499
4736393250021662976,200806186,31,2,3.0,2.467715519285212,0.47712125471966244,0.39229509234428406
224610095047453184,200938781,58,1,4.0,2.484152529336859,0.6020599913279624,0.39517825841903687
2884080885842578176,20096356,5,1,25.0,2.4789984848506,1.3979400086720377,0.3942762613296509
2884080885842578176,20096356,6,1,6.0,2.447233737998574,0.7781512503836436,0.3886754512786865
2884080885842578176,20096356,32,1,1.0,2.548327175575128,0.0,0.40625518560409546
2884080885842578176,20096356,33,1,7.0,2.4526660744965456,0.8450980400142568,0.38963842391967773
2886635051355088640,201391310,32,2,2.0,2.35379670964204,0.3010299956639812,0.3717689514160156
2886635051355088640,201391310,33,2,6.0,2.442116238637882,0.7781512503836436,0.3877663314342499
2882707247924774784,20142752,5,1,1.0,2.3334194757268127,0.0,0.3679928183555603
2895915341810614400,201431708,6,2,1.0,2.5262001550792728,0.0,0.4024677574634552
2886477992990104704,201494128,6,3,1.0,2.5174814935332064,0.0,0.4009662866592407
354143766071577728,203008491,58,1,7.0,2.493302870635446,0.8450980400142568,0.3967750370502472
3403472651040492672,20308433,43,1,2.0,2.4759269254994645,0.3010299956639812,0.3937378227710724
3403472651040492672,20308433,44,1,6.0,2.4125497075481332,0.7781512503836436,0.382476270198822
3403472651040492672,20308433,45,1,5.0,2.4376913466060564,0.6989700043360189,0.38697871565818787
3403472655338006912,20308434,43,2,5.0,2.4673716126548175,0.6989700043360189,0.39223456382751465
3403472655338006912,20308434,44,2,3.0,2.3494973414784077,0.47712125471966244,0.37097495794296265
3403472655338006912,20308434,45,2,2.0,2.326305748269877,0.3010299956639812,0.3666667938232422
685209805274547840,203287049,44,3,2.0,2.140724911816652,0.3010299956639812,0.3305608630180359
685209805274547840,203287049,45,3,2.0,2.5028140776767738,0.3010299956639812,0.3984285891056061
685209805274547840,203287049,46,3,1.0,2.3982235704218895,0.0,0.37988966703414917
6032006281320648832,205106599,12,2,9.0,2.36729823873146,0.9542425094393249,0.37425297498703003
6032006281320648832,205106599,39,2,7.0,2.4838148542562646,0.8450980400142568,0.39511922001838684
6032011675805796992,206069705,12,4,2.0,2.730866040968348,0.3010299956639812,0.4363003969192505
6032011675805796992,206069705,39,4,5.0,2.4894799182099345,0.6989700043360189,0.39610862731933594
4733231157659118464,206403004,3,4,4.0,2.7306053820452467,0.6020599913279624,0.4362589418888092
4733231157659118464,206403004,4,4,2.0,2.5800144410242156,0.3010299956639812,0.41162213683128357
4733231157659118464,206403004,30,4,1.0,2.6682218541021054,0.0,0.42622193694114685
4733231157659118464,206403004,31,4,4.0,2.7051354612213876,0.6020599913279624,0.432189017534256
6064353054428529152,207621404,65,0,59.0,2.876832707957201,1.7708520116421442,0.4589146077632904
5872688764458062080,209241947,38,4,3.0,2.554423508993239,0.47712125471966244,0.407292902469635
5872591904353080576,209291266,11,1,10.0,2.5026127958645836,1.0,0.3983936607837677
5872591904353080576,209291266,38,1,6.0,2.3942900773164855,0.7781512503836436,0.3791767656803131
6126844862925599232,21011493,64,3,5.0,2.511564841103892,0.6989700043360189,0.39994439482688904
6023434969702417024,210541258,12,1,3.0,2.2849537843716776,0.47712125471966244,0.35887742042541504
6023434969702417024,210541258,39,1,3.0,2.311988436919274,0.47712125471966244,0.36398565769195557
6127521165654898176,21112004,64,2,2.0,2.4102791977058127,0.3010299956639812,0.38206735253334045
6037784008760031872,211237621,12,0,3.0,2.5795469029520333,0.47712125471966244,0.41154342889785767
6037784004457590528,211237627,12,4,3.0,2.4776256985548946,0.47712125471966244,0.3940356969833374
6025381517607402240,211459804,12,3,2.0,2.591559208849285,0.3010299956639812,0.4135611355304718
6031756692179764864,211906343,39,2,3.0,2.3774896236408813,0.47712125471966244,0.37611863017082214
6030732668910742400,212187947,12,0,2.0,2.7640052928011483,0.3010299956639812,0.44153887033462524
6021156025722769920,212201942,39,2,3.0,2.3326786958622385,0.47712125471966244,0.36785492300987244
5938777453485732736,212461524,12,3,1.0,2.4284126213473067,0.0,0.3853224813938141
5938777453485732736,212461524,39,3,6.0,2.588752652317389,0.7781512503836436,0.4130905568599701
2543590790741654656,212949811,42,4,3.0,2.691164920508316,0.47712125471966244,0.4299403131008148
2543590790741654656,212949811,43,4,4.0,2.675034706596229,0.6020599913279624,0.427329421043396
2528384544928958720,212963433,30,1,6.0,2.582911665955023,0.7781512503836436,0.4121095538139343
2528384544928958720,212963433,42,1,6.0,2.493346842794183,0.7781512503836436,0.39678269624710083
2528384544928958720,212963433,43,1,4.0,2.344670622282452,0.6020599913279624,0.3700818419456482
3228103402564766976,213044139,5,1,1.0,2.548138495365913,0.0,0.40622302889823914
5932926672897227648,214870481,12,2,6.0,2.3049172682863284,0.7781512503836436,0.3626553416252136
5932926672897227648,214870481,39,2,4.0,2.4608721535629714,0.6020599913279624,0.3910890519618988
5983063479721274880,215392772,12,4,1.0,2.7307880842900416,0.0,0.4362879991531372
4808382502540424832,21540586,5,3,7.0,2.416713360095128,0.8450980400142568,0.38322514295578003
4808382502540424832,21540586,6,3,4.0,2.4074936682650367,0.6020599913279624,0.3815651535987854
4808382502540424832,21540586,32,3,4.0,2.36603130817379,0.6020599913279624,0.3740204870700836
4808382502540424832,21540586,33,3,9.0,2.5136197433987664,0.9542425094393249,0.4002995789051056
4804797819756106112,21627442,6,2,2.0,2.3520742113512174,0.3010299956639812,0.3714510202407837
2883711175057786752,21717652,5,2,1.0,2.824189404367861,0.0,0.4508938193321228
2020810635689327872,217228372,14,3,1.0,2.4045310011818213,0.0,0.3810303807258606
2814781829038090752,217709907,56,2,1.0,2.457464167481729,0.0,0.3904871940612793
4794259344400859648,219151514,61,0,4.0,2.765287397703566,0.6020599913279624,0.4417402744293213
5554080977943991680,219163489,61,3,2.0,2.402443938645851,0.3010299956639812,0.3806532621383667
5553058397770606464,219173124,32,2,2.0,2.369264695752668,0.3010299956639812,0.37461358308792114
5553058397770606464,219173124,33,2,2.0,2.4598292589859136,0.3010299956639812,0.39090496301651
5553080555504933120,219181193,61,0,1.0,2.452719765269656,0.0,0.3896479308605194
5553080555504933120,219181193,65,0,1.0,2.682019549221073,0.0,0.4284619390964508
5550008111996883840,219193548,65,3,2.0,2.3584175707808575,0.3010299956639812,0.37262070178985596
5553489887364727424,219198133,61,1,5.0,2.4969142484853832,0.6989700043360189,0.39740362763404846
5554253704348670720,219203763,61,4,3.0,2.85570297302101,0.47712125471966244,0.45571303367614746
5549740136101187840,219205407,28,2,4.0,2.369075292276343,0.6020599913279624,0.3745788633823395
5549740136101187840,219205407,33,2,4.0,2.353234676226164,0.6020599913279624,0.37166523933410645
5549740136101187840,219205407,38,2,1.0,2.6794932282063932,0.0,0.4280526638031006
5500506964642881664,219212899,1,4,1.0,2.625844448681894,0.0,0.41926899552345276
5500506964642881664,219212899,4,4,1.0,2.683864330046425,0.0,0.4287605583667755
5500506964642881664,219212899,5,4,1.0,2.6718317249525865,0.0,0.4268091022968292
5500506964642881664,219212899,6,4,1.0,2.791733230946479,0.0,0.4458739161491394
5500506964642881664,219212899,7,4,1.0,2.7367240216635036,0.0,0.43723100423812866
5500506964642881664,219212899,8,4,3.0,2.419493119783451,0.47712125471966244,0.3837243914604187
5500506964642881664,219212899,11,4,7.0,2.6787670274477517,0.8450980400142568,0.4279349446296692
5500506964642881664,219212899,28,4,1.0,2.800697611689991,0.0,0.44726622104644775
5500506964642881664,219212899,31,4,2.0,2.8721538303807854,0.3010299956639812,0.4582076966762543
5500506964642881664,219212899,32,4,2.0,2.5622409631748986,0.3010299956639812,0.4086199700832367
5500506964642881664,219212899,34,4,2.0,2.4891644077238646,0.3010299956639812,0.39605358242988586
5500506964642881664,219212899,35,4,3.0,2.5431527190878436,0.47712125471966244,0.4053724408149719
5500506964642881664,219212899,38,4,5.0,2.556519091121006,0.6989700043360189,0.40764904022216797
5500506964642881664,219212899,61,4,3.0,2.7490835806164178,0.47712125471966244,0.4391879439353943
5500506964642881664,219212899,65,4,1.0,2.6326193721357125,0.0,0.4203880727291107
5500506964642881664,219212899,66,4,3.0,2.753967878170861,0.47712125471966244,0.4399588704109192
5500506964642881664,219212899,67,4,1.0,2.4014251462330427,0.0,0.38046905398368835
5548907741375873920,219213592,61,2,2.0,2.37161195334661,0.3010299956639812,0.3750436305999756
4830136546254312576,219219101,30,2,1.0,2.3345612847346597,0.0,0.3682052791118622
4782436776903676288,219257563,4,2,2.0,2.4923447439237036,0.3010299956639812,0.3966081142425537
4782436776903676288,219257563,5,2,5.0,2.3708455451298005,0.6989700043360189,0.37490326166152954
4782436776903676288,219257563,30,2,2.0,2.4451839425038826,0.3010299956639812,0.3883115351200104
4782436776903676288,219257563,32,2,1.0,2.7297800950268893,0.0,0.4361276626586914
4781262017448757120,219258986,3,2,2.0,2.479866051909358,0.3010299956639812,0.39442822337150574
4781262017448757120,219258986,4,2,3.0,2.3814399657334038,0.47712125471966244,0.37683963775634766
4781262017448757120,219258986,5,2,1.0,2.465059488886765,0.0,0.39182740449905396
4781262017448757120,219258986,30,2,4.0,2.361926285062926,0.6020599913279624,0.373266339302063
4781262017448757120,219258986,32,2,2.0,2.4633742340280147,0.3010299956639812,0.3915303945541382
4773708200768145664,219396049,4,2,13.0,2.4383137083457807,1.1139433523068367,0.3870895802974701
4773708200768145664,219396049,5,2,13.0,2.3912845834390892,1.1139433523068367,0.37863126397132874
4773708200768145664,219396049,6,2,7.0,2.43391290924462,0.8450980400142568,0.386305034160614
4773708200768145664,219396049,31,2,9.0,2.359590556721943,0.9542425094393249,0.3728366494178772
4773708200768145664,219396049,32,2,10.0,2.4467865679224072,1.0,0.3885960876941681
4773708200768145664,219396049,33,2,10.0,2.2549628973120295,1.0,0.35313940048217773
1436001566431649408,219790149,14,4,7.0,2.6748215935005186,0.8450980400142568,0.4272948205471039
1436001566431649408,219790149,15,4,8.0,2.795282887163637,0.9030899869919435,0.44642576575279236
1436001566431649408,219790149,16,4,2.0,2.782691561095274,0.3010299956639812,0.4444650709629059
1436001566431649408,219790149,17,4,8.0,2.6408642359173493,0.9030899869919435,0.42174607515335083
1436001566431649408,219790149,18,4,10.0,2.47666611824915,1.0,0.39386746287345886
1436001566431649408,219790149,19,4,14.0,2.6932165085594835,1.146128035678238,0.4302712678909302
1436001566431649408,219790149,20,4,13.0,2.682330605966739,1.1139433523068367,0.428512305021286
1436001566431649408,219790149,21,4,4.0,2.6374426196690095,0.6020599913279624,0.4211830198764801
1436001566431649408,219790149,22,4,5.0,2.7233835549489975,0.6989700043360189,0.43510881066322327
1436001566431649408,219790149,24,4,11.0,2.664503860130712,1.0413926851582251,0.4256163537502289
1436001566431649408,219790149,26,4,7.0,2.8558589655359454,0.8450980400142568,0.45573675632476807
1436001566431649408,219790149,40,4,8.0,2.5185483124596857,0.9030899869919435,0.40115028619766235
1436001566431649408,219790149,41,4,7.0,2.59894701311536,0.8450980400142568,0.41479742527008057
1436001566431649408,219790149,47,4,1.0,2.6305911993412106,0.0,0.4200533628463745
1436001566431649408,219790149,48,4,2.0,2.581238301227487,0.3010299956639812,0.41182810068130493
1436001566431649408,219790149,49,4,6.0,2.8190004610084776,0.7781512503836436,0.45009514689445496
1436001566431649408,219790149,50,4,1.0,2.5679819855839043,0.0,0.4095919728279114
1436001566431649408,219790149,51,4,3.0,2.6882846228499853,0.47712125471966244,0.42947524785995483
1436001566431649408,219790149,52,4,6.0,2.6787635348058534,0.7781512503836436,0.4279343783855438
1436001566431649408,219790149,53,4,2.0,2.6811048097322194,0.3010299956639812,0.4283137917518616
1436001566431649408,219790149,55,4,5.0,2.7032166984456802,0.6989700043360189,0.4318808615207672
1436001566431649408,219790149,57,4,2.0,2.5749023304410015,0.3010299956639812,0.410760760307312
1436001566431649408,219790149,58,4,10.0,2.7660026979467043,1.0,0.4418525993824005
1436001566431649408,219790149,59,4,6.0,2.687313345116686,0.7781512503836436,0.42931830883026123
1436001566431649408,219790149,60,4,4.0,2.585066274849691,0.6020599913279624,0.4124716818332672
4774162470868265728,220405105,4,4,8.0,2.7214243962508777,0.9030899869919435,0.4347962737083435
4774162470868265728,220405105,5,4,11.0,2.8064405717122347,1.0413926851582251,0.44815585017204285
4774162470868265728,220405105,6,4,7.0,2.5539819900601723,0.8450980400142568,0.4072178304195404
4774162470868265728,220405105,7,4,11.0,2.742971189124489,1.0413926851582251,0.4382212460041046
4774162470868265728,220405105,8,4,6.0,2.743233216713595,0.7781512503836436,0.4382627308368683
4774162470868265728,220405105,9,4,10.0,2.6795603427690167,1.0,0.4280635416507721
4774162470868265728,220405105,10,4,10.0,2.7721536669114757,1.0,0.4428173005580902
4774162470868265728,220405105,11,4,5.0,2.622690826815864,0.6989700043360189,0.41874709725379944
4774162470868265728,220405105,12,4,9.0,2.654348144199402,0.9542425094393249,0.423957884311676
4774162470868265728,220405105,13,4,3.0,2.7271369223773614,0.47712125471966244,0.4357069432735443
4774162470868265728,220405105,27,4,5.0,2.6519019356484113,0.6989700043360189,0.42355746030807495
4774162470868265728,220405105,28,4,7.0,2.571444417901232,0.8450980400142568,0.4101771414279938
4774162470868265728,220405105,29,4,15.0,2.713300940340338,1.1760912590556813,0.43349796533584595
4774162470868265728,220405105,30,4,15.0,2.6203442794326053,1.1760912590556813,0.41835835576057434
4774162470868265728,220405105,31,4,9.0,2.8181488445986305,0.9542425094393249,0.44996392726898193
4774162470868265728,220405105,32,4,6.0,2.732973963229772,0.7781512503836436,0.43663549423217773
4774162470868265728,220405105,33,4,2.0,2.7759618672315973,0.3010299956639812,0.44341349601745605
4774162470868265728,220405105,34,4,8.0,2.5107128893825177,0.9030899869919435,0.3997970521450043
4774162470868265728,220405105,35,4,11.0,2.646785056206706,1.0413926851582251,0.42271867394447327
4774162470868265728,220405105,36,4,17.0,2.565263277704969,1.2304489213782739,0.4091319441795349
4774162470868265728,220405105,37,4,6.0,2.661666709201907,0.7781512503836436,0.4251536726951599
4774162470868265728,220405105,38,4,10.0,2.6813347993483894,1.0,0.4283510446548462
4774162470868265728,220405105,39,4,10.0,2.77179757587038,1.0,0.44276151061058044
4774162470868265728,220405105,62,4,10.0,2.5811116558667733,1.0,0.41180679202079773
4774162470868265728,220405105,63,4,10.0,2.802046922053477,1.0,0.447475403547287
4774162470868265728,220405105,64,4,13.0,2.613875008858279,1.1139433523068367,0.4172848165035248
4774162470868265728,220405105,65,4,4.0,2.6321527774513003,0.6020599913279624,0.4203110933303833
4774162470868265728,220405105,66,4,10.0,2.650665125262519,1.0,0.4233548641204834
4774162470868265728,220405105,67,4,17.0,2.6888822086357047,1.2304489213782739,0.4295717775821686
4774590352689683328,220425740,5,0,5.0,2.6002556882916354,0.6989700043360189,0.4150160551071167
4774590352689683328,220425740,6,0,3.0,2.3676524054524593,0.47712125471966244,0.3743179440498352
4774590352689683328,220425740,7,0,8.0,2.77214529672529,0.9030899869919435,0.44281598925590515
4774590352689683328,220425740,8,0,4.0,2.7467607881905827,0.6020599913279624,0.43882083892822266
4774590352689683328,220425740,9,0,3.0,2.36648190758822,0.47712125471966244,0.3741031885147095
4774590352689683328,220425740,10,0,1.0,2.287485293921518,0.0,0.3593583106994629
4774590352689683328,220425740,11,0,2.0,2.2893191557299737,0.3010299956639812,0.3597063422203064
4774590352689683328,220425740,12,0,3.0,2.567170615881747,0.47712125471966244,0.40945473313331604
4774590352689683328,220425740,13,0,6.0,2.631894677557625,0.7781512503836436,0.4202685058116913
4774590352689683328,220425740,27,0,3.0,2.453762508142311,0.47712125471966244,0.3898325264453888
4774590352689683328,220425740,28,0,2.0,2.5107318414752853,0.3010299956639812,0.3998003304004669
4774590352689683328,220425740,29,0,5.0,2.5535246015576947,0.6989700043360189,0.4071400463581085
4774590352689683328,220425740,30,0,6.0,2.320900514998612,0.7781512503836436,0.3656565248966217
4774590352689683328,220425740,31,0,3.0,2.742211036652986,0.47712125471966244,0.4381008744239807
4774590352689683328,220425740,32,0,6.0,2.3998591488992687,0.7781512503836436,0.3801857531070709
4774590352689683328,220425740,33,0,3.0,2.495326392785194,0.47712125471966244,0.3971273601055145
4774590352689683328,220425740,34,0,4.0,2.7360683007993427,0.6020599913279624,0.43712693452835083
4774590352689683328,220425740,35,0,3.0,2.8837368869178652,0.47712125471966244,0.459955632686615
4774590352689683328,220425740,36,0,3.0,2.8615365346987396,0.47712125471966244,0.45659929513931274
4774590352689683328,220425740,37,0,1.0,2.5821760244384606,0.0,0.411985844373703
4774590352689683328,220425740,38,0,7.0,2.76242179043204,0.8450980400142568,0.4412899911403656
4774590352689683328,220425740,39,0,5.0,2.6593002536464083,0.6989700043360189,0.4247673749923706
4774590352689683328,220425740,62,0,3.0,2.9167896683228243,0.47712125471966244,0.46490511298179626
4774590352689683328,220425740,63,0,5.0,2.5475548817451212,0.6989700043360189,0.406123548746109
4774590352689683328,220425740,64,0,2.0,2.5215519653456515,0.3010299956639812,0.40166792273521423
4774590352689683328,220425740,65,0,5.0,2.7009658373365384,0.6989700043360189,0.431519091129303
4774590352689683328,220425740,66,0,5.0,2.6209524818651833,0.6989700043360189,0.4184591472148895
4774590352689683328,220425740,67,0,2.0,2.742259398583025,0.3010299956639812,0.43810853362083435
4776747109171556864,220437348,6,0,1.0,2.7180373553335513,0.0,0.4342554211616516
4721962812741729792,220558700,2,0,7.0,2.5648543822001826,0.8450980400142568,0.4090627133846283
4721962812741729792,220558700,3,0,4.0,2.711962355502785,0.6020599913279624,0.43328365683555603
4721962812741729792,220558700,28,0,1.0,2.8986329242672615,0.0,0.46219322085380554
4721962812741729792,220558700,29,0,3.0,2.6989350158738445,0.47712125471966244,0.43119242787361145
4721962812741729792,220558700,30,0,1.0,2.6299775116481094,0.0,0.41995203495025635
4803022688295732992,220622233,5,0,7.0,2.623722828170326,0.8450980400142568,0.4189179539680481
4803022688295732992,220622233,6,0,4.0,2.642877477643962,0.6020599913279624,0.4220770299434662
4803022688295732992,220622233,33,0,6.0,2.362532221592434,0.7781512503836436,0.3733777403831482
5941934421908267776,221355243,12,1,6.0,2.354113639377377,0.7781512503836436,0.3718274235725403
5941934421908267776,221355243,39,1,16.0,2.4666059110585663,1.2041199826559248,0.3920997679233551
5990352829505960320,221864347,12,2,2.0,2.3326865395000294,0.3010299956639812,0.36785638332366943
6143632653128880896,22507789,10,4,6.0,2.6729109426609745,0.7781512503836436,0.4269844889640808
6143632653128880896,22507789,64,4,2.0,2.686702280371111,0.3010299956639812,0.4292195439338684
5942058808498758400,225318044,12,2,3.0,2.455217431934316,0.47712125471966244,0.3900899589061737
6213136455314990208,225700322,11,2,3.0,2.7633976484955003,0.47712125471966244,0.44144338369369507
6213982946125990528,225700336,65,3,1.0,2.501244268470247,0.0,0.3981561064720154
6213042069112745856,225957292,11,1,3.0,4.144282416528209,0.47712125471966244,0.6174493432044983
5561375378603169024,22603439,61,3,2.0,2.496702304697535,0.3010299956639812,0.3973667621612549
6130408066568440960,22618945,37,0,1.0,2.757929936925481,0.0,0.4405832290649414
5561761375904179072,22766740,7,3,17.0,2.489204548960118,1.2304489213782739,0.396060585975647
5561761375904179072,22766740,8,3,12.0,2.3971792605384823,1.0791812460476249,0.37970051169395447
5561761375904179072,22766740,61,3,10.0,2.4845035487081226,1.0,0.39523962140083313
2418664520110763520,228383334,29,0,4.0,2.7397278481452196,0.6020599913279624,0.43770742416381836
5590251405808521856,22864020,33,0,2.0,2.6349242943729774,0.3010299956639812,0.420768141746521
5590251405808521856,22864020,34,0,3.0,2.325139575705145,0.47712125471966244,0.3664490282535553
6234647025921565952,22913395,38,2,3.0,2.3648148748516187,0.47712125471966244,0.37379714846611023
4913138232358905216,229151691,2,4,5.0,2.5615906613387276,0.6989700043360189,0.4085097312927246
4913138232358905216,229151691,3,4,4.0,2.8658649505761944,0.6020599913279624,0.4572557210922241
4913138232358905216,229151691,29,4,6.0,2.792194390989591,0.7781512503836436,0.4459456503391266
4913138232358905216,229151691,30,4,3.0,2.686747450889658,0.47712125471966244,0.4292268455028534
6234377340635038848,22959701,38,1,1.0,2.1709886547823145,0.0,0.3366575539112091
5561082152596584320,22970720,7,3,5.0,2.2959022338094996,0.6989700043360189,0.3609533905982971
5561082152596584320,22970720,8,3,3.0,2.486682204781365,0.47712125471966244,0.39562028646469116
5561082152596584320,22970720,34,3,7.0,2.5123648428197405,0.8450980400142568,0.40008270740509033
5561082152596584320,22970720,61,3,8.0,2.4970780589200077,0.9030899869919435,0.3974321186542511
67144808584290560,22984224,44,4,1.0,2.6600281134717836,0.0,0.42488622665405273
65963348980559616,22986324,43,3,1.0,2.3540522531201526,0.0,0.37181609869003296
65963348980559616,22986324,44,3,1.0,2.3524942244966005,0.0,0.3715285658836365
163355546348513152,22998652,43,0,3.0,2.2859816759798495,0.47712125471966244,0.359072744846344
163355546348513152,22998652,44,0,5.0,2.6712555260233226,0.6989700043360189,0.4267154335975647
1650434611913105152,230134468,14,3,5.0,2.5359461393326557,0.6989700043360189,0.40414002537727356
1650434611913105152,230134468,16,3,3.0,2.2724724606580757,0.47712125471966244,0.3564986288547516
1650434611913105152,230134468,18,3,5.0,2.4843068080900155,0.6989700043360189,0.39520522952079773
1650434611913105152,230134468,19,3,7.0,2.4014707939170314,0.8450980400142568,0.38047730922698975
1650434611913105152,230134468,20,3,6.0,2.5245961010863978,0.7781512503836436,0.4021919071674347
1650434611913105152,230134468,22,3,9.0,2.5145760405330844,0.9542425094393249,0.4004647731781006
1650434611913105152,230134468,23,3,1.0,2.310839590393181,0.0,0.3637697994709015
1650434611913105152,230134468,24,3,5.0,2.546817076392329,0.6989700043360189,0.40599775314331055
1650434611913105152,230134468,25,3,3.0,2.527693346424465,0.47712125471966244,0.40272438526153564
1650434611913105152,230134468,26,3,8.0,2.480713324374506,0.9030899869919435,0.3945765793323517
1650434611913105152,230134468,47,3,2.0,2.4384328451594643,0.3010299956639812,0.38711079955101013
1650434611913105152,230134468,48,3,2.0,2.494959805057864,0.3010299956639812,0.39706355333328247
1650434611913105152,230134468,49,3,6.0,2.3932174263136945,0.7781512503836436,0.37898215651512146
1650434611913105152,230134468,50,3,6.0,2.3636499969571676,0.7781512503836436,0.3735831677913666
1650434611913105152,230134468,52,3,6.0,2.402765110175074,0.7781512503836436,0.38071131706237793
1650434611913105152,230134468,53,3,2.0,2.508760212595539,0.3010299956639812,0.3994591534137726
1650434611913105152,230134468,54,3,1.0,2.390806456529261,0.0,0.378544420003891
1650434611913105152,230134468,55,3,4.0,2.4523796313635327,0.6020599913279624,0.3895877003669739
1650434611913105152,230134468,56,3,4.0,4.646249375146867,0.6020599913279624,0.6671025156974792
1650434611913105152,230134468,57,3,6.0,2.4864677169636153,0.7781512503836436,0.39558282494544983
1650434611913105152,230134468,58,3,5.0,2.3671140279992398,0.6989700043360189,0.3742191791534424
1650434611913105152,230134468,59,3,4.0,2.395583318036217,0.6020599913279624,0.3794112801551819
1650434611913105152,230134468,60,3,3.0,2.6637239592062056,0.47712125471966244,0.425489217042923
65965066967451904,23049058,43,1,1.0,2.473709652205026,0.0,0.39334872364997864
66289044940711168,23076771,43,1,3.0,2.290517502698206,0.47712125471966244,0.35993361473083496
66289044940711168,23076771,44,1,3.0,2.507489670684319,0.47712125471966244,0.3992391526699066
66290591128921216,23077737,43,3,1.0,2.547758729189517,0.0,0.40615829825401306
5561913967502395264,23088464,61,4,1.0,2.594705844098736,0.0,0.4140881299972534
3182546714520680960,231306114,32,0,1.0,2.433860298228327,0.0,0.3862956464290619
2886418894240281344,231315283,6,0,13.0,2.6647940503201224,1.1139433523068367,0.42566365003585815
2886418894240281344,231315283,33,0,22.0,2.234431365749375,1.3424226808222062,0.34916701912879944
4901711454686667008,231907750,28,3,1.0,2.4163642907802068,0.0,0.38316240906715393
4901711454686667008,231907750,29,3,1.0,2.52065718760936,0.0,0.4015137851238251
5179904664065847040,23193695,4,0,3.0,2.5809850167197625,0.47712125471966244,0.4117854833602905
5568547080632115584,231936960,6,0,1.0,2.469369683628404,0.0,0.3925861120223999
5568547080632115584,231936960,7,0,1.0,2.526022300264413,0.0,0.4024371802806854
5554682513883554176,231946900,61,1,9.0,2.490748342356601,0.9542425094393249,0.3963298499584198
5554669525902464000,231947452,61,0,1.0,2.572806862986427,0.0,0.4104071855545044
5568708605762682368,232027347,61,4,1.0,2.8300118017719553,0.0,0.4517882466316223
5569009390912299136,232030004,61,2,3.0,2.3492858197240234,0.47712125471966244,0.37093585729599
5556389643125086336,232033605,61,3,1.0,2.518806186211669,0.0,0.4011947512626648
5569041792145391616,232036936,61,3,10.0,2.448425527008326,1.0,0.3888868987560272
5568747466626837888,232048700,6,1,1.0,2.461857881575054,0.0,0.3912629783153534
5568747466626837888,232048700,34,1,1.0,2.4732140264553903,0.0,0.39326170086860657
5568747466626837888,232048700,61,1,2.0,2.349770961507588,0.3010299956639812,0.37102553248405457
5568864873853123456,232051378,7,1,1.0,2.5012200671579907,0.0,0.3981519043445587
5569977820138544000,232057219,33,1,1.0,2.5112322284694955,0.0,0.3998868763446808
5569977820138544000,232057219,34,1,2.0,2.47522243383066,0.3010299956639812,0.3936142325401306
6233037070321568128,23443671,65,4,2.0,2.7944238620023887,0.3010299956639812,0.44629228115081787
4793327233418050176,235056185,4,1,4.0,2.4803437772308192,0.6020599913279624,0.394511878490448
4793327233418050176,235056185,5,1,13.0,2.4600811205035646,1.1139433523068367,0.39094942808151245
4793327233418050176,235056185,6,1,3.0,2.5329123041002854,0.47712125471966244,0.4036201536655426
4793327233418050176,235056185,7,1,15.0,2.496276415485041,1.1760912590556813,0.3972926735877991
4793327233418050176,235056185,27,1,9.0,2.494842186499925,0.9542425094393249,0.3970430791378021
4793327233418050176,235056185,31,1,5.0,2.435254623808379,0.6989700043360189,0.3865443766117096
4793327233418050176,235056185,32,1,8.0,2.415894577795033,0.9030899869919435,0.3830779790878296
4793327233418050176,235056185,33,1,8.0,2.4852904964518454,0.9030899869919435,0.39537715911865234
4793327233418050176,235056185,64,1,4.0,2.426275693145428,0.6020599913279624,0.38494014739990234
4804324239481612928,235074538,33,3,1.0,2.4201857358037726,0.0,0.3838486969470978
6233126130764332416,23562559,38,2,1.0,2.334753376224955,0.0,0.36824101209640503
6233126130764332416,23562559,65,2,2.0,2.50479306541475,0.3010299956639812,0.39877185225486755
6233617058406105472,23689332,38,1,1.0,2.0587523904287437,0.0,0.31360411643981934
4715353682706569728,237883499,2,4,4.0,2.670835417308256,0.6020599913279624,0.4266471266746521
4673548429552928384,237918270,2,3,2.0,2.5360258429670597,0.3010299956639812,0.4041536748409271
4673548429552928384,237918270,4,3,4.0,3.378995496221491,0.6020599913279624,0.5287876129150391
4673548429552928384,237918270,11,3,2.0,4.665630319596421,0.3010299956639812,0.6689103245735168
4673548429552928384,237918270,28,3,4.0,2.4024510276977455,0.6020599913279624,0.38065454363822937
4673548429552928384,237918270,29,3,2.0,2.713883042643971,0.3010299956639812,0.4335911273956299
4673548429552928384,237918270,31,3,3.0,2.4291843031581712,0.47712125471966244,0.3854604661464691
4673548429552928384,237918270,34,3,2.0,2.503832585076309,0.3010299956639812,0.3986052870750427
4673548429552928384,237918270,38,3,8.0,2.525351730363619,0.9030899869919435,0.40232187509536743
4673548429552928384,237918270,61,3,1.0,2.5892810265559207,0.0,0.4131791889667511
4673548429552928384,237918270,64,3,3.0,2.5099130692187614,0.47712125471966244,0.3996586799621582
4673548429552928384,237918270,65,3,7.0,2.4966810599097786,0.8450980400142568,0.3973630666732788
4673547673638684416,237918271,2,3,2.0,2.4261591481702407,0.3010299956639812,0.38491928577423096
4673547673638684416,237918271,3,3,4.0,2.40660716043894,0.6020599913279624,0.38140520453453064
4673547673638684416,237918271,4,3,3.0,2.5504797127568435,0.47712125471966244,0.40662187337875366
4673547673638684416,237918271,11,3,4.0,2.4214520865491234,0.6020599913279624,0.3840758800506592
4673547673638684416,237918271,28,3,6.0,2.483479610987328,0.7781512503836436,0.39506059885025024
4673547673638684416,237918271,29,3,3.0,2.334322754417121,0.47712125471966244,0.3681609034538269
4673547673638684416,237918271,30,3,4.0,2.5419214493596725,0.6020599913279624,0.40516212582588196
4673547673638684416,237918271,31,3,2.0,2.3583962079666647,0.3010299956639812,0.3726167678833008
4673547673638684416,237918271,34,3,7.0,2.408546934090786,0.8450980400142568,0.38175511360168457
4673547673638684416,237918271,38,3,7.0,2.484910036207548,0.8450980400142568,0.3953106701374054
4673547673638684416,237918271,61,3,4.0,2.4922895016404207,0.6020599913279624,0.3965984880924225
4673547673638684416,237918271,64,3,2.0,2.574334845642493,0.3010299956639812,0.41066503524780273
4673547673638684416,237918271,65,3,4.0,2.5000736052690598,0.6020599913279624,0.3979527950286865
5551301137671778048,237945624,61,2,1.0,2.401040224102563,0.0,0.3803994357585907
5502110258755211392,237951385,62,4,1.0,2.8908153389166995,0.0,0.4610203504562378
5503329617151018112,237952617,61,4,4.0,2.853710506952262,0.6020599913279624,0.4554099142551422
5502055145734899200,237971352,61,4,1.0,2.84021976071118,0.0,0.4533519446849823
5502055145734899200,237971352,62,4,2.0,2.6558531106485836,0.3010299956639812,0.4242040514945984
5503058724973354368,237984546,61,2,2.0,2.464055569956376,0.3010299956639812,0.3916504979133606
5498773206605448832,238004158,61,4,1.0,2.6491305580909055,0.0,0.42310336232185364
5502162348119160064,238010062,61,1,1.0,2.2298604670216573,0.0,0.3482776880264282
5502162348119160064,238010062,62,1,1.0,2.5010384789663043,0.0,0.39812037348747253
5503303160152397312,238011901,61,3,1.0,2.4526194536814256,0.0,0.38963016867637634
5498567735369575552,238016755,62,1,1.0,2.4460576359415906,0.0,0.3884666860103607
5498567735369575552,238016755,66,1,1.0,2.511174499674995,0.0,0.3998768925666809
5498573920122510976,238028383,62,0,1.0,2.5884153238278294,0.0,0.41303396224975586
5498573920122510976,238028383,66,0,4.0,2.7580945943214608,0.6020599913279624,0.4406091570854187
5498601747215261056,238028474,7,0,2.0,2.698519812928853,0.3010299956639812,0.43112561106681824
5509106691761261184,238031252,7,3,4.0,2.5535184685520234,0.6020599913279624,0.40713900327682495
5509106691761261184,238031252,8,3,1.0,2.5035929091001625,0.0,0.3985637128353119
5508273983502423424,238033961,61,1,2.0,2.490161981135983,0.3010299956639812,0.3962275981903076
5501985807782788224,238034732,61,3,3.0,2.3884610169917124,0.47712125471966244,0.3781181573867798
5498821482037753472,238035671,61,2,6.0,2.4950990027422724,0.7781512503836436,0.39708778262138367
5498821482037753472,238035671,62,2,6.0,2.389025233918786,0.7781512503836436,0.37822073698043823
5498602919742073088,238036031,61,0,2.0,2.705617407006808,0.3010299956639812,0.43226638436317444
5498584159324593920,238036242,61,4,4.0,2.662635112516995,0.6020599913279624,0.4253116548061371
5498584159324593920,238036242,62,4,2.0,2.70292028382479,0.3010299956639812,0.4318332374095917
5498584159324593920,238036242,66,4,2.0,2.3612354347686066,0.3010299956639812,0.37313929200172424
5498490425958477440,238036584,61,2,1.0,2.3441632084168083,0.0,0.3699878454208374
5498490425958477440,238036584,62,2,2.0,2.3640852177321907,0.3010299956639812,0.37366312742233276
5497715235901280896,238037622,61,4,8.0,2.4512394078260304,0.9030899869919435,0.38938573002815247
5497715235901280896,238037622,62,4,4.0,2.7062247883787336,0.6020599913279624,0.4323638677597046
5497715235901280896,238037622,66,4,2.0,2.758193204203893,0.3010299956639812,0.4406246840953827
5508211929814903424,238044176,6,0,1.0,2.778057129418565,0.0,0.44374117255210876
5509141395097306496,238063169,61,1,1.0,2.5055508485247238,0.0,0.3989032208919525
5507984330907547008,238066089,61,4,2.0,2.6413109869116407,0.3010299956639812,0.4218195378780365
5504552514599147136,238078106,61,3,1.0,2.486318081288582,0.0,0.3955566883087158
5509259970554685056,238084794,61,3,1.0,2.418661777469599,0.0,0.3835751414299011
5508329813779217024,238086654,61,3,1.0,2.5086269665350276,0.0,0.3994360864162445
5508329813779217024,238086654,62,3,1.0,2.3561988144630392,0.0,0.37221193313598633
5504561138893574144,238091678,61,3,8.0,2.5292573655592947,0.9030899869919435,0.40299302339553833
5504561138893574144,238091678,62,3,8.0,2.5068071622248587,0.9030899869919435,0.39912092685699463
5504561138893574144,238091678,66,3,2.0,2.3985324916171624,0.3010299956639812,0.3799456059932709
5508139087169734400,238094180,6,1,1.0,2.4877917962928087,0.0,0.39581403136253357
5508139087169734400,238094180,8,1,1.0,2.1518520026804064,0.0,0.3328123986721039
5508139087169734400,238094180,61,1,1.0,2.4846193158498364,0.0,0.3952598571777344
5508139087169734400,238094180,62,1,1.0,2.4907885091360016,0.0,0.3963368535041809
5509203105187545344,238095494,61,2,1.0,2.3830340082493477,0.0,0.3771302402019501
5508339232645845248,238097299,62,2,3.0,2.3877176737274564,0.47712125471966244,0.3779829740524292
5504586462020870912,238123875,61,0,1.0,2.459146391633405,0.0,0.3907843828201294
5504586462020870912,238123875,62,0,1.0,2.4934015952041917,0.0,0.3967922329902649
5505019875761121408,238130482,61,2,2.0,2.3610162134808417,0.3010299956639812,0.3730989694595337
5505019875761121408,238130482,62,2,2.0,2.4100696461522744,0.3010299956639812,0.38202959299087524
5503457126140166912,238132897,61,3,3.0,2.646466317034377,0.47712125471966244,0.42266637086868286
5503457126140166912,238132897,62,3,3.0,2.3517393199482632,0.47712125471966244,0.3713891804218292
5503802200992517888,238134591,62,0,2.0,2.7321547098636088,0.3010299956639812,0.4365052878856659
5508377303235673728,238160371,61,3,2.0,2.5400325220229725,0.3010299956639812,0.40483927726745605
5514007451307863808,238236508,7,3,3.0,2.532197679792382,0.47712125471966244,0.4034976065158844
5514007451307863808,238236508,8,3,4.0,2.576180159012725,0.6020599913279624,0.41097623109817505
5514007451307863808,238236508,9,3,3.0,2.576963075834478,0.47712125471966244,0.41110819578170776
5514007451307863808,238236508,35,3,4.0,2.5335786226248613,0.6020599913279624,0.40373438596725464
5514007451307863808,238236508,36,3,3.0,2.5058349043355626,0.47712125471966244,0.398952454328537
5513998895734764544,238314110,34,2,1.0,2.358488781559071,0.0,0.37263381481170654
5513998895734764544,238314110,35,2,5.0,2.5144136703905993,0.6989700043360189,0.40043672919273376
5513998895734764544,238314110,36,2,1.0,2.33204712948355,0.0,0.3677373230457306
5513998895734764544,238314110,61,2,2.0,2.3672400824721778,0.3010299956639812,0.37424230575561523
5513998895734764544,238314110,62,2,1.0,2.3729776197764947,0.0,0.37529364228248596
5512911139434249216,238373563,62,2,1.0,2.460698391529381,0.0,0.39105838537216187
5512914094371744512,238373580,34,3,1.0,2.474089246467409,0.0,0.3934153616428375
5513493846240655360,238642175,7,4,1.0,2.7247019743759298,0.0,0.4353190064430237
5513493846240655360,238642175,36,4,3.0,2.755957273309114,0.47712125471966244,0.4402724802494049
5513128464781980800,238766379,34,0,2.0,2.6860465637325452,0.3010299956639812,0.4291135370731354
5513128464781980800,238766379,36,0,6.0,2.4711560360426335,0.7781512503836436,0.39290016889572144
6402514555672235264,238813187,1,0,11.0,2.731626985022167,1.0413926851582251,0.43642139434814453
6402514555672235264,238813187,27,0,4.0,2.880040121284679,0.6020599913279624,0.4593985378742218
177998876564778112,238859798,59,0,2.0,2.6691552767220097,0.3010299956639812,0.42637383937835693
5553819843932588928,238917141,7,2,1.0,2.361290040724213,0.0,0.3731493353843689
5500945669783652352,238919539,5,4,1.0,2.6762702159002694,0.0,0.4275299608707428
5500945669783652352,238919539,6,4,1.0,2.638835143760033,0.0,0.42141225934028625
2073339803682617344,239224935,14,3,4.0,2.5316375219813634,0.6020599913279624,0.40340152382850647
176126683141831296,239676075,59,0,2.0,2.3568398327888906,0.3010299956639812,0.37233006954193115
166562375089681408,239678952,43,0,1.0,2.4626336006684397,0.0,0.3913998007774353
6235516331604178816,24069249,12,0,3.0,2.4528576162420137,0.47712125471966244,0.38967233896255493
6235516331604178816,24069249,38,0,2.0,2.447362547542214,0.3010299956639812,0.3886983096599579
2596395760081700608,240720758,42,1,1.0,2.4823055086137975,0.0,0.39485523104667664
359644107351294336,241086937,58,3,6.0,2.6358605388082745,0.7781512503836436,0.4209224283695221
6069025016752691968,241289894,11,2,5.0,2.3974666595343033,0.6989700043360189,0.37975257635116577
6069025016752691968,241289894,64,2,3.0,2.378352838542298,0.47712125471966244,0.37627628445625305
6082812342808458752,241318996,11,3,1.0,2.5007379777563568,0.0,0.3980681896209717
6070369925634339072,241343119,11,3,1.0,2.4682791488933833,0.0,0.3923942744731903
6070369925634339072,241343119,64,3,1.0,2.5464371576706712,0.0,0.4059329628944397
6068878231956147328,241363085,11,0,1.0,2.7353949046030386,0.0,0.43702003359794617
6068878231956147328,241363085,64,0,4.0,2.5840024881251753,0.6020599913279624,0.4122929275035858
6070831823595497984,241447466,64,2,1.0,2.3693162356282813,0.0,0.37462303042411804
6069224028358222464,241467204,38,4,6.0,2.5304055762101365,0.7781512503836436,0.40319013595581055
6094529696485204864,241570607,11,4,6.0,2.5934668778983916,0.7781512503836436,0.41388070583343506
6094529696485204864,241570607,64,4,4.0,2.6538243391168987,0.6020599913279624,0.423872172832489
2508964107269556864,241579057,42,0,5.0,2.5610711010959935,0.6989700043360189,0.4084216356277466
6069443965048494208,241581808,64,3,7.0,2.4607922789178605,0.8450980400142568,0.3910749554634094
6065855262173303040,241593128,11,3,2.0,2.4790427150890504,0.3010299956639812,0.3942840099334717
6094727338001355520,241640242,11,0,5.0,2.5872658239889774,0.6989700043360189,0.4128410518169403
6094727338001355520,241640242,64,0,1.0,2.634202038314155,0.0,0.42064908146858215
6066053552224632832,241661288,11,3,2.0,2.4783495818923726,0.3010299956639812,0.3941625654697418
6066053552224632832,241661288,38,3,1.0,2.475312458968889,0.0,0.3936300277709961
6093868241464544896,241677723,11,1,1.0,2.440020329581411,0.0,0.38739344477653503
6065108247103154176,241690685,38,1,1.0,2.4923479935079107,0.0,0.3966086804866791
6093930226433316352,241739877,11,0,4.0,2.2781464820609334,0.6020599913279624,0.35758164525032043
6093930226433316352,241739877,38,0,5.0,2.279580339754676,0.6989700043360189,0.3578549027442932
6110400429578451712,242119768,11,3,4.0,2.4828937682651646,0.6020599913279624,0.39495813846588135
6097014287827105792,242295957,38,3,4.0,2.4946956418777337,0.6020599913279624,0.39701756834983826
6109757795093391232,242316748,38,1,3.0,2.371090248137027,0.47712125471966244,0.37494808435440063
6092937607953160192,242557720,11,0,4.0,2.3607777342061125,0.6020599913279624,0.373055100440979
6093230902676627072,242583230,11,4,3.0,2.7361272566701746,0.47712125471966244,0.43713629245758057
3014411427921646080,24297713,32,3,5.0,2.432226582561488,0.6989700043360189,0.3860040307044983
6087419605766169856,243181433,64,4,2.0,2.6125548179761386,0.3010299956639812,0.41706541180610657
6083912679070170496,243192504,11,3,1.0,2.4972271426096384,0.0,0.3974580466747284
6083912679070170496,243192504,38,3,2.0,2.4462028342243807,0.3010299956639812,0.3884924650192261
6083912679070170496,243192504,64,3,4.0,2.5002544371122113,0.6020599913279624,0.39798420667648315
6083084059619602560,243221067,64,4,5.0,2.5310391032023594,0.6989700043360189,0.40329885482788086
6112637935742759680,243237647,11,4,1.0,2.571410361608387,0.0,0.41017138957977295
6083102609575550592,243291790,64,0,5.0,2.5025990570819396,0.6989700043360189,0.3983912765979767
6108378423394146944,243296277,64,0,1.0,2.742653100187336,0.0,0.4381708800792694
6111472590854708480,243304823,64,2,8.0,2.4469919235297914,0.9030899869919435,0.38863253593444824
6111516944976886528,243330489,11,3,6.0,2.662467384175023,0.7781512503836436,0.4252842962741852
6111891710944533504,243341756,11,4,3.0,2.665951468275935,0.47712125471966244,0.4258522391319275
6111440842456581504,243343875,64,1,1.0,2.502988752572913,0.0,0.39845889806747437
6083158341074049536,243359168,11,1,1.0,2.9043339448114684,0.0,0.4630465507507324
6083158341074049536,243359168,38,1,1.0,2.5270594429954296,0.0,0.4026154577732086
6107254005256375040,243389982,11,2,8.0,2.5279580546613287,0.9030899869919435,0.40276986360549927
6106993554140699520,243499565,38,0,4.0,2.515192141633693,0.6020599913279624,0.40057116746902466
6106993554140699520,243499565,64,0,7.0,2.677733404239021,0.8450980400142568,0.4277673363685608
6108229512590103424,243502815,64,3,6.0,2.653565388841612,0.7781512503836436,0.4238297939300537
6108254663917414784,243510629,64,4,2.0,2.4603492159184666,0.3010299956639812,0.3909967541694641
6108164297805133184,243511200,64,2,6.0,2.41536876676855,0.7781512503836436,0.3829834461212158
6108158422289782912,243511383,64,1,6.0,2.417530760924826,0.7781512503836436,0.3833720088005066
6112060967015331712,243551138,38,0,1.0,2.662127940190292,0.0,0.42522892355918884
4823217285221309696,24401034,5,0,19.0,2.6881423952327568,1.2787536009528289,0.4294522702693939
4823217285221309696,24401034,6,0,15.0,2.7386913755572255,1.1760912590556813,0.4375430941581726
4823217285221309696,24401034,32,0,19.0,2.5726795720434765,1.2787536009528289,0.41038569808006287
2989968391083143808,24403505,5,2,1.0,2.501632036318424,0.0,0.3982234299182892
2543516161389433472,244175217,42,3,7.0,2.527701498885667,0.8450980400142568,0.40272578597068787
2543516161389433472,244175217,43,3,14.0,2.388619187549998,1.146128035678238,0.3781469166278839
4823262708795280384,24448282,5,2,1.0,2.3591090536132158,0.0,0.3727480173110962
4823262708795280384,24448282,32,2,1.0,2.3607672040869554,0.0,0.3730531632900238
4823262708795280384,24448282,33,2,3.0,2.3656548190128306,0.47712125471966244,0.37395137548446655
4822948351549058304,24451239,33,4,1.0,2.6183640142734768,0.0,0.4180300235748291
6081540963771765376,244862324,64,0,2.0,2.7190790725423652,0.3010299956639812,0.4344218373298645
6081540826332813568,244862329,64,4,1.0,2.64037552433605,0.0,0.4216656982898712
6084621829711973504,244863750,64,0,1.0,3.034878548655092,0.0,0.48214131593704224
6085297995001143680,244865631,11,4,3.0,2.6156651994203584,0.47712125471966244,0.4175821542739868
6085297995001143680,244865631,37,4,3.0,2.620449113248706,0.47712125471966244,0.41837573051452637
6084943746097972096,244868635,64,1,5.0,2.486016960392003,0.6989700043360189,0.39550408720970154
6080364825623490688,244882956,11,0,7.0,2.680555306435309,0.8450980400142568,0.4282247722148895
6080364825623490688,244882956,37,0,6.0,2.5752059119513873,0.7781512503836436,0.4108119606971741
6080364825623490688,244882956,38,0,6.0,2.681806247724865,0.7781512503836436,0.42842739820480347
6080364825623490688,244882956,64,0,13.0,2.6976244365348157,1.1139433523068367,0.43098148703575134
6081458603477669120,244902151,64,3,3.0,2.539281735312991,0.47712125471966244,0.40471088886260986
6081196404313313792,244943765,11,4,1.0,2.6784223807874743,0.0,0.42787906527519226
6081196404313313792,244943765,37,4,4.0,2.7422582695010047,0.6020599913279624,0.4381083548069
6081196404313313792,244943765,38,4,3.0,2.604032165536359,0.47712125471966244,0.41564634442329407
6085252056031182976,245008998,64,3,4.0,2.4070114745450204,0.6020599913279624,0.3814781606197357
6085064761097406464,245026007,11,0,2.0,2.238229403813332,0.3010299956639812,0.3499045968055725
6085064761097406464,245026007,64,0,9.0,2.71734788500593,0.9542425094393249,0.4341452419757843
6081945068654385280,245066871,11,1,3.0,2.4536587863872903,0.47712125471966244,0.389814168214798
6081945068654385280,245066871,37,1,4.0,2.4836278828053455,0.6020599913279624,0.39508652687072754
6081945068654385280,245066871,38,1,8.0,2.2703035567891043,0.9030899869919435,0.3560839295387268
6081945068654385280,245066871,64,1,4.0,2.4795342341893285,0.6020599913279624,0.39437010884284973
6084976250411076224,245067961,64,2,2.0,2.3770227370400847,0.3010299956639812,0.37603333592414856
6080428429800735872,245097161,64,4,7.0,2.5878500108333236,0.8450980400142568,0.4129391014575958
6080820298315369088,245157924,11,3,3.0,2.3195501753655265,0.47712125471966244,0.36540377140045166
6080820298315369088,245157924,64,3,2.0,2.459846476579481,0.3010299956639812,0.39090800285339355
2989206326445903616,24518895,5,1,76.0,2.454323119285102,1.8808135922807914,0.38993173837661743
2989206326445903616,24518895,32,1,30.0,2.4996325608220444,1.4771212547196624,0.39787617325782776
6082096148423381376,245226393,64,2,3.0,2.4615857366059726,0.47712125471966244,0.3912149667739868
6082109102044905216,245228473,64,2,2.0,2.377321422967728,0.3010299956639812,0.37608790397644043
6080854078239398016,245298317,11,4,5.0,2.844050424567708,0.6989700043360189,0.453937292098999
6080854078239398016,245298317,64,4,3.0,2.6639361881116566,0.47712125471966244,0.4255238175392151
6068150149097373568,245304994,11,3,5.0,2.485412269676726,0.6989700043360189,0.39539843797683716
6068150149097373568,245304994,64,3,4.0,2.751891539909074,0.6020599913279624,0.43963131308555603
6080667951539303808,245339150,11,0,2.0,2.141853413798452,0.3010299956639812,0.3307897448539734
6080667951539303808,245339150,37,0,2.0,2.716817986415506,0.3010299956639812,0.43406054377555847
6080667951539303808,245339150,38,0,2.0,2.4250938536503597,0.3010299956639812,0.3847285509109497
6083243896822763648,245431787,11,1,2.0,2.1922080333467053,0.3010299956639812,0.3408817648887634
6080698806585094656,245454701,64,0,4.0,2.6581905961224894,0.6020599913279624,0.42458611726760864
6083320592058578816,245486342,64,3,1.0,2.4162168842511575,0.0,0.38313591480255127
463995319973484416,245675509,18,4,3.0,2.6201900033312104,0.47712125471966244,0.4183327853679657
453919257978009216,245761295,58,0,2.0,2.53198413107215,0.3010299956639812,0.4034609794616699
2901692175901636480,24587624,5,4,11.0,2.797608892161605,1.0413926851582251,0.4467869997024536
2901692175901636480,24587624,6,4,15.0,2.5901168028465076,1.1760912590556813,0.41331934928894043
2901692175901636480,24587624,32,4,14.0,2.718594728859536,1.146128035678238,0.43434447050094604
2901692175901636480,24587624,33,4,14.0,2.7592978379147604,1.146128035678238,0.4407985806465149
2988967075290032256,24607949,5,2,11.0,2.4728612082324872,1.0413926851582251,0.39319974184036255
2988967075290032256,24607949,6,2,8.0,2.491316719812817,0.9030899869919435,0.3964289426803589
2988967075290032256,24607949,32,2,14.0,2.5210375850441844,1.146128035678238,0.4015793204307556
2900656848263249920,24608426,5,1,7.0,2.5030696533365027,0.8450980400142568,0.39847293496131897
2900656848263249920,24608426,6,1,1.0,2.4747957931794913,0.0,0.3935393691062927
6138600978681605120,248146490,37,3,1.0,2.4299048719193173,0.0,0.38558927178382874
6138660661547205504,248146918,10,4,1.0,2.661516575207772,0.0,0.4251291751861572
6085983368702487680,248187285,64,0,1.0,2.588693319107532,0.0,0.4130806028842926
2531488844210764544,248349830,30,1,3.0,2.072513440575982,0.47712125471966244,0.3164973556995392
2531488844210764544,248349830,42,1,2.0,2.521116820109504,0.3010299956639812,0.4015929698944092
2531488844210764544,248349830,43,1,3.0,2.2957936842306683,0.47712125471966244,0.360932856798172
2531732317316926336,248384545,30,2,1.0,2.4652893856777265,0.0,0.39186790585517883
2641618093513228800,248602766,42,1,1.0,1.8870573040667322,0.0,0.27578508853912354
2484875735945832704,248952247,30,4,1.0,2.6128762863227317,0.0,0.4171188473701477
450365430234579072,249899744,58,4,7.0,2.3498125635718057,0.8450980400142568,0.3710332214832306
452203568860985856,249925739,58,1,2.0,2.03784831879502,0.3010299956639812,0.3091718554496765
2462582794095456000,25001474,30,3,2.0,2.4701101392908558,0.3010299956639812,0.39271631836891174
5904227499576770048,250091359,11,4,1.0,2.6045631221874705,0.0,0.4157348871231079
5905910473910261120,250123846,11,2,1.0,2.5081360485903668,0.0,0.3993510901927948
2625503165763607808,250328442,42,4,1.0,2.811783133841636,0.0,0.4489818215370178
2649338761082702976,250348940,42,2,1.0,2.3791791421601176,0.0,0.37642714381217957
358044661529405056,250586846,58,2,1.0,2.329190573314106,0.0,0.36720502376556396
455268393101629440,250704825,58,0,1.0,2.543091638801146,0.0,0.40536201000213623
355625667228299648,250832135,18,1,1.0,2.4930424755356833,0.0,0.3967296779155731
2623655475128272384,251005952,42,3,1.0,2.324891478399621,0.0,0.36640268564224243
2496200774431287424,251088243,4,2,7.0,2.39979212342516,0.8450980400142568,0.38017362356185913
461461804664397056,251246113,58,4,3.0,2.7026791694985937,0.47712125471966244,0.43179449439048767
459462170968707456,251333851,58,4,7.0,2.820007336523331,0.8450980400142568,0.4502502381801605
461060551639685888,251434330,18,4,1.0,2.694217282513169,0.0,0.43043261766433716
461060551639685888,251434330,58,4,7.0,2.690463065599531,0.8450980400142568,0.4298270344734192
461072508828461824,251496897,58,2,3.0,2.4272017586506305,0.47712125471966244,0.3851058781147003
447361152152230656,251546956,58,1,2.0,2.8812281539066817,0.3010299956639812,0.45957764983177185
447440007751299072,251818063,58,2,3.0,2.597245971439685,0.47712125471966244,0.41451308131217957
425805913888427648,252100187,58,3,1.0,2.486249152946844,0.0,0.3955446481704712
441640221355365760,252808469,58,4,5.0,2.725576412302364,0.6989700043360189,0.43545836210250854
441715915858562944,252809289,58,2,3.0,2.4110029274156215,0.47712125471966244,0.3821977376937866
442697264345359360,252811779,58,2,12.0,2.344319893305426,1.0791812460476249,0.370016872882843
442748975750904320,252821341,58,3,1.0,2.467479131241868,0.0,0.39225348830223083
441663998293948544,252825335,58,1,3.0,2.422398419560246,0.47712125471966244,0.3842455744743347
441662349026548224,252825455,58,0,4.0,2.592477020415855,0.6020599913279624,0.4137149155139923
441447669380929792,252826205,58,4,1.0,2.6401622736585084,0.0,0.4216306209564209
435362937672941184,252828250,58,0,5.0,2.7629861800086246,0.6989700043360189,0.44137871265411377
441429321280764288,252829142,58,1,5.0,2.472470095349144,0.6989700043360189,0.3931310474872589
441648398972798080,252830020,58,4,2.0,2.679856770204735,0.3010299956639812,0.42811158299446106
441774911528969088,252832001,58,3,2.0,2.414013656945518,0.3010299956639812,0.38273972272872925
443396210143348864,252835776,58,2,1.0,2.3424562793466115,0.0,0.369671493768692
443396210143348864,252835776,59,2,1.0,2.392709522135918,0.0,0.3788899779319763
441646096870597760,252846584,58,4,1.0,2.6977194034418095,0.0,0.43099677562713623
441458252180075008,252846620,58,2,2.0,2.432733860310792,0.3010299956639812,0.3860945999622345
441452067427314432,252846973,58,1,5.0,2.4826254309781595,0.6989700043360189,0.3949111998081207
441451723829949056,252847025,58,0,1.0,2.6605336077469426,0.0,0.42496874928474426
441430214633926272,252847414,58,3,4.0,2.4833068087976975,0.6020599913279624,0.3950303792953491
441429733597631232,252847522,58,2,7.0,2.3338393607404355,0.8450980400142568,0.36807096004486084
441378159630386816,252847693,58,0,1.0,2.6903598616518933,0.0,0.42981037497520447
441358776436543488,252849400,58,1,3.0,2.716801766660237,0.47712125471966244,0.43405795097351074
441370600488018048,252849433,58,3,2.0,2.476974775273466,0.3010299956639812,0.3939215838909149
441372971309927936,252849644,58,4,1.0,2.750190605179553,0.0,0.4393627941608429
441459278671283968,252868083,58,3,5.0,2.479862818599411,0.6989700043360189,0.39442765712738037
441361529517032832,252868899,58,2,1.0,2.395811831919325,0.0,0.3794527053833008
6061537102071013632,253151299,11,3,4.0,2.526077596862514,0.6020599913279624,0.4024466872215271
6061537102071013632,253151299,64,3,2.0,2.5270757438551175,0.3010299956639812,0.40261825919151306
6056071532867594752,253176053,11,2,1.0,2.533473091679369,0.0,0.4037162959575653
6067570809548679168,253270831,11,2,2.0,2.3832313964977674,0.3010299956639812,0.377166211605072
6057241207070752640,253309679,11,1,1.0,2.4636404905283262,0.0,0.3915773332118988
6060626706443891200,253319678,64,0,1.0,2.7300022703506377,0.0,0.4361630082130432
6067536759058432896,253449327,38,1,1.0,2.5041121501293064,0.0,0.3986537754535675
6063338823686668928,253501247,11,0,1.0,2.127834330945278,0.0,0.3279378116130829
6063338823686668928,253501247,38,0,1.0,2.5218483915607193,0.0,0.40171897411346436
6067700551925654656,253517149,11,0,3.0,2.733291117159573,0.47712125471966244,0.4366858899593353
5989177829530793856,254322223,12,0,9.0,2.4243617350158355,0.9542425094393249,0.38459742069244385
5987195753669912064,254365686,12,2,3.0,2.350300072094781,0.47712125471966244,0.3711233139038086
5986289545599659264,254597659,12,3,6.0,2.5152197575419595,0.7781512503836436,0.4005759358406067
5987637963513563136,254740868,12,1,2.0,2.269338464576236,0.3010299956639812,0.35589927434921265
5989438654307412864,254771977,12,4,2.0,2.735629551313566,0.3010299956639812,0.4370572865009308
5989480401391030528,254844960,12,1,2.0,2.4671317022429027,0.3010299956639812,0.3921923339366913
5995529983082554496,254901458,12,2,3.0,2.382290555729665,0.47712125471966244,0.3769947290420532
5994581997903943168,255200199,39,0,1.0,2.6743816540236174,0.0,0.4272233843803406
5984600871856861056,255236579,12,2,3.0,2.364389579230547,0.47712125471966244,0.3737190365791321
5984596714328025216,255295052,39,1,1.0,2.5639905121951903,0.0,0.4089164137840271
5994932776468000000,255472458,39,1,5.0,2.4968878616170023,0.6989700043360189,0.39739903807640076
5501006658317182464,255547254,7,2,3.0,2.3432646443160703,0.47712125471966244,0.36982133984565735
5500734868491020672,255559790,61,1,2.0,2.508479784346016,0.3010299956639812,0.399410605430603
5500734868491020672,255559790,65,1,1.0,2.485923475317823,0.0,0.3954877555370331
5500734868491020672,255559790,66,1,1.0,2.60190424317758,0.0,0.41529130935668945
5500838536124246016,255567780,61,3,11.0,2.504815410547485,1.0413926851582251,0.39877572655677795
5500838536124246016,255567780,65,3,2.0,2.579077679779722,0.3010299956639812,0.4114644229412079
5500838536124246016,255567780,66,3,4.0,2.395957664761418,0.6020599913279624,0.37947914004325867
5500781735175024000,255586491,6,2,2.0,2.580893982066941,0.3010299956639812,0.41177016496658325
5499936730426293120,255586954,62,1,1.0,2.4903349185608707,0.0,0.39625775814056396
5499936730426293120,255586954,66,1,2.0,2.5031574276106445,0.3010299956639812,0.3984881639480591
5550758219445350016,255588894,6,2,1.0,2.7596277046228965,0.0,0.44085049629211426
5550758219445350016,255588894,8,2,1.0,2.385506220064355,0.0,0.37758055329322815
5502604317431258624,255640745,61,0,1.0,2.29478736367948,0.0,0.360742449760437
5550909127416677760,255704443,6,1,2.0,2.124412692798732,0.3010299956639812,0.32723888754844666
5550909127416677760,255704443,7,1,1.0,2.477908118833812,0.0,0.39408519864082336
5550909127416677760,255704443,8,1,2.0,2.6422569347003617,0.3010299956639812,0.4219750463962555
5550909127416677760,255704443,32,1,1.0,2.484631421414753,0.0,0.3952619731426239
5550909127416677760,255704443,33,1,1.0,1.9459330143620652,0.0,0.2891278862953186
5550909127416677760,255704443,34,1,2.0,2.3181840770752227,0.3010299956639812,0.3651479184627533
5550909127416677760,255704443,61,1,1.0,2.5240007323546743,0.0,0.4020894765853882
5550909917690722944,255704455,61,4,2.0,2.68799685491673,0.3010299956639812,0.42942875623703003
5551124940933094912,255741185,61,0,1.0,2.9659115385171764,0.0,0.47215819358825684
5552012723556654464,255741939,61,1,1.0,2.1709955078002454,0.0,0.33665892481803894
5502519856900256896,255779146,6,3,1.0,2.4941169089985467,0.0,0.39691680669784546
5502519856900256896,255779146,7,3,3.0,2.4860865647011217,0.47712125471966244,0.3955162465572357
5502519856900256896,255779146,8,3,3.0,2.4597738934234568,0.47712125471966244,0.39089518785476685
5551538941421122304,255781884,61,0,1.0,2.4790052894513046,0.0,0.3942774534225464
5776454833841481728,256162745,66,0,13.0,2.452556508571698,1.1139433523068367,0.38961902260780334
6067196013523931264,256168939,11,0,2.0,2.560831217945395,0.3010299956639812,0.4083809554576874
6067196013523931264,256168939,38,0,1.0,2.655517061122043,0.0,0.4241490960121155
5776061547977660544,256214388,39,4,1.0,2.506964912354223,0.0,0.39914825558662415
5773796558322153088,256216396,66,2,1.0,2.428534607424972,0.0,0.3853442966938019
6063606211158709760,256716325,11,1,1.0,2.430832155806851,0.0,0.3857549726963043
6063606211158709760,256716325,38,1,1.0,2.4370154610756734,0.0,0.3868582844734192
2724868849064224896,257044092,55,1,1.0,2.5221117954015884,0.0,0.4017643332481384
2547792093390641024,257247422,42,0,2.0,2.5474513908290737,0.3010299956639812,0.4061059057712555
2551213292538579328,257570869,42,1,1.0,2.611876869984609,0.0,0.4169526994228363
4840770472961988608,257605749,4,2,3.0,2.4555288080240962,0.47712125471966244,0.39014503359794617
4840770472961988608,257605749,5,2,4.0,2.5390031223474043,0.6020599913279624,0.40466323494911194
4840770472961988608,257605749,31,2,5.0,2.3872232229823718,0.6989700043360189,0.37789303064346313
68168419548529920,258031958,42,4,2.0,2.7676469384378066,0.3010299956639812,0.44211068749427795
68168419548529920,258031958,44,4,2.0,2.9344954427760537,0.3010299956639812,0.4675334393978119
68282837477714816,258032108,42,3,1.0,2.291404802780465,0.0,0.3601018190383911
68364682374473856,258032224,42,3,1.0,2.522755364109702,0.0,0.4018751382827759
68385057699293056,258032359,42,0,1.0,2.4354929385723816,0.0,0.38658687472343445
68390830135333504,258032373,42,0,2.0,2.6284276854382083,0.3010299956639812,0.41969603300094604
68390830135333504,258032373,43,0,1.0,2.617365911483605,0.0,0.41786444187164307
68395399980532864,258032409,44,3,3.0,2.5723808779454433,0.47712125471966244,0.4103352725505829
68395606138958592,258032425,44,4,1.0,2.7132655638673233,0.0,0.4334923028945923
68587161680620288,258032514,42,1,3.0,2.440164667139155,0.47712125471966244,0.3874191343784332
68587161680620288,258032514,43,1,4.0,2.4541611031482016,0.6020599913279624,0.38990306854248047
68587161680620288,258032514,44,1,5.0,2.4990127255777703,0.6989700043360189,0.39776846766471863
70118197262752768,258032726,42,2,2.0,2.3779933179654793,0.3010299956639812,0.37621062994003296
70118197262752768,258032726,43,2,2.0,2.5289796789346775,0.3010299956639812,0.402945339679718
70118197262752768,258032726,44,2,1.0,2.5210887934480484,0.0,0.4015881419181824
70169251536714624,258062005,42,2,1.0,2.406064052856491,0.0,0.3813071846961975
70169251536714624,258062005,43,2,2.0,2.3671198757386813,0.3010299956639812,0.37422025203704834
70169251536714624,258062005,44,2,1.0,2.3737673593142983,0.0,0.3754381537437439
70200935512668800,258062142,43,1,2.0,2.501810749040036,0.3010299956639812,0.3982544541358948
70200935512668800,258062142,44,1,1.0,2.483419623065863,0.0,0.3950501084327698
70224643732103680,258062259,42,4,3.0,2.5054246500399495,0.47712125471966244,0.39888134598731995
70224643732103680,258062259,43,4,1.0,2.616021158614516,0.0,0.4176412522792816
71078483230315520,258062446,42,2,4.0,2.3719159817335185,0.6020599913279624,0.3750993013381958
71078483230315520,258062446,44,2,3.0,2.487426144777901,0.47712125471966244,0.3957501947879791
71202831123254272,258062921,42,1,1.0,2.42919230459933,0.0,0.3854618966579437
71202831123254272,258062921,43,1,1.0,2.519198232543596,0.0,0.4012623429298401
71202831123254272,258062921,58,1,3.0,2.1674696601256542,0.47712125471966244,0.335953027009964
71207710206088192,258065391,42,2,1.0,2.354834239846067,0.0,0.3719603419303894
71207710206088192,258065391,43,2,1.0,2.3642899597998426,0.0,0.37370073795318604
71207710206088192,258065391,44,2,1.0,2.355350267098086,0.0,0.3720555007457733
71207710206088192,258065391,58,2,2.0,2.6476373952694,0.3010299956639812,0.42285850644111633
71205133225715328,258065430,43,1,1.0,2.4871890633468228,0.0,0.3957087993621826
71079441007018880,258065880,42,0,1.0,2.710544448136481,0.0,0.4330565333366394
71079441007018880,258065880,43,0,1.0,2.422924264497202,0.0,0.384339839220047
71079441007018880,258065880,44,0,1.0,2.698974094908261,0.0,0.43119871616363525
70121805035254144,258066368,42,4,1.0,2.5881872656499385,0.0,0.41299569606781006
70114039734416128,258066489,42,3,4.0,2.456842312741451,0.6020599913279624,0.3903772830963135
70114039734416128,258066489,43,3,3.0,2.535555662531116,0.47712125471966244,0.40407314896583557
70114039734416128,258066489,44,3,2.0,2.458767234029683,0.3010299956639812,0.39071741700172424
70088819686490496,258066616,42,4,1.0,2.732227830759443,0.0,0.4365169107913971
70088819686490496,258066616,43,4,5.0,2.666309147677351,0.6989700043360189,0.42591050267219543
70088819686490496,258066616,44,4,1.0,2.605241138352446,0.0,0.41584792733192444
68390417818463872,258066795,44,2,1.0,2.3691411346863283,0.0,0.3745909333229065
68378563708730624,258066811,43,4,2.0,2.8525026971230965,0.3010299956639812,0.4552260637283325
68367190635351936,258066901,42,1,1.0,2.2559211019264356,0.0,0.35332390666007996
68367190635351936,258066901,44,1,1.0,2.3838342923088867,0.0,0.37727606296539307
68363411064150272,258066973,42,4,1.0,2.7139133988126782,0.0,0.4335959851741791
68363411064150272,258066973,43,4,1.0,2.640163541878405,0.0,0.4216308295726776
68291977168100480,258067034,44,4,3.0,2.646858980119333,0.47712125471966244,0.42273080348968506
68265279651517056,258067178,42,4,1.0,2.7148467838978214,0.0,0.4337453246116638
68265279651517056,258067178,44,4,3.0,2.766145438522003,0.47712125471966244,0.44187501072883606
68259438496008832,258067247,42,2,5.0,2.481223563525104,0.6989700043360189,0.3946658968925476
68259438496008832,258067247,43,2,3.0,2.568966016161012,0.47712125471966244,0.4097583591938019
68259438496008832,258067247,44,2,5.0,2.542730771504428,0.6989700043360189,0.4053003787994385
65254851174771584,258067348,42,3,2.0,2.522847637416936,0.3010299956639812,0.4018910229206085
65254851174771584,258067348,43,3,4.0,2.349708559792271,0.6020599913279624,0.3710139989852905
65254851174771584,258067348,44,3,5.0,2.436222400187733,0.6989700043360189,0.38671693205833435
65254885534508672,258067352,43,4,1.0,2.619914558568344,0.0,0.41828712821006775
65257187636977536,258067363,42,2,1.0,2.50109374354206,0.0,0.39812996983528137
65257187636977536,258067363,44,2,1.0,2.467039435219074,0.0,0.39217609167099
65257806112264832,258067389,43,1,3.0,2.339970553562383,0.47712125471966244,0.3692103922367096
65257806112264832,258067389,44,1,7.0,2.4964173997257193,0.8450980400142568,0.39731720089912415
68267680536205440,258067448,42,1,5.0,2.5455990554342356,0.6989700043360189,0.4057900011539459
68267680536205440,258067448,43,1,1.0,2.283490534667801,0.0,0.3585992157459259
68267680536205440,258067448,44,1,4.0,2.4375933223857147,0.6020599913279624,0.3869612514972687
68268165869533568,258067465,43,4,1.0,2.408780155787283,0.0,0.3817971646785736
68325649711754880,258067744,42,4,11.0,2.890384302966093,1.0413926851582251,0.46095559000968933
68325649711754880,258067744,43,4,6.0,2.8175739604510155,0.7781512503836436,0.4498753249645233
68325649711754880,258067744,44,4,4.0,2.9612458746368113,0.6020599913279624,0.47147446870803833
69894962042148096,258067922,43,0,1.0,2.6988611191516325,0.0,0.43118053674697876
69898810332838400,258067964,42,2,1.0,2.3878975887687526,0.0,0.3780156970024109
69898810332838400,258067964,44,2,1.0,2.4254456820010426,0.0,0.3847915530204773
69908156181656576,258135255,44,2,1.0,2.564821997223277,0.0,0.40905722975730896
70097581419826944,258135305,42,0,1.0,2.2285962819538456,0.0,0.3480314016342163
70097581419826944,258135305,44,0,6.0,2.7468727530998067,0.7781512503836436,0.43883854150772095
70127955428529536,258135430,42,2,1.0,2.4746561998277707,0.0,0.39351487159729004
70127955428529536,258135430,43,2,2.0,2.3627160757647663,0.3010299956639812,0.37341153621673584
70127955428529536,258135430,44,2,1.0,2.442269582662433,0.0,0.3877936005592346
70201725786644608,258135628,44,4,1.0,2.653782089527001,0.0,0.42386525869369507
6139584010795996160,258382306,10,3,6.0,2.3786099054120204,0.7781512503836436,0.37632322311401367
6139584010795996160,258382306,37,3,8.0,2.5498133236828973,0.9030899869919435,0.4065083861351013
6139583907716775936,258382313,10,4,2.0,2.7147407816903666,0.3010299956639812,0.4337283670902252
6139583907716775936,258382313,37,4,9.0,2.7714337330813232,0.9542425094393249,0.4427044987678528
6134976541682753664,258455309,11,4,7.0,2.6434299596218334,0.8450980400142568,0.4221678078174591
6134976541682753664,258455309,37,4,7.0,2.6599788288118096,0.8450980400142568,0.42487818002700806
6134516941522596352,258583891,11,3,8.0,2.7136968159114128,0.9030899869919435,0.4335613250732422
6134516941522596352,258583891,64,3,10.0,2.4891936168146143,1.0,0.39605867862701416
6086598923417379584,258789022,11,2,3.0,2.353858412290222,0.47712125471966244,0.3717803359031677
6086598923417379584,258789022,64,2,1.0,2.487006104502699,0.0,0.395676851272583
6134738359978868608,258790078,64,2,1.0,2.544664487199597,0.0,0.40563052892684937
6086203271028306432,258838375,64,1,1.0,2.2747283518958636,0.0,0.3569295406341553
435617886930938112,259143632,58,0,5.0,2.7066179599146003,0.6989700043360189,0.43242695927619934
435621494703658240,259143922,58,1,1.0,2.219189944563368,0.0,0.34619447588920593
442601194515899264,259147715,58,1,5.0,3.0414951091803495,0.6989700043360189,0.48308712244033813
435424750841023488,259320878,58,1,1.0,2.322051495161824,0.0,0.3658718466758728
4784114803446931200,259542669,3,4,7.0,2.5610208380036625,0.8450980400142568,0.4084131121635437
4784114803446931200,259542669,4,4,6.0,2.4603740347925953,0.7781512503836436,0.3910011351108551
4784114803446931200,259542669,5,4,7.0,2.5350763492121047,0.8450980400142568,0.40399104356765747
4784114803446931200,259542669,30,4,6.0,2.8788575173780506,0.7781512503836436,0.45922017097473145
4784114803446931200,259542669,31,4,5.0,2.7555650656009156,0.6989700043360189,0.4402106702327728
4784114803446931200,259542669,32,4,7.0,2.6631153344301888,0.8450980400142568,0.42538997530937195
4784592055918721920,259573373,4,0,5.0,2.7085385793311385,0.6989700043360189,0.43273502588272095
4784592055918721920,259573373,30,0,4.0,2.6580293493588174,0.6020599913279624,0.4245597720146179
4784592055918721920,259573373,31,0,3.0,2.5606525064243923,0.47712125471966244,0.4083506464958191
4784584668571800960,259573397,3,1,2.0,2.4017651351973477,0.3010299956639812,0.38053053617477417
4784584668571800960,259573397,4,1,1.0,2.601143022169344,0.0,0.4151642322540283
4784584668571800960,259573397,5,1,6.0,2.5414402350738747,0.7781512503836436,0.4050799012184143
4784584668571800960,259573397,30,1,6.0,2.6232588903584,0.7781512503836436,0.418841153383255
4784584668571800960,259573397,31,1,6.0,2.448939376280215,0.7781512503836436,0.3889780342578888
4784584668571800960,259573397,32,1,5.0,2.5157106809094376,0.6989700043360189,0.4006606936454773
4784133288986121728,259586708,3,1,5.0,2.4965268692871163,0.6989700043360189,0.3973362445831299
4784133288986121728,259586708,4,1,10.0,2.46268683365662,1.0,0.3914091885089874
4784133288986121728,259586708,5,1,4.0,2.558526497871056,0.6020599913279624,0.4079899191856384
4784133288986121728,259586708,6,1,2.0,2.4131404797902065,0.3010299956639812,0.3825826048851013
4784133288986121728,259586708,30,1,12.0,2.4655966248652192,1.0791812460476249,0.3919220268726349
4784133288986121728,259586708,31,1,13.0,2.4397214674674688,1.1139433523068367,0.387340247631073
4784133288986121728,259586708,32,1,5.0,2.1963607959099227,0.6989700043360189,0.3417036831378937
4786264859778429824,259645014,4,4,2.0,2.7123920974962568,0.3010299956639812,0.4333524703979492
4786264859778429824,259645014,5,4,5.0,2.7393648313476704,0.6989700043360189,0.4376498758792877
4786264859778429824,259645014,6,4,2.0,2.6427137141401693,0.3010299956639812,0.4220501184463501
4786264859778429824,259645014,31,4,3.0,2.5464579521233803,0.47712125471966244,0.40593650937080383
4786264859778429824,259645014,32,4,3.0,2.7178775139353157,0.47712125471966244,0.43422988057136536
61917043110119552,25966549,42,0,2.0,2.583639006853641,0.3010299956639812,0.41223183274269104
61867084050575104,25966690,42,1,6.0,2.4849286230059895,0.7781512503836436,0.39531391859054565
61867084050575104,25966690,43,1,2.0,2.342651431823498,0.3010299956639812,0.3697076737880707
233674297109487488,260051694,59,3,1.0,2.3361111237038337,0.0,0.3684934973716736
5499127141972838016,260079846,7,3,1.0,2.4945972084424626,0.0,0.39700043201446533
5499127141972838016,260079846,10,3,3.0,2.4097663496562265,0.47712125471966244,0.3819749355316162
5499127141972838016,260079846,11,3,1.0,2.448371258185006,0.0,0.388877272605896
5499127141972838016,260079846,12,3,2.0,2.5747676916590203,0.3010299956639812,0.4107380509376526
5499127141972838016,260079846,13,3,2.0,2.4922997632722694,0.3010299956639812,0.39660027623176575
5499399653353202176,260162604,1,1,1.0,2.5153198677512254,0.0,0.40059322118759155
5499399653353202176,260162604,5,1,1.0,2.524619662353311,0.0,0.4021959602832794
5499399653353202176,260162604,6,1,2.0,2.4997004879194527,0.3010299956639812,0.3978879749774933
5499399653353202176,260162604,8,1,1.0,2.4490640740807623,0.0,0.38900014758110046
5499399653353202176,260162604,9,1,1.0,2.4801155400096118,0.0,0.3944719135761261
5499399653353202176,260162604,10,1,3.0,2.489257502219414,0.47712125471966244,0.39606982469558716
5499399653353202176,260162604,11,1,4.0,2.370065722822575,0.6020599913279624,0.37476038932800293
5499399653353202176,260162604,12,1,2.0,2.0522615237421724,0.3010299956639812,0.31223270297050476
5499399653353202176,260162604,29,1,5.0,2.4748803681645555,0.6989700043360189,0.3935542106628418
5499399653353202176,260162604,30,1,4.0,2.527231127540376,0.6020599913279624,0.40264496207237244
5499399653353202176,260162604,31,1,2.0,2.4407045853883518,0.3010299956639812,0.38751521706581116
5499399653353202176,260162604,32,1,1.0,2.3988956112942876,0.0,0.38001134991645813
5499399653353202176,260162604,34,1,1.0,2.4461486146665665,0.0,0.38848283886909485
5499399653353202176,260162604,35,1,3.0,2.2252784564047237,0.47712125471966244,0.34738436341285706
5499399653353202176,260162604,36,1,2.0,2.566170895973236,0.3010299956639812,0.4092855751514435
5499399653353202176,260162604,38,1,1.0,2.497531506600468,0.0,0.39751097559928894
5499399653353202176,260162604,39,1,3.0,2.512558288074391,0.47712125471966244,0.4001161456108093
58368884727558784,26016527,42,3,1.0,2.5626146229662177,0.0,0.40868330001831055
58368884727558784,26016527,43,3,2.0,2.3642880128821027,0.3010299956639812,0.3737003803253174
58368884727558784,26016527,44,3,2.0,2.814673291494511,0.3010299956639812,0.449427992105484
67920926352940032,26017840,42,1,3.0,2.508494760384643,0.47712125471966244,0.39941319823265076
67920926352940032,26017840,43,1,5.0,2.431163628873216,0.6989700043360189,0.38581418991088867
67920926352940032,26017840,44,1,4.0,2.4666125123780716,0.6020599913279624,0.3921009302139282
5499575059818725504,260371228,62,3,3.0,2.5642384337003548,0.47712125471966244,0.40895840525627136
2174323414028790272,260402407,56,4,2.0,2.8989366774304837,0.3010299956639812,0.46223872900009155
5496424026997233792,260416560,1,0,2.0,2.7322870788692066,0.3010299956639812,0.4365263283252716
5496424026997233792,260416560,2,0,2.0,2.5106646483373702,0.3010299956639812,0.3997887074947357
5496424026997233792,260416560,3,0,2.0,2.426830024375344,0.3010299956639812,0.385039359331131
5496424026997233792,260416560,4,0,2.0,2.8628937417605784,0.3010299956639812,0.4568052291870117
5496424026997233792,260416560,5,0,3.0,2.538241318172752,0.47712125471966244,0.40453290939331055
5496424026997233792,260416560,6,0,2.0,2.4042853218128566,0.3010299956639812,0.3809860050678253
5496424026997233792,260416560,7,0,1.0,2.5255872501397048,0.0,0.4023623764514923
5496424026997233792,260416560,8,0,2.0,2.412390448980822,0.3010299956639812,0.38244760036468506
5496424026997233792,260416560,10,0,1.0,2.60553470813094,0.0,0.41589686274528503
5496424026997233792,260416560,12,0,2.0,2.423841066981584,0.3010299956639812,0.38450413942337036
5496424026997233792,260416560,13,0,1.0,2.518342654599664,0.0,0.401114821434021
5499683980189548800,260473548,28,4,2.0,2.5235118277962534,0.3010299956639812,0.4020053446292877
5499683980189548800,260473548,29,4,4.0,2.6504508616621814,0.6020599913279624,0.4233197569847107
5499683980189548800,260473548,31,4,2.0,2.5935364650542767,0.3010299956639812,0.41389235854148865
5499683980189548800,260473548,32,4,7.0,2.6412252556080444,0.8450980400142568,0.4218054413795471
5499683980189548800,260473548,33,4,5.0,2.77201194784951,0.6989700043360189,0.4427950978279114
5499683980189548800,260473548,34,4,4.0,2.6235208242076573,0.6020599913279624,0.4188845157623291
5499683980189548800,260473548,35,4,9.0,2.830734908759359,0.9542425094393249,0.4518992006778717
5499683980189548800,260473548,38,4,6.0,2.7552269872675272,0.7781512503836436,0.44015738368034363
5499683980189548800,260473548,39,4,3.0,2.7481817992769386,0.47712125471966244,0.4390454590320587
5499683980189548800,260473548,61,4,4.0,2.669682657385796,0.6020599913279624,0.4264596402645111
5499683980189548800,260473548,62,4,2.0,2.6357992215295964,0.3010299956639812,0.42091232538223267
5499683980189548800,260473548,65,4,9.0,2.8136304769369325,0.9542425094393249,0.44926705956459045
5499683980189548800,260473548,66,4,4.0,2.5036353446802986,0.6020599913279624,0.39857107400894165
5499683980189548800,260473548,67,4,7.0,2.671586600642713,0.8450980400142568,0.4267692565917969
5496317309945329536,260474818,27,4,1.0,2.822745943946769,0.0,0.4506717920303345
5496317309945329536,260474818,29,4,1.0,2.771765431013681,0.0,0.4427564740180969
5496317309945329536,260474818,30,4,2.0,2.762160583635992,0.3010299956639812,0.44124892354011536
5496317309945329536,260474818,31,4,8.0,2.6987527779912464,0.9030899869919435,0.43116310238838196
5496317309945329536,260474818,32,4,2.0,2.665692981015982,0.3010299956639812,0.4258101284503937
5496317309945329536,260474818,34,4,1.0,2.5605214240936536,0.0,0.40832841396331787
5496317309945329536,260474818,35,4,2.0,2.5742198445091704,0.3010299956639812,0.41064563393592834
5496317309945329536,260474818,36,4,3.0,2.7794785003717717,0.47712125471966244,0.44396331906318665
5496317309945329536,260474818,37,4,5.0,2.679061528686144,0.6989700043360189,0.4279826879501343
5496317309945329536,260474818,38,4,3.0,2.7359374383262067,0.47712125471966244,0.4371061623096466
5496317309945329536,260474818,39,4,2.0,2.6411279276700856,0.3010299956639812,0.4217894375324249
5496317309945329536,260474818,61,4,5.0,2.8054491285650784,0.6989700043360189,0.4480023980140686
5496317309945329536,260474818,62,4,2.0,2.6360757936453143,0.3010299956639812,0.42095789313316345
5496317309945329536,260474818,63,4,3.0,2.6681704035704623,0.47712125471966244,0.4262135624885559
5496317309945329536,260474818,64,4,4.0,2.6814078481783765,0.6020599913279624,0.4283628761768341
5496317309945329536,260474818,65,4,3.0,2.8161132035689693,0.47712125471966244,0.4496501088142395
5496317309945329536,260474818,66,4,4.0,2.66363896270711,0.6020599913279624,0.4254753589630127
5495120835135720832,260502759,4,0,3.0,2.684831781844533,0.47712125471966244,0.4289170801639557
5495120835135720832,260502759,5,0,1.0,2.736022676586539,0.0,0.4371196925640106
5495120835135720832,260502759,6,0,1.0,2.7628308997636557,0.0,0.44135430455207825
5495120835135720832,260502759,7,0,4.0,2.462157258896288,0.6020599913279624,0.3913157880306244
5495120835135720832,260502759,8,0,2.0,2.6344480712700795,0.3010299956639812,0.4206896424293518
5495120835135720832,260502759,9,0,5.0,2.3438128770176223,0.6989700043360189,0.369922935962677
5495120835135720832,260502759,10,0,1.0,2.4516438177583573,0.0,0.3894573748111725
5495120835135720832,260502759,11,0,1.0,2.629718903223141,0.0,0.4199093282222748
5495120835135720832,260502759,13,0,3.0,2.7395881627620295,0.47712125471966244,0.4376852810382843
5495179693367660416,260537783,6,0,1.0,2.5413924500091905,0.0,0.4050717353820801
5495206425243888512,260605685,61,0,2.0,2.7357074584720036,0.3010299956639812,0.4370696544647217
5495206425243888512,260605685,62,0,1.0,2.758427724400847,0.0,0.44066160917282104
5496266217014369920,260606274,61,2,3.0,2.453397985958331,0.47712125471966244,0.38976800441741943
5496266217014369920,260606274,62,2,3.0,2.364270977420268,0.47712125471966244,0.3736972510814667
5496266217014369920,260606274,63,2,6.0,2.479024342432645,0.7781512503836436,0.3942807912826538
5496266217014369920,260606274,65,2,1.0,2.441857670467549,0.0,0.38772034645080566
5496266217014369920,260606274,66,2,4.0,2.489097620973804,0.6020599913279624,0.3960419297218323
5496266217014369920,260606274,67,2,2.0,2.5246494607410748,0.3010299956639812,0.4022010862827301
5498054057280883584,260638821,5,3,1.0,2.494775932199215,0.0,0.3970315456390381
5482771051813336448,260640943,61,0,2.0,2.770344962648866,0.3010299956639812,0.44253385066986084
5482771051813336448,260640943,62,0,2.0,2.4702254052745642,0.3010299956639812,0.3927365839481354
5482771051813336448,260640943,63,0,5.0,2.1470860775825558,0.6989700043360189,0.33184945583343506
5482771051813336448,260640943,64,0,2.0,2.638534562840442,0.3010299956639812,0.4213627874851227
5482771051813336448,260640943,65,0,6.0,2.4605148486548365,0.7781512503836436,0.39102599024772644
5482771051813336448,260640943,66,0,1.0,2.680046743735586,0.0,0.42814236879348755
6127629158312984064,260769622,64,3,3.0,2.5864735648938786,0.47712125471966244,0.412708044052124
6079255040437333760,260772424,64,1,3.0,2.457546463739085,0.47712125471966244,0.3905017375946045
6079187145591732864,260773190,10,4,5.0,2.5971151544952296,0.6989700043360189,0.414491206407547
6079187145591732864,260773190,11,4,1.0,2.649522707393262,0.0,0.4231676459312439
6077824373954815744,260778617,10,1,7.0,2.471683814825872,0.8450980400142568,0.39299291372299194
6077824373954815744,260778617,11,1,9.0,2.3178096346088295,0.9542425094393249,0.36507776379585266
6077824373954815744,260778617,37,1,6.0,2.3586436724258735,0.7781512503836436,0.37266233563423157
6077824373954815744,260778617,64,1,4.0,2.4872312208838676,0.6020599913279624,0.3957161605358124
67878663874731136,26079243,42,2,2.0,2.417619849106223,0.3010299956639812,0.3833880126476288
67878663874731136,26079243,43,2,4.0,2.385876536218788,0.6020599913279624,0.3776479661464691
67878663874731136,26079243,44,2,2.0,2.370459343236511,0.3010299956639812,0.37483251094818115
67656665605333888,26079418,42,1,1.0,2.4095505594160294,0.0,0.38193604350090027
67656665605333888,26079418,44,1,3.0,2.226739854381267,0.47712125471966244,0.34766948223114014
58327275084465408,26080197,43,2,1.0,2.483324531545825,0.0,0.39503347873687744
58327275084465408,26080197,44,2,1.0,2.3543071781089604,0.0,0.37186312675476074
67998201404864896,26081408,42,0,2.0,2.5305453622523855,0.3010299956639812,0.40321412682533264
67998201404864896,26081408,43,0,1.0,2.491576592703729,0.0,0.3964742422103882
67998201404864896,26081408,44,0,3.0,2.436044026311873,0.47712125471966244,0.3866851329803467
67899520235887616,26081460,42,1,1.0,2.482409930284416,0.0,0.3948734998703003
67899520235887616,26081460,44,1,3.0,2.506769145412041,0.47712125471966244,0.39911434054374695
67576332537157888,26081949,44,1,1.0,2.6750297502848848,0.0,0.42732861638069153
68006241583701888,26109308,42,3,2.0,2.4758154709799047,0.3010299956639812,0.39371827244758606
67667935599570432,26109664,43,2,1.0,2.5381150406918027,0.0,0.40451130270957947
67667935599570432,26109664,44,2,1.0,2.367970550821088,0.0,0.3743762969970703
64555694921236352,26126184,42,4,5.0,2.807310226079789,0.6989700043360189,0.4482904076576233
68014964661425280,26126856,42,4,1.0,2.5434029890671397,0.0,0.4054151773452759
6090045200871214464,261389834,11,4,2.0,2.64645759992109,0.3010299956639812,0.42266494035720825
6090045200871214464,261389834,38,4,3.0,2.5966291933950325,0.47712125471966244,0.41440993547439575
6059156487610025472,261753030,11,0,1.0,2.5876637314654443,0.0,0.41290783882141113
67832346947351424,26178271,42,2,2.0,2.3479184816756056,0.3010299956639812,0.3706830143928528
67832346947351424,26178271,43,2,1.0,2.3604694641586934,0.0,0.3729983866214752
6060185901035937024,261987584,11,4,2.0,2.545657400917593,0.3010299956639812,0.4057999551296234
6057088443681190272,261993378,11,1,12.0,2.444982429793939,1.0791812460476249,0.38827574253082275
5289143682612922624,262609754,1,0,3.0,2.520039920766481,0.47712125471966244,0.4014074206352234
5289143682612922624,262609754,2,0,1.0,2.3632599398380707,0.0,0.37351149320602417
5289143682612922624,262609754,4,0,2.0,2.5472370801046313,0.3010299956639812,0.4060693681240082
5289143682612922624,262609754,5,0,1.0,2.4231247906007467,0.0,0.38437578082084656
5289143682612922624,262609754,6,0,1.0,2.519146889670972,0.0,0.40125349164009094
5289143682612922624,262609754,7,0,1.0,2.52105194405249,0.0,0.4015817940235138
5289143682612922624,262609754,8,0,1.0,2.250127483412675,0.0,0.35220712423324585
5289143682612922624,262609754,11,0,1.0,2.5707028691626834,0.0,0.4100518822669983
5289143682612922624,262609754,13,0,3.0,2.5875438733760525,0.47712125471966244,0.41288772225379944
5289143682612922624,262609754,61,0,1.0,2.606915752174122,0.0,0.4161269962787628
5289143682612922624,262609754,62,0,3.0,2.735085389450869,0.47712125471966244,0.43697088956832886
5289143682612922624,262609754,63,0,2.0,2.7620066765377116,0.3010299956639812,0.44122472405433655
5289143682612922624,262609754,67,0,3.0,2.423202112312494,0.47712125471966244,0.38438963890075684
2659252645113464320,262623409,42,0,1.0,2.8982084790596474,0.0,0.4621296226978302
2659235357870273024,262626092,42,4,1.0,2.6471784932065106,0.0,0.422783225774765
2561673084092908160,262845086,43,2,1.0,2.3212934568012566,0.0,0.36573004722595215
5785561435822530688,262869616,66,0,2.0,2.446899570142923,0.3010299956639812,0.388616144657135
216227109157115648,26391844,42,4,2.0,2.839328805572166,0.3010299956639812,0.45321568846702576
216227109157115648,26391844,43,4,2.0,2.6552298854657517,0.3010299956639812,0.42410212755203247
216227109157115648,26391844,58,4,2.0,2.770208468701688,0.3010299956639812,0.4425124526023865
5890753839256421504,264137167,11,1,3.0,2.5009349898931674,0.47712125471966244,0.39810240268707275
458316720378428288,264615360,18,0,5.0,2.985584170993678,0.6989700043360189,0.475029319524765
168099148748337280,26500261,58,2,1.0,2.4030554875075607,0.0,0.38076379895210266
6347713968430779648,265143793,66,2,61.0,2.8980463947841284,1.7853298350107671,0.46210533380508423
6347713968430779648,265143793,67,2,63.0,2.5133239394650326,1.7993405494535817,0.4002484679222107
6347492932234149120,265179710,12,4,3.0,2.4757252576573574,0.47712125471966244,0.3937024474143982
6347492932234149120,265179710,13,4,3.0,2.718537270080329,0.47712125471966244,0.43433529138565063
6347492932234149120,265179710,27,4,1.0,2.6938262820508547,0.0,0.4303695857524872
6347492932234149120,265179710,39,4,3.0,2.602294758859711,0.47712125471966244,0.41535648703575134
6347492932234149120,265179710,66,4,2.0,2.7181365848278327,0.3010299956639812,0.43427127599716187
6347492932234149120,265179710,67,4,3.0,2.7390815575079044,0.47712125471966244,0.43760496377944946
6368539474575610880,265368974,13,4,5.0,2.7124948436493996,0.6989700043360189,0.4333689212799072
252068645605801600,265684496,59,0,2.0,2.6982137296321302,0.3010299956639812,0.4310763478279114
252173752044912000,265884222,59,1,10.0,2.518998053115576,1.0,0.40122783184051514
5885861360428778112,266271836,12,0,11.0,2.7096739031452657,1.0413926851582251,0.4329170286655426
5885861360428778112,266271836,39,0,11.0,2.757546909938021,1.0413926851582251,0.4405229091644287
216796896699976576,26648243,43,0,3.0,2.4101869067733843,0.47712125471966244,0.3820507228374481
247179456693727744,266962604,59,1,4.0,2.2885564123282753,0.6020599913279624,0.35956162214279175
275029678210654336,267055669,19,2,1.0,2.3872704027293046,0.0,0.3779016137123108
274848568032380032,267227572,59,3,2.0,2.5283798063641965,0.3010299956639812,0.40284231305122375
271704617611080192,267506506,59,0,1.0,2.7382879076986306,0.0,0.4374791085720062
5343898988034171904,267637094,64,2,3.0,2.368048225079129,0.47712125471966244,0.37439054250717163
5341813867326388224,267845661,10,4,4.0,2.665540242010452,0.6020599913279624,0.42578524351119995
5341813867326388224,267845661,11,4,3.0,2.6848061726684502,0.47712125471966244,0.4289129376411438
152466120624336896,268018471,44,0,1.0,2.368415993652713,0.0,0.374457985162735
152889226442871296,268147335,19,2,1.0,2.4675510951181834,0.0,0.3922661542892456
152692791818308480,268147623,44,1,1.0,2.4913799758494486,0.0,0.39643996953964233
151373820245230080,268148957,43,2,3.0,2.421384458007587,0.47712125471966244,0.3840637505054474
151373820245230080,268148957,44,2,2.0,2.326989891872442,0.3010299956639812,0.36679449677467346
151374198202645376,268148974,43,3,2.0,2.5493108471041697,0.3010299956639812,0.40642279386520386
151374198202645376,268148974,44,3,4.0,2.476903216448031,0.6020599913279624,0.3939090371131897
151327159721125888,268148996,43,1,1.0,2.4797134102434386,0.0,0.394401490688324
151327159721125888,268148996,44,1,1.0,2.490773126037571,0.0,0.396334171295166
149369139966814976,268217504,43,3,3.0,2.4929822566252606,0.47712125471966244,0.39671918749809265
151106780654065792,268279773,43,0,4.0,2.637582888787572,0.6020599913279624,0.42120611667633057
151106780654065792,268279773,44,0,7.0,2.778679819313706,0.8450980400142568,0.443838506937027
147869784062378624,268280825,43,2,3.0,2.640584986967556,0.47712125471966244,0.4217001497745514
151793082068521856,268283585,43,1,3.0,1.8372122046483146,0.47712125471966244,0.26415932178497314
151793082068521856,268283585,44,1,6.0,2.2514151604754558,0.7781512503836436,0.35245558619499207
146277553787186048,268324394,43,1,2.0,2.446699762925887,0.3010299956639812,0.38858067989349365
146277553787186048,268324394,44,1,1.0,2.3996819553986994,0.0,0.38015368580818176
147799209159857280,268324578,43,4,1.0,2.58846079577371,0.0,0.4130415916442871
147799209159857280,268324578,44,4,1.0,2.622854069488627,0.0,0.4187741279602051
147806733942555008,268324608,43,1,7.0,2.360912523879715,0.8450980400142568,0.37307989597320557
151028990206478080,268325250,43,3,2.0,2.536634840529908,0.3010299956639812,0.40425795316696167
151028990206478080,268325250,44,3,4.0,2.4037839762005673,0.6020599913279624,0.3808954358100891
151795487250202240,268326359,43,2,1.0,2.479365619738084,0.0,0.3943405747413635
151795487250202240,268326359,44,2,1.0,2.3642919067191857,0.0,0.3737010955810547
159114317681899264,268328695,59,4,7.0,2.6525565978939256,0.8450980400142568,0.4236646592617035
147796013704188928,268397430,43,0,16.0,2.7701217852298226,1.2041199826559248,0.4424988627433777
147796013704188928,268397430,44,0,27.0,2.621324450477652,1.4313637641589874,0.4185207784175873
147796013704189440,268397434,43,2,1.0,2.4203117929816216,0.0,0.38387131690979004
147796013704189440,268397434,44,2,34.0,2.377428280406708,1.5314789170422551,0.37610742449760437
147801339463632000,268397898,43,0,4.0,2.508278046885236,0.6020599913279624,0.39937567710876465
147790202612482560,268444803,43,3,2.0,2.4810803727110913,0.3010299956639812,0.39464083313941956
147790202612482560,268444803,44,3,7.0,2.5546435082058587,0.8450980400142568,0.40733030438423157
147790206908395776,268444804,43,4,5.0,2.7235545601567375,0.6989700043360189,0.435136079788208
147790206908395776,268444804,44,4,4.0,2.428076691365928,0.6020599913279624,0.3852623999118805
147605282796916992,268511204,43,1,3.0,2.5379610777529766,0.47712125471966244,0.40448495745658875
147605282796916992,268511204,44,1,3.0,2.551441103727178,0.47712125471966244,0.4067855477333069
147606657186323712,268511247,43,2,5.0,2.362545515682348,0.6989700043360189,0.373380184173584
147606657186323712,268511247,44,2,4.0,2.3567153024649095,0.6020599913279624,0.3723071217536926
151574107455728256,268513263,43,0,1.0,2.87262985193246,0.0,0.45827966928482056
151574107455728256,268513263,44,0,3.0,2.775701856301652,0.47712125471966244,0.44337281584739685
5342369292491441664,268539465,64,1,9.0,2.338308557186272,0.9542425094393249,0.3689018189907074
5885915442658792576,269155561,12,3,1.0,2.510783185136265,0.0,0.39980921149253845
4622912654918835200,269797536,2,0,15.0,2.703637447845468,1.1760912590556813,0.4319484531879425
4622912654918835200,269797536,5,0,12.0,2.5511287694766773,1.0791812460476249,0.40673238039016724
4622912654918835200,269797536,8,0,9.0,2.458899687874186,0.9542425094393249,0.3907408118247986
4622912654918835200,269797536,11,0,3.0,2.350330877386398,0.47712125471966244,0.37112900614738464
4622912654918835200,269797536,12,0,11.0,2.518851299547857,1.0413926851582251,0.401202529668808
4622912654918835200,269797536,13,0,15.0,2.7760561629271074,1.1760912590556813,0.44342824816703796
4622912654918835200,269797536,27,0,10.0,2.563510397408236,1.0,0.4088350832462311
4622912654918835200,269797536,28,0,12.0,2.7217663581335474,1.0791812460476249,0.4348508417606354
4622912654918835200,269797536,29,0,6.0,2.8375796678067764,0.7781512503836436,0.45294806361198425
4622912654918835200,269797536,32,0,18.0,2.7686345218243344,1.255272505103306,0.4422656297683716
4622912654918835200,269797536,35,0,6.0,2.625480126332351,0.7781512503836436,0.41920873522758484
4622912654918835200,269797536,38,0,7.0,2.363399898875124,0.8450980400142568,0.37353721261024475
4622912654918835200,269797536,39,0,9.0,2.764595427344769,0.9542425094393249,0.44163158535957336
4622912654918835200,269797536,61,0,7.0,2.318083859272333,0.8450980400142568,0.36512914299964905
4622912654918835200,269797536,62,0,17.0,2.547357693220726,1.2304489213782739,0.4060899317264557
4622912654918835200,269797536,65,0,12.0,2.550417756430666,1.0791812460476249,0.4066113233566284
4622912654918835200,269797536,66,0,6.0,2.616729631007218,0.7781512503836436,0.41775885224342346
4622912654918835200,269797536,67,0,14.0,2.3032355974670504,1.146128035678238,0.3623383641242981
136887655766542848,269911083,58,1,1.0,2.244667726649246,0.0,0.35115206241607666
136858106391499264,269950929,58,0,2.0,2.643627147106279,0.3010299956639812,0.42220020294189453
123135926398673024,270008038,58,0,1.0,2.2838103788320705,0.0,0.3586600422859192
123235054244013696,270058235,58,1,1.0,2.52716644098385,0.0,0.4026338458061218
5985860706051315456,270107026,12,2,2.0,2.5221846603227918,0.3010299956639812,0.40177688002586365
5985860706051315456,270107026,39,2,2.0,2.41659014364792,0.3010299956639812,0.38320299983024597
176490587130871808,270162456,59,1,2.0,2.4958613890309804,0.3010299956639812,0.3972204625606537
2515008917256894976,270415740,42,3,1.0,2.3635221873675674,0.0,0.3735596835613251
2513568007268649728,270432631,31,2,1.0,2.6306096121842755,0.0,0.42005640268325806
2314824374241137408,270481449,29,1,1.0,2.488654755722463,0.0,0.395964652299881
2326686352358040064,270621895,29,4,1.0,2.5224712943107788,0.0,0.40182623267173767
4792329460975742208,270623499,1,1,8.0,2.777432863718392,0.9030899869919435,0.44364356994628906
4792329460975742208,270623499,4,1,12.0,2.4455235818535916,1.0791812460476249,0.38837185502052307
4792329460975742208,270623499,5,1,9.0,2.4769433299292793,0.9542425094393249,0.3939160704612732
4792329460975742208,270623499,6,1,7.0,2.250845291427384,0.8450980400142568,0.35234564542770386
4792329460975742208,270623499,7,1,15.0,2.4528192393689547,1.1760912590556813,0.38966554403305054
4792329460975742208,270623499,11,1,8.0,2.1858834288639413,0.9030899869919435,0.3396269977092743
4792329460975742208,270623499,31,1,12.0,2.3612362449367605,1.0791812460476249,0.3731394410133362
4792329460975742208,270623499,32,1,16.0,2.5428581511141486,1.2041199826559248,0.4053221344947815
4792329460975742208,270623499,33,1,13.0,2.201889351674429,1.1139433523068367,0.3427954912185669
4792329460975742208,270623499,34,1,8.0,2.4235099270698583,0.9030899869919435,0.38444480299949646
4792329460975742208,270623499,61,1,5.0,2.804763468219272,0.6989700043360189,0.44789624214172363
4792329460975742208,270623499,65,1,7.0,2.4761882516514393,0.8450980400142568,0.39378365874290466
4792329460975742208,270623499,67,1,14.0,2.488082034165397,1.146128035678238,0.39586469531059265
4794623282749449472,270625535,5,2,18.0,2.6222990498631056,1.255272505103306,0.4186822175979614
4794623282749449472,270625535,6,2,19.0,2.318415389940659,1.2787536009528289,0.365191251039505
4794623282749449472,270625535,7,2,11.0,2.4724037565240438,1.0413926851582251,0.3931193947792053
4794623282749449472,270625535,32,2,14.0,2.3764036256796626,1.146128035678238,0.37592020630836487
4794623282749449472,270625535,33,2,14.0,2.3878907065232817,1.146128035678238,0.3780144453048706
4792137974154287104,270676943,1,2,7.0,2.3969435434077506,0.8450980400142568,0.3796578049659729
4792137974154287104,270676943,4,2,2.0,2.4539327492922953,0.3010299956639812,0.38986265659332275
4792137974154287104,270676943,5,2,15.0,2.3716607775484997,1.1760912590556813,0.3750525712966919
4792137974154287104,270676943,6,2,6.0,2.4616164802160894,0.7781512503836436,0.3912203907966614
4792137974154287104,270676943,7,2,12.0,2.314996094547172,1.0791812460476249,0.36455026268959045
4792137974154287104,270676943,8,2,9.0,2.973513466089601,0.9542425094393249,0.47326990962028503
4792137974154287104,270676943,11,2,5.0,2.3568220423397426,0.6989700043360189,0.3723267912864685
4792137974154287104,270676943,27,2,7.0,2.3573089021631772,0.8450980400142568,0.37241649627685547
4792137974154287104,270676943,28,2,10.0,2.4963560714590907,1.0,0.39730653166770935
4792137974154287104,270676943,31,2,10.0,2.478571703598459,1.0,0.39420148730278015
4792137974154287104,270676943,32,2,10.0,2.3724810116398123,1.0,0.3752027451992035
4792137974154287104,270676943,33,2,8.0,2.3551700568226117,0.9030899869919435,0.37202227115631104
4792137974154287104,270676943,34,2,10.0,2.359862923104007,1.0,0.3728867769241333
4792137974154287104,270676943,37,2,5.0,2.426338796260993,0.6989700043360189,0.3849514424800873
4792137974154287104,270676943,38,2,7.0,2.3812443599241337,0.8450980400142568,0.3768039643764496
4792137974154287104,270676943,61,2,9.0,2.5114967639483163,0.9542425094393249,0.3999326229095459
4792137974154287104,270676943,64,2,4.0,2.4874993732000807,0.6020599913279624,0.39576297998428345
4792137974154287104,270676943,65,2,3.0,2.5198491849317617,0.47712125471966244,0.40137454867362976
4792137974154287104,270676943,66,2,4.0,2.365978540882351,0.6020599913279624,0.3740108013153076
4792137974154287104,270676943,67,2,3.0,2.5465814991379503,0.47712125471966244,0.40595757961273193
3418414193726125184,27092236,44,4,1.0,2.730405454212138,0.0,0.43622714281082153
6071578628205554816,271106312,10,4,5.0,2.643341438653677,0.6989700043360189,0.4221532642841339
6071578628205554816,271106312,11,4,1.0,2.561843273183061,0.0,0.4085525572299957
5211779639299317632,271597463,7,3,1.0,2.535058952973709,0.0,0.4039880633354187
5211779639299317632,271597463,8,3,1.0,2.3646177138032756,0.0,0.3737609386444092
5211779639299317632,271597463,9,3,1.0,2.44270821648563,0.0,0.3878715932369232
6072797338079356672,271948049,10,4,3.0,2.6959272587978376,0.47712125471966244,0.4307081699371338
6072797338079356672,271948049,11,4,2.0,2.618630850261799,0.3010299956639812,0.41807428002357483
6072797338079356672,271948049,37,4,9.0,2.739351296695584,0.9542425094393249,0.4376477301120758
6072797338079356672,271948049,38,4,1.0,2.308210797941173,0.0,0.3632754683494568
6072797338079356672,271948049,64,4,4.0,2.7366248647828244,0.6020599913279624,0.43721526861190796
5415215579938528512,272011534,63,0,9.0,2.5952113912001837,0.9542425094393249,0.4141727387905121
6207141200664109184,272248916,11,3,11.0,2.4012440471850804,1.0413926851582251,0.3804363012313843
6207141200664109184,272248916,38,3,18.0,2.678477521273202,1.255272505103306,0.42788800597190857
2079702883620012416,272272903,41,0,1.0,2.5093778161385445,0.0,0.39956605434417725
5355751581627180288,272349442,9,2,29.0,2.371089760007486,1.462397997898956,0.37494799494743347
5355751581627180288,272349442,10,2,15.0,2.5629142935261844,1.1760912590556813,0.4087340831756592
5355751581627180288,272349442,36,2,21.0,2.4045864433826956,1.3222192947339193,0.38104039430618286
5355751581627180288,272349442,37,2,28.0,2.4818429036134138,1.4471580313422192,0.39477428793907166
5355751581627180288,272349442,63,2,29.0,2.476473567023704,1.462397997898956,0.3938336968421936
5355751581627180288,272349442,64,2,20.0,2.369793479838918,1.3010299956639813,0.3747105002403259
6074516458849906560,272407484,10,0,3.0,2.5878548056175177,0.47712125471966244,0.4129399061203003
6074516458849906560,272407484,11,0,7.0,2.833853978383574,0.8450980400142568,0.45237746834754944
6211201147349071104,272456799,11,3,4.0,2.391873431110397,0.6020599913279624,0.3787381947040558
5213934514587912320,272550631,6,0,4.0,2.581059051158949,0.6020599913279624,0.4117979407310486
5213934514587912320,272550631,9,0,8.0,2.8466293392746804,0.9030899869919435,0.4543309211730957
5213934514587912320,272550631,10,0,3.0,2.781298320940097,0.47712125471966244,0.4442475736141205
5213934514587912320,272550631,11,0,5.0,2.785434260778462,0.6989700043360189,0.44489291310310364
5213934514587912320,272550631,12,0,7.0,2.896897149200603,0.8450980400142568,0.46193307638168335
5213934514587912320,272550631,13,0,6.0,2.6320496428271736,0.7781512503836436,0.4202940762042999
5213934514587912320,272550631,27,0,5.0,2.750870852873926,0.6989700043360189,0.43947020173072815
5213934514587912320,272550631,29,0,1.0,2.627221113667772,0.0,0.41949662566185
5213934514587912320,272550631,30,0,5.0,2.629149621191133,0.6989700043360189,0.4198153018951416
5213934514587912320,272550631,36,0,8.0,2.8601418944601074,0.9030899869919435,0.45638757944107056
5213934514587912320,272550631,37,0,5.0,2.746763992510068,0.6989700043360189,0.43882134556770325
5213934514587912320,272550631,39,0,15.0,2.528830608505924,1.1760912590556813,0.402919739484787
5213934514587912320,272550631,61,0,4.0,2.4855331960519953,0.6020599913279624,0.39541956782341003
5213934514587912320,272550631,62,0,7.0,2.5930463691711316,0.8450980400142568,0.41381028294563293
5213934514587912320,272550631,63,0,3.0,2.4506039932320305,0.47712125471966244,0.38927313685417175
5213934514587912320,272550631,64,0,5.0,2.6659772634967522,0.6989700043360189,0.42585644125938416
5213934514587912320,272550631,65,0,4.0,2.8915950563792916,0.6020599913279624,0.46113747358322144
5213934514587912320,272550631,66,0,9.0,2.9370062164014636,0.9542425094393249,0.46790486574172974
6073105991611649024,273020657,64,4,3.0,2.8977463142079505,0.47712125471966244,0.4620603621006012
6058441766355347200,273033221,11,3,2.0,2.6783578678601865,0.3010299956639812,0.4278686046600342
6058441766355347200,273033221,37,3,3.0,2.4245319328759702,0.47712125471966244,0.38462790846824646
6058441766355347200,273033221,38,3,4.0,2.3429618767159868,0.6020599913279624,0.3697652220726013
6348023721472455552,273227122,66,0,1.0,2.4156656403264423,0.0,0.3830368220806122
6348023721472455552,273227122,67,0,2.0,2.4384231399765284,0.3010299956639812,0.38710907101631165
6125962401763825792,273310905,64,0,4.0,2.4326917917957074,0.6020599913279624,0.3860870897769928
6076435072302030976,273317891,10,2,2.0,2.376124295512714,0.3010299956639812,0.37586915493011475
6076435072302030976,273317891,11,2,1.0,2.4148419101972745,0.0,0.38288870453834534
6076435072302030976,273317891,64,2,1.0,2.385733445267041,0.0,0.37762191891670227
6127113865316332416,273392238,64,1,1.0,2.2177958987567084,0.0,0.3459215760231018
6061008546211404288,273456615,11,1,10.0,2.482672792531242,1.0,0.3949194848537445
6380815728057364992,273476207,67,1,3.0,2.261740812631717,0.47712125471966244,0.354442834854126
6074563978391541888,273817886,10,2,1.0,2.4051115576075444,0.0,0.3811352252960205
6074563978391541888,273817886,11,2,1.0,2.360576374066262,0.0,0.3730180561542511
6074563978391541888,273817886,37,2,5.0,2.429153464516911,0.6989700043360189,0.3854549527168274
5984404849554176896,275018323,12,0,2.0,2.712224398820726,0.3010299956639812,0.4333256185054779
6083750638577673088,275651537,11,4,5.0,2.7616384336486934,0.6989700043360189,0.44116681814193726
6083750638577673088,275651537,64,4,3.0,2.4886600498281286,0.47712125471966244,0.395965576171875
6088398892669867520,275701459,64,4,1.0,2.8275216727099854,0.0,0.45140594244003296
6107760364720372864,275771265,64,4,5.0,2.67925475526397,0.6989700043360189,0.42801401019096375
6107503285157801600,276071697,64,3,10.0,2.4577399045233785,1.0,0.3905359208583832
6202164153904129792,276130740,11,3,1.0,2.48434209750482,0.0,0.395211398601532
6360333338262148224,276877011,66,2,2.0,2.3564046522496405,0.3010299956639812,0.37224987149238586
6360333338262148224,276877011,67,2,1.0,2.3629101595798727,0.0,0.3734472095966339
4651039433708142720,276947628,3,3,1.0,2.417304156622883,0.0,0.383331298828125
4657094577352065280,277016043,5,3,1.0,2.3899041171865916,0.0,0.3783804774284363
4657094577352065280,277016043,6,3,1.0,2.495862759207011,0.0,0.3972207009792328
4657094577352065280,277016043,8,3,2.0,2.393494495465185,0.3010299956639812,0.3790324330329895
4657094577352065280,277016043,12,3,1.0,2.4839675779355974,0.0,0.3951459228992462
4657094577352065280,277016043,30,3,1.0,2.533317498056931,0.0,0.4036896228790283
4657094577352065280,277016043,36,3,1.0,2.3642021878515367,0.0,0.3736846148967743
4657094577352065280,277016043,38,3,1.0,2.3306336873638416,0.0,0.3674740195274353
4657094577352065280,277016043,39,3,1.0,2.5253619548279223,0.0,0.4023236334323883
6359481732146453888,277029277,27,4,1.0,2.58063152269673,0.0,0.4117259979248047
6359481732146453888,277029277,39,4,2.0,2.697782901698754,0.3010299956639812,0.4310069978237152
5201196599363180928,277671413,64,1,9.0,2.3741751169464047,0.9542425094393249,0.3755127489566803
5201196599363180928,277671413,66,1,25.0,2.3443141018911238,1.3979400086720377,0.37001579999923706
5208216951043609216,278024057,1,2,2.0,2.3733119525731756,0.3010299956639812,0.3753548264503479
5208216951043609216,278024057,4,2,4.0,2.362070055294952,0.6020599913279624,0.3732927739620209
5208216951043609216,278024057,7,2,2.0,2.4755531648992246,0.3010299956639812,0.39367225766181946
5208216951043609216,278024057,10,2,1.0,2.4560097662180436,0.0,0.39023008942604065
5208216951043609216,278024057,11,2,3.0,2.54226004579512,0.47712125471966244,0.4052199721336365
5208216951043609216,278024057,12,2,2.0,2.3589826227187314,0.3010299956639812,0.3727247416973114
5208216951043609216,278024057,13,2,2.0,2.3167718830629407,0.3010299956639812,0.36488327383995056
5208216951043609216,278024057,31,2,7.0,2.4606924814718942,0.8450980400142568,0.3910573422908783
5208216951043609216,278024057,34,2,2.0,2.451798601274608,0.3010299956639812,0.38948479294776917
5208216951043609216,278024057,37,2,1.0,2.3826675668771453,0.0,0.37706345319747925
5208216951043609216,278024057,38,2,1.0,2.4836149299718224,0.0,0.3950842618942261
5208216951043609216,278024057,61,2,2.0,2.3923227136844782,0.3010299956639812,0.3788197636604309
5208216951043609216,278024057,64,2,1.0,2.418795058533105,0.0,0.38359907269477844
5208216951043609216,278024057,66,2,2.0,2.446254033362047,0.3010299956639812,0.3885015547275543
5208216951043609216,278024057,67,2,3.0,2.3760474977018204,0.47712125471966244,0.37585511803627014
5194732226906088832,278271292,11,3,6.0,2.5456593224981745,0.7781512503836436,0.4058002829551697
5194732226906088832,278271292,12,3,4.0,2.383544274827824,0.6020599913279624,0.3772232234477997
5496780273059907584,278731274,4,4,5.0,2.777886133381127,0.6989700043360189,0.443714439868927
5496780273059907584,278731274,5,4,8.0,2.6436329522965023,0.9030899869919435,0.42220115661621094
5496780273059907584,278731274,6,4,7.0,2.7141992849096686,0.8450980400142568,0.4336417317390442
5496780273059907584,278731274,7,4,11.0,2.749257331529394,1.0413926851582251,0.43921539187431335
5496780273059907584,278731274,8,4,3.0,2.631443199072443,0.47712125471966244,0.42019400000572205
5496780273059907584,278731274,9,4,14.0,2.6967654433897277,1.146128035678238,0.43084317445755005
5496780273059907584,278731274,10,4,6.0,2.5491646016380285,0.7781512503836436,0.40639787912368774
5496780273059907584,278731274,11,4,5.0,2.698487221646154,0.6989700043360189,0.431120365858078
5496780273059907584,278731274,12,4,7.0,2.6292243155165185,0.8450980400142568,0.4198276400566101
5496780273059907584,278731274,13,4,8.0,2.6674320787191648,0.9030899869919435,0.42609336972236633
5496780273059907584,278731274,27,4,11.0,2.7130194308611935,1.0413926851582251,0.43345290422439575
5496780273059907584,278731274,28,4,5.0,2.7189809281386887,0.6989700043360189,0.4344061613082886
5496780273059907584,278731274,29,4,9.0,2.5909423588886296,0.9542425094393249,0.4134577512741089
5496780273059907584,278731274,30,4,10.0,2.5663491120852533,1.0,0.40931573510169983
5496780273059907584,278731274,31,4,13.0,2.6932723232483444,1.1139433523068367,0.43028026819229126
5496780273059907584,278731274,32,4,12.0,2.7056705079794834,1.0791812460476249,0.4322749078273773
5496780273059907584,278731274,33,4,16.0,2.5252921173621496,1.2041199826559248,0.40231162309646606
5496780273059907584,278731274,34,4,8.0,2.5460627118408508,0.9030899869919435,0.40586909651756287
5496780273059907584,278731274,35,4,6.0,2.6290516557637935,0.7781512503836436,0.4197991192340851
5496780273059907584,278731274,36,4,7.0,2.7204792287414636,0.8450980400142568,0.434645414352417
5496780273059907584,278731274,37,4,9.0,2.594460318010439,0.9542425094393249,0.4140470325946808
5496780273059907584,278731274,38,4,8.0,2.700561997042677,0.9030899869919435,0.4314541518688202
5496780273059907584,278731274,39,4,9.0,2.5378877570572893,0.9542425094393249,0.4044724106788635
5496780273059907584,278731274,61,4,9.0,2.670939705147409,0.9542425094393249,0.4266640841960907
5496780273059907584,278731274,62,4,9.0,2.6492472696186757,0.9542425094393249,0.42312249541282654
5496780273059907584,278731274,63,4,9.0,2.640321168237199,0.9542425094393249,0.4216567575931549
5496780273059907584,278731274,65,4,9.0,2.6999201283169723,0.9542425094393249,0.4313509166240692
5496780273059907584,278731274,66,4,9.0,2.6544975095122347,0.9542425094393249,0.42398232221603394
5496780273059907584,278731274,67,4,11.0,2.678790189293468,1.0413926851582251,0.42793869972229004
5497085250097903872,278779951,7,1,2.0,2.4988590768661125,0.3010299956639812,0.39774176478385925
5497164414935218432,278820988,7,3,1.0,2.497892301376045,0.0,0.39757370948791504
5497164414935218432,278820988,29,3,1.0,2.465838585753535,0.0,0.3919646441936493
5497164414935218432,278820988,39,3,1.0,2.477898086496444,0.0,0.3940834403038025
5497164414935218432,278820988,61,3,1.0,2.5067240764532497,0.0,0.39910653233528137
5483194157631839104,278823972,61,0,1.0,2.446211395317052,0.0,0.38849398493766785
5483194157631839104,278823972,62,0,1.0,2.483470067357442,0.0,0.39505892992019653
5483194157631839104,278823972,63,0,2.0,2.8693450378555085,0.3010299956639812,0.4577827751636505
5483194157631839104,278823972,65,0,3.0,2.641105453944582,0.47712125471966244,0.42178574204444885
5483194157631839104,278823972,67,0,1.0,2.370881337875746,0.0,0.37490981817245483
5496804462316135168,278825715,4,3,7.0,2.4923726220733267,0.8450980400142568,0.3966129720211029
5496804462316135168,278825715,5,3,7.0,2.431056691757822,0.8450980400142568,0.38579508662223816
5496804462316135168,278825715,6,3,8.0,2.2616385341607756,0.9030899869919435,0.3544231951236725
5496804462316135168,278825715,8,3,4.0,2.6055361385153435,0.6020599913279624,0.41589710116386414
5496804462316135168,278825715,9,3,11.0,2.467832028313382,1.0413926851582251,0.3923155963420868
5496804462316135168,278825715,10,3,4.0,2.3890049053702263,0.6020599913279624,0.37821704149246216
5496804462316135168,278825715,11,3,9.0,2.631475883514003,0.9542425094393249,0.4201993942260742
5496804462316135168,278825715,12,3,3.0,2.4875038113555594,0.47712125471966244,0.3957637548446655
5496804462316135168,278825715,13,3,7.0,2.4321878608668617,0.8450980400142568,0.38599711656570435
5496804462316135168,278825715,27,3,6.0,2.3726360073493886,0.7781512503836436,0.3752311170101166
5496804462316135168,278825715,28,3,5.0,2.4282204890370545,0.6989700043360189,0.3852881193161011
5496804462316135168,278825715,29,3,6.0,2.363845455189953,0.7781512503836436,0.37361907958984375
5496804462316135168,278825715,30,3,4.0,2.4618028082221146,0.6020599913279624,0.391253262758255
5496804462316135168,278825715,31,3,1.0,2.4779462080777352,0.0,0.3940918743610382
5496804462316135168,278825715,32,3,7.0,2.5099382158323555,0.8450980400142568,0.3996630311012268
5496804462316135168,278825715,33,3,3.0,2.49475710054857,0.47712125471966244,0.39702826738357544
5496804462316135168,278825715,34,3,5.0,2.488757736637628,0.6989700043360189,0.39598262310028076
5496804462316135168,278825715,35,3,9.0,2.402015666831488,0.9542425094393249,0.38057583570480347
5496804462316135168,278825715,36,3,9.0,2.4992902089043443,0.9542425094393249,0.3978166878223419
5496804462316135168,278825715,37,3,6.0,2.586495573745071,0.7781512503836436,0.4127117395401001
5496804462316135168,278825715,38,3,4.0,2.5068783807923922,0.6020599913279624,0.39913326501846313
5496804462316135168,278825715,39,3,3.0,2.367803348564036,0.47712125471966244,0.3743456304073334
5496804462316135168,278825715,61,3,1.0,2.6025597786454884,0.0,0.4154007136821747
5496804462316135168,278825715,62,3,6.0,2.434845732686998,0.7781512503836436,0.3864714503288269
5496804462316135168,278825715,63,3,2.0,2.500509751393426,0.3010299956639812,0.39802855253219604
5496804462316135168,278825715,65,3,3.0,2.347474477598811,0.47712125471966244,0.3706008791923523
5496804462316135168,278825715,66,3,6.0,2.451658790954192,0.7781512503836436,0.389460027217865
5496804462316135168,278825715,67,3,6.0,2.3441274973101436,0.7781512503836436,0.36998122930526733
5483197967266425344,278863889,61,0,1.0,2.466600156076489,0.0,0.3920987546443939
5483197967266425344,278863889,63,0,3.0,2.8818854393200843,0.47712125471966244,0.45967671275138855
5483197967266425344,278863889,64,0,5.0,2.3133742201615073,0.6989700043360189,0.3642458915710449
5483197967266425344,278863889,65,0,5.0,2.752067356827659,0.6989700043360189,0.439659059047699
5483197967266425344,278863889,66,0,3.0,2.5499302091723375,0.47712125471966244,0.4065282940864563
5483197967266425344,278863889,67,0,4.0,2.7623349714995498,0.6020599913279624,0.44127634167671204
5483627257836618368,278864459,27,0,6.0,2.4533627993851237,0.7781512503836436,0.3897617757320404
5483627257836618368,278864459,28,0,2.0,2.2251866832466165,0.3010299956639812,0.34736645221710205
5483627257836618368,278864459,29,0,4.0,2.5964036185989086,0.6020599913279624,0.41437220573425293
5483627257836618368,278864459,31,0,2.0,2.6052593737575664,0.3010299956639812,0.415850967168808
5483627257836618368,278864459,32,0,4.0,2.5366015933914987,0.6020599913279624,0.4042522609233856
5483627257836618368,278864459,33,0,2.0,3.2078735546817274,0.3010299956639812,0.5062172412872314
5483627257836618368,278864459,36,0,6.0,3.158063017396983,0.7781512503836436,0.49942079186439514
5483627257836618368,278864459,37,0,2.0,2.5646375514560686,0.3010299956639812,0.40902599692344666
5483627257836618368,278864459,38,0,5.0,2.740157100960856,0.6989700043360189,0.43777546286582947
5483627257836618368,278864459,39,0,4.0,2.5495468517990014,0.6020599913279624,0.40646299719810486
5498353330602152064,278901586,61,4,1.0,2.6643062124435155,0.0,0.4255841374397278
5497492069400296832,278987013,61,3,1.0,2.5668598789839874,0.0,0.40940216183662415
5497492069400296832,278987013,62,3,1.0,2.3122733973443013,0.0,0.36403918266296387
5497492069400296832,278987013,67,3,1.0,2.4438439685294715,0.0,0.38807347416877747
5484469384961133952,278991580,3,1,1.0,2.4676315278166183,0.0,0.39228031039237976
5484469384961133952,278991580,4,1,1.0,2.5320993304634873,0.0,0.40348073840141296
5484469384961133952,278991580,8,1,2.0,2.5351782935685963,0.3010299956639812,0.40400850772857666
5484469384961133952,278991580,9,1,1.0,2.6182420154964547,0.0,0.41800978779792786
5484469384961133952,278991580,13,1,2.0,2.4315366943878414,0.3010299956639812,0.38588082790374756
5484469384961133952,278991580,61,1,2.0,2.419411267695622,0.3010299956639812,0.38370969891548157
5484469384961133952,278991580,62,1,1.0,2.5152565216903464,0.0,0.40058228373527527
5484469384961133952,278991580,63,1,1.0,1.9891929346948474,0.0,0.29867690801620483
5484469384961133952,278991580,64,1,1.0,2.0560054079280943,0.0,0.31302425265312195
5497498700829802624,278992974,62,2,1.0,2.3756734903442096,0.0,0.37578675150871277
5484070296600672896,279055353,61,4,1.0,2.669317931128969,0.0,0.4264003038406372
5484070296600672896,279055353,62,4,5.0,2.6821754411991954,0.6989700043360189,0.4284871816635132
5484070296600672896,279055353,63,4,2.0,2.571381952299837,0.3010299956639812,0.41016659140586853
5484070296600672896,279055353,64,4,4.0,2.7555251671734955,0.6020599913279624,0.440204381942749
5484070296600672896,279055353,65,4,2.0,2.711259914006654,0.3010299956639812,0.4331711530685425
5484070296600672896,279055353,66,4,1.0,2.6390287287548038,0.0,0.4214441180229187
5485188873586165376,279056341,7,1,3.0,2.353630346687325,0.47712125471966244,0.3717382550239563
5483768819959044736,279158584,62,0,1.0,2.8087199657565396,0.0,0.44850844144821167
5483768819959044736,279158584,64,0,1.0,2.4532077487751405,0.0,0.38973432779312134
5483768819959044736,279158584,65,0,1.0,2.4775736728035618,0.0,0.39402657747268677
5483768819959044736,279158584,66,0,1.0,2.1625385503498324,0.0,0.334963858127594
5485217396465653504,279213450,61,4,1.0,2.714251436761302,0.0,0.43365007638931274
5485217396465653504,279213450,62,4,5.0,2.606136254036971,0.6989700043360189,0.41599711775779724
5485217396465653504,279213450,63,4,3.0,2.7089809774231743,0.47712125471966244,0.43280595541000366
5485217396465653504,279213450,66,4,4.0,2.6120073550248777,0.6020599913279624,0.41697439551353455
5485217396465653504,279213450,67,4,1.0,2.553957979507693,0.0,0.4072137475013733
5485167574845066496,279215788,61,1,2.0,2.4853742362220594,0.3010299956639812,0.3953917920589447
5485167574845066496,279215788,62,1,2.0,2.434544330153031,0.3010299956639812,0.3864176869392395
5485167574845066496,279215788,63,1,2.0,2.493218008272618,0.3010299956639812,0.3967602550983429
5485167574845066496,279215788,66,1,3.0,2.503938427792274,0.47712125471966244,0.39862364530563354
5485167574845066496,279215788,67,1,2.0,2.4913269774393814,0.3010299956639812,0.39643073081970215
5484083245924897024,279216869,27,2,3.0,2.407217126035396,0.47712125471966244,0.3815152645111084
5484083245924897024,279216869,28,2,10.0,2.4831193643976097,1.0,0.39499759674072266
5484083245924897024,279216869,29,2,2.0,2.3878140199871027,0.3010299956639812,0.37800049781799316
5484083245924897024,279216869,30,2,6.0,2.3799537971350118,0.7781512503836436,0.3765685260295868
5484083245924897024,279216869,31,2,4.0,2.325832473767599,0.6020599913279624,0.36657842993736267
5484083245924897024,279216869,32,2,5.0,2.799173379016692,0.6989700043360189,0.44702979922294617
5484083245924897024,279216869,33,2,8.0,2.536993798117461,0.9030899869919435,0.4043194055557251
5484083245924897024,279216869,34,2,7.0,2.3544663182842456,0.8450980400142568,0.3718924820423126
5484083245924897024,279216869,35,2,5.0,2.4320326464690787,0.6989700043360189,0.3859694004058838
5484083245924897024,279216869,36,2,6.0,2.3673719920200877,0.7781512503836436,0.37426650524139404
5484083245924897024,279216869,37,2,5.0,2.5014502465623565,0.6989700043360189,0.3981918692588806
5484083245924897024,279216869,38,2,4.0,2.5438082901749524,0.6020599913279624,0.4054843783378601
5484083245924897024,279216869,39,2,10.0,2.387688016902837,1.0,0.377977579832077
5480620785027051136,279218051,4,2,1.0,2.6961368730268394,0.0,0.43074193596839905
5480620785027051136,279218051,7,2,2.0,2.6346115033623914,0.3010299956639812,0.4207165837287903
5480620785027051136,279218051,67,2,1.0,2.4330874649171528,0.0,0.38615772128105164
5484036830215159808,279219977,27,2,3.0,2.5375053395018234,0.47712125471966244,0.40440696477890015
5484036830215159808,279219977,28,2,1.0,2.46124690664858,0.0,0.3911551833152771
5484036830215159808,279219977,29,2,3.0,2.3498188523200163,0.47712125471966244,0.3710343837738037
5484036830215159808,279219977,34,2,2.0,2.579310068214864,0.3010299956639812,0.41150355339050293
5484036830215159808,279219977,35,2,2.0,2.325526692285395,0.3010299956639812,0.36652132868766785
5484036830215159808,279219977,36,2,2.0,2.426517458573348,0.3010299956639812,0.3849834203720093
5484036830215159808,279219977,37,2,1.0,2.470706190228373,0.0,0.3928211033344269
5484036830215159808,279219977,38,2,1.0,2.4706343038773957,0.0,0.3928084671497345
5484036830215159808,279219977,39,2,1.0,2.378052391151135,0.0,0.3762214183807373
5484036830215159808,279219977,61,2,3.0,2.342052201442179,0.47712125471966244,0.36959657073020935
5484036830215159808,279219977,64,2,4.0,2.421255852675601,0.6020599913279624,0.3840406835079193
5484036830215159808,279219977,67,2,3.0,2.3257665581805136,0.47712125471966244,0.36656612157821655
5485319341809870208,279246259,61,1,7.0,2.4734933977989266,0.8450980400142568,0.3933107554912567
5485319341809870208,279246259,62,1,10.0,2.491477256510214,1.0,0.39645692706108093
5485319341809870208,279246259,63,1,4.0,2.501528179363135,0.6020599913279624,0.39820539951324463
5485319341809870208,279246259,66,1,2.0,2.781392034444665,0.3010299956639812,0.44426220655441284
5485319341809870208,279246259,67,1,3.0,2.4724027385508243,0.47712125471966244,0.393119215965271
5480611297441954816,279251590,6,4,1.0,2.698904456833594,0.0,0.4311875104904175
5480611297441954816,279251590,10,4,1.0,2.381810958223269,0.0,0.3769072890281677
5480611297441954816,279251590,30,4,1.0,2.7045854870238384,0.0,0.43210071325302124
5480611297441954816,279251590,34,4,2.0,2.7166416250792,0.3010299956639812,0.4340323507785797
5480611297441954816,279251590,35,4,1.0,2.645912474176551,0.0,0.4225754737854004
5480611297441954816,279251590,36,4,1.0,2.642308248183579,0.0,0.4219834804534912
5480611297441954816,279251590,37,4,1.0,2.859668138516663,0.0,0.45631563663482666
5480611297441954816,279251590,64,4,1.0,2.643681571265075,0.0,0.42220914363861084
5480611297441954816,279251590,67,4,1.0,2.68772977481161,0.0,0.42938560247421265
5480450322068448512,279362204,4,1,1.0,2.52488058343518,0.0,0.4022408425807953
5480450322068448512,279362204,6,1,1.0,2.2840551893906094,0.0,0.35870659351348877
5480450322068448512,279362204,9,1,1.0,2.464595193201942,0.0,0.39174559712409973
5480450322068448512,279362204,11,1,1.0,2.315566950873005,0.0,0.36465734243392944
5480450322068448512,279362204,12,1,4.0,2.4499746276526793,0.6020599913279624,0.3891615867614746
5480450322068448512,279362204,13,1,1.0,2.4087318897702197,0.0,0.3817884624004364
5480450322068448512,279362204,31,1,1.0,2.284682538247118,0.0,0.3588258624076843
5480450322068448512,279362204,32,1,1.0,2.4083292698627115,0.0,0.3817158639431
5480450322068448512,279362204,36,1,2.0,2.4519873830935106,0.3010299956639812,0.38951823115348816
5480450322068448512,279362204,38,1,2.0,2.2695583623379343,0.3010299956639812,0.3559413552284241
5480450322068448512,279362204,39,1,3.0,2.3343615199423566,0.47712125471966244,0.3681681156158447
5480450322068448512,279362204,61,1,1.0,2.213377195728147,0.0,0.3450554311275482
5480450322068448512,279362204,63,1,1.0,2.065900080342252,0.0,0.3151093125343323
5480450322068448512,279362204,64,1,1.0,2.3146189903209993,0.0,0.36447951197624207
5114516020369038848,279403260,31,4,1.0,2.7524938208914405,0.0,0.4397263526916504
5484245599985272704,279426258,61,2,3.0,2.6847333997244607,0.47712125471966244,0.42890116572380066
5484245599985272704,279426258,63,2,3.0,2.552622857440618,0.47712125471966244,0.40698665380477905
5484245599985272704,279426258,66,2,1.0,2.5303534840079607,0.0,0.40318119525909424
5484245599985272704,279426258,67,2,1.0,2.4496537016799347,0.0,0.3891046941280365
5484160078596625408,279482019,62,1,2.0,2.39987446456519,0.3010299956639812,0.380188524723053
5484160078596625408,279482019,63,1,1.0,2.3536245322724527,0.0,0.37173718214035034
5484160078596625408,279482019,66,1,5.0,2.5558465639794967,0.6989700043360189,0.40753477811813354
5480870099288834560,279512574,13,0,1.0,2.730374351478983,0.0,0.4362221956253052
5491322675297755392,279514865,61,3,3.0,2.518198012870751,0.47712125471966244,0.4010898768901825
5491322675297755392,279514865,66,3,1.0,2.4855292731012244,0.0,0.3954188823699951
5491322675297755392,279514865,67,3,1.0,2.5489569684808893,0.0,0.40636250376701355
5491098168767496960,279516277,8,1,1.0,2.2791749086415085,0.0,0.3577776551246643
5480853636677533056,279569859,61,1,1.0,2.2495752298056666,0.0,0.35210052132606506
5480853636677533056,279569859,64,1,1.0,2.4733345290579085,0.0,0.39328286051750183
5480872744988273536,279572569,62,2,1.0,2.378024975788566,0.0,0.37621641159057617
5480872744988273536,279572569,63,2,6.0,2.3404759356290525,0.7781512503836436,0.36930418014526367
5480872744988273536,279572569,64,2,1.0,2.3772158753730257,0.0,0.3760686218738556
5480872744988273536,279572569,67,2,1.0,2.3565141271164287,0.0,0.37227004766464233
5483905674796611200,279572957,4,0,4.0,2.6119779594744386,0.6020599913279624,0.41696950793266296
5483905674796611200,279572957,5,0,4.0,2.504517205390562,0.6020599913279624,0.3987240195274353
5483905674796611200,279572957,6,0,5.0,2.2821746460354704,0.6989700043360189,0.35834887623786926
5483905674796611200,279572957,8,0,5.0,2.4370188057541484,0.6989700043360189,0.38685888051986694
5483905674796611200,279572957,9,0,4.0,2.6144693303261413,0.6020599913279624,0.4173835515975952
5483905674796611200,279572957,10,0,8.0,2.607451948947042,0.9030899869919435,0.41621631383895874
5483905674796611200,279572957,12,0,2.0,2.591662357504167,0.3010299956639812,0.41357842087745667
5483905674796611200,279572957,13,0,2.0,2.5648110849862085,0.3010299956639812,0.4090553820133209
5483905674796611200,279572957,27,0,5.0,2.573348405381403,0.6989700043360189,0.41049858927726746
5483905674796611200,279572957,28,0,4.0,2.5061528718230077,0.6020599913279624,0.39900755882263184
5483905674796611200,279572957,29,0,1.0,2.747639288652086,0.0,0.4389597177505493
5483905674796611200,279572957,30,0,6.0,2.6429984479000623,0.7781512503836436,0.4220969080924988
5483905674796611200,279572957,31,0,7.0,2.3888303164911218,0.8450980400142568,0.37818530201911926
5483905674796611200,279572957,32,0,5.0,2.6967537847312033,0.6989700043360189,0.4308412969112396
5483905674796611200,279572957,33,0,2.0,2.7201361219374545,0.3010299956639812,0.4345906376838684
5483905674796611200,279572957,34,0,2.0,2.3785302525160064,0.3010299956639812,0.3763086795806885
5483905674796611200,279572957,35,0,5.0,2.2998876147106406,0.6989700043360189,0.36170661449432373
5483905674796611200,279572957,36,0,2.0,2.816511130135253,0.3010299956639812,0.44971147179603577
5483905674796611200,279572957,37,0,4.0,2.6376972815136224,0.6020599913279624,0.4212249517440796
5483905674796611200,279572957,38,0,5.0,2.720361805927408,0.6989700043360189,0.43462666869163513
5483905674796611200,279572957,39,0,5.0,2.57173100270833,0.6989700043360189,0.4102255403995514
5483905674796611200,279572957,62,0,5.0,2.174784065154864,0.6989700043360189,0.3374161422252655
5483905674796611200,279572957,63,0,4.0,2.431759126065681,0.6020599913279624,0.38592055439949036
5483905674796611200,279572957,66,0,3.0,2.5716357061863153,0.47712125471966244,0.41020944714546204
5483905674796611200,279572957,67,0,4.0,2.7125393309629353,0.6020599913279624,0.4333760440349579
5491101501662087040,279574516,61,4,3.0,2.7127211967319598,0.47712125471966244,0.43340516090393066
5491101501662087040,279574516,62,4,2.0,2.7194765376212415,0.3010299956639812,0.4344853162765503
5491101501662087040,279574516,66,4,1.0,2.8624880835115527,0.0,0.45674368739128113
5491101501662087040,279574516,67,4,1.0,2.581366192778412,0.0,0.41184961795806885
5490256355177080320,279576672,67,3,2.0,2.4936758886556105,0.3010299956639812,0.39684000611305237
5479696714223465088,279615956,4,2,3.0,2.4900992686537746,0.47712125471966244,0.39621666073799133
5479696714223465088,279615956,5,2,2.0,2.4948608475895377,0.3010299956639812,0.3970463275909424
5479696714223465088,279615956,7,2,1.0,2.4219554551097158,0.0,0.3841661512851715
5479696714223465088,279615956,11,2,2.0,2.3764024841585742,0.3010299956639812,0.37591999769210815
5479696714223465088,279615956,12,2,2.0,2.4178992456250747,0.3010299956639812,0.38343819975852966
5479696714223465088,279615956,13,2,1.0,2.54352534060661,0.0,0.40543606877326965
5479696714223465088,279615956,28,2,1.0,2.368045950064641,0.0,0.3743901252746582
5479696714223465088,279615956,30,2,5.0,2.374030284102003,0.6989700043360189,0.37548625469207764
5479696714223465088,279615956,31,2,6.0,2.5631311544632926,0.7781512503836436,0.4087708294391632
5479696714223465088,279615956,32,2,3.0,2.384973111601534,0.47712125471966244,0.3774834871292114
5479696714223465088,279615956,33,2,2.0,2.5710622368811236,0.3010299956639812,0.410112589597702
5479696714223465088,279615956,35,2,1.0,2.435857809228111,0.0,0.3866519331932068
5479696714223465088,279615956,36,2,4.0,2.4814343636124265,0.6020599913279624,0.3947027921676636
5479696714223465088,279615956,37,2,2.0,2.3844703932722706,0.3010299956639812,0.3773919343948364
5479696714223465088,279615956,38,2,4.0,2.3695344389416,0.6020599913279624,0.37466302514076233
5479696714223465088,279615956,39,2,2.0,2.353438963076245,0.3010299956639812,0.3717029392719269
3015860275008838272,279640409,6,4,21.0,2.766370763436315,1.3222192947339193,0.44191038608551025
5995168724780802944,279883855,12,0,13.0,2.52171791128022,1.1139433523068367,0.40169650316238403
5995168724780802944,279883855,39,0,13.0,2.6506438436378503,1.1139433523068367,0.42335137724876404
253451144041592832,28019538,59,3,1.0,2.499962607760239,0.0,0.3979335129261017
5234888938486545408,280675564,10,0,7.0,2.512960570857811,0.8450980400142568,0.4001856744289398
5234888938486545408,280675564,11,0,10.0,2.646328117848385,1.0,0.4226436913013458
5234888938486545408,280675564,37,0,6.0,2.7511157001640996,0.7781512503836436,0.439508855342865
5234888938486545408,280675564,38,0,10.0,2.5611389402602907,1.0,0.40843313932418823
5234888938486545408,280675564,64,0,2.0,2.6380162317358136,0.3010299956639812,0.4212774634361267
5211227379520496896,280865190,4,2,1.0,2.3616295333756434,0.0,0.3732117712497711
5211227379520496896,280865190,5,2,1.0,2.361605548521688,0.0,0.37320736050605774
5211227379520496896,280865190,6,2,1.0,2.3912596410307994,0.0,0.3786267340183258
5211227379520496896,280865190,7,2,3.0,2.51141834824597,0.47712125471966244,0.3999190628528595
5211227379520496896,280865190,8,2,1.0,2.3638293961863304,0.0,0.37361612915992737
5211227379520496896,280865190,10,2,1.0,2.359880736507215,0.0,0.37289005517959595
5211227379520496896,280865190,13,2,2.0,2.371328955522193,0.3010299956639812,0.3749918043613434
5211227379520496896,280865190,27,2,2.0,2.3399703929880324,0.3010299956639812,0.3692103624343872
5211227379520496896,280865190,28,2,3.0,2.366039101596573,0.47712125471966244,0.3740219175815582
5211227379520496896,280865190,30,2,1.0,2.4279652248707384,0.0,0.3852424621582031
5211227379520496896,280865190,31,2,1.0,2.3762467532075244,0.0,0.3758915364742279
5211227379520496896,280865190,34,2,2.0,2.3626207421857686,0.3010299956639812,0.3733940124511719
5211227379520496896,280865190,37,2,1.0,2.3624732097061143,0.0,0.3733668923377991
5211227379520496896,280865190,38,2,1.0,2.376799440403455,0.0,0.3759925365447998
5287415735666649728,281631603,5,3,2.0,2.475549257700072,0.3010299956639812,0.39367157220840454
5287415735666649728,281631603,7,3,2.0,2.512591737338179,0.3010299956639812,0.40012192726135254
5287415735666649728,281631603,8,3,1.0,2.3141479346249687,0.0,0.36439111828804016
5287415735666649728,281631603,9,3,1.0,2.5323605032440217,0.0,0.40352553129196167
5287415735666649728,281631603,10,3,3.0,2.4862636550382313,0.47712125471966244,0.39554718136787415
5287415735666649728,281631603,11,3,1.0,2.3618069964514166,0.0,0.37324440479278564
5287415735666649728,281631603,12,3,1.0,2.3733243301419558,0.0,0.37535709142684937
5287415735666649728,281631603,27,3,2.0,2.604364201815041,0.3010299956639812,0.4157017171382904
5287415735666649728,281631603,28,3,1.0,2.3804900308636943,0.0,0.3766663670539856
5287415735666649728,281631603,29,3,2.0,2.430956598875993,0.3010299956639812,0.38577720522880554
5287415735666649728,281631603,30,3,4.0,2.4836186794693162,0.6020599913279624,0.3950849175453186
5287415735666649728,281631603,31,3,5.0,2.5155496184851347,0.6989700043360189,0.4006328880786896
5287415735666649728,281631603,34,3,1.0,2.4641556728941767,0.0,0.3916681408882141
5287415735666649728,281631603,35,3,1.0,2.4035014276586764,0.0,0.380844384431839
5287415735666649728,281631603,36,3,2.0,2.511129351512768,0.3010299956639812,0.39986908435821533
5287415735666649728,281631603,38,3,5.0,2.4985149448902058,0.6989700043360189,0.39768195152282715
5287415735666649728,281631603,39,3,3.0,2.504761266915692,0.47712125471966244,0.39876633882522583
5859820114746274944,281757097,11,0,4.0,2.3192670237735733,0.6020599913279624,0.36535075306892395
5859820114746274944,281757097,37,0,2.0,2.277911683736343,0.3010299956639812,0.3575368821620941
5219929494363272960,281925381,63,3,4.0,3.9055134927927915,0.6020599913279624,0.5916781425476074
5219929494363272960,281925381,64,3,3.0,2.399397913191947,0.47712125471966244,0.380102276802063
5219929494363272960,281925381,65,3,3.0,2.474463295454961,0.47712125471966244,0.3934810161590576
5219929494363272960,281925381,66,3,1.0,2.4949959306479634,0.0,0.3970698416233063
5216817330997074304,281975533,63,1,2.0,2.47421505509029,0.3010299956639812,0.3934374451637268
5216817330997074304,281975533,66,1,1.0,2.5074747006462075,0.0,0.3992365598678589
5217170892705584512,282050150,63,1,2.0,2.3435367343962707,0.3010299956639812,0.36987176537513733
5217170892705584512,282050150,64,1,1.0,2.493951581408264,0.0,0.39688801765441895
5217170892705584512,282050150,66,1,1.0,2.518739986878436,0.0,0.4011833369731903
5216440061069982592,282051790,10,3,3.0,2.4946405186754768,0.47712125471966244,0.3970079720020294
5216440061069982592,282051790,11,3,1.0,2.4140428124667674,0.0,0.3827449679374695
5216440061069982592,282051790,12,3,3.0,2.5045649845775024,0.47712125471966244,0.3987323045730591
5216440061069982592,282051790,33,3,4.0,2.363804577940776,0.6020599913279624,0.37361156940460205
5216440061069982592,282051790,37,3,3.0,2.4489657605952098,0.47712125471966244,0.38898271322250366
5216440061069982592,282051790,39,3,5.0,2.517129096816703,0.6989700043360189,0.4009054899215698
5216440061069982592,282051790,64,3,5.0,2.5717952416156558,0.6989700043360189,0.4102363884449005
5216440061069982592,282051790,66,3,3.0,2.536561384083798,0.47712125471966244,0.40424537658691406
5785197909789170176,282222672,12,3,1.0,2.524818036150277,0.0,0.40223008394241333
5785197909789170176,282222672,66,3,1.0,2.5352073467211467,0.0,0.4040134847164154
5785003742907637760,282222956,12,3,3.0,2.49365227393383,0.47712125471966244,0.39683589339256287
5771056197390268288,282278921,65,1,3.0,2.455886737111857,0.47712125471966244,0.39020833373069763
5771056197390268288,282278921,66,1,1.0,2.501616586250419,0.0,0.3982207477092743
5770118932446648960,282279817,65,0,2.0,2.4694261124660777,0.3010299956639812,0.392596036195755
5770118932446648960,282279817,66,0,1.0,2.729706477681318,0.0,0.43611595034599304
256926837732163584,28251010,59,3,1.0,2.4924495879088675,0.0,0.39662638306617737
125716102232827904,284081176,58,1,1.0,2.5208270533132278,0.0,0.4015430510044098
173005891184914176,284176105,59,4,1.0,2.5978771577504083,0.0,0.4146186113357544
5508539790438872448,284344578,61,3,3.0,2.4985783836941207,0.47712125471966244,0.3976929783821106
5508539790438872448,284344578,62,3,1.0,2.447266485544922,0.0,0.3886812627315521
5508721416016007936,284416022,61,4,1.0,2.5885341564953186,0.0,0.4130539000034332
5511674154493369600,284419333,61,4,4.0,2.7082413953064206,0.6020599913279624,0.432687371969223
5560214431763466368,284422031,7,1,1.0,2.3142049453696036,0.0,0.36440181732177734
5530457008552460416,284835795,61,2,1.0,2.645806076987368,0.0,0.4225580096244812
3446657108391160576,2850290,43,3,3.0,2.4709322050463314,0.47712125471966244,0.3928608298301697
3446657108391160576,2850290,44,3,2.0,2.471997448852998,0.3010299956639812,0.3930480182170868
3446657108391160576,2850290,45,3,4.0,2.762908064801882,0.6020599913279624,0.44136643409729004
453287657264888192,285511189,58,3,4.0,2.4039017558030387,0.6020599913279624,0.3809167146682739
3417723112010385024,285555777,43,4,1.0,2.685434128510248,0.0,0.42901450395584106
3417723112010385024,285555777,45,4,2.0,2.604034845961138,0.3010299956639812,0.4156467914581299
437648925424449408,285562993,58,1,1.0,2.366439848012218,0.0,0.37409546971321106
443512071181546880,285670920,59,3,1.0,2.4057360019511553,0.0,0.38124796748161316
3417709063174377344,285727064,43,4,2.0,2.8406945832496384,0.3010299956639812,0.4534245431423187
3417709063174377344,285727064,44,4,3.0,2.9430418107997776,0.47712125471966244,0.46879643201828003
3417708788296471040,285727096,43,0,2.0,2.3117799747561056,0.3010299956639812,0.36394649744033813
3417708788296471040,285727096,44,0,2.0,2.533428933411992,0.3010299956639812,0.40370872616767883
3417708788296471040,285727096,45,0,1.0,2.8390704574846968,0.0,0.4531761705875397
3416914803461557888,285727893,43,2,2.0,2.3537900872026185,0.3010299956639812,0.37176772952079773
3416914803461557888,285727893,44,2,2.0,2.3680183250631233,0.3010299956639812,0.3743850588798523
3416914803461557888,285727893,45,2,1.0,2.5950133631309438,0.0,0.41413959860801697
3416914803461558144,285727895,43,1,2.0,2.453083008329527,0.3010299956639812,0.38971224427223206
3416914803461558144,285727895,44,1,3.0,2.3446593595274776,0.47712125471966244,0.37007975578308105
3416914803461558144,285727895,45,1,2.0,2.3300256989878343,0.3010299956639812,0.3673607110977173
3417712018111853568,285731419,43,4,13.0,2.839212097906606,1.1139433523068367,0.4531978368759155
3417712018111853568,285731419,44,4,2.0,2.7597973873574677,0.3010299956639812,0.44087719917297363
3417712018111853568,285731419,45,4,11.0,2.9095210294719362,1.0413926851582251,0.46382150053977966
3417885431711520000,285732357,43,0,5.0,2.1307882603658386,0.6989700043360189,0.32854029536247253
3417885431711520000,285732357,44,0,4.0,2.6844355118073517,0.6020599913279624,0.42885297536849976
3417885431711520000,285732357,45,0,2.0,2.203671226049029,0.3010299956639812,0.34314680099487305
441995982085109120,285735539,59,1,1.0,2.4915341905394146,0.0,0.39646685123443604
441938429523471104,285736141,59,0,3.0,2.470767905651104,0.47712125471966244,0.392831951379776
442417954031852032,285873891,59,3,1.0,2.4239691442733275,0.0,0.3845270872116089
249764790788074624,285933491,59,0,4.0,2.4009985388934902,0.6020599913279624,0.3803918957710266
249672122574436096,285939698,59,3,3.0,2.4243174822020004,0.47712125471966244,0.3845894932746887
3416935213146235776,285963719,44,3,1.0,2.510925160993277,0.0,0.3998337686061859
514673700690854144,286122000,52,4,1.0,2.658890418257663,0.0,0.42470043897628784
514673700690854144,286122000,58,4,2.0,2.6625508816040466,0.3010299956639812,0.42529791593551636
3416833542680562304,286138401,45,2,1.0,2.3767518152011005,0.0,0.3759838342666626
5992785980013356416,28619282,39,4,2.0,2.6427583264478063,0.3010299956639812,0.42205744981765747
287272259145040896,287059551,59,4,2.0,2.6873083660554475,0.3010299956639812,0.42931750416755676
1101333488479920896,287172319,60,3,1.0,2.5374196691533792,0.0,0.4043923020362854
5490838129969482112,287324648,61,2,3.0,2.331716369625833,0.47712125471966244,0.3676757216453552
5490838129969482112,287324648,62,2,3.0,2.5959414831091077,0.47712125471966244,0.41429489850997925
4658442922197295232,287405060,2,2,1.0,2.4551756485376988,0.0,0.39008256793022156
4658442922197295232,287405060,3,2,1.0,2.48812301165138,0.0,0.3958718478679657
4658442922197295232,287405060,5,2,1.0,2.329141025112577,0.0,0.3671957850456238
4658442922197295232,287405060,9,2,1.0,2.476758915271038,0.0,0.39388373494148254
4658442922197295232,287405060,30,2,1.0,2.4084636342949475,0.0,0.38174009323120117
4658442922197295232,287405060,31,2,1.0,2.5558134158090673,0.0,0.40752914547920227
4658442922197295232,287405060,37,2,1.0,2.575405609640696,0.0,0.41084563732147217
4658442922197295232,287405060,61,2,1.0,2.375192943090192,0.0,0.37569889426231384
4658442922197295232,287405060,67,2,1.0,2.6643808085529352,0.0,0.42559629678726196
6059120375521329536,287485553,10,0,2.0,2.756212597616553,0.3010299956639812,0.4403127133846283
6059120375521329536,287485553,11,0,4.0,2.2106195799001416,0.6020599913279624,0.34451401233673096
5220833331577540608,287496443,63,0,2.0,2.6958599192917476,0.3010299956639812,0.43069732189178467
5220833331577540608,287496443,64,0,1.0,2.412521397824506,0.0,0.3824711740016937
5220833331577540608,287496443,65,0,1.0,2.5681629709735443,0.0,0.40962257981300354
5220835801180967296,287535518,62,4,1.0,2.7529568112895078,0.0,0.43979939818382263
5220835801180967296,287535518,63,4,5.0,2.6717847884149353,0.6989700043360189,0.426801472902298
5220835801180967296,287535518,64,4,2.0,2.6756524817394736,0.3010299956639812,0.4274297058582306
6088027047281877120,287602143,11,2,5.0,2.339701125305157,0.6989700043360189,0.36916038393974304
6075936134538464768,287664825,11,4,3.0,2.832593148146633,0.47712125471966244,0.45218420028686523
6086245121189346560,287671059,64,2,9.0,2.384147577000811,0.9542425094393249,0.3773331344127655
6088154010814701568,287752945,64,3,3.0,2.468881026553557,0.47712125471966244,0.3925001621246338
6071727753787733120,287794816,10,0,6.0,2.7390591900850034,0.7781512503836436,0.4376014173030853
6071727753787733120,287794816,11,0,2.0,2.765064248228463,0.3010299956639812,0.44170522689819336
6071727753787733120,287794816,64,0,5.0,2.741782026525715,0.6989700043360189,0.43803292512893677
5216534069313881472,287978226,63,4,2.0,2.617955098217073,0.3010299956639812,0.4179621934890747
5216534069313881472,287978226,64,4,2.0,2.7314637202947365,0.3010299956639812,0.43639543652534485
5216534069313881472,287978226,65,4,1.0,2.746972658302634,0.0,0.4388543367385864
5216534069313881472,287978226,66,4,2.0,2.864158428512314,0.3010299956639812,0.4569970369338989
5217124781937081984,288066833,10,0,2.0,2.6970428603070045,0.3010299956639812,0.4308878481388092
6076050346312676608,288093002,64,0,69.0,2.8823383495354657,1.8388490907372552,0.45974496006965637
111019720578786560,28832999,42,4,3.0,2.680975104289449,0.47712125471966244,0.42829278111457825
111019720578786560,28832999,43,4,1.0,2.7573141675481887,0.0,0.44048625230789185
117448530705462912,28873103,42,1,2.0,2.5130114427490353,0.3010299956639812,0.4001944661140442
246697015908283264,288748622,59,0,1.0,2.4559743736519284,0.0,0.39022383093833923
63004013433406208,28911340,42,4,7.0,2.4289267708472573,0.8450980400142568,0.3854144215583801
63004013433406208,28911340,43,4,5.0,2.798041645369782,0.6989700043360189,0.4468541741371155
2170284942179709824,289344994,56,3,5.0,2.4899571034255987,0.6989700043360189,0.39619186520576477
2168530022847665408,289785789,56,1,1.0,2.452618443854081,0.0,0.389629989862442
117179356515011584,28998082,42,2,1.0,2.3411650498256087,0.0,0.3694320321083069
117179356515011584,28998082,43,2,1.0,2.6498920025662223,0.0,0.4232281744480133
117179356515011584,28998082,44,2,1.0,2.5241632019465152,0.0,0.40211743116378784
63034902838166272,28998540,42,4,1.0,2.785663833146516,0.0,0.44492870569229126
63034902838166272,28998540,43,4,4.0,2.723796789186967,0.6020599913279624,0.43517470359802246
63034902838166272,28998540,44,4,7.0,2.5866244357771486,0.8450980400142568,0.41273337602615356
117517421980731776,28999668,42,2,3.0,2.4094134889093484,0.47712125471966244,0.38191133737564087
117517421980731776,28999668,43,2,3.0,2.5939474410873222,0.47712125471966244,0.41396117210388184
117215807902051200,29017469,43,0,2.0,2.774814764247134,0.3010299956639812,0.44323399662971497
117215807902051200,29017469,44,0,4.0,2.8500839169224643,0.6020599913279624,0.45485764741897583
118010205052095104,29056431,42,4,5.0,2.6208271252271023,0.6989700043360189,0.4184383749961853
118010205052095104,29056431,43,4,9.0,2.661101102525692,0.9542425094393249,0.4250613749027252
118010205052095104,29056431,58,4,11.0,2.78483279827169,1.0413926851582251,0.44479912519454956
117944577952339456,29059353,58,3,2.0,2.4828968351446385,0.3010299956639812,0.3949586749076843
5335755730084266624,290674357,10,4,5.0,2.7776739756724074,0.6989700043360189,0.4436812698841095
5335755730084266624,290674357,11,4,5.0,2.6226154182513226,0.6989700043360189,0.418734610080719
5335755730084266624,290674357,37,4,3.0,2.643598121346376,0.47712125471966244,0.4221954345703125
5335755730084266624,290674357,38,4,2.0,2.72931856767158,0.3010299956639812,0.4360542297363281
926393285761209984,29069620,20,3,3.0,2.4956716269170656,0.47712125471966244,0.3971874415874481
4795598309045006208,290716988,5,0,4.0,2.6131251690708712,0.6020599913279624,0.4171602129936218
4795598309045006208,290716988,6,0,3.0,2.433869484196843,0.47712125471966244,0.3862972855567932
4795598309045006208,290716988,31,0,8.0,2.5558530533541868,0.9030899869919435,0.4075358808040619
4795598309045006208,290716988,32,0,5.0,2.8979964786305557,0.6989700043360189,0.4620978534221649
4795598309045006208,290716988,33,0,3.0,2.6745448104519753,0.47712125471966244,0.42724987864494324
4794011228433961728,290717316,4,3,1.0,2.4728427116960368,0.0,0.3931964933872223
4794011228433961728,290717316,5,3,4.0,2.500628151944084,0.6020599913279624,0.39804911613464355
4794011228433961728,290717316,6,3,12.0,2.632576918173371,1.0791812460476249,0.4203810691833496
4794011228433961728,290717316,31,3,2.0,2.4939579136296497,0.3010299956639812,0.3968891203403473
4794011228433961728,290717316,32,3,5.0,2.435768884727444,0.6989700043360189,0.38663607835769653
4794011228433961728,290717316,33,3,5.0,2.529786963749565,0.6989700043360189,0.4030839502811432
117141354644522752,29106824,42,4,1.0,2.7119636582123396,0.0,0.43328386545181274
117141354644522752,29106824,43,4,1.0,2.5777078455087272,0.0,0.41123369336128235
117138193548596480,29106882,42,4,6.0,2.7354596650841763,0.7781512503836436,0.4370303153991699
117138193548596480,29106882,43,4,1.0,2.617132608639265,0.0,0.41782572865486145
117138193548596480,29106882,44,4,5.0,2.5631067061244797,0.6989700043360189,0.4087666869163513
68979034496030848,29107362,42,1,4.0,2.471587307007436,0.6020599913279624,0.39297595620155334
68979034496030848,29107362,43,1,5.0,2.4464993004860265,0.6989700043360189,0.38854509592056274
68979034496030848,29107362,44,1,2.0,2.486440246113522,0.3010299956639812,0.3955780267715454
5505718100004664192,291550810,62,2,2.0,2.692172876062148,0.3010299956639812,0.4301029443740845
5490938670862242176,291633913,8,0,1.0,2.227199384007569,0.0,0.34775909781455994
6017449090982143232,291866634,12,2,2.0,2.3752082643312513,0.3010299956639812,0.3757016956806183
5891343113106300544,291909020,11,0,4.0,2.8016248923511196,0.6020599913279624,0.447409987449646
5481705934284033152,293273183,2,3,2.0,2.528453893421977,0.3010299956639812,0.4028550386428833
5481705934284033152,293273183,4,3,1.0,2.47951415638789,0.0,0.394366592168808
5481705934284033152,293273183,5,3,1.0,2.4727912954454,0.0,0.3931874632835388
5481705934284033152,293273183,6,3,2.0,2.538011410763096,0.3010299956639812,0.4044935703277588
5481705934284033152,293273183,7,3,3.0,2.476000664936304,0.47712125471966244,0.39375075697898865
5481705934284033152,293273183,8,3,1.0,2.501045687319977,0.0,0.3981216251850128
5481705934284033152,293273183,9,3,1.0,2.4033505177900243,0.0,0.38081711530685425
5481705934284033152,293273183,11,3,1.0,2.472115686827014,0.0,0.393068790435791
5481705934284033152,293273183,12,3,1.0,2.470414758278333,0.0,0.39276987314224243
5481705934284033152,293273183,13,3,2.0,2.505424134255371,0.3010299956639812,0.3988812565803528
5481705934284033152,293273183,61,3,1.0,2.571118695874848,0.0,0.4101221263408661
5481705934284033152,293273183,63,3,3.0,2.38349111696175,0.47712125471966244,0.3772135376930237
5481705934284033152,293273183,64,3,2.0,2.5377134329823474,0.3010299956639812,0.40444257855415344
5481705934284033152,293273183,66,3,1.0,2.455533694651889,0.0,0.3901458978652954
5481705934284033152,293273183,67,3,1.0,2.4598292589859136,0.0,0.39090496301651
5555416163017823104,293692895,61,2,9.0,2.4864788077654927,0.9542425094393249,0.39558476209640503
5491506843495850240,293968698,7,1,5.0,2.383874861582928,0.6989700043360189,0.3772834539413452
5491506843495850240,293968698,8,1,4.0,2.697542430765127,0.6020599913279624,0.4309682846069336
5491506843495850240,293968698,9,1,4.0,2.509994193787793,0.6020599913279624,0.3996727168560028
5491506843495850240,293968698,33,1,6.0,2.603942462244999,0.7781512503836436,0.41563138365745544
5491506843495850240,293968698,34,1,5.0,2.586463802963385,0.6989700043360189,0.4127064049243927
5491506843495850240,293968698,35,1,5.0,2.488690960798956,0.6989700043360189,0.3959709703922272
5491506843495850240,293968698,36,1,7.0,2.4148793614464856,0.8450980400142568,0.38289543986320496
5491506843495850240,293968698,39,1,5.0,2.5022928735359824,0.6989700043360189,0.3983381390571594
5491506843495850240,293968698,61,1,8.0,2.251098617405809,0.9030899869919435,0.3523945212364197
5491506843495850240,293968698,62,1,2.0,2.5129424641619833,0.3010299956639812,0.4001825451850891
5491506843495850240,293968698,66,1,5.0,2.4583252104218873,0.6989700043360189,0.3906393349170685
5491436062434687744,293969029,61,0,10.0,2.4692900415172976,1.0,0.3925721049308777
5491436062434687744,293969029,62,0,17.0,2.723234237871508,1.2304489213782739,0.4350849986076355
5491436062434687744,293969029,66,0,6.0,2.3181856678689305,0.7781512503836436,0.3651482164859772
5490181210429412608,293970607,62,2,2.0,2.3874533968887035,0.3010299956639812,0.37793490290641785
5490181210429412608,293970607,67,2,1.0,2.3574944529511623,0.0,0.37245067954063416
5479723411740391168,293973056,63,0,2.0,2.4683096373372773,0.3010299956639812,0.3923996388912201
5479723411740391168,293973056,66,0,1.0,2.4601614785316253,0.0,0.390963613986969
5480524131083131776,293974254,61,4,2.0,2.621096010887595,0.3010299956639812,0.4184829294681549
5480524131083131776,293974254,62,4,5.0,2.6346868952556584,0.6989700043360189,0.42072901129722595
5480524131083131776,293974254,63,4,1.0,2.743031987836423,0.0,0.43823087215423584
5480524131083131776,293974254,64,4,4.0,2.634474827157523,0.6020599913279624,0.4206940531730652
5480524131083131776,293974254,67,4,2.0,2.7545004861254756,0.3010299956639812,0.4400428533554077
5486822511643776256,293974981,67,2,1.0,2.5074420077702486,0.0,0.3992308974266052
5486829039994165376,294098955,2,4,1.0,2.6227971943721706,0.0,0.41876471042633057
5486829039994165376,294098955,3,4,1.0,2.632283191640808,0.0,0.4203326106071472
5486829039994165376,294098955,5,4,1.0,2.624296517798795,0.0,0.4190129041671753
5486829039994165376,294098955,6,4,2.0,2.7944382440412934,0.3010299956639812,0.44629451632499695
5486829039994165376,294098955,8,4,1.0,2.5969034374902464,0.0,0.4144558012485504
5486829039994165376,294098955,9,4,1.0,2.629852084288382,0.0,0.4199313223361969
5486829039994165376,294098955,12,4,2.0,2.4347977797880094,0.3010299956639812,0.38646289706230164
5486829039994165376,294098955,13,4,4.0,2.423416298022283,0.6020599913279624,0.3844280242919922
5486829039994165376,294098955,27,4,1.0,2.6295135505171876,0.0,0.4198754131793976
5486829039994165376,294098955,29,4,1.0,2.682965899575656,0.0,0.42861515283584595
5486829039994165376,294098955,30,4,2.0,2.7387325337473936,0.3010299956639812,0.4375496208667755
5486829039994165376,294098955,31,4,3.0,2.5159430570892396,0.47712125471966244,0.40070080757141113
5486829039994165376,294098955,32,4,1.0,2.630055478144065,0.0,0.41996490955352783
5486829039994165376,294098955,33,4,5.0,2.715522016360892,0.6989700043360189,0.4338533282279968
5486829039994165376,294098955,34,4,4.0,2.610356697942481,0.6020599913279624,0.4166998565196991
5486829039994165376,294098955,36,4,2.0,2.7715963437932296,0.3010299956639812,0.44272997975349426
5486829039994165376,294098955,37,4,2.0,2.4521615396386953,0.3010299956639812,0.3895490765571594
5486829039994165376,294098955,39,4,3.0,2.5918099739274933,0.47712125471966244,0.41360315680503845
5486829039994165376,294098955,61,4,4.0,2.822548179546214,0.6020599913279624,0.45064136385917664
5486829039994165376,294098955,62,4,2.0,2.7524549113331593,0.3010299956639812,0.4397202134132385
5486829039994165376,294098955,63,4,2.0,2.737600251354611,0.3010299956639812,0.43737003207206726
5486829039994165376,294098955,67,4,2.0,2.6697704116215752,0.3010299956639812,0.4264739155769348
5810139540794248960,294149159,12,1,2.0,2.111320696443375,0.3010299956639812,0.3245542049407959
5491212311818226816,294157334,62,2,2.0,2.5015122149573075,0.3010299956639812,0.3982026278972626
5486570929639242624,294204998,63,4,3.0,2.6822115166669405,0.47712125471966244,0.42849302291870117
5486570929639242624,294204998,64,4,3.0,2.8415030946949797,0.47712125471966244,0.4535481333732605
5486572269669078144,294271993,62,3,1.0,2.518774728348118,0.0,0.40118932723999023
5486572269669078144,294271993,64,3,1.0,2.5165406697338,0.0,0.40080395340919495
5487037191289385600,294276278,61,4,1.0,2.684072085419111,0.0,0.42879417538642883
5487037191289385600,294276278,67,4,1.0,2.6587512053820355,0.0,0.42467769980430603
5486966341508992256,294325822,61,3,2.0,2.398437029567685,0.3010299956639812,0.379928320646286
5486966341508992256,294325822,66,3,3.0,2.5951086355406487,0.47712125471966244,0.4141555428504944
5486966341508992256,294325822,67,3,2.0,2.4812445065128332,0.3010299956639812,0.3946695625782013
5228603404155099392,294390041,10,1,2.0,2.4012414107210986,0.3010299956639812,0.3804358243942261
5228603404155099392,294390041,11,1,3.0,2.2813061053140586,0.47712125471966244,0.3581835627555847
4662589219211975296,294754396,1,3,4.0,2.44988132111017,0.6020599913279624,0.38914504647254944
4662589219211975296,294754396,2,3,5.0,2.336777785763848,0.6989700043360189,0.3686174154281616
4662589219211975296,294754396,3,3,3.0,2.4608603326275165,0.47712125471966244,0.39108696579933167
4662589219211975296,294754396,4,3,3.0,2.4395100257999074,0.47712125471966244,0.38730260729789734
4662589219211975296,294754396,5,3,5.0,2.496103579327842,0.6989700043360189,0.3972626030445099
4662589219211975296,294754396,6,3,7.0,2.5192931418206403,0.8450980400142568,0.40127870440483093
4662589219211975296,294754396,7,3,6.0,2.519527059183704,0.7781512503836436,0.4013190269470215
4662589219211975296,294754396,8,3,4.0,2.540332166699469,0.6020599913279624,0.4048905074596405
4662589219211975296,294754396,10,3,4.0,2.51038572989668,0.6020599913279624,0.39974045753479004
4662589219211975296,294754396,11,3,1.0,2.5509325296796557,0.0,0.40669897198677063
4662589219211975296,294754396,12,3,6.0,2.4892335877047578,0.7781512503836436,0.3960656523704529
4662589219211975296,294754396,13,3,8.0,2.3560429524075013,0.9030899869919435,0.3721832036972046
4662589219211975296,294754396,27,3,5.0,3.9084176091327043,0.6989700043360189,0.5920009613037109
4662589219211975296,294754396,28,3,5.0,2.5975192111882004,0.6989700043360189,0.4145587682723999
4662589219211975296,294754396,29,3,4.0,2.4163661147643363,0.6020599913279624,0.3831627368927002
4662589219211975296,294754396,30,3,7.0,2.516167684777585,0.8450980400142568,0.4007395803928375
4662589219211975296,294754396,31,3,5.0,2.6985785152662265,0.6989700043360189,0.43113505840301514
4662589219211975296,294754396,32,3,5.0,2.4586315816919826,0.6989700043360189,0.39069345593452454
4662589219211975296,294754396,33,3,6.0,2.2263429044661365,0.7781512503836436,0.3475920557975769
4662589219211975296,294754396,34,3,2.0,2.4966538188738623,0.3010299956639812,0.39735832810401917
4662589219211975296,294754396,35,3,2.0,3.522824224192575,0.3010299956639812,0.5468909740447998
4662589219211975296,294754396,36,3,3.0,2.4777598484243426,0.47712125471966244,0.3940592110157013
4662589219211975296,294754396,37,3,5.0,2.4650298863695337,0.6989700043360189,0.3918221890926361
4662589219211975296,294754396,38,3,1.0,2.4800197240802877,0.0,0.3944551348686218
4662589219211975296,294754396,39,3,3.0,2.430306595908148,0.47712125471966244,0.3856610655784607
4662589219211975296,294754396,62,3,3.0,2.500612193282106,0.47712125471966244,0.3980463445186615
4662589219211975296,294754396,63,3,3.0,2.524496141392052,0.47712125471966244,0.402174711227417
4662589219211975296,294754396,64,3,8.0,2.4334329384967464,0.9030899869919435,0.3862193822860718
4662589219211975296,294754396,65,3,4.0,2.4987066378715,0.6020599913279624,0.3977152705192566
4662589219211975296,294754396,66,3,2.0,2.554520271253124,0.3010299956639812,0.407309353351593
5981858685540705152,294993587,12,1,4.0,2.429556064610682,0.6020599913279624,0.3855269253253937
5981858685540705152,294993587,39,1,10.0,2.5041946337967333,1.0,0.3986680805683136
5236792880333011968,295777692,10,3,3.0,2.396706204777848,0.47712125471966244,0.37961480021476746
5236792880333011968,295777692,11,3,3.0,2.496000979579208,0.47712125471966244,0.39724475145339966
5236792880333011968,295777692,64,3,2.0,2.540400153831777,0.3010299956639812,0.4049021303653717
2084478371858053760,295802301,56,4,5.0,2.645858004091265,0.6989700043360189,0.4225665330886841
6011259699490841856,295911223,12,4,3.0,2.9155623633634344,0.47712125471966244,0.46472233533859253
6011259699490841856,295911223,38,4,7.0,2.6656450547809993,0.8450980400142568,0.4258023202419281
6011288183714670336,296264014,12,3,1.0,2.373012467659625,0.0,0.37530001997947693
6011288183714670336,296264014,38,3,2.0,2.490798251814147,0.3010299956639812,0.396338552236557
6008416877820091520,296700769,12,1,1.0,2.3443559290936666,0.0,0.37002354860305786
5236296171620605824,296790810,64,1,36.0,2.4747978310969554,1.5563025007672873,0.3935397267341614
5981630983552995328,297855749,12,0,5.0,2.445013301604774,0.6989700043360189,0.3882812261581421
5981630983552995328,297855749,39,0,9.0,2.7080622457082733,0.9542425094393249,0.4326586425304413
5410009942142844032,298801915,9,0,16.0,2.462156245141902,1.2041199826559248,0.39131560921669006
5410009942142844032,298801915,35,0,7.0,2.361156525722494,0.8450980400142568,0.37312477827072144
5410009942142844032,298801915,36,0,3.0,2.3926151127763493,0.47712125471966244,0.3788728415966034
5410009942142844032,298801915,62,0,15.0,2.649660709758204,1.1760912590556813,0.42319026589393616
5410009942142844032,298801915,63,0,15.0,2.6070551133682947,1.1760912590556813,0.41615021228790283
2132774072206249344,298963920,15,2,5.0,2.5793599822477646,0.6989700043360189,0.41151195764541626
2132774072206249344,298963920,26,2,2.0,2.380716288150972,0.3010299956639812,0.37670764327049255
2132774072206249344,298963920,40,2,6.0,2.3626971060215705,0.7781512503836436,0.3734080493450165
2132774072206249344,298963920,41,2,6.0,2.393149600993747,0.7781512503836436,0.37896984815597534
2132774072206249344,298963920,53,2,1.0,2.377085864143879,0.0,0.3760448694229126
2132774072206249344,298963920,54,2,5.0,2.475349489127045,0.6989700043360189,0.3936365246772766
2132774072206249344,298963920,55,2,7.0,2.5180701406030983,0.8450980400142568,0.4010678231716156
5282159520330090624,300011941,1,0,2.0,2.69954886283815,0.3010299956639812,0.4312911927700043
5282159520330090624,300011941,4,0,1.0,2.5387466651406747,0.0,0.40461936593055725
5282159520330090624,300011941,5,0,1.0,2.0743555916363996,0.0,0.3168832063674927
5282159520330090624,300011941,6,0,4.0,2.5050328562852284,0.6020599913279624,0.3988134264945984
5282159520330090624,300011941,7,0,2.0,2.904591255500439,0.3010299956639812,0.46308502554893494
5282159520330090624,300011941,8,0,1.0,2.7572886238481127,0.0,0.4404822289943695
5282159520330090624,300011941,10,0,1.0,2.8026599877540157,0.0,0.44757041335105896
5282159520330090624,300011941,11,0,2.0,2.791112212622092,0.3010299956639812,0.4457772970199585
5282159520330090624,300011941,12,0,1.0,2.5430431246473653,0.0,0.40535372495651245
5282159520330090624,300011941,13,0,5.0,2.555760800548324,0.6989700043360189,0.40752020478248596
5282159520330090624,300011941,27,0,3.0,2.578068900130614,0.47712125471966244,0.41129451990127563
5282159520330090624,300011941,28,0,1.0,2.7513571707609916,0.0,0.43954697251319885
5282159520330090624,300011941,29,0,2.0,2.7765452184477852,0.3010299956639812,0.4435047507286072
5282159520330090624,300011941,30,0,1.0,2.6558115577524775,0.0,0.424197256565094
5282159520330090624,300011941,31,0,1.0,2.5645256232785005,0.0,0.4090070426464081
5282159520330090624,300011941,32,0,1.0,2.56652223306369,0.0,0.40934503078460693
5282159520330090624,300011941,33,0,1.0,2.63531651082963,0.0,0.4208327829837799
5282159520330090624,300011941,34,0,4.0,2.724020533748509,0.6020599913279624,0.43521037697792053
5282159520330090624,300011941,36,0,3.0,2.3184599370216765,0.47712125471966244,0.36519959568977356
5282159520330090624,300011941,37,0,1.0,2.7399258263051487,0.0,0.4377388060092926
5282159520330090624,300011941,38,0,2.0,2.624324791371688,0.3010299956639812,0.41901758313179016
5282159520330090624,300011941,39,0,4.0,2.7403968574905373,0.6020599913279624,0.4378134608268738
5275255721179872128,300651179,4,2,3.0,2.408380502648844,0.47712125471966244,0.38172510266304016
5275255721179872128,300651179,6,2,1.0,2.402124623280811,0.0,0.38059553503990173
5275255721179872128,300651179,10,2,1.0,2.4458097276973323,0.0,0.3884226679801941
5275255721179872128,300651179,11,2,1.0,2.4009748132478723,0.0,0.3803876042366028
5275255721179872128,300651179,12,2,1.0,2.3693349333366402,0.0,0.3746264576911926
5274169506769902848,300866996,1,0,6.0,2.5809770466316326,0.7781512503836436,0.4117841422557831
5274169506769902848,300866996,2,0,12.0,2.554722397000566,1.0791812460476249,0.40734371542930603
5274169506769902848,300866996,3,0,10.0,2.7366558509221015,1.0,0.43722018599510193
5274169506769902848,300866996,4,0,8.0,2.5682151366085932,0.9030899869919435,0.4096314013004303
5274169506769902848,300866996,5,0,8.0,2.553961659942695,0.9030899869919435,0.40721437335014343
5274169506769902848,300866996,6,0,10.0,2.5573486796910827,1.0,0.407789945602417
5274169506769902848,300866996,7,0,8.0,2.899284829236248,0.9030899869919435,0.46229088306427
5274169506769902848,300866996,8,0,5.0,2.7131181048009343,0.6989700043360189,0.43346869945526123
5274169506769902848,300866996,9,0,9.0,2.406018813183012,0.9542425094393249,0.3812990188598633
5274169506769902848,300866996,11,0,2.0,2.6416760557908274,0.3010299956639812,0.4218795597553253
5274169506769902848,300866996,12,0,8.0,2.532278134469061,0.9030899869919435,0.4035114049911499
5274169506769902848,300866996,13,0,10.0,2.7282092733108354,1.0,0.4358776807785034
5274169506769902848,300866996,27,0,10.0,2.761140066766865,1.0,0.4410884380340576
5274169506769902848,300866996,28,0,7.0,2.260071256896413,0.8450980400142568,0.354122132062912
5274169506769902848,300866996,29,0,13.0,2.739943500264728,1.1139433523068367,0.43774160742759705
5274169506769902848,300866996,30,0,9.0,2.434732618825652,0.9542425094393249,0.38645127415657043
5274169506769902848,300866996,31,0,15.0,2.703632438538889,1.1760912590556813,0.43194764852523804
5274169506769902848,300866996,32,0,15.0,2.64406112021527,1.1760912590556813,0.4222714900970459
5274169506769902848,300866996,33,0,16.0,2.478387677922259,1.2041199826559248,0.39416924118995667
5274169506769902848,300866996,34,0,7.0,2.6352280807222126,0.8450980400142568,0.4208182096481323
5274169506769902848,300866996,35,0,7.0,2.663280910462195,0.8450980400142568,0.4254169762134552
5274169506769902848,300866996,36,0,10.0,2.7237706214328568,1.0,0.4351705312728882
5274169506769902848,300866996,37,0,10.0,2.7493352494573218,1.0,0.4392277002334595
5274169506769902848,300866996,38,0,12.0,2.656953770014724,1.0791812460476249,0.4243839979171753
5274169506769902848,300866996,39,0,13.0,2.4235175772051774,1.1139433523068367,0.3844461739063263
5274169506769902848,300866996,61,0,13.0,2.802439976352242,1.1139433523068367,0.44753631949424744
5274169506769902848,300866996,62,0,8.0,2.8766003597482097,0.9030899869919435,0.4588795304298401
5274169506769902848,300866996,63,0,11.0,2.4495612478333038,1.0413926851582251,0.38908830285072327
5274169506769902848,300866996,64,0,8.0,2.8335062948387226,0.9030899869919435,0.45232418179512024
5274169506769902848,300866996,65,0,14.0,2.3461381391536547,1.146128035678238,0.3703535795211792
5274169506769902848,300866996,66,0,15.0,2.5981978898145304,1.1760912590556813,0.41467222571372986
5274169506769902848,300866996,67,0,7.0,2.6782740585146056,0.8450980400142568,0.4278550148010254
2448500283527252608,300942493,42,0,2.0,2.8330064286690675,0.3010299956639812,0.4522475600242615
2545879114955390976,300943055,42,4,2.0,2.865154300487242,0.3010299956639812,0.457148015499115
6010385312871022208,301048970,12,3,3.0,2.501540710634782,0.47712125471966244,0.39820757508277893
4790875077673493760,301083701,32,0,4.0,2.78727768149184,0.6020599913279624,0.4451802372932434
455743279049438464,301091083,58,1,4.0,2.4697884400459955,0.6020599913279624,0.3926597535610199
438419648715329408,301641485,58,4,2.0,2.603500602490353,0.3010299956639812,0.4155576825141907
451158727875214848,301737360,58,3,10.0,2.491671829227417,1.0,0.39649084210395813
5804652977768972416,301953943,66,4,3.0,2.619962921120794,0.47712125471966244,0.41829514503479004
5220674555226952960,302041011,12,2,1.0,2.4456244423449935,0.0,0.3883897662162781
438223592047536640,302160226,58,3,5.0,2.5087810436917075,0.6989700043360189,0.3994627594947815
683040919806533760,302303144,46,1,4.0,2.464451101724884,0.6020599913279624,0.3917202055454254
438625910224539392,302313499,58,0,2.0,2.517819080569064,0.3010299956639812,0.4010245203971863
1115041920280912000,302363165,60,1,1.0,1.7667608406309108,0.0,0.24717776477336884
439076606913564672,302394696,58,1,1.0,2.4757363005428727,0.0,0.3937043845653534
68618978798306432,302540611,42,1,4.0,3.897486408021091,0.6020599913279624,0.5907846093177795
68618978798306432,302540611,43,1,6.0,2.331771413004939,0.7781512503836436,0.3676859736442566
68618978798306432,302540611,44,1,9.0,2.2970507474455695,0.9542425094393249,0.36117058992385864
69436328253987328,302541052,43,3,1.0,2.380093928191483,0.0,0.37659409642219543
70954307135798912,302541151,42,3,2.0,2.5177397763736318,0.3010299956639812,0.4010108411312103
70954307135798912,302541151,43,3,3.0,2.498064575695946,0.47712125471966244,0.3976036608219147
70954307135798912,302541151,44,3,3.0,2.3463629025557466,0.47712125471966244,0.3703951835632324
71262410909499264,302541645,42,2,4.0,2.388339568781002,0.6020599913279624,0.3780960738658905
71262410909499264,302541645,43,2,2.0,2.3902190196904174,0.3010299956639812,0.37843769788742065
71262410909499264,302541645,44,2,7.0,2.3176111441892697,0.8450980400142568,0.3650405704975128
70313016978627584,302544817,44,1,3.0,2.639286441572749,0.47712125471966244,0.4214865267276764
70153484713977472,302545091,42,4,3.0,2.637008285200174,0.47712125471966244,0.42111149430274963
70153484713977472,302545091,44,4,1.0,2.6376433425531456,0.0,0.42121607065200806
70143314231433600,302545141,42,1,1.0,2.1372545322161205,0.0,0.3298562467098236
70129050643128832,302545236,42,1,1.0,2.448959206503166,0.0,0.38898155093193054
70129050643128832,302545236,43,1,1.0,2.497122783092346,0.0,0.3974398970603943
70129050643128832,302545236,44,1,1.0,2.1404809220891536,0.0,0.3305113613605499
70098612211973248,302545345,43,4,1.0,2.536942788923965,0.0,0.4043106734752655
70098612211973248,302545345,44,4,5.0,2.9338426671373954,0.6989700043360189,0.467436820268631
69904410970171392,302545441,42,4,1.0,2.673329726792712,0.0,0.4270525276660919
69904410970171392,302545441,43,4,4.0,2.676260482359824,0.6020599913279624,0.42752838134765625
69904410970171392,302545441,44,4,3.0,2.80520310313176,0.47712125471966244,0.44796431064605713
69904617128601984,302545442,42,1,3.0,2.493464904177069,0.47712125471966244,0.39680325984954834
69904617128601984,302545442,43,1,3.0,2.4604545712308905,0.47712125471966244,0.39101535081863403
69904101732529408,302545449,42,1,4.0,2.468588624087224,0.6020599913279624,0.3924487233161926
69904101732529408,302545449,43,1,7.0,2.441034221994475,0.8450980400142568,0.38757386803627014
69904101732529408,302545449,44,1,6.0,2.400515175136981,0.7781512503836436,0.3803044557571411
69896473870624640,302545513,42,4,5.0,2.5269316409629465,0.6989700043360189,0.4025934934616089
69896473870624640,302545513,43,4,2.0,2.64788777205242,0.3010299956639812,0.4228995740413666
69896473870624640,302545513,44,4,3.0,2.8047376774176564,0.47712125471966244,0.4478922486305237
69876506565909632,302545647,43,4,2.0,2.6308571149658975,0.3010299956639812,0.4200972616672516
69876506565909632,302545647,44,4,1.0,2.6194101310393907,0.0,0.4182035028934479
68327402058399232,302545702,43,1,2.0,2.376810368238601,0.3010299956639812,0.3759945333003998
68327402058399232,302545702,44,1,2.0,2.292825292312871,0.3010299956639812,0.3603709638118744
68323966084583680,302545769,42,0,2.0,2.749328080161055,0.3010299956639812,0.43922656774520874
68323966084583680,302545769,43,0,3.0,2.2882583580601863,0.47712125471966244,0.3595050573348999
68323966084583680,302545769,44,0,3.0,2.365588586496382,0.47712125471966244,0.3739392161369324
68317746971945600,302545798,42,2,2.0,2.4329899597427946,0.3010299956639812,0.3861403167247772
68317746971945600,302545798,43,2,3.0,2.3256963353972435,0.47712125471966244,0.36655300855636597
68317746971945600,302545798,44,2,2.0,2.383618043553772,0.3010299956639812,0.37723666429519653
68314414077327744,302545818,42,0,6.0,2.584038484418943,0.7781512503836436,0.4122989773750305
68314414077327744,302545818,43,0,5.0,2.64181745649834,0.6989700043360189,0.4219028055667877
68314414077327744,302545818,44,0,8.0,2.6875545640211906,0.9030899869919435,0.42935729026794434
68297921403225984,302545922,43,0,2.0,2.5357470652147196,0.3010299956639812,0.40410593152046204
68297921403225984,302545922,44,0,2.0,2.5639104574964513,0.3010299956639812,0.4089028537273407
68294554148575232,302545959,42,3,1.0,2.4469907481011504,0.0,0.38863232731819153
68294554148575232,302545959,43,3,1.0,2.4244530713849195,0.0,0.3846137821674347
68294554148575232,302545959,44,3,2.0,2.513789997364288,0.3010299956639812,0.40032899379730225
5221973868734158976,302959739,10,0,5.0,3.023847712027411,0.6989700043360189,0.48055991530418396
5221973868734158976,302959739,11,0,3.0,2.515629371579997,0.47712125471966244,0.4006466567516327
5221973868734158976,302959739,12,0,2.0,2.5247243047544163,0.3010299956639812,0.4022139608860016
5221973868734158976,302959739,36,0,5.0,2.7457508598949634,0.6989700043360189,0.438661128282547
5221973868734158976,302959739,37,0,7.0,2.7386981412446345,0.8450980400142568,0.43754416704177856
5221973868734158976,302959739,38,0,3.0,2.4297449678979044,0.47712125471966244,0.38556069135665894
5221973868734158976,302959739,39,0,12.0,2.5449025066742506,1.0791812460476249,0.4056711494922638
5222203804103923968,303095596,36,0,1.0,2.537292736089067,0.0,0.40437057614326477
5222203804103923968,303095596,37,0,2.0,2.423351607951524,0.3010299956639812,0.3844164311885834
5222203804103923968,303095596,38,0,3.0,2.7736803167895308,0.47712125471966244,0.4430564045906067
5997561193360156160,303188775,12,1,3.0,2.2811616154750487,0.47712125471966244,0.3581560552120209
5219070981938857216,303216993,10,1,3.0,1.9836292170392706,0.47712125471966244,0.29746049642562866
5219070981938857216,303216993,12,1,1.0,2.3760546719145013,0.0,0.3758564293384552
5332922112460126976,304417560,10,3,1.0,2.4889941135925784,0.0,0.39602386951446533
5332922112460126976,304417560,11,3,3.0,2.7176302165964787,0.47712125471966244,0.4341903626918793
5332514197981975808,304531034,10,2,1.0,2.303825686819577,0.0,0.36244961619377136
5332514197981975808,304531034,11,2,1.0,2.4747190328437347,0.0,0.3935258984565735
5273994409542400896,306508340,61,3,1.0,2.5183915616275327,0.0,0.4011232554912567
5273994409542400896,306508340,62,3,3.0,2.5114190376041146,0.47712125471966244,0.39991918206214905
5273994409542400896,306508340,64,3,3.0,2.40447869527734,0.47712125471966244,0.3810209333896637
5273994409542400896,306508340,65,3,1.0,2.5001401718267835,0.0,0.39796435832977295
5273994409542400896,306508340,67,3,2.0,2.4333926947292928,0.3010299956639812,0.38621219992637634
5270586438892438528,306738947,61,3,3.0,2.5445164129494082,0.47712125471966244,0.4056052565574646
5270586438892438528,306738947,63,3,1.0,2.4932446985431085,0.0,0.3967649042606354
5270586438892438528,306738947,64,3,5.0,3.209375646266797,0.6989700043360189,0.5064205527305603
5270586438892438528,306738947,65,3,2.0,2.5045615471954954,0.3010299956639812,0.39873170852661133
5270586438892438528,306738947,66,3,1.0,2.5271232597269306,0.0,0.4026264250278473
5221210807662502144,306822067,62,0,1.0,2.2848680169424274,0.0,0.35886111855506897
5221210807662502144,306822067,63,0,2.0,2.5116063776925523,0.3010299956639812,0.3999515771865845
5221210807662502144,306822067,64,0,2.0,2.584373823740781,0.3010299956639812,0.41235533356666565
5221210807662502144,306822067,65,0,2.0,2.7077669720810302,0.3010299956639812,0.43261128664016724
5221210807662502144,306822067,66,0,1.0,2.47140464786761,0.0,0.3929438591003418
5271426397057175936,306927574,5,4,1.0,2.6730776780221106,0.0,0.4270115792751312
5271426397057175936,306927574,9,4,4.0,2.6470871219677936,0.6020599913279624,0.422768235206604
5271426397057175936,306927574,10,4,4.0,2.6159789723171243,0.6020599913279624,0.4176342487335205
5271426397057175936,306927574,12,4,3.0,2.5802718798269075,0.47712125471966244,0.4116654694080353
5271426397057175936,306927574,28,4,1.0,2.6614066284332574,0.0,0.42511123418807983
5271426397057175936,306927574,29,4,1.0,2.768574105568365,0.0,0.4422561526298523
5271426397057175936,306927574,31,4,1.0,2.8351311286212573,0.0,0.45257315039634705
5271426397057175936,306927574,36,4,3.0,2.6039226278706606,0.47712125471966244,0.4156280755996704
5271426397057175936,306927574,37,4,2.0,2.732382141020795,0.3010299956639812,0.43654143810272217
5271426397057175936,306927574,38,4,1.0,2.748036402712267,0.0,0.4390224814414978
5271426397057175936,306927574,39,4,3.0,2.59302199136574,0.47712125471966244,0.4138062000274658
5335220267909593216,307257778,11,2,1.0,2.458669880785307,0.0,0.39070022106170654
5276004248080596992,307285548,63,4,1.0,2.856496938170774,0.0,0.45583376288414
5276004248080596992,307285548,65,4,1.0,2.7943663345869605,0.0,0.44628334045410156
5332306630778119552,307544124,11,0,2.0,2.7615336364904333,0.3010299956639812,0.44115033745765686
5270025516164009728,307573001,63,2,2.0,2.3752863389988437,0.3010299956639812,0.375715970993042
5270025516164009728,307573001,64,2,2.0,2.5156288536946017,0.3010299956639812,0.4006465673446655
5270025516164009728,307573001,65,2,2.0,2.3402435458909205,0.3010299956639812,0.3692610561847687
4654653661534633088,30760081,4,1,4.0,2.310176365022579,0.6020599913279624,0.36364513635635376
4654653661534633088,30760081,5,1,3.0,2.4884105559930547,0.47712125471966244,0.3959220349788666
4654653661534633088,30760081,6,1,1.0,2.4546342135133234,0.0,0.3899867832660675
4654653661534633088,30760081,9,1,1.0,2.300962172058799,0.0,0.3619094789028168
4654653661534633088,30760081,11,1,3.0,2.4811263427019847,0.47712125471966244,0.39464887976646423
4654653661534633088,30760081,12,1,1.0,2.1545531643669453,0.0,0.33335721492767334
4654653661534633088,30760081,13,1,1.0,2.507403465137666,0.0,0.3992242217063904
4654653661534633088,30760081,28,1,1.0,2.3547159557616677,0.0,0.3719385266304016
4654653661534633088,30760081,29,1,1.0,2.1902676852633367,0.0,0.3404971957206726
4654653661534633088,30760081,30,1,2.0,2.452553142568554,0.3010299956639812,0.3896184265613556
4654653661534633088,30760081,32,1,1.0,2.504301522923945,0.0,0.39868661761283875
4654653661534633088,30760081,33,1,1.0,2.9633734108503536,0.0,0.47178637981414795
4654653661534633088,30760081,34,1,1.0,2.3917782340927944,0.0,0.3787209093570709
4654653661534633088,30760081,37,1,1.0,2.4823562709653864,0.0,0.39486411213874817
4654653661534633088,30760081,39,1,3.0,2.5097387722197326,0.47712125471966244,0.39962852001190186
6006995587234176000,307610438,11,0,5.0,2.708370561341935,0.6989700043360189,0.43270808458328247
6006995587234176000,307610438,38,0,1.0,2.5258032058951088,0.0,0.4023995101451874
5221476752038447104,307784471,10,1,1.0,2.496291832571972,0.0,0.39729535579681396
5221476752038447104,307784471,11,1,1.0,2.316356340319082,0.0,0.3648053705692291
5223338912419663360,308085979,9,1,1.0,2.5536243087733452,0.0,0.4071570038795471
5223338912419663360,308085979,10,1,3.0,2.510760442177034,0.47712125471966244,0.3998052775859833
5223338912419663360,308085979,11,1,4.0,2.4257071731209736,0.6020599913279624,0.38483837246894836
5223338912419663360,308085979,12,1,1.0,2.2128588653532786,0.0,0.344953715801239
5223338912419663360,308085979,29,1,1.0,2.482553197831304,0.0,0.39489856362342834
5223338912419663360,308085979,36,1,2.0,2.7064392891509654,0.3010299956639812,0.4323982894420624
5223338912419663360,308085979,37,1,4.0,2.512098664430081,0.6020599913279624,0.40003669261932373
5223338912419663360,308085979,39,1,2.0,2.622005930286118,0.3010299956639812,0.41863366961479187
5223338912419663360,308085979,62,1,2.0,2.87189348095323,0.3010299956639812,0.4581683278083801
5223338912419663360,308085979,63,1,2.0,2.306893961507394,0.3010299956639812,0.3630276322364807
5223338912419663360,308085979,64,1,2.0,2.291656088728477,0.3010299956639812,0.36014944314956665
5223338912419663360,308085979,65,1,1.0,2.4952404341732337,0.0,0.3971123993396759
5221537843653900544,308186412,9,2,10.0,2.3687269269687405,1.0,0.37451499700546265
5221537843653900544,308186412,10,2,13.0,2.536241647038842,1.1139433523068367,0.40419062972068787
5221537843653900544,308186412,11,2,5.0,2.393047784509635,0.6989700043360189,0.37895137071609497
5221537843653900544,308186412,29,2,8.0,2.355178299323532,0.9030899869919435,0.3720237910747528
5221537843653900544,308186412,36,2,15.0,2.355422839973309,1.1760912590556813,0.3720688819885254
5221537843653900544,308186412,37,2,7.0,2.478152818418709,0.8450980400142568,0.39412808418273926
5221537843653900544,308186412,38,2,14.0,2.330234847000886,1.146128035678238,0.3673996925354004
5221537843653900544,308186412,39,2,12.0,2.514067396303897,1.0791812460476249,0.40037691593170166
5221537843653900544,308186412,63,2,7.0,2.4112532643954814,0.8450980400142568,0.3822428286075592
5221537843653900544,308186412,64,2,15.0,2.631028810004921,1.1760912590556813,0.4201256036758423
5221537843653900544,308186412,65,2,12.0,2.477422532291775,1.0791812460476249,0.3940000832080841
4853515084038073344,308245136,4,0,8.0,2.5367518182188293,0.9030899869919435,0.4042779803276062
4853515084038073344,308245136,30,0,10.0,2.5617065045966414,1.0,0.4085293710231781
4853515084038073344,308245136,31,0,9.0,2.3245108480898597,0.9542425094393249,0.3663315773010254
5290758899551803520,308307546,8,0,2.0,2.834398340473715,0.3010299956639812,0.4524608850479126
5277462269217606400,308542808,7,4,4.0,2.7258708221563426,0.6020599913279624,0.4355052709579468
5277462269217606400,308542808,8,4,8.0,2.5752737720840333,0.9030899869919435,0.41082340478897095
5277462269217606400,308542808,9,4,8.0,2.7004882410877245,0.9030899869919435,0.4314422905445099
5277462269217606400,308542808,10,4,5.0,2.739042273667984,0.6989700043360189,0.43759873509407043
5277462269217606400,308542808,28,4,11.0,2.5939796598042517,1.0413926851582251,0.413966566324234
5277462269217606400,308542808,31,4,6.0,2.656646203012585,0.7781512503836436,0.42433372139930725
5277462269217606400,308542808,37,4,6.0,2.7463521738460765,0.7781512503836436,0.43875622749328613
5277462269217606400,308542808,38,4,8.0,2.522015568470144,0.9030899869919435,0.40174776315689087
5277462269217606400,308542808,61,4,11.0,2.3934159865450155,1.0413926851582251,0.3790181875228882
5277462269217606400,308542808,62,4,7.0,2.6224655074257117,0.8450980400142568,0.41870978474617004
5277462269217606400,308542808,63,4,11.0,2.524388217084322,1.0413926851582251,0.40215614438056946
5277462269217606400,308542808,64,4,6.0,2.696314678629233,0.7781512503836436,0.4307705760002136
5289742199192372096,308667775,8,2,4.0,2.3542965152939197,0.6020599913279624,0.37186115980148315
5289742199192372096,308667775,9,2,4.0,2.4870564509766906,0.6020599913279624,0.3956856429576874
5277096097486882560,308749877,5,3,3.0,2.511705827005116,0.47712125471966244,0.3999687731266022
5277096097486882560,308749877,8,3,3.0,2.503575900709234,0.47712125471966244,0.3985607624053955
5277096097486882560,308749877,9,3,2.0,2.63871454513358,0.3010299956639812,0.42139241099357605
5277096097486882560,308749877,10,3,3.0,2.5659636384535354,0.47712125471966244,0.40925049781799316
5277096097486882560,308749877,28,3,3.0,2.554347083422277,0.47712125471966244,0.407279908657074
5277096097486882560,308749877,31,3,5.0,2.498687433618387,0.6989700043360189,0.39771193265914917
5277096097486882560,308749877,36,3,2.0,2.5157106809094376,0.3010299956639812,0.4006606936454773
5277096097486882560,308749877,37,3,2.0,2.528655518374931,0.3010299956639812,0.4028896689414978
5277096097486882560,308749877,38,3,2.0,2.509359563059387,0.3010299956639812,0.39956289529800415
5277096097486882560,308749877,61,3,2.0,2.3824009062428773,0.3010299956639812,0.3770148456096649
5277096097486882560,308749877,62,3,1.0,2.508331578025887,0.0,0.3993849456310272
5277096097486882560,308749877,64,3,1.0,2.521163704912564,0.0,0.40160104632377625
5277096097486882560,308749877,65,3,6.0,2.5919935280019715,0.7781512503836436,0.41363391280174255
6053316942666110720,308903145,11,0,13.0,2.6266723798670903,1.1139433523068367,0.41940590739250183
6053316942666110720,308903145,37,0,11.0,2.619763184156025,1.0413926851582251,0.4182620346546173
6053316942666110720,308903145,38,0,11.0,2.8407244084967718,1.0413926851582251,0.45342910289764404
5276268264011703296,308920046,65,2,1.0,2.5367382401746372,0.0,0.40427565574645996
5276491847127422208,309252516,9,3,4.0,2.9401695451981915,0.6020599913279624,0.4683723747730255
5276491847127422208,309252516,10,3,3.0,2.179145311717252,0.47712125471966244,0.3382861912250519
5276491847127422208,309252516,28,3,1.0,2.7201536682430545,0.0,0.43459343910217285
5276491847127422208,309252516,31,3,1.0,2.493139992197107,0.0,0.3967466652393341
5276491847127422208,309252516,35,3,1.0,3.110618547225296,0.0,0.4928467571735382
5276491847127422208,309252516,36,3,2.0,2.5117858029656777,0.3010299956639812,0.39998260140419006
5276491847127422208,309252516,37,3,3.0,2.3330067104899315,0.47712125471966244,0.3679159879684448
5276491847127422208,309252516,61,3,2.0,2.5126251870472713,0.3010299956639812,0.40012770891189575
5276491847127422208,309252516,64,3,4.0,2.5075717493781604,0.6020599913279624,0.39925336837768555
6054526444144689792,309371306,37,2,9.0,2.4142235514242456,0.9542425094393249,0.38277748227119446
6054526444144689792,309371306,38,2,8.0,2.3988863927076935,0.9030899869919435,0.3800096809864044
5276446767151154048,309403283,8,0,1.0,2.824326813759418,0.0,0.4509149491786957
5276446767151154048,309403283,9,0,1.0,2.4634141284072086,0.0,0.3915374279022217
5901055271097855360,309456404,11,3,2.0,2.514553263217738,0.3010299956639812,0.4004608392715454
5276180822776055424,309475657,63,0,1.0,2.738939837596775,0.0,0.43758249282836914
5276180822776055424,309475657,64,0,1.0,2.577953732188961,0.0,0.41127511858940125
5276180822776055424,309475657,65,0,2.0,2.5834165106245686,0.3010299956639812,0.4121944308280945
5202135964549093248,309582191,11,4,1.0,2.4022752913239054,0.0,0.3806227743625641
5202135964549093248,309582191,38,4,3.0,2.6371738667793103,0.47712125471966244,0.4211387634277344
5202135964549093248,309582191,39,4,1.0,2.7042137655820566,0.0,0.4320410192012787
5202135964549093248,309582191,64,4,4.0,2.64000067119363,0.6020599913279624,0.4216040372848511
5202135964549093248,309582191,66,4,4.0,2.817548825239905,0.6020599913279624,0.4498714506626129
2954995674982867968,30959945,5,3,4.0,2.5756085042129473,0.6020599913279624,0.41087985038757324
2954995674982867968,30959945,32,3,1.0,2.520072604964891,0.0,0.40141305327415466
1028250599848535936,309706836,60,1,1.0,2.4608762064681993,0.0,0.3910897672176361
5276844309323980800,309714906,1,3,1.0,2.503332813608217,0.0,0.3985185921192169
5276844309323980800,309714906,9,3,6.0,2.489859369539474,0.7781512503836436,0.396174818277359
5276844309323980800,309714906,10,3,4.0,2.494452218786876,0.6020599913279624,0.39697518944740295
5276844309323980800,309714906,11,3,3.0,2.3288597391728607,0.47712125471966244,0.36714333295822144
5276844309323980800,309714906,35,3,1.0,2.3896366466604517,0.0,0.37833186984062195
5276844309323980800,309714906,36,3,4.0,2.505691668778897,0.6020599913279624,0.39892762899398804
5276844309323980800,309714906,37,3,4.0,2.3198878059983525,0.6020599913279624,0.36546698212623596
5276844309323980800,309714906,38,3,5.0,2.2953749735648468,0.6989700043360189,0.3608536422252655
5276844309323980800,309714906,61,3,1.0,2.504713483984305,0.0,0.39875805377960205
5276844309323980800,309714906,62,3,1.0,2.463760357609583,0.0,0.3915984630584717
5276844309323980800,309714906,64,3,5.0,2.6776367521957547,0.6989700043360189,0.42775166034698486
6053028978057952256,309817108,11,1,5.0,2.381108572858762,0.6989700043360189,0.3767791986465454
5780960117099482112,309894407,13,4,2.0,2.886667130348953,0.3010299956639812,0.4603967070579529
5860783355676896512,310553064,11,3,3.0,2.3347402385219547,0.47712125471966244,0.36823856830596924
5860783355676896512,310553064,37,3,3.0,2.3922174850248132,0.47712125471966244,0.3788006603717804
5860783355676896512,310553064,38,3,7.0,2.432279658989348,0.8450980400142568,0.3860135078430176
6053706655144658688,310720311,64,0,12.0,2.4085639580147244,1.0791812460476249,0.3817581832408905
5802267930890380672,310735022,66,3,2.0,2.482791711492113,0.3010299956639812,0.3949402868747711
5802676468179636992,310958369,12,0,2.0,2.6028834108304353,0.3010299956639812,0.4154547154903412
5802676468179636992,310958369,13,0,1.0,2.5163902603518586,0.0,0.40077799558639526
5777796100589331072,310962240,12,2,2.0,2.453271720694919,0.3010299956639812,0.38974565267562866
6058292889962189952,311051982,11,1,2.0,2.304650927220974,0.3010299956639812,0.36260515451431274
6058292889962189952,311051982,37,1,1.0,2.3587513089555934,0.0,0.3726821541786194
6058292889962189952,311051982,38,1,2.0,2.3422961828649465,0.3010299956639812,0.36964181065559387
5859214936650280960,311377842,38,4,2.0,2.7263023939374422,0.3010299956639812,0.4355740249156952
5860326027522215296,311504442,11,0,1.0,2.4990298744575146,0.0,0.3977714478969574
6053499603394694400,311587909,11,3,1.0,2.395054860436113,0.0,0.37931546568870544
6054609629050407680,311757828,11,0,2.0,2.425689695114172,0.3010299956639812,0.38483524322509766
423737148403508864,312471001,58,2,2.0,2.3977708760845022,0.3010299956639812,0.3798076808452606
6090846749152290944,312617534,11,1,8.0,2.493248291485956,0.9030899869919435,0.3967655301094055
6090846749152290944,312617534,38,1,4.0,2.7354078565766113,0.6020599913279624,0.4370220899581909
6090846710488713344,312617539,11,2,3.0,2.354353061076199,0.47712125471966244,0.37187159061431885
6090846710488713344,312617539,38,2,3.0,2.4702247272236395,0.47712125471966244,0.3927364647388458
5854812388999707008,312803013,11,0,2.0,2.750469554334071,0.3010299956639812,0.4394068419933319
5854812388999707008,312803013,12,0,4.0,2.749946972469415,0.6020599913279624,0.4393243193626404
5854812388999707008,312803013,38,0,1.0,2.909026917221899,0.0,0.4637477397918701
2906679938602481408,31281820,5,3,2.0,2.5159943346643736,0.3010299956639812,0.4007096588611603
2906679938602481408,31281820,6,3,7.0,2.372919649665414,0.8450980400142568,0.37528303265571594
2906668221931697024,31281821,6,0,2.0,2.527714508186722,0.3010299956639812,0.40272802114486694
2905813763957931136,31353324,5,0,3.0,2.536253133899314,0.47712125471966244,0.40419259667396545
2905813763957931136,31353324,6,0,7.0,2.5900473074435513,0.8450980400142568,0.41330769658088684
2905813763957931136,31353324,32,0,5.0,2.5909279574008486,0.6989700043360189,0.4134553372859955
2905869735971665664,31373667,5,4,20.0,2.7602110327344076,1.3010299956639813,0.44094228744506836
2905869735971665664,31373667,6,4,23.0,2.7503430989112467,1.3617278360175928,0.43938687443733215
2905869735971665664,31373667,32,4,15.0,2.7348108155760484,1.1760912590556813,0.43692728877067566
5855198832989286400,313857039,11,2,10.0,2.3801148342311707,1.0,0.37659791111946106
5855198832989286400,313857039,64,2,8.0,2.454895819198515,0.9030899869919435,0.3900330662727356
5855198832989286400,313857039,65,2,3.0,2.3868251809894323,0.47712125471966244,0.37782061100006104
2332987344259403008,313890640,29,3,1.0,2.421507088057924,0.0,0.3840857446193695
2320863922893254656,313890987,29,0,1.0,2.556083349128594,0.0,0.40757501125335693
2320860074602561408,313891046,2,4,5.0,2.8842825182222454,0.6989700043360189,0.46003779768943787
2332934533341535744,313891339,29,0,1.0,2.4092531147419507,0.0,0.3818824291229248
2332909347653323136,313934016,2,4,1.0,2.730749481566463,0.0,0.43628185987472534
2320887936054365696,313934071,29,3,2.0,2.2100752028742194,0.3010299956639812,0.3444070518016815
2320886222363524992,313934081,29,2,6.0,2.331373817802877,0.7781512503836436,0.36761191487312317
2320872650266808192,313934111,2,4,2.0,2.645009867993124,0.3010299956639812,0.42242729663848877
2320847533296914560,313934132,2,0,6.0,2.7606505041580407,0.7781512503836436,0.4410114288330078
2320847533296914560,313934132,29,0,2.0,2.7110515425231787,0.3010299956639812,0.43313777446746826
2320867633745079168,313934154,29,1,1.0,2.472086338853885,0.0,0.39306363463401794
2320868389659322368,313934158,29,2,1.0,2.3877951764502376,0.0,0.3779970705509186
2320870863560481664,313934186,2,3,2.0,2.471286104730525,0.3010299956639812,0.3929230272769928
2320870863560481664,313934186,29,3,1.0,2.508082521622575,0.0,0.3993418216705322
2320873749778503552,313934190,2,3,1.0,2.4259362298779577,0.0,0.38487938046455383
2320873749778503552,313934190,29,3,1.0,2.4912931274319976,0.0,0.3964248299598694
2320874054720005248,313934195,2,4,2.0,2.672059635566157,0.3010299956639812,0.42684614658355713
2320874054720005248,313934195,29,4,2.0,2.659194595470656,0.3010299956639812,0.42475011944770813
2320875467765417984,313934213,29,0,1.0,2.670366447290598,0.0,0.426570862531662
2320881377640416640,313934217,2,0,2.0,2.611871672226528,0.3010299956639812,0.41695183515548706
2320881377640416640,313934217,29,0,5.0,2.3741430216170487,0.6989700043360189,0.3755068778991699
2333005344467248768,313934283,2,4,2.0,2.7013604693148414,0.3010299956639812,0.4315825402736664
2333005344467248768,313934283,29,4,2.0,2.805294927002206,0.3010299956639812,0.44797852635383606
2336552648151249280,313935081,29,1,1.0,2.4996951703275556,0.0,0.39788705110549927
5860509641630862848,314624925,11,1,1.0,2.8697201593407793,0.0,0.4578395485877991
5869895042887586176,315806959,11,3,4.0,2.437751902786934,0.6020599913279624,0.3869895040988922
917794104103040896,316213221,47,2,2.0,2.386860396020167,0.3010299956639812,0.3778270184993744
5864956895605575552,316284824,11,4,1.0,2.7121531160647274,0.0,0.4333142042160034
5863824329964744192,316295827,11,2,4.0,2.3665398828237203,0.6020599913279624,0.3741138279438019
5863807042641766400,316430346,11,2,1.0,2.3680501750932863,0.0,0.3743909001350403
5863807042641766400,316430346,38,2,4.0,2.501227962595828,0.6020599913279624,0.39815327525138855
5237584116368377088,316802745,64,3,1.0,2.5341712074873843,0.0,0.4038359522819519
5869164726649009280,316895281,11,4,1.0,2.7990646604812146,0.0,0.44701293110847473
5869164726649009280,316895281,38,4,1.0,2.7436511573343116,0.0,0.43832889199256897
2986264067687780736,316918406,5,1,3.0,2.5054738219906985,0.47712125471966244,0.3988898694515228
2970964397748737280,317024482,32,4,2.0,2.647513669185308,0.3010299956639812,0.4228382110595703
4615260912983205376,317350326,12,2,2.0,2.4511105624365896,0.3010299956639812,0.3893629014492035
4615260912983205376,317350326,13,2,4.0,2.351800000346914,0.6020599913279624,0.371400386095047
4615260912983205376,317350326,39,2,1.0,2.425895111265574,0.0,0.3848720192909241
472903391382457600,317966665,59,0,1.0,2.616648288772214,0.0,0.41774535179138184
6022499010422921088,318035342,12,3,4.0,2.507475044784011,0.6020599913279624,0.39923661947250366
6022499010422921088,318035342,39,3,4.0,2.489218043393434,0.6020599913279624,0.3960629403591156
1017853411738183040,318190397,21,0,2.0,2.634732276068454,0.3010299956639812,0.42073649168014526
5237279792173016832,319218849,10,2,3.0,2.476826220780948,0.47712125471966244,0.39389553666114807
5237279792173016832,319218849,11,2,3.0,2.3904881958106126,0.47712125471966244,0.37848660349845886
5551322578148763264,319435670,61,4,5.0,2.75215857454165,0.6989700043360189,0.43967345356941223
5501802532938604288,319557917,61,1,3.0,2.2834557478518667,0.47712125471966244,0.35859259963035583
5501802532938604288,319557917,66,1,2.0,2.4843625553661215,0.3010299956639812,0.3952149748802185
5501353073200480768,319558212,61,2,1.0,2.431265398671043,0.0,0.38583236932754517
5501353073200480768,319558212,62,2,5.0,2.3988297650243755,0.6989700043360189,0.37999942898750305
5501353073200480768,319558212,66,2,1.0,2.335473339229066,0.0,0.36837491393089294
5498237297765443456,319558877,61,0,7.0,2.5593611285758913,0.8450980400142568,0.40813156962394714
5498237297765443456,319558877,62,0,4.0,2.668669936792262,0.6020599913279624,0.42629486322402954
5498237297765443456,319558877,66,0,3.0,2.5685024190559758,0.47712125471966244,0.40967997908592224
5502935270433290880,319561323,61,1,2.0,2.529837134650121,0.3010299956639812,0.40309256315231323
5551290932829456768,319562179,61,1,1.0,2.405053627690237,0.0,0.3811247646808624
5551303199256033280,319562217,61,3,1.0,2.4980068067641468,0.0,0.39759361743927
5502022297825142144,319609891,61,0,1.0,2.477517397812321,0.0,0.39401671290397644
5502022297825142144,319609891,62,0,1.0,2.905574069211739,0.0,0.4632319509983063
4666276706323312896,32068898,1,0,4.0,2.5912862404082952,0.6020599913279624,0.4135153889656067
4666276706323312896,32068898,2,0,5.0,2.685320429608139,0.6989700043360189,0.42899611592292786
4666276706323312896,32068898,3,0,2.0,2.5426510316265585,0.3010299956639812,0.4052867591381073
4666276706323312896,32068898,4,0,3.0,2.5183298663461957,0.47712125471966244,0.4011126160621643
4666276706323312896,32068898,6,0,5.0,2.586037331313979,0.6989700043360189,0.41263478994369507
4666276706323312896,32068898,7,0,6.0,2.635266598993192,0.7781512503836436,0.4208245575428009
4666276706323312896,32068898,9,0,8.0,2.535174640201722,0.9030899869919435,0.4040078818798065
4666276706323312896,32068898,11,0,1.0,2.5281676205511414,0.0,0.4028058648109436
4666276706323312896,32068898,12,0,3.0,2.6605277654443356,0.47712125471966244,0.42496779561042786
4666276706323312896,32068898,27,0,2.0,2.4955401035208733,0.3010299956639812,0.39716455340385437
4666276706323312896,32068898,28,0,3.0,2.4436393801686975,0.47712125471966244,0.3880371153354645
4666276706323312896,32068898,29,0,6.0,2.7574314823949497,0.7781512503836436,0.4405047297477722
4666276706323312896,32068898,30,0,6.0,2.5587547518937868,0.7781512503836436,0.40802866220474243
4666276706323312896,32068898,31,0,1.0,2.659206456714706,0.0,0.42475205659866333
4666276706323312896,32068898,33,0,3.0,2.373565705636101,0.47712125471966244,0.37540125846862793
4666276706323312896,32068898,34,0,5.0,2.4934792772488565,0.6989700043360189,0.3968057632446289
4666276706323312896,32068898,36,0,3.0,2.5490230873981874,0.47712125471966244,0.4063737690448761
4666276706323312896,32068898,37,0,3.0,2.5761835179037376,0.47712125471966244,0.4109767973423004
4666276706323312896,32068898,39,0,2.0,2.825715236727618,0.3010299956639812,0.45112839341163635
4666276706323312896,32068898,61,0,3.0,2.6049068452112683,0.47712125471966244,0.41579219698905945
4666276706323312896,32068898,62,0,5.0,2.5506841443051758,0.6989700043360189,0.4066566824913025
4666276706323312896,32068898,63,0,7.0,2.5589872407675687,0.8450980400142568,0.40806812047958374
4666276706323312896,32068898,64,0,11.0,2.784096771175606,1.0413926851582251,0.44468432664871216
4666276706323312896,32068898,65,0,6.0,2.39930636820218,0.7781512503836436,0.38008570671081543
4666276706323312896,32068898,66,0,5.0,2.5187230484252,0.6989700043360189,0.4011804163455963
4666276706323312896,32068898,67,0,6.0,2.5598942194990606,0.7781512503836436,0.4082220196723938
5334136458661121280,321170838,10,1,4.0,2.419369097518246,0.6020599913279624,0.3837021291255951
5334136458661121280,321170838,11,1,6.0,2.7297993894687163,0.7781512503836436,0.43613073229789734
5334136458661121280,321170838,64,1,4.0,2.494867010915853,0.6020599913279624,0.39704740047454834
5864339794779803136,321805583,38,3,1.0,2.384555154104082,0.0,0.37740737199783325
6343364815827362688,322306553,12,0,4.0,2.4116919545190227,0.6020599913279624,0.382321834564209
6343364815827362688,322306553,27,0,8.0,2.6521206844268135,0.9030899869919435,0.42359328269958496
6343364815827362688,322306553,39,0,4.0,2.492065295531495,0.6020599913279624,0.3965594172477722
6343364815827362688,322306553,66,0,7.0,2.832220158843377,0.8450980400142568,0.45212700963020325
6343364815827362688,322306553,67,0,7.0,2.530714331341591,0.8450980400142568,0.40324312448501587
5196882497990438144,323428895,12,0,2.0,2.7473240518788264,0.3010299956639812,0.4389098882675171
5203215238291098112,323813442,10,3,1.0,2.5989527201916425,0.0,0.414798378944397
5202084081343379328,324119045,64,1,1.0,2.4928974051748907,0.0,0.39670440554618835
5202084081343379328,324119045,65,1,2.0,2.6604310041732573,0.3010299956639812,0.4249520003795624
5201894106349817472,324119375,65,3,4.0,2.4291212927300445,0.6020599913279624,0.38544920086860657
5201894106349817472,324119375,66,3,3.0,2.4923638994285753,0.47712125471966244,0.39661145210266113
6418654321217826560,324928455,13,1,1.0,2.4385695584786715,0.0,0.3871351480484009
2904082823418486784,32545814,5,0,8.0,2.4788333088982863,0.9030899869919435,0.3942473232746124
2904082823418486784,32545814,6,0,3.0,2.8036133135844064,0.47712125471966244,0.4477181136608124
2904082823418486784,32545814,32,0,10.0,2.690480420498344,1.0,0.42982983589172363
2904082823418486784,32545814,33,0,12.0,2.73025481535637,1.0791812460476249,0.4362031817436218
6350751231863421440,325469904,27,3,3.0,2.5696751466470342,0.47712125471966244,0.4098782241344452
5856410391736766976,326538701,11,0,2.0,2.560806088629884,0.3010299956639812,0.40837669372558594
5852330099755477888,326742300,11,4,3.0,2.6766636274838858,0.47712125471966244,0.42759379744529724
5852330099755477888,326742300,12,4,1.0,2.6297039252867838,0.0,0.4199068546295166
398868875433180032,326857136,58,4,7.0,2.697685711096064,0.8450980400142568,0.43099135160446167
5856485807039227264,327018071,11,0,2.0,2.654518457758622,0.3010299956639812,0.4239857494831085
5856485807039227264,327018071,38,0,2.0,2.7438870771560424,0.3010299956639812,0.43836623430252075
5843249890363582848,327039106,12,3,2.0,2.5593447950882044,0.3010299956639812,0.4081287980079651
428250398813921280,327370514,57,2,7.0,2.5573167404627855,0.8450980400142568,0.40778452157974243
428250398813921280,327370514,58,2,1.0,2.4881014983870906,0.0,0.39586809277534485
2320959820922837760,327996019,29,4,1.0,2.4855277380352168,0.0,0.39541861414909363
2320916768170630912,327996093,2,2,1.0,2.329802340686778,0.0,0.3673190772533417
5425054731538891264,32818831,62,4,1.0,2.642779000699395,0.0,0.42206084728240967
5855695468655866752,328234948,38,4,5.0,2.7337159847903973,0.6989700043360189,0.43675339221954346
2904753628590665600,32832770,32,0,7.0,2.3849192672340394,0.8450980400142568,0.3774736821651459
2904753628590665600,32832770,33,0,5.0,2.831782702458492,0.6989700043360189,0.45205992460250854
982983431255441024,328372415,60,0,3.0,2.6045704501822606,0.47712125471966244,0.4157361090183258
982984045434527744,328372434,47,3,4.0,2.6089552115483374,0.6020599913279624,0.416466623544693
982984045434527744,328372434,60,3,3.0,2.4904982973575662,0.47712125471966244,0.3962862491607666
2005674552440181632,328417482,16,2,4.0,2.3905995822426718,0.6020599913279624,0.3785068392753601
2005674552440181632,328417482,17,2,5.0,2.370523109389432,0.6989700043360189,0.37484419345855713
2005674552440181632,328417482,56,2,2.0,2.4111660654188585,0.3010299956639812,0.3822271227836609
2005674552440181632,328417482,57,2,2.0,2.540220602014911,0.3010299956639812,0.4048714339733124
5843299883788891392,328480578,11,4,1.0,2.719941626854293,0.0,0.43455958366394043
5843299883788891392,328480578,12,4,1.0,2.7098520436220026,0.0,0.43294557929039
2904319355855451520,32873780,6,2,2.0,2.7391950890925925,0.3010299956639812,0.43762296438217163
2904801835303287936,32874667,32,1,6.0,2.3022535043060075,0.7781512503836436,0.36215314269065857
2904801835303287936,32874667,33,1,6.0,2.2681732998331654,0.7781512503836436,0.35567623376846313
2904801835303287808,32874669,6,3,7.0,2.5771264787242902,0.8450980400142568,0.411135733127594
2904801835303287808,32874669,32,3,3.0,2.3414995601904454,0.47712125471966244,0.36949408054351807
2904801835303287808,32874669,33,3,6.0,2.492089408263986,0.7781512503836436,0.3965636193752289
1115616453763089792,328777958,59,1,1.0,2.487337044570182,0.0,0.39573463797569275
1115616453763089792,328777958,60,1,2.0,2.394333617713578,0.3010299956639812,0.37918466329574585
6089133916200093696,328906141,65,2,6.0,2.544547843084014,0.7781512503836436,0.4056106209754944
6089815299862932992,329126533,11,1,6.0,2.4947204648354986,0.7781512503836436,0.3970218896865845
5843314967714767872,329538372,11,3,2.0,2.7132130585840146,0.3010299956639812,0.43348389863967896
5843314967714767872,329538372,12,3,2.0,2.426087392548694,0.3010299956639812,0.38490644097328186
5843314967714767872,329538372,38,3,2.0,2.3698086036286856,0.3010299956639812,0.374713271856308
2904454389629265536,33006416,33,3,1.0,2.5143990041033937,0.0,0.4004341959953308
5867654513033859712,330287387,38,0,7.0,2.47778773346615,0.8450980400142568,0.3940640985965729
2906679938602481408,31281820,32,3,12.0,2.5277190180933835,1.0791812460476249,0.402728796005249
2320870245085192320,313934178,29,3,2.0,2.488615306451007,0.3010299956639812,0.3959577679634094
5851200321562649344,330854797,12,0,2.0,2.8506617174769366,0.3010299956639812,0.4549456834793091
689126373066989312,331955450,44,1,1.0,2.711295636440439,0.0,0.4331768751144409
5896286341249191040,332012383,11,1,1.0,2.8232151329439543,0.0,0.45074397325515747
5368919371546982528,332159979,64,0,4.0,2.6682985739972516,0.6020599913279624,0.4262344241142273
5370602689487788672,332163041,64,2,2.0,2.442973412775139,0.3010299956639812,0.38791874051094055
6091582146329270784,332213483,11,0,5.0,2.679983846845019,0.6989700043360189,0.42813217639923096
6091582146329270784,332213483,38,0,7.0,2.7338664394035574,0.8450980400142568,0.4367772936820984
5368857695815548672,332469864,64,4,1.0,2.3409507440967707,0.0,0.3693922758102417
6126097332465328768,332524252,64,1,3.0,3.0806329109503836,0.47712125471966244,0.4886399507522583
5096891158212909312,332661361,31,3,1.0,2.4002926364759984,0.0,0.38026419281959534
3015216991987620096,332860629,6,3,1.0,2.504227284332333,0.0,0.39867374300956726
3015216991987620096,332860629,32,3,2.0,2.4454066157442518,0.3010299956639812,0.38835108280181885
6124952431621117056,333298129,10,1,4.0,2.2337834786414508,0.6020599913279624,0.34904107451438904
6124952431621117056,333298129,11,1,8.0,2.5344710303184987,0.9030899869919435,0.4038873314857483
6124952431621117056,333298129,37,1,5.0,2.3936485643878944,0.6989700043360189,0.37906038761138916
6124952431621117056,333298129,64,1,2.0,2.3694406188100725,0.3010299956639812,0.37464582920074463
6126370801621215872,333386671,10,4,1.0,2.69713521556515,0.0,0.43090271949768066
6126370801621215872,333386671,64,4,6.0,2.7229559954746434,0.7781512503836436,0.4350406229496002
6126518445412754176,333482849,10,4,1.0,3.080855523585263,0.0,0.48867133259773254
6126242639795170688,333822981,10,1,1.0,2.252177425526366,0.0,0.35260260105133057
6126242639795170688,333822981,37,1,2.0,2.161352281035648,0.3010299956639812,0.334725558757782
6126242639795170688,333822981,64,1,3.0,2.4554501178053756,0.47712125471966244,0.3901311159133911
6126246934764070528,333823153,64,3,4.0,2.3697370510666373,0.6020599913279624,0.3747001588344574
6129550726681927040,333825708,10,4,3.0,2.5689910492599974,0.47712125471966244,0.40976259112358093
5906915354513369856,334041309,38,0,1.0,2.184895298778697,0.0,0.33943063020706177
5906607697419524864,334129050,11,4,2.0,2.707215719775233,0.3010299956639812,0.43252286314964294
6077003756021639808,334211618,11,1,5.0,2.48265745955544,0.6989700043360189,0.3949168026447296
6129584364863667840,334300225,10,3,2.0,2.3455520201515148,0.3010299956639812,0.3702450692653656
6129584364863667840,334300225,37,3,1.0,2.5476940416986227,0.0,0.4061472713947296
5906592342925665664,334323601,38,3,2.0,2.473942392942006,0.3010299956639812,0.39338958263397217
5908591151974504576,334425144,11,1,5.0,2.6821378937787013,0.6989700043360189,0.4284811019897461
6126585034583698944,334684206,10,2,4.0,2.476546133115155,0.6020599913279624,0.39384642243385315
6126585034583698944,334684206,37,2,2.0,2.5210560960701347,0.3010299956639812,0.4015825092792511
6126585034583698944,334684206,64,2,2.0,2.325831675746899,0.3010299956639812,0.36657828092575073
6126993159555441664,334791374,64,4,2.0,2.804446681225171,0.3010299956639812,0.4478471875190735
5856960834741830144,334928058,64,1,1.0,2.2370152762614675,0.0,0.349668949842453
6126648703176939392,335046558,10,2,4.0,2.5166613836507445,0.6020599913279624,0.40082478523254395
6126648703176939392,335046558,37,2,5.0,2.364256537934447,0.6989700043360189,0.37369459867477417
6126648698878768384,335046560,10,0,4.0,2.5745510828823983,0.6020599913279624,0.4107015132904053
5858220149181921536,335287811,11,3,6.0,2.386363502672276,0.7781512503836436,0.3777365982532501
5858220149181921536,335287811,64,3,2.0,3.0130800599386016,0.3010299956639812,0.479010671377182
5844952827734654720,335370623,11,0,3.0,2.7584587681165917,0.47712125471966244,0.4406664967536926
5844952827734654720,335370623,12,0,1.0,2.3843426031965085,0.0,0.37736865878105164
5844573358774024320,335376063,11,1,7.0,2.4360533876900825,0.8450980400142568,0.3866868019104004
5844573358774024320,335376063,12,1,3.0,2.4549520857511196,0.47712125471966244,0.3900430202484131
5844573358774024320,335376063,38,1,1.0,2.4414426445288893,0.0,0.38764652609825134
5857065971210881408,335598085,11,4,17.0,2.763408078216473,1.2304489213782739,0.4414450228214264
5857065971210881408,335598085,64,4,7.0,2.7119867348853064,0.8450980400142568,0.4332875609397888
6004427914044710400,335643748,11,2,5.0,2.356065263978126,0.6989700043360189,0.3721873164176941
6004427914044710400,335643748,38,2,4.0,2.3243323593651137,0.6020599913279624,0.36629822850227356
5844883348015456640,335836484,11,2,2.0,2.5384404139133876,0.3010299956639812,0.4045669734477997
5844883348015456640,335836484,12,2,4.0,2.4973512144426513,0.6020599913279624,0.3974796235561371
5844883348015456640,335836484,38,2,3.0,2.486332754400096,0.47712125471966244,0.39555925130844116
5121805541941481472,33625968,30,4,4.0,2.3949403081779543,0.6020599913279624,0.3792946934700012
5858234962585024256,336474663,11,3,1.0,2.4101176081991644,0.0,0.3820382356643677
5845050203239172608,337147104,11,4,4.0,2.6943524358226005,0.6020599913279624,0.43045440316200256
5845050203239172608,337147104,12,4,2.0,2.668714437872659,0.3010299956639812,0.42630210518836975
5844826212095061632,338248268,11,4,2.0,2.707617210603794,0.3010299956639812,0.43258726596832275
5844826212095061632,338248268,12,4,9.0,2.834469724035703,0.9542425094393249,0.4524718225002289
5844826212095061632,338248268,38,4,1.0,2.4612610940062676,0.0,0.39115768671035767
5844826212095061632,338248268,65,4,6.0,2.61395231861492,0.7781512503836436,0.4172976613044739
5861354547596192512,338273577,11,2,4.0,2.4596618157337837,0.6020599913279624,0.3908753991127014
5843962129072074496,338655076,11,2,1.0,2.5261495362548447,0.0,0.402459055185318
5843962129072074496,338655076,12,2,2.0,2.370717509139776,0.3010299956639812,0.3748798072338104
6059605569395167232,338669161,11,2,6.0,2.3654324279525993,0.7781512503836436,0.3739105463027954
6059605569395167232,338669161,64,2,1.0,2.5541467400848377,0.0,0.40724584460258484
5845197224226679168,339308290,11,3,1.0,2.410091642420805,0.0,0.3820335566997528
5845197224226679168,339308290,12,3,11.0,2.472924674464376,1.0413926851582251,0.39321088790893555
5845197224226679168,339308290,38,3,6.0,2.598093233032472,0.7781512503836436,0.4146547317504883
2993303106774038016,33938658,6,4,4.0,2.8131283257986235,0.6020599913279624,0.44918954372406006
2993303106774038016,33938658,33,4,4.0,2.7653936656879368,0.6020599913279624,0.4417569637298584
1007791368516748672,339538564,59,2,1.0,2.37426554013122,0.0,0.37552928924560547
1007791368516748672,339538564,60,2,1.0,2.4939657861435216,0.0,0.3968904912471771
5966510057279631488,339565401,12,0,3.0,2.5329649704349286,0.47712125471966244,0.4036291837692261
5966509748041919616,339567904,12,4,1.0,2.671576700806515,0.0,0.42676764726638794
5966509748041919616,339567904,39,4,2.0,2.7970673729766116,0.3010299956639812,0.4467029273509979
5485842086571808640,339633702,1,1,1.0,2.4979358402314937,0.0,0.3975812792778015
5485842086571808640,339633702,2,1,2.0,2.468793098879816,0.3010299956639812,0.3924846947193146
5485842086571808640,339633702,3,1,2.0,2.4502567544538496,0.3010299956639812,0.38921159505844116
5485842086571808640,339633702,4,1,1.0,2.4910811479459225,0.0,0.39638787508010864
5485842086571808640,339633702,6,1,1.0,2.3543472448759317,0.0,0.3718705177307129
5485842086571808640,339633702,9,1,1.0,2.493334694766188,0.0,0.3967805802822113
5485842086571808640,339633702,11,1,2.0,2.4338716554308313,0.3010299956639812,0.38629767298698425
5485842086571808640,339633702,12,1,1.0,2.165445552475642,0.0,0.3355472683906555
5485842086571808640,339633702,29,1,1.0,2.4969265852987315,0.0,0.3974057734012604
5485842086571808640,339633702,31,1,2.0,2.2351283684026466,0.3010299956639812,0.3493024706840515
5485842086571808640,339633702,33,1,1.0,2.74026183907624,0.0,0.4377920627593994
5485842086571808640,339633702,34,1,3.0,2.495630182598948,0.47712125471966244,0.3971802294254303
5485842086571808640,339633702,35,1,1.0,2.3293497740243505,0.0,0.3672347068786621
5485842086571808640,339633702,39,1,1.0,2.412681327292336,0.0,0.38249996304512024
5485842086571808640,339633702,62,1,3.0,2.4926478286381433,0.47712125471966244,0.3966609239578247
5485842086571808640,339633702,63,1,2.0,3.4513046637015075,0.3010299956639812,0.5379832983016968
5485842086571808640,339633702,66,1,1.0,2.456786171456091,0.0,0.3903673589229584
5485842086571808640,339633702,67,1,2.0,2.3126483737253465,0.3010299956639812,0.364109605550766
5486700500213084416,339634481,61,0,1.0,2.706340300967797,0.0,0.43238240480422974
5486700500213084416,339634481,63,0,2.0,2.7368288163626406,0.3010299956639812,0.437247633934021
5486699125824396928,339668420,3,4,3.0,2.54663305164479,0.47712125471966244,0.4059663712978363
5486699125824396928,339668420,6,4,1.0,2.5205032458921055,0.0,0.4014872610569
5486699125824396928,339668420,7,4,4.0,2.7604567113677634,0.6020599913279624,0.4409809410572052
5486699125824396928,339668420,9,4,3.0,2.570694578011449,0.47712125471966244,0.41005048155784607
5486699125824396928,339668420,10,4,3.0,2.617668032748592,0.47712125471966244,0.41791456937789917
5486699125824396928,339668420,13,4,5.0,2.3735914407738337,0.6989700043360189,0.3754059672355652
5486699125824396928,339668420,27,4,4.0,2.661733194600607,0.6020599913279624,0.42516452074050903
5486699125824396928,339668420,30,4,15.0,2.6875929249860246,1.1760912590556813,0.429363489151001
5486699125824396928,339668420,33,4,7.0,2.761891630896961,0.8450980400142568,0.4412066340446472
5486699125824396928,339668420,34,4,10.0,2.594314330916594,1.0,0.4140225946903229
5486699125824396928,339668420,35,4,3.0,2.713548960987155,0.47712125471966244,0.43353766202926636
5486699125824396928,339668420,36,4,3.0,2.8148382460772527,0.47712125471966244,0.4494534432888031
5486699125824396928,339668420,37,4,2.0,2.3044518241671272,0.3010299956639812,0.36256763339042664
5486699125824396928,339668420,61,4,1.0,2.7241310108983656,0.0,0.43522799015045166
5486699125824396928,339668420,62,4,3.0,2.750530707997301,0.47712125471966244,0.4394164979457855
5486699125824396928,339668420,67,4,1.0,2.5942368898783723,0.0,0.41400963068008423
5485564807780814848,339670771,63,2,2.0,2.4895537196113207,0.3010299956639812,0.3961215019226074
5485564807780814848,339670771,66,2,3.0,2.4010957505841475,0.47712125471966244,0.38040947914123535
5485564807780814848,339670771,67,2,1.0,2.386542660595421,0.0,0.37776920199394226
5293390756728204160,339770560,1,2,4.0,2.487159024404177,0.6020599913279624,0.3957035541534424
5293390756728204160,339770560,2,2,2.0,2.3701311048268674,0.3010299956639812,0.3747723698616028
5293390756728204160,339770560,3,2,3.0,2.376801886929347,0.47712125471966244,0.3759929835796356
5293390756728204160,339770560,4,2,5.0,2.6046619624876968,0.6989700043360189,0.4157513678073883
5293390756728204160,339770560,5,2,2.0,2.4617325323584525,0.3010299956639812,0.3912408649921417
5293390756728204160,339770560,6,2,3.0,2.372112611848625,0.47712125471966244,0.37513530254364014
5293390756728204160,339770560,7,2,7.0,2.4853740656697623,0.8450980400142568,0.3953917622566223
5293390756728204160,339770560,8,2,4.0,2.34416176065866,0.6020599913279624,0.3699875771999359
5293390756728204160,339770560,9,2,1.0,2.3443030017203683,0.0,0.3700137436389923
5293390756728204160,339770560,10,2,4.0,2.3824383448374724,0.6020599913279624,0.3770216703414917
5293390756728204160,339770560,11,2,2.0,2.385581686553333,0.3010299956639812,0.3775942921638489
5293390756728204160,339770560,12,2,5.0,2.3592531380532953,0.6989700043360189,0.37277454137802124
5293390756728204160,339770560,13,2,3.0,2.5214448590140215,0.47712125471966244,0.40164947509765625
5293390756728204160,339770560,27,2,2.0,2.3969675581889125,0.3010299956639812,0.3796621561050415
5293390756728204160,339770560,28,2,2.0,2.368032300023613,0.3010299956639812,0.37438762187957764
5293390756728204160,339770560,29,2,3.0,2.366034555430163,0.47712125471966244,0.37402108311653137
5293390756728204160,339770560,30,2,5.0,2.586205213965587,0.6989700043360189,0.41266298294067383
5293390756728204160,339770560,31,2,2.0,2.363515050995223,0.3010299956639812,0.37355837225914
5293390756728204160,339770560,32,2,3.0,2.369186493855499,0.47712125471966244,0.37459924817085266
5293390756728204160,339770560,33,2,3.0,2.565983007606066,0.47712125471966244,0.4092537760734558
5293390756728204160,339770560,34,2,2.0,2.383901690030496,0.3010299956639812,0.3772883415222168
5293390756728204160,339770560,37,2,5.0,2.3406130997654886,0.6989700043360189,0.36932963132858276
5293390756728204160,339770560,38,2,3.0,2.374679086797118,0.47712125471966244,0.37560492753982544
5293390756728204160,339770560,39,2,4.0,2.481983583639695,0.6020599913279624,0.3947989046573639
5293390756728204160,339770560,61,2,1.0,2.369744043608133,0.0,0.37470144033432007
5293390756728204160,339770560,62,2,2.0,2.3625740495913368,0.3010299956639812,0.3733854293823242
5293390756728204160,339770560,63,2,3.0,2.4609451068783357,0.47712125471966244,0.3911019265651703
5293390756728204160,339770560,64,2,6.0,2.3622681386513795,0.7781512503836436,0.37332919239997864
5293390756728204160,339770560,66,2,4.0,2.7102753136818563,0.6020599913279624,0.4330134093761444
5293390756728204160,339770560,67,2,1.0,2.3815507671293004,0.0,0.3768598437309265
5844296281847839232,339812943,11,0,4.0,2.7685117908113552,0.6020599913279624,0.44224637746810913
5844296281847839232,339812943,12,0,1.0,2.7295920281935944,0.0,0.43609774112701416
5844296281847839232,339812943,38,0,3.0,2.502092320438234,0.47712125471966244,0.3983033299446106
2327952401341889664,34014229,29,1,1.0,2.3184052078708928,0.0,0.3651893436908722
5293485001193584256,340175442,9,2,2.0,2.7552426801423295,0.3010299956639812,0.4401598572731018
5844015768940264320,340221485,11,4,3.0,2.5233906121305374,0.47712125471966244,0.40198448300361633
5292768703727832192,340357600,9,1,3.0,2.481641945979309,0.47712125471966244,0.3947391211986542
5488115915276958464,340481541,8,2,2.0,2.615668789286418,0.3010299956639812,0.41758275032043457
5488115915276958464,340481541,9,2,1.0,2.3981677812248376,0.0,0.37987956404685974
5840638344087346048,341448790,11,3,2.0,2.4909269612972422,0.3010299956639812,0.39636099338531494
5840638344087346048,341448790,12,3,2.0,2.4902043599473576,0.3010299956639812,0.39623498916625977
5840638344087346048,341448790,38,3,2.0,2.4572690621626365,0.3010299956639812,0.39045271277427673
5840638344087346048,341448790,39,3,3.0,2.49004681010661,0.47712125471966244,0.3962075114250183
5320108854927493888,341935294,7,1,1.0,2.4773278404038166,0.0,0.39398348331451416
5320108854927493888,341935294,8,1,5.0,2.420569408501777,0.6989700043360189,0.38391754031181335
5320108854927493888,341935294,35,1,1.0,2.4262598759990355,0.0,0.3849373161792755
5320108854927493888,341935294,36,1,1.0,2.2217838256308946,0.0,0.34670180082321167
5850553602536293248,342299823,11,2,1.0,2.460675426814157,0.0,0.39105433225631714
5413254188633184384,34389887,62,4,1.0,2.6081056605872535,0.0,0.416325181722641
5413254188633184384,34389887,63,4,2.0,2.438279909354678,0.3010299956639812,0.3870835602283478
5505105362790244224,343938690,61,4,1.0,2.803928659556087,0.0,0.4477669596672058
5503885317200203520,343965791,61,1,6.0,2.483968089302975,0.7781512503836436,0.3951460123062134
5503885317200203520,343965791,62,1,3.0,2.49305513537803,0.47712125471966244,0.3967318832874298
5508502991159287552,343968113,61,4,3.0,2.675817184664637,0.47712125471966244,0.42745643854141235
5508502991159287552,343968113,62,4,4.0,2.528543598924363,0.6020599913279624,0.40287044644355774
5505436143991422848,344081548,62,0,1.0,2.662336205319177,0.0,0.4252628982067108
5508890186753537152,344082984,61,4,21.0,2.634647119887241,1.3222192947339193,0.42072245478630066
5508890186753537152,344082984,62,4,9.0,2.773641678738239,0.9542425094393249,0.443050354719162
5505581176447311488,344138787,62,1,3.0,2.669877406074405,0.47712125471966244,0.42649132013320923
3463395523652894336,345135732,10,0,4.0,2.637561531201624,0.6020599913279624,0.4212026000022888
3463395523652894336,345135732,37,0,9.0,2.786643503531367,0.9542425094393249,0.4450814127922058
3463395523652894336,345135732,63,0,11.0,2.7214410171075203,1.0413926851582251,0.434798926115036
3463395519358168064,345135733,10,4,4.0,2.7450097157856956,0.6020599913279624,0.4385438859462738
3463395519358168064,345135733,37,4,8.0,2.386400676016658,0.9030899869919435,0.37774336338043213
3463395519358168064,345135733,63,4,8.0,2.6000997401293664,0.9030899869919435,0.41499000787734985
2011423520771256192,345521596,57,1,2.0,2.3268032292402374,0.3010299956639812,0.36675965785980225
462484350477522560,346022781,59,3,1.0,2.5577416350360482,0.0,0.40785667300224304
50706216395526144,346537908,43,3,3.0,2.478739243475598,0.47712125471966244,0.39423084259033203
51096508663685632,346538348,42,2,2.0,2.3321236253801882,0.3010299956639812,0.3677515685558319
51096508663685632,346538348,43,2,1.0,2.488359499078645,0.0,0.39591312408447266
51096508663685632,346538348,44,2,2.0,2.3851686963548047,0.3010299956639812,0.3775191009044647
63627264728628224,346539090,42,2,3.0,2.380311163969253,0.47712125471966244,0.37663373351097107
63849572235829248,346539640,42,1,1.0,2.5067349135716355,0.0,0.3991084098815918
63849572235829248,346539640,43,1,2.0,2.6505601739494673,0.3010299956639812,0.4233376681804657
63849572235829248,346539640,44,1,3.0,2.521959841602328,0.47712125471966244,0.40173816680908203
64095656682494720,346539959,42,0,1.0,2.7750834519764966,0.0,0.443276047706604
64095656682494720,346539959,44,0,1.0,2.70746076887454,0.0,0.4325621724128723
64103009666497024,346540010,42,1,2.0,2.506737493844823,0.3010299956639812,0.3991088569164276
64103009666497024,346540010,43,1,2.0,2.495469549555554,0.3010299956639812,0.39715227484703064
64103009666497024,346540010,44,1,2.0,2.5591900711982234,0.3010299956639812,0.40810254216194153
64157023175179776,346540116,42,4,1.0,2.7986780331893875,0.0,0.4469529390335083
65671634801986048,346540165,43,3,4.0,2.522691311453234,0.6020599913279624,0.40186411142349243
65671634801986048,346540165,44,3,1.0,2.484813011966354,0.0,0.3952937126159668
65673593307063552,346540234,42,4,2.0,2.6825089737103673,0.3010299956639812,0.4285411834716797
65673593307063552,346540234,43,4,5.0,2.3798375174873407,0.6989700043360189,0.37654730677604675
65673593307063552,346540234,44,4,2.0,2.619577843313022,0.3010299956639812,0.4182313084602356
65675895409522048,346540283,44,0,1.0,2.6055856660596266,0.0,0.4159053564071655
66468918172339328,346540519,44,2,1.0,2.6847212403869105,0.0,0.42889919877052307
66480944080770176,346540537,42,4,1.0,2.784983772836202,0.0,0.44482266902923584
66481734354737792,346540567,42,1,1.0,2.0617869834238496,0.0,0.31424379348754883
66481734354737792,346540567,44,1,1.0,2.4683340283635418,0.0,0.3924039304256439
66481837433947392,346540571,42,1,1.0,2.3638866575770696,0.0,0.3736266493797302
66481837433947392,346540571,43,1,2.0,2.5457788127218826,0.3010299956639812,0.40582066774368286
66481837433947392,346540571,44,1,2.0,2.1911773478138374,0.3010299956639812,0.34067752957344055
71873842454589568,346541383,42,4,1.0,2.6102875551036746,0.0,0.41668835282325745
71873842454589568,346541383,58,4,1.0,2.6284560035193603,0.0,0.4197007119655609
71422522993688448,346541690,58,4,8.0,2.6473690568915753,0.9030899869919435,0.4228144884109497
70165476262750976,346543067,43,4,2.0,2.6990335479842287,0.3010299956639812,0.4312082827091217
70165476262750976,346543067,44,4,2.0,2.68232710867856,0.3010299956639812,0.42851173877716064
70158977974956672,346543146,42,3,3.0,2.5794536179149907,0.47712125471966244,0.41152772307395935
70158977974956672,346543146,43,3,5.0,2.474097226041601,0.6989700043360189,0.39341676235198975
70158977974956672,346543146,44,3,7.0,2.4727660119386887,0.8450980400142568,0.39318302273750305
68606918530067072,346543276,42,4,1.0,2.751044339181786,0.0,0.43949759006500244
68606918530067072,346543276,44,4,1.0,2.5345510354447383,0.0,0.40390104055404663
68580530251050496,346543450,42,0,1.0,2.6454130254975143,0.0,0.42249348759651184
68580530251050496,346543450,43,0,6.0,2.5802405396174004,0.7781512503836436,0.41166019439697266
68580530251050496,346543450,44,0,4.0,2.419832677789093,0.6020599913279624,0.38378533720970154
68356367317952256,346592043,42,4,3.0,2.6783975679392404,0.47712125471966244,0.4278750419616699
68356367317952256,346592043,43,4,4.0,2.771948224189756,0.6020599913279624,0.4427851140499115
68356367317952256,346592043,44,4,3.0,2.55825367324127,0.47712125471966244,0.40794360637664795
68334235349446528,346592180,42,0,2.0,2.5401799867135377,0.3010299956639812,0.40486449003219604
68334235349446528,346592180,43,0,2.0,2.8960406811633694,0.3010299956639812,0.46180465817451477
68162921990400256,346592477,43,0,1.0,2.5447652454777274,0.0,0.40564772486686707
68162921990400256,346592477,44,0,2.0,2.7323806410006104,0.3010299956639812,0.43654119968414307
68186114813689344,346592587,43,0,1.0,2.2949779148617595,0.0,0.3607785105705261
68283421593270400,346592680,43,2,1.0,2.4366009237236588,0.0,0.3867844045162201
68385603159177344,346592949,44,1,1.0,2.24589016871705,0.0,0.35138851404190063
68577300435634432,346593056,42,2,1.0,2.67183520855661,0.0,0.4268096685409546
68581694185489920,346593111,43,4,1.0,2.719923521973502,0.0,0.4345566928386688
68591456647799552,346593207,44,0,1.0,2.648308814548229,0.0,0.42296862602233887
70160287942261376,346593421,43,3,2.0,2.676154517615725,0.3010299956639812,0.42751118540763855
70160287942261376,346593421,44,3,1.0,2.423811793122244,0.0,0.3844988942146301
71404385348752768,346594718,42,0,1.0,2.605621784212594,0.0,0.41591137647628784
71404385348752768,346594718,58,0,1.0,2.5482899280508238,0.0,0.4062488377094269
70472789763930496,346624368,42,1,1.0,2.4551220724808864,0.0,0.39007309079170227
70472789763930496,346624368,43,1,1.0,2.4001969396651806,0.0,0.3802468776702881
69985499953396480,346625064,42,0,3.0,2.687735123531191,0.47712125471966244,0.4293864667415619
69985499953396480,346625064,43,0,1.0,2.353348041126152,0.0,0.3716861605644226
69985499953396480,346625064,44,0,1.0,2.6446276421220034,0.0,0.4223645329475403
69983369649631872,346625140,42,2,2.0,2.3267170086149362,0.3010299956639812,0.3667435646057129
69983369649631872,346625140,43,2,2.0,2.4638374543288615,0.3010299956639812,0.39161205291748047
69983369649631872,346625140,44,2,1.0,2.417644236946103,0.0,0.3833923935890198
66950435545271680,346625318,42,2,1.0,2.3601620441647198,0.0,0.3729418218135834
66950435545271680,346625318,43,2,1.0,2.3951105772164833,0.0,0.3793255686759949
66779564565300224,346625667,43,2,1.0,2.4452037423173065,0.0,0.3883150517940521
66779358406877568,346625675,42,1,3.0,3.2130208422635276,0.47712125471966244,0.5069135427474976
66779358406877568,346625675,44,1,4.0,2.495611858264498,0.6020599913279624,0.3971770405769348
66774513683782912,346625763,42,1,4.0,2.3630390711748563,0.6020599913279624,0.37347090244293213
66774513683782912,346625763,43,1,9.0,2.557728822230286,0.9542425094393249,0.40785449743270874
66774513683782912,346625763,44,1,6.0,2.5139010912749056,0.7781512503836436,0.4003481864929199
66745754582838272,346625996,42,2,1.0,2.4180165553309263,0.0,0.38345927000045776
66745754582838272,346625996,44,2,1.0,2.3507997805398086,0.0,0.3712156414985657
66745170467302656,346626038,42,3,1.0,2.427584377973532,0.0,0.38517433404922485
66745170467302656,346626038,43,3,2.0,2.539980580234665,0.3010299956639812,0.4048303961753845
66722355601033600,346626051,42,2,5.0,2.373894582604392,0.6989700043360189,0.3754614293575287
66722355601033600,346626051,43,2,4.0,2.3776717049015677,0.6020599913279624,0.3761518895626068
66722355601033600,346626051,44,2,2.0,2.345240266446262,0.3010299956639812,0.37018734216690063
66532621126978304,346626130,42,0,3.0,2.430818310658124,0.47712125471966244,0.38575249910354614
66532621126978304,346626130,43,0,4.0,2.595871118884653,0.6020599913279624,0.4142831265926361
66532621126978304,346626130,44,0,1.0,2.6690563701045127,0.0,0.4263577461242676
6347785471046590080,346699497,66,3,2.0,2.613543015457862,0.3010299956639812,0.41722965240478516
6347785471046590080,346699497,67,3,4.0,2.5098245413647104,0.6020599913279624,0.3996433615684509
6347593949864940672,346699902,12,2,3.0,2.6437314610615674,0.47712125471966244,0.42221733927726746
6347593949864940672,346699902,13,2,3.0,2.436492744255681,0.47712125471966244,0.38676512241363525
115111724898931840,34688359,44,4,1.0,2.817261526372276,0.0,0.4498271644115448
230065150189406080,346893664,59,1,8.0,2.468651641853269,0.9030899869919435,0.39245980978012085
226446348183951616,347043631,59,4,1.0,2.538878549205076,0.0,0.40464192628860474
226367423865175808,347049918,59,3,6.0,2.4887927477037763,0.7781512503836436,0.39598873257637024
230355107723858688,347121672,59,2,1.0,2.3704770739589054,0.0,0.3748357594013214
227020465053797760,347126347,59,1,1.0,2.501547577111622,0.0,0.39820876717567444
423254497156733440,347308085,57,0,2.0,2.1601221921766793,0.3010299956639812,0.33447831869125366
423254497156733440,347308085,58,0,5.0,2.7398325698531023,0.6989700043360189,0.4377240240573883
242053950101197184,347568056,58,1,1.0,2.134892942271499,0.0,0.32937610149383545
245357913824994560,347638371,59,4,3.0,2.6259653600990815,0.47712125471966244,0.4192889928817749
231659132813603968,347718143,19,2,2.0,2.3699582205126117,0.3010299956639812,0.37474068999290466
231659132813603968,347718143,59,2,4.0,2.371623345570481,0.6020599913279624,0.3750457167625427
245073999307152384,347813262,59,3,4.0,2.475091478579165,0.6020599913279624,0.3935912549495697
243800008926727936,347817973,59,2,1.0,2.346886897405667,0.0,0.370492160320282
232930099535920000,347989162,59,2,1.0,2.3255265327022165,0.0,0.36652129888534546
115474112763499136,34819306,58,4,7.0,2.6389133728432292,0.8450980400142568,0.42142513394355774
122767864881453568,34850833,58,4,3.0,2.5999955419933904,0.47712125471966244,0.41497260332107544
111728390182594304,34854440,44,3,1.0,2.4364890659038014,0.0,0.3867644667625427
70252681278085376,348638018,42,3,1.0,2.3782516515860386,0.0,0.3762578070163727
70252681278085376,348638018,43,3,1.0,2.4800120657732316,0.0,0.3944537937641144
70252681278085376,348638018,44,3,2.0,2.514387788765017,0.3010299956639812,0.4004322588443756
70248180152474368,348638062,42,4,1.0,2.6326947070222655,0.0,0.4204005002975464
70248180152474368,348638062,43,4,3.0,2.5981780991969186,0.47712125471966244,0.4146689176559448
70248180152474368,348638062,44,4,9.0,2.619418219809347,0.9542425094393249,0.4182048439979553
69942515919994368,348638324,42,0,1.0,2.4102388406625765,0.0,0.38206008076667786
69942515919994368,348638324,44,0,2.0,2.6633052177440084,0.3010299956639812,0.42542093992233276
69934334006064768,348638386,43,1,3.0,2.449180542855275,0.47712125471966244,0.38902080059051514
69934334006064768,348638386,44,1,1.0,2.5039373968351515,0.0,0.3986234664916992
69932276717968512,348638399,42,2,1.0,2.642724413771317,0.0,0.42205187678337097
69932276717968512,348638399,43,2,3.0,2.467078542472059,0.47712125471966244,0.39218297600746155
69930764889482752,348638415,44,0,2.0,2.3349834582268083,0.3010299956639812,0.36828380823135376
69930283851373184,348638431,42,4,2.0,2.6645276300354,0.3010299956639812,0.4256202280521393
69930283851373184,348638431,43,4,2.0,2.682858380605784,0.3010299956639812,0.42859774827957153
69930283851373184,348638431,44,4,5.0,2.6229278649906025,0.6989700043360189,0.41878634691238403
69892385061858944,348638527,42,1,3.0,2.25483214501864,0.47712125471966244,0.35311421751976013
69892385061858944,348638527,43,1,6.0,2.4677448153690955,0.7781512503836436,0.39230024814605713
69892385061858944,348638527,44,1,7.0,2.2816333154812525,0.8450980400142568,0.358245849609375
69838131035001856,348638623,43,1,1.0,2.3844725204377553,0.0,0.37739232182502747
69824730737081600,348638743,42,4,1.0,2.402804187874828,0.0,0.3807183802127838
69823940463098752,348638763,42,1,3.0,2.557812545423001,0.47712125471966244,0.40786871314048767
69823940463098752,348638763,43,1,4.0,2.1567312163661776,0.6020599913279624,0.33379602432250977
69823940463098752,348638763,44,1,3.0,2.5818025242401466,0.47712125471966244,0.41192302107810974
69811639676769536,348638801,42,2,2.0,2.3364955775470464,0.3010299956639812,0.3685649633407593
68322145018429952,348638809,42,2,1.0,2.4133464893241063,0.0,0.3826196789741516
68310359628169088,348638810,42,3,2.0,2.5716944719575086,0.3010299956639812,0.41021937131881714
68310359628169088,348638810,44,3,3.0,2.4868272547620562,0.47712125471966244,0.3956456184387207
68310359628169472,348638812,42,3,2.0,2.6425871353509334,0.3010299956639812,0.4220293164253235
68310359628169472,348638812,43,3,2.0,2.509543821934044,0.3010299956639812,0.399594783782959
68310359628169472,348638812,44,3,3.0,2.4551532407993766,0.47712125471966244,0.390078604221344
69811364798863744,348638813,42,1,4.0,2.4840855361327043,0.6020599913279624,0.3951665461063385
69811364798863744,348638813,43,1,4.0,2.414627653818998,0.6020599913279624,0.38285017013549805
69811364798863744,348638813,44,1,5.0,2.4539310653457367,0.6989700043360189,0.3898623585700989
68308882159427840,348638859,42,1,1.0,2.517841369125943,0.0,0.4010283648967743
68308882159427840,348638859,43,1,1.0,4.2208804014837655,0.0,0.6254030466079712
68308882159427840,348638859,44,1,3.0,2.4795512494025638,0.47712125471966244,0.3943730890750885
68303487680516224,348638902,42,0,4.0,2.3001131559353274,0.6020599913279624,0.36174920201301575
68303487680516224,348638902,43,0,10.0,2.4924890979609553,1.0,0.3966332674026489
68303487680516224,348638902,44,0,7.0,2.7372420245278546,0.8450980400142568,0.4373131990432739
68303728198686080,348638903,42,3,1.0,2.3411271352398404,0.0,0.3694249987602234
68303728198686080,348638903,43,3,3.0,2.5586095448627812,0.47712125471966244,0.4080040156841278
68303728198686080,348638903,44,3,2.0,2.5065403686230074,0.3010299956639812,0.3990747034549713
65299965511216384,348638938,42,4,3.0,2.681463234134095,0.47712125471966244,0.4283718466758728
65299965511216384,348638938,43,4,1.0,2.767311745473645,0.0,0.44205808639526367
65299381395665664,348638969,43,0,3.0,2.7305930149504136,0.47712125471966244,0.4362569749355316
65299381395665664,348638969,44,0,5.0,2.5881600918330787,0.6989700043360189,0.41299113631248474
65293368441513344,348638984,42,3,1.0,2.4762973439394784,0.0,0.39380279183387756
65293368441513344,348638984,43,3,2.0,2.439200346222303,0.3010299956639812,0.3872474730014801
65292268929825408,348639006,42,1,1.0,2.500557968912035,0.0,0.398036926984787
65285633203088768,348639093,42,3,1.0,2.54388387672508,0.0,0.405497282743454
65248151025861120,348639179,42,4,2.0,2.7532940442495755,0.3010299956639812,0.43985259532928467
65248151025861120,348639179,43,4,2.0,2.6329046443866866,0.3010299956639812,0.4204351305961609
65248151025861120,348639179,44,4,3.0,2.6014075676317336,0.47712125471966244,0.4152083992958069
46843632046026240,348665154,43,4,8.0,2.561409084497329,0.9030899869919435,0.4084789454936981
46843632046026240,348665154,44,4,9.0,2.674546645788996,0.9542425094393249,0.4272501766681671
5419087269618221824,34870785,62,3,6.0,2.3995714631011102,0.7781512503836436,0.3801336884498596
5419087269618221824,34870785,63,3,7.0,2.546888208229269,0.8450980400142568,0.40600988268852234
66584332530000512,348722861,42,0,1.0,2.5541481422583145,0.0,0.40724608302116394
66584332530000512,348722861,43,0,2.0,2.460386191067186,0.3010299956639812,0.391003280878067
66584332530000512,348722861,44,0,5.0,2.7190805652602648,0.6989700043360189,0.4344220757484436
67085641114472320,348723421,42,3,2.0,2.532054153606919,0.3010299956639812,0.40347298979759216
67331381964358656,348723803,42,2,1.0,2.346051685040449,0.0,0.370337575674057
67285614792891264,348768846,42,0,3.0,2.2581181038340463,0.47712125471966244,0.3537466526031494
67285614792891264,348768846,43,0,5.0,2.6070638795974572,0.6989700043360189,0.41615167260169983
67285614792891264,348768846,44,0,1.0,2.6832610465660363,0.0,0.4286629259586334
67281869581448704,348768951,43,1,2.0,2.419883823172708,0.3010299956639812,0.38379451632499695
66628995894842624,348769378,43,0,1.0,2.56483132546274,0.0,0.4090588092803955
66628995894842624,348769378,44,0,2.0,2.1556368858258503,0.3010299956639812,0.33357560634613037
66624357329718400,348769440,44,4,1.0,2.6819012098851873,0.0,0.4284427762031555
66581549393480704,348769589,42,4,2.0,2.638660766441998,0.3010299956639812,0.4213835597038269
66581549393480704,348769589,43,4,1.0,2.4512604341524753,0.0,0.3893894553184509
66581549393480704,348769589,44,4,2.0,2.7050955504546885,0.3010299956639812,0.4321826100349426
121984909523078016,34883452,58,3,2.0,2.5460676039185053,0.3010299956639812,0.4058699309825897
5496747081552620928,348839142,61,4,5.0,2.7302182810653006,0.6989700043360189,0.4361973702907562
5496747081552620928,348839142,62,4,3.0,2.6396374640891964,0.47712125471966244,0.42154428362846375
5496747081552620928,348839142,63,4,5.0,2.6146718933232336,0.6989700043360189,0.4174171984195709
5496747081552620928,348839142,64,4,1.0,2.7680393461985506,0.0,0.44217225909233093
5496747081552620928,348839142,65,4,5.0,2.7783951492067565,0.6989700043360189,0.44379401206970215
5496747081552620928,348839142,66,4,1.0,2.7739797323482085,0.0,0.44310328364372253
5496747081552620928,348839142,67,4,2.0,2.798717980281458,0.3010299956639812,0.44695913791656494
5484571119849822464,348839788,1,3,3.0,2.4027135022037402,0.47712125471966244,0.3807019889354706
5484571119849822464,348839788,2,3,2.0,2.582572971908994,0.3010299956639812,0.41205260157585144
5484571119849822464,348839788,3,3,1.0,2.540411485197394,0.0,0.4049040675163269
5484571119849822464,348839788,4,3,2.0,2.512676741852421,0.3010299956639812,0.4001366198062897
5484571119849822464,348839788,6,3,1.0,2.45735894021675,0.0,0.3904685974121094
5484571119849822464,348839788,9,3,1.0,2.462721646963275,0.0,0.3914153277873993
5484571119849822464,348839788,10,3,2.0,2.477014209999043,0.3010299956639812,0.39392849802970886
5484571119849822464,348839788,11,3,4.0,2.389329199136606,0.6020599913279624,0.378275990486145
5484571119849822464,348839788,12,3,2.0,2.499180789673719,0.3010299956639812,0.39779767394065857
5484571119849822464,348839788,13,3,2.0,2.5056657049867748,0.3010299956639812,0.3989231288433075
5484571119849822464,348839788,27,3,1.0,2.4460042588551296,0.0,0.38845720887184143
5484571119849822464,348839788,30,3,4.0,2.3749686775113794,0.6020599913279624,0.3756578862667084
5484571119849822464,348839788,31,3,1.0,2.570294164880891,0.0,0.409982830286026
5484571119849822464,348839788,32,3,1.0,2.4943919658244047,0.0,0.3969646990299225
5484571119849822464,348839788,33,3,2.0,2.5321233092763458,0.3010299956639812,0.40348485112190247
5484571119849822464,348839788,34,3,6.0,2.882608745148848,0.7781512503836436,0.45978569984436035
5484571119849822464,348839788,36,3,1.0,2.231352895045165,0.0,0.34856826066970825
5484571119849822464,348839788,37,3,1.0,2.513155614109969,0.0,0.4002193808555603
5484571119849822464,348839788,38,3,3.0,2.518563348609088,0.47712125471966244,0.4011528789997101
5484571119849822464,348839788,39,3,2.0,2.390273967868099,0.3010299956639812,0.37844768166542053
5484571119849822464,348839788,61,3,2.0,2.5162628252244468,0.3010299956639812,0.40075600147247314
5484571119849822464,348839788,63,3,3.0,2.4913746759577076,0.47712125471966244,0.3964390456676483
5484571119849822464,348839788,64,3,2.0,2.515725527482624,0.3010299956639812,0.40066325664520264
5484571119849822464,348839788,66,3,3.0,2.4898320320761216,0.47712125471966244,0.396170049905777
5484571119849822464,348839788,67,3,1.0,2.577240371714149,0.0,0.41115492582321167
111721552594418304,34885758,42,2,5.0,2.363793709902211,0.6989700043360189,0.3736095726490021
163511608280866816,348867108,43,0,2.0,2.5673788517893223,0.3010299956639812,0.4094899594783783
163891901865601408,348887616,44,1,3.0,2.280142619356337,0.47712125471966244,0.3579620122909546
5479628029106555776,348899935,28,3,2.0,2.333753680127024,0.3010299956639812,0.3680550158023834
5479628029106555776,348899935,29,3,2.0,2.4020471499573928,0.3010299956639812,0.3805815279483795
5479628029106555776,348899935,30,3,2.0,2.598981434109336,0.3010299956639812,0.4148031771183014
5479628029106555776,348899935,31,3,3.0,2.4284717804967695,0.47712125471966244,0.3853330612182617
5479628029106555776,348899935,32,3,1.0,2.4651543884956246,0.0,0.39184412360191345
5479628029106555776,348899935,33,3,2.0,2.4669170386025403,0.3010299956639812,0.3921545445919037
5479628029106555776,348899935,34,3,2.0,2.489984271393529,0.3010299956639812,0.3961966037750244
5479628029106555776,348899935,35,3,1.0,2.4659895272278303,0.0,0.3919912278652191
5479628029106555776,348899935,36,3,5.0,2.613254102524074,0.6989700043360189,0.4171816408634186
5479628029106555776,348899935,37,3,2.0,2.4736232500214084,0.3010299956639812,0.3933335542678833
5479628029106555776,348899935,38,3,2.0,2.478285976433262,0.3010299956639812,0.3941514194011688
5479628029106555776,348899935,39,3,2.0,2.528592357021774,0.3010299956639812,0.4028788208961487
148021722825803904,349003587,43,2,2.0,2.4663799534665896,0.3010299956639812,0.39205998182296753
148021722825803904,349003587,44,2,1.0,2.369157229775985,0.0,0.3745938837528229
5287208409004384384,349055504,5,1,8.0,2.5126977778961788,0.9030899869919435,0.40014025568962097
5287208409004384384,349055504,6,1,2.0,2.268912745763262,0.3010299956639812,0.3558177947998047
5287208409004384384,349055504,7,1,3.0,2.3257617701961175,0.47712125471966244,0.3665652275085449
5287208409004384384,349055504,8,1,2.0,2.4929817434021615,0.3010299956639812,0.3967190980911255
5287208409004384384,349055504,12,1,6.0,2.494168255201002,0.7781512503836436,0.39692574739456177
5287208409004384384,349055504,13,1,3.0,2.5102224245267575,0.47712125471966244,0.3997122049331665
5287208409004384384,349055504,27,1,1.0,2.379149917914816,0.0,0.37642180919647217
5287208409004384384,349055504,28,1,1.0,2.383124768835208,0.0,0.37714678049087524
5287208409004384384,349055504,29,1,2.0,2.4594245114566,0.3010299956639812,0.3908334970474243
5287208409004384384,349055504,30,1,2.0,2.4858907222548416,0.3010299956639812,0.39548203349113464
5287208409004384384,349055504,34,1,2.0,2.4684039845188703,0.3010299956639812,0.39241623878479004
5287208409004384384,349055504,36,1,3.0,2.226622503851283,0.47712125471966244,0.3476465940475464
5287208409004384384,349055504,37,1,6.0,2.3729478203571177,0.7781512503836436,0.375288188457489
5287208409004384384,349055504,38,1,4.0,2.884979105117435,0.6020599913279624,0.46014267206192017
5287208409004384384,349055504,39,1,2.0,2.583245618166264,0.3010299956639812,0.41216570138931274
5287208409004384384,349055504,61,1,5.0,2.586058804068558,0.6989700043360189,0.412638396024704
5287208409004384384,349055504,62,1,3.0,2.422636972435803,0.47712125471966244,0.38428834080696106
5287208409004384384,349055504,63,1,4.0,2.8322679702564506,0.6020599913279624,0.4521343410015106
5287208409004384384,349055504,64,1,2.0,2.5151527894883015,0.3010299956639812,0.40056437253952026
5287208409004384384,349055504,65,1,1.0,2.509791990079036,0.0,0.39963772892951965
5287208409004384384,349055504,66,1,2.0,2.4916962801250566,0.3010299956639812,0.39649510383605957
3420008412568724736,349072683,43,3,3.0,2.429756139161244,0.47712125471966244,0.3855626881122589
3420008412568724736,349072683,44,3,1.0,2.5263495905394344,0.0,0.4024934470653534
5281448892220945536,349195685,2,2,1.0,2.72959952064829,0.0,0.43609893321990967
5281448892220945536,349195685,4,2,1.0,2.4721185707506885,0.0,0.3930692970752716
5281448892220945536,349195685,5,2,2.0,2.3689600318210453,0.3010299956639812,0.3745577335357666
5281448892220945536,349195685,7,2,7.0,2.4205315368029447,0.8450980400142568,0.38391074538230896
5281448892220945536,349195685,8,2,1.0,2.3147659170551984,0.0,0.3645070791244507
5281448892220945536,349195685,9,2,2.0,2.5365622544083846,0.3010299956639812,0.404245525598526
5281448892220945536,349195685,10,2,2.0,2.485603810224656,0.3010299956639812,0.39543190598487854
5281448892220945536,349195685,11,2,1.0,2.37514893581975,0.0,0.37569084763526917
5281448892220945536,349195685,12,2,1.0,2.4637605266786964,0.0,0.39159849286079407
5281448892220945536,349195685,13,2,2.0,2.3521290896703357,0.3010299956639812,0.3714611530303955
5281448892220945536,349195685,27,2,1.0,2.3278012259289085,0.0,0.36694589257240295
5281448892220945536,349195685,29,2,1.0,2.375844998179137,0.0,0.3758181035518646
5281448892220945536,349195685,30,2,1.0,2.5508598845201242,0.0,0.40668660402297974
5281448892220945536,349195685,31,2,4.0,2.460731488113628,0.6020599913279624,0.39106422662734985
5281448892220945536,349195685,33,2,3.0,2.3574829668201027,0.47712125471966244,0.37244856357574463
5281448892220945536,349195685,34,2,1.0,2.469564563455631,0.0,0.39262038469314575
5281448892220945536,349195685,35,2,1.0,2.553594518863481,0.0,0.4071519374847412
5281448892220945536,349195685,36,2,2.0,2.3606873387122818,0.3010299956639812,0.37303847074508667
5281448892220945536,349195685,37,2,3.0,2.3683698366190717,0.47712125471966244,0.3744495213031769
5281448892220945536,349195685,38,2,2.0,2.4832769871512306,0.3010299956639812,0.3950251638889313
5281448892220945536,349195685,39,2,2.0,2.4001966102507346,0.3010299956639812,0.3802468180656433
5281448892220945536,349195685,62,2,1.0,2.3738080830569963,0.0,0.3754456043243408
5281448892220945536,349195685,64,2,3.0,2.3399210971833355,0.47712125471966244,0.3692012131214142
5281448892220945536,349195685,65,2,2.0,2.4440681969209748,0.3010299956639812,0.3881133198738098
5281448892220945536,349195685,66,2,1.0,2.355696665119305,0.0,0.37211936712265015
5281448892220945536,349195685,67,2,2.0,2.371584124001275,0.3010299956639812,0.3750385344028473
120907044530235776,349294505,58,2,2.0,2.3626228498593678,0.3010299956639812,0.3733943998813629
122143479715593472,34942528,43,2,2.0,2.3285180863820463,0.3010299956639812,0.36707961559295654
122143479715593472,34942528,58,2,2.0,2.374947490724474,0.3010299956639812,0.375654011964798
170677640956492160,349448154,43,0,1.0,2.229574035088003,0.0,0.34822189807891846
170677640956492160,349448154,59,0,3.0,2.474120655578374,0.47712125471966244,0.39342087507247925
173117525974708096,349583705,43,4,1.0,2.6322551935900713,0.0,0.4203279912471771
173117525974708096,349583705,44,4,2.0,2.8087394326708566,0.3010299956639812,0.4485114514827728
172910744773671936,349689239,44,3,2.0,2.4903754204642077,0.3010299956639812,0.39626482129096985
171644901948236160,349696696,44,2,1.0,2.2890096925310535,0.0,0.35964763164520264
5491972001335869440,349920992,62,4,1.0,2.667261851792871,0.0,0.4260656535625458
5879951932099030528,35001854,11,4,3.0,2.722724491067003,0.47712125471966244,0.43500369787216187
5879951932099030528,35001854,12,4,3.0,2.5631995758740374,0.47712125471966244,0.408782422542572
5879951932099030528,35001854,38,4,3.0,2.568436676126844,0.47712125471966244,0.40966886281967163
5289206152913535360,350092591,27,1,1.0,1.9542554083394499,0.0,0.29098132252693176
5289206152913535360,350092591,28,1,1.0,2.188725685169713,0.0,0.3401913344860077
5289206152913535360,350092591,29,1,1.0,2.492368859360082,0.0,0.3966123163700104
5289206152913535360,350092591,30,1,2.0,2.484080592685401,0.3010299956639812,0.39516568183898926
5289206152913535360,350092591,31,1,3.0,2.3346609332263464,0.47712125471966244,0.36822381615638733
5289206152913535360,350092591,32,1,3.0,2.2731066112319254,0.47712125471966244,0.35661980509757996
5289206152913535360,350092591,33,1,2.0,2.508247925363042,0.3010299956639812,0.3993704617023468
5289206152913535360,350092591,34,1,2.0,2.4517482955599688,0.3010299956639812,0.38947588205337524
5289206152913535360,350092591,35,1,1.0,2.4512749003698,0.0,0.38939201831817627
5289206152913535360,350092591,36,1,1.0,2.5183673672194185,0.0,0.40111908316612244
5289206152913535360,350092591,38,1,2.0,2.7635074469867105,0.3010299956639812,0.44146063923835754
5289206152913535360,350092591,61,1,1.0,2.5095455440434145,0.0,0.39959508180618286
5289206152913535360,350092591,62,1,1.0,2.477581153563302,0.0,0.3940278887748718
5289206152913535360,350092591,63,1,1.0,2.267156060579463,0.0,0.35548141598701477
5289206152913535360,350092591,64,1,3.0,2.446451957483337,0.47712125471966244,0.3885366916656494
5289206152913535488,350092592,27,4,1.0,2.6941712468873447,0.0,0.4304251968860626
5289206152913535488,350092592,30,4,2.0,2.7727679934251563,0.3010299956639812,0.4429135322570801
5289206152913535488,350092592,31,4,2.0,2.6620693000541658,0.3010299956639812,0.4252193570137024
5289206152913535488,350092592,32,4,2.0,2.732434454739872,0.3010299956639812,0.43654975295066833
5289206152913535488,350092592,33,4,1.0,2.700901337450607,0.0,0.43150871992111206
5289206152913535488,350092592,34,4,2.0,2.67606985902426,0.3010299956639812,0.4274974465370178
5289206152913535488,350092592,37,4,1.0,2.8263994245488426,0.0,0.45123353600502014
5289206152913535488,350092592,38,4,4.0,2.762855167651472,0.6020599913279624,0.44135811924934387
5289206152913535488,350092592,61,4,2.0,2.8166690408138058,0.3010299956639812,0.4497358202934265
5289206152913535488,350092592,64,4,1.0,2.6617828770815923,0.0,0.4251726269721985
122441859683763712,35024972,42,2,1.0,2.3357273742524134,0.0,0.36842215061187744
122441859683763712,35024972,43,2,3.0,2.363141881185662,0.47712125471966244,0.3734897971153259
122441859683763712,35024972,58,2,3.0,2.3841982953657994,0.47712125471966244,0.3773423731327057
4767439021687332096,350559457,1,4,2.0,2.7591541253157055,0.3010299956639812,0.44077596068382263
4767439021687332096,350559457,2,4,1.0,2.5625230053354064,0.0,0.40866777300834656
4767439021687332096,350559457,3,4,1.0,2.6471110998007576,0.0,0.4227721691131592
4767439021687332096,350559457,4,4,6.0,2.6509430753305248,0.7781512503836436,0.4234004020690918
4767439021687332096,350559457,5,4,6.0,2.649828904176572,0.7781512503836436,0.4232178330421448
4767439021687332096,350559457,6,4,3.0,2.5702042128021874,0.47712125471966244,0.4099676311016083
4767439021687332096,350559457,7,4,4.0,2.788591822327735,0.6020599913279624,0.4453849494457245
4767439021687332096,350559457,8,4,1.0,2.675334672311093,0.0,0.4273781180381775
4767439021687332096,350559457,9,4,2.0,2.723526712675178,0.3010299956639812,0.43513163924217224
4767439021687332096,350559457,10,4,1.0,2.8161481817465184,0.0,0.4496555030345917
4767439021687332096,350559457,11,4,1.0,2.777999557671001,0.0,0.4437321722507477
4767439021687332096,350559457,12,4,1.0,2.355890333996175,0.0,0.3721550703048706
4767439021687332096,350559457,27,4,5.0,2.7417156112213092,0.6989700043360189,0.4380224049091339
4767439021687332096,350559457,29,4,4.0,2.6947117066499873,0.6020599913279624,0.43051230907440186
4767439021687332096,350559457,31,4,1.0,2.678229581813068,0.0,0.42784780263900757
4767439021687332096,350559457,32,4,3.0,2.6727324794808687,0.47712125471966244,0.4269554913043976
4767439021687332096,350559457,33,4,5.0,2.7375604251857264,0.6989700043360189,0.43736371397972107
4767439021687332096,350559457,34,4,4.0,2.7644078074288965,0.6020599913279624,0.44160211086273193
4767439021687332096,350559457,36,4,4.0,2.531680085454241,0.6020599913279624,0.40340882539749146
4767439021687332096,350559457,37,4,2.0,2.558847112769393,0.3010299956639812,0.40804433822631836
4767439021687332096,350559457,38,4,1.0,2.3885919781899068,0.0,0.37814196944236755
4767439021687332096,350559457,62,4,1.0,2.7251860970613593,0.0,0.4353961646556854
4767439021687332096,350559457,63,4,2.0,2.703457675208773,0.3010299956639812,0.43191957473754883
4767439021687332096,350559457,65,4,1.0,2.700532160848432,0.0,0.43144935369491577
4764908637411876736,350712873,4,1,2.0,2.6916068820377235,0.3010299956639812,0.4300116300582886
4764908637411876736,350712873,5,1,7.0,2.7356774217143838,0.8450980400142568,0.43706488609313965
4764908637411876736,350712873,6,1,3.0,2.5151712573044227,0.47712125471966244,0.40056756138801575
4764908637411876736,350712873,7,1,5.0,2.3626507361793827,0.6989700043360189,0.3733995258808136
4764908637411876736,350712873,8,1,11.0,2.2183443087060577,1.0413926851582251,0.3460289537906647
4764908637411876736,350712873,10,1,2.0,2.467576663965439,0.3010299956639812,0.39227065443992615
4764908637411876736,350712873,11,1,4.0,2.472538641682671,0.6020599913279624,0.39314308762550354
4764908637411876736,350712873,12,1,2.0,2.4900580877466214,0.3010299956639812,0.3962094783782959
4764908637411876736,350712873,13,1,8.0,2.457388450613672,0.9030899869919435,0.3904738128185272
4764908637411876736,350712873,27,1,5.0,2.489045695940891,0.6989700043360189,0.3960328698158264
4764908637411876736,350712873,28,1,8.0,2.258408202805743,0.9030899869919435,0.3538024425506592
4764908637411876736,350712873,29,1,6.0,2.4918310208440873,0.7781512503836436,0.3965185880661011
4764908637411876736,350712873,30,1,9.0,2.4282146569843612,0.9542425094393249,0.3852870762348175
4764908637411876736,350712873,31,1,8.0,2.396693705265869,0.9030899869919435,0.379612535238266
4764908637411876736,350712873,32,1,7.0,2.462715901043801,0.8450980400142568,0.3914143145084381
4764908637411876736,350712873,33,1,5.0,2.4735013754513533,0.6989700043360189,0.39331215620040894
4764908637411876736,350712873,34,1,2.0,2.0645170394682406,0.3010299956639812,0.31481847167015076
4764908637411876736,350712873,35,1,2.0,2.285851164272681,0.3010299956639812,0.35904794931411743
4764908637411876736,350712873,36,1,3.0,2.483249381146279,0.47712125471966244,0.39502033591270447
4764908637411876736,350712873,37,1,4.0,2.274374038665368,0.6020599913279624,0.3568618893623352
4764908637411876736,350712873,38,1,1.0,2.4744177885170213,0.0,0.3934730291366577
4764908637411876736,350712873,39,1,5.0,2.5967639061734373,0.6989700043360189,0.41443246603012085
4764908637411876736,350712873,61,1,5.0,2.451451025001806,0.6989700043360189,0.3894232213497162
4764908637411876736,350712873,62,1,5.0,2.5613950229362543,0.6989700043360189,0.4084765613079071
4764908637411876736,350712873,64,1,1.0,2.586207876040438,0.0,0.41266342997550964
4764908637411876736,350712873,65,1,3.0,2.7536868735392206,0.47712125471966244,0.4399145543575287
4764908637411876736,350712873,66,1,8.0,2.498728242832679,0.9030899869919435,0.39771902561187744
4764908637411876736,350712873,67,1,3.0,2.4940801115370137,0.47712125471966244,0.3969103991985321
6018064886202720512,350768519,12,3,1.0,2.4717031507645864,0.0,0.39299631118774414
5498909546046688256,350862394,8,2,2.0,2.5254066656835494,0.3010299956639812,0.40233132243156433
5498909546046688256,350862394,30,2,1.0,2.3661438282053555,0.0,0.3740411400794983
5498909546046688256,350862394,39,2,1.0,2.3354265420999165,0.0,0.36836621165275574
5498909546046688256,350862394,61,2,1.0,2.3726459391423598,0.0,0.3752329349517822
5498909546046688256,350862394,67,2,1.0,2.361873285167049,0.0,0.3732565939426422
118715683496508032,35087588,58,4,1.0,2.6506240173207454,0.0,0.4233481287956238
122293563052804352,35118678,42,4,1.0,2.583731556744571,0.0,0.4122473895549774
122293563052804352,35118678,43,4,4.0,2.6249068984681236,0.6020599913279624,0.4191139042377472
122293563052804352,35118678,58,4,2.0,2.680934446144601,0.3010299956639812,0.42828619480133057
168047815299448960,35118952,58,1,1.0,2.348036585431396,0.0,0.37070485949516296
70461554129560448,35154714,43,0,4.0,2.6665131653467373,0.6020599913279624,0.4259437322616577
70457877637565824,35154750,42,4,1.0,2.604611380093311,0.0,0.4157429337501526
66942910762588928,35155385,43,2,1.0,2.3902327976222826,0.0,0.3784402012825012
66830485697459456,35155503,43,0,1.0,2.7453874218321044,0.0,0.43860363960266113
66830485697459456,35155503,44,0,2.0,2.7454117248982692,0.3010299956639812,0.43860748410224915
66828870789879168,35155558,42,2,4.0,2.455613061589001,0.6020599913279624,0.39015993475914
66828870789879168,35155558,43,2,6.0,2.4562585397879317,0.7781512503836436,0.3902740776538849
66828870789879168,35155558,44,2,5.0,2.553406324759888,0.6989700043360189,0.4071199297904968
66818322350220416,35155618,43,4,1.0,2.751845274165786,0.0,0.43962401151657104
66818322350220416,35155618,44,4,1.0,3.2005203432857594,0.0,0.5052205920219421
66816187748666624,35155659,42,1,3.0,2.2495068443974926,0.47712125471966244,0.3520873188972473
66816187748666624,35155659,43,1,1.0,2.1760649116534934,0.0,0.33767184615135193
66816187748666624,35155659,44,1,3.0,2.2901429715472563,0.47712125471966244,0.3598625957965851
66763965244167808,35155744,43,1,1.0,2.0670619038390416,0.0,0.31535348296165466
66739982146803456,35155775,42,2,1.0,2.375287642981678,0.0,0.3757162094116211
66739982146803456,35155775,43,2,1.0,2.5243901226099346,0.0,0.4021564722061157
66739982146803456,35155775,44,2,2.0,2.416623310310524,0.3010299956639812,0.3832089602947235
66522381924952704,35156014,42,2,2.0,2.3683064534259977,0.3010299956639812,0.3744378983974457
66522381924952704,35156014,43,2,1.0,2.4424174053608074,0.0,0.38781988620758057
66522381924952704,35156014,44,2,1.0,2.374582129874157,0.0,0.37558719515800476
66521381194879232,35156034,44,1,2.0,2.191406815005028,0.3010299956639812,0.3407230079174042
66523103479455744,35156120,43,3,1.0,2.68274902497775,0.0,0.42858004570007324
66523103479455744,35156120,44,3,1.0,2.4990552550155023,0.0,0.3977758586406708
66523103479455232,35156121,43,2,1.0,2.4397154403728556,0.0,0.38733917474746704
66719194505127168,35156210,42,1,2.0,2.445734873410349,0.3010299956639812,0.3884093761444092
66719228864863360,35156221,42,1,3.0,2.460843783413274,0.47712125471966244,0.39108404517173767
66719228864863360,35156221,43,1,2.0,2.4021178648701396,0.3010299956639812,0.38059431314468384
66719228864863360,35156221,44,1,3.0,2.4541183272835068,0.47712125471966244,0.389895498752594
66720294016753280,35156235,42,1,3.0,2.4696357407918508,0.47712125471966244,0.3926329016685486
66720294016753280,35156235,43,1,3.0,2.4265299471113138,0.47712125471966244,0.38498565554618835
66720294016753280,35156235,44,1,1.0,2.4819844352379845,0.0,0.39479905366897583
66720946851771904,35156250,43,2,1.0,2.3478657961045766,0.0,0.370673269033432
66750358787789056,35156348,43,0,1.0,2.518795642598244,0.0,0.40119293332099915
66765751950550144,35156413,43,2,5.0,2.4824518364639987,0.6989700043360189,0.39488083124160767
66765751950550144,35156413,44,2,5.0,2.3673157833583542,0.6989700043360189,0.3742561936378479
66940299422471296,35156755,42,4,1.0,2.773622455080723,0.0,0.44304734468460083
66940299422471296,35156755,43,4,2.0,2.383321673953695,0.3010299956639812,0.37718266248703003
66940299422471296,35156755,44,4,1.0,2.651467039516377,0.0,0.42348623275756836
66941635153934848,35156762,43,1,1.0,2.504655217542494,0.0,0.3987479507923126
66951466337428480,35156829,42,4,1.0,2.660894577386363,0.0,0.42502766847610474
66951466337428480,35156829,43,4,1.0,2.6328242447090067,0.0,0.42042186856269836
66951466337428480,35156829,44,4,1.0,2.555725548929603,0.0,0.40751421451568604
69962719446879232,35156991,42,4,4.0,2.688218212131117,0.6020599913279624,0.42946451902389526
69962719446879232,35156991,43,4,1.0,2.5297701246045796,0.0,0.4030810594558716
70457671479120000,35157428,42,3,1.0,2.467515705561435,0.0,0.3922599256038666
70457671479120000,35157428,43,3,3.0,2.478921764270158,0.47712125471966244,0.39426282048225403
70457671479120000,35157428,44,3,4.0,2.529323320613191,0.6020599913279624,0.40300434827804565
66512074003566976,35159411,42,0,2.0,2.614695577532716,0.3010299956639812,0.4174211323261261
66512074003566976,35159411,43,0,2.0,2.5783215446045906,0.3010299956639812,0.41133707761764526
66512074003566976,35159411,44,0,1.0,2.7059196880005856,0.0,0.4323149025440216
66515922294233728,35159478,42,0,4.0,2.6176797087648676,0.6020599913279624,0.41791650652885437
66556535504957568,35159560,43,3,4.0,2.4844048354799924,0.6020599913279624,0.39522236585617065
66747816167123712,35159657,42,4,1.0,2.687984496342864,0.0,0.42942675948143005
66747816167123712,35159657,43,4,1.0,2.6211773115149293,0.0,0.41849640011787415
66747816167123712,35159657,44,4,1.0,2.683040834008385,0.0,0.42862728238105774
66749121837171840,35159699,43,1,2.0,2.5086744798222544,0.3010299956639812,0.3994443118572235
66749121837171840,35159699,44,1,4.0,2.493442146982845,0.6020599913279624,0.3967992961406708
66761903659793152,35159780,42,1,1.0,2.382156507167615,0.0,0.3769702911376953
66761903659793152,35159780,43,1,3.0,2.4244768626615976,0.47712125471966244,0.38461804389953613
66761903659793152,35159780,44,1,1.0,2.426299002812271,0.0,0.3849443197250366
66876596467931776,35159964,44,2,2.0,2.590399069326713,0.3010299956639812,0.4133666753768921
66937859881182848,35160087,43,0,2.0,2.1264822046753156,0.3010299956639812,0.32766175270080566
66937859881182848,35160087,44,0,4.0,2.4595399539207463,0.6020599913279624,0.3908538818359375
66981599827956864,35200229,42,1,2.0,2.1028435097286584,0.3010299956639812,0.3228069543838501
66981599827956864,35200229,43,1,2.0,2.629957118015478,0.3010299956639812,0.41994866728782654
66981599827956864,35200229,44,1,2.0,2.5941115649120596,0.3010299956639812,0.4139886498451233
69996976105980800,35200371,43,2,1.0,2.524716681651574,0.0,0.40221264958381653
69996976105980800,35200371,44,2,1.0,2.454529444296716,0.0,0.38996824622154236
70453303494018432,35200669,42,3,1.0,2.483635722711085,0.0,0.3950878977775574
70493268167993984,35200790,42,0,1.0,2.9019247816517004,0.0,0.462686151266098
70493268167993984,35200790,43,0,2.0,2.6411190469008643,0.3010299956639812,0.42178797721862793
70493268167993984,35200790,44,0,5.0,2.7060981387628473,0.6989700043360189,0.4323435425758362
70495707709395584,35204126,43,1,5.0,2.3915005430619756,0.6989700043360189,0.37867048382759094
66974453002505088,35204831,43,3,1.0,2.4953885519529893,0.0,0.39713817834854126
66930403817997696,35204978,42,0,5.0,2.3683072660203024,0.6989700043360189,0.3744380474090576
66930403817997696,35204978,43,0,3.0,2.525444965146695,0.47712125471966244,0.402337908744812
66930403817997696,35204978,44,0,1.0,2.7230972620707967,0.0,0.4350631535053253
66878245735176704,35205052,43,0,3.0,2.772508281649932,0.47712125471966244,0.4428728520870209
66878245735176704,35205052,44,0,3.0,2.666431007475146,0.47712125471966244,0.42593035101890564
66872095342031872,35205082,43,1,2.0,2.375237766148252,0.3010299956639812,0.37570708990097046
66872095342031872,35205082,44,1,2.0,2.506978847139422,0.3010299956639812,0.39915066957473755
66757746131459200,35205237,42,3,1.0,2.50468890534946,0.0,0.3987537920475006
66757746131459200,35205237,43,3,1.0,2.1628417498390204,0.0,0.33502474427223206
66754241438299520,35205316,42,4,1.0,2.792911668230225,0.0,0.44605720043182373
66754241438299520,35205316,43,4,2.0,2.6841778110823333,0.3010299956639812,0.42881128191947937
66565365957676416,35205354,43,3,1.0,2.3662790866382295,0.0,0.37406596541404724
66565365957676416,35205354,44,3,2.0,2.2781763416382526,0.3010299956639812,0.3575873374938965
66553443128503552,35205476,43,1,3.0,2.4836704912869476,0.47712125471966244,0.39509397745132446
66553443128503552,35205476,44,1,1.0,2.236543591857496,0.0,0.3495773673057556
66539252556578816,35205530,42,1,1.0,2.56023468292759,0.0,0.40827977657318115
66539252556578816,35205530,43,1,2.0,2.4570105756892016,0.3010299956639812,0.3904070258140564
66539252556578816,35205530,44,1,1.0,2.4568085940978746,0.0,0.39037132263183594
66509771901085696,35205613,42,3,1.0,2.5276057524897197,0.0,0.40270933508872986
66509771901085696,35205613,43,3,2.0,2.408043047382853,0.3010299956639812,0.3816642463207245
66509771901085696,35205613,44,3,1.0,2.497696900111153,0.0,0.39753973484039307
66536331978799616,35205723,44,3,1.0,2.351203915570257,0.0,0.37129029631614685
66541142342159232,35205768,44,4,1.0,2.6214269849556753,0.0,0.41853776574134827
66560349435890176,35205824,42,0,1.0,2.7559765636529656,0.0,0.44027552008628845
66560349435890176,35205824,43,0,1.0,2.3096840239100693,0.0,0.3635525703430176
66560727393001216,35205836,42,4,1.0,2.739131367971479,0.0,0.4376128613948822
66560727393001216,35205836,43,4,1.0,2.7120568966212786,0.0,0.433298796415329
66566946505629440,35205903,44,1,1.0,2.183144786198735,0.0,0.3390825390815735
66658240329321088,35205926,42,1,2.0,2.1237662468414253,0.3010299956639812,0.3271067142486572
66957612431742080,35206374,42,1,3.0,2.3754330415575526,0.47712125471966244,0.3757427930831909
66957612431742080,35206374,43,1,6.0,2.493265229714836,0.7781512503836436,0.3967684805393219
66957612431742080,35206374,44,1,3.0,2.4492420567375164,0.47712125471966244,0.38903170824050903
66969535261875072,35206455,42,0,2.0,2.437198923469466,0.3010299956639812,0.3868909776210785
66969535261875072,35206455,43,0,2.0,2.765216048634066,0.3010299956639812,0.4417290687561035
66969535261875072,35206455,44,0,2.0,2.3697492473733344,0.3010299956639812,0.3747023940086365
6018780148565450880,352162554,12,0,1.0,2.2835886300749806,0.0,0.3586178719997406
236932356220839424,352901324,58,4,2.0,2.5640742644014933,0.3010299956639812,0.40893059968948364
227379043283984000,352947662,59,3,1.0,2.4748165120852414,0.0,0.393543004989624
226898453623006464,353202794,59,0,2.0,2.7352736470716112,0.3010299956639812,0.4370007812976837
225724892459307648,353203910,59,2,1.0,2.413927186390916,0.0,0.38272416591644287
2272973624497670400,353502339,52,2,2.0,2.3763025216526112,0.3010299956639812,0.3759017288684845
177986678857606656,353764061,59,1,4.0,2.026995653975523,0.6020599913279624,0.3068528175354004
178210154596289280,353846256,59,4,2.0,2.761977109160977,0.3010299956639812,0.44122007489204407
179710369494047488,353902766,59,4,1.0,2.617404168669071,0.0,0.41787078976631165
68183125516472320,353927315,42,3,3.0,2.528768310429717,0.47712125471966244,0.4029090404510498
68183125516472320,353927315,43,3,1.0,2.508694105138286,0.0,0.3994477093219757
68183125516472320,353927315,44,3,2.0,2.5430816915790806,0.3010299956639812,0.40536031126976013
68183331674900864,353927317,44,4,4.0,2.6493885301676077,0.6020599913279624,0.4231456518173218
68233531252642432,353927374,43,0,1.0,2.492383226113942,0.0,0.39661481976509094
68233531252642432,353927374,44,0,1.0,2.1911448694712004,0.0,0.3406710922718048
68348155340347776,353927521,43,4,1.0,2.6028335774259017,0.0,0.415446400642395
68348155340347776,353927521,44,4,3.0,2.6464806640125125,0.47712125471966244,0.4226687252521515
68354374452892160,353927610,43,3,1.0,2.4343660791410997,0.0,0.38638588786125183
68354374452892160,353927610,44,3,2.0,2.3913571148151167,0.3010299956639812,0.3786444365978241
68556508497159936,353927750,43,3,1.0,2.3848161643910015,0.0,0.3774549067020416
68595751615127296,353927867,44,1,2.0,2.4592677276642836,0.3010299956639812,0.39080581068992615
68600321460320768,353927906,42,2,2.0,2.3820556487713356,0.3010299956639812,0.3769519031047821
68607090328759040,353927958,42,3,3.0,2.495979569479052,0.47712125471966244,0.3972410261631012
68607090328759040,353927958,43,3,4.0,2.6226623908733937,0.6020599913279624,0.4187423884868622
68607090328759040,353927958,44,3,2.0,2.695951309029082,0.3010299956639812,0.4307120442390442
68660244843997312,353928017,44,4,1.0,2.6874254686422674,0.0,0.42933642864227295
70175474946486784,353928091,43,3,1.0,2.47156407106569,0.0,0.39297187328338623
70189837317110016,353928189,42,0,2.0,2.50316429852521,0.3010299956639812,0.3984893560409546
70189837317110016,353928189,43,0,3.0,2.3931126509624474,0.47712125471966244,0.3789631426334381
71409985986006016,353929099,42,2,1.0,2.52221477613069,0.0,0.4017820656299591
71409985986006016,353929099,43,2,2.0,2.476863613521211,0.3010299956639812,0.39390209317207336
71409985986006016,353929099,44,2,4.0,2.37954798625424,0.6020599913279624,0.37649446725845337
71409985986006016,353929099,58,2,4.0,2.3715577596595567,0.6020599913279624,0.3750337064266205
232162125023265152,354024469,59,1,1.0,2.2020478601203224,0.0,0.3428267538547516
441781955276048256,354130794,58,4,1.0,2.722135448767045,0.0,0.43490973114967346
4802947444765742848,354571603,5,1,11.0,3.9385906717048584,1.0413926851582251,0.5953408479690552
4802947444765742848,354571603,6,1,4.0,2.417181075926557,0.6020599913279624,0.38330918550491333
4802947444765742848,354571603,33,1,6.0,2.3395670649967637,0.7781512503836436,0.3691354990005493
4802947444765743104,354571604,5,1,5.0,2.519200479898625,0.6989700043360189,0.40126273036003113
4802947444765743104,354571604,6,1,3.0,2.548857093685964,0.47712125471966244,0.4063454866409302
4802947444765743104,354571604,33,1,5.0,2.483017127961104,0.6989700043360189,0.39497971534729004
249293478258283904,354795507,59,1,1.0,2.1648833305109787,0.0,0.3354344964027405
249298460420296448,354795829,59,1,1.0,2.5006604127761105,0.0,0.39805471897125244
249673217788323712,354795914,59,4,1.0,2.6933209310223263,0.0,0.4302881062030792
5520757731149443712,354931043,35,0,1.0,2.712785048097431,0.0,0.43341538310050964
986225547448347776,355078068,47,2,1.0,2.331496209102545,0.0,0.36763471364974976
986225547448347776,355078068,60,2,1.0,2.4109120977535254,0.0,0.3821813762187958
5504459227910113280,355279206,61,2,2.0,2.364937398846255,0.3010299956639812,0.37381964921951294
5504459227910113280,355279206,62,2,2.0,2.345730045758063,0.3010299956639812,0.3702780306339264
5491682971514706176,355353917,7,3,1.0,2.435203821993526,0.0,0.38653531670570374
5510159336707573632,355359657,61,1,1.0,2.181739696759505,0.0,0.33880293369293213
5510159336707573632,355359657,62,1,1.0,2.499022500424803,0.0,0.3977701663970947
5300961615845927936,355373774,8,4,2.0,2.751635671767669,0.3010299956639812,0.4395909309387207
5300961615845927936,355373774,9,4,3.0,2.588084610505417,0.47712125471966244,0.41297847032546997
5300961615845927936,355373774,10,4,1.0,2.6390142410793005,0.0,0.4214417338371277
5300961615845927936,355373774,35,4,3.0,2.68428446191992,0.47712125471966244,0.42882853746414185
5300961615845927936,355373774,36,4,4.0,2.657910609410089,0.6020599913279624,0.42454037070274353
5300961615845927936,355373774,37,4,1.0,2.6483200820344717,0.0,0.4229704737663269
5300961615845927936,355373774,62,4,1.0,2.594354387533105,0.0,0.4140293002128601
5300961615845927936,355373774,64,4,5.0,2.825637287062572,0.6989700043360189,0.4511164128780365
5297800829152578816,355794672,9,4,14.0,2.731071999725731,1.146128035678238,0.43633314967155457
5297800829152578816,355794672,10,4,2.0,2.740550124615619,0.3010299956639812,0.43783774971961975
5297800829152578816,355794672,11,4,4.0,2.7224027718651915,0.6020599913279624,0.43495237827301025
5297800829152578816,355794672,35,4,4.0,2.6717648039675423,0.6020599913279624,0.4267982244491577
5297800829152578816,355794672,36,4,2.0,2.6631107657010786,0.3010299956639812,0.42538923025131226
5297800829152578816,355794672,37,4,3.0,2.6449503344061847,0.47712125471966244,0.4224175214767456
448749904056580992,355824252,18,4,5.0,2.784646289098638,0.6989700043360189,0.44477003812789917
448749904056580992,355824252,19,4,7.0,2.7987066490772206,0.8450980400142568,0.44695737957954407
448749904056580992,355824252,59,4,1.0,2.5818888072003063,0.0,0.41193753480911255
5411758406149071872,35596772,63,4,2.0,2.757196857692585,0.3010299956639812,0.4404677748680115
5418346439299020288,35602999,63,2,1.0,2.572958349180924,0.0,0.41043275594711304
5298428169260191104,356460403,9,4,7.0,2.4895316814637383,0.8450980400142568,0.3961176574230194
5298428169260191104,356460403,10,4,3.0,2.623392464352539,0.47712125471966244,0.4188632667064667
5298428169260191104,356460403,35,4,4.0,2.7962066481262786,0.6020599913279624,0.4465692639350891
5298428169260191104,356460403,36,4,8.0,2.798473313291488,0.9030899869919435,0.446921169757843
5298428169260191104,356460403,37,4,7.0,2.7897446207210033,0.8450980400142568,0.4455644488334656
5298428169260191104,356460403,62,4,6.0,2.600111516208733,0.7781512503836436,0.41499197483062744
5298428169260191104,356460403,64,4,4.0,2.5737591848770367,0.6020599913279624,0.41056790947914124
5197213279191665920,356814191,11,1,4.0,2.4727476858001225,0.6020599913279624,0.3931798040866852
5197213279191665920,356814191,13,1,3.0,2.779267174647463,0.47712125471966244,0.4439302980899811
5197213279191665920,356814191,65,1,4.0,2.481284009214751,0.6020599913279624,0.39467647671699524
5197213279191665920,356814191,66,1,1.0,2.4782359775659315,0.0,0.39414265751838684
3419962546614118144,356883380,43,2,3.0,2.3895062840797774,0.47712125471966244,0.37830817699432373
5197785708136379264,356898284,12,0,3.0,2.3962258427951357,0.47712125471966244,0.379527747631073
5200035927402217088,356900912,11,3,6.0,2.489015805377018,0.7781512503836436,0.39602765440940857
5200035927402217088,356900912,12,3,3.0,2.422248982723045,0.47712125471966244,0.3842187821865082
5200035927402217088,356900912,38,3,6.0,2.4139006826265663,0.7781512503836436,0.38271939754486084
5200035927402217088,356900912,39,3,5.0,2.493470379623219,0.6989700043360189,0.39680421352386475
5197359166343260928,356939924,66,4,4.0,2.5662857136311046,0.6020599913279624,0.40930500626564026
5297100607744079872,357023705,9,0,6.0,2.4918241810381407,0.7781512503836436,0.39651739597320557
5297100607744079872,357023705,10,0,4.0,2.6617448845127045,0.6020599913279624,0.42516642808914185
5297100607744079872,357023705,36,0,9.0,2.652558236117231,0.9542425094393249,0.423664927482605
5297100607744079872,357023705,37,0,4.0,2.726032817251221,0.6020599913279624,0.4355310797691345
5297100607744079872,357023705,38,0,5.0,2.4697981005827176,0.6989700043360189,0.392661452293396
5297100607744079872,357023705,62,0,5.0,2.178552772623817,0.6989700043360189,0.33816808462142944
5297100607744079872,357023705,63,0,5.0,2.4945900186741827,0.6989700043360189,0.39699918031692505
5297100607744079872,357023705,64,0,3.0,2.428782764681704,0.47712125471966244,0.38538867235183716
5788534858859490432,357105141,11,3,4.0,2.369892192766784,0.6020599913279624,0.37472859025001526
5788534858859490432,357105141,12,3,4.0,2.3550680784622666,0.6020599913279624,0.3720034658908844
5788345708499360256,357105301,11,4,4.0,2.43434018621848,0.6020599913279624,0.38638126850128174
5788345708499360256,357105301,38,4,3.0,2.697009731636388,0.47712125471966244,0.4308825135231018
5788345708499360256,357105301,39,4,2.0,2.6780149277872365,0.3010299956639812,0.42781299352645874
5788629416859695360,357158755,11,4,1.0,2.6456247032472198,0.0,0.4225282371044159
5784054864371100288,357162748,66,1,1.0,2.4803148421923717,0.0,0.3945068120956421
5782928071110346368,357207000,65,2,1.0,2.491647207586938,0.0,0.3964865505695343
5782928071110346368,357207000,66,2,1.0,2.5915316439556424,0.0,0.4135565161705017
5788291557551905280,357311864,11,2,2.0,2.3673695552007192,0.3010299956639812,0.3742660582065582
5788291557551905280,357311864,12,2,2.0,2.4340107854625757,0.3010299956639812,0.3863224983215332
5783851794020129408,357314434,66,4,3.0,2.6129818972160304,0.47712125471966244,0.41713640093803406
2495869576617667328,35745429,31,1,1.0,3.14085359131023,0.0,0.49704769253730774
5788400615362184704,357567470,11,3,1.0,2.6325774601345335,0.0,0.4203811585903168
5788400615362184704,357567470,12,3,5.0,2.3873226619401606,0.6989700043360189,0.37791112065315247
5787367211869748608,357709302,38,3,1.0,2.377877134102788,0.0,0.3761894106864929
5787367211869748608,357709302,39,3,4.0,2.415807210973006,0.6020599913279624,0.3830622732639313
5787367211869748608,357709302,66,3,2.0,2.38087280216325,0.3010299956639812,0.37673619389533997
5783990646019774080,357779388,66,0,1.0,2.379000700269505,0.0,0.3763945698738098
5784226834860798080,357906942,11,3,1.0,2.4884815934427653,0.0,0.39593443274497986
5784226834860798080,357906942,12,3,1.0,2.4875761885470196,0.0,0.3957763910293579
5784226834860798080,357906942,66,3,1.0,2.496326435713767,0.0,0.3973013758659363
4538445491620915840,357950905,26,1,3.0,2.5643434864513104,0.47712125471966244,0.4089761972427368
5787985373626550784,358020786,11,2,2.0,2.4726019299600135,0.3010299956639812,0.39315420389175415
5841242525720711040,358997116,39,2,2.0,2.353218204857479,0.3010299956639812,0.3716621994972229
5869799144814683008,359110060,11,2,3.0,2.349138475121843,0.47712125471966244,0.37090861797332764
5836756960654872832,359137193,11,3,7.0,2.4461209178329875,0.8450980400142568,0.3884779214859009
5836756960654872832,359137193,12,3,8.0,2.3221093380111344,0.9030899869919435,0.36588266491889954
5836756960654872832,359137193,38,3,9.0,2.4248513980673887,0.9542425094393249,0.38468512892723083
5836756960654872832,359137193,39,3,10.0,2.4339419710555052,1.0,0.3863102197647095
6063860919887691136,359299728,38,4,1.0,2.833711438526962,0.0,0.45235562324523926
5838183443852841216,359357695,38,4,3.0,2.5286157820648487,0.47712125471966244,0.402882844209671
5838183443852841216,359357695,39,4,4.0,2.7067485344703597,0.6020599913279624,0.4324479103088379
5838183443852841216,359357695,64,4,1.0,2.7931897753016046,0.0,0.4461004436016083
6136010593708194176,359627920,11,3,3.0,2.433254100955151,0.47712125471966244,0.38618746399879456
6136010593708194176,359627920,64,3,2.0,2.639830745639222,0.3010299956639812,0.4215760827064514
5788664871812309376,359641042,11,4,7.0,2.64300914868402,0.8450980400142568,0.42209866642951965
5788664871812309376,359641042,38,4,8.0,2.5929068671626956,0.9030899869919435,0.413786917924881
5788664871812309376,359641042,39,4,10.0,2.694310095684498,1.0,0.4304475784301758
5299141546145254528,359740883,9,2,2.0,2.4308656847467507,0.3010299956639812,0.38576096296310425
5299141546145254528,359740883,36,2,4.0,2.3577309826261015,0.6020599913279624,0.37249425053596497
5299141546145254528,359740883,37,2,3.0,2.370324984457951,0.47712125471966244,0.3748078942298889
5299141546145254528,359740883,62,2,15.0,2.4521426931161914,1.1760912590556813,0.389545738697052
5299141546145254528,359740883,64,2,6.0,2.379534923069784,0.7781512503836436,0.37649208307266235
6110315664105638784,359763500,11,2,3.0,2.349822399826432,0.47712125471966244,0.37103503942489624
5841394189606679040,359766629,11,0,2.0,2.548854994783048,0.3010299956639812,0.4063451290130615
5841394189606679040,359766629,38,0,5.0,2.7563340268085357,0.6989700043360189,0.4403318464756012
5841394189606679040,359766629,39,0,1.0,2.5263060765175864,0.0,0.4024859666824341
5841382846589454080,359766954,11,3,3.0,2.538248982111739,0.47712125471966244,0.4045342206954956
5841382846589454080,359766954,12,3,15.0,2.834959343125164,1.1760912590556813,0.4525468349456787
5841382846589454080,359766954,38,3,8.0,2.5766652989465864,0.9030899869919435,0.4110580086708069
5841382846589454080,359766954,39,3,5.0,2.3876968647567103,0.6989700043360189,0.37797918915748596
5841382846589454080,359766954,64,3,3.0,2.3818408689457096,0.47712125471966244,0.3769127428531647
5841334609821849472,359767082,11,4,16.0,2.63021845724315,1.2041199826559248,0.4199918210506439
5841334609821849472,359767082,12,4,9.0,2.833807890360475,0.9542425094393249,0.45237040519714355
5841334609821849472,359767082,64,4,11.0,2.5590323713429526,1.0413926851582251,0.4080757796764374
5841316570956614656,359767456,11,1,1.0,2.2006236579467737,0.0,0.3425457775592804
5841316570956614656,359767456,12,1,8.0,2.4563970953425516,0.9030899869919435,0.3902985751628876
5841316570956614656,359767456,38,1,5.0,2.4873298757266813,0.6989700043360189,0.39573338627815247
5841316570956614656,359767456,39,1,6.0,2.4808633037057772,0.7781512503836436,0.39460283517837524
5841316570956614656,359767456,64,1,2.0,2.769983021283542,0.3010299956639812,0.44247710704803467
6107717307669590528,359830202,11,0,15.0,2.4773642207010176,1.1760912590556813,0.3939898610115051
6095194836601599872,359834490,38,2,6.0,2.370548811538134,0.7781512503836436,0.3748489022254944
5841324542416019712,359892714,11,1,1.0,2.4733684745128497,0.0,0.39328882098197937
5841324542416019712,359892714,12,1,1.0,2.2912359314621558,0.0,0.36006981134414673
5841324542416019712,359892714,39,1,2.0,2.5148645710530246,0.3010299956639812,0.4005146026611328
5841324542416019712,359892714,64,1,2.0,2.4006397135461106,0.3010299956639812,0.3803269863128662
5250150091153808768,360205899,11,2,3.0,2.8454042195442795,0.47712125471966244,0.4541439712047577
5250150091153808768,360205899,36,2,1.0,2.503469386141231,0.0,0.39854228496551514
5250150091153808768,360205899,37,2,1.0,2.4513115709310926,0.0,0.3893985152244568
5250150091153808768,360205899,38,2,4.0,2.355039473597966,0.6020599913279624,0.3719981908798218
5250150091153808768,360205899,63,2,1.0,2.495691150512009,0.0,0.3971908390522003
5250150091153808768,360205899,64,2,7.0,2.457072792061911,0.8450980400142568,0.39041802287101746
5842105814153598464,360261300,11,2,3.0,2.4639427899305004,0.47712125471966244,0.391630619764328
5842105814153598464,360261300,12,2,4.0,2.4700803066183434,0.6020599913279624,0.3927110731601715
5842105814153598464,360261300,64,2,5.0,2.519654832531656,0.6989700043360189,0.401341050863266
5836849083411678976,360339486,11,1,13.0,2.476698579815618,1.1139433523068367,0.3938731551170349
5836849083411678976,360339486,12,1,6.0,2.382845139192845,0.7781512503836436,0.3770958185195923
5838361599097855104,360631514,11,2,1.0,2.405832084700525,0.0,0.3812653124332428
5838361599097855104,360631514,12,2,1.0,2.4345468361178324,0.0,0.3864181339740753
5838361599097855104,360631514,38,2,2.0,2.559500757805503,0.3010299956639812,0.40815526247024536
5838361599097855104,360631514,39,2,1.0,2.362958480334863,0.0,0.37345609068870544
5247811842236238592,360709162,9,3,4.0,2.5237470027934976,0.6020599913279624,0.4020458161830902
5247811842236238592,360709162,10,3,3.0,2.4323519315851563,0.47712125471966244,0.38602641224861145
5247811842236238592,360709162,36,3,2.0,2.3947245309290945,0.3010299956639812,0.3792555630207062
5247811842236238592,360709162,37,3,3.0,2.513263748058556,0.47712125471966244,0.4002380669116974
5247811842236238592,360709162,38,3,3.0,2.5542978287041054,0.47712125471966244,0.40727153420448303
5247811842236238592,360709162,63,3,2.0,2.5304976083881985,0.3010299956639812,0.403205931186676
5247811842236238592,360709162,64,3,2.0,2.389671411216437,0.3010299956639812,0.37833818793296814
5250988846733325312,360779428,9,3,21.0,2.5168442788571026,1.3222192947339193,0.4008563458919525
5250988846733325312,360779428,10,3,20.0,2.447292348019421,1.3010299956639813,0.38868585228919983
5250988846733325312,360779428,36,3,14.0,2.414957745808154,1.146128035678238,0.38290953636169434
5250988846733325312,360779428,37,3,17.0,2.5237379971617924,1.2304489213782739,0.40204426646232605
5250988846733325312,360779428,64,3,14.0,2.465009587706035,1.146128035678238,0.3918186128139496
5837552805215620224,361112047,11,3,1.0,2.514856632569533,0.0,0.400513231754303
5837552805215620224,361112047,12,3,1.0,2.4112175240160987,0.0,0.38223639130592346
5837552805215620224,361112047,38,3,1.0,2.46097499809741,0.0,0.3911072015762329
5837552805215620224,361112047,39,3,4.0,2.4153198714968935,0.6020599913279624,0.38297465443611145
5250327421767096192,361225005,63,4,3.0,2.7720724391266103,0.47712125471966244,0.44280457496643066
5250327421767096192,361225005,64,4,4.0,2.690096054170736,0.6020599913279624,0.42976778745651245
5789221641309120128,361289085,11,2,3.0,2.388167158986244,0.47712125471966244,0.37806472182273865
5789221641309120128,361289085,12,2,6.0,2.4266433459774963,0.7781512503836436,0.3850059509277344
5789221641309120128,361289085,39,2,1.0,2.3610319293334183,0.0,0.3731018602848053
5789159999939365248,361600252,38,1,1.0,2.4671833394227374,0.0,0.39220142364501953
5788100444388033024,361601827,38,4,1.0,2.660415303619608,0.0,0.42494943737983704
5788100444388033024,361601827,39,4,3.0,2.3927630497927854,0.47712125471966244,0.3788996934890747
5788100444388033024,361601827,66,4,2.0,2.6497625342930164,0.3010299956639812,0.42320695519447327
5250658718363945856,361695358,63,3,10.0,2.456761051596696,1.0,0.3903629183769226
5789044482500658560,361815724,66,0,6.0,2.6542785646916287,0.7781512503836436,0.4239464998245239
5788204799213069312,361958490,66,3,1.0,2.510677914532384,0.0,0.39979100227355957
5249913283844160256,362413145,9,3,2.0,2.4760283602690514,0.3010299956639812,0.39375561475753784
5249913283844160256,362413145,11,3,6.0,2.5620862400150046,0.7781512503836436,0.4085937440395355
5249913283844160256,362413145,36,3,3.0,2.4977748873795056,0.47712125471966244,0.39755329489707947
5249913283844160256,362413145,37,3,8.0,2.6164277975944876,0.9030899869919435,0.41770875453948975
6087900607743104128,363622300,64,0,9.0,2.5065632453623246,0.9542425094393249,0.3990786671638489
6087959014999185152,363622794,11,0,1.0,2.6993754748964083,0.0,0.4312632977962494
6087959014999185152,363622794,64,0,2.0,2.7652365423272816,0.3010299956639812,0.4417322874069214
6087958675701081600,363656704,64,1,2.0,2.398445752666197,0.3010299956639812,0.37992990016937256
6087062882961607552,363773381,64,3,1.0,2.4015311095160814,0.0,0.38048821687698364
6087056870007363840,363773536,11,0,4.0,2.8624383869621024,0.6020599913279624,0.45673614740371704
6087056870007363840,363773536,64,0,3.0,2.60029280319094,0.47712125471966244,0.41502225399017334
5325609711604226048,364052908,8,1,2.0,2.428216989803758,0.3010299956639812,0.38528749346733093
6010503407289419776,364200072,12,4,2.0,2.6612906595982495,0.3010299956639812,0.42509230971336365
5287814136834217088,364393119,1,4,3.0,2.7171795070109463,0.47712125471966244,0.4341183304786682
5287814136834217088,364393119,2,4,1.0,2.621552909977184,0.0,0.41855862736701965
5287814136834217088,364393119,4,4,1.0,2.628685084563867,0.0,0.4197385609149933
5287814136834217088,364393119,5,4,1.0,2.7779496122869936,0.0,0.4437243640422821
5287814136834217088,364393119,7,4,2.0,2.8265547861845737,0.3010299956639812,0.4512574076652527
5287814136834217088,364393119,8,4,2.0,2.596782438636882,0.3010299956639812,0.41443556547164917
5287814136834217088,364393119,11,4,1.0,2.7024147103666243,0.0,0.4317519962787628
5287814136834217088,364393119,12,4,3.0,2.4721351957880584,0.47712125471966244,0.3930722177028656
5287814136834217088,364393119,13,4,1.0,2.7604021563207475,0.0,0.44097235798835754
5287814136834217088,364393119,30,4,1.0,2.7190111547448184,0.0,0.4344109892845154
5287814136834217088,364393119,31,4,1.0,2.5760940668272663,0.0,0.41096171736717224
5287814136834217088,364393119,32,4,2.0,2.6979980293512895,0.3010299956639812,0.4310416281223297
5287814136834217088,364393119,33,4,2.0,2.7675770478296298,0.3010299956639812,0.4420997202396393
5287814136834217088,364393119,34,4,2.0,2.789076961658985,0.3010299956639812,0.4454604983329773
5287814136834217088,364393119,36,4,1.0,2.8041187693205543,0.0,0.44779640436172485
5287814136834217088,364393119,37,4,2.0,2.7165808520491455,0.3010299956639812,0.4340226352214813
5287814136834217088,364393119,38,4,2.0,2.7454482741005024,0.3010299956639812,0.43861326575279236
5287814136834217088,364393119,39,4,1.0,2.6774971090174446,0.0,0.4277290105819702
2586208995304374656,365073057,42,3,7.0,2.3528200203824787,0.8450980400142568,0.37158870697021484
2586208995304374656,365073057,43,3,2.0,2.4997468029078465,0.3010299956639812,0.39789602160453796
7324465427953664,365332374,31,2,3.0,2.4022836986812606,0.47712125471966244,0.38062429428100586
7324465427953664,365332374,42,2,1.0,2.4924184592180327,0.0,0.3966209590435028
2173892959536126208,365544575,16,4,3.0,2.7514038059137267,0.47712125471966244,0.4395543336868286
2173892959536126208,365544575,17,4,2.0,2.6884477050203794,0.3010299956639812,0.42950159311294556
5904259793414798976,366011855,11,0,2.0,2.4618266281407446,0.3010299956639812,0.39125746488571167
2605329773093717248,36648119,42,2,1.0,2.488119596835105,0.0,0.39587125182151794
600076960693274496,366577296,34,0,1.0,2.567751146392054,0.0,0.4095529317855835
2067085163054605824,366728479,41,2,5.0,2.7861681559478817,0.6989700043360189,0.44500732421875
2067085163054605824,366728479,55,2,3.0,2.4133221448374957,0.47712125471966244,0.3826152980327606
203469162206110720,367537706,19,0,1.0,2.5426937802654463,0.0,0.4052940607070923
179359659644316416,367770314,59,3,5.0,2.555977406987278,0.6989700043360189,0.40755701065063477
5894560662071814656,368635577,11,3,1.0,2.555193326120602,0.0,0.4074237644672394
6215622111807324928,368723998,38,0,2.0,2.409755270299724,0.3010299956639812,0.38197293877601624
5879721824937877376,36959970,12,0,1.0,2.679988260613742,0.0,0.42813289165496826
6055325578610485760,369620680,11,4,1.0,2.659828790024269,0.0,0.42485368251800537
5861825349107118976,369743686,11,0,4.0,2.381266910150418,0.6020599913279624,0.3768080770969391
5861825349107118976,369743686,38,0,2.0,2.550966664866642,0.3010299956639812,0.40670478343963623
5861825550891696000,369743688,11,0,5.0,2.6486988428472986,0.6989700043360189,0.42303258180618286
5188942580928380288,369862028,12,2,6.0,2.374817440588879,0.7781512503836436,0.3756302297115326
5188942580928380288,369862028,13,2,2.0,2.3897811196645375,0.3010299956639812,0.3783581256866455
5188942580928380288,369862028,38,2,3.0,2.5573746525444383,0.47712125471966244,0.40779435634613037
5188942580928380288,369862028,39,2,6.0,2.66743592267841,0.7781512503836436,0.4260939955711365
5188942580928380288,369862028,67,2,1.0,2.521088101435658,0.0,0.4015880227088928
5244271552233795200,370825476,10,4,1.0,2.765574710194405,0.0,0.44178539514541626
5244271552233795200,370825476,11,4,1.0,2.7430986232666874,0.0,0.4382414221763611
6210702308369949952,371122327,11,0,2.0,2.3853539847385763,0.3010299956639812,0.3775528371334076
6210702308369949952,371122327,38,0,2.0,2.7559307965864184,0.3010299956639812,0.44026830792427063
5245619587849287424,372228993,63,2,8.0,2.381416760194246,0.9030899869919435,0.3768354058265686
5245619587849287424,372228993,64,2,14.0,2.564209575741716,1.146128035678238,0.4089535176753998
5245619587849287424,372228993,65,2,7.0,2.3980056872343214,0.8450980400142568,0.37985020875930786
5230321567172871040,372515585,10,0,2.0,2.7608505625989053,0.3010299956639812,0.4410429000854492
5230321567172871040,372515585,11,0,1.0,2.50359875039239,0.0,0.39856472611427307
5230321567172871040,372515585,12,0,1.0,2.736958970204537,0.0,0.43726828694343567
5230321567172871040,372515585,37,0,8.0,2.6874435416220077,0.9030899869919435,0.42933934926986694
5230321567172871040,372515585,38,0,3.0,2.779520080790473,0.47712125471966244,0.44396981596946716
5230321361014440704,372515598,10,2,9.0,2.3946923221316014,0.9542425094393249,0.3792497217655182
5230321361014440704,372515598,11,2,6.0,2.4151869476599104,0.7781512503836436,0.3829507529735565
5230321361014440704,372515598,12,2,8.0,2.3637849506239124,0.9030899869919435,0.37360796332359314
5230321361014440704,372515598,64,2,16.0,2.3681117638666827,1.2041199826559248,0.3744021952152252
5230321361014440704,372515598,65,2,14.0,2.48599580652733,1.146128035678238,0.39550039172172546
5244883529229180928,372810731,10,0,2.0,1.9723066830110516,0.3010299956639812,0.2949744462966919
5244883529229180928,372810731,11,0,2.0,2.7661422115925136,0.3010299956639812,0.44187450408935547
5244883529229180928,372810731,63,0,5.0,2.43644726684072,0.6989700043360189,0.3867570161819458
5244883529229180928,372810731,65,0,6.0,2.7353333366397816,0.7781512503836436,0.437010258436203
2910322758064916480,37304094,6,1,2.0,2.496899855613516,0.3010299956639812,0.3974011242389679
2912748177637124992,37307440,33,2,1.0,2.3930916307547925,0.0,0.3789593279361725
5998266426996208384,374648559,12,3,6.0,2.715700914022364,0.7781512503836436,0.433881938457489
5997477080726175744,374811843,12,0,6.0,2.6971875948023096,0.7781512503836436,0.4309111535549164
5996559916242322688,374823554,12,4,6.0,2.660501840381294,0.7781512503836436,0.4249635636806488
5217191783426895104,375179245,64,0,1.0,2.7843839361719613,0.0,0.44472911953926086
5217191783426895104,375179245,65,0,2.0,2.780418026238118,0.3010299956639812,0.44411009550094604
5217191783426895104,375179245,66,0,3.0,2.4467220935108496,0.47712125471966244,0.3885846436023712
5220432662669261696,375226360,63,2,1.0,2.3429292386788565,0.0,0.3697591722011566
5220432662669261696,375226360,64,2,1.0,2.3785170316991673,0.0,0.3763062655925751
5220432662669261696,375226360,65,2,2.0,2.4172988484311975,0.3010299956639812,0.3833303451538086
5341856262911551872,376008569,37,0,8.0,2.4142657975861996,0.9030899869919435,0.3827850818634033
2020227207322611200,376175834,14,2,3.0,2.3641669826437206,0.47712125471966244,0.37367814779281616
24667616384335872,377043542,43,4,1.0,2.701628533119687,0.0,0.431625634431839
2430016221753453696,37763129,42,4,1.0,2.645299205785472,0.0,0.42247480154037476
5245493178380614016,377653904,10,2,1.0,2.481962464095586,0.0,0.3947952091693878
5976418783039311488,378094374,12,3,2.0,2.3994657509410326,0.3010299956639812,0.3801145553588867
5251595399203626880,378117290,36,1,3.0,2.216872903664483,0.47712125471966244,0.34574079513549805
5251595399203626880,378117290,37,1,1.0,2.472336571190595,0.0,0.3931075930595398
5251595399203626880,378117290,38,1,2.0,3.055148048386126,0.3010299956639812,0.48503226041793823
5252895434280467072,378126824,10,0,3.0,2.5422865632367864,0.47712125471966244,0.4052245020866394
5252895434280467072,378126824,11,0,11.0,2.501266753587224,1.0413926851582251,0.39816001057624817
5252895434280467072,378126824,36,0,10.0,2.7289809004634566,1.0,0.4360004961490631
5252895434280467072,378126824,37,0,7.0,2.753883781646432,0.8450980400142568,0.43994560837745667
5252895434280467072,378126824,63,0,8.0,2.338709902851,0.9030899869919435,0.368976354598999
5252895434280467072,378126824,64,0,14.0,2.752905238125717,1.146128035678238,0.4397912621498108
3192643431015406464,37816550,32,4,1.0,2.6434256060622863,0.0,0.4221670925617218
5253033285548628864,378413560,10,4,9.0,2.5972960543301404,0.9542425094393249,0.4145214557647705
5253033285548628864,378413560,11,4,6.0,2.6454918126639284,0.7781512503836436,0.4225064218044281
5253033285548628864,378413560,63,4,7.0,2.808340676966272,0.8450980400142568,0.4484497904777527
5253033285548628864,378413560,64,4,10.0,2.9190807647272448,1.0,0.4652461111545563
6057647854580472064,378804584,10,2,2.0,2.3427816496852634,0.3010299956639812,0.3697318136692047
6057647854580472064,378804584,37,2,3.0,2.7405017928299884,0.47712125471966244,0.4378300905227661
6057647854580472064,378804584,38,2,1.0,2.3816520944523116,0.0,0.3768783211708069
3198734278756825856,37948770,32,0,1.0,2.689247209032661,0.0,0.42963072657585144
6217128305295069440,379593781,11,1,5.0,2.7197049663749753,0.6989700043360189,0.43452179431915283
6054046850929570560,379769581,11,1,2.0,2.33157620688817,0.3010299956639812,0.3676496148109436
6054046850929570560,379769581,64,1,2.0,2.461677292883488,0.3010299956639812,0.39123111963272095
5504494373625210880,379953991,62,2,1.0,2.508034159010244,0.0,0.3993334472179413
2898375632218397696,37997333,33,4,2.0,2.6147167499621986,0.3010299956639812,0.41742464900016785
2898375636516851840,37997336,33,4,1.0,2.762511076503331,0.0,0.4413040280342102
5504182700735898752,380024781,61,1,1.0,2.45046980020972,0.0,0.38924935460090637
5504498844688310656,380035225,61,2,6.0,2.551989531916468,0.7781512503836436,0.40687888860702515
5504498844688310656,380035225,62,2,1.0,2.3787953372399264,0.0,0.3763570785522461
6147538049710195840,380136537,37,2,1.0,2.373091121538512,0.0,0.3753144145011902
6057456092878899072,380679651,10,2,4.0,2.463961727145439,0.6020599913279624,0.3916339576244354
6057456092878899072,380679651,11,2,2.0,2.5863706227539294,0.3010299956639812,0.41269075870513916
6057500245143971328,381377851,11,3,2.0,2.5224636780106318,0.3010299956639812,0.4018249213695526
6057500245143971328,381377851,38,3,2.0,2.5326481198705815,0.3010299956639812,0.4035748541355133
335890326862258048,381687031,18,4,5.0,2.7625831140782418,0.6989700043360189,0.44131535291671753
5860803662284763392,381838186,11,4,2.0,2.739707543501781,0.3010299956639812,0.4377042055130005
5860803662284763392,381838186,64,4,7.0,2.7790526229998664,0.8450980400142568,0.4438967704772949
236803335400887168,381849249,58,3,1.0,2.29673314677405,0.0,0.36111053824424744
4763704324285023616,381949410,4,2,17.0,2.3587589165352703,1.2304489213782739,0.3726835548877716
4763704324285023616,381949410,5,2,7.0,2.406198951385086,0.8450980400142568,0.38133153319358826
4763704324285023616,381949410,6,2,10.0,2.3005793024591816,1.0,0.3618372082710266
4763704324285023616,381949410,7,2,5.0,2.445727824469961,0.6989700043360189,0.3884081244468689
4763704324285023616,381949410,8,2,4.0,2.5670499454422555,0.6020599913279624,0.40943431854248047
4763704324285023616,381949410,9,2,8.0,2.287570688660176,0.9030899869919435,0.3593745231628418
4763704324285023616,381949410,10,2,7.0,2.451641125957568,0.8450980400142568,0.3894568979740143
4763704324285023616,381949410,12,2,5.0,2.3989986643344463,0.6989700043360189,0.3800300061702728
4763704324285023616,381949410,13,2,10.0,2.4822612201616927,1.0,0.39484748244285583
4763704324285023616,381949410,27,2,1.0,2.3021012107213794,0.0,0.36212441325187683
4763704324285023616,381949410,28,2,6.0,2.3876137945309552,0.7781512503836436,0.3779640793800354
4763704324285023616,381949410,29,2,13.0,2.336676283088298,1.1139433523068367,0.3685985505580902
4763704324285023616,381949410,30,2,9.0,2.363118205297794,0.9542425094393249,0.3734854459762573
4763704324285023616,381949410,31,2,6.0,2.4023944807263207,0.7781512503836436,0.3806443214416504
4763704324285023616,381949410,32,2,14.0,2.3296252041602403,1.146128035678238,0.3672860562801361
4763704324285023616,381949410,33,2,6.0,2.543917219312094,0.7781512503836436,0.40550297498703003
4763704324285023616,381949410,34,2,11.0,2.577678482192321,1.0413926851582251,0.411228746175766
4763704324285023616,381949410,35,2,4.0,2.3693310311940166,0.6020599913279624,0.3746257424354553
4763704324285023616,381949410,36,2,8.0,2.369606310601959,0.9030899869919435,0.3746761977672577
4763704324285023616,381949410,37,2,6.0,2.4814299362859376,0.7781512503836436,0.3947020173072815
4763704324285023616,381949410,38,2,7.0,2.3887614680468756,0.8450980400142568,0.37817278504371643
4763704324285023616,381949410,39,2,11.0,2.4043042954834384,1.0413926851582251,0.3809894323348999
4763704324285023616,381949410,61,2,12.0,2.5645694436340722,1.0791812460476249,0.4090144634246826
4763704324285023616,381949410,62,2,2.0,2.380785721594332,0.3010299956639812,0.3767203092575073
4763704324285023616,381949410,63,2,15.0,2.594613613300353,1.1760912590556813,0.4140726923942566
4763704324285023616,381949410,64,2,11.0,2.488878996577566,1.0413926851582251,0.396003782749176
4763704324285023616,381949410,65,2,10.0,2.344664186415842,1.0,0.3700806498527527
4763704324285023616,381949410,66,2,5.0,2.486202576213688,0.6989700043360189,0.39553651213645935
4763704324285023616,381949410,67,2,2.0,2.3780967785987364,0.3010299956639812,0.37622952461242676
4770255837334959488,382043650,3,2,2.0,2.3488837874294997,0.3010299956639812,0.3708615303039551
4770255837334959488,382043650,4,2,6.0,2.3579715812695587,0.7781512503836436,0.37253856658935547
4770255837334959488,382043650,5,2,6.0,2.3105592462339852,0.7781512503836436,0.36371710896492004
4770255837334959488,382043650,6,2,2.0,2.343711229589681,0.3010299956639812,0.369904100894928
4770255837334959488,382043650,7,2,1.0,2.4715347296411236,0.0,0.39296671748161316
4770255837334959488,382043650,10,2,1.0,2.368849816207768,0.0,0.37453752756118774
4770255837334959488,382043650,13,2,7.0,2.485976188184681,0.8450980400142568,0.3954969644546509
4770255837334959488,382043650,27,2,7.0,2.3737390160017204,0.8450980400142568,0.37543296813964844
4770255837334959488,382043650,30,2,3.0,2.3946168960815806,0.47712125471966244,0.37923604249954224
4770255837334959488,382043650,31,2,11.0,2.3714178057161566,1.0413926851582251,0.37500807642936707
4770255837334959488,382043650,32,2,9.0,2.433188146449309,0.9542425094393249,0.3861756920814514
4770255837334959488,382043650,33,2,1.0,2.394029837264632,0.0,0.379129558801651
4770255837334959488,382043650,36,2,4.0,2.3447478540597206,0.6020599913279624,0.3700961470603943
4770255837334959488,382043650,37,2,8.0,2.441444319905593,0.9030899869919435,0.3876468241214752
4770255837334959488,382043650,64,2,5.0,2.376825373706035,0.6989700043360189,0.37599727511405945
4770255837334959488,382043650,65,2,5.0,2.4936570653085712,0.6989700043360189,0.3968367278575897
4770255837334959488,382043650,66,2,1.0,2.448367393887426,0.0,0.3888765871524811
4770255837334959488,382043650,67,2,3.0,2.3855207893307138,0.47712125471966244,0.37758320569992065
6057867344587703040,382174974,37,2,1.0,2.3157479447304823,0.0,0.36469128727912903
5168681021169216896,382326499,31,1,3.0,2.45251796811207,0.47712125471966244,0.38961219787597656
6053080174073021696,382407397,11,3,3.0,2.488138207640636,0.47712125471966244,0.3958745002746582
6053080174073021696,382407397,37,3,4.0,2.380915771797642,0.6020599913279624,0.37674403190612793
6053080174073021696,382407397,38,3,3.0,2.517818043896802,0.47712125471966244,0.40102434158325195
6053080174073021696,382407397,64,3,3.0,2.624190989828463,0.47712125471966244,0.4189954400062561
6053080105353531520,382407573,11,2,2.0,2.5324248014071107,0.3010299956639812,0.4035365581512451
6054414843716969344,382619547,37,4,1.0,2.6968968381056047,0.0,0.4308643341064453
5288017095509716480,382624902,1,1,10.0,1.8921982278779612,1.0,0.2769666314125061
5288017095509716480,382624902,2,1,13.0,2.453478125683219,1.1139433523068367,0.389782190322876
5288017095509716480,382624902,4,1,9.0,2.1790632168221897,0.9542425094393249,0.33826982975006104
5288017095509716480,382624902,5,1,13.0,2.0621913864560506,1.1139433523068367,0.31432896852493286
5288017095509716480,382624902,7,1,13.0,2.5275705423178345,1.1139433523068367,0.40270328521728516
5288017095509716480,382624902,8,1,14.0,2.276648534052986,1.146128035678238,0.3572959899902344
5288017095509716480,382624902,9,1,13.0,2.540017009095758,1.1139433523068367,0.40483662486076355
5288017095509716480,382624902,10,1,13.0,2.2618361111509286,1.1139433523068367,0.354461133480072
5288017095509716480,382624902,11,1,8.0,2.521251594641595,0.9030899869919435,0.4016161859035492
5288017095509716480,382624902,12,1,5.0,2.4890540653631006,0.6989700043360189,0.3960343301296234
5288017095509716480,382624902,27,1,8.0,2.661600225463895,0.9030899869919435,0.4251428246498108
5288017095509716480,382624902,28,1,7.0,2.327600921505438,0.8450980400142568,0.3669085204601288
5288017095509716480,382624902,30,1,16.0,2.6771757736300703,1.2041199826559248,0.42767688632011414
5288017095509716480,382624902,31,1,12.0,3.0806508800344368,1.0791812460476249,0.48864248394966125
5288017095509716480,382624902,32,1,19.0,2.4989357285581115,1.2787536009528289,0.39775508642196655
5288017095509716480,382624902,34,1,12.0,2.480555013237891,1.0791812460476249,0.39454886317253113
5288017095509716480,382624902,35,1,8.0,2.4372735165047277,0.9030899869919435,0.3869042694568634
5288017095509716480,382624902,37,1,10.0,2.4493144971972627,1.0,0.38904455304145813
5288017095509716480,382624902,38,1,9.0,2.3849863683040313,0.9542425094393249,0.37748590111732483
5288017095509716480,382624902,61,1,17.0,2.3371900955098774,1.2304489213782739,0.3686940371990204
5288017095509716480,382624902,62,1,19.0,2.52187936864016,1.2787536009528289,0.40172430872917175
5288017095509716480,382624902,63,1,23.0,2.485819929348328,1.3617278360175928,0.39546966552734375
5288017095509716480,382624902,64,1,18.0,2.488506354568915,1.255272505103306,0.3959387540817261
5288017095509716480,382624902,65,1,13.0,2.591344566102608,1.1139433523068367,0.41352516412734985
5770429166524323200,383481021,12,3,1.0,2.5755164220297977,0.0,0.41086432337760925
5770429166524323200,383481021,66,3,1.0,2.542561698015835,0.0,0.4052715003490448
5895054033558799744,383492888,11,3,1.0,2.523347495390554,0.0,0.4019770622253418
5765023348885716480,383620478,27,4,1.0,2.6479173900303,0.0,0.42290443181991577
5765023348885716480,383620478,39,4,2.0,2.747733942159694,0.3010299956639812,0.43897467851638794
5769731629474854400,383629704,12,1,1.0,2.479017027431419,0.0,0.39427950978279114
5769731629474854400,383629704,13,1,1.0,2.380208750346638,0.0,0.376615047454834
6100487782498941696,383632304,11,0,2.0,2.597717608742783,0.3010299956639812,0.4145919382572174
6100487782498941696,383632304,38,0,1.0,2.7515803469511413,0.0,0.4395821988582611
5305106431102283648,383664368,8,3,7.0,2.428467780959552,0.8450980400142568,0.3853323459625244
5305106431102283648,383664368,9,3,9.0,2.496806475305417,0.9542425094393249,0.3973848819732666
5305106431102283648,383664368,10,3,5.0,2.357241285716168,0.6989700043360189,0.3724040389060974
5305106431102283648,383664368,35,3,2.0,2.4699097926897657,0.3010299956639812,0.3926810920238495
5305106431102283648,383664368,36,3,1.0,2.526523480745902,0.0,0.40252333879470825
5305106431102283648,383664368,37,3,3.0,2.4922371679751953,0.47712125471966244,0.39658936858177185
5305106431102283648,383664368,63,3,4.0,2.4704244212648883,0.6020599913279624,0.39277157187461853
5303232279154864128,383952870,35,2,1.0,2.3418026209238856,0.0,0.36955028772354126
5303232279154864128,383952870,36,2,4.0,2.427546063352008,0.6020599913279624,0.3851674795150757
5303232279154864128,383952870,37,2,7.0,2.299902765842406,0.8450980400142568,0.36170947551727295
5303232279154864128,383952870,62,2,1.0,2.5219568995348323,0.0,0.40173766016960144
5778187659868384384,383992496,66,3,1.0,2.3977636363023422,0.0,0.37980636954307556
5778786481389569536,384064144,66,1,2.0,2.476844577146536,0.3010299956639812,0.39389875531196594
5775111230632453248,384066761,13,0,1.0,2.3396075231068694,0.0,0.369143009185791
5775292443892879360,384152961,66,2,4.0,2.489416368756298,0.6020599913279624,0.3960975408554077
5775129780593308288,384153800,66,1,1.0,2.434871630986876,0.0,0.386476069688797
5768812231596292480,384294724,66,4,2.0,2.7149615466654082,0.3010299956639812,0.43376368284225464
5774925310087923584,384514862,66,4,2.0,2.702074067282187,0.3010299956639812,0.4316972494125366
5775319725524297728,384604627,66,3,4.0,2.6800564910466367,0.6020599913279624,0.4281439483165741
5777560152266523648,384710461,39,1,3.0,2.3356001128752464,0.47712125471966244,0.3683984875679016
447869740701681920,384735554,58,2,1.0,2.483449957685955,0.0,0.3950554132461548
447869740701681920,384735554,59,2,1.0,2.4896266689798487,0.0,0.39613422751426697
5774659400072255232,384800468,66,3,4.0,2.274379969445846,0.6020599913279624,0.35686302185058594
5773752887094707200,384821509,66,0,1.0,2.705745333846239,0.0,0.43228691816329956
448096210033606400,384830195,58,0,8.0,2.5184871318119977,0.9030899869919435,0.4011397361755371
448096210033606400,384830195,59,0,2.0,2.3052296730652957,0.3010299956639812,0.3627142012119293
5303566187102489344,384950919,9,2,6.0,2.3961437912706107,0.7781512503836436,0.37951287627220154
5303566187102489344,384950919,10,2,6.0,2.4544462384908683,0.7781512503836436,0.38995352387428284
5303566187102489344,384950919,35,2,3.0,2.375563614455247,0.47712125471966244,0.37576666474342346
5303566187102489344,384950919,36,2,3.0,2.3413832312813385,0.47712125471966244,0.3694725036621094
5303566187102489344,384950919,37,2,6.0,2.392652876073154,0.7781512503836436,0.37887969613075256
5303566187102489344,384950919,62,2,4.0,2.364503806023402,0.6020599913279624,0.373740017414093
5303566187102489344,384950919,64,2,6.0,2.3505265246055265,0.7781512503836436,0.3711651563644409
241039788061910016,384985967,58,2,7.0,2.4960369489609087,0.8450980400142568,0.3972510099411011
435211342506946688,384992002,58,4,1.0,2.7544664626657536,0.0,0.44003748893737793
5310127660192135552,385012516,9,1,1.0,2.8779479246396504,0.0,0.4590829312801361
5310127660192135552,385012516,35,1,2.0,2.395347100338375,0.3010299956639812,0.37936845421791077
5310127660192135552,385012516,36,1,2.0,2.1981108941736314,0.3010299956639812,0.34204959869384766
5310127660192135552,385012516,37,1,4.0,2.1675825543983485,0.6020599913279624,0.33597564697265625
5310127660192135552,385012516,63,1,3.0,2.433682431309591,0.47712125471966244,0.386263906955719
435326859946780800,385040964,58,4,8.0,2.703145281437741,0.9030899869919435,0.43186938762664795
435320915712179840,385041419,58,3,5.0,2.4274960886675103,0.6989700043360189,0.3851585388183594
243160574195380352,385245910,58,0,7.0,2.455113480203203,0.8450980400142568,0.3900715708732605
448081400987405696,385258947,58,4,1.0,2.702439003919896,0.0,0.4317559003829956
448081400987405696,385258947,59,4,1.0,2.6157750515531113,0.0,0.4176003932952881
448026253606629376,385344085,58,3,1.0,2.463715723769495,0.0,0.39159059524536133
448026253606629376,385344085,59,3,1.0,2.5491005781534213,0.0,0.40638697147369385
449611508854184576,385345787,58,2,12.0,2.3449425537878126,1.0791812460476249,0.3701322078704834
449611508854184576,385345787,59,2,6.0,2.345507113475254,0.7781512503836436,0.37023675441741943
461634977743619584,385408979,58,2,1.0,2.4435159646537703,0.0,0.38801518082618713
461634977743619584,385408979,59,2,2.0,2.3638096064531395,0.3010299956639812,0.37361249327659607
72023341675567360,385506258,42,2,1.0,2.381037169289589,0.0,0.376766175031662
72023341675567360,385506258,43,2,2.0,2.5719962632882303,0.3010299956639812,0.4102703332901001
72023341675567360,385506258,44,2,2.0,2.373652847894242,0.3010299956639812,0.37541720271110535
72023341675567360,385506258,58,2,1.0,2.3465116832978614,0.0,0.37042272090911865
71917685480203136,385506724,42,3,2.0,2.4880181789283293,0.3010299956639812,0.39585354924201965
71917685480203136,385506724,44,3,1.0,2.548742531095958,0.0,0.40632596611976624
70334384440377472,385507951,43,1,2.0,2.4582825306702794,0.3010299956639812,0.3906317949295044
70334384440377472,385507951,44,1,1.0,2.468282875238547,0.0,0.39239493012428284
70286319462343808,385508007,44,2,1.0,2.476485293016225,0.0,0.39383575320243835
70242785673539712,385508166,44,3,1.0,2.509433264985728,0.0,0.3995756506919861
70234882933734400,385508264,42,2,1.0,2.4134297923844223,0.0,0.3826346695423126
70234882933734400,385508264,43,2,4.0,2.3914007659796166,0.6020599913279624,0.3786523640155792
70234882933734400,385508264,44,2,1.0,2.794632504698535,0.0,0.4463247060775757
69918979499309952,385508589,43,4,1.0,2.6102741208267672,0.0,0.41668611764907837
69917635172718720,385508618,42,1,1.0,2.2725058325930094,0.0,0.35650500655174255
69917635172718720,385508618,43,1,4.0,2.3436727912838773,0.6020599913279624,0.3698969781398773
69917635172718720,385508618,44,1,4.0,2.4830638154115494,0.6020599913279624,0.39498788118362427
69918086146123520,385508622,42,2,2.0,2.5867932441023567,0.3010299956639812,0.41276171803474426
69918086146123520,385508622,43,2,1.0,2.4257867412578458,0.0,0.3848526179790497
69918086146123520,385508622,44,2,2.0,2.97256397096846,0.3010299956639812,0.4731312096118927
69911867033651200,385508704,42,3,1.0,2.523210357887023,0.0,0.40195345878601074
69834282744302208,385508851,44,0,1.0,2.829376831971458,0.0,0.45169079303741455
69834763780636672,385508852,42,0,2.0,2.5645588844437737,0.3010299956639812,0.40901267528533936
69834763780636672,385508852,43,0,2.0,2.6798773668776237,0.3010299956639812,0.4281149208545685
69834763780636672,385508852,44,0,2.0,2.761351340602745,0.3010299956639812,0.4411216676235199
69834759483788928,385508854,42,4,4.0,2.7283171119861573,0.6020599913279624,0.43589484691619873
69834759483788928,385508854,43,4,3.0,2.636928845925518,0.47712125471966244,0.42109841108322144
69834759483788928,385508854,44,4,4.0,2.7374879129886955,0.6020599913279624,0.4373522102832794
69814388455816960,385508943,43,3,2.0,2.428750597804398,0.3010299956639812,0.38538292050361633
69807963184755840,385509004,43,1,2.0,2.505613606268449,0.3010299956639812,0.398914098739624
69806039039416832,385509057,44,0,1.0,2.2554613729294086,0.0,0.3532353937625885
66802276352348416,385509109,42,3,1.0,2.394575486711383,0.0,0.37922853231430054
65297594689312768,385509159,43,2,1.0,2.3744050103899244,0.0,0.37555480003356934
65297594689312768,385509159,44,2,1.0,2.383235648620037,0.0,0.3771669864654541
65298483745290368,385509186,42,2,1.0,2.439991697507652,0.0,0.38738834857940674
65275089060719104,385509297,43,0,1.0,2.6511706595527493,0.0,0.4234376847743988
65275020341243520,385509305,42,4,1.0,2.531252051116802,0.0,0.4033353924751282
65275020341243520,385509305,43,4,2.0,2.582751795412894,0.3010299956639812,0.4120826721191406
65275020341243520,385509305,44,4,1.0,2.6575356375806085,0.0,0.42447909712791443
65244646332548352,385509405,43,2,4.0,2.34140251191642,0.6020599913279624,0.3694760799407959
65196405259884544,385509435,42,4,1.0,2.6500929454892486,0.0,0.4232611060142517
65196405259884544,385509435,43,4,1.0,2.7412018406696563,0.0,0.4379410147666931
65196405259884544,385509435,44,4,1.0,2.67775049327121,0.0,0.42777010798454285
65216363971331072,385552109,43,2,2.0,2.330929423422288,0.3010299956639812,0.36752912402153015
65222518661019520,385552163,42,1,2.0,2.4191175859390985,0.3010299956639812,0.38365697860717773
65222518661019520,385552163,43,1,1.0,2.4629798891843424,0.0,0.3914608657360077
65222518661019520,385552163,44,1,1.0,2.316398622440403,0.0,0.36481329798698425
65270450496044416,385552187,42,0,3.0,2.5749111652528875,0.47712125471966244,0.4107622504234314
65270450496044416,385552187,43,0,3.0,2.7072218503767997,0.47712125471966244,0.43252384662628174
65270450496044416,385552187,44,0,4.0,2.730346434267221,0.6020599913279624,0.4362177550792694
65269935099961600,385552195,42,3,1.0,2.5338941985458336,0.0,0.4037884771823883
65276703968959488,385552242,42,1,1.0,2.502013854979647,0.0,0.3982897102832794
65281166437426176,385552281,42,3,1.0,2.5361321763881657,0.0,0.404171884059906
65281166437426176,385552281,43,3,4.0,2.549594615229271,0.6020599913279624,0.4064711332321167
65281166437426176,385552281,44,3,8.0,2.4913374060696842,0.9030899869919435,0.3964325487613678
65281239453865856,385552287,43,0,1.0,2.644859403068715,0.0,0.42240259051322937
65281239453865856,385552287,44,0,2.0,2.7756829993133203,0.3010299956639812,0.44336986541748047
65282098447322752,385552305,43,2,3.0,2.3724743366318504,0.47712125471966244,0.3752015233039856
65282098447322752,385552305,44,2,1.0,2.3641773656919796,0.0,0.373680055141449
65284469269256704,385552345,44,2,1.0,2.5327075589197485,0.0,0.4035850465297699
66798977817468288,385552421,42,1,1.0,2.446464044971397,0.0,0.38853883743286133
66798977817468288,385552421,43,1,1.0,2.470412554444587,0.0,0.3927694857120514
66798977817468288,385552421,44,1,2.0,2.3304104306988,0.3010299956639812,0.3674324154853821
66802207632871808,385552440,42,3,2.0,2.4590787228174857,0.3010299956639812,0.39077243208885193
66802207632871808,385552440,43,3,7.0,2.468209873773659,0.8450980400142568,0.39238208532333374
66802207632871808,385552440,44,3,7.0,2.4369798405346828,0.8450980400142568,0.3868519365787506
66802654309459712,385552466,44,4,1.0,2.578975208972827,0.0,0.4114471673965454
66804406656115328,385552485,42,0,7.0,2.4906044309586792,0.8450980400142568,0.39630475640296936
66804406656115328,385552485,43,0,6.0,2.766441952460323,0.7781512503836436,0.44192156195640564
66804406656115328,385552485,44,0,3.0,2.7534032523476704,0.47712125471966244,0.43986982107162476
69822875311156224,385552720,42,0,1.0,2.54079730476967,0.0,0.4049700200557709
69822875311156224,385552720,43,0,2.0,2.4624402816526096,0.3010299956639812,0.3913657069206238
69834866859848192,385552744,42,0,1.0,2.514155728759424,0.0,0.40039217472076416
69834866859848192,385552744,43,0,2.0,2.506278935001545,0.3010299956639812,0.399029403924942
69834866859848192,385552744,44,0,1.0,2.3179249513526674,0.0,0.36509937047958374
69860293066219136,385552801,42,4,2.0,2.6429068582165653,0.3010299956639812,0.422081857919693
69860293066219136,385552801,43,4,4.0,2.49628446661856,0.6020599913279624,0.3972940742969513
69860293066219136,385552801,44,4,2.0,2.5252538202170074,0.3010299956639812,0.4023050367832184
69863454162150656,385552820,42,0,2.0,2.4735519577612424,0.3010299956639812,0.39332103729248047
69863454162150656,385552820,43,0,3.0,2.5795070749618554,0.47712125471966244,0.41153672337532043
69863454162150656,385552820,44,0,4.0,2.6949811449744536,0.6020599913279624,0.4305557310581207
70042743277270016,385553257,43,1,3.0,2.1169780083963587,0.47712125471966244,0.3257163465023041
70230652389756928,385553288,44,0,1.0,2.591922559333001,0.0,0.41362202167510986
70049477786093056,385558026,42,4,1.0,2.4070415365579825,0.0,0.3814835846424103
70049477786093056,385558026,43,4,1.0,2.793933382907397,0.0,0.44621604681015015
70049477786093056,385558026,44,4,1.0,2.7515686401359734,0.0,0.43958035111427307
70044456967585280,385558100,43,2,1.0,2.4691466921901664,0.0,0.3925468921661377
70037795475083008,385558153,42,2,1.0,2.484377728388726,0.0,0.395217627286911
70037795475083008,385558153,43,2,1.0,2.5098479647732703,0.0,0.39964741468429565
70037795475083008,385558153,44,2,1.0,2.3614731500292714,0.0,0.373183012008667
69873418486230272,385558399,43,0,4.0,2.597124600184677,0.6020599913279624,0.41449278593063354
69873418486230272,385558399,44,0,2.0,2.7655718634909543,0.3010299956639812,0.44178494811058044
69859262274067584,385558563,42,1,3.0,2.4637539329918736,0.47712125471966244,0.39159733057022095
69859262274067584,385558563,43,1,3.0,2.452321740928386,0.47712125471966244,0.3895774483680725
69859262274067584,385558563,44,1,7.0,2.4545547097757887,0.8450980400142568,0.3899727165699005
69859124835119360,385558575,42,2,1.0,2.4768896188052087,0.0,0.3939066529273987
69859124835119360,385558575,43,2,1.0,2.475911804089069,0.0,0.3937351703643799
69859124835119360,385558575,44,2,2.0,2.31386528371114,0.3010299956639812,0.36433807015419006
66807464672814336,385589309,43,0,2.0,2.514556024093458,0.3010299956639812,0.4004613161087036
66807464672814336,385589309,44,0,1.0,2.484001669324571,0.0,0.39515188336372375
66801795315987584,385589312,44,2,1.0,2.3949110546775296,0.0,0.3792893886566162
66801623517295104,385589317,42,4,2.0,2.681379327617513,0.3010299956639812,0.428358256816864
66801623517295104,385589317,43,4,1.0,2.6968592696671196,0.0,0.4308582842350006
66801623517295104,385589317,44,4,2.0,2.591714111220753,0.3010299956639812,0.4135870933532715
66801623514684416,385589319,42,0,3.0,2.744030559465207,0.47712125471966244,0.4383889436721802
66801623514684416,385589319,43,0,2.0,2.5795150405106955,0.3010299956639812,0.4115380644798279
66801623514684416,385589319,44,0,9.0,2.6084704359746964,0.9542425094393249,0.4163859188556671
66799763794633856,385589386,42,3,1.0,2.4967941390855084,0.0,0.3973827362060547
66799763794633856,385589386,43,3,2.0,2.5010288678603914,0.3010299956639812,0.3981187045574188
66785852397412224,385589435,43,4,1.0,2.6741030814648843,0.0,0.42717814445495605
66785852397412224,385589435,44,4,2.0,2.557888372566235,0.3010299956639812,0.40788158774375916
65280071222749824,385589524,42,2,2.0,2.4602474105036003,0.3010299956639812,0.39097878336906433
65280071222749824,385589524,43,2,5.0,2.3690240827781204,0.6989700043360189,0.37456947565078735
65276772687884544,385589578,42,1,2.0,2.4891898589006862,0.3010299956639812,0.39605802297592163
65276772687884544,385589578,43,1,2.0,2.3734613020218216,0.3010299956639812,0.3753821551799774
65276772687884544,385589578,44,1,1.0,2.424817120098777,0.0,0.38467898964881897
65229184450247296,385589609,43,4,1.0,2.777948659139542,0.0,0.44372421503067017
65228772133391488,385589620,43,2,1.0,2.3566772977674746,0.0,0.3723001182079315
65228772133391488,385589620,44,2,1.0,2.338723865335394,0.0,0.36897894740104675
66642641008348416,385590063,42,4,1.0,2.7393270472778344,0.0,0.4376438856124878
66642641008348416,385590063,44,4,1.0,2.670365897549925,0.0,0.4265707731246948
66649409876772096,385590112,42,3,1.0,2.5838049607395557,0.0,0.4122597277164459
66649409876772096,385590112,43,3,1.0,2.4916328450756824,0.0,0.39648404717445374
66649409876772096,385590112,44,3,2.0,2.51758342138873,0.3010299956639812,0.40098387002944946
66652467893487488,385590134,42,3,1.0,2.529216925547875,0.0,0.402986079454422
66652467893487488,385590134,43,3,9.0,2.4979733802475965,0.9542425094393249,0.3975878059864044
66652467893487488,385590134,44,3,7.0,2.5752371910091205,0.8450980400142568,0.4108172357082367
66699712533433600,385590417,44,2,1.0,2.4488911458149487,0.0,0.3889694809913635
66899239535574400,385590587,42,2,1.0,2.350491361744953,0.0,0.3711586594581604
66899239535574400,385590587,43,2,2.0,2.5443287132836514,0.3010299956639812,0.4055732190608978
66899239535574400,385590587,44,2,1.0,2.3190921205288753,0.0,0.3653180003166199
67352066526730240,385590965,42,3,1.0,2.7628365875307375,0.0,0.4413551986217499
67352066526730240,385590965,43,3,1.0,2.3600494846875315,0.0,0.3729211091995239
67352066526730240,385590965,44,3,1.0,2.5238086575967316,0.0,0.40205642580986023
67373094686549632,385591142,42,4,2.0,2.7420525961485924,0.3010299956639812,0.4380757808685303
67373094686549632,385591142,43,4,2.0,2.7237074460340644,0.3010299956639812,0.43516045808792114
67373094686549632,385591142,44,4,3.0,2.5559209296931327,0.47712125471966244,0.4075474143028259
67376633739588352,385591175,42,3,1.0,2.298750933261721,0.0,0.3614919185638428
67376633739588352,385591175,43,3,2.0,2.4628179776096175,0.3010299956639812,0.3914323151111603
67376633739588352,385591175,44,3,5.0,2.5069067655679813,0.6989700043360189,0.3991381824016571
70404894921335936,385591266,42,4,9.0,2.7510182872209152,0.9542425094393249,0.43949347734451294
70404894921335936,385591266,43,4,5.0,2.5014502465623565,0.6989700043360189,0.3981918692588806
70404894921335936,385591266,44,4,9.0,2.5392353848198757,0.9542425094393249,0.40470296144485474
5310142950274535424,385626253,9,2,5.0,2.459806808775321,0.6989700043360189,0.39090099930763245
5310142950274535424,385626253,10,2,4.0,2.907796293790363,0.6020599913279624,0.4635639786720276
5310142950274535424,385626253,35,2,2.0,2.4418632001548777,0.3010299956639812,0.38772132992744446
5310142950274535424,385626253,36,2,5.0,2.4444338490407795,0.6989700043360189,0.388178288936615
5310142950274535424,385626253,37,2,3.0,2.3427837396605793,0.47712125471966244,0.36973220109939575
5310142950274535424,385626253,62,2,2.0,2.3316022867595487,0.3010299956639812,0.3676544725894928
5310142950274535424,385626253,63,2,5.0,2.3464414782224177,0.6989700043360189,0.3704097270965576
3243665031151732864,38613715,31,2,1.0,2.468673156351427,0.0,0.3924635946750641
5310606291358320512,386411251,9,4,20.0,2.677223723460975,1.3010299956639813,0.4276846647262573
5310606291358320512,386411251,10,4,14.0,2.4119743073068483,1.146128035678238,0.3823726773262024
5310606291358320512,386411251,36,4,15.0,2.7457060163088087,1.1760912590556813,0.4386540353298187
5310606291358320512,386411251,37,4,23.0,2.6164418021818348,1.3617278360175928,0.417711079120636
4678136244899047808,38680132,1,2,2.0,2.355736432220736,0.3010299956639812,0.3721266984939575
4678136244899047808,38680132,2,2,3.0,2.345793146684572,0.47712125471966244,0.37028971314430237
4678136244899047808,38680132,5,2,2.0,2.4398937482171292,0.3010299956639812,0.38737091422080994
4678136244899047808,38680132,6,2,1.0,2.722840334234314,0.0,0.43502217531204224
4678136244899047808,38680132,7,2,1.0,2.362993667546668,0.0,0.3734625577926636
4678136244899047808,38680132,8,2,1.0,2.456240335989377,0.0,0.390270859003067
4678136244899047808,38680132,9,2,2.0,2.779897384760717,0.3010299956639812,0.44402876496315
4678136244899047808,38680132,10,2,1.0,2.5335864463460886,0.0,0.4037357270717621
4678136244899047808,38680132,11,2,1.0,2.4783286633393047,0.0,0.39415889978408813
4678136244899047808,38680132,12,2,1.0,2.318774972951368,0.0,0.3652586042881012
4678136244899047808,38680132,13,2,1.0,2.364106632078547,0.0,0.37366706132888794
4678136244899047808,38680132,27,2,2.0,2.3760877714035193,0.3010299956639812,0.3758624792098999
4678136244899047808,38680132,31,2,1.0,2.6338179402234365,0.0,0.4205857515335083
4678136244899047808,38680132,32,2,1.0,2.3910766832921313,0.0,0.3785935044288635
4678136244899047808,38680132,33,2,1.0,2.347395545172146,0.0,0.3705862760543823
4678136244899047808,38680132,34,2,1.0,2.35475942285625,0.0,0.3719465434551239
4678136244899047808,38680132,35,2,2.0,2.4465624259147645,0.3010299956639812,0.3885563015937805
4678136244899047808,38680132,39,2,2.0,2.395142955999952,0.3010299956639812,0.37933143973350525
4678136244899047808,38680132,61,2,1.0,2.357842622521323,0.0,0.3725148141384125
4678136244899047808,38680132,62,2,1.0,2.4358793722370455,0.0,0.3866557776927948
4678136244899047808,38680132,63,2,1.0,2.3637059563766964,0.0,0.37359344959259033
4678136244899047808,38680132,64,2,3.0,2.372370143820194,0.47712125471966244,0.37518244981765747
4678136244899047808,38680132,65,2,1.0,2.3628243845661827,0.0,0.3734314441680908
6036302107604912128,386951119,12,4,1.0,2.6740118818667935,0.0,0.42716333270072937
3415529414514502144,387719481,43,0,4.0,2.4932818258688823,0.6020599913279624,0.3967713713645935
4654322231790939776,388128331,4,1,2.0,2.6221309834337796,0.3010299956639812,0.4186543822288513
4654322231790939776,388128331,5,1,1.0,2.4903164622158003,0.0,0.3962545394897461
4654322231790939776,388128331,6,1,2.0,2.479537296919094,0.3010299956639812,0.3943706452846527
4654322231790939776,388128331,7,1,3.0,2.4591107851165974,0.47712125471966244,0.3907780945301056
4654322231790939776,388128331,9,1,1.0,2.5298709875500434,0.0,0.40309837460517883
4654322231790939776,388128331,10,1,2.0,2.504041869314804,0.3010299956639812,0.39864158630371094
4654322231790939776,388128331,11,1,2.0,2.3869365605380812,0.3010299956639812,0.37784087657928467
4654322231790939776,388128331,27,1,2.0,2.483453706934391,0.3010299956639812,0.3950560688972473
4654322231790939776,388128331,28,1,5.0,2.5025162825126537,0.6989700043360189,0.3983769118785858
4654322231790939776,388128331,29,1,4.0,2.458786637650008,0.6020599913279624,0.39072084426879883
4654322231790939776,388128331,30,1,5.0,2.4876751984931897,0.6989700043360189,0.3957936763763428
4654322231790939776,388128331,31,1,1.0,2.48458675046795,0.0,0.3952541649341583
4654322231790939776,388128331,32,1,6.0,2.3252099412388856,0.7781512503836436,0.36646217107772827
4654322231790939776,388128331,34,1,2.0,2.497241537368085,0.3010299956639812,0.39746055006980896
4654322231790939776,388128331,35,1,2.0,2.198081631484416,0.3010299956639812,0.34204381704330444
4654322231790939776,388128331,36,1,2.0,2.5002444858737567,0.3010299956639812,0.39798247814178467
4654322231790939776,388128331,37,1,3.0,2.5681356549319463,0.47712125471966244,0.40961796045303345
4654322231790939776,388128331,38,1,3.0,2.3221945911182567,0.47712125471966244,0.36589860916137695
4654322231790939776,388128331,39,1,5.0,2.3009411717860604,0.6989700043360189,0.3619055151939392
4654322231790939776,388128331,61,1,2.0,2.5016325513223343,0.3010299956639812,0.39822351932525635
4654322231790939776,388128331,62,1,2.0,2.595608561375831,0.3010299956639812,0.41423919796943665
4654322231790939776,388128331,64,1,1.0,2.350365070120044,0.0,0.37113532423973083
4654322231790939776,388128331,65,1,2.0,2.4967925970623055,0.3010299956639812,0.3973824679851532
4654322231790939776,388128331,66,1,1.0,2.5179322531910597,0.0,0.4010440409183502
5194120112463898496,388240837,11,1,5.0,2.328927180773526,0.6989700043360189,0.36715590953826904
5194120112463898496,388240837,12,1,7.0,2.4930116815929417,0.8450980400142568,0.39672431349754333
5194120112463898496,388240837,13,1,5.0,2.4905329910967366,0.6989700043360189,0.3962922990322113
5194120112463898496,388240837,27,1,6.0,2.8440890676028494,0.7781512503836436,0.4539431929588318
5194120112463898496,388240837,38,1,10.0,2.209394806393442,1.0,0.34427332878112793
5194120112463898496,388240837,39,1,11.0,2.4717821922273693,1.0413926851582251,0.3930101990699768
5194120112463898496,388240837,61,1,8.0,2.4313059409409883,0.9030899869919435,0.3858396112918854
5194120112463898496,388240837,65,1,9.0,2.5172458659498544,0.9542425094393249,0.4009256362915039
5194120112463898496,388240837,67,1,6.0,2.4199221829198274,0.7781512503836436,0.3838014006614685
4677997740793659776,38905773,4,0,2.0,2.7089662916212407,0.3010299956639812,0.43280360102653503
4677997740793659776,38905773,5,0,1.0,2.506192943059971,0.0,0.39901450276374817
4677997740793659776,38905773,6,0,1.0,2.7187846499586934,0.0,0.4343748092651367
4677997740793659776,38905773,7,0,1.0,2.640938175690708,0.0,0.421758234500885
4677997740793659776,38905773,8,0,1.0,2.4399441455661144,0.0,0.38737988471984863
4677997740793659776,38905773,9,0,1.0,2.9453814201879,0.0,0.46914154291152954
4677997740793659776,38905773,10,0,1.0,2.9029798020464987,0.0,0.46284401416778564
4677997740793659776,38905773,11,0,2.0,2.694359276868049,0.3010299956639812,0.4304555058479309
4677997740793659776,38905773,12,0,1.0,2.6091627187277378,0.0,0.41650116443634033
4677997740793659776,38905773,13,0,4.0,2.6198593652219713,0.6020599913279624,0.4182779788970947
4677997740793659776,38905773,61,0,1.0,2.6568465641956567,0.0,0.42436647415161133
4677997740793659776,38905773,62,0,1.0,2.571730296795185,0.0,0.41022542119026184
4677997740793659776,38905773,63,0,1.0,2.3867565541200846,0.0,0.3778081238269806
4677997740793659776,38905773,65,0,1.0,2.724624193660175,0.0,0.4353066086769104
4677997740793659776,38905773,66,0,2.0,2.5961821609884885,0.3010299956639812,0.414335161447525
45630728985147648,389085401,44,4,6.0,2.5816790400919727,0.7781512503836436,0.4119022488594055
5378040370245563008,389253973,10,4,5.0,2.639514111847897,0.6989700043360189,0.4215239882469177
512554009762579584,389641461,58,2,1.0,2.3973659754844276,0.0,0.3797343373298645
5239251727594949120,389925947,10,1,2.0,2.4666612611305947,0.3010299956639812,0.3921095132827759
5239251727594949120,389925947,63,1,1.0,2.5070818981404632,0.0,0.3991685211658478
6075548419252913152,390229592,10,0,4.0,2.2767900819708204,0.6020599913279624,0.3573229908943176
6075548419252913152,390229592,11,0,9.0,2.6808844061973947,0.9542425094393249,0.4282780885696411
6075548419252913152,390229592,37,0,1.0,2.459483582215977,0.0,0.39084392786026
5239723525484923904,390359863,11,3,2.0,2.449489472434837,0.3010299956639812,0.3890755772590637
5239674700295136000,390363092,37,0,10.0,2.62281213297004,1.0,0.41876718401908875
5239674700295136000,390363092,38,0,13.0,2.7119610527938574,1.1139433523068367,0.4332834482192993
5239674700295136000,390363092,63,0,1.0,2.778515458332551,0.0,0.4438128173351288
5239674700295136000,390363092,64,0,9.0,2.512856243590706,0.9542425094393249,0.40016764402389526
5239660372284736896,390366768,10,2,4.0,2.488143842132148,0.6020599913279624,0.395875483751297
5239660372284736896,390366768,11,2,1.0,2.3651248484995544,0.0,0.3738540709018707
6071792178303014912,390397794,10,1,5.0,2.472302809553195,0.6989700043360189,0.39310166239738464
6071792178303014912,390397794,11,1,8.0,2.3684891316394836,0.9030899869919435,0.37447139620780945
6071792178303014912,390397794,37,1,1.0,2.5249337758356734,0.0,0.4022499918937683
6071792178303014912,390397794,38,1,5.0,2.5220911997603315,0.6989700043360189,0.4017607867717743
5239823134370969088,390441711,10,1,1.0,1.855899221014385,0.0,0.2685543894767761
5239823134370969088,390441711,37,1,10.0,2.3622647344599708,1.0,0.3733285665512085
5239086805168167168,390847186,63,0,5.0,2.720462987128104,0.6989700043360189,0.43464282155036926
245793664026998528,391030910,59,2,2.0,2.489791026443877,0.3010299956639812,0.39616289734840393
5239498744077038976,391341577,10,2,4.0,2.6040602207857364,0.6020599913279624,0.41565102338790894
4660206027800195584,391745863,1,1,4.0,2.4336268192505086,0.6020599913279624,0.3862539827823639
4660206027800195584,391745863,3,1,4.0,2.4750045186086846,0.6020599913279624,0.3935759961605072
4660206027800195584,391745863,4,1,3.0,2.4700028450545064,0.47712125471966244,0.39269745349884033
4660206027800195584,391745863,5,1,3.0,2.392407589470214,0.47712125471966244,0.37883517146110535
4660206027800195584,391745863,6,1,6.0,2.53526458414546,0.7781512503836436,0.40402328968048096
4660206027800195584,391745863,7,1,6.0,2.477291800636175,0.7781512503836436,0.39397716522216797
4660206027800195584,391745863,8,1,3.0,2.1660670786346787,0.47712125471966244,0.33567190170288086
4660206027800195584,391745863,10,1,3.0,2.4750104630406264,0.47712125471966244,0.39357703924179077
4660206027800195584,391745863,11,1,3.0,2.3080741071675335,0.47712125471966244,0.3632497489452362
4660206027800195584,391745863,13,1,5.0,2.6081851264430944,0.6989700043360189,0.41633841395378113
4660206027800195584,391745863,27,1,5.0,2.3351271908708657,0.6989700043360189,0.3683105409145355
4660206027800195584,391745863,28,1,11.0,2.4585708442650804,1.0413926851582251,0.39068272709846497
4660206027800195584,391745863,30,1,4.0,2.1954325599169207,0.6020599913279624,0.3415201008319855
4660206027800195584,391745863,31,1,5.0,2.4290016107561785,0.6989700043360189,0.3854278028011322
4660206027800195584,391745863,33,1,3.0,2.3996109828615704,0.47712125471966244,0.38014084100723267
4660206027800195584,391745863,34,1,6.0,2.1950555007961796,0.7781512503836436,0.3414455056190491
4660206027800195584,391745863,35,1,5.0,2.252919386671896,0.6989700043360189,0.3527456521987915
4660206027800195584,391745863,36,1,4.0,2.547741420753988,0.6020599913279624,0.4061553478240967
4660206027800195584,391745863,37,1,2.0,2.1980360790011813,0.3010299956639812,0.34203481674194336
4660206027800195584,391745863,38,1,5.0,2.403650697560218,0.6989700043360189,0.38087135553359985
4660206027800195584,391745863,61,1,4.0,2.4478615595895676,0.6020599913279624,0.38878685235977173
4660206027800195584,391745863,62,1,4.0,2.445103402542496,0.6020599913279624,0.3882972300052643
4660206027800195584,391745863,64,1,6.0,2.2866517638520456,0.7781512503836436,0.35920003056526184
4660206027800195584,391745863,65,1,8.0,2.34211520343344,0.9030899869919435,0.3696082532405853
4660206027800195584,391745863,66,1,3.0,3.8641445002669794,0.47712125471966244,0.5870533585548401
4660206027800195584,391745863,67,1,3.0,2.4869934753775937,0.47712125471966244,0.3956746459007263
6045059133601989376,392038114,12,0,4.0,2.6634492383707995,0.6020599913279624,0.42544442415237427
6045035386718140032,392102549,12,4,2.0,2.6933931974333896,0.3010299956639812,0.4302997589111328
6038192786565512064,392328254,12,1,1.0,2.118393431388062,0.0,0.32600662112236023
6220173643266533120,392788625,11,2,1.0,3.0178623909452056,0.0,0.47969943284988403
6215319505597073792,392838495,11,4,11.0,2.5779183513659425,1.0413926851582251,0.4112691581249237
5552518640641540864,393272071,61,0,1.0,2.608730535153977,0.0,0.41642922163009644
4775042698645311360,393490554,2,3,11.0,2.1691647337471185,1.0413926851582251,0.3362925350666046
4775042698645311360,393490554,3,3,14.0,2.4179400627837415,1.146128035678238,0.38344553112983704
4775042698645311360,393490554,4,3,4.0,2.5333101966915126,0.6020599913279624,0.40368837118148804
4775042698645311360,393490554,5,3,14.0,2.358987802852728,1.146128035678238,0.3727256953716278
4775042698645311360,393490554,8,3,9.0,2.502647486626418,0.9542425094393249,0.39839968085289
4775042698645311360,393490554,9,3,15.0,2.4714309350273385,1.1760912590556813,0.3929484784603119
4775042698645311360,393490554,12,3,7.0,2.3681441026766317,0.8450980400142568,0.37440812587738037
4775042698645311360,393490554,29,3,16.0,2.4974406733732133,1.2041199826559248,0.39749518036842346
4775042698645311360,393490554,30,3,12.0,2.5253811907966934,1.0791812460476249,0.40232694149017334
4775042698645311360,393490554,31,3,19.0,2.4392617768288014,1.2787536009528289,0.3872584104537964
4775042698645311360,393490554,32,3,17.0,2.557342712991761,1.2304489213782739,0.4077889323234558
4775042698645311360,393490554,35,3,13.0,2.5081284755737783,1.1139433523068367,0.39934977889060974
4775042698645311360,393490554,36,3,21.0,2.4584023057643485,1.3222192947339193,0.39065295457839966
4775042698645311360,393490554,39,3,15.0,2.4988306117358006,1.1760912590556813,0.3977368175983429
4775042698645311360,393490554,62,3,10.0,2.3902528085695263,1.0,0.3784438371658325
4775042698645311360,393490554,63,3,9.0,2.5380082758059803,0.9542425094393249,0.4044930338859558
4775042698645311360,393490554,64,3,16.0,2.460692988047694,1.2041199826559248,0.39105743169784546
4775042698645311360,393490554,65,3,12.0,2.4672254964790805,1.0791812460476249,0.39220884442329407
4775042698645311360,393490554,66,3,20.0,2.478132411692431,1.3010299956639813,0.39412450790405273
2968166003220173696,393794445,5,1,11.0,2.538189238836639,1.0413926851582251,0.4045239984989166
2968166003220173696,393794445,6,1,4.0,2.4932293002752632,0.6020599913279624,0.3967622220516205
2968166003220173696,393794445,32,1,6.0,2.80851701675506,0.7781512503836436,0.4484770596027374
4702194830625123712,394136141,1,4,16.0,2.745221262445962,1.2041199826559248,0.4385773539543152
4702194830625123712,394136141,27,4,14.0,2.6592330990865287,1.146128035678238,0.42475640773773193
4702194830625123712,394136141,28,4,15.0,2.7181578487622025,1.1760912590556813,0.43427467346191406
4702194830625123712,394136141,67,4,8.0,2.5949636804021066,0.9030899869919435,0.4141312837600708
5201664579001450880,394238292,64,2,3.0,2.3565886764283963,0.47712125471966244,0.37228378653526306
5201664579001450880,394238292,65,2,4.0,2.4210254103369997,0.6020599913279624,0.3839993476867676
5201664579001450880,394238292,66,2,4.0,2.4460210439768937,0.6020599913279624,0.3884601891040802
5201932413160136064,394241607,11,1,7.0,2.46567750145737,0.8450980400142568,0.3919362723827362
5201932413160136064,394241607,12,1,12.0,2.4355883712894153,1.0791812460476249,0.3866038918495178
5201932413160136064,394241607,38,1,3.0,2.550323599698068,0.47712125471966244,0.40659528970718384
5201932413160136064,394241607,39,1,7.0,3.3261888779997935,0.8450980400142568,0.521946907043457
5201932413160136064,394241607,64,1,15.0,2.502822836894512,1.1760912590556813,0.39843010902404785
5201932413160136064,394241607,65,1,9.0,2.474372282415983,0.9542425094393249,0.3934650421142578
5201932413160136064,394241607,66,1,9.0,2.3519851175128683,0.9542425094393249,0.3714345693588257
5201817793371491456,394334524,64,1,2.0,2.3025227283987126,0.3010299956639812,0.3622039258480072
5201817793371491456,394334524,65,1,1.0,2.5169033470038626,0.0,0.4008665382862091
5201817793371491456,394334524,66,1,3.0,2.627254647110177,0.47712125471966244,0.4195021688938141
5202456197310017664,394351304,66,2,2.0,2.322335942885788,0.3010299956639812,0.36592504382133484
6456232811155783936,394459715,27,0,1.0,2.5454792242939996,0.0,0.40576955676078796
5198621753588073088,394489435,64,3,3.0,2.4044315054376604,0.47712125471966244,0.3810124099254608
5199197588443014272,394588883,64,2,4.0,2.377915317498832,0.6020599913279624,0.37619638442993164
5199197588443014272,394588883,65,2,1.0,2.465325081657134,0.0,0.39187419414520264
5199197588443014272,394588883,66,2,2.0,2.3013285234389973,0.3010299956639812,0.3619786202907562
5198509362883878528,394661575,65,1,6.0,2.6305561791914434,0.7781512503836436,0.4200475811958313
5198509362883878528,394661575,66,1,8.0,4.631756665441659,0.9030899869919435,0.665745735168457
5198548842223142912,394704031,66,1,2.0,2.4509171388630615,0.3010299956639812,0.38932862877845764
5200814729530874240,394816014,64,0,5.0,2.6321173752684253,0.6989700043360189,0.4203052520751953
5200814729530874240,394816014,66,0,4.0,2.396507700494784,0.6020599913279624,0.3795788288116455
5200743875452345344,394914300,66,2,1.0,2.417820268038797,0.0,0.3834240138530731
5786663249547896576,396538712,39,1,1.0,2.4840313292135825,0.0,0.3951570689678192
4778915109878774912,396731889,3,2,7.0,2.3733836130768884,0.8450980400142568,0.3753679394721985
4778915109878774912,396731889,4,2,5.0,2.4418357194080387,0.6989700043360189,0.3877164423465729
4778915109878774912,396731889,5,2,8.0,2.4266686574610636,0.9030899869919435,0.3850104808807373
4778915109878774912,396731889,29,2,8.0,2.398219949844648,0.9030899869919435,0.37988901138305664
4778915109878774912,396731889,30,2,8.0,2.522127372048693,0.9030899869919435,0.4017670154571533
4778915109878774912,396731889,31,2,9.0,2.478508942844526,0.9542425094393249,0.3941904902458191
4778915109878774912,396731889,32,2,13.0,2.370320430056539,1.1139433523068367,0.37480705976486206
4778915109878774912,396731889,39,2,18.0,2.317255399014436,1.255272505103306,0.36497390270233154
4778915109878774912,396731889,66,2,15.0,2.311076514066038,1.1760912590556813,0.3638143241405487
1105902749568357888,396830232,60,1,1.0,2.2140454484587844,0.0,0.3451865315437317
5947481458063322368,396969225,13,1,9.0,2.3593499547884678,0.9542425094393249,0.3727923631668091
5947481458063322368,396969225,39,1,11.0,2.4709745957241487,1.0413926851582251,0.3928682804107666
5232514298297802880,397265144,10,1,4.0,1.8353428503127853,0.6020599913279624,0.2637172043323517
5372105069042468736,397333366,10,3,2.0,2.7420266293381257,0.3010299956639812,0.43807166814804077
3409493546650264704,397353968,44,4,4.0,2.784652403955429,0.6020599913279624,0.4447709918022156
5239135492911437568,397791443,38,1,3.0,2.390245591487271,0.47712125471966244,0.37844252586364746
5232233789697993728,398085117,10,2,5.0,2.374948468572017,0.6989700043360189,0.3756541907787323
5232233789697993728,398085117,11,2,4.0,2.352623213607243,0.6020599913279624,0.37155237793922424
5232233789697993728,398085117,38,2,3.0,2.3275296850125136,0.47712125471966244,0.36689522862434387
5232233789697993728,398085117,64,2,4.0,2.384606372051592,0.6020599913279624,0.3774167001247406
5232669917858509568,398297087,65,0,1.0,2.5007233912379014,0.0,0.3980656564235687
6359627073840128256,398403219,66,3,1.0,2.5350132014365645,0.0,0.40398022532463074
6359627073840128256,398403219,67,3,1.0,2.4958574497790824,0.0,0.39721977710723877
2708287457803120640,398552435,55,3,2.0,2.5055412200784692,0.3010299956639812,0.3989015519618988
6068338371741297536,399020708,11,4,10.0,2.452184593171215,1.0,0.38955315947532654
6068338371741297536,399020708,64,4,5.0,2.635669537470906,0.6989700043360189,0.4208909571170807
409038567717304960,399198780,58,0,5.0,2.7361449061269862,0.6989700043360189,0.437139093875885
5238609720201102080,399367577,10,4,4.0,2.7903693558730285,0.6020599913279624,0.4456616938114166
5231722379355280000,399853374,10,1,1.0,2.3599589551327664,0.0,0.3729044497013092
5231722379355280000,399853374,11,1,3.0,2.5914891412426067,0.47712125471966244,0.41354939341545105
5231722379355280000,399853374,37,1,3.0,2.3082789087642577,0.47712125471966244,0.3632882833480835
5231722379355280000,399853374,38,1,5.0,2.506397608726309,0.6989700043360189,0.3990499675273895
2897904220905879552,37389436,33,3,2.0,2.418751903212888,0.3010299956639812,0.38359132409095764
5231661287738368000,400184483,11,2,4.0,2.3460487871923963,0.6020599913279624,0.37033703923225403
5238340129374896512,400320132,10,3,2.0,2.5751990200066937,0.3010299956639812,0.41081079840660095
5238340129374896512,400320132,11,3,7.0,2.2832658399846184,0.8450980400142568,0.35855647921562195
5238340129374896512,400320132,37,3,5.0,2.5262603095901803,0.6989700043360189,0.40247809886932373
5238340129374896512,400320132,38,3,8.0,2.499101215060296,0.9030899869919435,0.3977838456630707
5325281335588219008,400598180,8,3,3.0,2.5018981357961696,0.47712125471966244,0.3982696235179901
5325281335588219008,400598180,9,3,4.0,2.424521118384719,0.6020599913279624,0.38462597131729126
5325281335588219008,400598180,35,3,4.0,2.400004239936899,0.6020599913279624,0.3802120089530945
5325281335588219008,400598180,36,3,4.0,2.3017825958422273,0.6020599913279624,0.36206430196762085
5325281335588219008,400598180,62,3,4.0,2.4054390281614904,0.6020599913279624,0.3811943531036377
5325281335588219008,400598180,63,3,7.0,2.365860833472901,0.8450980400142568,0.37398919463157654
5368378549268711552,400913139,10,1,3.0,2.7227504619291185,0.47712125471966244,0.43500784039497375
5368378549268711552,400913139,37,1,1.0,2.4908194465438442,0.0,0.3963422477245331
6076319726660327424,400953317,37,2,3.0,2.3317171696656422,0.47712125471966244,0.36767587065696716
6071472529664191360,401049758,10,4,11.0,2.8222384862546512,1.0413926851582251,0.4505937099456787
6071472529664191360,401049758,11,4,2.0,2.6392844493181173,0.3010299956639812,0.4214861989021301
6078760195785278208,401228262,10,3,7.0,2.4145834129906434,0.8450980400142568,0.38284221291542053
6078760195785278208,401228262,11,3,8.0,2.1823083929080505,0.9030899869919435,0.3389161229133606
6078760195785278208,401228262,64,3,23.0,2.506460903677156,1.3617278360175928,0.3990609347820282
5323490299871503872,401297312,62,0,11.0,2.5937274388880787,1.0413926851582251,0.41392433643341064
5323490299871503872,401297312,63,0,10.0,2.734229853337876,1.0,0.43683502078056335
5323690033028759936,401299019,9,0,8.0,2.2965753872828802,0.9030899869919435,0.36108070611953735
5323690033028759936,401299019,35,0,8.0,2.587367026245998,0.9030899869919435,0.4128580391407013
5323690033028759936,401299019,36,0,10.0,2.5858465688019936,1.0,0.4126027524471283
2757493837257149056,401369627,42,0,2.0,2.748504678818191,0.3010299956639812,0.43909648060798645
6083278020342514560,401440453,64,2,4.0,2.494592415261307,0.6020599913279624,0.3969995975494385
5792178743477357312,402751779,66,2,1.0,2.480398244101261,0.0,0.39452141523361206
5792495742123741056,403019434,12,1,3.0,3.1363709078480655,0.47712125471966244,0.49642741680145264
5792495742123741056,403019434,39,1,2.0,2.4993243390802533,0.3010299956639812,0.39782261848449707
5379728773429025024,403762392,10,0,2.0,2.655275802329888,0.3010299956639812,0.42410963773727417
6128493718050020096,404012623,10,2,18.0,2.3853269762600453,1.255272505103306,0.3775479197502136
6128493718050020096,404012623,37,2,3.0,2.477920701822847,0.47712125471966244,0.39408740401268005
6080182860754037248,404280088,64,3,3.0,2.4623497108311527,0.47712125471966244,0.391349732875824
6081151015098289792,404390913,64,1,2.0,2.4918789000114048,0.3010299956639812,0.39652693271636963
2454062437973588864,404467056,30,0,2.0,2.7283732796510685,0.3010299956639812,0.43590378761291504
2727676456301311744,404487338,56,2,1.0,2.4933747321527946,0.0,0.39678755402565
4657783116463742336,404768019,1,3,2.0,2.544496332788881,0.3010299956639812,0.40560182929039
4657783116463742336,404768019,2,3,4.0,2.489860736420521,0.6020599913279624,0.3961750566959381
4657783116463742336,404768019,5,3,1.0,2.3958045980522646,0.0,0.3794513940811157
4657783116463742336,404768019,6,3,4.0,2.370179735895249,0.6020599913279624,0.3747812807559967
4657783116463742336,404768019,8,3,1.0,2.552143295072665,0.0,0.40690505504608154
4657783116463742336,404768019,9,3,5.0,2.5092698493833776,0.6989700043360189,0.39954736828804016
4657783116463742336,404768019,10,3,7.0,2.5184364947164246,0.8450980400142568,0.4011310040950775
4657783116463742336,404768019,11,3,5.0,2.5479246513710136,0.6989700043360189,0.406186580657959
4657783116463742336,404768019,12,3,3.0,2.5144787207191275,0.47712125471966244,0.4004479646682739
4657783116463742336,404768019,13,3,3.0,2.369872840155409,0.47712125471966244,0.3747250437736511
4657783116463742336,404768019,29,3,4.0,2.3813196915873807,0.6020599913279624,0.3768177032470703
4657783116463742336,404768019,30,3,1.0,2.4205322012136072,0.0,0.3839108645915985
4657783116463742336,404768019,32,3,1.0,2.471881930555523,0.0,0.39302772283554077
4657783116463742336,404768019,33,3,3.0,2.488971738800399,0.47712125471966244,0.39601996541023254
4657783116463742336,404768019,35,3,1.0,2.4672249885584523,0.0,0.3922087550163269
4657783116463742336,404768019,36,3,7.0,2.574765041359954,0.8450980400142568,0.4107376039028168
4657783116463742336,404768019,37,3,4.0,2.526679177247327,0.6020599913279624,0.4025501012802124
4657783116463742336,404768019,38,3,3.0,2.4177535704899475,0.47712125471966244,0.38341203331947327
4657783116463742336,404768019,39,3,2.0,2.5635721440336043,0.3010299956639812,0.40884554386138916
4657783116463742336,404768019,61,3,3.0,2.47778212242642,0.47712125471966244,0.3940631151199341
4657783116463742336,404768019,62,3,3.0,2.465177395011599,0.47712125471966244,0.3918481767177582
4657783116463742336,404768019,64,3,2.0,2.8794156617073337,0.3010299956639812,0.4593043625354767
4657783116463742336,404768019,65,3,5.0,2.5787010886083706,0.6989700043360189,0.41140100359916687
4657783116463742336,404768019,66,3,2.0,2.5328412149760284,0.3010299956639812,0.40360796451568604
5842775554171002496,405040121,11,2,12.0,2.4713056071448345,1.0791812460476249,0.3929264545440674
5842775554171002496,405040121,12,2,7.0,2.3639111522499445,0.8450980400142568,0.37363114953041077
5842775554171002496,405040121,64,2,3.0,2.3540764843462543,0.47712125471966244,0.3718205690383911
5193207655251945088,405077613,11,1,1.0,2.429931051160898,0.0,0.3855939507484436
5193207655251945088,405077613,12,1,1.0,2.481462630575457,0.0,0.39470773935317993
5193207655251945088,405077613,13,1,1.0,2.325322115642374,0.0,0.3664831221103668
5193207655251945088,405077613,27,1,1.0,2.4953471123357502,0.0,0.39713096618652344
5193207655251945088,405077613,39,1,2.0,2.4921812439985502,0.3010299956639812,0.3965796232223511
5193207655251945088,405077613,66,1,1.0,2.173624042460715,0.0,0.33718442916870117
5193207655251945088,405077613,67,1,1.0,2.4812240743275793,0.0,0.39466598629951477
5859373919170289024,405089321,11,2,2.0,2.4662372807955544,0.3010299956639812,0.3920348584651947
5859373919170289024,405089321,37,2,3.0,2.3717164383647256,0.47712125471966244,0.3750627636909485
5859373919170289024,405089321,38,2,7.0,2.415645085090953,0.8450980400142568,0.3830331265926361
2753439761791577984,405188597,43,0,1.0,2.309680220008666,0.0,0.3635518550872803
6072893029952309632,405237154,10,4,1.0,2.652861142791213,0.0,0.4237145185470581
6072893029952309632,405237154,11,4,7.0,2.7246225109288433,0.8450980400142568,0.4353063404560089
6072893029952309632,405237154,64,4,12.0,2.7193319133220375,1.0791812460476249,0.43446221947669983
2752136947888573056,405305422,43,1,2.0,2.28707296382487,0.3010299956639812,0.3592800199985504
6059011558230752128,405318479,10,1,3.0,2.2538552244083983,0.47712125471966244,0.35292601585388184
6059011558230752128,405318479,11,1,2.0,2.6171099799086006,0.3010299956639812,0.4178219735622406
6059011558230752128,405318479,37,1,4.0,2.3607043483526513,0.6020599913279624,0.3730415999889374
6059011558230752128,405318479,38,1,3.0,2.50031105698132,0.47712125471966244,0.3979940414428711
6059011558230752128,405318479,64,1,2.0,2.474138312767192,0.3010299956639812,0.39342397451400757
6072564997530148224,405385085,11,3,7.0,2.3595099215774487,0.8450980400142568,0.3728218078613281
6072564997530148224,405385085,64,3,1.0,2.5916459957194364,0.0,0.413575679063797
118159193173934848,405415610,42,1,1.0,2.545308570731363,0.0,0.4057404398918152
118159193173934848,405415610,44,1,2.0,2.3716332731244765,0.3010299956639812,0.3750475347042084
118159193173934848,405415610,58,1,1.0,2.6286307887473748,0.0,0.4197295904159546
69122520763444352,405431212,42,0,2.0,2.476710646789116,0.3010299956639812,0.39387527108192444
69122520763444352,405431212,43,0,3.0,2.5810385055036034,0.47712125471966244,0.4117944836616516
69122520763444352,405431212,44,0,4.0,2.8498333905292323,0.6020599913279624,0.4548194706439972
6073626576005897216,405443884,64,1,2.0,2.3905323232461324,0.3010299956639812,0.37849462032318115
68748751233818112,405462686,44,0,1.0,2.3129480176842243,0.0,0.36416587233543396
68897842434107392,405462844,42,3,4.0,2.393607171762757,0.6020599913279624,0.37905287742614746
68897842434107392,405462844,43,3,8.0,2.5017619923337744,0.9030899869919435,0.39824599027633667
68897842434107392,405462844,44,3,4.0,2.4179123534992946,0.6020599913279624,0.3834405541419983
71108440625265280,405482352,42,0,1.0,2.6107178467810037,0.0,0.4167599380016327
70356580830628864,405482377,42,0,2.0,2.384374836410957,0.3010299956639812,0.377374529838562
70356580830628864,405482377,44,0,1.0,2.523114954752434,0.0,0.4019370377063751
70129913933603328,405483003,42,0,1.0,2.5686404318048073,0.0,0.4097033143043518
70132658415356672,405483008,42,1,2.0,2.4323434189969415,0.3010299956639812,0.3860248923301697
70132658415356672,405483008,43,1,5.0,2.260115613493819,0.6989700043360189,0.35413065552711487
70132658415356672,405483008,44,1,6.0,2.5629786639575545,0.7781512503836436,0.4087449908256531
70123003329050880,405483112,42,3,1.0,2.606175598975755,0.0,0.41600367426872253
70123003329050880,405483112,43,3,1.0,2.4739191348595737,0.0,0.39338549971580505
69906713072633856,405483200,43,1,2.0,3.6025660764204392,0.3010299956639812,0.556611955165863
69906571336964608,405483203,43,4,1.0,2.60111660480175,0.0,0.41515982151031494
69906571336964608,405483203,44,4,1.0,2.4913377479927283,0.0,0.3964326083660126
69906472554465792,405483207,43,0,1.0,2.452134111265547,0.0,0.38954421877861023
69906472554465792,405483207,44,0,3.0,2.608959687370288,0.47712125471966244,0.4164673686027527
69889876800977408,405483336,42,3,2.0,2.561635837828318,0.3010299956639812,0.40851739048957825
69889876800977408,405483336,43,3,4.0,2.4929025372370086,0.6020599913279624,0.39670529961586
69889876800977408,405483336,44,3,1.0,2.5375480016281178,0.0,0.40441426634788513
69883417170175488,405483372,43,4,2.0,2.668872303657467,0.3010299956639812,0.42632779479026794
69878503727603072,405483434,42,2,1.0,2.5454668222677963,0.0,0.40576744079589844
69878503727603072,405483434,43,2,3.0,2.3760085290613295,0.47712125471966244,0.3758479952812195
69878503727603072,405483434,44,2,3.0,2.36805488763413,0.47712125471966244,0.3743917644023895
69876923179646080,405483449,43,3,2.0,2.4288162653539542,0.3010299956639812,0.3853946626186371
69876923179646080,405483449,44,3,2.0,2.386384791300849,0.3010299956639812,0.3777404725551605
69876712724339456,405483463,42,4,6.0,2.781788109074485,0.7781512503836436,0.4443240463733673
69876712724339456,405483463,43,4,10.0,2.70020880212636,1.0,0.43139734864234924
69876712724339456,405483463,44,4,7.0,2.7394977376642453,0.8450980400142568,0.4376709461212158
69829541100441600,405483473,42,2,3.0,2.3674587444237343,0.47712125471966244,0.3742824196815491
69829541100441600,405483473,43,2,3.0,2.5307181519447486,0.47712125471966244,0.4032437801361084
69829541100441600,405483473,44,2,1.0,2.414359735819221,0.0,0.38280197978019714
68323485048225152,405483551,42,1,1.0,2.462357821515179,0.0,0.3913511633872986
68323485048225152,405483551,43,1,1.0,2.416948035980612,0.0,0.3832673132419586
68323485048225152,405483551,44,1,4.0,2.4876770763061087,0.6020599913279624,0.39579400420188904
68303659479211776,405483684,42,0,1.0,2.255465706637346,0.0,0.35323622822761536
68296890611072384,405483746,42,1,8.0,2.4521985600153227,0.9030899869919435,0.3895556330680847
68296890611072384,405483746,43,1,2.0,2.359810131444251,0.3010299956639812,0.3728770613670349
68296890611072384,405483746,44,1,3.0,2.3843630556932216,0.47712125471966244,0.3773723840713501
68296650092601088,405483758,42,2,2.0,2.418151294292561,0.3010299956639812,0.3834834694862366
68296650092601088,405483758,43,2,2.0,2.36055353381565,0.3010299956639812,0.37301385402679443
68296650092601088,405483758,44,2,2.0,2.3287255010411285,0.3010299956639812,0.36711829900741577
65289623229979136,405483878,42,0,1.0,2.9133615928830383,0.0,0.46439439058303833
65289623229979136,405483878,43,0,1.0,2.574107674774101,0.0,0.41062670946121216
65289279632597760,405483894,43,4,3.0,2.691881921058376,0.47712125471966244,0.43005600571632385
65289279632598016,405483900,44,0,3.0,2.2761499055433663,0.47712125471966244,0.35720086097717285
65289004754691200,405483908,42,0,1.0,2.6539119363147603,0.0,0.4238865077495575
65289004754691200,405483908,43,0,1.0,2.502983771507318,0.0,0.3984580338001251
65289004754691200,405483908,44,0,8.0,2.6514193690482135,0.9030899869919435,0.4234784245491028
65245539685760640,405484037,42,3,1.0,2.5743344923285325,0.0,0.41066497564315796
65245539685760640,405484037,44,3,3.0,2.3786869492753593,0.47712125471966244,0.37633728981018066
65213172812266752,405484110,43,0,2.0,2.5004476362451946,0.3010299956639812,0.3980177640914917
65213172812266240,405484111,43,0,2.0,2.651605689031757,0.3010299956639812,0.4235089421272278
65213172812266240,405484111,44,0,1.0,2.7524243129406707,0.0,0.4397153854370117
65212932294091264,405484127,43,1,1.0,2.468674681008017,0.0,0.3924638628959656
65212932294091264,405484127,44,1,1.0,2.523924004616021,0.0,0.40207627415657043
65226092073881856,405484181,44,3,1.0,2.7656141847842886,0.0,0.4417915940284729
66727234683931520,405484205,42,1,4.0,2.4765700956872903,0.6020599913279624,0.3938506245613098
66727234683931520,405484205,43,1,6.0,2.4661244009125944,0.7781512503836436,0.3920149803161621
66727234683931520,405484205,44,1,5.0,2.5047047181498017,0.6989700043360189,0.3987565338611603
66728265476081408,405484221,42,4,1.0,2.632375858281003,0.0,0.4203478991985321
66728089380491648,405484248,42,3,1.0,2.5148908027419004,0.0,0.40051913261413574
66729021390315904,405484269,43,0,1.0,2.591041749116439,0.0,0.4134744107723236
66733763034205696,405484300,43,4,2.0,2.7637304708230044,0.3010299956639812,0.4414956867694855
66733763034205696,405484300,44,4,4.0,2.7592391401650276,0.6020599913279624,0.4407893419265747
66734720809017856,405484340,42,2,3.0,2.343949432479165,0.47712125471966244,0.36994823813438416
66734720809017856,405484340,43,2,5.0,2.389734710244493,0.6989700043360189,0.3783496916294098
66734720809017856,405484340,44,2,5.0,2.3667930742360643,0.6989700043360189,0.3741602897644043
66734725106867968,405484341,42,3,1.0,2.3965848306947475,0.0,0.37959280610084534
66734725106867968,405484341,44,3,1.0,2.4913478347436415,0.0,0.39643436670303345
66735446661374976,405484342,43,2,1.0,2.3949335699804526,0.0,0.3792934715747833
66735446661374976,405484342,44,2,1.0,2.468821391257792,0.0,0.3924896717071533
66782897460055424,405484378,43,0,5.0,2.769713496934798,0.6989700043360189,0.4424348473548889
66782897460055424,405484378,44,0,2.0,2.410434181647832,0.3010299956639812,0.3820952773094177
66809491897360896,405484557,43,3,1.0,2.4978439638507006,0.0,0.3975653052330017
66809491897360896,405484557,44,3,2.0,2.5051196679584224,0.3010299956639812,0.3988284766674042
66846291177113088,405489929,42,4,2.0,2.733308560755642,0.3010299956639812,0.4366886615753174
66846291177113088,405489929,43,4,3.0,2.6481448962185827,0.47712125471966244,0.42294174432754517
69854348831573504,405490026,42,2,2.0,2.481806287238918,0.3010299956639812,0.3947678804397583
69854348831573504,405490026,43,2,4.0,2.490567001684539,0.6020599913279624,0.39629822969436646
69857235049588736,405490095,43,1,1.0,2.5274552020864314,0.0,0.40268346667289734
69857235049588736,405490095,44,1,1.0,2.555201567276312,0.0,0.4074251651763916
69858094042908928,405490101,42,3,3.0,2.555545615406354,0.47712125471966244,0.40748363733291626
69858094042908928,405490101,43,3,6.0,2.467657605506906,0.7781512503836436,0.39228489995002747
69858094042908928,405490101,44,3,7.0,2.7926222822786015,0.8450980400142568,0.4460121989250183
71967816338491648,405492429,42,2,1.0,2.424773690941227,0.0,0.3846712112426758
71967816338491648,405492429,43,2,1.0,2.3323752153553197,0.0,0.36779841780662537
71967816338491648,405492429,58,2,3.0,2.3932346703455836,0.47712125471966244,0.37898528575897217
6061141965074631936,405508600,11,4,3.0,2.671298603731983,0.47712125471966244,0.4267224371433258
6061141965074631936,405508600,38,4,1.0,2.6258512959755795,0.0,0.4192701280117035
6060009296312432896,405513314,11,0,9.0,2.72244050931556,0.9542425094393249,0.43495839834213257
6060009296312432896,405513314,37,0,14.0,2.7589180287718365,1.146128035678238,0.4407387971878052
6060009296312432896,405513314,38,0,17.0,2.584729071974516,1.2304489213782739,0.4124150276184082
6059997201683638016,405513518,11,2,3.0,2.827972443291614,0.47712125471966244,0.4514751732349396
6059992460039778560,405514195,11,1,3.0,2.5123486368524732,0.47712125471966244,0.4000799059867859
6073962889118462976,405642977,11,2,7.0,2.3603988414816386,0.8450980400142568,0.3729853928089142
6073980172067600640,405692410,11,3,23.0,2.5088302815156895,1.3617278360175928,0.3994712829589844
6073671037505307904,405695928,37,4,3.0,2.7170694982311505,0.47712125471966244,0.4341007471084595
6073671037505307904,405695928,38,4,3.0,2.586072823566513,0.47712125471966244,0.4126407504081726
6056768210935590656,405805240,11,0,6.0,2.5356142998181506,0.7781512503836436,0.4040831923484802
6056768210935590656,405805240,38,0,7.0,2.5026650039264946,0.8450980400142568,0.39840272068977356
6060133266248365568,405813282,11,3,2.0,2.392069910037985,0.3010299956639812,0.37877386808395386
6061376298490107520,405846469,11,1,4.0,2.291478078564972,0.6020599913279624,0.3601157069206238
6061376298490107520,405846469,64,1,1.0,2.6824095722662817,0.0,0.42852509021759033
6061691686532176512,405905925,64,2,5.0,2.3369326940801227,0.6989700043360189,0.36864620447158813
6061362107917642240,405910546,37,0,6.0,2.4617098958487817,0.7781512503836436,0.3912368714809418
6061362107917642240,405910546,38,0,5.0,2.6217691553401314,0.6989700043360189,0.41859444975852966
6057147611155597440,406040223,64,0,96.0,2.5780593468337782,1.9822712330395684,0.4112929105758667
6061730165117884928,406100947,11,2,4.0,2.428261813697402,0.6020599913279624,0.3852955102920532
6061730165117884928,406100947,64,2,2.0,2.404649807463311,0.3010299956639812,0.38105183839797974
6018271319508580608,4061225,12,4,1.0,2.604930440967035,0.0,0.4157961308956146
6063306491170458880,406180136,11,3,4.0,2.5291297994801614,0.6020599913279624,0.4029711186885834
6067650970822132224,406376496,11,4,4.0,2.8979109668994094,0.6020599913279624,0.4620850384235382
6067650970822131584,406376506,11,3,2.0,2.629354223745597,0.3010299956639812,0.41984909772872925
6066852519230372608,406378155,11,0,3.0,2.638429367607553,0.47712125471966244,0.42134547233581543
6067730685416937984,406618658,64,1,2.0,2.218144290035609,0.3010299956639812,0.34598979353904724
6066618357619673856,406624260,11,4,1.0,2.5179384735131793,0.0,0.4010451138019562
6063021374073101440,406694754,11,3,1.0,2.4113404665256244,0.0,0.3822585344314575
6063021374073101440,406694754,38,3,1.0,2.393430932605414,0.0,0.37902089953422546
5771915981123227904,406776177,12,3,1.0,2.546909181140273,0.0,0.40601345896720886
5771915981123227904,406776177,13,3,3.0,2.4951202340679695,0.47712125471966244,0.39709147810935974
5771915981123227904,406776177,39,3,3.0,2.4864893867303044,0.47712125471966244,0.39558660984039307
5773505698840226304,406778900,12,3,1.0,2.4902534040688544,0.0,0.39624354243278503
5773505698840226304,406778900,39,3,1.0,2.697636654312071,0.0,0.43098345398902893
5773505668780214784,406778904,66,1,1.0,2.2010092254584683,0.0,0.3426218628883362
5778418149292321536,407125926,66,4,3.0,2.8491808736503956,0.47712125471966244,0.45472002029418945
5778608227365947776,407225846,65,1,3.0,2.408983974667685,0.47712125471966244,0.38183391094207764
5778608227365947776,407225846,66,1,2.0,2.3195785083434495,0.3010299956639812,0.36540907621383667
6365152703884977536,407826962,66,3,2.0,2.3485345233291453,0.3010299956639812,0.37079694867134094
66597767189992832,407930609,42,2,1.0,2.3755526923522883,0.0,0.3757646679878235
66597767189992832,407930609,43,2,3.0,2.371701627903035,0.47712125471966244,0.3750600516796112
66597767189992832,407930609,44,2,3.0,2.496245581596826,0.47712125471966244,0.3972873091697693
66570554277316992,407930782,44,2,1.0,2.510010212324779,0.0,0.39967548847198486
2981590730954537984,408217918,5,4,1.0,2.6979393396412603,0.0,0.4310321807861328
166173869528755968,408245855,59,4,1.0,2.627331451123274,0.0,0.41951486468315125
5429168141979720960,4097865,62,2,2.0,2.488144866586521,0.3010299956639812,0.3958756625652313
233181715902566016,409869624,59,3,5.0,2.454609115657016,0.6989700043360189,0.38998234272003174
245628118808909056,409907064,59,1,1.0,2.3880830891425884,0.0,0.37804943323135376
233593860965180928,409986314,59,2,3.0,2.3605967846899616,0.47712125471966244,0.37302181124687195
452387638277527168,410620382,58,1,3.0,2.400265623564596,0.47712125471966244,0.38025930523872375
249209331258050816,410708185,58,4,4.0,2.692600590818108,0.6020599913279624,0.430171936750412
249208987660681216,410708244,58,3,8.0,2.556484881635476,0.9030899869919435,0.40764322876930237
249205036290763136,410731154,58,2,9.0,2.44812378743911,0.9542425094393249,0.3888333737850189
249161227624791168,410741165,58,4,4.0,2.6764771997535863,0.6020599913279624,0.42756354808807373
443285709224782464,410815162,59,2,1.0,2.5124191508125926,0.0,0.40009209513664246
249173425331718144,410867907,58,1,9.0,2.3448838203488367,0.9542425094393249,0.3701213300228119
249168580608693632,410868140,58,0,2.0,2.7554052862749057,0.3010299956639812,0.4401854872703552
5491520892330604928,410868831,6,2,1.0,2.3532779544893843,0.0,0.37167322635650635
5491520892330604928,410868831,7,2,1.0,2.3507723567275707,0.0,0.37121057510375977
5892127477204807168,410881634,11,4,2.0,2.6735003409759637,0.3010299956639812,0.4270802438259125
5233432944572581760,410981161,11,4,2.0,2.772012328293669,0.3010299956639812,0.44279515743255615
2204053147600222848,411042663,17,2,2.0,2.336236008152304,0.3010299956639812,0.3685167133808136
6071362063101149312,411357190,37,3,3.0,2.3857719185352453,0.47712125471966244,0.3776289224624634
6071362063101149312,411357190,38,3,1.0,2.36376629671348,0.0,0.37360453605651855
6075815841096386816,411416726,10,3,1.0,2.4915309420162637,0.0,0.39646628499031067
6076672429371485184,411422518,10,1,1.0,2.4615169871749356,0.0,0.391202837228775
6076672429371485184,411422518,11,1,2.0,2.4766256693533406,0.3010299956639812,0.3938603699207306
6076672429371485184,411422518,37,1,4.0,2.4969951242606383,0.6020599913279624,0.39741769433021545
6072531874748921088,411428600,64,3,8.0,2.4051932560162226,0.9030899869919435,0.3811499774456024
2799909177630458880,411517222,57,1,1.0,2.6065068353719685,0.0,0.41605886816978455
6059887422284508800,411806442,11,3,6.0,2.513146991188374,0.7781512503836436,0.4002178907394409
6059887422284508800,411806442,64,3,2.0,2.428543273335729,0.3010299956639812,0.38534584641456604
2204007002470375680,411845789,17,3,6.0,2.390905552536442,0.7781512503836436,0.37856242060661316
6073242571576880128,411873161,64,0,5.0,2.474770489177426,0.6989700043360189,0.39353492856025696
6073455876824893312,411874804,11,3,8.0,2.5410049707353894,0.9030899869919435,0.4050055146217346
6073455876824893312,411874804,37,3,5.0,2.510984951772199,0.6989700043360189,0.39984411001205444
6073455876824893312,411874804,38,3,4.0,2.507402604817806,0.6020599913279624,0.39922407269477844
6073455876824893312,411874804,64,3,4.0,2.6042970048348666,0.6020599913279624,0.41569051146507263
6074374346993398144,411883036,11,3,2.0,2.516025412491266,0.3010299956639812,0.40071502327919006
6074374346993398144,411883036,64,3,7.0,2.370791531645295,0.8450980400142568,0.3748933672904968
6629609336546072320,411920719,66,4,1.0,2.597424563246474,0.0,0.41454294323921204
6061045208061223680,412076331,11,3,1.0,2.503796331538363,0.0,0.3985989987850189
6061045208061223680,412076331,64,3,1.0,2.5768113538566073,0.0,0.4110826253890991
6074661594397232896,412129392,64,0,2.0,2.60001374068192,0.3010299956639812,0.414975643157959
6061410520794760064,412540862,11,4,6.0,2.665670115338374,0.7781512503836436,0.4258064031600952
6061410520794760064,412540862,37,4,3.0,2.684913769698572,0.47712125471966244,0.4289303421974182
6061410520794760064,412540862,38,4,9.0,2.7383474751325303,0.9542425094393249,0.4374885559082031
5895421476610128512,413503220,38,4,3.0,2.7360070931819886,0.47712125471966244,0.43711721897125244
5896104582551095680,414138813,11,0,6.0,3.0051348670358924,0.7781512503836436,0.47786396741867065
5861423821187455360,414937822,11,3,7.0,2.4883724766565893,0.8450980400142568,0.3959153890609741
639148587423211264,414988526,21,0,2.0,2.332621550154397,0.3010299956639812,0.36784428358078003
639148587423211264,414988526,44,0,1.0,2.5185581637198435,0.0,0.40115198493003845
639148587423211264,414988526,45,0,3.0,2.7480699695889643,0.47712125471966244,0.4390277862548828
639148587423211264,414988526,48,0,1.0,2.6740753726061346,0.0,0.4271736443042755
6053654393972421504,415241207,11,1,1.0,2.4650586430956247,0.0,0.391827255487442
6053654393972421504,415241207,64,1,5.0,2.5011151975107557,0.6989700043360189,0.39813369512557983
435289613991362304,416090900,58,2,2.0,2.6126882055062532,0.3010299956639812,0.417087584733963
435242919106224256,416091606,58,0,6.0,2.7286048898700623,0.7781512503836436,0.4359406530857086
1384769474242031616,417545885,25,4,15.0,2.643760488285493,1.1760912590556813,0.4222221076488495
1384769474242031616,417545885,50,4,8.0,2.750499753504005,0.9030899869919435,0.43941161036491394
1384769474242031616,417545885,51,4,12.0,2.6412816240799626,1.0791812460476249,0.4218147099018097
124425340004945280,417832408,43,0,1.0,2.3905757953081035,0.0,0.3785025179386139
228325069960280448,417941273,59,0,1.0,2.5182572855972825,0.0,0.4011000990867615
227621726116173312,418018109,59,4,1.0,2.65599818638298,0.0,0.424227774143219
5784436016949501952,418297341,66,2,1.0,2.3447285458769103,0.0,0.37009257078170776
5783483629422753536,418354045,12,3,1.0,2.50471726533415,0.0,0.3987587094306946
6074796250199371648,419778517,11,1,3.0,1.884746209979225,0.47712125471966244,0.2752528786659241
6074796250199371648,419778517,37,1,2.0,2.2366742045569676,0.3010299956639812,0.34960272908210754
6074796250199371648,419778517,38,1,2.0,2.524422863229221,0.3010299956639812,0.402162104845047
6074796250199371648,419778517,64,1,3.0,2.485713317329633,0.47712125471966244,0.39545103907585144
6082389271351101696,419947008,64,3,4.0,2.3956081411509516,0.6020599913279624,0.3794157803058624
5899085049326425984,420582698,11,2,1.0,2.4696148957881117,0.0,0.3926292359828949
2968720157077395712,420980626,5,1,4.0,3.7523040678838715,0.6020599913279624,0.5742980241775513
2968720157077395712,420980626,6,1,1.0,2.451361867684883,0.0,0.3894074261188507
5785057339800256384,421253961,39,4,4.0,2.734327985258771,0.6020599913279624,0.4368506073951721
2656650960084472320,422096998,42,3,1.0,2.5431565584691547,0.0,0.40537309646606445
2659702787750762624,422460501,42,1,1.0,2.493486977142824,0.0,0.39680710434913635
5106733402188456320,423442532,31,4,4.0,2.5016983010256597,0.6020599913279624,0.39823493361473083
5141461678818746880,423750380,30,3,1.0,2.717722344347586,0.0,0.4342050850391388
5141461683110761728,423750384,30,2,2.0,2.4456927479020205,0.3010299956639812,0.38840189576148987
5179037454333642240,425095257,31,1,6.0,2.495323139317677,0.7781512503836436,0.39712679386138916
5780348135799374592,425810935,66,3,1.0,2.4255014399961023,0.0,0.3848015367984772
5779156054737495680,426363373,66,2,2.0,2.487639520317049,0.3010299956639812,0.39578744769096375
5782065813479856896,426365850,12,2,1.0,2.3681767669480434,0.0,0.3744141161441803
5806384364988144512,426494404,66,0,1.0,2.408970915195578,0.0,0.381831556558609
5781333366937123072,426537184,66,1,3.0,2.442071996905793,0.47712125471966244,0.3877584636211395
232476413551448320,426753957,59,2,2.0,2.5001319366926458,0.3010299956639812,0.39796292781829834
3417331587088694016,426828801,43,3,1.0,2.338610562983377,0.0,0.36895790696144104
3417331587088694016,426828801,44,3,1.0,2.4643594422820945,0.0,0.3917040526866913
3417331587088693760,426828805,43,3,1.0,2.4610481233446135,0.0,0.3911201059818268
3417331587088693760,426828805,44,3,1.0,2.403382348263396,0.0,0.3808228671550751
3417331587088693760,426828805,45,3,1.0,2.3403577303631224,0.0,0.36928224563598633
3417333133276904704,426828832,45,3,1.0,2.6015875167607607,0.0,0.4152384400367737
68620868583787904,427545437,44,3,2.0,2.5738416665661266,0.3010299956639812,0.4105818271636963
70938810893886208,427545878,42,2,1.0,2.3633171874343026,0.0,0.373522013425827
71042439864623104,427546152,42,1,1.0,2.3169350047560036,0.0,0.36491385102272034
71042439864623104,427546152,43,1,2.0,2.692719217485136,0.3010299956639812,0.4301910698413849
71042439864623104,427546152,44,1,1.0,2.496324893979418,0.0,0.3973011076450348
71161771235981312,427579296,42,2,1.0,2.390252972594376,0.0,0.3784438669681549
71161771235981312,427579296,43,2,1.0,2.3301366666202474,0.0,0.36738139390945435
71161771235981312,427579296,44,2,4.0,2.462794317101788,0.6020599913279624,0.391428142786026
70948534699826816,427579739,44,3,2.0,2.4583069913068436,0.3010299956639812,0.3906361162662506
68653201097557888,427580133,42,4,1.0,2.700036298212185,0.0,0.4313696026802063
68653201097557888,427580133,43,4,1.0,2.6730076075494473,0.0,0.4270001947879791
68653201097557888,427580133,44,4,1.0,2.699341761867662,0.0,0.43125787377357483
68236795427794816,427580717,42,3,2.0,2.624621412117025,0.3010299956639812,0.4190666675567627
68236795427794816,427580717,43,3,3.0,2.5136145686867706,0.47712125471966244,0.40029868483543396
68236795427794816,427580717,44,3,5.0,2.5063549543348875,0.6989700043360189,0.3990425765514374
68225834671270528,427580801,44,0,1.0,2.5975493352679235,0.0,0.4145638048648834
68175806892217216,427580873,43,3,3.0,2.4828452098449874,0.47712125471966244,0.39494964480400085
68175806892217216,427580873,44,3,7.0,2.6369319221171246,0.8450980400142568,0.421098917722702
68150861722174848,427580894,44,3,2.0,2.5461436070465924,0.3010299956639812,0.40588289499282837
66473728535654784,427735418,44,3,1.0,2.3586331518255816,0.0,0.37266039848327637
66593437863017984,427735624,43,0,1.0,2.6888735363269323,0.0,0.42957037687301636
66648001127514368,427735688,43,0,1.0,2.727235174030626,0.0,0.43572258949279785
66694455493470464,427735907,43,1,1.0,2.458542838068128,0.0,0.3906777799129486
66694455493470464,427735907,44,1,2.0,2.142876632567276,0.3010299956639812,0.33099716901779175
66897933865345920,427736091,42,2,1.0,2.3615029674019814,0.0,0.37318849563598633
66897933865345920,427736091,44,2,2.0,2.4998783764636934,0.3010299956639812,0.3979188799858093
66898002584817280,427736100,42,3,8.0,2.385383285191421,0.9030899869919435,0.377558171749115
66898002584817280,427736100,43,3,3.0,2.3584823077631123,0.47712125471966244,0.37263262271881104
66898002584817280,427736100,44,3,7.0,2.5300890458024097,0.8450980400142568,0.4031358063220978
67278158729741696,427736180,43,0,1.0,2.6289701108992136,0.0,0.41978564858436584
70433241705178240,427736846,43,2,2.0,2.524543089039805,0.3010299956639812,0.40218278765678406
163647015711395584,427739995,43,3,1.0,2.519042132711954,0.0,0.401235431432724
163647015711395584,427739995,44,3,1.0,2.4729458868034535,0.0,0.393214613199234
148037764527442944,427771017,43,3,1.0,2.4367129538918895,0.0,0.38680437207221985
148037764527442944,427771017,44,3,1.0,2.493647482568295,0.0,0.396835058927536
440591459061462144,428070468,58,0,1.0,2.557319548291039,0.0,0.40778499841690063
440522052390302464,428114142,58,4,3.0,2.6359048545436745,0.47712125471966244,0.4209297299385071
437776125175852032,428118460,58,2,2.0,2.477120958871593,0.3010299956639812,0.39394721388816833
249387589580453120,428209014,59,3,2.0,2.369241934019404,0.3010299956639812,0.37460941076278687
249497472023780608,428210658,59,0,3.0,2.697355844533527,0.47712125471966244,0.4309382438659668
249840657090141056,428260369,59,1,3.0,2.4911286708104465,0.47712125471966244,0.3963961601257324
443627416818824704,428304544,59,4,2.0,2.687810560054822,0.3010299956639812,0.42939865589141846
443632055387911936,428328243,59,0,5.0,2.724051937964755,0.6989700043360189,0.43521538376808167
444124808393596672,428444848,59,2,7.0,2.4787229142179235,0.8450980400142568,0.3942279815673828
249859692385393408,428465433,59,3,1.0,2.640032012602521,0.0,0.42160919308662415
443661295524894848,428468586,59,1,1.0,2.3790731855715963,0.0,0.37640780210494995
248693041829110528,428605112,59,0,1.0,2.434311787845831,0.0,0.38637620210647583
251179484294840960,428649249,59,1,3.0,2.446622866681339,0.47712125471966244,0.3885670304298401
251590010155184000,428689804,59,4,2.0,2.708287857199712,0.3010299956639812,0.43269482254981995
251116983931933056,428764793,59,1,3.0,2.4980957749031156,0.47712125471966244,0.39760908484458923
250076021297305216,428910663,59,3,2.0,2.514257694495647,0.3010299956639812,0.4004097878932953
250091723698373888,429059113,59,4,5.0,2.758747453544254,0.6989700043360189,0.44071194529533386
172804852355164800,429102269,43,2,1.0,2.339424343362511,0.0,0.36910900473594666
172804852355164800,429102269,44,2,3.0,2.392633337597351,0.47712125471966244,0.3788761496543884
3417690504619315584,429125644,43,3,3.0,2.5123107084015426,0.47712125471966244,0.4000733494758606
3417690504619315584,429125644,44,3,6.0,2.504046852486068,0.7781512503836436,0.3986424505710602
3417690504619315584,429125644,45,3,1.0,2.383322982347761,0.0,0.37718290090560913
6077340588840515712,429241882,11,3,3.0,2.3761573959716196,0.47712125471966244,0.37587520480155945
5886747291936159104,42974961,12,0,6.0,2.7645768355208387,0.7781512503836436,0.44162866473197937
2177727437621217152,429817955,56,3,4.0,2.529879667853761,0.6020599913279624,0.4030998647212982
2177727437621217152,429817955,57,3,3.0,2.41374183178804,0.47712125471966244,0.38269081711769104
5894194318558985984,430829746,11,1,2.0,2.428660266157601,0.3010299956639812,0.3853667676448822
5894194318558985984,430829746,38,1,1.0,2.5581367573059035,0.0,0.40792375802993774
241707913177328640,431768501,58,4,2.0,2.75427461602296,0.3010299956639812,0.4400072395801544
248334085642021888,431862062,59,3,3.0,2.3719908555179403,0.47712125471966244,0.37511301040649414
244809807276984064,431892128,59,4,2.0,2.6852093152351806,0.3010299956639812,0.4289781451225281
244569632706176768,431932708,59,3,5.0,2.5411667910779827,0.6989700043360189,0.4050331711769104
244961093205959424,431988853,59,1,1.0,2.3688264082421444,0.0,0.3745332360267639
231285741236679296,432150833,59,3,2.0,2.49807228974937,0.3010299956639812,0.3976050019264221
3401113206463326208,432995801,43,0,1.0,2.534999110825278,0.0,0.40397781133651733
3401113206463326208,432995801,44,0,2.0,2.4954849616592543,0.3010299956639812,0.39715495705604553
3401113206463326208,432995801,45,0,5.0,2.7157849627218567,0.6989700043360189,0.43389537930488586
6071307396762179200,433448211,10,3,7.0,2.4782584259122,0.8450980400142568,0.394146591424942
6071307396762179200,433448211,11,3,3.0,2.4390749790221267,0.47712125471966244,0.3872251510620117
6071307396762179200,433448211,37,3,5.0,2.2652210341006747,0.6989700043360189,0.3551105856895447
6071307396762179200,433448211,38,3,5.0,2.4252238278104796,0.6989700043360189,0.3847518265247345
6071307396762179200,433448211,64,3,9.0,2.5498246970356275,0.9542425094393249,0.4065103232860565
5430883998593799296,4342429,62,3,8.0,2.491912586976884,0.9030899869919435,0.39653280377388
6055197867775111808,434563064,11,1,4.0,2.3156456075716827,0.6020599913279624,0.36467209458351135
6055144988135153664,434567711,11,0,1.0,2.5243154617277694,0.0,0.4021436274051666
6055144988135153664,434567711,64,0,1.0,2.4139845017763935,0.0,0.382734477519989
6055144988135153664,434567711,65,0,2.0,2.561715469923014,0.3010299956639812,0.4085308909416199
5862876928853591040,434572413,11,2,3.0,2.3679330145927926,0.47712125471966244,0.37436941266059875
5862876928853591040,434572413,64,2,6.0,2.3567926075278756,0.7781512503836436,0.37232136726379395
6055539128696775680,435003773,11,3,3.0,2.686494505766957,0.47712125471966244,0.4291859567165375
6055539128696775680,435003773,64,3,1.0,2.4820145820056982,0.0,0.39480432868003845
6056392104882486272,435111484,11,4,3.0,2.771093897991381,0.47712125471966244,0.44265124201774597
6056392104882486272,435111484,37,4,12.0,2.6329541501286036,1.0791812460476249,0.4204432964324951
6056392104882486272,435111484,38,4,5.0,2.6539436249945427,0.6989700043360189,0.42389169335365295
6056392104882486272,435111484,64,4,6.0,2.6038767056198258,0.7781512503836436,0.4156204164028168
5861485526917386368,435977760,11,4,3.0,2.677508133214108,0.47712125471966244,0.4277307987213135
5861952372686654464,436073131,11,1,9.0,2.499215261359596,0.9542425094393249,0.3978036642074585
5310420473889933952,436804673,9,0,4.0,2.7304050794783046,0.6020599913279624,0.43622708320617676
5310420473889933952,436804673,10,0,2.0,2.5712487327107327,0.3010299956639812,0.4101440906524658
5310420473889933952,436804673,62,0,1.0,2.6266512908750546,0.0,0.41940242052078247
5310420473889933952,436804673,63,0,3.0,2.5466680030904967,0.47712125471966244,0.40597233176231384
6055724499479516544,436998675,11,1,5.0,2.447917160970186,0.6989700043360189,0.38879671692848206
6055724499479516544,436998675,64,1,8.0,2.1887775032557273,0.9030899869919435,0.34020161628723145
6055675914807779840,437091565,11,3,6.0,2.5088237393715205,0.7781512503836436,0.39947015047073364
3404440083835128704,437842546,43,2,1.0,2.4682772857229107,0.0,0.39239394664764404
5886639367992962432,43824320,38,4,1.0,2.7004726747617056,0.0,0.4314397871494293
6087541548478148096,438614945,64,1,5.0,2.5035326071446304,0.6989700043360189,0.3985532522201538
6083709613047577344,438627800,11,3,1.0,2.5720400347959966,0.0,0.41027772426605225
6083709613047577344,438627800,37,3,1.0,2.526809740840992,0.0,0.40257254242897034
6087513373492116480,438631656,64,0,2.0,2.480619187610009,0.3010299956639812,0.3945600986480713
6087571819407240960,438632125,64,2,1.0,2.3488402676117217,0.0,0.3708534836769104
6087579000592625664,438639036,64,3,2.0,2.4361336295504374,0.3010299956639812,0.3867011070251465
6087622225143342976,438689941,64,4,1.0,2.531768515528466,0.0,0.4034239947795868
6084186040847060864,438692318,11,4,3.0,2.5916917022681507,0.47712125471966244,0.41358333826065063
6082510698667769472,438712956,64,0,3.0,2.811388769124719,0.47712125471966244,0.4489209055900574
6070093879497533824,438733975,11,2,3.0,2.3394965860711965,0.47712125471966244,0.3691224157810211
6070093879497533824,438733975,38,2,4.0,2.368118914118293,0.6020599913279624,0.3744035065174103
6083457996661174784,438775149,11,1,3.0,2.5214187319885046,0.47712125471966244,0.4016449749469757
6083457996661174784,438775149,37,1,4.0,2.460054447620699,0.6020599913279624,0.3909447193145752
6083457996661174784,438775149,38,1,1.0,2.511997648149515,0.0,0.40001922845840454
6083457996661174784,438775149,64,1,3.0,2.223177174382901,0.47712125471966244,0.34697407484054565
6082613262484373504,438789953,11,3,4.0,2.438217834210259,0.6020599913279624,0.38707250356674194
6082613262484373504,438789953,38,3,3.0,2.6626502780186607,0.47712125471966244,0.42531412839889526
6082613262484373504,438789953,64,3,3.0,2.4746164630141614,0.47712125471966244,0.3935078978538513
6082617591804976512,438790188,11,2,5.0,2.3739616993023622,0.6989700043360189,0.3754737079143524
6082617591804976512,438790188,38,2,3.0,2.3812873362643443,0.47712125471966244,0.37681180238723755
6082617591804976512,438790188,64,2,3.0,2.7233011398801366,0.47712125471966244,0.4350956678390503
6082600686820423424,438838902,11,4,4.0,2.610024614091262,0.6020599913279624,0.4166446030139923
6082600686820423424,438838902,38,4,5.0,2.6850206340306206,0.6989700043360189,0.4289476275444031
5862081981988722048,439971546,11,4,2.0,2.655407726627173,0.3010299956639812,0.42413121461868286
5862081981988722048,439971546,64,4,1.0,2.8267411926246484,0.0,0.45128604769706726
65018417518780672,440681328,43,1,1.0,2.514688549692922,0.0,0.40048420429229736
65017906418989312,440681343,42,2,5.0,2.491808620549553,0.6989700043360189,0.3965146839618683
65017906418989312,440681343,43,2,3.0,2.406984386019764,0.47712125471966244,0.38147327303886414
65017906418989312,440681343,44,2,8.0,2.382759621591458,0.9030899869919435,0.3770802319049835
65011412428446592,440681387,42,1,3.0,2.459585693588753,0.47712125471966244,0.39086195826530457
65011412428446592,440681387,43,1,4.0,2.477827861272164,0.6020599913279624,0.39407113194465637
65011412428446592,440681387,44,1,2.0,2.280515828033424,0.3010299956639812,0.35803309082984924
65010239900405504,440681403,42,0,1.0,2.6494692538630416,0.0,0.4231588840484619
65010239900405504,440681403,43,0,1.0,2.548626574512136,0.0,0.4063062071800232
65010175477867776,440681409,43,0,3.0,2.4063457467485065,0.47712125471966244,0.3813580274581909
65005846150835200,440681442,42,1,2.0,2.463946171565351,0.3010299956639812,0.39163121581077576
65005846150835200,440681442,43,1,1.0,2.419003210774847,0.0,0.3836364448070526
64990792288875264,440681514,43,3,1.0,2.2972186285681735,0.0,0.36120232939720154
64990349908937984,440681529,42,4,1.0,2.8412673607001566,0.0,0.4535121023654938
64990349908937984,440681529,44,4,4.0,2.8097335810929582,0.6020599913279624,0.44866514205932617
64967569402404480,440681536,42,1,2.0,2.4593963267656673,0.3010299956639812,0.39082852005958557
64963377514329984,440681564,42,1,1.0,2.8099258198518706,0.0,0.4486948549747467
64963377514329984,440681564,44,1,3.0,1.9489842651663352,0.47712125471966244,0.28980833292007446
64959662365552384,440681617,42,4,5.0,2.719404131204209,0.6989700043360189,0.43447375297546387
64959662365552384,440681617,43,4,8.0,2.684907689614459,0.9030899869919435,0.4289293587207794
64959662365552384,440681617,44,4,8.0,2.6053943554802084,0.9030899869919435,0.4158734679222107
64912009705490304,440681652,42,0,2.0,2.179672198287893,0.3010299956639812,0.33839118480682373
64912009705490304,440681652,43,0,3.0,2.6618935700613355,0.47712125471966244,0.42519068717956543
64912009705490304,440681652,44,0,7.0,2.6151734343412696,0.8450980400142568,0.41750049591064453
64884899871954176,440681791,43,1,4.0,2.180540799702693,0.6020599913279624,0.3385642170906067
64884624994048256,440681808,43,2,2.0,2.349672119246937,0.3010299956639812,0.3710072636604309
64884624994048256,440681808,44,2,1.0,2.461811254975397,0.0,0.3912547528743744
64021714523841280,440681982,44,4,1.0,2.859516451150983,0.0,0.45629259943962097
64021680164106112,440681987,42,3,2.0,2.533866377601149,0.3010299956639812,0.4037837088108063
64021680164106112,440681987,43,3,4.0,2.496630175951547,0.6020599913279624,0.39735421538352966
64006905476619776,440682035,42,0,1.0,2.778588103924587,0.0,0.4438241720199585
64006905476619776,440682035,44,0,1.0,2.3147843431199924,0.0,0.36451053619384766
63327682168301952,440682459,42,1,1.0,2.314851377110348,0.0,0.36452311277389526
63327682168301952,440682459,44,1,2.0,3.962171162645607,0.3010299956639812,0.5979332327842712
64027143362491008,440685446,42,1,2.0,2.175297507452135,0.3010299956639812,0.3375186622142792
64027143362491008,440685446,43,1,1.0,3.776547161455308,0.0,0.5770949125289917
64027143362491008,440685446,44,1,1.0,2.6891038232918993,0.0,0.4296075701713562
64128294135554688,440685552,42,2,2.0,2.3943811022945143,0.3010299956639812,0.3791932761669159
64128294135554688,440685552,43,2,3.0,2.347184695847534,0.47712125471966244,0.37054726481437683
64128294135554688,440685552,44,2,5.0,2.359889643259243,0.6989700043360189,0.37289169430732727
64129019988396160,440685559,42,0,1.0,2.769411501162005,0.0,0.44238749146461487
64894623677888640,440685753,42,3,1.0,2.396037901271558,0.0,0.37949368357658386
64894623677888640,440685753,44,3,1.0,2.4288794345452835,0.0,0.385405957698822
64900739711320960,440685759,43,2,1.0,2.3359705364914745,0.0,0.3684673607349396
64895139073954944,440685779,42,0,7.0,2.5554970390343374,0.8450980400142568,0.40747538208961487
64895139073954944,440685779,43,0,9.0,2.3643555069659916,0.9542425094393249,0.37371277809143066
64895139073954944,440685779,44,0,11.0,2.6063598127261267,1.0413926851582251,0.41603437066078186
64913452814489216,440685861,42,2,1.0,2.437615402582862,0.0,0.38696518540382385
64913452814489216,440685861,44,2,1.0,2.388168306158574,0.0,0.37806493043899536
64938569783224960,440685902,42,3,1.0,2.374836018743663,0.0,0.3756336271762848
64938569783224960,440685902,43,3,1.0,2.5645638120605025,0.0,0.4090135097503662
64938569783224960,440685902,44,3,1.0,2.609693646987187,0.0,0.41658952832221985
64990586130069504,440685981,42,2,1.0,2.3668911749178823,0.0,0.37417829036712646
65012408860856832,440686085,43,4,1.0,2.6232826523505812,0.0,0.4188450872898102
65012408860856832,440686085,44,4,2.0,2.722364848122755,0.3010299956639812,0.43494632840156555
65013474012743936,440686116,42,4,3.0,2.6552632297762417,0.47712125471966244,0.4241075813770294
65013474012743936,440686116,43,4,3.0,2.4125199078482544,0.47712125471966244,0.38247090578079224
65013474012743936,440686116,44,4,2.0,2.8388460293598956,0.3010299956639812,0.45314183831214905
66517468482370304,440686234,42,1,1.0,2.4740393322681706,0.0,0.39340659976005554
66517468482370304,440686234,43,1,1.0,2.0919335193465476,0.0,0.320547878742218
65014195567317504,440686290,42,0,1.0,2.4170395906320477,0.0,0.3832837641239166
65014195567317504,440686290,43,0,1.0,2.750666232380181,0.0,0.4394378960132599
65014195567317504,440686290,44,0,1.0,2.659528372831603,0.0,0.4248046278953552
65000863988835200,440686303,44,4,1.0,2.435542075091027,0.0,0.38659563660621643
64998905483757568,440686355,42,1,4.0,2.4894223478024236,0.6020599913279624,0.3960985839366913
64998905483757568,440686355,44,1,3.0,2.4791315181812332,0.47712125471966244,0.39429956674575806
64988803720689408,440686389,44,1,1.0,2.4838535456395574,0.0,0.39512598514556885
64988322684358144,440686422,42,2,1.0,2.511484872178818,0.0,0.39993056654930115
64988322684358144,440686422,43,2,1.0,2.576601822456459,0.0,0.4110473096370697
64987876007763968,440686433,44,0,2.0,2.4571422604425566,0.3010299956639812,0.3904303014278412
64941211186036352,440686434,43,3,1.0,2.4412759502950228,0.0,0.3876168727874756
64934893291213952,440686488,42,1,7.0,2.4672094123766137,0.8450980400142568,0.39220601320266724
64934893291213952,440686488,43,1,4.0,2.4898622741625953,0.6020599913279624,0.3961753249168396
64934893291213952,440686488,44,1,4.0,2.3692702236351777,0.6020599913279624,0.3746145963668823
64933037865353600,440686535,42,0,3.0,2.6632980900218413,0.47712125471966244,0.42541977763175964
64933037865353600,440686535,43,0,4.0,2.3185649442422025,0.6020599913279624,0.36521926522254944
64909153549943296,440686556,43,0,1.0,2.5407502292028386,0.0,0.4049619734287262
64889126119831040,440686690,42,0,1.0,2.289776829509152,0.0,0.35979315638542175
64889126119831040,440686690,43,0,2.0,2.975462982433829,0.3010299956639812,0.4735545516014099
64889126119831040,440686690,44,0,4.0,2.3662927265732154,0.6020599913279624,0.3740684688091278
64016904160440960,440686901,42,1,1.0,2.178889466971574,0.0,0.33823519945144653
64016904160440960,440686901,43,1,5.0,2.301232350555987,0.6989700043360189,0.3619604706764221
64009448097245440,440686989,43,3,1.0,2.4971584259181894,0.0,0.3974460959434509
63953819680971008,440687056,43,4,1.0,2.4909127738700416,0.0,0.39635851979255676
63953819680971008,440687056,44,4,1.0,2.694361495589222,0.0,0.43045586347579956
50976077779666688,440688150,43,0,2.0,2.5967799438744836,0.3010299956639812,0.41443514823913574
51177941243505536,440689443,42,4,1.0,2.966835292035387,0.0,0.4722934365272522
51177941243505536,440689443,43,4,2.0,2.8130906825543036,0.3010299956639812,0.44918373227119446
51177941243505536,440689443,44,4,1.0,2.7717057072401143,0.0,0.4427471160888672
63705433133130368,440689977,43,0,1.0,2.7040968592652503,0.0,0.43202224373817444
63957526236677632,440690270,43,0,1.0,2.6004746381652244,0.0,0.4150526225566864
64916751349465856,440690703,44,2,1.0,2.4791507422579606,0.0,0.39430293440818787
64917094946846848,440690708,43,0,2.0,2.6507811767862224,0.3010299956639812,0.42337387800216675
64921458633614976,440690752,42,1,1.0,2.4494018992117113,0.0,0.38906005024909973
64921458633614976,440690752,43,1,2.0,2.2176122125026367,0.3010299956639812,0.34588560461997986
64936508198907904,440690825,44,2,1.0,2.3984166209328452,0.0,0.37992462515830994
66500013736315264,440691009,42,0,8.0,2.7147050138653777,0.9030899869919435,0.4337226450443268
66500013736315264,440691009,43,0,6.0,2.5417648136141744,0.7781512503836436,0.4051353633403778
66503449709270400,440691028,42,1,8.0,2.3381137664886626,0.9030899869919435,0.36886563897132874
66503449709270400,440691028,43,1,10.0,2.5519082758579628,1.0,0.40686506032943726
66503449709270400,440691028,44,1,17.0,2.1970956764469767,1.2304489213782739,0.3418489694595337
66511970924353792,440691137,42,4,2.0,2.624244293528821,0.3010299956639812,0.41900426149368286
66511970924353792,440691137,43,4,1.0,2.596576985162966,0.0,0.41440120339393616
66511970924353792,440691137,44,4,1.0,2.6506658528424514,0.0,0.42335498332977295
66502281478384000,440691177,42,3,1.0,2.4640817789474463,0.0,0.3916551172733307
66502281478384000,440691177,43,3,1.0,2.4686673965461394,0.0,0.3924625813961029
66501181966524800,440691199,43,3,1.0,2.5016416497422296,0.0,0.3982250988483429
66452047540860160,440691248,43,1,2.0,2.448057429883367,0.3010299956639812,0.3888216018676758
66451497784867712,440691258,42,0,2.0,2.507381785167193,0.3010299956639812,0.39922046661376953
66451497784867712,440691258,43,0,4.0,2.5925259439141937,0.6020599913279624,0.4137231111526489
66451497784867712,440691258,44,0,7.0,2.6003359856155175,0.8450980400142568,0.41502946615219116
66451429065390080,440691260,42,0,1.0,2.724427508103329,0.0,0.43527525663375854
64944170420647296,440691343,42,1,7.0,2.4223651736378335,0.8450980400142568,0.3842396140098572
64944170420647296,440691343,43,1,2.0,2.791861397822829,0.3010299956639812,0.4458938539028168
64915754917051520,440691544,42,1,1.0,2.5053610374096094,0.0,0.3988703191280365
64059407158605568,440691820,42,4,1.0,2.631895399985265,0.0,0.42026862502098083
64059407158605568,440691820,43,4,1.0,2.7070017147491092,0.0,0.4324885308742523
64057895330132224,440691853,43,1,1.0,2.4655577102955055,0.0,0.3919151723384857
63717665199974016,440692146,43,2,1.0,2.3558814423384358,0.0,0.3721534311771393
63717665199974016,440692146,44,2,1.0,2.374228229967366,0.0,0.3755224645137787
63690898963950592,440692312,42,0,3.0,2.751535219340929,0.47712125471966244,0.43957507610321045
63690898963950592,440692312,43,0,3.0,2.570186046391916,0.47712125471966244,0.40996456146240234
63940208928422656,440695156,42,4,1.0,2.854725078458978,0.0,0.4555642902851105
63959351598814336,440695252,42,3,3.0,2.3744991900347876,0.47712125471966244,0.3755720257759094
63959351598814336,440695252,44,3,1.0,2.522994623819694,0.0,0.4019163250923157
66453181412027392,440695926,43,3,1.0,2.4983244667015643,0.0,0.3976488411426544
66453181412027392,440695926,44,3,1.0,2.5043938086859105,0.0,0.39870262145996094
66509634462127360,440696035,43,4,2.0,2.757732171783688,0.3010299956639812,0.44055208563804626
66429232674604544,440696262,42,4,1.0,2.7671480569225255,0.0,0.4420323967933655
66429232674604544,440696262,43,4,2.0,2.769086165599754,0.3010299956639812,0.44233646988868713
66429232674604544,440696262,44,4,3.0,2.6544352122259074,0.47712125471966244,0.42397212982177734
64174546641593984,440696337,42,1,1.0,2.2505529207264696,0.0,0.35228922963142395
64174546641593984,440696337,44,1,1.0,2.4358163552975456,0.0,0.38664454221725464
64172038380708224,440696398,43,0,3.0,2.67437633187807,0.47712125471966244,0.42722252011299133
64168705486089216,440696415,44,3,2.0,2.606646174706158,0.3010299956639812,0.41608208417892456
64117784354039040,440696609,43,1,1.0,2.483996044213159,0.0,0.39515089988708496
64117062799542016,440696635,43,4,4.0,2.727527704195098,0.6020599913279624,0.4357691705226898
64117062799542016,440696635,44,4,2.0,2.7679042954293114,0.3010299956639812,0.4421510696411133
64064011363520512,440696704,42,0,2.0,2.604303438513233,0.3010299956639812,0.4156915843486786
64064011363520512,440696704,44,0,2.0,2.5883719841229365,0.3010299956639812,0.41302669048309326
64037588724758400,440696817,43,0,1.0,2.31989178590752,0.0,0.36546772718429565
64050645425295872,440700343,42,0,2.0,2.877044344746525,0.3010299956639812,0.45894655585289
64050645425295872,440700343,43,0,2.0,2.564845757900081,0.3010299956639812,0.4090612530708313
64050645425295872,440700343,44,0,1.0,2.352085186912609,0.0,0.37145304679870605
64066107307543296,440700411,42,0,1.0,2.75238578211548,0.0,0.43970930576324463
64066107307543296,440700411,43,0,4.0,2.764278814267133,0.6020599913279624,0.4415818452835083
64066107307543296,440700411,44,0,1.0,2.6582613726777815,0.0,0.42459768056869507
64092907903452800,440700454,44,3,1.0,2.402350628889287,0.0,0.38063639402389526
64094037476647040,440700464,42,1,7.0,2.505308601185526,0.8450980400142568,0.39886122941970825
64094037476647040,440700464,43,1,2.0,2.5429904232701093,0.3010299956639812,0.40534472465515137
64148738180119680,440700588,42,4,1.0,2.683982387642752,0.0,0.428779661655426
64148738180119680,440700588,43,4,11.0,2.7846835517156077,1.0413926851582251,0.44477584958076477
64148738180119680,440700588,44,4,8.0,2.6672349459504128,0.9030899869919435,0.4260612726211548
65677372878285312,440700750,44,1,1.0,2.461183909012386,0.0,0.3911440670490265
66485582645439104,440701022,42,3,1.0,2.447184869398157,0.0,0.3886667788028717
66485582645439104,440701022,43,3,1.0,2.5168515327653704,0.0,0.4008575975894928
66485582645439104,440701022,44,3,1.0,2.5431900660429934,0.0,0.4053788185119629
51533495816916096,440701936,43,1,2.0,2.4497787720725843,0.3010299956639812,0.38912686705589294
63730309584280960,440702438,43,4,1.0,2.421820670372015,0.0,0.3841419816017151
63730309584280960,440702438,44,4,1.0,2.7253297235774134,0.0,0.4354190528392792
63824901943723392,440702470,42,2,1.0,2.5729110308569334,0.0,0.41042476892471313
63826070174824192,440702499,42,1,2.0,2.7142300171295464,0.3010299956639812,0.43364664912223816
63826070174824192,440702499,43,1,2.0,2.40295902095797,0.3010299956639812,0.38074636459350586
63826448131945984,440702500,42,4,2.0,2.5477335533221646,0.3010299956639812,0.40615400671958923
63826448131945984,440702500,43,4,2.0,2.6805545706510356,0.3010299956639812,0.4282246530056
63839023796354560,440702584,43,3,2.0,2.3683813757931502,0.3010299956639812,0.3744516372680664
64104933811828480,440702986,43,3,2.0,2.4705559772628978,0.3010299956639812,0.3927946984767914
64104933811828480,440702986,44,3,1.0,2.539376355675353,0.0,0.4047270715236664
65674383581036800,440703158,43,2,1.0,2.484808408098266,0.0,0.39529290795326233
65674383581036800,440703158,44,2,1.0,2.4443984555500844,0.0,0.3881720006465912
65680499614460800,440703174,42,4,1.0,2.922431339985828,0.0,0.4657443165779114
65680499614460800,440703174,43,4,2.0,2.6323198605060587,0.3010299956639812,0.4203386604785919
65688333634791040,440703285,42,3,2.0,2.5220479321542375,0.3010299956639812,0.40175333619117737
65688333634791040,440703285,43,3,5.0,2.531130984729884,0.6989700043360189,0.40331462025642395
65688539793220480,440703298,44,2,1.0,2.802893095599618,0.0,0.44760653376579285
66473178779856768,440703485,43,2,2.0,2.3498930285688946,0.3010299956639812,0.37104809284210205
66473178779856768,440703485,44,2,1.0,2.511547433858138,0.0,0.3999413847923279
65712488530853120,440703573,42,2,2.0,2.4857455563217954,0.3010299956639812,0.3954566717147827
65712488530853120,440703573,43,2,1.0,2.4229059752141047,0.0,0.38433656096458435
65712488530853120,440703573,44,2,1.0,2.43711312757713,0.0,0.3868756890296936
64073597730589952,440704123,43,2,3.0,2.408076427236093,0.47712125471966244,0.3816702663898468
63838886357191936,440704339,43,3,1.0,2.497087997555747,0.0,0.3974338471889496
63838886357191936,440704339,44,3,1.0,2.5276215365190957,0.0,0.40271204710006714
63677326867342464,440704531,42,2,3.0,2.3619512456704763,0.47712125471966244,0.3732709288597107
63677326867342464,440704531,43,2,2.0,2.367727632086734,0.3010299956639812,0.3743317425251007
63677326867342464,440704531,44,2,2.0,2.3371660381005186,0.3010299956639812,0.36868956685066223
50907014706346624,440705319,43,4,1.0,2.8278618299958778,0.0,0.4514581859111786
50907014706346624,440705319,44,4,2.0,2.7847309428411124,0.3010299956639812,0.4447832405567169
63661521387693824,440725886,42,1,9.0,2.6942176522804164,0.9542425094393249,0.43043267726898193
63661521387693824,440725886,43,1,10.0,2.2742317045734266,1.0,0.3568347096443176
63661521387693824,440725886,44,1,7.0,2.4852265423158615,0.8450980400142568,0.39536598324775696
63773774653147904,440726015,42,1,3.0,2.2146104077011017,0.47712125471966244,0.34529733657836914
63773774653147904,440726015,43,1,6.0,2.4484829894264726,0.7781512503836436,0.3888970911502838
63773774653147904,440726015,44,1,3.0,2.5194767469641626,0.47712125471966244,0.40131035447120667
63884584809145600,440726335,42,1,1.0,2.089308139767464,0.0,0.3200024962425232
63884584809145600,440726335,43,1,2.0,2.42654060404787,0.3010299956639812,0.38498756289482117
63892006512622848,440726384,42,0,1.0,2.6095387444456444,0.0,0.4165637493133545
63892006512622848,440726384,43,0,2.0,2.7544348968317247,0.3010299956639812,0.4400325119495392
65588484235454592,440726512,44,4,1.0,2.740402499073248,0.0,0.4378143548965454
65603946117575936,440726596,42,2,2.0,2.376058748181357,0.3010299956639812,0.3758571743965149
65603946117575936,440726596,43,2,1.0,2.5388372584772845,0.0,0.40463486313819885
65603946117575936,440726596,44,2,1.0,2.7686947494042786,0.0,0.4422750771045685
65720734868130816,440727107,42,1,1.0,2.39438521000148,0.0,0.3791940212249756
65720734868130816,440727107,43,1,3.0,2.4387728856075346,0.47712125471966244,0.38717135787010193
65720734868130816,440727107,44,1,2.0,3.1627212454696942,0.3010299956639812,0.5000609159469604
65690498298435840,440727302,42,2,1.0,2.3534169993704244,0.0,0.37169888615608215
65690498298435840,440727302,44,2,1.0,2.4143950257295046,0.0,0.3828083276748657
65589137070475264,440727544,42,1,3.0,2.473446550827265,0.47712125471966244,0.3933025300502777
65589137070475264,440727544,43,1,2.0,2.296069873430608,0.3010299956639812,0.3609851002693176
65589137070475264,440727544,44,1,3.0,2.2269050418436356,0.47712125471966244,0.34770169854164124
65641913628380288,440731943,42,3,4.0,2.415404568679914,0.6020599913279624,0.38298988342285156
65641913628380288,440731943,43,3,2.0,2.5870786990145227,0.3010299956639812,0.4128096401691437
65641913628380288,440731943,44,3,5.0,2.518157749686077,0.6989700043360189,0.40108293294906616
65699569269925888,440732064,42,1,1.0,2.4986608565472865,0.0,0.3977073132991791
65699569269925888,440732064,43,1,1.0,2.495130507354939,0.0,0.397093266248703
65717814290369920,440732135,42,0,1.0,2.668508969945219,0.0,0.42626866698265076
65717814290369920,440732135,43,0,1.0,2.6911340801018793,0.0,0.4299353361129761
65717814290369920,440732135,44,0,1.0,2.5521515263912407,0.0,0.40690645575523376
65701527774387840,440732366,43,0,2.0,2.7022785963293137,0.3010299956639812,0.43173012137413025
65701527774387840,440732366,44,0,4.0,2.849391258335591,0.6020599913279624,0.4547520875930786
65626623544976768,440732585,42,4,1.0,2.676802308749563,0.0,0.42761629819869995
65626623544976768,440732585,44,4,2.0,2.6843131975852828,0.3010299956639812,0.4288331866264343
51303388648134400,440733950,42,1,3.0,1.885416805917362,0.47712125471966244,0.2754073739051819
51303388648134400,440733950,43,1,3.0,2.462137659718801,0.47712125471966244,0.3913123309612274
6012244273489826560,442828160,12,4,5.0,2.614899952464967,0.6989700043360189,0.4174550771713257
5869330679822111744,443474055,64,1,1.0,2.4148037966904203,0.0,0.38288185000419617
5868548755256438656,443480340,11,0,6.0,2.617919348047866,0.7781512503836436,0.41795626282691956
5868548755256438656,443480340,38,0,5.0,2.371156960119644,0.6989700043360189,0.3749603033065796
5432940635090033408,44445436,62,3,2.0,2.5339055008918656,0.3010299956639812,0.4037904143333435
5257836605156299776,444536794,9,3,1.0,2.498075375377409,0.0,0.3976055383682251
5257836605156299776,444536794,10,3,3.0,2.4679509138346196,0.47712125471966244,0.39233651757240295
5257836605156299776,444536794,36,3,3.0,2.661534108668132,0.47712125471966244,0.42513203620910645
5257836605156299776,444536794,37,3,1.0,2.503793067027533,0.0,0.39859843254089355
989426530738246016,444988653,60,3,1.0,2.474638199311782,0.0,0.39351171255111694
989334210417772288,445018388,60,2,3.0,2.4448081120466125,0.47712125471966244,0.38824477791786194
989314350488989056,445021171,47,1,2.0,2.2753239409796207,0.3010299956639812,0.35704323649406433
5432743478910701312,44517110,62,2,3.0,2.3665398828237203,0.47712125471966244,0.3741138279438019
417692273991883520,445242095,58,1,2.0,2.4965739820781576,0.3010299956639812,0.3973444402217865
5490713545856521984,445265787,61,4,1.0,2.58708313730598,0.0,0.41281038522720337
5493687415572195840,445330849,61,4,4.0,2.6641796963663555,0.6020599913279624,0.4255635142326355
5493687415572195840,445330849,62,4,5.0,2.4496442880378115,0.6989700043360189,0.3891030251979828
5493720881958287488,445452650,61,2,3.0,2.439337939538041,0.47712125471966244,0.3872719705104828
5493720881958287488,445452650,62,2,1.0,2.3577078463235845,0.0,0.3724899888038635
5506503597984732288,445517149,61,2,3.0,2.325849551476211,0.47712125471966244,0.36658161878585815
5506503597984732288,445517149,62,2,3.0,2.4124786855368647,0.47712125471966244,0.3824634850025177
5431369604772879488,44688594,63,0,3.0,2.4215441441594625,0.47712125471966244,0.38409239053726196
5357917177155467136,447276231,9,2,1.0,2.3745340602626306,0.0,0.3755784034729004
5357917177155467136,447276231,10,2,3.0,2.428575104157941,0.47712125471966244,0.3853515386581421
4889151973881979008,44743153,4,0,7.0,2.5722218357234174,0.8450980400142568,0.4103084206581116
4889151973881979008,44743153,5,0,12.0,2.8688851132949678,1.0791812460476249,0.45771315693855286
4889151973881979008,44743153,31,0,7.0,2.595339975070042,0.8450980400142568,0.414194256067276
5330915817276900864,447946898,62,3,1.0,2.4822167621641316,0.0,0.39483970403671265
5842802835803988352,447993848,11,2,10.0,2.3803887529806467,1.0,0.3766478896141052
5842802835803988352,447993848,12,2,15.0,2.3503120070813175,1.1760912590556813,0.3711255192756653
5842802835803988352,447993848,64,2,12.0,2.687234050052676,1.0791812460476249,0.4293054938316345
5854831974036429056,447994659,64,3,7.0,2.6028934133491832,0.8450980400142568,0.4154563844203949
5856059166484152320,448002486,64,2,15.0,2.3686690606989824,1.1760912590556813,0.3745043873786926
5784379254658527104,448026175,11,0,3.0,2.596146351837785,0.47712125471966244,0.4143291711807251
5784379254658527104,448026175,12,0,3.0,2.396092654366928,0.47712125471966244,0.37950360774993896
5850443303440130816,448165340,38,1,5.0,2.6804370317065285,0.6989700043360189,0.42820560932159424
5850443303440130816,448165340,65,1,4.0,2.506895927706645,0.6020599913279624,0.3991363048553467
5850443307764629376,448165364,11,3,3.0,2.3685500816870637,0.47712125471966244,0.37448257207870483
5850443307764629376,448165364,12,3,6.0,2.466081754985207,0.7781512503836436,0.3920074701309204
5850443307764629376,448165364,38,3,7.0,2.657098358863216,0.8450980400142568,0.42440763115882874
5850443307764629376,448165364,65,3,8.0,2.428713598088956,0.9030899869919435,0.38537630438804626
5850361767779111168,448292315,38,1,4.0,2.2761358480519687,0.6020599913279624,0.35719817876815796
3478519134297202560,448590406,36,1,1.0,2.4500168269136737,0.0,0.3891690671443939
5847401027808272384,448733510,11,0,1.0,2.5429864096338166,0.0,0.40534403920173645
5431592977432228992,44926734,62,1,4.0,2.4332395741130064,0.6020599913279624,0.3861848711967468
5431592977432228992,44926734,63,1,6.0,2.46027729324829,0.7781512503836436,0.39098405838012695
6128156202336951424,449355457,10,1,3.0,2.4983146945848684,0.47712125471966244,0.3976471424102783
6128156202336951424,449355457,11,1,3.0,2.321219864745386,0.47712125471966244,0.36571627855300903
6128156202336951424,449355457,37,1,1.0,2.5049355620248948,0.0,0.39879655838012695
6128156202336951424,449355457,64,1,5.0,2.4153077721417655,0.6989700043360189,0.38297247886657715
5857973686781549568,449586720,11,2,1.0,2.4869984246216825,0.0,0.39567551016807556
231889927176318720,449923541,59,3,5.0,2.5159017940755235,0.6989700043360189,0.4006936848163605
442184853266451968,449933747,59,2,2.0,2.3683218927654712,0.3010299956639812,0.3744407296180725
249462940486302208,449939105,59,4,1.0,2.677236032559925,0.0,0.4276866614818573
249026709247699200,449940050,59,2,2.0,2.348071550438756,0.3010299956639812,0.3707113265991211
251533355242461312,449963411,59,0,5.0,2.7695644904996612,0.6989700043360189,0.44241148233413696
448726573794583936,450179701,59,3,1.0,2.524498393473299,0.0,0.40217509865760803
5431498178916093440,45040931,63,1,4.0,2.467295082593652,0.6020599913279624,0.3922210931777954
6053807844583576064,450568600,38,3,1.0,2.49860633157019,0.0,0.3976978361606598
6057951732118101504,450605193,11,3,5.0,2.463297996990261,0.6989700043360189,0.39151695370674133
6054576746800130560,450690604,37,3,4.0,2.475689920754709,0.6020599913279624,0.39369624853134155
6054576746800130560,450690604,38,3,4.0,2.5490377807238334,0.6020599913279624,0.40637627243995667
6053796677666775296,450696864,64,2,5.0,2.58485642696509,0.6989700043360189,0.41243642568588257
6053744657018593280,450794865,11,1,1.0,2.5432752331135657,0.0,0.4053933620452881
6058353191286687872,450861969,38,4,4.0,2.6704159244146015,0.6020599913279624,0.42657890915870667
6347020657630525312,451592551,66,1,7.0,2.4938471876434494,0.8450980400142568,0.39686983823776245
6347020657630525312,451592551,67,1,3.0,2.486035726067782,0.47712125471966244,0.3955073654651642
5342849298035172864,451922999,10,2,2.0,2.3206179947998624,0.3010299956639812,0.36560365557670593
5342849298035172864,451922999,37,2,1.0,2.3315842068176984,0.0,0.367651104927063
4792149175429007360,452357628,4,2,8.0,2.454557910088362,0.9030899869919435,0.3899732828140259
4792149175429007360,452357628,5,2,8.0,2.4451015568661414,0.9030899869919435,0.388296902179718
4792149175429007360,452357628,6,2,10.0,2.3976246038176723,1.0,0.37978118658065796
4792149175429007360,452357628,7,2,12.0,2.3176235493424846,1.0791812460476249,0.36504289507865906
4792149175429007360,452357628,8,2,9.0,2.4339299454365007,0.9542425094393249,0.38630807399749756
4792149175429007360,452357628,11,2,5.0,2.4068821461010863,0.6989700043360189,0.38145482540130615
4792149175429007360,452357628,27,2,9.0,2.5506946463682927,0.9542425094393249,0.40665847063064575
4792149175429007360,452357628,28,2,4.0,2.330032734242783,0.6020599913279624,0.36736202239990234
4792149175429007360,452357628,31,2,16.0,2.5853346850107175,1.2041199826559248,0.4125167727470398
4792149175429007360,452357628,32,2,16.0,2.479988580445723,1.2041199826559248,0.3944496810436249
4792149175429007360,452357628,33,2,9.0,2.377154865454061,0.9542425094393249,0.3760574758052826
4792149175429007360,452357628,34,2,13.0,2.376774159783371,1.1139433523068367,0.3759879171848297
4792149175429007360,452357628,37,2,10.0,2.3526743914718393,1.0,0.37156182527542114
4792149175429007360,452357628,38,2,7.0,2.36426886827639,0.8450980400142568,0.37369686365127563
4792149175429007360,452357628,61,2,2.0,2.4907247553582272,0.3010299956639812,0.3963257372379303
4792149175429007360,452357628,64,2,11.0,2.4092600585569635,1.0413926851582251,0.3818836808204651
4792149175429007360,452357628,65,2,11.0,2.342902389008878,1.0413926851582251,0.36975419521331787
4792149175429007360,452357628,66,2,10.0,2.307489580146438,1.0,0.3631397485733032
4792149175429007360,452357628,67,2,9.0,2.368767401688607,0.9542425094393249,0.3745224177837372
5215814919990121856,452448437,10,4,1.0,2.7733527669225704,0.0,0.44300511479377747
5215814919990121856,452448437,11,4,2.0,2.5593532252623814,0.3010299956639812,0.4081302285194397
5215814919990121856,452448437,12,4,2.0,2.425407068260158,0.3010299956639812,0.38478463888168335
5215814919990121856,452448437,37,4,6.0,2.635155204970466,0.7781512503836436,0.4208061993122101
5215814919990121856,452448437,38,4,1.0,2.6532853430770715,0.0,0.42378395795822144
5215814919990121856,452448437,39,4,5.0,2.7059202450606166,0.6989700043360189,0.43231499195098877
5215814919990121856,452448437,64,4,5.0,2.461725775169593,0.6989700043360189,0.3912396728992462
5215814919990121856,452448437,65,4,6.0,2.6017285570209254,0.7781512503836436,0.41526198387145996
5215814919990121856,452448437,66,4,1.0,2.5595451948688677,0.0,0.40816280245780945
5217812354662194048,452522877,10,1,5.0,2.3095107942542437,0.6989700043360189,0.3635199964046478
5217812354662194048,452522877,12,1,4.0,2.439774707449876,0.6020599913279624,0.3873497247695923
5217812354662194048,452522877,37,1,6.0,2.3986299326618163,0.7781512503836436,0.3799632489681244
5217812354662194048,452522877,38,1,5.0,2.446666351378614,0.6989700043360189,0.3885747492313385
5217812354662194048,452522877,39,1,6.0,2.4056442151422774,0.7781512503836436,0.3812313973903656
5217812354662194048,452522877,63,1,6.0,2.459840062167792,0.7781512503836436,0.3909068703651428
5217812354662194048,452522877,64,1,4.0,2.221234108099146,0.6020599913279624,0.34659433364868164
5217812354662194048,452522877,65,1,13.0,2.498994547893724,1.1139433523068367,0.39776530861854553
5215977785150811008,452549271,37,1,1.0,2.2857865386377165,0.0,0.3590356707572937
5215977785150811008,452549271,38,1,2.0,2.4992584802643814,0.3010299956639812,0.3978111743927002
5215977785150811008,452549271,39,1,4.0,2.4561756124649046,0.6020599913279624,0.39025941491127014
5215977785150811008,452549271,64,1,2.0,2.4877429713661194,0.3010299956639812,0.3958055078983307
5215977785150811008,452549271,66,1,4.0,2.3550759973844113,0.6020599913279624,0.3720049262046814
5215977780854979328,452549272,37,2,1.0,2.3648255853052307,0.0,0.3737991154193878
5215977780854979328,452549272,39,2,3.0,2.5020116229566445,0.47712125471966244,0.3982893228530884
5215977780854979328,452549272,65,2,1.0,2.380567462345244,0.0,0.37668049335479736
5217868876431672960,452591471,10,2,7.0,2.339255304141688,0.8450980400142568,0.3690776228904724
5217868876431672960,452591471,11,2,3.0,2.3977406007772624,0.47712125471966244,0.3798021972179413
5217868876431672960,452591471,12,2,6.0,2.3578965027967183,0.7781512503836436,0.3725247383117676
5217868876431672960,452591471,37,2,13.0,2.3681834298647,1.1139433523068367,0.3744153380393982
5217868876431672960,452591471,38,2,13.0,2.3347594644538514,1.1139433523068367,0.36824214458465576
5217868876431672960,452591471,39,2,9.0,2.3678779300363795,0.9542425094393249,0.3743593096733093
5217868876431672960,452591471,63,2,10.0,2.3731065920699437,1.0,0.375317245721817
5217868876431672960,452591471,64,2,7.0,2.3774708615794333,0.8450980400142568,0.37611520290374756
5217868876431672960,452591471,65,2,10.0,2.349540873470591,1.0,0.3709830045700073
5217433641625835648,452631161,10,1,3.0,2.386816500154703,0.47712125471966244,0.3778190314769745
5274939091892309120,453095065,5,4,4.0,2.6991917254729123,0.6020599913279624,0.4312337338924408
5274939091892309120,453095065,6,4,8.0,2.3622154552862447,0.9030899869919435,0.37331950664520264
5274939091892309120,453095065,7,4,9.0,2.5494518524711403,0.9542425094393249,0.40644681453704834
5274939091892309120,453095065,8,4,10.0,2.767344598286862,1.0,0.44206324219703674
5274939091892309120,453095065,9,4,1.0,2.775409873060911,0.0,0.4433271288871765
5274939091892309120,453095065,10,4,1.0,2.783615554403353,0.0,0.44460925459861755
5274939091892309120,453095065,11,4,7.0,2.857279555714963,0.8450980400142568,0.4559527337551117
5274939091892309120,453095065,12,4,7.0,2.628313333997487,0.8450980400142568,0.41967713832855225
5274939091892309120,453095065,13,4,5.0,2.79830182869373,0.6989700043360189,0.4468945562839508
5274939091892309120,453095065,27,4,8.0,2.6796697523036266,0.9030899869919435,0.4280812740325928
5274939091892309120,453095065,28,4,12.0,2.6588772812135084,1.0791812460476249,0.4246982932090759
5274939091892309120,453095065,29,4,10.0,2.655817754195738,1.0,0.4241982698440552
5274939091892309120,453095065,31,4,7.0,2.664274034374431,0.8450980400142568,0.42557889223098755
5274939091892309120,453095065,32,4,12.0,2.709692869528316,1.0791812460476249,0.43292006850242615
5274939091892309120,453095065,33,4,15.0,2.717933466680985,1.1760912590556813,0.43423882126808167
5274939091892309120,453095065,34,4,11.0,2.7064437464901765,1.0413926851582251,0.4323990046977997
5274939091892309120,453095065,35,4,3.0,2.7450984390697455,0.47712125471966244,0.4385579228401184
5274939091892309120,453095065,36,4,6.0,2.7045795479870995,0.7781512503836436,0.43209975957870483
5274939091892309120,453095065,37,4,6.0,2.657935962041315,0.7781512503836436,0.4245445132255554
5274939091892309120,453095065,38,4,6.0,2.4562526403939944,0.7781512503836436,0.3902730345726013
5274939091892309120,453095065,39,4,8.0,2.691623874903437,0.9030899869919435,0.43001437187194824
5274939091892309120,453095065,61,4,6.0,2.43114878084899,0.7781512503836436,0.38581153750419617
5274939091892309120,453095065,62,4,6.0,2.6421570303887094,0.7781512503836436,0.4219586253166199
5274939091892309120,453095065,63,4,11.0,2.8955762788824475,1.0413926851582251,0.4617350101470947
5274939091892309120,453095065,64,4,9.0,2.5748616906967574,0.9542425094393249,0.41075390577316284
5274939091892309120,453095065,65,4,2.0,2.7122085787261776,0.3010299956639812,0.43332308530807495
5274939091892309120,453095065,66,4,7.0,2.773795472794977,0.8450980400142568,0.44307443499565125
2885799594315319808,453121186,32,2,3.0,2.3563385170175395,0.47712125471966244,0.3722376823425293
2885799594315319808,453121186,33,2,2.0,2.3708717388590346,0.3010299956639812,0.37490805983543396
5205351069689954560,453218463,10,4,1.0,2.5528377964769877,0.0,0.40702322125434875
5204300933005060480,453455226,37,1,4.0,3.085235572364033,0.6020599913279624,0.489288330078125
5204300933005060480,453455226,38,1,1.0,3.9492365898905564,0.0,0.5965131521224976
5204300933005060480,453455226,39,1,2.0,2.1778438214399296,0.3010299956639812,0.3380267322063446
5204956727269231744,453684455,11,3,1.0,2.6143876995425614,0.0,0.4173699915409088
5204956727269231744,453684455,64,3,2.0,2.49425195177677,0.3010299956639812,0.39694032073020935
5204523004293421696,453808153,11,0,4.0,2.7354341361317323,0.6020599913279624,0.4370262622833252
5204523004293421696,453808153,12,0,3.0,2.601655893552273,0.47712125471966244,0.41524985432624817
5204523004293421696,453808153,37,0,3.0,2.853407968087434,0.47712125471966244,0.4553638696670532
5204523004293421696,453808153,38,0,5.0,2.576140913347527,0.6989700043360189,0.410969614982605
5204523004293421696,453808153,39,0,5.0,2.5022878938552195,0.6989700043360189,0.3983372747898102
4805574899598831232,453856042,5,0,7.0,2.6845309355071247,0.8450980400142568,0.4288684129714966
4805574899598831232,453856042,6,0,2.0,2.6203250393764117,0.3010299956639812,0.41835516691207886
4805574899598831232,453856042,32,0,5.0,2.596991116176224,0.6989700043360189,0.41447046399116516
4805574899598831232,453856042,33,0,9.0,2.8924287731803826,0.9542425094393249,0.46126267313957214
5201194816953813504,454241704,64,4,1.0,2.654112091282601,0.0,0.4239192605018616
5201218181575917952,454241750,66,3,1.0,2.429623754656161,0.0,0.3855390250682831
5201553704423697792,454242639,64,1,4.0,2.32433044535119,0.6020599913279624,0.3662978708744049
5225597889120103424,454243404,64,2,3.0,2.5561724561836012,0.47712125471966244,0.4075901508331299
5225597889120103424,454243404,65,2,2.0,2.3895831889432446,0.3010299956639812,0.37832215428352356
5225599096011296640,454256337,65,3,3.0,2.438314210314526,0.47712125471966244,0.38708966970443726
5201206052588955264,454258158,66,1,3.0,2.5176815524434564,0.47712125471966244,0.4010007977485657
5225732755394043520,454288971,65,4,1.0,2.4080126423746706,0.0,0.38165876269340515
5201361599124919936,454290635,64,4,1.0,2.6424371709075594,0.0,0.42200466990470886
5201347064956072448,454290773,64,1,1.0,2.4482059389048896,0.0,0.3888479471206665
5201214367644997376,454291263,64,2,1.0,2.5480318334031136,0.0,0.40620484948158264
5201201139145691648,454291408,39,0,1.0,2.704027460128232,0.0,0.43201109766960144
5201120634278654208,454291699,64,4,4.0,2.636303367872785,0.6020599913279624,0.4209953844547272
5201120634278654208,454291699,66,4,2.0,2.6310410872613477,0.3010299956639812,0.42012763023376465
5201126441074447872,454291734,64,3,2.0,2.446595332369177,0.3010299956639812,0.3885621428489685
5201126441074447872,454291734,66,3,10.0,2.4231570492514996,1.0,0.38438156247138977
5201129121134048768,454291768,38,3,1.0,2.4802278689031505,0.0,0.394491583108902
5201129121134048768,454291768,39,3,1.0,2.6120064588141823,0.0,0.4169742465019226
5201129121134048768,454291768,66,3,1.0,2.5003760856250237,0.0,0.39800533652305603
5201129292932746880,454291775,64,2,1.0,2.344828789256045,0.0,0.3701111376285553
5201129705249611008,454291786,64,1,2.0,2.5102885722572785,0.3010299956639812,0.3997236490249634
5201129705249611008,454291786,66,1,3.0,2.3583678863522373,0.47712125471966244,0.37261155247688293
5201153619627528960,454291809,66,0,1.0,2.457425887169993,0.0,0.3904804289340973
5225392628342178688,454292995,64,2,1.0,2.5163070296324324,0.0,0.4007636308670044
5201351806599748992,454327504,64,3,1.0,2.5239764840587657,0.0,0.4020853042602539
5201351428642607744,454327547,64,2,1.0,2.4160660049915488,0.0,0.38310879468917847
5201163480873128064,454328873,66,3,3.0,2.5092667499279,0.47712125471966244,0.3995468318462372
5225374383321284224,454329571,64,1,1.0,2.343661050839169,0.0,0.369894802570343
5225374074083637376,454363835,64,0,4.0,2.2235348031191844,0.6020599913279624,0.3470439314842224
5201265666735512064,454364474,64,0,3.0,2.5689647821413146,0.47712125471966244,0.40975815057754517
5201157193040414464,454364807,64,1,1.0,2.450614251396974,0.0,0.3892749547958374
5201264464144664832,454365974,64,0,6.0,2.7180450025905554,0.7781512503836436,0.4342566430568695
5201264464144664832,454365974,66,0,2.0,2.568073093479814,0.3010299956639812,0.4096073806285858
5201240309248796672,454403368,64,4,2.0,2.5772149045217536,0.3010299956639812,0.41115063428878784
5201272195086070144,454404691,64,3,4.0,2.5030141733379176,0.6020599913279624,0.39846330881118774
5201272195086070144,454404691,65,3,7.0,2.51420231157763,0.8450980400142568,0.40040022134780884
5201272195086070144,454404691,66,3,5.0,2.4271892666550756,0.6989700043360189,0.38510364294052124
5302978704290910592,45460157,10,3,1.0,2.4566123607762362,0.0,0.39033663272857666
5302978704290910592,45460157,35,3,2.0,2.487172678424041,0.3010299956639812,0.3957059383392334
5302978704290910592,45460157,37,3,2.0,2.476983274083665,0.3010299956639812,0.3939230740070343
5302977089383194368,45460236,10,3,1.0,2.488990014378962,0.0,0.396023154258728
5302977089383194368,45460236,36,3,1.0,2.4556245202971416,0.0,0.3901619613170624
5224622660965933568,454611617,11,4,1.0,2.731763265119632,0.0,0.4364430606365204
5224622660965933568,454611617,12,4,3.0,2.6645486574355384,0.47712125471966244,0.42562365531921387
5224626096939825024,454642722,64,4,5.0,2.716670893557244,0.6989700043360189,0.4340370297431946
5226891709370645376,454715223,11,1,2.0,2.3497114621608874,0.3010299956639812,0.3710145354270935
5226891709370645376,454715223,12,1,3.0,2.4647567142026006,0.47712125471966244,0.39177405834198
5226891709370645376,454715223,37,1,1.0,2.2785207712319995,0.0,0.3576529920101166
5226532233485499136,454757744,12,2,3.0,2.4381189522710365,0.47712125471966244,0.3870548903942108
5226532233485499136,454757744,38,2,3.0,2.446075428562588,0.47712125471966244,0.3884698450565338
5226532233485499136,454757744,39,2,1.0,2.4857730194967718,0.0,0.39546146988868713
5224238622169880576,454875770,64,3,2.0,2.3890663833650825,0.3010299956639812,0.37822821736335754
5224238622169880576,454875770,66,3,4.0,2.3786782980392136,0.6020599913279624,0.3763357102870941
5224191892926385408,454961107,12,3,4.0,2.547489500170606,0.6020599913279624,0.406112402677536
5224188216434490880,454961345,11,2,6.0,2.3757029979396562,0.7781512503836436,0.37579214572906494
5224188216434490880,454961345,12,2,7.0,2.3788813655404972,0.8450980400142568,0.3763727843761444
5841257781444541824,454980196,11,4,3.0,2.6200785274194107,0.47712125471966244,0.4183143079280853
5841257781444541824,454980196,12,4,2.0,2.6474544425923328,0.3010299956639812,0.4228284955024719
5841257781444541824,454980196,38,4,5.0,2.6678327955162917,0.6989700043360189,0.426158607006073
5841257781444541824,454980196,39,4,4.0,2.644397534667041,0.6020599913279624,0.4223267436027527
5841257781444541824,454980196,64,4,2.0,2.7818845116744004,0.3010299956639812,0.4443390965461731
5224879500011370496,455000299,12,1,4.0,2.6179301269419484,0.6020599913279624,0.4179580509662628
5224879500011370496,455000299,64,1,3.0,2.459437506901934,0.47712125471966244,0.39083579182624817
2201852990466726144,455906296,17,4,2.0,2.348735500987174,0.3010299956639812,0.3708341121673584
5419520786436241536,45603316,62,4,3.0,2.765826939751324,0.47712125471966244,0.4418250024318695
5419520786436241536,45603316,63,4,2.0,2.657230191366633,0.3010299956639812,0.42442917823791504
243108622271431424,456136904,58,0,1.0,2.499868598268929,0.0,0.3979171812534332
249111302925370368,456168327,58,3,2.0,2.486425913616565,0.3010299956639812,0.39557552337646484
241630363247656448,456200575,58,3,10.0,2.4696043886171495,1.0,0.39262738823890686
242889888176483968,456204149,58,2,1.0,2.4795153474393716,0.0,0.3943668007850647
6065295988717973504,457314259,64,2,4.0,2.550135121664669,0.6020599913279624,0.4065631926059723
6019182466737664128,458097807,12,1,5.0,2.57393386550138,0.6989700043360189,0.41059738397598267
5969200871522420992,458208929,12,1,3.0,2.4734457021584246,0.47712125471966244,0.39330238103866577
434860941896323072,458753724,58,2,2.0,2.355373218634233,0.3010299956639812,0.37205973267555237
435250169011098496,458770974,58,0,3.0,2.7374766418352143,0.47712125471966244,0.43735042214393616
249216168846376448,458780733,58,0,1.0,2.56490665663975,0.0,0.40907156467437744
441573048067694592,458783116,58,0,2.0,2.7427522872765193,0.3010299956639812,0.4381865859031677
462902955169368320,458920985,58,4,18.0,2.6298295260454245,1.255272505103306,0.41992759704589844
462902955169368320,458920985,59,4,5.0,2.541312403319148,0.6989700043360189,0.4050580561161041
463006584139846144,458938294,58,2,12.0,2.3639066101722297,1.0791812460476249,0.3736303150653839
463006584139846144,458938294,59,2,8.0,2.643023839661378,0.9030899869919435,0.42210108041763306
5251337013966892928,460049532,11,4,1.0,2.6568779232733544,0.0,0.424371600151062
5251337013966892928,460049532,63,4,2.0,2.6603291347888844,0.3010299956639812,0.42493537068367004
5251337013966892928,460049532,64,4,2.0,2.606841333843228,0.3010299956639812,0.41611459851264954
5252222670597991040,460371874,10,0,2.0,2.4786463722565166,0.3010299956639812,0.39421457052230835
5252222670597991040,460371874,11,0,3.0,2.6906934886987814,0.47712125471966244,0.42986422777175903
5252222670597991040,460371874,36,0,1.0,2.571670647834363,0.0,0.4102153480052948
5253546997989686912,460765494,10,0,8.0,2.680067709693803,0.9030899869919435,0.42814576625823975
5253546997989686912,460765494,11,0,7.0,2.406372332693367,0.8450980400142568,0.38136282563209534
5253546997989686912,460765494,36,0,7.0,2.525069447520635,0.8450980400142568,0.4022733271121979
6202965083703333504,460844584,11,4,7.0,2.7153587825281,0.8450980400142568,0.4338272213935852
6202965083703333504,460844584,38,4,13.0,2.6313794565504622,1.1139433523068367,0.4201834797859192
5239758155778687360,460950389,63,4,5.0,2.6164353385168213,0.6989700043360189,0.41771000623703003
5239758155778687360,460950389,64,4,4.0,2.6182218925329925,0.6020599913279624,0.41800644993782043
6000290249941664128,461683405,11,2,1.0,2.5162073981383277,0.0,0.4007464349269867
5258252942105518080,462320070,9,1,6.0,2.501172008508715,0.7781512503836436,0.39814355969429016
5258252942105518080,462320070,10,1,10.0,2.7251105465676346,1.0,0.4353841245174408
5258252942105518080,462320070,36,1,3.0,2.525773740538917,0.47712125471966244,0.40239444375038147
5258252942105518080,462320070,37,1,11.0,2.470907279667299,1.0413926851582251,0.3928564488887787
5258513835596515328,462492721,9,3,9.0,2.6173351983731754,0.9542425094393249,0.41785934567451477
5258513835596515328,462492721,10,3,7.0,2.3840840987610328,0.8450980400142568,0.3773215711116791
5258513835596515328,462492721,36,3,3.0,2.591180083900984,0.47712125471966244,0.41349759697914124
5258513835596515328,462492721,37,3,8.0,2.4760708383751986,0.9030899869919435,0.39376306533813477
5258513835596515328,462492721,63,3,10.0,2.5311553017603665,1.0,0.4033187925815582
5258513835596515328,462492721,64,3,7.0,4.266703283280741,0.8450980400142568,0.630092442035675
5355142868813361792,463278438,10,0,2.0,2.736238788129789,0.3010299956639812,0.43715399503707886
5355142868813361792,463278438,36,0,1.0,2.5633256941599254,0.0,0.408803790807724
5355142868813361792,463278438,37,0,2.0,2.5320909900600688,0.3010299956639812,0.40347930788993835
5960473802851757440,463766043,12,4,1.0,2.7025276494245696,0.0,0.4317701458930969
2972231722338351360,46386531,6,3,1.0,2.291771362403083,0.0,0.36017128825187683
2972231722338351360,46386531,32,3,3.0,2.4007069274353823,0.47712125471966244,0.3803391456604004
5430950793922553344,4639431,62,4,9.0,2.6444534264349233,0.9542425094393249,0.4223359227180481
119707889661936768,46424743,42,4,6.0,2.682767250606207,0.7781512503836436,0.4285829961299896
119707889661936768,46424743,43,4,2.0,2.6732884508035144,0.3010299956639812,0.4270458221435547
119707889661936768,46424743,58,4,5.0,2.646409111502497,0.6989700043360189,0.42265698313713074
69649736589001600,46427659,42,3,1.0,2.408998522011109,0.0,0.38183653354644775
2971453504327314816,46436895,32,4,2.0,2.8683256640665444,0.3010299956639812,0.457628458738327
69585140280997760,46476638,42,2,1.0,2.51327806278962,0.0,0.40024054050445557
69585140280997760,46476638,43,2,3.0,2.4751490572720742,0.47712125471966244,0.39360135793685913
69585140280997760,46476638,44,2,1.0,2.3610442428580125,0.0,0.37310412526130676
69583456653826048,46476660,42,4,3.0,2.584764723644461,0.47712125471966244,0.41242101788520813
69583456653826048,46476660,43,4,6.0,2.6770730793720108,0.7781512503836436,0.4276602268218994
69583456653826048,46476660,44,4,1.0,2.739890102692403,0.0,0.43773314356803894
69643757994608512,46478551,18,1,1.0,2.4849623865367882,0.0,0.3953198194503784
69754121474458112,46478652,42,0,1.0,2.3625006078985917,0.0,0.3733719289302826
69754121474458112,46478652,43,0,1.0,2.4372659901980667,0.0,0.38690292835235596
69754155834196224,46478653,44,4,1.0,2.7197230698009744,0.0,0.43452468514442444
117857755189714048,46478996,44,2,1.0,2.50706004890994,0.0,0.39916473627090454
119443869432136192,46481147,44,0,1.0,2.2760902398998852,0.0,0.35718947649002075
69763329884321152,46481769,42,1,2.0,2.4010487919031793,0.3010299956639812,0.38040098547935486
69763329884321664,46481773,42,1,3.0,2.4912247449817873,0.47712125471966244,0.3964129090309143
69763329884321664,46481773,43,1,1.0,2.3440354874158493,0.0,0.3699641823768616
69763329884321664,46481773,44,1,1.0,2.4739018187650172,0.0,0.3933824598789215
5253461579649011456,464897118,11,4,2.0,2.725597921475391,0.3010299956639812,0.43546178936958313
5253452062000579200,464898410,10,0,2.0,2.685665042392712,0.3010299956639812,0.42905184626579285
5241158353812624256,464936356,10,1,1.0,2.380131330532727,0.0,0.3766009211540222
69573251811510912,46502610,42,0,1.0,2.5246383729277966,0.0,0.4021991789340973
69794528526747136,46503113,43,4,1.0,2.65816815961819,0.0,0.42458245158195496
69260990509512192,46507092,42,4,1.0,2.6653216666822734,0.0,0.42574962973594666
69260990509512192,46507092,43,4,3.0,2.8368709701362245,0.47712125471966244,0.45283958315849304
69260990509512192,46507092,44,4,4.0,2.6468144802194216,0.6020599913279624,0.4227235019207001
5239626420542800512,465075473,10,0,4.0,2.507668973948481,0.6020599913279624,0.3992702066898346
5239626420542800512,465075473,11,0,4.0,2.940519823924128,0.6020599913279624,0.46842411160469055
5239626420542800512,465075473,37,0,12.0,2.5734487100589174,1.0791812460476249,0.41051551699638367
5239626420542800512,465075473,38,0,5.0,2.303491500324423,0.6989700043360189,0.3623866140842438
5239414803234249216,465268826,37,3,3.0,2.4563382672727943,0.47712125471966244,0.39028817415237427
5239414803234249216,465268826,38,3,3.0,2.3827959212309193,0.47712125471966244,0.3770868480205536
2971873418987106048,46531745,6,1,12.0,4.277856202937906,1.0791812460476249,0.6312261819839478
2971873418987106048,46531745,32,1,14.0,2.4328245104171553,1.146128035678238,0.386110782623291
69349535555140608,46533685,42,3,4.0,2.4029807874308404,0.6020599913279624,0.38075029850006104
69349535555140608,46533685,43,3,3.0,2.5385863925410024,0.47712125471966244,0.40459194779396057
71309655549854080,46537331,42,4,7.0,2.668523070179758,0.8450980400142568,0.4262709617614746
71309655549854080,46537331,43,4,3.0,2.6427989496919695,0.47712125471966244,0.4220641255378723
71309655549854080,46537331,44,4,3.0,2.5590297372408055,0.47712125471966244,0.40807533264160156
71309655549854080,46537331,58,4,5.0,2.8320108476462584,0.6989700043360189,0.4520949125289917
71304810826584704,46537374,58,2,1.0,2.3778846401920535,0.0,0.37619078159332275
5239525196750143616,465631056,10,1,4.0,2.4576795264278783,0.6020599913279624,0.3905252516269684
5239525196750143616,465631056,11,1,3.0,2.2016819026645167,0.47712125471966244,0.3427545726299286
5241109872219554816,465801421,10,0,2.0,2.562013277221409,0.3010299956639812,0.40858137607574463
5338114113795669760,466119780,10,3,1.0,3.6422182154216936,0.0,0.5613659620285034
68475767408245632,46615389,42,4,2.0,2.7002036138779713,0.3010299956639812,0.4313965141773224
68475767408245632,46615389,44,4,2.0,2.582876571573693,0.3010299956639812,0.41210365295410156
69704643451409792,46616245,43,3,2.0,2.416593128628914,0.3010299956639812,0.38320353627204895
69704643451409792,46616245,44,3,3.0,2.516141785097399,0.47712125471966244,0.40073511004447937
119400851039785600,46617053,42,4,1.0,2.715136681017772,0.0,0.4337916970252991
119400851039785600,46617053,43,4,1.0,2.8014103449048435,0.0,0.44737672805786133
119400851039785600,46617053,44,4,3.0,2.2901806890743424,0.47712125471966244,0.35986974835395813
119400851039785600,46617053,58,4,1.0,2.7792767106606857,0.0,0.44393178820610046
69707907626540928,46619788,42,3,3.0,2.539360498241629,0.47712125471966244,0.4047243595123291
68475904847290240,46620722,42,3,1.0,2.528901237986212,0.0,0.4029318690299988
68475904847290240,46620722,44,3,1.0,2.5023655093163457,0.0,0.3983507454395294
68046133239891584,46620869,42,3,1.0,2.524238551202307,0.0,0.4021303951740265
68046133239891584,46620869,43,3,3.0,2.582337276989484,0.47712125471966244,0.4120129644870758
68046133239891584,46620869,44,3,5.0,2.5385186281484398,0.6989700043360189,0.40458035469055176
68508855836353536,46621420,42,1,1.0,2.5896181124543776,0.0,0.41323572397232056
3008655553269260032,46625172,6,2,4.0,2.4127745415927273,0.6020599913279624,0.3825167417526245
3008655553269260032,46625172,32,2,8.0,2.3156943919575133,0.9030899869919435,0.3646812438964844
68530124514310912,46628484,42,4,1.0,2.628138389528827,0.0,0.4196482300758362
68530124514310912,46628484,44,4,1.0,2.6620945096740227,0.0,0.4252234697341919
69294010218010240,46628627,44,2,1.0,2.392762557201527,0.0,0.37889960408210754
69294319455655808,46628636,43,4,4.0,2.562242369791936,0.6020599913279624,0.4086202085018158
69294319455655808,46628636,44,4,4.0,2.737463680066081,0.6020599913279624,0.4373483657836914
69409424578948608,46628798,43,2,1.0,2.5355549665477217,0.0,0.404073029756546
69409424578948608,46628798,44,2,3.0,2.3559115124434027,0.47712125471966244,0.3721589744091034
69470206956077056,46628967,42,3,1.0,2.3417788374332655,0.0,0.3695458769798279
69470206956077056,46628967,44,3,1.0,2.437221669085817,0.0,0.3868950307369232
119609655169509760,46630386,43,1,2.0,2.210341838340456,0.3010299956639812,0.3444594442844391
71351883668034048,46632137,43,3,1.0,2.5982702784026706,0.0,0.41468432545661926
68536549785807232,46633507,42,3,5.0,2.5277254360513512,0.6989700043360189,0.40272989869117737
68536549785807232,46633507,43,3,7.0,2.499241158312005,0.8450980400142568,0.39780816435813904
68536549785807232,46633507,44,3,8.0,2.6229489240878063,0.9030899869919435,0.4187898337841034
68505110624876032,46633710,42,0,4.0,3.059550125376376,0.6020599913279624,0.48565757274627686
68505110624876032,46633710,43,0,5.0,2.7216513077232136,0.6989700043360189,0.43483248353004456
68505110624876032,46633710,44,0,1.0,2.6890739291585244,0.0,0.4296027421951294
68398732874994944,46634036,42,2,1.0,2.3537224101703527,0.0,0.3717552423477173
68398732874994944,46634036,43,2,1.0,2.344806262280673,0.0,0.370106965303421
68506347575444096,46634442,42,2,4.0,2.487035800265766,0.6020599913279624,0.39568203687667847
68506347575444096,46634442,43,2,1.0,2.3812562886404196,0.0,0.3768061399459839
68632310376680064,46634692,43,2,1.0,2.343353407820514,0.0,0.36983779072761536
68632310376680064,46634692,44,2,1.0,2.3401610024986352,0.0,0.3692457377910614
5241060531628414080,466451695,37,4,1.0,2.579276261741237,0.0,0.4114978611469269
71216093982249984,46674761,42,1,1.0,2.423093530049954,0.0,0.38437017798423767
71216093982249984,46674761,43,1,2.0,2.476830809859591,0.3010299956639812,0.39389634132385254
71216093982249984,46674761,44,1,3.0,2.4507445842802063,0.47712125471966244,0.38929805159568787
71452282823829632,46677421,42,1,1.0,2.4971332359837417,0.0,0.39744171500205994
71021927100882560,46678194,42,2,9.0,2.3459198365777243,0.9542425094393249,0.3703131675720215
71021927100882560,46678194,43,2,5.0,2.380127900599226,0.6989700043360189,0.3766002953052521
71021927100882560,46678194,44,2,9.0,2.4976492519455653,0.9542425094393249,0.3975314497947693
69502298951642496,46678280,44,4,1.0,2.634932973496942,0.0,0.4207695722579956
68513356962056704,46679024,43,1,2.0,2.63905734214758,0.3010299956639812,0.42144882678985596
68513356962056704,46679024,44,1,2.0,2.44651239552086,0.3010299956639812,0.388547420501709
68222119524026112,46679585,44,2,1.0,2.3483329182755694,0.0,0.37075966596603394
68433814167849728,46679622,43,1,5.0,2.483979339411928,0.6989700043360189,0.39514797925949097
68433814167849728,46679622,44,1,6.0,2.491551288099493,0.7781512503836436,0.3964698314666748
68448142178730752,46679751,43,0,1.0,2.900040959990255,0.0,0.46240413188934326
68610006610414976,46679921,42,2,3.0,2.359760579611154,0.47712125471966244,0.3728679418563843
68610006610414976,46679921,43,2,1.0,2.3342799849358142,0.0,0.3681529462337494
68610006610414976,46679921,44,2,10.0,2.3763675864927727,1.0,0.3759136199951172
5240822208157707648,466799461,10,3,5.0,2.5113609598440303,0.6989700043360189,0.3999091386795044
5240822208157707648,466799461,11,3,1.0,2.5041351765464315,0.0,0.39865776896476746
5240822208157707648,466799461,37,3,4.0,2.6152267343362317,0.6020599913279624,0.4175093472003937
5240822208157707648,466799461,38,3,4.0,2.49122115495501,0.6020599913279624,0.39641228318214417
71036358190950528,46680801,43,3,4.0,2.4472602718742373,0.6020599913279624,0.3886801600456238
71036358190950528,46680801,44,3,3.0,2.6068848039082892,0.47712125471966244,0.41612184047698975
5240144982036017536,467368706,10,1,6.0,2.2915423933624792,0.7781512503836436,0.36012789607048035
5240144982036017536,467368706,11,1,5.0,2.1557978341694017,0.6989700043360189,0.3336080312728882
5240144982036017536,467368706,37,1,13.0,2.2432592156434747,1.1139433523068367,0.3508794605731964
5240144982036017536,467368706,38,1,6.0,2.4749990837119746,0.7781512503836436,0.3935750424861908
5240144982036017536,467368706,64,1,9.0,2.7149403077354575,0.9542425094393249,0.43376028537750244
123540271799676928,467603412,58,2,3.0,2.3627971447595955,0.47712125471966244,0.3734264373779297
123560853282931712,467603541,58,3,1.0,2.4838272967939568,0.0,0.39512139558792114
138206721826797056,467605612,58,2,2.0,2.3914813422144343,0.3010299956639812,0.3786669969558716
125313573601126656,467608233,58,2,1.0,2.6522926751291545,0.0,0.42362144589424133
3415712448841620224,467615807,43,1,1.0,2.4902450306138797,0.0,0.39624208211898804
219108276300681472,467648144,59,3,1.0,2.5286832821062486,0.0,0.40289443731307983
170983958023614336,467678730,59,1,1.0,2.3979614218461016,0.0,0.37984219193458557
169868125520651776,467761286,59,0,2.0,2.6939756504697243,0.3010299956639812,0.43039366602897644
5240643988513310592,467773418,10,1,9.0,2.406799894843944,0.9542425094393249,0.3814399838447571
5240643988513310592,467773418,11,1,6.0,2.426919788324974,0.7781512503836436,0.38505542278289795
5240643988513310592,467773418,64,1,2.0,2.4204182574513204,0.3010299956639812,0.38389042019844055
5237089988983192064,468162154,38,2,1.0,2.3513825315088175,0.0,0.37132328748703003
5308164516542077440,469171560,9,2,1.0,2.5418699922316734,0.0,0.4051533341407776
5308164516542077440,469171560,10,2,1.0,2.442164000498334,0.0,0.38777482509613037
6346943657457140480,469696126,39,2,3.0,2.3880234390406803,0.47712125471966244,0.37803858518600464
271503235181875584,470310704,59,4,3.0,2.7556448641888838,0.47712125471966244,0.44022324681282043
270380290211175680,470383066,59,2,2.0,2.4951731419478778,0.3010299956639812,0.39710068702697754
258175504984188544,470406556,59,4,3.0,2.318444822737536,0.47712125471966244,0.36519676446914673
976696316393172736,470969876,60,4,1.0,2.6940398000927557,0.0,0.43040400743484497
983274453943206400,470983567,60,1,1.0,2.0426432601769013,0.0,0.3101925253868103
986999844152694016,470987494,60,3,2.0,2.4898786768038166,0.3010299956639812,0.3961781859397888
2937373630331185792,47596872,6,4,7.0,2.3735546298399246,0.8450980400142568,0.37539923191070557
6205244749264438528,48179461,38,4,1.0,2.7599729517927414,0.0,0.440904825925827
6211292986632776320,48630780,11,4,5.0,2.456979383791733,0.6989700043360189,0.3904015123844147
2630280165829126656,49590130,42,0,1.0,2.352578978747462,0.0,0.37154421210289
2900262501549317376,49609401,6,1,1.0,2.0489023564428175,0.0,0.3115212619304657
465192378897736576,50126660,58,3,1.0,2.414776620470312,0.0,0.3828769624233246
989790812685221888,51059487,60,4,1.0,2.660241508331804,0.0,0.42492106556892395
989937911021233920,51094068,60,2,1.0,2.49210052414122,0.0,0.3965655565261841
987407002755987328,51167301,60,0,1.0,2.7281102377267623,0.0,0.4358619153499603
989712476778038272,51170683,60,4,4.0,2.572266140615132,0.6020599913279624,0.4103159010410309
987354745890145152,51171406,47,4,2.0,2.5841808786141756,0.3010299956639812,0.41232290863990784
5426190217812767360,5156358,62,3,7.0,2.406041598021727,0.8450980400142568,0.3813031315803528
2893796578605149952,51997221,6,3,1.0,2.503878289336611,0.0,0.39861321449279785
2893796578605149952,51997221,7,3,1.0,2.7274640673239703,0.0,0.435759037733078
2893814896644875264,52111781,33,0,1.0,2.6597840720714703,0.0,0.4248463809490204
4691426694779173376,52256020,1,1,1.0,2.327016878556011,0.0,0.366799533367157
4691426694779173376,52256020,2,1,3.0,2.445101053500105,0.47712125471966244,0.38829681277275085
4691426694779173376,52256020,27,1,1.0,2.1885487619359987,0.0,0.340156227350235
4691426694779173376,52256020,28,1,3.0,2.031427959033854,0.47712125471966244,0.30780142545700073
4691426694779173376,52256020,29,1,2.0,2.338922719418815,0.3010299956639812,0.3690158724784851
5583279333855503488,53062654,6,1,11.0,2.49366476575155,1.0413926851582251,0.39683806896209717
5583279333855503488,53062654,7,1,12.0,2.788534989041301,1.0791812460476249,0.44537609815597534
5583279333855503488,53062654,33,1,13.0,2.504642498794426,1.1139433523068367,0.39874574542045593
5583279333855503488,53062654,34,1,19.0,2.552698881078486,1.2787536009528289,0.4069995880126953
5608173582779027584,53171674,6,4,8.0,2.6272230968164365,0.9030899869919435,0.41949695348739624
5608173582779027584,53171674,7,4,12.0,2.6890680241838303,1.0791812460476249,0.429601788520813
5608173582779027584,53171674,34,4,11.0,2.72341401738579,1.0413926851582251,0.43511366844177246
985895487801943936,53307021,20,2,1.0,2.331192722464645,0.0,0.3675781786441803
3105605708307826944,53417036,6,1,9.0,2.427983885571593,0.9542425094393249,0.38524580001831055
3105605708307826944,53417036,33,1,3.0,2.4867712815317233,0.47712125471966244,0.39563584327697754
5609087483100434816,53688674,6,2,11.0,2.41275632892414,1.0413926851582251,0.38251346349716187
5609087483100434816,53688674,7,2,9.0,2.4848517188983514,0.9542425094393249,0.3953004777431488
5609087483100434816,53688674,34,2,14.0,2.423361585741835,1.146128035678238,0.38441821932792664
3417324783860561536,54007252,43,0,1.0,2.7723907058572497,0.0,0.4428544342517853
3417324783860561536,54007252,44,0,5.0,2.599310685925135,0.6989700043360189,0.4148581922054291
3417324783860561536,54007252,45,0,8.0,2.629886553657348,0.9030899869919435,0.41993701457977295
3417570387270978176,54008191,43,0,1.0,2.7827963973248684,0.0,0.44448143243789673
3417570387270978176,54008191,44,0,1.0,2.7144662011953824,0.0,0.43368443846702576
3417570387270978176,54008191,45,0,1.0,2.5214036787920935,0.0,0.401642382144928
3417253246885485696,54038384,45,4,1.0,2.6270285750892772,0.0,0.4194647967815399
3417279085408497920,54038819,43,0,1.0,2.7168094104408858,0.0,0.43405917286872864
3417279085408497920,54038819,45,0,3.0,2.813119252765458,0.47712125471966244,0.44918814301490784
6208136391829015936,54175032,11,0,3.0,2.4814106945356573,0.47712125471966244,0.3946986496448517
3417304335519678976,54186553,45,2,1.0,2.413663818155044,0.0,0.38267678022384644
3417281009553784320,54186572,43,1,2.0,2.3522570902552227,0.3010299956639812,0.37148478627204895
3417275718154334848,54186817,43,1,4.0,2.397821884260181,0.6020599913279624,0.3798169195652008
3417275718154334848,54186817,44,1,4.0,2.4711733329180627,0.6020599913279624,0.392903208732605
3417275718154334848,54186817,45,1,4.0,2.4964571439879815,0.6020599913279624,0.3973241150379181
3417263726605650688,54186889,43,0,1.0,2.688762090422688,0.0,0.4295523762702942
3417741494472219008,54231347,43,4,12.0,2.6051478179830863,1.0791812460476249,0.41583237051963806
3417741494472219008,54231347,44,4,7.0,2.646472128459187,0.8450980400142568,0.42266732454299927
3417741494472219008,54231347,45,4,8.0,2.709540584375529,0.9030899869919435,0.4328956604003906
3417741498767326976,54231350,43,3,7.0,2.5335349840896595,0.8450980400142568,0.4037269055843353
3417741498767326976,54231350,44,3,7.0,2.5024589258070495,0.8450980400142568,0.3983669579029083
3417741498767326976,54231350,45,3,4.0,2.502145032751701,0.6020599913279624,0.3983124792575836
6013772083553731968,54245747,11,2,14.0,2.3566813407912615,1.146128035678238,0.3723008632659912
524946502242696192,54265605,52,4,1.0,2.6250673968589116,0.0,0.41914045810699463
524946502242696192,54265605,58,4,1.0,2.835256423814778,0.0,0.4525923430919647
6208566369594256768,54667962,11,2,4.0,2.4229013197822686,0.6020599913279624,0.3843357264995575
6209499099050323968,54810190,11,2,3.0,2.323970160304404,0.47712125471966244,0.3662305474281311
6209499099050323968,54810190,38,2,3.0,2.3549195632021265,0.47712125471966244,0.3719760775566101
6209492506280547200,54811378,11,3,4.0,2.514633674964638,0.6020599913279624,0.4004747271537781
6209492506280547200,54811378,38,3,2.0,2.560703465173978,0.3010299956639812,0.4083592891693115
3245140743257978496,55406666,31,3,1.0,2.459833310173558,0.0,0.3909056782722473
5425922486731177600,5548244,62,4,3.0,2.7694886599455355,0.47712125471966244,0.4423995912075043
5425922486731177600,5548244,63,4,2.0,2.6418796389489834,0.3010299956639812,0.4219130277633667
4761723524024662528,55651278,2,1,2.0,2.499409580801417,0.3010299956639812,0.39783743023872375
4761723524024662528,55651278,3,1,1.0,2.366502694063953,0.0,0.3741070032119751
4761723524024662528,55651278,5,1,1.0,2.014508012988412,0.0,0.3041689991950989
4761723524024662528,55651278,6,1,2.0,2.5439715110564403,0.3010299956639812,0.4055122435092926
4761723524024662528,55651278,11,1,1.0,2.3315565271783454,0.0,0.3676459491252899
4761723524024662528,55651278,13,1,2.0,2.534759582416202,0.3010299956639812,0.4039367735385895
4761723524024662528,55651278,27,1,1.0,2.307218825339769,0.0,0.36308878660202026
4761723524024662528,55651278,29,1,1.0,2.262169842826083,0.0,0.35452520847320557
4761723524024662528,55651278,32,1,4.0,3.110667856427545,0.6020599913279624,0.49285364151000977
4761723524024662528,55651278,33,1,1.0,2.347299541144831,0.0,0.37056851387023926
4761723524024662528,55651278,34,1,2.0,2.5755134174842746,0.3010299956639812,0.41086381673812866
4761723524024662528,55651278,36,1,1.0,2.60917292442465,0.0,0.41650286316871643
4761723524024662528,55651278,37,1,2.0,2.289350889854296,0.3010299956639812,0.3597123622894287
4761723524024662528,55651278,38,1,1.0,2.630026601394587,0.0,0.4199601411819458
4761723524024662528,55651278,39,1,2.0,2.506757792086529,0.3010299956639812,0.39911237359046936
4761723524024662528,55651278,62,1,2.0,2.531564383970711,0.3010299956639812,0.40338897705078125
4761723524024662528,55651278,63,1,2.0,2.463989456901338,0.3010299956639812,0.391638845205307
4761723524024662528,55651278,64,1,2.0,2.691638097275689,0.3010299956639812,0.4300166666507721
4761495650239473664,55781202,27,4,9.0,2.6193585432497675,0.9542425094393249,0.4181949496269226
4761495650239473664,55781202,28,4,8.0,2.6259720275075975,0.9030899869919435,0.41929009556770325
4761495650239473664,55781202,29,4,8.0,2.672466549266208,0.9030899869919435,0.4269122779369354
4761495650239473664,55781202,30,4,17.0,2.6370421245246263,1.2304489213782739,0.42111706733703613
4761495650239473664,55781202,31,4,9.0,2.8137391819670996,0.9542425094393249,0.4492838382720947
4761495650239473664,55781202,32,4,7.0,2.6149428391360043,0.8450980400142568,0.41746219992637634
4761495650239473664,55781202,33,4,21.0,2.7283916280055,1.3222192947339193,0.43590670824050903
4761495650239473664,55781202,34,4,13.0,2.6439713080617437,1.1139433523068367,0.422256737947464
4761495650239473664,55781202,35,4,11.0,2.6558758921175483,1.0413926851582251,0.42420777678489685
4761495650239473664,55781202,36,4,9.0,2.6774026702593074,0.9542425094393249,0.42771369218826294
4761495650239473664,55781202,37,4,11.0,2.623554130385599,1.0413926851582251,0.4188900291919708
4761495650239473664,55781202,38,4,7.0,2.784571765360556,0.8450980400142568,0.44475841522216797
4761495650239473664,55781202,39,4,6.0,2.528228515883999,0.7781512503836436,0.4028163254261017
5155187986271622912,55893164,31,3,1.0,2.5198957003182936,0.0,0.40138256549835205
3185678437170300800,55935823,32,2,2.0,2.376165059690404,0.3010299956639812,0.37587660551071167
62104028807382784,5612334,42,1,3.0,2.459726968709022,0.47712125471966244,0.39088690280914307
62104028807382784,5612334,43,1,3.0,2.4833903113130593,0.47712125471966244,0.3950449824333191
5426782167383257344,5621550,62,1,3.0,2.4735668950170253,0.47712125471966244,0.3933236598968506
149868833642016128,56519805,43,0,2.0,2.703657856227461,0.3010299956639812,0.43195173144340515
149868833642016128,56519805,44,0,3.0,2.681748278291506,0.47712125471966244,0.42841801047325134
163246832135164544,56549399,43,1,4.0,2.33307026965852,0.6020599913279624,0.36792781949043274
163246832135164544,56549399,44,1,2.0,2.4887440739161497,0.3010299956639812,0.39598023891448975
163233981593016064,56551765,43,4,1.0,2.373565705636101,0.0,0.37540125846862793
163178353176600448,56624850,44,2,1.0,2.500890540677246,0.0,0.39809468388557434
163181342473839744,56624853,19,2,3.0,2.505286595490552,0.47712125471966244,0.3988574147224426
163181342473839744,56624853,43,2,1.0,2.3617157512136053,0.0,0.37322762608528137
163181342473839744,56624853,44,2,1.0,2.3509531984726033,0.0,0.37124398350715637
163184366130809984,56624881,43,0,4.0,2.697246268159233,0.6020599913279624,0.4309206008911133
163184366130809984,56624881,44,0,3.0,2.7517555774916342,0.47712125471966244,0.4396098554134369
163184366130809472,56624887,19,0,7.0,2.6753629449880356,0.8450980400142568,0.4273827075958252
163184366130809472,56624887,43,0,4.0,2.653418260983783,0.6020599913279624,0.42380571365356445
163184366130809472,56624887,44,0,6.0,2.485331939610727,0.7781512503836436,0.39538440108299255
164738521519622656,56625009,19,3,1.0,2.3814881751467545,0.0,0.376848429441452
164738521519622656,56625009,43,3,5.0,2.4152961700773363,0.6989700043360189,0.38297039270401
164738521519622656,56625009,44,3,3.0,2.5312105370261677,0.47712125471966244,0.4033282697200775
163183644576299264,56627416,19,4,6.0,2.726403796092508,0.7781512503836436,0.4355901777744293
163183644576299264,56627416,43,4,4.0,2.695997560076812,0.6020599913279624,0.4307194948196411
163183644576299264,56627416,44,4,3.0,2.6932458942945363,0.47712125471966244,0.4302760064601898
163178387536338944,56627467,43,0,1.0,2.6179946215854,0.0,0.41796875
163178387536338944,56627467,44,0,1.0,2.646292525008646,0.0,0.42263785004615784
163177116226018944,56627488,43,0,1.0,2.494443660038749,0.0,0.39697369933128357
163177116226018944,56627488,44,0,2.0,2.553670396200957,0.3010299956639812,0.4071648418903351
162758236656524416,56628394,43,3,1.0,2.5252579791548837,0.0,0.4023057520389557
162758236656524416,56628394,44,3,1.0,2.678629347276184,0.0,0.4279126226902008
162757545164429696,56628414,43,2,2.0,2.3494833146749654,0.3010299956639812,0.3709723651409149
162757545164429696,56628414,44,2,4.0,2.485025310704694,0.6020599913279624,0.3953308165073395
162933230804130432,56655841,44,0,2.0,2.6510442214617234,0.3010299956639812,0.42341697216033936
163179521407696384,56656359,44,3,2.0,2.377493702369484,0.3010299956639812,0.37611937522888184
164684340508950144,56658816,19,1,1.0,2.55656751148302,0.0,0.407657265663147
162967384383246336,56659140,44,1,2.0,2.462254412294981,0.3010299956639812,0.3913329243659973
3481965141177021568,57528302,10,1,2.0,2.4916665287148185,0.3010299956639812,0.3964899182319641
3481965141177021568,57528302,36,1,3.0,2.4724897767751757,0.47712125471966244,0.3931345045566559
3414676232147787136,5800708,44,0,1.0,2.5430087464727857,0.0,0.4053478538990021
3414676232147787136,5800708,45,0,1.0,2.7171433341410216,0.0,0.434112548828125
3395636917001953792,5805037,43,4,10.0,2.779500053446936,1.0,0.44396668672561646
3395636917001953792,5805037,44,4,4.0,2.742220821877396,0.6020599913279624,0.4381024241447449
164676575208109568,58108583,19,4,4.0,2.8123437131248963,0.6020599913279624,0.4490683972835541
164676575208109568,58108583,44,4,3.0,2.8049599865178827,0.47712125471966244,0.44792667031288147
164698634160139264,58177093,19,4,1.0,2.75242355742911,0.0,0.43971526622772217
164698634160139264,58177093,43,4,1.0,2.7758167152698268,0.0,0.44339078664779663
164698634160139264,58177093,44,4,3.0,2.8180264325962705,0.47712125471966244,0.4499450623989105
164506116546058112,58229113,43,3,3.0,2.334205981167542,0.47712125471966244,0.3681391775608063
164513022853468160,58229181,19,4,3.0,2.7023277375274724,0.47712125471966244,0.431738018989563
164513022853468160,58229181,43,4,1.0,2.6458923201143003,0.0,0.42257216572761536
164513022853468160,58229181,44,4,1.0,2.684155523618764,0.0,0.42880767583847046
164705368668853120,58229237,43,2,4.0,2.5088159921175937,0.6020599913279624,0.3994688093662262
164518589131083136,58231482,19,3,5.0,2.488007251993153,0.6989700043360189,0.39585164189338684
164518589131083136,58231482,43,3,5.0,2.3906614293802506,0.6989700043360189,0.37851807475090027
164518589131083136,58231482,44,3,6.0,2.586618933272666,0.7781512503836436,0.41273245215415955
164513602672978304,58231504,44,4,1.0,2.6353284464088347,0.0,0.4208347499370575
164507353496637952,58231519,19,2,5.0,2.391689113422401,0.6989700043360189,0.3787047266960144
164507353496637952,58231519,43,2,1.0,2.352539910694382,0.0,0.3715369999408722
164507353496637952,58231519,44,2,4.0,2.325266267112154,0.6020599913279624,0.36647269129753113
150393571269837184,58281558,43,2,2.0,2.401658337550607,0.3010299956639812,0.38051122426986694
150393571269837184,58281558,44,2,1.0,2.374404847452599,0.0,0.37555477023124695
164502062096975744,58285782,19,2,1.0,2.3845981901970084,0.0,0.3774152100086212
164502062096975744,58285782,44,2,1.0,2.371835739192768,0.0,0.37508460879325867
164513538249595136,58285785,43,2,6.0,2.4126252017685728,0.7781512503836436,0.3824898600578308
164513538249595136,58285785,44,2,4.0,2.4862564892883854,0.6020599913279624,0.39554592967033386
164832740220756608,58287935,19,0,23.0,2.293462446987683,1.3617278360175928,0.36049163341522217
164832740220756608,58287935,43,0,18.0,2.6749566916496916,1.255272505103306,0.4273167550563812
164832740220756608,58287935,44,0,22.0,2.607154942782615,1.3424226808222062,0.41616684198379517
164832740220756608,58287935,59,0,21.0,2.6672677088829837,1.3222192947339193,0.4260666072368622
164598303725828608,58288478,43,2,2.0,2.428751264471107,0.3010299956639812,0.3853830397129059
164598303725828608,58288478,44,2,4.0,2.370221373990838,0.6020599913279624,0.37478891015052795
164504467278644096,58288494,19,3,2.0,2.5319830885676518,0.3010299956639812,0.4034608006477356
164504467278644096,58288494,43,3,1.0,2.482607031769566,0.0,0.39490798115730286
164504467278644096,58288494,44,3,3.0,2.48204575108274,0.47712125471966244,0.3948097825050354
164436297557793280,58315672,43,1,2.0,2.283796430749174,0.3010299956639812,0.3586573898792267
164436297557793280,58315672,44,1,1.0,2.322261202265985,0.0,0.365911066532135
164422961683000320,58315753,43,3,1.0,2.489692444833187,0.0,0.39614570140838623
164422961683000320,58315753,44,3,1.0,2.403285373834979,0.0,0.3808053433895111
150360590217078016,58317850,43,2,1.0,2.426528115455057,0.0,0.3849853277206421
150360590217078016,58317850,44,2,1.0,2.494670476786471,0.0,0.39701318740844727
164423034699251968,58321924,43,2,1.0,2.5457903427770128,0.0,0.40582263469696045
164445437248152832,58366488,19,0,6.0,3.0818503948091425,0.7781512503836436,0.48881155252456665
164445437248152832,58366488,43,0,4.0,2.5553963819101337,0.6020599913279624,0.40745827555656433
164445437248152832,58366488,44,0,1.0,2.5714417710229283,0.0,0.41017669439315796
152362491654557696,58367096,43,3,2.0,2.5733450501868798,0.3010299956639812,0.4104980230331421
152362491654557696,58367096,44,3,2.0,2.613506070123595,0.3010299956639812,0.4172235131263733
152416436443721728,58372772,43,4,4.0,2.6760623298649,0.6020599913279624,0.4274962246417999
152416436443721728,58372772,44,4,4.0,2.741536504879122,0.6020599913279624,0.4379940330982208
165259178932295552,58429869,43,4,3.0,2.7239814659134183,0.47712125471966244,0.4352041482925415
165259178932295552,58429869,44,4,1.0,2.6587902499353877,0.0,0.424684077501297
152511475478780416,58467184,19,2,6.0,2.3867349346081626,0.7781512503836436,0.3778041899204254
152511475478780416,58467184,43,2,5.0,2.3223961833449427,0.6989700043360189,0.3659363090991974
152511475478780416,58467184,44,2,3.0,2.3675817303387148,0.47712125471966244,0.37430498003959656
164536250037820160,58467533,43,0,2.0,2.836979794344922,0.3010299956639812,0.45285624265670776
164550882989640192,58467639,43,0,9.0,2.889566840250941,0.9542425094393249,0.46083274483680725
164550882989640192,58467639,44,0,5.0,2.777922543026616,0.6989700043360189,0.44372013211250305
149525098819498752,58473715,43,4,5.0,2.7740001006327257,0.6989700043360189,0.443106472492218
149525098819498752,58473715,44,4,7.0,2.615155488459472,0.8450980400142568,0.41749751567840576
165267730210427648,58540528,59,3,1.0,2.521049522045355,0.0,0.40158137679100037
149623711269425408,58544652,43,0,18.0,2.639934728635019,1.255272505103306,0.42159318923950195
149623711269425408,58544652,44,0,6.0,2.543398800245596,0.7781512503836436,0.4054144620895386
6010508698689256064,58583881,12,0,4.0,2.352862968101626,0.6020599913279624,0.37159663438796997
152029992465874560,58601266,44,4,2.0,2.5873268999652206,0.3010299956639812,0.4128513038158417
152226491513195648,58606534,43,0,9.0,2.718757597518354,0.9542425094393249,0.4343704879283905
152226491513195648,58606534,44,0,3.0,2.4411201559246356,0.47712125471966244,0.38758915662765503
152118881108855680,58606664,43,0,1.0,2.435625810013985,0.0,0.38661056756973267
152916508075102592,58638171,19,4,1.0,2.605102767966697,0.0,0.41582486033439636
152917298349085824,58638214,19,1,7.0,2.1856213936444155,0.8450980400142568,0.339574933052063
152917298349085824,58638214,43,1,2.0,2.182558797972414,0.3010299956639812,0.3389659523963928
3414671383128459136,5884824,43,2,1.0,2.383448427964555,0.0,0.3772057592868805
3414671383128459136,5884824,44,2,1.0,2.3715165863047556,0.0,0.3750261664390564
6010706473346764416,59017926,12,1,4.0,2.1817938946889885,0.6020599913279624,0.3388137221336365
2035038900276000000,59025325,14,3,6.0,2.5038159186927267,0.7781512503836436,0.3986023962497711
2035038900276000000,59025325,41,3,11.0,2.461905691650384,1.0413926851582251,0.3912714123725891
2035038900276000000,59025325,55,3,18.0,2.498140174446672,1.255272505103306,0.39761680364608765
5511623576958199424,59535615,33,0,4.0,2.589258105597459,0.6020599913279624,0.4131753444671631
5511623576958199424,59535615,35,0,2.0,2.577590924891238,0.3010299956639812,0.4112139940261841
5510237706972009600,59607121,61,4,2.0,2.600307613611133,0.3010299956639812,0.4150247275829315
5510237706972009600,59607121,62,4,2.0,2.6105594797307745,0.3010299956639812,0.41673359274864197
5510258155314499200,59656642,62,1,2.0,2.2911840461264594,0.3010299956639812,0.3600599765777588
2937742585201191040,59955531,6,0,1.0,2.5333423576255574,0.0,0.40369388461112976
5510379891868246528,59968460,62,2,1.0,2.3579858205599558,0.0,0.3725411891937256
5511956351024205568,60140517,7,1,2.0,2.367034597635978,0.3010299956639812,0.3742046058177948
5511894400416216192,60325846,61,0,2.0,2.7821496837800685,0.3010299956639812,0.4443804919719696
2320972018629984384,609990051,29,0,3.0,2.6724328055308604,0.47712125471966244,0.4269067943096161
2320989851334122752,609990227,29,4,1.0,2.672886364290413,0.0,0.42698049545288086
67680850564641792,61116955,42,2,1.0,2.3856054237950457,0.0,0.3775986135005951
67680850564641792,61116955,44,2,2.0,2.4287672645270217,0.3010299956639812,0.3853859007358551
64985127228608128,61139406,42,4,1.0,2.6588323968023797,0.0,0.42469096183776855
64985127228608128,61139406,44,4,3.0,2.7048733603462196,0.47712125471966244,0.43214693665504456
64984951133439232,61139416,42,0,1.0,2.603568493573678,0.0,0.415569007396698
64984951133439232,61139416,44,0,1.0,2.5474286653462994,0.0,0.4061020314693451
64971933089093760,61139634,42,3,1.0,2.493599056069103,0.0,0.3968266248703003
64971933089093760,61139634,44,3,1.0,2.3862225112417574,0.0,0.3777109384536743
64971177174850304,61139640,42,2,1.0,2.371993297094181,0.0,0.37511345744132996
64964717544035200,61139677,44,0,4.0,2.5458397828478527,0.6020599913279624,0.40583106875419617
64950488315122560,61139947,43,4,1.0,2.742443445166092,0.0,0.4381376802921295
63485427727244544,61141737,43,4,2.0,2.6922663578044923,0.3010299956639812,0.43011802434921265
63485427727244544,61141737,44,4,3.0,2.656026254713818,0.47712125471966244,0.4242323637008667
63296380446670080,61141798,44,4,1.0,2.661582326279705,0.0,0.4251399040222168
51020711079738496,61143140,42,3,2.0,2.6174792477758833,0.3010299956639812,0.4178832471370697
51020711079738496,61143140,43,3,2.0,2.4845952753957876,0.3010299956639812,0.3952556550502777
63094894941091328,61144438,42,2,1.0,2.306119982068129,0.0,0.3628818988800049
63102694601689728,61144513,43,3,1.0,2.438162118512719,0.0,0.38706257939338684
63995562466405760,61145331,44,2,2.0,2.447063457821281,0.3010299956639812,0.3886452317237854
64024081049308800,61145396,42,3,1.0,2.607997920208086,0.0,0.4163072407245636
64024081049308800,61145396,43,3,1.0,2.403475203296355,0.0,0.38083964586257935
64808483812941440,61145620,43,3,2.0,2.4536991969393322,0.3010299956639812,0.389821320772171
64808483812941440,61145620,44,3,3.0,2.8367946594065874,0.47712125471966244,0.45282790064811707
64905618794174720,61145677,42,0,2.0,2.2513402304474615,0.3010299956639812,0.35244113206863403
64905618794174720,61145677,43,0,5.0,2.700878725786276,0.6989700043360189,0.43150508403778076
64905618794174720,61145677,44,0,5.0,2.6735717086329163,0.6989700043360189,0.4270918369293213
64951111087777536,61145683,42,2,5.0,2.3938974279957868,0.6989700043360189,0.3791055381298065
64951111087777536,61145683,44,2,3.0,2.3676158490957437,0.47712125471966244,0.374311238527298
64960663095015680,61145765,42,2,3.0,2.359591690167308,0.47712125471966244,0.3728368580341339
64960663095015680,61145765,43,2,2.0,2.4646784047934425,0.3010299956639812,0.3917602598667145
64960663095015680,61145765,44,2,7.0,2.3185759225443974,0.8450980400142568,0.3652213215827942
64977705525131904,61145832,42,3,5.0,2.4529104695851665,0.6989700043360189,0.38968169689178467
64977705525131904,61145832,43,3,1.0,2.401971327422049,0.0,0.3805678188800812
64977705525131904,61145832,44,3,2.0,2.479673251901428,0.3010299956639812,0.3943944573402405
64979732749686016,61145874,43,2,1.0,2.4651513435316583,0.0,0.3918435871601105
64979732749686016,61145874,44,2,1.0,2.5692985179211143,0.0,0.4098145663738251
64980278208557696,61145876,42,0,5.0,2.67229545091831,0.6989700043360189,0.4268844723701477
64980278208557696,61145876,43,0,4.0,2.722886672881278,0.6020599913279624,0.4350295662879944
64980278208557696,61145876,44,0,9.0,2.6339057807761668,0.9542425094393249,0.4206002354621887
64980832261312640,61145889,43,1,3.0,2.531141579978732,0.47712125471966244,0.4033164381980896
64980832261312640,61145889,44,1,1.0,2.4563342218412614,0.0,0.39028745889663696
65003612767943040,61145896,43,4,1.0,2.7512673011980935,0.0,0.4395327866077423
65003612767943040,61145896,44,4,1.0,2.671557084572781,0.0,0.42676445841789246
65004437401569664,61145907,43,4,1.0,2.328102353924402,0.0,0.36700206995010376
65004437401569664,61145907,44,4,1.0,2.6502713519298284,0.0,0.42329034209251404
65005262035285888,61145940,42,3,2.0,2.1456062812323773,0.3010299956639812,0.3315500319004059
65005262035285888,61145940,44,3,5.0,2.619376877469771,0.6989700043360189,0.41819798946380615
65199222758514048,61146010,42,0,2.0,2.3362146859446,0.3010299956639812,0.36851274967193604
65199222758514048,61146010,43,0,1.0,2.594946051275358,0.0,0.4141283333301544
65210389673469312,61146063,44,2,1.0,2.5209029949424293,0.0,0.401556134223938
53864804065393536,61146291,43,3,1.0,2.5425219176523584,0.0,0.4052647054195404
6212203936312947584,61393918,11,0,2.0,2.529052915821695,0.3010299956639812,0.4029579162597656
6226863415611316864,61530691,11,3,12.0,2.50648274768608,1.0791812460476249,0.39906471967697144
5380716164932441600,61702454,10,1,2.0,2.5048735088255114,0.3010299956639812,0.398785799741745
3417501869656406528,62183989,43,2,3.0,2.3401940837420514,0.47712125471966244,0.36925187706947327
3417501869656406528,62183989,44,2,2.0,2.905941563460185,0.3010299956639812,0.4632868766784668
3417531079730520320,62636392,43,0,4.0,2.9482518985404687,0.6020599913279624,0.4695645868778229
3417531079730520320,62636392,44,0,2.0,2.5836920187418695,0.3010299956639812,0.41224074363708496
3417531079730520320,62636392,45,0,5.0,2.260700550608484,0.6989700043360189,0.35424304008483887
3417585849153289600,62637242,43,0,7.0,2.6504577731208774,0.8450980400142568,0.4233208894729614
3417585849153289600,62637242,44,0,2.0,2.708306999731598,0.3010299956639812,0.4326978921890259
3417585849153289600,62637242,45,0,1.0,2.545211808082967,0.0,0.4057239294052124
2175448287444715008,63321495,56,0,1.0,2.454248509693887,0.0,0.3899185359477997
65078929312363392,640609656,42,4,4.0,2.7431037056964525,0.6020599913279624,0.43824222683906555
65078929312363392,640609656,43,4,2.0,2.6320429599874413,0.3010299956639812,0.4202929735183716
65078929312363392,640609656,44,4,6.0,2.673454108960511,0.7781512503836436,0.4270727336406708
68544177647936768,640699677,42,3,5.0,2.363023666274652,0.6989700043360189,0.3734680712223053
68544177647936768,640699677,43,3,2.0,2.530157800549711,0.3010299956639812,0.4031476080417633
70146853284493312,640740397,43,2,2.0,2.359300250717454,0.3010299956639812,0.37278321385383606
2172653294535244544,64775249,56,3,2.0,2.3690447290140657,0.3010299956639812,0.3745732605457306
2172653294535244544,64775249,57,3,1.0,2.3983470024609437,0.0,0.37991201877593994
5164508305822021248,651901104,31,4,1.0,2.6820147640144323,0.0,0.4284611642360687
2332954427629986048,65261283,29,1,2.0,2.445955582653372,0.3010299956639812,0.388448566198349
2333161479413305984,65261349,29,1,1.0,2.173472501933192,0.0,0.3371541500091553
2333385333109198208,65262849,29,2,1.0,2.538501730882449,0.0,0.40457746386528015
2332965216587822464,65263058,29,2,1.0,2.399482875336212,0.0,0.38011765480041504
247999421789789952,65280220,58,2,5.0,2.3585198560270326,0.6989700043360189,0.372639536857605
248238187611328768,65570080,59,2,2.0,2.4395592433640276,0.3010299956639812,0.3873113691806793
247893387636884480,65747524,59,3,2.0,2.4608812726091203,0.3010299956639812,0.39109066128730774
247971315522875136,65748330,59,2,1.0,2.509370067173627,0.0,0.3995647132396698
151106780653458944,660470993,43,4,5.0,2.6344139036737597,0.6989700043360189,0.42068400979042053
151106780653458944,660470993,44,4,7.0,2.6946706552689053,0.8450980400142568,0.4305056929588318
2393862836322877952,66437682,29,1,1.0,2.3334710364838624,0.0,0.36800241470336914
6040402598781896704,66816152,65,1,2.0,2.4628374131968114,0.3010299956639812,0.39143574237823486
6043151824525797376,66922964,12,2,2.0,2.332126986136116,0.3010299956639812,0.36775219440460205
6072379626754219648,66944319,10,4,4.0,2.6648114225060198,0.6020599913279624,0.425666481256485
6072379626754219648,66944319,11,4,4.0,2.586059336453168,0.6020599913279624,0.41263848543167114
6072379626754219648,66944319,64,4,6.0,2.799840380885439,0.7781512503836436,0.44713327288627625
6042740469730660096,67174408,12,3,1.0,2.6062394463449747,0.0,0.41601431369781494
6041996993724872576,67271271,12,3,3.0,2.611741014740509,0.47712125471966244,0.41693010926246643
6075501415129209984,67318521,64,2,5.0,2.5422049183147735,0.6989700043360189,0.40521055459976196
6072328705619124864,67321241,11,1,1.0,2.955126305753711,0.0,0.47057604789733887
6072024999891475200,67326261,10,0,2.0,2.5325382829592007,0.3010299956639812,0.4035560190677643
6072024999891475200,67326261,11,0,5.0,2.620283143294203,0.6989700043360189,0.4183482229709625
6072024999891475200,67326261,37,0,5.0,2.440995527586809,0.6989700043360189,0.3875669836997986
6072024999891475200,67326261,38,0,6.0,2.6712657912865954,0.7781512503836436,0.4267171025276184
6071185037402269056,67416383,11,3,2.0,2.788763860109625,0.3010299956639812,0.445411741733551
6071185037402269056,67416383,37,3,1.0,2.4478891081520207,0.0,0.3887917399406433
6071185037402269056,67416383,38,3,3.0,2.4909705496814913,0.47712125471966244,0.3963685929775238
3416299661066003584,6743104,43,4,4.0,2.8361560268737436,0.6020599913279624,0.45273011922836304
3416299661066003584,6743104,44,4,4.0,2.653480352314997,0.6020599913279624,0.42381587624549866
3416299661066003584,6743104,45,4,10.0,2.847929640431994,1.0,0.4545292556285858
3416299557986788608,6743108,43,2,10.0,2.576004442085174,1.0,0.4109466075897217
3416299557986788608,6743108,44,2,3.0,2.504566703270275,0.47712125471966244,0.39873260259628296
3416299557986788608,6743108,45,2,12.0,2.418203731681455,1.0791812460476249,0.3834928870201111
6071087597518919040,67699049,10,4,5.0,2.6720313977978987,0.6989700043360189,0.4268415570259094
6071087597518919040,67699049,11,4,7.0,2.4816485875394014,0.8450980400142568,0.3947402834892273
6071087597518919040,67699049,64,4,12.0,2.6515068868630367,1.0791812460476249,0.42349275946617126
336409949186470400,67713605,58,1,1.0,2.5355822840393563,0.0,0.4040777087211609
6042061899270749440,67761918,12,4,1.0,2.6161969122549715,0.0,0.41767042875289917
65233788655261568,67768165,42,1,1.0,2.276248622817315,0.0,0.3572196960449219
65233788655261568,67768165,44,1,2.0,2.3400929144208886,0.3010299956639812,0.369233101606369
65232757863112192,67768181,42,2,1.0,2.320820724242159,0.0,0.36564159393310547
65232757863112192,67768181,43,2,4.0,2.3541399713414557,0.6020599913279624,0.3718322813510895
65232757863112192,67768181,44,2,4.0,2.5682207762001745,0.6020599913279624,0.4096323549747467
65232105028172160,67768213,43,0,1.0,2.8076743474534296,0.0,0.44834673404693604
65184894747573376,67768229,43,4,2.0,2.3218464275786697,0.3010299956639812,0.36583349108695984
65184894747573376,67768229,44,4,1.0,2.6078220015482394,0.0,0.4162779450416565
65086591535491584,67768258,43,2,1.0,2.3588625115514916,0.0,0.37270262837409973
65086591535491584,67768258,44,2,1.0,2.664220648889792,0.0,0.42557018995285034
65089473457126784,67768260,43,0,1.0,2.594470466199154,0.0,0.4140487313270569
65089473457126784,67768260,44,0,1.0,2.881931320433844,0.0,0.4596836268901825
65089336018173440,67768262,42,1,1.0,2.372964429823396,0.0,0.37529122829437256
65089336018173440,67768262,43,1,2.0,2.42271926615928,0.3010299956639812,0.38430309295654297
65084358152509440,67768296,43,3,3.0,2.335177507398783,0.47712125471966244,0.36831989884376526
65084358152509440,67768296,44,3,1.0,2.4716146137583257,0.0,0.39298075437545776
65062917675789184,67768398,42,2,1.0,2.3662631734801187,0.0,0.37406304478645325
65062917675789184,67768398,43,2,2.0,2.3298392724715895,0.3010299956639812,0.36732596158981323
65062917675789184,67768398,44,2,1.0,2.3823019992490395,0.0,0.37699681520462036
65056526764528128,67768459,42,1,4.0,2.568032561521578,0.6020599913279624,0.40960052609443665
65056526764528128,67768459,43,1,1.0,2.3767857399050016,0.0,0.37599003314971924
63576446674056320,67769031,44,0,1.0,2.5213043645532633,0.0,0.40162527561187744
63547270960574336,67769172,42,3,12.0,2.405170149114136,1.0791812460476249,0.38114580512046814
63547270960574336,67769172,43,3,8.0,2.5677890307902325,0.9030899869919435,0.40955933928489685
63547270960574336,67769172,44,3,7.0,2.548955918988093,0.8450980400142568,0.4063623249530792
45022222315428608,67785558,42,1,5.0,2.41793558281803,0.6989700043360189,0.38344472646713257
45022222315428608,67785558,43,1,4.0,2.4219087532600967,0.6020599913279624,0.38415777683258057
45022222315428608,67785558,44,1,9.0,2.978670797484902,0.9542425094393249,0.4740225076675415
57036757670988288,67785604,42,2,1.0,2.4491465932321836,0.0,0.3890147805213928
57036757670988288,67785604,43,2,2.0,2.3705545050897894,0.3010299956639812,0.37484994530677795
57036757670988288,67785604,44,2,5.0,2.3700406764629247,0.6989700043360189,0.3747557997703552
63546038305742720,67786361,44,4,2.0,2.71437008595682,0.3010299956639812,0.4336690604686737
64822017259193600,67786960,43,2,1.0,2.3111410617397907,0.0,0.3638264536857605
64870296982175488,67787123,42,2,5.0,2.3352757399232114,0.6989700043360189,0.3683381676673889
64870296982175488,67787123,43,2,2.0,2.4695833744093365,0.3010299956639812,0.3926236927509308
64870296982175488,67787123,44,2,3.0,2.518868066012848,0.47712125471966244,0.4012054204940796
65058760147520000,67787155,42,1,1.0,2.483245632206312,0.0,0.39501968026161194
65058760147520000,67787155,43,1,1.0,2.3187090982630414,0.0,0.3652462661266327
65058760147520000,67787155,44,1,1.0,2.249504374534515,0.0,0.3520868420600891
65072435323295872,67787249,42,0,1.0,2.7064911061726575,0.0,0.43240660429000854
65072435323295872,67787249,44,0,3.0,2.6255756164216697,0.47712125471966244,0.4192245304584503
65179946945247488,67787307,43,4,2.0,2.5769537034720855,0.3010299956639812,0.4111066162586212
65181527493208192,67787319,44,3,1.0,2.518017092797777,0.0,0.4010586738586426
65181115176348544,67787333,42,3,2.0,2.5083498236274817,0.3010299956639812,0.3993881046772003
65181115176348544,67787333,43,3,1.0,2.4933735344438666,0.0,0.3967873454093933
65181115176348544,67787333,44,3,2.0,2.677067568163637,0.3010299956639812,0.4276593327522278
65241863193865856,67787441,44,1,1.0,2.4832183673586274,0.0,0.3950149118900299
65194584193758336,67787504,42,2,3.0,2.4538963763037196,0.47712125471966244,0.389856219291687
65194584193758336,67787504,43,2,1.0,2.4137739655250487,0.0,0.38269659876823425
65170016980919808,67787604,42,2,1.0,2.9027604807905765,0.0,0.4628112018108368
65170016980919808,67787604,44,2,3.0,2.5539751549164107,0.47712125471966244,0.4072166681289673
65167577439502592,67787656,42,3,1.0,2.7173286785723394,0.0,0.43414217233657837
65167577439502592,67787656,43,3,1.0,2.4352317294382657,0.0,0.3865402936935425
65167577439502592,67787656,44,3,3.0,2.5735921101552686,0.47712125471966244,0.4105397164821625
65163110673516928,67787704,43,1,1.0,2.464042550109614,0.0,0.39164820313453674
65163110673516928,67787704,44,1,1.0,2.4403359744150968,0.0,0.38744962215423584
65161976802151680,67787715,43,3,1.0,2.43613580280425,0.0,0.3867014944553375
64866654848374144,67787866,43,4,1.0,2.7386009800595366,0.0,0.4375287592411041
64866654848374144,67787866,44,4,1.0,2.6340735173767293,0.0,0.4206278920173645
64864593265614464,67787912,42,3,8.0,2.2825931416811525,0.9030899869919435,0.3584285080432892
64864593265614464,67787912,43,3,1.0,2.3548846578191673,0.0,0.37196964025497437
64864593265614464,67787912,44,3,4.0,2.494586594982285,0.6020599913279624,0.3969985842704773
64770241424108032,67788115,42,0,1.0,2.819857946418517,0.0,0.4502272307872772
64743646986745600,67788255,44,4,1.0,2.709511206783862,0.0,0.43289095163345337
63585036608738048,67788486,42,1,1.0,2.5036941028248596,0.0,0.39858126640319824
63585036608738048,67788486,43,1,1.0,2.453577967279788,0.0,0.3897998631000519
63081799584947712,67789125,44,4,1.0,2.7112316340803653,0.0,0.43316662311553955
63988351216124288,67829010,42,2,1.0,2.470323724628774,0.0,0.39275386929512024
63988351216124288,67829010,43,2,3.0,2.4071287515553688,0.47712125471966244,0.381499320268631
64768763955442944,67829254,42,3,2.0,2.438429665871145,0.3010299956639812,0.38711023330688477
64768763955442944,67829254,43,3,3.0,2.424518123611055,0.47712125471966244,0.3846254348754883
64768763955442944,67829254,44,3,2.0,2.499975302743496,0.3010299956639812,0.3979357182979584
64797523056344064,67829298,42,4,1.0,2.6352470685319114,0.0,0.42082133889198303
64797523056344064,67829298,43,4,2.0,2.6577116270116563,0.3010299956639812,0.42450785636901855
64797523056344064,67829298,44,4,1.0,2.693083814704814,0.0,0.4302498698234558
64798038452412928,67829329,43,0,3.0,2.7210727675369553,0.47712125471966244,0.4347401559352875
64798038452412928,67829329,44,0,1.0,2.7470595599338674,0.0,0.43886807560920715
64871740091177600,67829472,43,0,1.0,2.5142739127773384,0.0,0.40041258931159973
64874454510493440,67829524,43,3,1.0,2.4458617578114317,0.0,0.3884319067001343
64874454510493440,67829524,44,3,1.0,2.5760313115030526,0.0,0.4109511375427246
64974338270788864,67829596,42,4,2.0,2.6836626680055877,0.3010299956639812,0.428727924823761
64974338270788864,67829596,43,4,4.0,2.5594113590944425,0.6020599913279624,0.40814009308815
64974338270788864,67829596,44,4,5.0,2.5573076150422533,0.6989700043360189,0.40778297185897827
65162492198224768,67829613,42,1,1.0,3.5125891505527194,0.0,0.5456273555755615
65163797868281088,67829619,42,4,2.0,2.7884967181205718,0.3010299956639812,0.4453701376914978
65163797868281088,67829619,43,4,1.0,2.793184791747229,0.0,0.4460996687412262
65165653294149760,67829648,42,2,2.0,2.3900838689503483,0.3010299956639812,0.3784131407737732
65165653294149760,67829648,43,2,2.0,2.3544212409396317,0.3010299956639812,0.37188416719436646
65165653294149760,67829648,44,2,5.0,2.5329955626040355,0.6989700043360189,0.4036344289779663
65168844452782208,67829658,44,0,1.0,2.78388337498995,0.0,0.4446510374546051
65169943964429952,67829685,42,3,2.0,2.568882280454713,0.3010299956639812,0.4097442030906677
65169943964429952,67829685,43,3,2.0,2.498078803857479,0.3010299956639812,0.39760613441467285
65190048708380160,67829732,42,0,2.0,2.4077153875472965,0.3010299956639812,0.3816051483154297
65190048708380160,67829732,43,0,4.0,2.273634529126198,0.6020599913279624,0.3567206561565399
65190048708380160,67829732,44,0,2.0,2.752536508709472,0.3010299956639812,0.43973308801651
65190220507070208,67829748,44,0,1.0,2.7044624402704285,0.0,0.4320809543132782
65214856439472640,67829849,44,1,1.0,2.488131890195629,0.0,0.39587339758872986
65202383854448384,67829874,42,1,1.0,2.492489440042063,0.0,0.3966333270072937
65178568258674176,67829906,43,1,4.0,2.5020785845128835,0.6020599913279624,0.3983009457588196
65178568258674176,67829906,44,1,4.0,2.509088709856411,0.6020599913279624,0.3995160162448883
64982344089813248,67830013,44,4,3.0,2.5274571099271466,0.47712125471966244,0.4026837944984436
64981137202021376,67830039,42,4,2.0,2.776034255560701,0.3010299956639812,0.4434248208999634
64981137202021376,67830039,43,4,3.0,2.442969221712288,0.47712125471966244,0.38791799545288086
64981137202021376,67830039,44,4,5.0,2.6063061568918275,0.6989700043360189,0.41602542996406555
64971722633920768,67830071,43,3,1.0,2.5001611029148054,0.0,0.39796799421310425
64857721317916032,67830207,43,4,2.0,2.7630476119652507,0.3010299956639812,0.4413883686065674
63989691247627776,67830608,44,1,1.0,2.1983993184256727,0.0,0.34210658073425293
63593798341985152,67830753,44,1,1.0,2.400601494722847,0.0,0.38032007217407227
6072591282731852416,67868078,10,2,2.0,2.4391360717126025,0.3010299956639812,0.3872360289096832
6072591282731852416,67868078,11,2,2.0,2.4479781391628577,0.3010299956639812,0.3888075351715088
6072591282731852416,67868078,37,2,1.0,2.42247721421853,0.0,0.3842597007751465
6072591282731852416,67868078,38,2,1.0,2.37675197829948,0.0,0.375983864068985
6042510190769087744,67985749,12,1,1.0,2.685585980256787,0.0,0.4290390610694885
143044302406892416,68000003,58,4,1.0,2.7554631461205354,0.0,0.44019460678100586
6042164669240420864,68255976,12,0,2.0,2.7430491171286127,0.3010299956639812,0.4382335841655731
6041765409082144640,68256696,65,2,8.0,2.6320816123222546,0.9030899869919435,0.42029935121536255
6038749066428207616,68261254,12,0,1.0,2.739916801348484,0.0,0.437737375497818
4664791781512629376,684767046,27,0,8.0,2.7244417168502375,0.9030899869919435,0.43527752161026
4664791781512629376,684767046,29,0,2.0,2.623585636618761,0.3010299956639812,0.41889524459838867
4664791781512629376,684767046,30,0,5.0,2.5144707834536204,0.6989700043360189,0.4004465937614441
4664791781512629376,684767046,31,0,3.0,2.325741022377637,0.47712125471966244,0.3665613532066345
4664791781512629376,684767046,32,0,3.0,2.5172581304778836,0.47712125471966244,0.40092775225639343
4664791781512629376,684767046,33,0,4.0,2.7588778924753488,0.6020599913279624,0.440732479095459
4664791781512629376,684767046,34,0,2.0,2.532258324657029,0.3010299956639812,0.4035080075263977
4664791781512629376,684767046,36,0,5.0,2.4399866743714593,0.6989700043360189,0.3873874545097351
4664791781512629376,684767046,37,0,3.0,2.688714487454313,0.47712125471966244,0.42954468727111816
3411640446183668608,68575075,43,1,1.0,2.178274725049869,0.0,0.33811265230178833
3411640446183668608,68575075,44,1,2.0,2.3628725414211513,0.3010299956639812,0.37344029545783997
3407348463889031424,68811545,43,3,3.0,2.490822865065524,0.47712125471966244,0.39634284377098083
5997706878653873024,69420071,12,2,8.0,2.3527970937255405,0.9030899869919435,0.3715844750404358
3419134438264747648,69474391,44,0,3.0,2.8926318308267223,0.47712125471966244,0.46129316091537476
3419288030590780416,69530507,43,4,1.0,2.635842450967123,0.0,0.4209194481372833
3419288030590780416,69530507,44,4,1.0,2.7253123309011764,0.0,0.4354162812232971
3419115128091798400,69598131,43,4,1.0,2.7426303271874244,0.0,0.4381672739982605
5998336623943748224,69874547,39,0,25.0,2.710579789130669,1.3979400086720377,0.43306219577789307
2402197409339616768,69925647,2,3,1.0,2.508652788862102,0.0,0.39944055676460266
2402197409339616768,69925647,42,3,1.0,2.462100151383087,0.0,0.39130571484565735
3420824426291884672,70105749,43,1,3.0,2.478414549581255,0.47712125471966244,0.3941739499568939
3420824426291884672,70105749,44,1,1.0,2.4614149645313486,0.0,0.39118483662605286
2314750947480284288,70741946,29,2,1.0,2.557721977058992,0.0,0.4078533351421356
2314771219725893120,70741977,29,4,1.0,2.809128992061377,0.0,0.44857168197631836
2314778538350155904,70742023,29,0,1.0,2.586846498225747,0.0,0.41277065873146057
2320833338430890240,70742059,2,4,5.0,2.754469864992814,0.6989700043360189,0.4400380253791809
2320838943363481984,70742090,2,1,2.0,2.4706393901070545,0.3010299956639812,0.39280936121940613
2320838943363481984,70742090,29,1,1.0,2.4957298556342105,0.0,0.39719757437705994
2320847224060422912,70742123,29,3,1.0,2.5120926309204195,0.0,0.40003564953804016
2320841520343862400,70742150,29,1,3.0,2.333406345529697,0.47712125471966244,0.3679903745651245
2320835576109126400,70742156,2,1,4.0,2.479908595853956,0.6020599913279624,0.39443567395210266
2320834476597503232,70742164,2,0,1.0,2.532803150959515,0.0,0.40360143780708313
2320834304798813568,70742175,2,0,1.0,2.631080447087306,0.0,0.42013412714004517
2320834304798813568,70742175,29,0,1.0,2.218866664716011,0.0,0.34613120555877686
2314754795770961152,70742297,29,3,1.0,2.4827133401902426,0.0,0.3949265778064728
2314565542331796992,70744011,29,1,1.0,2.4636051570573723,0.0,0.3915711045265198
2320767406387158016,70744116,29,2,1.0,2.4927201844451385,0.0,0.3966735303401947
2320769193094622464,70744127,2,0,7.0,2.643619164990536,0.8450980400142568,0.4221988916397095
2320769193094622464,70744127,29,0,2.0,2.3268663000543057,0.3010299956639812,0.3667714297771454
2320782486018143616,70744150,29,0,1.0,2.4732264158888024,0.0,0.39326387643814087
2320783074428967808,70744160,29,1,1.0,2.5260961448953654,0.0,0.4024498760700226
2320788812505222016,70744161,29,3,2.0,2.5809644716537434,0.3010299956639812,0.41178202629089355
2320793038753034112,70744184,29,4,1.0,2.880525158946122,0.0,0.4594716727733612
2320795577078419456,70744199,2,2,1.0,2.4376639128092887,0.0,0.3869738280773163
2320842551136015872,70744201,2,3,1.0,2.528642851273785,0.0,0.4028874933719635
2320842551136015872,70744201,29,3,1.0,2.509974902782167,0.0,0.3996693789958954
2320820109931857792,70744244,29,4,1.0,2.684644416754633,0.0,0.4288867712020874
2320820114226919808,70744245,29,0,1.0,2.731930297180206,0.0,0.4364696145057678
2320819392672414848,70744247,2,3,1.0,2.435333669528938,0.0,0.386558473110199
2320795237776344704,70744265,2,4,1.0,2.7146377641787804,0.0,0.4337118864059448
2320795031617857152,70744273,2,3,4.0,2.5325825994941766,0.6020599913279624,0.40356361865997314
2320795031617857152,70744273,29,3,4.0,2.34129293575333,0.6020599913279624,0.3694557547569275
2320788297109149184,70744320,2,2,1.0,2.360421356279978,0.0,0.3729895353317261
2320573342584677376,70744425,29,3,2.0,2.549243321241092,0.3010299956639812,0.4064112901687622
288097854939053824,70746431,60,0,1.0,2.7676947993289276,0.0,0.44211819767951965
2320551519855979776,70762916,29,0,1.0,2.7202542816912194,0.0,0.4346095025539398
2320572827189658240,70762958,29,2,1.0,2.4878322568357283,0.0,0.39582109451293945
2320771220319192448,70763010,2,3,2.0,2.4757011333711114,0.3010299956639812,0.39369821548461914
2320774278335949952,70763037,2,3,1.0,2.5882528036761703,0.0,0.4130066931247711
2320774278335949952,70763037,29,3,1.0,2.3564824322449183,0.0,0.37226420640945435
2320777267633186688,70763040,29,4,2.0,2.7970729392835993,0.3010299956639812,0.44670379161834717
2320817743404975360,70763107,29,2,2.0,2.7569754962382325,0.3010299956639812,0.44043290615081787
2320822863006024576,70763118,29,2,2.0,2.409346196592842,0.3010299956639812,0.3818992078304291
2320822863006024832,70763119,29,3,5.0,2.554013186589615,0.6989700043360189,0.4072231352329254
2320803724631758336,70763143,29,2,3.0,2.36750894530032,0.47712125471966244,0.37429162859916687
2320804235732643584,70763144,29,3,2.0,2.536300126142996,0.3010299956639812,0.40420064330101013
2320797539878825472,70763181,29,0,2.0,2.5836019523669354,0.3010299956639812,0.412225604057312
2320797539878825600,70763182,29,0,1.0,3.0122615895384035,0.0,0.4788926839828491
2320584853098129408,70763215,2,1,3.0,1.818121870652559,0.47712125471966244,0.2596229910850525
2320583547428048768,70763225,29,0,1.0,2.7150850711037497,0.0,0.4337834417819977
2320583096455767680,70763236,29,4,1.0,2.5469584681609487,0.0,0.4060218632221222
2320558082565935744,70763295,29,0,1.0,2.5860919895854235,0.0,0.4126439690589905
2314470125338387968,70763414,29,0,1.0,2.2678243650761956,0.0,0.3556094169616699
2320563958081386752,70775282,29,1,1.0,2.5165688185272184,0.0,0.40080881118774414
2320602926320492672,70775324,2,2,13.0,2.492276503634065,1.1139433523068367,0.396596223115921
2320602926320492672,70775324,29,2,1.0,2.351202140773548,0.0,0.3712899684906006
2320812486365053696,70775467,29,1,1.0,2.4849843842354797,0.0,0.39532366394996643
2320808878592526336,70775478,2,0,1.0,2.659238573579551,0.0,0.42475730180740356
2320808638074358144,70775482,29,4,1.0,2.690884045783595,0.0,0.42989498376846313
2320619659513134592,70775500,2,4,2.0,2.6575896185918477,0.3010299956639812,0.4244879186153412
2320617116892496256,70775509,2,1,1.0,2.4748053034753483,0.0,0.39354103803634644
2320617116892496256,70775509,29,1,1.0,2.4339683608165763,0.0,0.38631492853164673
2320606564157139200,70775544,29,1,1.0,2.5909148005560576,0.0,0.4134531319141388
2320605949977761536,70775545,29,0,1.0,2.7510235731060693,0.0,0.4394943118095398
2320591205353715712,70775587,29,3,1.0,2.463329100064404,0.0,0.39152243733406067
2320506719053074432,70785639,29,2,1.0,2.5138025900608567,0.0,0.40033116936683655
2320589319864133632,70785719,29,2,1.0,2.4323656185541567,0.0,0.38602885603904724
2320611649398413312,70785748,29,2,2.0,2.3615066946000423,0.3010299956639812,0.37318918108940125
2320613337321278336,70785767,29,3,1.0,2.4795864712649696,0.0,0.39437925815582275
2320618456922292736,70785786,29,4,1.0,2.7575815391431457,0.0,0.44052836298942566
2320596123092361088,70785920,2,4,2.0,2.710355102657826,0.3010299956639812,0.43302619457244873
2320540803913561088,70785954,29,4,1.0,2.745595417821576,0.0,0.43863654136657715
2320549840524781184,70787967,29,1,1.0,2.43428238752671,0.0,0.3863709568977356
2320550046683235328,70787972,2,0,1.0,2.5932170202261267,0.0,0.41383886337280273
2320694632461933696,70788010,2,3,4.0,2.60291466882915,0.6020599913279624,0.41545993089675903
2320704768584775552,70788050,2,4,5.0,2.3618588603248303,0.6989700043360189,0.3732539415359497
2320704768584775552,70788050,29,4,6.0,2.7138767107252,0.7781512503836436,0.4335901141166687
2320701019077983744,70788066,29,4,1.0,2.7355467656562023,0.0,0.4370441436767578
2320646082151622400,70788096,29,1,1.0,2.4693622276622147,0.0,0.39258480072021484
2320523967641801088,70788212,29,3,2.0,2.5257080513645587,0.3010299956639812,0.40238314867019653
2320652022091035648,70797852,29,2,1.0,2.5081584235456864,0.0,0.3993549644947052
2319909478080738944,70846418,29,0,1.0,2.5224951819467725,0.0,0.4018303453922272
2319797465333629440,70846552,29,4,1.0,2.644094868600904,0.0,0.42227703332901
1110233897668770944,71267949,60,0,1.0,2.1976311257455152,0.0,0.3419547975063324
5460728077057780864,71304330,9,0,8.0,2.5591386157229943,0.9030899869919435,0.40809381008148193
5460728077057780864,71304330,62,0,6.0,2.6272519427844387,0.7781512503836436,0.41950172185897827
5460728077057780864,71304330,63,0,5.0,2.559281745290978,0.6989700043360189,0.4081180989742279
4943150845347891840,7242537,3,3,1.0,2.4001504926745167,0.0,0.38023847341537476
6128684517677422848,72445399,10,1,5.0,2.360016770565775,0.6989700043360189,0.3729150891304016
6128684517677422848,72445399,64,1,9.0,2.4146042905839193,0.9542425094393249,0.3828459680080414
6145303429765430784,72499619,10,0,6.0,2.3458132685104194,0.7781512503836436,0.37029343843460083
6145303429765430784,72499619,37,0,1.0,2.45309058347933,0.0,0.3897135853767395
6145303429765430784,72499619,64,0,6.0,2.8069392176408,0.7781512503836436,0.4482330083847046
6145304323118631680,72499657,10,0,3.0,2.6013097433677372,0.47712125471966244,0.4151920676231384
6145304323118631680,72499657,64,0,1.0,2.763668834034553,0.0,0.4414860010147095
6129199845030851840,73182755,10,0,2.0,2.8840517453419414,0.3010299956639812,0.4600030481815338
6129199845030851840,73182755,37,0,2.0,2.849913181088754,0.3010299956639812,0.45483162999153137
6132347265781770368,73303344,10,4,4.0,2.7443331773308817,0.6020599913279624,0.4384368360042572
6132347265781770368,73303344,37,4,10.0,2.826710156360229,1.0,0.45128127932548523
6132347265781770368,73303344,64,4,3.0,2.623600039594223,0.47712125471966244,0.4188976287841797
6129159919015101824,73308879,10,0,7.0,2.500802845892453,0.8450980400142568,0.39807945489883423
6129159919015101824,73308879,11,0,7.0,2.325935420733864,0.8450980400142568,0.36659765243530273
6129159919015101824,73308879,37,0,2.0,2.663303390121121,0.3010299956639812,0.4254206418991089
6132261228997846400,73336701,10,1,1.0,2.4602676699519033,0.0,0.39098235964775085
6138425847095084288,73650567,10,1,4.0,2.470782317441621,0.6020599913279624,0.39283448457717896
6138425847095084288,73650567,37,1,5.0,2.489047574788325,0.6989700043360189,0.3960331976413727
133118598625441920,73728243,18,4,6.0,2.6256213808275937,0.7781512503836436,0.4192321002483368
133118598625441920,73728243,58,4,2.0,2.654331750957414,0.3010299956639812,0.42395520210266113
5568735509437699456,737991823,34,0,1.0,2.8194390384053203,0.0,0.45016270875930786
3417000045675832704,73956616,43,4,1.0,2.4569502155107665,0.0,0.3903963565826416
3417000045675832704,73956616,44,4,1.0,2.680176588184417,0.0,0.42816340923309326
3417000045675832704,73956616,45,4,2.0,2.762309570843112,0.3010299956639812,0.4412723481655121
3416995170889924864,74073928,43,4,2.0,2.770454086602773,0.3010299956639812,0.4425509572029114
3416995170889924864,74073928,44,4,3.0,2.6856904754626854,0.47712125471966244,0.42905595898628235
3416676170784043008,74075325,43,2,2.0,2.4194657247601548,0.3010299956639812,0.38371947407722473
3416676170784043008,74075325,45,2,1.0,2.542690814010155,0.0,0.4052935540676117
5427228225514558592,74279530,35,3,2.0,2.480628379831075,0.3010299956639812,0.3945617079734802
5427228225514558592,74279530,36,3,3.0,2.5161725194140803,0.47712125471966244,0.4007404148578644
5427229771702799872,74279548,36,0,1.0,2.5276544925025672,0.0,0.4027177095413208
5427272240335502848,74716767,9,1,2.0,2.2040170960077754,0.3010299956639812,0.3432149589061737
5427272240335502848,74716767,35,1,1.0,2.3447933898204854,0.0,0.37010458111763
5427272240335502848,74716767,36,1,1.0,2.4283351333739525,0.0,0.3853086233139038
3416721525637589760,74729837,43,0,4.0,2.7407167535708172,0.6020599913279624,0.43786415457725525
3416721525637589760,74729837,44,0,1.0,2.569057511558428,0.0,0.4097738265991211
3416721525637589760,74729837,45,0,2.0,2.7501205892316944,0.3010299956639812,0.43935173749923706
5427055086787524736,74890216,62,4,5.0,2.7663662074011515,0.6989700043360189,0.44190967082977295
4799008375640297344,7491381,4,1,3.0,2.1554579040785753,0.47712125471966244,0.33353954553604126
4799008375640297344,7491381,5,1,1.0,2.771035900082728,0.0,0.4426421523094177
4799008375640297344,7491381,6,1,3.0,2.472367109752197,0.47712125471966244,0.3931129574775696
4799008375640297344,7491381,31,1,7.0,2.49515036916302,0.8450980400142568,0.3970967233181
4799008375640297344,7491381,32,1,10.0,2.4909790965129424,1.0,0.3963700830936432
4799008375640297344,7491381,33,1,10.0,2.5526981803894584,1.0,0.40699946880340576
5423841729700324224,74972034,62,3,5.0,2.563783782640686,0.6989700043360189,0.40888139605522156
5423841729700324224,74972034,63,3,6.0,2.362901565723591,0.7781512503836436,0.37344563007354736
5327443422118531712,75314605,62,3,2.0,2.704041748040252,0.3010299956639812,0.4320133924484253
5327443422118531712,75314605,63,3,1.0,2.5309388884016535,0.0,0.40328165888786316
5427691493560560000,75399254,62,1,2.0,2.608991018338942,0.3010299956639812,0.41647258400917053
5423963981647184896,75639216,62,0,3.0,2.688962290425579,0.47712125471966244,0.42958471179008484
5423963981647184896,75639216,63,0,5.0,2.809431270313738,0.6989700043360189,0.44861841201782227
5423916221609696768,75639493,63,0,2.0,2.8332023983609025,0.3010299956639812,0.45227760076522827
5424399079009601920,75827390,62,1,4.0,2.5413996002719252,0.6020599913279624,0.405072957277298
4844618213903654784,7586485,4,4,1.0,2.6453088267199734,0.0,0.4224763810634613
4844618213903654784,7586485,5,4,4.0,2.6226614910068293,0.6020599913279624,0.41874223947525024
6201313612939182976,76050403,11,1,3.0,2.5356470120096644,0.47712125471966244,0.4040887951850891
5424403305257380736,76079120,62,2,2.0,2.414351120520397,0.3010299956639812,0.382800430059433
5424403305257380736,76079120,63,2,4.0,2.363463961686159,0.6020599913279624,0.3735489845275879
5424328504107357440,76178139,8,0,2.0,2.769171866528674,0.3010299956639812,0.442349910736084
5424328504107357440,76178139,9,0,2.0,2.076843746357851,0.3010299956639812,0.3174038231372833
3428560757607125760,76295024,43,1,1.0,2.5075905056832197,0.0,0.3992566168308258
3428560757607125760,76295024,44,1,1.0,2.4559438690399005,0.0,0.39021843671798706
3428560757607125760,76295024,45,1,1.0,2.5581655469202285,0.0,0.4079286456108093
6207460471351260160,76397021,11,1,10.0,2.387849413467002,1.0,0.3780069351196289
5263453249831454208,764772878,32,3,1.0,2.4899104572286803,0.0,0.39618372917175293
5263453249831454208,764772878,61,3,1.0,3.096620394383361,0.0,0.49088796973228455
4841023012742841216,7652166,4,2,1.0,2.4359552621741325,0.0,0.3866693079471588
4841023012742841216,7652166,5,2,1.0,2.373032497281995,0.0,0.3753036856651306
4841047206294554240,7652962,4,3,7.0,2.4491065937850878,0.8450980400142568,0.38900768756866455
4841047206294554240,7652962,5,3,9.0,2.628363474868491,0.9542425094393249,0.419685423374176
4841047206294554240,7652962,31,3,9.0,2.5319641498106633,0.9542425094393249,0.40345755219459534
4841047206294554240,7652962,32,3,13.0,2.5620475606849116,1.1139433523068367,0.40858718752861023
5424477694093494400,76576430,62,2,8.0,2.5390747328922942,0.9030899869919435,0.4046754837036133
5424477694093494400,76576430,63,2,8.0,2.3568642544423306,0.9030899869919435,0.3723345696926117
3443008855794991872,76636271,43,4,1.0,2.8101109368036217,0.0,0.4487234652042389
3443008855794991872,76636271,44,4,3.0,2.6211690374420207,0.47712125471966244,0.4184950292110443
3443008855794991872,76636271,45,4,4.0,2.6269076147168238,0.6020599913279624,0.4194447994232178
6207170234643124480,76652075,11,2,2.0,2.91282365294695,0.3010299956639812,0.46431419253349304
6207170234643124480,76652075,38,2,2.0,2.6717679207981226,0.3010299956639812,0.4267987310886383
5422658380306752256,76745867,62,0,1.0,2.474733297858756,0.0,0.39352840185165405
5422658380306752256,76745867,63,0,3.0,2.75689471319393,0.47712125471966244,0.4404201805591583
5422882886838455808,76750098,35,3,1.0,2.525120044702313,0.0,0.4022820293903351
5422778742469774848,76906770,62,1,3.0,2.4891394692392685,0.47712125471966244,0.39604923129081726
5422778742469774848,76906770,63,1,2.0,2.4865516670323786,0.3010299956639812,0.3955974876880646
5555979044252237056,770690846,33,4,1.0,2.354484252521548,0.0,0.37189579010009766
5555979044252237056,770690846,34,4,6.0,2.800716446426725,0.7781512503836436,0.44726914167404175
5555979044252237184,770690847,33,1,2.0,2.2741457153760853,0.3010299956639812,0.356818288564682
5555979044252237184,770690847,34,1,6.0,2.3858151403084684,0.7781512503836436,0.37763679027557373
4866413317504891392,77339881,4,4,5.0,2.6266867997881724,0.6989700043360189,0.41940829157829285
4866413317504891392,77339881,5,4,9.0,2.6839864396337085,0.9542425094393249,0.42878031730651855
4866413317504891392,77339881,31,4,6.0,2.763882008340833,0.7781512503836436,0.44151949882507324
4866413317504891392,77339881,32,4,11.0,2.7231107164145616,1.0413926851582251,0.43506529927253723
139731027195468544,77426806,58,1,3.0,2.509538827823552,0.47712125471966244,0.39959391951560974
130054431520892032,77452603,58,2,3.0,2.559960797794851,0.47712125471966244,0.40823331475257874
5423205623557565184,77517045,62,4,3.0,2.8276532289754264,0.47712125471966244,0.4514261484146118
4826952051342945792,77835048,5,3,9.0,2.5096366453139116,0.9542425094393249,0.39961084723472595
4827811319679831936,77842052,5,0,3.0,2.6004298474083773,0.47712125471966244,0.4150451421737671
4827811319679831936,77842052,32,0,4.0,2.71918766990834,0.6020599913279624,0.43443918228149414
5425770066932742400,77849188,63,2,5.0,2.4445423810911704,0.6989700043360189,0.38819757103919983
4866123458751856128,7785194,4,0,3.0,2.669563763242098,0.47712125471966244,0.4264402985572815
4866123458751856128,7785194,31,0,3.0,2.6943004814226903,0.47712125471966244,0.4304460287094116
4866123458751856128,7785194,32,0,4.0,2.551710225054209,0.6020599913279624,0.4068313539028168
4827527233363019776,77951245,5,3,5.0,2.2586227016483407,0.6989700043360189,0.35384368896484375
4827527233363019776,77951245,6,3,1.0,2.5256950523900654,0.0,0.40238091349601746
4827527233363019776,77951245,32,3,2.0,2.598587314252143,0.3010299956639812,0.4147373139858246
4826580622571056896,77954300,5,3,6.0,2.506276355200368,0.7781512503836436,0.3990289568901062
4826580622571056896,77954300,6,3,17.0,2.453134014789725,1.2304489213782739,0.3897212743759155
4826580622571056896,77954300,32,3,16.0,2.4851487763038467,1.2041199826559248,0.39535239338874817
4827556988896385536,77959225,5,1,2.0,2.47061785847316,0.3010299956639812,0.3928055763244629
4827556988896385536,77959225,6,1,2.0,2.1446721210813195,0.3010299956639812,0.33136090636253357
2906284045696794880,77959676,5,1,15.0,2.453417852284758,1.1760912590556813,0.3897715210914612
2906284045696794880,77959676,6,1,7.0,2.4726859209259766,0.8450980400142568,0.39316895604133606
2906284045696794880,77959676,32,1,7.0,2.725104562459633,0.8450980400142568,0.4353831708431244
4826297841924166272,77996314,6,1,1.0,2.201180660830583,0.0,0.3426556885242462
5425764981691642752,78009666,62,2,2.0,2.489490680778039,0.3010299956639812,0.39611050486564636
5425764981691642752,78009666,63,2,2.0,2.4142982696484556,0.3010299956639812,0.3827909231185913
4866114903176979200,7807668,4,1,1.0,2.2863621161968326,0.0,0.35914501547813416
4866114903176979200,7807668,5,1,1.0,2.357579872695454,0.0,0.37246641516685486
4866114903176979200,7807668,31,1,2.0,2.98461115955094,0.3010299956639812,0.47488775849342346
4866114903176979200,7807668,32,1,2.0,2.268280699121466,0.3010299956639812,0.35569679737091064
4823127842525040896,78109730,5,3,8.0,2.4073096336395388,0.9030899869919435,0.3815319538116455
4823127842525040896,78109730,6,3,4.0,2.9459253728886856,0.6020599913279624,0.46922174096107483
4823127842525040896,78109730,32,3,8.0,2.342101542143475,0.9030899869919435,0.3696057200431824
2905315960068496000,78112243,32,4,3.0,2.8720499636993337,0.47712125471966244,0.45819199085235596
5425872184073924992,78287341,62,4,2.0,2.729063861968216,0.3010299956639812,0.43601369857788086
5425872184073924992,78287341,63,4,1.0,2.320545061123432,0.0,0.36559000611305237
5424999206203549824,78346654,62,1,3.0,2.2600295376744266,0.47712125471966244,0.3541141152381897
5424999206203549824,78346654,63,1,2.0,2.1934184628322386,0.3010299956639812,0.34112149477005005
5425030920239092864,78774802,62,2,1.0,2.4350987123927776,0.0,0.3865165710449219
5425030920239092864,78774802,63,2,3.0,2.4210740888307183,0.47712125471966244,0.3840080797672272
5425114581901008128,78778919,62,0,2.0,2.6415043910016323,0.3010299956639812,0.42185133695602417
5425114581901008128,78778919,63,0,1.0,2.576925940259004,0.0,0.41110193729400635
5971100758867578496,79358659,12,2,6.0,2.363944731452377,0.7781512503836436,0.373637318611145
5971100758867578496,79358659,39,2,8.0,2.4467822024138353,0.9030899869919435,0.388595312833786
5361659502425809920,80382537,63,2,1.0,2.5485433268848654,0.0,0.40629202127456665
5361659502425809920,80382537,64,2,1.0,2.3545387023492417,0.0,0.3719058334827423
4975223840049378432,80453023,2,1,5.0,2.5135905926602162,0.6989700043360189,0.40029454231262207
5350236465660622848,81314580,36,2,1.0,2.659446247670736,0.0,0.42479121685028076
5350236465660622848,81314580,37,2,3.0,2.3594631285503347,0.47712125471966244,0.3728131949901581
5350236469955359744,81314581,37,1,5.0,2.481796750039358,0.6989700043360189,0.3947662115097046
5350236469955359744,81314581,63,1,1.0,2.2605179644878013,0.0,0.35420796275138855
5350236469955359744,81314581,64,1,2.0,2.5068300413991524,0.3010299956639812,0.3991248905658722
463205836263318016,81829004,58,3,4.0,2.4792945022473343,0.6020599913279624,0.39432811737060547
463205836263318016,81829004,59,3,10.0,2.539623639898473,1.0,0.4047693610191345
463437180381228800,82171017,59,2,3.0,2.3671377439209285,0.47712125471966244,0.374223530292511
5969371330150837888,83576016,39,2,2.0,2.3630753947055383,0.3010299956639812,0.373477578163147
6014950343400492928,8372833,38,0,1.0,2.643630049699797,0.0,0.42220067977905273
431890542519116928,83969142,58,4,1.0,2.7677817867183703,0.0,0.4421318471431732
66482868226100096,84331094,42,1,1.0,2.8704670038299827,0.0,0.4579525589942932
66482868226100096,84331094,43,1,3.0,2.512508459842255,0.47712125471966244,0.4001075327396393
66482868226100096,84331094,44,1,2.0,2.476719314651433,0.3010299956639812,0.3938767910003662
66542551091588352,84331196,42,3,2.0,2.44490944635645,0.3010299956639812,0.3882627785205841
66542551091588352,84331196,43,3,4.0,2.4990387919214885,0.6020599913279624,0.39777299761772156
66542551091588352,84331196,44,3,2.0,2.5014878393944153,0.3010299956639812,0.3981983959674835
66550350752004352,84331297,42,0,3.0,2.8489231931304846,0.47712125471966244,0.45468074083328247
66550350752004352,84331297,43,0,3.0,2.505588674921791,0.47712125471966244,0.3989097774028778
66550350752004352,84331297,44,0,6.0,2.6657932264614055,0.7781512503836436,0.42582646012306213
66659271121456768,84331366,42,2,2.0,2.3363195353665525,0.3010299956639812,0.3685322403907776
66659271121456768,84331366,43,2,2.0,2.375074777264321,0.3010299956639812,0.37567728757858276
66852647730267264,84331442,42,3,6.0,2.252848426069241,0.7781512503836436,0.35273197293281555
66852647730267264,84331442,43,3,7.0,2.490441728799623,0.8450980400142568,0.3962763845920563
66852647730267264,84331442,44,3,5.0,2.4460000625926863,0.6989700043360189,0.38845646381378174
66671468828544384,84331463,42,2,2.0,2.3194613584978776,0.3010299956639812,0.3653871417045593
66671468828544384,84331463,43,2,8.0,2.479917615263979,0.9030899869919435,0.3944372534751892
66671468828544384,84331463,44,2,6.0,2.6184666126379015,0.7781512503836436,0.4180470407009125
66867800374681344,84331621,43,2,4.0,2.4699048774528602,0.6020599913279624,0.39268022775650024
66867800374681344,84331621,44,2,2.0,2.368553332400324,0.3010299956639812,0.3744831681251526
66911231083913600,84331755,42,1,1.0,2.4206745554034237,0.0,0.38393640518188477
66911231083913600,84331755,43,1,5.0,2.9058522279726033,0.6989700043360189,0.4632735252380371
66911231083913600,84331755,44,1,8.0,2.4508829969824886,0.9030899869919435,0.38932257890701294
67368353043627648,84332051,43,3,2.0,2.430585290289172,0.3010299956639812,0.38571086525917053
67368834079847680,84332064,42,1,3.0,2.4319632204394575,0.47712125471966244,0.3859570026397705
67368834079847680,84332064,43,1,5.0,2.340028521622966,0.6989700043360189,0.36922115087509155
67368834079847680,84332064,44,1,2.0,2.460598091334651,0.3010299956639812,0.3910406827926636
67368868438779392,84332066,43,4,2.0,2.662871192528691,0.3010299956639812,0.425350159406662
70426507196531456,84332363,43,4,1.0,2.6617711870026377,0.0,0.4251707196235657
70426507196531456,84332363,44,4,1.0,2.6973541786431627,0.0,0.4309379756450653
70426782074435584,84332381,44,0,1.0,2.4810514290797143,0.0,0.39463576674461365
67349764424286848,84336253,42,4,1.0,2.7466403461867555,0.0,0.4388017952442169
67349764424286848,84336253,43,4,3.0,2.4738301789559567,0.47712125471966244,0.3933698832988739
67349764424286848,84336253,44,4,1.0,2.7483470062658615,0.0,0.43907156586647034
66915560410893440,84336401,44,1,2.0,2.4634347520260507,0.3010299956639812,0.391541063785553
66887660303617408,84336600,42,4,1.0,2.801007824408221,0.0,0.4473143219947815
66887660303617408,84336600,43,4,1.0,2.7268547258850777,0.0,0.43566200137138367
66887660303617408,84336600,44,4,3.0,2.7212187915766526,0.47712125471966244,0.43476346135139465
66886011036187392,84336649,43,3,1.0,2.3482352644959152,0.0,0.370741605758667
66886011036187392,84336649,44,3,3.0,2.5233632528285774,0.47712125471966244,0.4019797742366791
66885942316710784,84336651,43,4,1.0,2.5685965418889634,0.0,0.40969589352607727
66885942316710784,84336651,44,4,2.0,2.6055878116784883,0.3010299956639812,0.4159057140350342
66863058730966528,84336667,44,3,1.0,2.4862489823345078,0.0,0.3955446183681488
66665902550940672,84336819,42,4,6.0,2.6896907013515876,0.7781512503836436,0.4297023415565491
66665902550940672,84336819,43,4,3.0,2.732135023802929,0.47712125471966244,0.4365021586418152
66665902550940672,84336819,44,4,2.0,2.8429612192681994,0.3010299956639812,0.4537709355354309
66665902550940800,84336821,42,2,5.0,2.4728910744916512,0.6989700043360189,0.3932049870491028
66665902550940800,84336821,43,2,5.0,2.381948910257645,0.6989700043360189,0.37693244218826294
66665902550940800,84336821,44,2,5.0,2.3608070567854162,0.6989700043360189,0.3730604946613312
66659408560406528,84336854,42,3,1.0,2.49174364373519,0.0,0.39650335907936096
66659408560406528,84336854,44,3,2.0,2.4042929112631213,0.3010299956639812,0.38098737597465515
66658996243552000,84336870,42,2,2.0,2.4084813187329344,0.3010299956639812,0.38174328207969666
66658996243552000,84336870,43,2,4.0,2.3520600077595595,0.6020599913279624,0.3714483976364136
66658996243552000,84336870,44,2,2.0,2.350717671374691,0.3010299956639812,0.37120047211647034
66640712564777856,84336941,42,4,3.0,2.5597559740568707,0.47712125471966244,0.4081985652446747
66640712564777856,84336941,43,4,6.0,2.664717796906868,0.7781512503836436,0.4256512224674225
66640712564777856,84336941,44,4,12.0,2.68794354744446,1.0791812460476249,0.42942014336586
66546742979468416,84336954,44,0,2.0,2.7696963911969195,0.3010299956639812,0.442432165145874
66497952151148544,84337011,42,2,1.0,2.4939144441091963,0.0,0.3968815505504608
66483795939004416,84337145,44,1,1.0,2.4643635009306726,0.0,0.3917047679424286
66483761579269888,84337148,43,0,1.0,2.746546484249328,0.0,0.43878695368766785
6014848745955612672,8511113,38,4,1.0,2.61331758530965,0.0,0.4171921908855438
138666459421872640,85590904,58,4,6.0,2.6024070853792654,0.7781512503836436,0.4153752326965332
176770034888040064,85693500,19,2,1.0,2.5833874368357077,0.0,0.4121895432472229
444663603454525696,86766112,59,3,1.0,2.4969581129875484,0.0,0.3974112570285797
444596155287096448,86912433,19,2,2.0,2.5556103268813706,0.3010299956639812,0.4074946343898773
444596155287096448,86912433,59,2,2.0,2.350287008192509,0.3010299956639812,0.3711208999156952
1100481878068429184,88212413,60,2,1.0,2.403080388049166,0.0,0.3807682991027832
1002733958624970624,88486128,60,3,1.0,2.3924773638896544,0.0,0.3788478374481201
1101654374076602880,88529991,60,0,2.0,2.3903299014895767,0.3010299956639812,0.37845784425735474
1101375338641369728,88655991,60,4,1.0,2.6171850505767353,0.0,0.41783443093299866
6014500681803685248,89155914,38,3,2.0,2.490692964539921,0.3010299956639812,0.3963201940059662
2390974419276875776,89526411,29,0,4.0,2.498723441714051,0.6020599913279624,0.3977181911468506
5201378641555926656,904313345,66,0,12.0,2.4568915427921234,1.0791812460476249,0.3903859853744507
2024060998210085632,90505658,14,4,3.0,2.7331395688809503,0.47712125471966244,0.43666180968284607
121349735399525632,90571283,18,0,1.0,2.5924869829442927,0.0,0.413716584444046
121349735399525632,90571283,42,0,1.0,2.4363305676525244,0.0,0.3867362141609192
221072278943046912,90645203,58,4,2.0,2.6442911983964668,0.3010299956639812,0.4223092794418335
221111242886836224,90694662,58,0,5.0,2.702861301563879,0.6989700043360189,0.4318237602710724
5372905513514424320,92002749,63,0,8.0,2.7728654153979426,0.9030899869919435,0.4429287910461426
5372905513514424320,92002749,64,0,4.0,2.315006738228441,0.6020599913279624,0.36455225944519043
5329184189553837184,92841571,9,4,1.0,2.801129304920581,0.0,0.4473331570625305
5329184189553837184,92841571,61,4,6.0,2.689652679585178,0.7781512503836436,0.4296962022781372
5329184189553837184,92841571,62,4,4.0,2.780011654256297,0.6020599913279624,0.44404661655426025
2968785096982770304,92845906,5,1,16.0,2.5196805954665886,1.2041199826559248,0.40134549140930176
2968785096982770304,92845906,6,1,8.0,2.4801982544283048,0.9030899869919435,0.3944863975048065
2968785096982770304,92845906,32,1,4.0,2.4460549502741915,0.6020599913279624,0.3884662091732025
2967108307393042048,93125144,6,4,5.0,2.607888931562477,0.6989700043360189,0.4162890911102295
2967108307393042048,93125144,32,4,6.0,2.66702794477022,0.7781512503836436,0.4260275661945343
2967108307393042048,93125144,33,4,6.0,2.6999768230480945,0.7781512503836436,0.43136003613471985
2967055977510839680,93126844,6,3,5.0,2.3012212964591523,0.6989700043360189,0.361958384513855
2967055977510839680,93126844,32,3,3.0,2.684368090929328,0.47712125471966244,0.42884206771850586
2967055977510839680,93126844,33,3,2.0,2.4721090707795317,0.3010299956639812,0.3930676281452179
2915492970976554368,93242288,6,1,7.0,2.479254690954143,0.8450980400142568,0.39432114362716675
2915492970976554368,93242288,32,1,7.0,2.479195825854469,0.8450980400142568,0.3943108320236206
2915492970976554368,93242288,33,1,4.0,2.480248463085487,0.6020599913279624,0.3944951891899109
2915869966027648256,93280091,6,3,1.0,2.488324835616755,0.0,0.39590707421302795
2967689566788320512,93327607,33,2,3.0,2.3651764606229073,0.47712125471966244,0.37386354804039
2915967582044326528,93443364,6,4,3.0,2.7745125930448533,0.47712125471966244,0.4431867003440857
2915967582044326528,93443364,32,4,3.0,2.694519584175538,0.47712125471966244,0.43048134446144104
2915967582044326528,93443364,33,4,4.0,2.6706664393314172,0.6020599913279624,0.42661964893341064
6036037331464428800,93456758,12,0,4.0,2.578127635992765,0.6020599913279624,0.41130441427230835
6010849616018065920,93779101,12,2,3.0,2.3756645240204075,0.47712125471966244,0.37578511238098145
6036418346602207616,93985722,12,3,7.0,2.520276155782893,0.8450980400142568,0.401448130607605
168744115397150592,94338761,43,4,4.0,2.8493672079987524,0.6020599913279624,0.4547484219074249
216905198595755392,94367820,43,2,1.0,2.625272402341066,0.0,0.4191743731498718
5998788660658648192,94491270,12,4,5.0,2.7560187381103036,0.6989700043360189,0.4402821660041809
5998788660658648192,94491270,39,4,3.0,2.6506469358291156,0.47712125471966244,0.42335188388824463
168534933310539776,94608039,43,3,1.0,2.5038385987471057,0.0,0.3986063301563263
5369330447152203136,94634649,10,1,2.0,2.418482033943444,0.3010299956639812,0.38354286551475525
6036780566970110592,94834179,12,2,1.0,2.4880567650521113,0.0,0.3958602845668793
6030802041226804224,94972416,39,1,17.0,2.3629203749591294,1.2304489213782739,0.37344908714294434
6038520956430662144,95282711,12,4,2.0,2.681056054468041,0.3010299956639812,0.42830589413642883
6038328988573686400,95283211,12,2,2.0,2.572195182550616,0.3010299956639812,0.41030392050743103
2991362056431878912,95328477,6,1,12.0,2.4149015673287106,1.0791812460476249,0.3828994333744049
2991362056431878912,95328477,33,1,8.0,2.4897476295519905,0.9030899869919435,0.39615532755851746
5766091009035511680,954359238,38,3,1.0,2.4429947034854593,0.0,0.3879225254058838
219121161202558464,95570747,59,3,6.0,2.289055559562311,0.7781512503836436,0.35965633392333984
5579734916388215808,96246348,33,1,1.0,2.5125575984035344,0.0,0.4001160264015198
5579728220535205376,96320797,61,0,4.0,2.8838136688324214,0.6020599913279624,0.4599671959877014
5603962659403414912,96581445,61,0,1.0,2.283197683834426,0.0,0.3585435152053833
5578690109759506304,96652559,61,2,4.0,2.376136198580311,0.6020599913279624,0.37587133049964905
5579558002391788544,96654984,61,4,3.0,2.800412991956121,0.47712125471966244,0.4472220838069916
5579538791000341504,96740970,33,3,1.0,2.3814326118408857,0.0,0.3768382966518402
5578667672850415616,96742895,61,3,2.0,2.503718328075397,0.3010299956639812,0.3985854685306549
5578784629101462784,96743408,61,1,1.0,2.4947370706761625,0.0,0.3970247805118561
5603679810036813184,96744970,61,4,1.0,2.678004820359138,0.0,0.4278113543987274
5578824490696712960,96859149,61,0,1.0,2.50357040307223,0.0,0.3985598087310791
876668490869958656,97290592,46,0,1.0,2.7553769240492354,0.0,0.44018101692199707
5885178529338386048,97884432,12,1,1.0,2.5109982196596756,0.0,0.3998464047908783
6038409321640732672,98178510,65,3,1.0,2.3546043023303107,0.0,0.3719179332256317
6038851737631487616,98305034,12,0,3.0,2.573364475057928,0.47712125471966244,0.41050130128860474
6038851737631487616,98305034,65,0,2.0,2.7199670112199867,0.3010299956639812,0.43456363677978516
6015107302986648064,98900472,12,1,8.0,2.192717463880859,0.9030899869919435,0.34098267555236816
6014606097483584512,99210610,12,0,2.0,2.635988785161832,0.3010299956639812,0.42094355821609497
6014606097483584512,99210610,38,0,5.0,2.7605662035696414,0.6989700043360189,0.4409981667995453
6011546843820042112,99324893,12,3,5.0,2.5036551023820395,0.6989700043360189,0.39857450127601624
6126193127410168704,994964138,64,2,16.0,2.344298014704241,1.2041199826559248,0.3700128197669983
1109659402842585856,99571853,60,3,1.0,2.56716568325624,0.0,0.4094538986682892
1109820240777866880,99572754,60,4,2.0,2.6701344667796887,0.3010299956639812,0.42653313279151917
5996218071193669248,58833495,12,3,5.0,2.6048255129942635,0.6989700043360189,0.41577863693237305
3419115128091798400,69598131,44,4,6.0,2.7836764899186743,0.7781512503836436,0.44461876153945923
4827556988896385536,77959225,32,1,2.0,2.300554201069816,0.3010299956639812,0.36183246970176697
5350236465660622848,81314580,64,2,2.0,2.475266596696888,0.3010299956639812,0.3936219811439514
