{
  "n_samples": 6437,
  "mae_myr": 250.16468439196993,
  "median_ae_myr": 148.95291137695312,
  "rmse_myr": 354.9672542062542,
  "log_mae_dex": 0.4788690095385456,
  "log_bias_dex": 0.013531350613479697,
  "log_scatter_dex": 0.6210248729458541,
  "correlation": 0.35842153171906593
}