{
  "n_samples": 2494,
  "mae_dex": 0.28605032283857346,
  "median_ae_dex": 0.1707431526253287,
  "rmse_dex": 0.45542183285368204,
  "bias_dex": -0.011018978257390854,
  "scatter_dex": 0.45528851068083215,
  "correlation": 0.8434471579897955
}