{"fold_0": {"train_nll": [4.996726996435192, 3.8637051935903055, 3.400118467086303, 3.169817105562749, 2.915274514463956, 2.841221227913438, 2.7409835936789047, 2.6777318885665617, 2.583090357885571, 2.4667449198170512, 2.4824108351208642, 2.4116653275633144, 2.389758027388242, 2.3267075342979124, 2.2515694137087805, 2.240349143683791, 2.200942169927165, 2.1868653005970744, 2.1599075617436654, 2.1474238689055665, 2.167177636064365, 2.0937940243011965, 2.082836224464233, 2.0732744354045463, 2.080266194257564, 2.0530463963567853, 2.006248360406421, 2.000004332863496, 1.993202245307112, 2.0295807618894175, 1.964569764529058, 2.036769254413062, 1.9475421786069391, 1.9389005772814245, 1.9147255630913622, 1.8776302528763582, 1.9203720587288928, 1.8859602200961065, 1.8725874552984754, 1.8539876983256522, 1.8689367001902364, 1.8492023013158887, 1.8441130864118527, 1.8382599298844118, 1.8305413603543756, 1.8319541352067539, 1.8199254472652275, 1.7972148793016025, 1.803710817335125, 1.7914199212748922, 1.777778489795142, 1.7764612180675439, 1.7682670075334384, 1.7701855021153758, 1.767991787446047, 1.7572235877145985, 1.7517478618927613, 1.7548031814112692, 1.7454176612034111, 1.7435663912243737, 1.7373144846402093, 1.739272199735374, 1.7459987284903058, 1.74268591810085, 1.739180289791199, 1.7252068954383681, 1.7277945151071032, 1.7230882260030163, 1.727525709626192, 1.7199201669864999, 1.7188820654978016, 1.7175826319233927, 1.7167863580650222, 1.7218885168522775, 1.717766935039379, 1.7137187021767688, 1.7106703947445672, 1.7127682830623252, 1.7114570745246445, 1.70919385868944, 1.7110474692556805, 1.7076435095083737, 1.7093326099411041, 1.706283917885744, 1.7059527805190764, 1.7051508911625894, 1.7047941469716166, 1.704119553248247, 1.7040229549627743, 1.7035075901505465, 1.7034196645797852, 1.703203650896917, 1.7029536174151128, 1.702828339441028, 1.702738222593296, 1.702731158069236, 1.702584712861296, 1.7025485108037273, 1.7025054982286656, 1.7024809208088265], "val_nll": [4.326762676239014, 3.812110185623169, 3.5322377681732178, 3.404313325881958, 3.355971336364746, 3.0999598503112793, 3.0125434398651123, 2.854997396469116, 2.908724546432495, 2.7948782444000244, 2.7694690227508545, 2.7038722038269043, 2.8399746417999268, 2.717181921005249, 2.6109533309936523, 2.6333811283111572, 2.601585626602173, 2.531233787536621, 2.562709093093872, 2.547081470489502, 2.6762754917144775, 2.5594358444213867, 2.517714262008667, 2.4751057624816895, 2.469362258911133, 2.4935812950134277, 2.5097925662994385, 2.5166614055633545, 2.5173697471618652, 2.447047233581543, 2.5215210914611816, 2.610842704772949, 2.452643394470215, 2.455817222595215, 2.4182894229888916, 2.401634931564331, 2.475735902786255, 2.4674429893493652, 2.4025795459747314, 2.398852586746216, 2.4472451210021973, 2.4034266471862793, 2.4136621952056885, 2.4077227115631104, 2.391850471496582, 2.4287397861480713, 2.388359308242798, 2.40342378616333, 2.4205753803253174, 2.4029927253723145, 2.3995790481567383, 2.389432191848755, 2.421806573867798, 2.406830310821533, 2.400364637374878, 2.3863186836242676, 2.377683162689209, 2.3789687156677246, 2.3889992237091064, 2.3824496269226074, 2.395627021789551, 2.387643814086914, 2.3883585929870605, 2.3944203853607178, 2.3782401084899902, 2.3864388465881348, 2.3826165199279785, 2.3836283683776855, 2.3980300426483154, 2.3812553882598877, 2.386552572250366, 2.3744957447052, 2.3915212154388428, 2.3842597007751465, 2.3834781646728516, 2.379387617111206, 2.379693031311035, 2.384648084640503, 2.3879029750823975, 2.3759655952453613, 2.378732919692993, 2.3827855587005615, 2.37738037109375, 2.3794634342193604, 2.3791887760162354, 2.3797459602355957, 2.377347469329834, 2.3793752193450928, 2.37953519821167, 2.3793528079986572, 2.379868984222412, 2.378563165664673, 2.379302501678467, 2.3788106441497803, 2.3792190551757812, 2.379142999649048, 2.3792779445648193, 2.379124879837036, 2.379201889038086, 2.379239559173584]}, "fold_1": {"train_nll": [5.538689099237293, 4.22149415962204, 3.4510030464562242, 3.041631496024275, 2.8506343164042622, 2.6287855409190266, 2.587540324560865, 2.5207672510930674, 2.4873525171815034, 2.395030085691708, 2.2887909780284446, 2.302047157335377, 2.19467719810789, 2.1800715550332366, 2.1439039301060006, 2.1445067454435542, 2.095927434837173, 2.072718527130708, 2.058019821533937, 2.104611268860544, 2.013534377715392, 1.9529337730101928, 2.0207154225251958, 1.8979450641031972, 1.9022642861387296, 1.9226164846477622, 1.8328362349756735, 1.8703792515641942, 1.9058301472711658, 1.8520812035084726, 1.8100989450194793, 1.773455220377278, 1.7748949558797007, 1.8380614280222891, 1.7581164129750284, 1.7525342196405291, 1.748621560289769, 1.7238492569130266, 1.7369571300690063, 1.6995509989514856, 1.6803993457304929, 1.6895487504397222, 1.6634755832159924, 1.6593222455653494, 1.6758451156004637, 1.646801927763379, 1.6520820718728946, 1.6387783143826142, 1.6236527519737312, 1.6306107999805457, 1.6114712948789578, 1.6134254265882686, 1.5989262489135376, 1.5988002331080082, 1.60190315380364, 1.600593908516343, 1.5942318503985664, 1.587516913373389, 1.5935242104386997, 1.5759469832112651, 1.5833835654363841, 1.5723959434486343, 1.5695257793686432, 1.565840854673443, 1.560094198268019, 1.5597526826457175, 1.5590430316561927, 1.5568345178344207, 1.552727177530109, 1.5501608628787116, 1.5516428116089356, 1.5484759893589364, 1.5514358848273635, 1.547450580195578, 1.5456498013230746, 1.5444338324074756, 1.5429650767293865, 1.5450396654839984, 1.5433023126426346, 1.5416587489043065, 1.5399565688952177, 1.5394397620447653, 1.5377923871627552, 1.5389015774927541, 1.5377788911601584, 1.536954394562211, 1.5367074394990543, 1.5362973972886262, 1.5362497589631168, 1.53572522709986, 1.5353871352209119, 1.5353256822946315, 1.5348751831628038, 1.5347491056025626, 1.5346035207201818, 1.5345156572624772, 1.5344439942636088, 1.5344377892289707, 1.5343572219053585, 1.5343409246337676], "val_nll": [4.7121052742004395, 3.7825565338134766, 3.255241632461548, 2.9703831672668457, 2.7137043476104736, 2.645186424255371, 2.6871421337127686, 2.7870359420776367, 2.392688512802124, 2.475339412689209, 2.4412665367126465, 2.40181827545166, 2.3089871406555176, 2.2243919372558594, 2.2820262908935547, 2.359718084335327, 2.3401808738708496, 2.2828738689422607, 2.4488210678100586, 2.1305534839630127, 2.1581687927246094, 2.2314162254333496, 2.136549472808838, 2.153660535812378, 2.2317185401916504, 2.1024630069732666, 2.0334420204162598, 2.0994482040405273, 2.0601258277893066, 2.0473904609680176, 2.049036979675293, 2.0100696086883545, 2.02182674407959, 2.1119425296783447, 2.072904109954834, 2.0811469554901123, 2.0629525184631348, 2.0093636512756348, 1.9910979270935059, 1.9794306755065918, 1.9927356243133545, 1.9736016988754272, 1.9802273511886597, 1.974751353263855, 2.0294907093048096, 2.0216755867004395, 1.9899064302444458, 1.9944406747817993, 1.9832712411880493, 1.978614091873169, 1.9815380573272705, 1.9615126848220825, 1.9705631732940674, 1.9683585166931152, 1.9594576358795166, 1.9686279296875, 1.976120114326477, 1.963676929473877, 1.974984049797058, 1.9598674774169922, 1.961467981338501, 1.9681304693222046, 1.9553693532943726, 1.9583946466445923, 1.9655158519744873, 1.9577370882034302, 1.9508943557739258, 1.9591102600097656, 1.9517971277236938, 1.9623222351074219, 1.9535467624664307, 1.959654688835144, 1.9571553468704224, 1.955325961112976, 1.9524366855621338, 1.9524463415145874, 1.9533823728561401, 1.9570001363754272, 1.952805519104004, 1.9534844160079956, 1.9529272317886353, 1.952267050743103, 1.9548784494400024, 1.9526821374893188, 1.9530867338180542, 1.9536316394805908, 1.9530084133148193, 1.9528062343597412, 1.953429937362671, 1.9535810947418213, 1.953380823135376, 1.9530459642410278, 1.9533475637435913, 1.9532713890075684, 1.9533989429473877, 1.9534474611282349, 1.953413724899292, 1.9533677101135254, 1.9533730745315552, 1.9533758163452148]},