{
  "n_samples": 2494,
  "mae_myr": 168.20261229505135,
  "median_ae_myr": 50.88233604431152,
  "rmse_myr": 300.21079159011623,
  "log_mae_dex": 0.4535088109359689,
  "log_bias_dex": 0.01356647961796881,
  "log_scatter_dex": 0.6160283881399604,
  "correlation": 0.6146401549576881
}