{
  "n_samples": 2494,
  "mae_dex": 0.480554034240152,
  "median_ae_dex": 0.29933812777737345,
  "rmse_dex": 0.7024381144045481,
  "bias_dex": -0.08873580612720644,
  "scatter_dex": 0.6968107786760849,
  "correlation": 0.6813435130766263
}