{
  "k_128": {
    "mean_abs_corr": 0.06271624576499654,
    "top_dims": [
      16,
      8,
      0,
      20,
      7
    ],
    "top_corrs": [
      0.14971177550839807,
      -0.1470697545890174,
      0.14075640520352645,
      -0.12302919892903463,
      0.12220387688945422
    ]
  }
}