{
  "1_vs_8": {
    "r2_per_example": [
      0.20402724965669028,
      0.257276618136528,
      0.11117928173037583
    ],
    "r2_mean": 0.1908277165078647,
    "coefs_per_example": [
      [
        2079295.110951457,
        586220.1408687446,
        1362036.8211350169,
        252827.7960770656,
        19381.62823541965,
        3834217.295119365,
        2245976.582702848,
        1808955.4548562646,
        -1342758.3094181565
      ],
      [
        -1054768.2569629508,
        -1040833.8257226903,
        -122471.24342272307,
        1272451.9286112834,
        214053.2963870543,
        -862776.2519085874,
        109542.30341720051,
        438679.5375527974,
        -903668.6373296478
      ],
      [
        364166.37088649615,
        3182729.077744599,
        686583.2305814768,
        91946.68506500969,
        -204791.9381779688,
        -652933.1011168355,
        26822.526638177253,
        488808.40210102056,
        33164.52928148491
      ]
    ]
  },
  "1_vs_32": {
    "r2_per_example": [
      0.9157812131123935,
      0.26991611199993915,
      0.1217860317129913
    ],
    "r2_mean": 0.4358277856084413,
    "coefs_per_example": [
      [
        -608168.2346266739,
        -305212.5770931662,
        957506.9373620669,
        -324043.85039314476,
        1781552.380208205,
        3021364.5672762874,
        5581810.052639358,
        1643564.753783827,
        -2150407.7332313303
      ],
      [
        -3647921.0208572433,
        266621.7684523571,
        788566.9129888151,
        4202579.766315422,
        1041382.3111027206,
        -2879805.43981237,
        282620.6565262345,
        1312349.3787398753,
        -2945549.4985521655
      ],
      [
        2568455.79225026,
        7694529.088995004,
        -995023.3976009534,
        1724217.0709293915,
        54264.48312050256,
        -489205.7315021113,
        -1862599.889938774,
        1229992.7460676148,
        -933096.691462236
      ]
    ]
  },
  "1_vs_128": {
    "r2_per_example": [
      0.8749604895084211,
      0.8234443383771234,
      0.3034154822520413
    ],
    "r2_mean": 0.6672734367125286,
    "coefs_per_example": [
      [
        1878748.0229134734,
        493684.6622568153,
        -828253.1235388969,
        -1064455.233762434,
        -237474.19908632335,
        -924799.0876089697,
        -1557373.84912288,
        261188.0800167639,
        1003545.6263618956
      ],
      [
        1494831.479924574,
        5694818.764936834,
        653007.5838407493,
        -364823.0442120262,
        -277424.85039095196,
        425790.18456581613,
        562948.6543236118,
        954047.7856546676,
        41497.046442597486
      ],
      [
        111778.69274475658,
        3005308.8839638107,
        -21591.430054498876,
        1583572.3357638402,
        -585151.6266849702,
        1032758.7205293818,
        15898.036406010548,
        1319731.3857374145,
        -1112825.088088739
      ]
    ]
  }
}