{
  "n_samples": 2494,
  "mae_dex": 0.31005028107088844,
  "median_ae_dex": 0.18343811610668248,
  "rmse_dex": 0.4940697997344604,
  "bias_dex": -0.004005172795858725,
  "scatter_dex": 0.49405356551747015,
  "correlation": 0.8170851052547407
}