{"fold_0": {"train_nll": [4.867082814654272, 3.776265806568887, 3.2919552674991097, 3.021063296732778, 2.7619126175114053, 2.7624047060528834, 2.5722411290438236, 2.5235807030855533, 2.5061402177523995, 2.3957593283337917, 2.4440296389058025, 2.3593428751270853, 2.3332716630312627, 2.2366045992933437, 2.245895834389574, 2.231418032923299, 2.2029928119483597, 2.1851831719966115, 2.17261247548885, 2.1629890084027767, 2.1911233472441864, 2.1322385466887144, 2.084160613631438, 2.0804024812931527, 2.079139116531861, 2.093922574916679, 2.063968879187513, 2.0462720389356592, 2.0333846038233543, 2.0339909345210194, 2.0357174904408577, 2.022279740813261, 2.017783832932283, 2.0109882225732285, 2.009278012764358, 2.0150391490521553, 2.005830108761071, 1.994999764677518, 1.993280995107127, 1.9926765466739753, 1.9998590148283628, 1.9841230257240707, 1.9819444125305437, 1.9802516658224898, 1.9757197742352266, 1.975240839268258, 1.9794550147467482, 1.9759977850503099, 1.970210690775472, 1.969403727498943, 1.9678329431222292, 1.9674140241198645, 1.9670688331963304, 1.9700059656628626, 1.972349957617108, 1.9662520684794578, 1.962785889486034, 1.963742738257429, 1.9634230887005946, 1.9617236398742768, 1.9620579002137652, 1.961492200174886, 1.9605447889150742, 1.961188036955908, 1.9603403930912515, 1.9593905091046808, 1.959590087911648, 1.9592285041579742, 1.95908554211886, 1.9588684753807848, 1.9592577448349917, 1.9588813982411233, 1.9586166867273365, 1.9585325241327765, 1.95849857875006, 1.9584346554561225, 1.9585086061863717, 1.958342936091528, 1.9582593178223513, 1.9582109451293945, 1.9581869107210086, 1.9581773897450052, 1.958106921884961, 1.9580829800489192, 1.9580202938798434, 1.958012447209062, 1.9579930702048933, 1.9579903654201714, 1.95796844237792, 1.9579546145781248, 1.957966093548792, 1.9579409411053859, 1.957937473763445, 1.9579344149342996, 1.9579315132989674, 1.9579250585578964, 1.9579251149374401, 1.9579231440423726, 1.9579230573229895, 1.9579228633391355], "val_nll": [4.330094337463379, 3.663728952407837, 3.4547958374023438, 3.200056552886963, 3.1433663368225098, 2.951873302459717, 2.8781707286834717, 2.7228689193725586, 2.6866695880889893, 2.8673300743103027, 2.6989612579345703, 2.5886549949645996, 2.5465569496154785, 2.557588815689087, 2.555516004562378, 2.5254197120666504, 2.503668785095215, 2.5819876194000244, 2.6061673164367676, 2.5104215145111084, 2.5242831707000732, 2.472160577774048, 2.442704439163208, 2.451597213745117, 2.5016372203826904, 2.508664608001709, 2.4571783542633057, 2.4336931705474854, 2.4525229930877686, 2.455697774887085, 2.4225125312805176, 2.4310126304626465, 2.4331650733947754, 2.4371249675750732, 2.4203391075134277, 2.4141345024108887, 2.4250500202178955, 2.4295148849487305, 2.433638572692871, 2.4065921306610107, 2.4147837162017822, 2.4159209728240967, 2.420003652572632, 2.4169118404388428, 2.4122939109802246, 2.4178507328033447, 2.4056198596954346, 2.407463788986206, 2.4097890853881836, 2.408419370651245, 2.4040119647979736, 2.4009764194488525, 2.402630567550659, 2.4153738021850586, 2.4076106548309326, 2.4019622802734375, 2.408210277557373, 2.406747341156006, 2.40523624420166, 2.406846523284912, 2.406252861022949, 2.406100034713745, 2.405587673187256, 2.404933214187622, 2.4054224491119385, 2.401674747467041, 2.4041266441345215, 2.4043266773223877, 2.4043850898742676, 2.404327869415283, 2.405216932296753, 2.4046099185943604, 2.404031991958618, 2.404151439666748, 2.404493570327759, 2.4041919708251953, 2.403938055038452, 2.404161214828491, 2.4043753147125244, 2.4046878814697266, 2.404665231704712, 2.404188394546509, 2.4044339656829834, 2.404165506362915, 2.4041786193847656, 2.4042322635650635, 2.4040842056274414, 2.4040539264678955, 2.404081106185913, 2.404086112976074, 2.4040753841400146, 2.4040474891662598, 2.404020309448242, 2.40401554107666, 2.404003143310547, 2.4040026664733887, 2.4040040969848633, 2.4040000438690186, 2.4040000438690186, 2.4040000438690186]}, "fold_1": {"train_nll": [4.842302288464411, 3.6677483136286, 3.2858401687446244, 2.9837119168413424, 2.823696488130069, 2.7505464248045652, 2.619431792375798, 2.6033448241277783, 2.465724846165261, 2.4392970593754417, 2.38084948110676, 2.39620975597588, 2.3101629835809163, 2.3122319491927277, 2.2609209952230205, 2.228820816309514, 2.216682754680962, 2.1834233248819093, 2.165215932295652, 2.1376291821619313, 2.1286650219995655, 2.13243738348355, 2.110986810647892, 2.142533818801085, 2.1039286022912522, 2.0893157677564447, 2.070553770046196, 2.0671116284473627, 2.059875148570609, 2.036335717938945, 2.0435964452002, 2.036379969430591, 2.0348428786398176, 2.0175079061894237, 2.0213722368041593, 2.0134001389772953, 2.0108075115628137, 2.0030798425894223, 1.9997251244011767, 1.9960694723951076, 1.991344848950067, 1.9919944024516012, 1.990110462796473, 1.988082644456852, 1.98490670018779, 1.986352824495885, 1.9934324981693274, 1.9828401364401014, 1.9788502232584064, 1.9806351723795186, 1.9762720910305966, 1.9757634895836902, 1.9733104266241224, 1.9735299394221488, 1.9715083414662578, 1.971941234353549, 1.970982262510097, 1.9700468668717899, 1.9709170084439203, 1.9705736646671332, 1.9690639487727133, 1.9689826793326644, 1.9687938092944617, 1.967801982749679, 1.9678331142914798, 1.9674176443554834, 1.9672335680118782, 1.967094724785111, 1.9667086744595148, 1.966735110612575, 1.9663278755539644, 1.9663162083329562, 1.966227129609408, 1.9662011790132237, 1.9660472272632117, 1.9659402649961637, 1.9659837467636996, 1.9658724415995077, 1.965843421901634, 1.9657421009260452, 1.9657254400616417, 1.9656825599546184, 1.9656431366780955, 1.9656196416977174, 1.965620679702453, 1.9655849200212405, 1.9655676884259394, 1.965572287419994, 1.9655487217262895, 1.9655646694924884, 1.9655492458649293, 1.9655269898011354, 1.9655206332464734, 1.9655198539665084, 1.9655153393028733, 1.965513943670269, 1.9655128273672475, 1.9655119003896007, 1.9655115032243824, 1.965511349494567], "val_nll": [3.934593915939331, 3.398550510406494, 3.085108518600464, 2.8658714294433594, 2.8304080963134766, 2.771333694458008, 2.7704999446868896, 2.5280604362487793, 2.5334510803222656, 2.45146107673645, 2.588277578353882, 2.355771541595459, 2.319577217102051, 2.3389368057250977, 2.356489658355713, 2.2988548278808594, 2.367617607116699, 2.2424211502075195, 2.238884687423706, 2.2424631118774414, 2.2326748371124268, 2.2065815925598145, 2.234870433807373, 2.2304439544677734, 2.1912906169891357, 2.17594313621521, 2.1812098026275635, 2.178698778152466, 2.1618220806121826, 2.167867660522461, 2.161850690841675, 2.161750555038452, 2.15030574798584, 2.1591296195983887, 2.1512014865875244, 2.141129970550537, 2.1425697803497314, 2.151853322982788, 2.138890504837036, 2.1379635334014893, 2.139585018157959, 2.138671398162842, 2.1419408321380615, 2.141732931137085, 2.1338133811950684, 2.1360442638397217, 2.135230541229248, 2.134801149368286, 2.1350748538970947, 2.1319456100463867, 2.1321842670440674, 2.1330642700195312, 2.131000280380249, 2.131300449371338, 2.130401372909546, 2.132406711578369, 2.1309151649475098, 2.131286144256592, 2.1293485164642334, 2.1297624111175537, 2.129271984100342, 2.129079818725586, 2.1296803951263428, 2.1289660930633545, 2.129598379135132, 2.1293070316314697, 2.129580497741699, 2.12908673286438, 2.12982439994812, 2.129760503768921, 2.1294121742248535, 2.1293609142303467, 2.1297237873077393, 2.129549980163574, 2.12951922416687, 2.129375457763672, 2.1292381286621094, 2.12930965423584, 2.1293039321899414, 2.1293704509735107, 2.1295552253723145, 2.1295180320739746, 2.1294960975646973, 2.1294426918029785, 2.129455804824829, 2.129415273666382, 2.1293654441833496, 2.1293907165527344, 2.12937331199646, 2.1293649673461914, 2.129349946975708, 2.1293652057647705, 2.1293694972991943, 2.1293606758117676, 2.1293556690216064, 2.12935471534729, 2.1293563842773438, 2.1293556690216064, 2.1293559074401855, 2.1293556690216064]},