{
  "n_samples": 2494,
  "mae_dex": 0.2768839278409727,
  "median_ae_dex": 0.15252418971460902,
  "rmse_dex": 0.4625882777855898,
  "bias_dex": -0.016796520831577125,
  "scatter_dex": 0.46228323745577493,
  "correlation": 0.8395063745223602
}