{
  "n_samples": 7154,
  "mae_myr": 90.53777098050422,
  "median_ae_myr": 14.014411926269531,
  "rmse_myr": 214.48891092395766,
  "log_mae_dex": 0.17814491045509745,
  "log_bias_dex": 0.004528621400330245,
  "log_scatter_dex": 0.3501707568960423,
  "correlation": 0.7808405510674216
}