{
  "n_samples": 2494,
  "mae_dex": 0.3035348313979691,
  "median_ae_dex": 0.1735465863715444,
  "rmse_dex": 0.4916698923536824,
  "bias_dex": -0.008900380749722856,
  "scatter_dex": 0.4915893268467,
  "correlation": 0.8180509090489083
}