{"fold_0": {"train_nll": [5.231142032600357, 4.014428631337229, 3.4480080002534366, 3.240806989058225, 2.991899528579865, 2.924293661882022, 2.868649661421537, 2.713487793305116, 2.6157766167290943, 2.535239197687061, 2.4527123203736267, 2.4004390848901322, 2.3688966382242636, 2.356681755883899, 2.2963646600146093, 2.2670460679010302, 2.2163112603113024, 2.2357970349535434, 2.1395635552301195, 2.15408188928822, 2.1919362124555812, 2.108739952286164, 2.1469173722850057, 2.0901204149326484, 2.134900751954807, 2.0595768152592417, 2.074018279691497, 2.0271259725452184, 2.0030596757938484, 1.9868950487855441, 1.9773909266821608, 1.973007568137679, 1.9366186778387708, 1.9296636263688725, 1.9150195434719384, 1.91027953450331, 1.9316708050175515, 1.894758081985619, 1.8701442482476245, 1.8819757895861455, 1.864363213564327, 1.8572249063747919, 1.8589254986188695, 1.8440072823144151, 1.8422855446955007, 1.8228669157009088, 1.825067991961936, 1.8231358174570578, 1.8051967611293755, 1.8057647890939503, 1.7982546960662504, 1.8016756844663906, 1.7896993683430857, 1.7888201018851362, 1.779853938755865, 1.7734037640099536, 1.7868325070054354, 1.7714267503283545, 1.7646137473578443, 1.7605993214972273, 1.7616966788419979, 1.7570412796819377, 1.7567247155911936, 1.7636437712308162, 1.7515263705549833, 1.7507601822903733, 1.758418112097379, 1.7445220239983055, 1.744193042208532, 1.7394211065315293, 1.7388801847048896, 1.7364306036599413, 1.7368598939899451, 1.7356257424325885, 1.7349464483633787, 1.732698700232114, 1.7324408543611576, 1.7309503134840236, 1.7305579030203198, 1.7294149362969256, 1.7288416167777143, 1.727956316991894, 1.7285982184037416, 1.7276919310938619, 1.7275873941027808, 1.727181928191252, 1.726337017181641, 1.726212952562229, 1.7256198493177761, 1.7253059121315368, 1.7251492148649716, 1.7250379130453288, 1.7248902581258863, 1.7250039097302423, 1.72471903416819, 1.7246303271673964, 1.724566940315262, 1.7245122036618556, 1.7244835442197108, 1.7244534150870865], "val_nll": [4.512269496917725, 3.830920457839966, 3.6322052478790283, 3.2505648136138916, 3.252687692642212, 3.045362710952759, 2.994838237762451, 3.0305118560791016, 2.8445327281951904, 2.767470359802246, 2.8084235191345215, 2.763216495513916, 2.8545823097229004, 2.7413055896759033, 2.6521663665771484, 2.7127766609191895, 2.8414316177368164, 2.580965042114258, 2.5355162620544434, 2.5531320571899414, 2.6043176651000977, 2.6045796871185303, 2.497831106185913, 2.554811477661133, 2.498372793197632, 2.4845476150512695, 2.4710943698883057, 2.4832847118377686, 2.471345901489258, 2.4749348163604736, 2.4954073429107666, 2.444002628326416, 2.454813003540039, 2.436659812927246, 2.435392141342163, 2.4746201038360596, 2.455451488494873, 2.4297969341278076, 2.4064128398895264, 2.409372329711914, 2.4038143157958984, 2.422593116760254, 2.4013659954071045, 2.3940911293029785, 2.442795753479004, 2.404060125350952, 2.3891396522521973, 2.4171769618988037, 2.3884828090667725, 2.4048311710357666, 2.383784532546997, 2.3922781944274902, 2.4065823554992676, 2.4256842136383057, 2.3841514587402344, 2.403745174407959, 2.37835955619812, 2.3816771507263184, 2.3868296146392822, 2.3805768489837646, 2.3833518028259277, 2.3847239017486572, 2.395097494125366, 2.3829522132873535, 2.378626585006714, 2.3983144760131836, 2.3827757835388184, 2.3857944011688232, 2.378408908843994, 2.387619733810425, 2.373317003250122, 2.3801982402801514, 2.377748489379883, 2.373244047164917, 2.37296199798584, 2.377647876739502, 2.3766276836395264, 2.3746752738952637, 2.3772225379943848, 2.377336025238037, 2.376234531402588, 2.374748468399048, 2.3749442100524902, 2.3750126361846924, 2.3758201599121094, 2.374964714050293, 2.376213312149048, 2.3753037452697754, 2.3759825229644775, 2.3760924339294434, 2.376699209213257, 2.3766603469848633, 2.376178026199341, 2.375199556350708, 2.3758201599121094, 2.3756206035614014, 2.375654935836792, 2.3757166862487793, 2.375824213027954, 2.375800609588623]}, "fold_1": {"train_nll": [5.341352461812969, 4.064231144402452, 3.547045824761859, 3.2918847128002344, 3.081073024229917, 2.9051428605654914, 2.8381592484418756, 2.7528411233592367, 2.623837128908696, 2.584919589315961, 2.4194050040655957, 2.3929941571786073, 2.3357094765187267, 2.2981910017544855, 2.28437517448991, 2.246050074009714, 2.211384930926, 2.1666718432325163, 2.167753646751205, 2.157258531493032, 2.1407381140875197, 2.0687086176060006, 2.0826602474243225, 2.037829755303377, 2.021658099247124, 2.0235122295324213, 2.086581453531682, 2.0155297854620375, 1.9993717498435286, 1.994779060503285, 2.006452176279439, 1.9374437066978347, 1.945498492053611, 1.930473237811683, 1.941102269895091, 1.8992725976244482, 1.9051108773581251, 1.8906629625446572, 1.8963990918620077, 1.8604548206788027, 1.8775413633288744, 1.8777002972925831, 1.8426516400071566, 1.8260770852197865, 1.829186110553856, 1.823772551301486, 1.8113669720823635, 1.8079786396217727, 1.8011371671317336, 1.7934774028992126, 1.8053001774575763, 1.7853920899316638, 1.784117940432562, 1.7768527520204593, 1.7723206843068462, 1.7707287421924078, 1.7685316968298628, 1.7684732892948067, 1.7722577652138078, 1.7684481913197734, 1.754517707174909, 1.753881485046509, 1.750293682237904, 1.746285046269755, 1.7467593903054217, 1.7489060497952846, 1.7447812251433104, 1.7420970899666957, 1.741483112614236, 1.7416442183549992, 1.7346108781550833, 1.7377998537434365, 1.7419785120205316, 1.7350042105198862, 1.7354425418830826, 1.7358786058808138, 1.7361217171013474, 1.7319680494116338, 1.7309370086283866, 1.7296552099063545, 1.729936350920874, 1.7293580677322968, 1.7273257230231185, 1.726689601470091, 1.7270224655797344, 1.7264308014470255, 1.7255597506353038, 1.7260515197723327, 1.7253139248352969, 1.7251378966715627, 1.7248039017459433, 1.7248222724066111, 1.7248387771522353, 1.724571604050233, 1.7244833886981727, 1.7242951046727701, 1.7242986525227886, 1.7242525923467114, 1.724211104647191, 1.7241964194483175], "val_nll": [4.331554412841797, 3.7226152420043945, 3.3896076679229736, 3.3297173976898193, 3.0066378116607666, 2.862281560897827, 2.9563183784484863, 2.6642379760742188, 2.6415629386901855, 2.579577922821045, 2.4545722007751465, 2.4105019569396973, 2.400900363922119, 2.3994340896606445, 2.401681661605835, 2.3350985050201416, 2.26789927482605, 2.2638492584228516, 2.3003249168395996, 2.299708843231201, 2.2243666648864746, 2.2933075428009033, 2.1863410472869873, 2.2175323963165283, 2.2212138175964355, 2.2455532550811768, 2.217287540435791, 2.2168962955474854, 2.194122076034546, 2.1438050270080566, 2.206963539123535, 2.1588120460510254, 2.1111481189727783, 2.1735410690307617, 2.110352039337158, 2.122770071029663, 2.1538197994232178, 2.12689471244812, 2.095881223678589, 2.0858864784240723, 2.1696698665618896, 2.0834498405456543, 2.092308282852173, 2.136819362640381, 2.1017558574676514, 2.1109039783477783, 2.0899906158447266, 2.076831817626953, 2.0775530338287354, 2.086533784866333, 2.0871267318725586, 2.087954044342041, 2.0901918411254883, 2.077807903289795, 2.0801963806152344, 2.073127508163452, 2.06634521484375, 2.0790481567382812, 2.0766489505767822, 2.0773067474365234, 2.079679012298584, 2.0827724933624268, 2.0748674869537354, 2.08005952835083, 2.071166515350342, 2.084055185317993, 2.081465244293213, 2.075765371322632, 2.076508045196533, 2.072798490524292, 2.0764081478118896, 2.0738372802734375, 2.0745491981506348, 2.0730862617492676, 2.072700023651123, 2.0724031925201416, 2.0698039531707764, 2.0699853897094727, 2.0703864097595215, 2.071162462234497, 2.070103406906128, 2.0701229572296143, 2.0703184604644775, 2.0722362995147705, 2.070905923843384, 2.07122802734375, 2.071981906890869, 2.0721938610076904, 2.0716850757598877, 2.07137393951416, 2.0716471672058105, 2.071563243865967, 2.071425199508667, 2.0710744857788086, 2.071406364440918, 2.0712954998016357, 2.071314811706543, 2.071298837661743, 2.0712857246398926, 2.0712730884552]},