{
  "n_samples": 2494,
  "mae_myr": 82.43278697793052,
  "median_ae_myr": 15.705741882324219,
  "rmse_myr": 193.2245447956276,
  "log_mae_dex": 0.18103034269446006,
  "log_bias_dex": 0.034941580978585816,
  "log_scatter_dex": 0.33383785822244205,
  "correlation": 0.8401506356045034
}