{
  "n_samples": 2494,
  "mae_dex": 1.1669129053562246,
  "median_ae_dex": 1.0908011292915987,
  "rmse_dex": 1.403397128457465,
  "bias_dex": -0.45047937837741225,
  "scatter_dex": 1.3291319835965723,
  "correlation": 0.014422319989917953
}