{
  "n_samples": 2494,
  "mae_dex": 0.44300682340078057,
  "median_ae_dex": 0.2686842520102102,
  "rmse_dex": 0.6661435893725076,
  "bias_dex": -0.11142225165600163,
  "scatter_dex": 0.656758984329864,
  "correlation": 0.699473784099418
}