{
  "n_samples": 7154,
  "mae_myr": 66.58942002593722,
  "median_ae_myr": 9.204410552978516,
  "rmse_myr": 190.02925825833208,
  "log_mae_dex": 0.13969026823637076,
  "log_bias_dex": 0.002119610796447245,
  "log_scatter_dex": 0.33989514304113516,
  "correlation": 0.8303008324059491
}