{
  "n_samples": 7156,
  "mae_myr": 104.6509982426397,
  "median_ae_myr": 20.800708770751953,
  "rmse_myr": 225.62890006836582,
  "log_mae_dex": 0.2251260102624888,
  "log_bias_dex": 0.002134321324328492,
  "log_scatter_dex": 0.40158695829623176,
  "correlation": 0.7576897812322207
}