{
  "n_samples": 6437,
  "mae_myr": 254.54674184435325,
  "median_ae_myr": 160.0438232421875,
  "rmse_myr": 359.325248625688,
  "log_mae_dex": 0.4898702989823137,
  "log_bias_dex": 0.004365414155888039,
  "log_scatter_dex": 0.631819253982213,
  "correlation": 0.34430417353213627
}